frame,timestamp,nose_x,nose_y,nose_z,nose_visibility,left_shoulder_x,left_shoulder_y,left_shoulder_z,left_shoulder_visibility,right_shoulder_x,right_shoulder_y,right_shoulder_z,right_shoulder_visibility,left_elbow_x,left_elbow_y,left_elbow_z,left_elbow_visibility,right_elbow_x,right_elbow_y,right_elbow_z,right_elbow_visibility,left_wrist_x,left_wrist_y,left_wrist_z,left_wrist_visibility,right_wrist_x,right_wrist_y,right_wrist_z,right_wrist_visibility,left_hip_x,left_hip_y,left_hip_z,left_hip_visibility,right_hip_x,right_hip_y,right_hip_z,right_hip_visibility,left_knee_x,left_knee_y,left_knee_z,left_knee_visibility,right_knee_x,right_knee_y,right_knee_z,right_knee_visibility,left_ankle_x,left_ankle_y,left_ankle_z,left_ankle_visibility,right_ankle_x,right_ankle_y,right_ankle_z,right_ankle_visibility,left_foot_x,left_foot_y,left_foot_z,left_foot_visibility,right_foot_x,right_foot_y,right_foot_z,right_foot_visibility
1,0.03333333333333333,0.36965498328208923,0.1430908441543579,-0.29028263688087463,0.9999939799308777,0.41278916597366333,0.2231549322605133,-0.12308508157730103,0.9999934434890747,0.3341866433620453,0.2139524221420288,-0.05358431488275528,0.9999388456344604,0.4494771361351013,0.29553765058517456,-0.09688954800367355,0.8361027836799622,0.31013455986976624,0.2556101679801941,0.07429737597703934,0.9079504013061523,0.4194631576538086,0.3486422896385193,-0.1644415557384491,0.8031657338142395,0.3208998739719391,0.33699673414230347,0.0758650004863739,0.8611674904823303,0.40390196442604065,0.43896567821502686,-0.01906639337539673,0.9999744892120361,0.3551003336906433,0.44019028544425964,0.018948907032608986,0.9999184608459473,0.396790087223053,0.6020092368125916,-0.007164193782955408,0.7611924409866333,0.3609502613544464,0.5714689493179321,0.00846085324883461,0.56232088804245,0.3776051700115204,0.7421591281890869,0.12807974219322205,0.8124164342880249,0.35478127002716064,0.5089902877807617,0.36113008856773376,0.3657170534133911,0.3780443072319031,0.7889915704727173,0.04449134320020676,0.8518407940864563,0.35728901624679565,0.5179015398025513,0.38015180826187134,0.44067591428756714
2,0.06666666666666667,0.3696088194847107,0.14668333530426025,-0.27532559633255005,0.9999890327453613,0.4128779470920563,0.22331203520298004,-0.08843544125556946,0.9999915361404419,0.33422428369522095,0.21400724351406097,-0.04843122139573097,0.9999328255653381,0.44948118925094604,0.2954707741737366,-0.053327977657318115,0.8416025042533875,0.31043171882629395,0.2555377781391144,0.06891074776649475,0.8968804478645325,0.4193643033504486,0.34867289662361145,-0.12693068385124207,0.8143433928489685,0.321211040019989,0.3380507528781891,0.05790676549077034,0.8681104183197021,0.40390434861183167,0.4389667809009552,-0.01086400169879198,0.9999489188194275,0.3551660180091858,0.4407963752746582,0.010723508894443512,0.9998454451560974,0.3968135118484497,0.6014816761016846,0.004033876582980156,0.7625477910041809,0.36098548769950867,0.5720555186271667,-0.015990648418664932,0.5424524545669556,0.37787967920303345,0.741334080696106,0.1370467245578766,0.8138143420219421,0.35697001218795776,0.5144141912460327,0.34128090739250183,0.33114731311798096,0.3780299425125122,0.7883222103118896,0.05480547621846199,0.8452882170677185,0.36097416281700134,0.5230433940887451,0.36380836367607117,0.40022969245910645
3,0.1,0.369586706161499,0.14844143390655518,-0.2720966339111328,0.9999840259552002,0.41294804215431213,0.22345852851867676,-0.08387089520692825,0.9999898076057434,0.33424264192581177,0.2140313684940338,-0.04619506746530533,0.9999271631240845,0.44948306679725647,0.2954101860523224,-0.05024275928735733,0.8464559316635132,0.31056907773017883,0.2555031478404999,0.06586528569459915,0.8863478899002075,0.4193340837955475,0.3486785292625427,-0.12702764570713043,0.824587345123291,0.32139235734939575,0.3386635184288025,0.05031655356287956,0.8740173578262329,0.40391239523887634,0.4389670491218567,-0.008340442553162575,0.9999253153800964,0.3552282750606537,0.4411676228046417,0.008195539005100727,0.9997782707214355,0.39683401584625244,0.6011669635772705,0.006633752025663853,0.7620775699615479,0.36101123690605164,0.5724720358848572,-0.022734032943844795,0.5233582258224487,0.37806767225265503,0.7407734990119934,0.14168548583984375,0.8132416009902954,0.3579455018043518,0.5168268084526062,0.33525893092155457,0.2999304533004761,0.3780158460140228,0.7878566980361938,0.059663452208042145,0.8373520374298096,0.36260610818862915,0.5260356664657593,0.3573806583881378,0.3636306822299957
4,0.13333333333333333,0.36955907940864563,0.14935363829135895,-0.2712751030921936,0.9999796152114868,0.41299909353256226,0.22358368337154388,-0.08295537531375885,0.999988317489624,0.3342592418193817,0.21404807269573212,-0.045581746846437454,0.9999224543571472,0.4494851529598236,0.29535433650016785,-0.049005307257175446,0.8506479263305664,0.3106626868247986,0.25547951459884644,0.06393692642450333,0.8770472407341003,0.41931623220443726,0.34868091344833374,-0.1259082853794098,0.8337788581848145,0.32151150703430176,0.33904850482940674,0.04684777185320854,0.8794378042221069,0.4039173126220703,0.4389704465866089,-0.007376959081739187,0.9999043345451355,0.3552681505680084,0.44144031405448914,0.007231174502521753,0.9997190833091736,0.3968501091003418,0.6009318828582764,0.008143854327499866,0.7612233757972717,0.3610221743583679,0.572698712348938,-0.024382811039686203,0.5058708190917969,0.37819403409957886,0.7403694987297058,0.1450105607509613,0.8120583295822144,0.3583700656890869,0.5178489089012146,0.33352670073509216,0.2718141973018646,0.37798717617988586,0.7874972820281982,0.06333692371845245,0.8294653296470642,0.3630749583244324,0.5267288088798523,0.3553982079029083,0.3306530714035034
5,0.16666666666666666,0.3695403039455414,0.14976024627685547,-0.2830114960670471,0.9999777674674988,0.4130646288394928,0.22369907796382904,-0.08959811925888062,0.9999876022338867,0.3342675566673279,0.2140578180551529,-0.04565400630235672,0.9999204277992249,0.44950538873672485,0.29535171389579773,-0.05632534623146057,0.8566004633903503,0.3107364773750305,0.2554728090763092,0.06968490034341812,0.8699911236763,0.41929930448532104,0.34868574142456055,-0.1393583118915558,0.8428849577903748,0.3216084837913513,0.33932697772979736,0.06363700330257416,0.8853365778923035,0.4039379060268402,0.4389691948890686,-0.008474708534777164,0.9998891353607178,0.35531067848205566,0.44162511825561523,0.008334169164299965,0.9996747374534607,0.39684608578681946,0.6007764339447021,0.007011414971202612,0.7589375376701355,0.3610261380672455,0.5727484226226807,-0.01724117621779442,0.48927533626556396,0.37827107310295105,0.7401217818260193,0.14225076138973236,0.813123345375061,0.35861706733703613,0.5188490748405457,0.3572863042354584,0.24645526707172394,0.3779705762863159,0.7872706651687622,0.060519833117723465,0.8263154625892639,0.3629107177257538,0.5268322229385376,0.379814475774765,0.30119580030441284
6,0.2,0.36952248215675354,0.14999647438526154,-0.2884955406188965,0.9999762177467346,0.41311079263687134,0.2237776815891266,-0.09219243377447128,0.9999869465827942,0.334276020526886,0.21406058967113495,-0.04661023989319801,0.9999188184738159,0.44952601194381714,0.2953473925590515,-0.06053109094500542,0.8617496490478516,0.31078270077705383,0.2554631233215332,0.07230012118816376,0.8639076352119446,0.4192878305912018,0.3486878275871277,-0.14460808038711548,0.8507868647575378,0.32168048620224,0.33951446413993835,0.0704088807106018,0.8907518982887268,0.4039538502693176,0.4389663338661194,-0.009204921312630177,0.9998757839202881,0.3553462624549866,0.4417414367198944,0.009067278355360031,0.9996359944343567,0.39684394001960754,0.6006566286087036,0.005902624689042568,0.7571558356285095,0.3610270917415619,0.5727683305740356,-0.01052558608353138,0.4745204448699951,0.3783285617828369,0.7399733066558838,0.14081977307796478,0.8146000504493713,0.35870903730392456,0.5192388892173767,0.3647086024284363,0.2236344814300537,0.37795788049697876,0.7871432900428772,0.05952569842338562,0.8240842223167419,0.36275094747543335,0.5265581607818604,0.38690677285194397,0.2747125029563904
7,0.23333333333333334,0.3695089519023895,0.1501390039920807,-0.2951025664806366,0.9999751448631287,0.41314762830734253,0.2238313853740692,-0.10062136501073837,0.999986469745636,0.33428120613098145,0.21406832337379456,-0.05066637322306633,0.9999175071716309,0.4495445787906647,0.29534420371055603,-0.06619009375572205,0.8665866255760193,0.3108125627040863,0.25545719265937805,0.07354291528463364,0.8584648370742798,0.41927704215049744,0.34869545698165894,-0.14809152483940125,0.8579345941543579,0.32173222303390503,0.3396352231502533,0.07656793296337128,0.8955318927764893,0.403961718082428,0.43895649909973145,-0.009370872750878334,0.9998645186424255,0.35536354780197144,0.44180557131767273,0.009234043769538403,0.9996020197868347,0.39684242010116577,0.6005396246910095,0.0053306277841329575,0.7557024955749512,0.3610254228115082,0.5727797150611877,0.0004366399662103504,0.460947185754776,0.3783811628818512,0.7398732304573059,0.13997498154640198,0.8167833089828491,0.35873857140541077,0.5192216634750366,0.37425696849823,0.20308834314346313,0.3779534697532654,0.7870764136314392,0.05939789488911629,0.8231031894683838,0.36259037256240845,0.5262328386306763,0.39685332775115967,0.25090160965919495
8,0.26666666666666666,0.36949801445007324,0.15023764967918396,-0.29753366112709045,0.9999741911888123,0.41317495703697205,0.22387273609638214,-0.10525274276733398,0.9999859929084778,0.33428478240966797,0.21407221257686615,-0.05297475308179855,0.9999163746833801,0.44955819845199585,0.29534128308296204,-0.07021631300449371,0.8708540201187134,0.310838907957077,0.2554498314857483,0.0741017609834671,0.8536115288734436,0.4192690849304199,0.348699688911438,-0.14993280172348022,0.864287257194519,0.3217707574367523,0.33971357345581055,0.07865156978368759,0.8998687863349915,0.40396857261657715,0.4389491081237793,-0.009497681632637978,0.9998542666435242,0.3553747534751892,0.4418591856956482,0.009361190721392632,0.9995713829994202,0.39684057235717773,0.6004461646080017,0.005120401736348867,0.7536911964416504,0.361023485660553,0.5727877020835876,0.00390928378328681,0.4481741487979889,0.37842315435409546,0.7397969365119934,0.13948768377304077,0.8183156847953796,0.3587556481361389,0.5192958116531372,0.37604373693466187,0.1845613270998001,0.37794989347457886,0.7870113849639893,0.058540891855955124,0.8217913508415222,0.36247187852859497,0.5262005925178528,0.39846131205558777,0.2294078916311264
9,0.3,0.36949029564857483,0.15028859674930573,-0.30458569526672363,0.9999734163284302,0.4131990969181061,0.2239021509885788,-0.11213983595371246,0.9999856352806091,0.3342893421649933,0.2140742391347885,-0.05722741410136223,0.9999158382415771,0.44956937432289124,0.2953394651412964,-0.07978110015392303,0.8743321895599365,0.3108668029308319,0.25544506311416626,0.07403495162725449,0.8489465713500977,0.41925811767578125,0.34870100021362305,-0.1587814837694168,0.8695072531700134,0.3218012750148773,0.3397712707519531,0.07870598137378693,0.9038106799125671,0.4039778709411621,0.43894457817077637,-0.009729629382491112,0.9998465180397034,0.3553803265094757,0.4419034421443939,0.009597711265087128,0.9995482563972473,0.3968355059623718,0.6003751158714294,0.0037062163464725018,0.7521514296531677,0.3610146641731262,0.5728148818016052,0.005429925862699747,0.4379280209541321,0.3784504234790802,0.7397205829620361,0.14052747189998627,0.820165753364563,0.35873571038246155,0.5192283987998962,0.3811829686164856,0.16789628565311432,0.37794068455696106,0.7869507670402527,0.05749054625630379,0.8212748765945435,0.3623032867908478,0.5256273150444031,0.40361151099205017,0.2101328819990158
10,0.3333333333333333,0.3694831132888794,0.15033812820911407,-0.3060189485549927,0.9999727606773376,0.4132205843925476,0.22392825782299042,-0.11435566842556,0.9999853372573853,0.33429229259490967,0.21407680213451385,-0.05866297334432602,0.999915361404419,0.44958025217056274,0.29533833265304565,-0.08286556601524353,0.8775417804718018,0.3108866810798645,0.25544148683547974,0.07397229224443436,0.8445103168487549,0.4192488193511963,0.3487023115158081,-0.16097217798233032,0.874348521232605,0.3218282163143158,0.3398194909095764,0.07872739434242249,0.9072334170341492,0.40398749709129333,0.4389437437057495,-0.009877149015665054,0.9998394846916199,0.35538607835769653,0.44195112586021423,0.009748906828463078,0.9995271563529968,0.3968293070793152,0.6003297567367554,0.003551296191290021,0.7503229975700378,0.361006498336792,0.5728307366371155,0.0056044901721179485,0.4284147322177887,0.37847161293029785,0.739672064781189,0.14201004803180695,0.8214204907417297,0.3587243854999542,0.5192108154296875,0.38140201568603516,0.15288066864013672,0.3779332637786865,0.7869100570678711,0.057723551988601685,0.8203715085983276,0.36225131154060364,0.5253605842590332,0.40375369787216187,0.19274698197841644
11,0.36666666666666664,0.36947792768478394,0.15037567913532257,-0.3074827790260315,0.9999722242355347,0.41323772072792053,0.22394199669361115,-0.11643649637699127,0.9999850988388062,0.3342956304550171,0.2140789031982422,-0.05966249108314514,0.999914824962616,0.44959115982055664,0.29534056782722473,-0.08484990894794464,0.8806456327438354,0.3109073340892792,0.2554389536380768,0.07435249537229538,0.8408321142196655,0.41923922300338745,0.34870702028274536,-0.16135653853416443,0.8787010312080383,0.3218490481376648,0.3398520350456238,0.08307311683893204,0.9103569388389587,0.40399137139320374,0.4389384388923645,-0.010356837883591652,0.9998335838317871,0.35538890957832336,0.44199711084365845,0.010232977569103241,0.9995089173316956,0.39682531356811523,0.600288450717926,0.002014219295233488,0.7499646544456482,0.3609989881515503,0.5728525519371033,0.008086486719548702,0.4209631681442261,0.3784899115562439,0.7396368384361267,0.14186598360538483,0.8234323263168335,0.35871022939682007,0.5176998376846313,0.38532042503356934,0.13943232595920563,0.37792107462882996,0.7868905663490295,0.057289958000183105,0.8204224109649658,0.3620132505893707,0.5247116684913635,0.4081081449985504,0.1772112250328064
12,0.4,0.36947691440582275,0.15040740370750427,-0.3107687830924988,0.9999712109565735,0.4134262204170227,0.22397670149803162,-0.12599830329418182,0.9999848008155823,0.3342973589897156,0.21412770450115204,-0.05954601615667343,0.9999131560325623,0.44966334104537964,0.29549139738082886,-0.09755630046129227,0.8825545907020569,0.31094416975975037,0.2555544078350067,0.08363532274961472,0.8338743448257446,0.41920143365859985,0.3487069606781006,-0.17035986483097076,0.8806543946266174,0.3218521773815155,0.3399156630039215,0.10446691513061523,0.9116511940956116,0.40400028228759766,0.43887537717819214,-0.014094797894358635,0.9998284578323364,0.3553912341594696,0.44200724363327026,0.013976278714835644,0.9994921088218689,0.3968222737312317,0.6002858281135559,0.0011472782352939248,0.7480918169021606,0.3610071539878845,0.5730714797973633,0.022440152242779732,0.41108429431915283,0.37852317094802856,0.7396719455718994,0.13956746459007263,0.8254942893981934,0.35870248079299927,0.5151975154876709,0.3929150402545929,0.127273291349411,0.37792158126831055,0.7868008017539978,0.05414016172289848,0.820918083190918,0.36136049032211304,0.517772376537323,0.4156944751739502,0.16318625211715698
13,0.43333333333333335,0.3620182275772095,0.142949178814888,-0.32420483231544495,0.999957799911499,0.4061034619808197,0.21416901051998138,-0.13243259489536285,0.9999832510948181,0.3267555832862854,0.20411396026611328,-0.057846616953611374,0.9999125599861145,0.4446466565132141,0.2887327969074249,-0.1845826506614685,0.8925281763076782,0.311611533164978,0.2516360282897949,0.05192665010690689,0.828245222568512,0.4122847020626068,0.3330792188644409,-0.3460271954536438,0.890628457069397,0.3208722174167633,0.32267045974731445,0.02238743007183075,0.9172160625457764,0.39883214235305786,0.42173656821250916,-0.014018485322594643,0.9998283386230469,0.35219520330429077,0.41911494731903076,0.013923036865890026,0.9995222091674805,0.3922054171562195,0.5855877995491028,-0.016981888562440872,0.7553859353065491,0.35932403802871704,0.5286037921905518,-0.26812201738357544,0.46663370728492737,0.379884272813797,0.7203959226608276,0.17382103204727173,0.8361366391181946,0.3586304485797882,0.638382613658905,-0.026649054139852524,0.19858179986476898,0.3778327405452728,0.7790483832359314,0.0664956197142601,0.8323968052864075,0.358583927154541,0.706515371799469,-0.1060742512345314,0.23358659446239471
14,0.4666666666666667,0.3605308532714844,0.14002709090709686,-0.33173033595085144,0.9999552369117737,0.40349921584129333,0.21157178282737732,-0.13238582015037537,0.9999830722808838,0.3243453800678253,0.20093119144439697,-0.05517672747373581,0.9999150037765503,0.44301334023475647,0.28496935963630676,-0.17739269137382507,0.9022656679153442,0.3116796612739563,0.24978294968605042,0.05190793424844742,0.8294374346733093,0.41159310936927795,0.32861992716789246,-0.3347984552383423,0.900687038898468,0.32047849893569946,0.32023492455482483,0.01820116490125656,0.9234618544578552,0.39728331565856934,0.4175548851490021,-0.01392972469329834,0.999832272529602,0.3507134020328522,0.41452017426490784,0.013853320851922035,0.9995524287223816,0.39090532064437866,0.5835669040679932,-0.02252202294766903,0.7689372301101685,0.35820332169532776,0.5280947685241699,-0.26076740026474,0.5177041888237,0.38073021173477173,0.716656506061554,0.18563929200172424,0.8476801514625549,0.3584638833999634,0.6475603580474854,0.0038501513190567493,0.26491501927375793,0.3778151869773865,0.7768065333366394,0.0792807787656784,0.8444682955741882,0.3571436405181885,0.7175142168998718,-0.06906259059906006,0.2986319065093994
15,0.5,0.35746315121650696,0.13753055036067963,-0.325347363948822,0.9999547600746155,0.40126705169677734,0.20684687793254852,-0.13106882572174072,0.9999840259552002,0.3225359320640564,0.1956755369901657,-0.04891593009233475,0.9999204874038696,0.4422549605369568,0.28083887696266174,-0.18506933748722076,0.9115458726882935,0.31177636981010437,0.24788931012153625,0.05445638298988342,0.831418514251709,0.41024184226989746,0.3237348794937134,-0.33945345878601074,0.9101056456565857,0.319576621055603,0.31340840458869934,0.02969629131257534,0.927173376083374,0.39573532342910767,0.41169315576553345,-0.012073524296283722,0.9998422265052795,0.3498595952987671,0.40738508105278015,0.01204757671803236,0.9995916485786438,0.39013737440109253,0.5731852650642395,0.0142352981492877,0.782677948474884,0.35704246163368225,0.525513768196106,-0.2799270749092102,0.5655666589736938,0.3812744915485382,0.6894475221633911,0.26190927624702454,0.8524125218391418,0.3584563732147217,0.673319935798645,-0.13719944655895233,0.33720269799232483,0.37765729427337646,0.7633815407752991,0.16877888143062592,0.8522865176200867,0.357059508562088,0.7432085871696472,-0.25152039527893066,0.3676493167877197
16,0.5333333333333333,0.35703229904174805,0.13602674007415771,-0.36892229318618774,0.9999582767486572,0.40019646286964417,0.20528438687324524,-0.16174787282943726,0.9999852180480957,0.3219189941883087,0.19298075139522552,-0.06973929703235626,0.9999274015426636,0.4422551691532135,0.27788472175598145,-0.22039465606212616,0.9201309680938721,0.31177401542663574,0.24667929112911224,0.05430790036916733,0.8447194695472717,0.41011184453964233,0.3221709430217743,-0.377372145652771,0.918823778629303,0.31870731711387634,0.3115224540233612,0.03389240428805351,0.9332205653190613,0.39559683203697205,0.40993791818618774,-0.011697470210492611,0.9998495578765869,0.3498014211654663,0.40473484992980957,0.011676322668790817,0.9996284246444702,0.39011144638061523,0.571759819984436,0.04304937645792961,0.8000175356864929,0.356678307056427,0.5219227075576782,-0.2961609661579132,0.6089229583740234,0.3815751075744629,0.6872956156730652,0.32595497369766235,0.855351448059082,0.35849103331565857,0.6766394972801208,-0.14658595621585846,0.4031510055065155,0.37775975465774536,0.7610257267951965,0.22970934212207794,0.8600364923477173,0.35713836550712585,0.7454550266265869,-0.2683521509170532,0.43061384558677673
17,0.5666666666666667,0.35452398657798767,0.13688763976097107,-0.28695517778396606,0.9999595284461975,0.39901289343833923,0.20513519644737244,-0.10719998180866241,0.999986469745636,0.31998759508132935,0.19522430002689362,-0.043920744210481644,0.9999344348907471,0.44128528237342834,0.2788673937320709,-0.1778952181339264,0.92802494764328,0.3112483322620392,0.25806736946105957,-0.018883630633354187,0.8598150610923767,0.4087429940700531,0.32408761978149414,-0.3364301323890686,0.9268386363983154,0.3172193169593811,0.31506919860839844,-0.11956677585840225,0.9393106698989868,0.39434725046157837,0.4133884906768799,-0.0071118674241006374,0.9998626708984375,0.3475682735443115,0.40956979990005493,0.0070340619422495365,0.999665379524231,0.3898646831512451,0.574057400226593,0.11464132368564606,0.8193076848983765,0.3532496392726898,0.5204631090164185,-0.35806870460510254,0.6480264663696289,0.3829713463783264,0.6392259001731873,0.4950990676879883,0.7941765189170837,0.3560601472854614,0.7089558243751526,-0.3540221154689789,0.4628300368785858,0.3777506649494171,0.7118271589279175,0.42788225412368774,0.8302751183509827,0.35836994647979736,0.7606440782546997,-0.5262941122055054,0.48754775524139404
18,0.6,0.35341501235961914,0.1373630315065384,-0.2971835732460022,0.9999626278877258,0.39848700165748596,0.20542608201503754,-0.110631063580513,0.9999876022338867,0.32009249925613403,0.1965618133544922,-0.0463724210858345,0.9999408721923828,0.4411628842353821,0.27925992012023926,-0.17940744757652283,0.9351626634597778,0.31102293729782104,0.25813308358192444,0.01869388110935688,0.8735209107398987,0.4078018069267273,0.32541248202323914,-0.33118531107902527,0.9340844750404358,0.3168049454689026,0.3170228600502014,-0.015592001378536224,0.9449669122695923,0.39386868476867676,0.4152785837650299,-0.003740851301699877,0.9998751878738403,0.34673529863357544,0.4119890034198761,0.0036738223861902952,0.9996986985206604,0.3897715210914612,0.5753181576728821,0.11458512395620346,0.8370221257209778,0.35219889879226685,0.5224301815032959,-0.3568202555179596,0.6832221746444702,0.3833741843700409,0.6349824070930481,0.4932844042778015,0.7541201114654541,0.3548687696456909,0.7106062769889832,-0.34186381101608276,0.5165439248085022,0.3777402341365814,0.7058456540107727,0.4307151436805725,0.8219920992851257,0.3590605854988098,0.7615938186645508,-0.507980227470398,0.5387902855873108
19,0.6333333333333333,0.3519526422023773,0.13766635954380035,-0.22256140410900116,0.9999620318412781,0.39763057231903076,0.2056797444820404,-0.04901624098420143,0.9999883770942688,0.31975749135017395,0.2020476907491684,-0.012246009893715382,0.9999462962150574,0.44038358330726624,0.2792152464389801,-0.10279496759176254,0.9412184953689575,0.31123587489128113,0.2685743272304535,-0.029704388231039047,0.8837285041809082,0.4058343768119812,0.3289974331855774,-0.24959202110767365,0.9396008253097534,0.31595510244369507,0.3217264711856842,-0.16465571522712708,0.9460936784744263,0.393978476524353,0.4198136627674103,-0.0001391539117321372,0.9998853802680969,0.3471941351890564,0.41526803374290466,2.8653545086854137e-05,0.9997285604476929,0.38880655169487,0.5787619352340698,0.10964491218328476,0.8457114696502686,0.35277897119522095,0.5262522101402283,-0.33568277955055237,0.7148471474647522,0.38295331597328186,0.6059722304344177,0.48142775893211365,0.6804534196853638,0.35492420196533203,0.728996217250824,-0.383129745721817,0.5648284554481506,0.37583404779434204,0.6703008413314819,0.4392942488193512,0.7466034889221191,0.3590548634529114,0.7534933090209961,-0.5534413456916809,0.5848549008369446
20,0.6666666666666666,0.35112264752388,0.13779033720493317,-0.21173596382141113,0.9999616742134094,0.39680716395378113,0.2054920345544815,-0.03719829022884369,0.999988853931427,0.3196575939655304,0.2032468318939209,-0.004446892533451319,0.999951183795929,0.4394286572933197,0.2787831425666809,-0.08751941472291946,0.9465332627296448,0.3112415075302124,0.27116885781288147,-0.03906141594052315,0.8933225274085999,0.40532517433166504,0.330261766910553,-0.23388738930225372,0.9442639350891113,0.3152693808078766,0.3233696520328522,-0.19127583503723145,0.9483307600021362,0.39421096444129944,0.4226120710372925,0.000994217349216342,0.999891996383667,0.3475242853164673,0.4173828065395355,-0.0011231184471398592,0.9997551441192627,0.3879813551902771,0.5822879076004028,0.09748080372810364,0.8496297597885132,0.353196382522583,0.5344105362892151,-0.3279205560684204,0.7432655692100525,0.3819754421710968,0.605675458908081,0.46348366141319275,0.6132981777191162,0.35520726442337036,0.7333882451057434,-0.3763330280780792,0.6082254648208618,0.37139618396759033,0.6719862818717957,0.4226020276546478,0.6756771802902222,0.3590923845767975,0.7520491480827332,-0.5460954308509827,0.6262561678886414
21,0.7,0.3489904999732971,0.14865201711654663,-0.22241878509521484,0.9999632835388184,0.39565765857696533,0.21256090700626373,-0.041338834911584854,0.9999895095825195,0.31870585680007935,0.22732996940612793,-0.014035670086741447,0.9999556541442871,0.4397682547569275,0.2854039967060089,-0.06038861721754074,0.9509508609771729,0.3112945854663849,0.3058638274669647,-0.02353811264038086,0.8988593816757202,0.40579915046691895,0.3552806079387665,-0.18699252605438232,0.946384608745575,0.31323689222335815,0.3487229347229004,-0.15525880455970764,0.9492685794830322,0.3939264118671417,0.4421766996383667,0.00025210512103512883,0.9998987317085266,0.34735748171806335,0.4405686557292938,-0.0003887377097271383,0.9997790455818176,0.3871303200721741,0.6045684814453125,0.08037655800580978,0.8148158192634583,0.3534274399280548,0.5754467844963074,-0.2751161456108093,0.7673429250717163,0.38005420565605164,0.5398223400115967,0.42250895500183105,0.5521198511123657,0.3582473695278168,0.7658928036689758,-0.23524180054664612,0.6451656818389893,0.36645254492759705,0.5609888434410095,0.4137498438358307,0.6088971495628357,0.3603653609752655,0.7930615544319153,-0.3648069500923157,0.6611075401306152
22,0.7333333333333333,0.34956854581832886,0.15209922194480896,-0.217229962348938,0.9999635219573975,0.39502403140068054,0.21703703701496124,-0.028334205970168114,0.9999900460243225,0.317986398935318,0.23284775018692017,-0.017679262906312943,0.9999596476554871,0.4395880699157715,0.28688254952430725,-0.043272458016872406,0.9544828534126282,0.3114018440246582,0.3114432096481323,-0.028465453535318375,0.8998252153396606,0.4064537584781647,0.36145108938217163,-0.16653972864151,0.945136547088623,0.3128627836704254,0.35553303360939026,-0.1586560308933258,0.9462222456932068,0.39402490854263306,0.4475313723087311,0.00407919567078352,0.9999053478240967,0.34736374020576477,0.44774216413497925,-0.004224745556712151,0.9998006224632263,0.3865233361721039,0.6087528467178345,0.08602598309516907,0.7781510949134827,0.3535704016685486,0.5800718665122986,-0.2660122215747833,0.7890979647636414,0.3794364929199219,0.5417166948318481,0.4471527636051178,0.49705877900123596,0.3598353862762451,0.7683179378509521,-0.26682597398757935,0.6786144971847534,0.3657929599285126,0.5623869299888611,0.4408535063266754,0.5487408638000488,0.3615265190601349,0.793715238571167,-0.40263551473617554,0.6927474141120911
23,0.7666666666666667,0.3471698760986328,0.16298992931842804,-0.18761083483695984,0.9999648928642273,0.3924056589603424,0.22750511765480042,0.014595948159694672,0.9999904036521912,0.3156419098377228,0.24947017431259155,-0.0009625988313928246,0.9999632835388184,0.43826669454574585,0.28735554218292236,0.01855243183672428,0.9582111835479736,0.30984100699424744,0.3281075060367584,-0.02390129491686821,0.9054691791534424,0.4085671007633209,0.3686900734901428,-0.08250968158245087,0.9409725666046143,0.3098124563694,0.3701651394367218,-0.17230485379695892,0.9474679231643677,0.3927542567253113,0.4621767997741699,0.006239075679332018,0.9999117851257324,0.34621232748031616,0.4615662097930908,-0.006377062760293484,0.9998200535774231,0.38570350408554077,0.6392086744308472,0.05021560192108154,0.7833998799324036,0.3530385196208954,0.5896857976913452,-0.2737581133842468,0.8096271753311157,0.369213342666626,0.5701078772544861,0.40517157316207886,0.4482041597366333,0.36136868596076965,0.779734194278717,-0.28777265548706055,0.7100427746772766,0.34689101576805115,0.5955232381820679,0.3898955285549164,0.49699869751930237,0.36292511224746704,0.8079179525375366,-0.4262663424015045,0.7226121425628662
24,0.8,0.3458932638168335,0.16445933282375336,-0.18005098402500153,0.9999651312828064,0.3911269009113312,0.23031888902187347,0.029193591326475143,0.999990701675415,0.31456130743026733,0.2525807023048401,0.0037723821587860584,0.999966561794281,0.4374247193336487,0.2873978018760681,0.04757300391793251,0.9616745710372925,0.3088882565498352,0.3307129442691803,-0.013963242061436176,0.9112129807472229,0.4098263382911682,0.3694190979003906,-0.04017028585076332,0.9382699728012085,0.30865389108657837,0.375626802444458,-0.14739850163459778,0.9480240941047668,0.3923490643501282,0.4680660665035248,0.00977486465126276,0.999916136264801,0.34572550654411316,0.4670955240726471,-0.009917186573147774,0.9998373985290527,0.3847261369228363,0.6436091065406799,0.052971839904785156,0.788120687007904,0.35209283232688904,0.586286187171936,-0.30589795112609863,0.8282772898674011,0.36760327219963074,0.5776495337486267,0.40940648317337036,0.40413033962249756,0.36209937930107117,0.7830139398574829,-0.3399589955806732,0.7385039329528809,0.3480833172798157,0.6071773767471313,0.3965452015399933,0.4500090479850769,0.3636467754840851,0.812500536441803,-0.48683786392211914,0.7497178912162781
25,0.8333333333333334,0.34427058696746826,0.17832520604133606,-0.2028122842311859,0.9999678730964661,0.39034995436668396,0.24119091033935547,0.00850521121174097,0.999991238117218,0.31345027685165405,0.26277467608451843,-0.0060539268888533115,0.9999693036079407,0.4346140921115875,0.2905220091342926,0.0693090558052063,0.9642911553382874,0.30738818645477295,0.3454880118370056,-0.06365232169628143,0.9109541177749634,0.41090092062950134,0.3775520622730255,0.001426472095772624,0.9435998201370239,0.3074626326560974,0.3847653567790985,-0.2555610239505768,0.9509679079055786,0.39087334275245667,0.4732438027858734,0.011715919710695744,0.9999226331710815,0.34446001052856445,0.47284752130508423,-0.01187206245958805,0.9998528957366943,0.38274332880973816,0.6420394778251648,0.03488176316022873,0.7849661707878113,0.35070618987083435,0.6126621961593628,-0.16110727190971375,0.8422440886497498,0.3649618923664093,0.5894259810447693,0.39910659193992615,0.3646971583366394,0.36270609498023987,0.7919445633888245,-0.13680815696716309,0.7619866728782654,0.3503068685531616,0.6259289383888245,0.3932967185974121,0.4083445966243744,0.3641587197780609,0.8288459777832031,-0.2659512162208557,0.7706498503684998
26,0.8666666666666667,0.3432985246181488,0.17973259091377258,-0.19799131155014038,0.9999696016311646,0.3904227018356323,0.244416743516922,0.01989753171801567,0.9999915957450867,0.3117167353630066,0.2672467827796936,-0.009917564690113068,0.9999716877937317,0.43316298723220825,0.2921035587787628,0.10150109231472015,0.966456413269043,0.30631619691848755,0.351892352104187,-0.08410577476024628,0.9109704494476318,0.41117891669273376,0.3793101906776428,0.05462303012609482,0.9484548568725586,0.3076271712779999,0.3890441954135895,-0.286804735660553,0.9533144235610962,0.3908141255378723,0.4760158061981201,0.015451470389962196,0.9999285936355591,0.3438693583011627,0.47587478160858154,-0.015597979538142681,0.9998670220375061,0.3820410668849945,0.6455212235450745,0.03797159343957901,0.7863837480545044,0.34956297278404236,0.6126899123191833,-0.20873336493968964,0.8564805388450623,0.36142605543136597,0.5944892168045044,0.41298311948776245,0.32918283343315125,0.3631381392478943,0.7913719415664673,-0.16924040019512177,0.7841245532035828,0.3444584012031555,0.6337792873382568,0.40866154432296753,0.37085676193237305,0.3646359145641327,0.8313295841217041,-0.2976522147655487,0.7911704778671265
27,0.9,0.34268349409103394,0.18361368775367737,-0.20578162372112274,0.999972403049469,0.3903394341468811,0.2474222183227539,0.003573018591850996,0.999992311000824,0.3115435242652893,0.27309030294418335,-0.01640462502837181,0.9999741911888123,0.4299720823764801,0.2918316423892975,0.11717872321605682,0.9689421653747559,0.3050324320793152,0.36288392543792725,-0.08598928153514862,0.9128933548927307,0.4126715064048767,0.3778853118419647,0.101495161652565,0.9533587098121643,0.3079712390899658,0.3951999545097351,-0.2866293787956238,0.9569770097732544,0.3895151913166046,0.4785512685775757,0.01264926977455616,0.9999342560768127,0.34267085790634155,0.48125919699668884,-0.012796829454600811,0.9998793601989746,0.3810639977455139,0.6423377394676208,-0.036412741988897324,0.7865471839904785,0.3498667776584625,0.634546160697937,-0.017526881769299507,0.8555764555931091,0.3628917336463928,0.5934442281723022,0.34465065598487854,0.2972242534160614,0.363767147064209,0.7911597490310669,0.1131954938173294,0.791441798210144,0.35247939825057983,0.636694073677063,0.3950112462043762,0.336737722158432,0.36470502614974976,0.840942919254303,0.03391055390238762,0.7883703708648682
28,0.9333333333333333,0.3427513837814331,0.18526966869831085,-0.21130327880382538,0.9999746680259705,0.39013102650642395,0.2500392198562622,-0.005677676759660244,0.9999929070472717,0.31079933047294617,0.27679410576820374,-0.027181530371308327,0.9999763369560242,0.42921265959739685,0.29166534543037415,0.1132177859544754,0.9710779190063477,0.30446505546569824,0.36821603775024414,-0.09410902112722397,0.9124823808670044,0.41333135962486267,0.3777462840080261,0.10688646137714386,0.9576952457427979,0.3082534074783325,0.39776691794395447,-0.293643593788147,0.9596686959266663,0.38910290598869324,0.47838112711906433,0.011261486448347569,0.9999392032623291,0.34214285016059875,0.4825739860534668,-0.01141877006739378,0.9998903870582581,0.38078269362449646,0.6405106782913208,-0.03645014390349388,0.7748165726661682,0.3500261902809143,0.6366099715232849,-0.0195078793913126,0.8477333784103394,0.36604076623916626,0.591890275478363,0.3320651650428772,0.268155962228775,0.3638993203639984,0.7917028665542603,0.08756066858768463,0.7950391173362732,0.36236780881881714,0.6357874274253845,0.36397820711135864,0.30513930320739746,0.36517268419265747,0.8387303948402405,0.001544973230920732,0.7825764417648315
29,0.9666666666666667,0.34256529808044434,0.18128053843975067,-0.2498614341020584,0.9999741315841675,0.3888855576515198,0.24695618450641632,-0.008920799009501934,0.9999924898147583,0.30870091915130615,0.27097147703170776,-0.0726562887430191,0.9999768137931824,0.42213860154151917,0.2818065285682678,0.11072151362895966,0.9703930020332336,0.29442501068115234,0.36551186442375183,-0.16922232508659363,0.919499397277832,0.41064268350601196,0.3682199716567993,0.11341877281665802,0.9590047001838684,0.31011730432510376,0.39030519127845764,-0.3894389271736145,0.9630573987960815,0.38543564081192017,0.47484344244003296,0.014000162482261658,0.9999396800994873,0.338804692029953,0.4771181643009186,-0.014211145229637623,0.999894917011261,0.37648478150367737,0.6115261316299438,-0.13644079864025116,0.7920169234275818,0.34909123182296753,0.6317969560623169,-0.032808251678943634,0.8429631590843201,0.3670958876609802,0.7328684329986572,0.09292692691087723,0.30946385860443115,0.36205458641052246,0.785860002040863,0.13266153633594513,0.8040111064910889,0.3653610944747925,0.7886505722999573,0.008288132958114147,0.34485822916030884,0.3643167018890381,0.8404601812362671,0.02419332228600979,0.7878644466400146
30,1.0,0.3427022695541382,0.1792609542608261,-0.2460058629512787,0.9999749660491943,0.3881104588508606,0.24600255489349365,-0.011612980626523495,0.9999924898147583,0.30794382095336914,0.2693064212799072,-0.07560531049966812,0.9999781250953674,0.42029517889022827,0.2771247923374176,0.11459217965602875,0.9703436493873596,0.2933468222618103,0.36473363637924194,-0.1751643568277359,0.925670325756073,0.4088713526725769,0.3629269003868103,0.12253192812204361,0.9607879519462585,0.31315696239471436,0.38607877492904663,-0.3931959271430969,0.9662099480628967,0.3841513991355896,0.4721216559410095,0.01582217589020729,0.9999426603317261,0.33742478489875793,0.47556835412979126,-0.016044605523347855,0.999902606010437,0.3756025731563568,0.6032480001449585,-0.15708686411380768,0.8086020946502686,0.34917178750038147,0.6321244835853577,-0.03513837233185768,0.84649658203125,0.37172892689704895,0.7256531715393066,0.12184597551822662,0.3195085823535919,0.36197397112846375,0.7836987972259521,0.11183036863803864,0.815349817276001,0.36487406492233276,0.795086681842804,0.07176920771598816,0.3573574423789978,0.3642999827861786,0.8428636193275452,0.010470123030245304,0.7949255108833313
31,1.0333333333333334,0.34290334582328796,0.1715010106563568,-0.2532898485660553,0.9999765753746033,0.3881027102470398,0.23709441721439362,-0.010203754529356956,0.9999923706054688,0.30852586030960083,0.2678678035736084,-0.07676157355308533,0.9999788999557495,0.41433119773864746,0.273621529340744,0.09990616887807846,0.971287190914154,0.29156991839408875,0.3577709496021271,-0.18794606626033783,0.9322827458381653,0.40484413504600525,0.35697343945503235,0.07730087637901306,0.962884247303009,0.31317955255508423,0.3709365427494049,-0.4134584963321686,0.9687900543212891,0.3827607035636902,0.45938238501548767,0.014861829578876495,0.9999456405639648,0.3371674418449402,0.4721934497356415,-0.015087882988154888,0.9999091625213623,0.3733198046684265,0.5668076872825623,-0.26416152715682983,0.8271108865737915,0.34907710552215576,0.6269909739494324,-0.041810907423496246,0.8557379245758057,0.37059733271598816,0.7025623917579651,-0.06143699958920479,0.37307414412498474,0.36106497049331665,0.7805271744728088,0.09487374126911163,0.8299843072891235,0.36622318625450134,0.768714964389801,-0.1519543081521988,0.40888887643814087,0.3627665340900421,0.8360804915428162,-0.023633170872926712,0.8090437650680542
32,1.0666666666666667,0.34293800592422485,0.1678532212972641,-0.2605586051940918,0.9999776482582092,0.3880729079246521,0.23259422183036804,-0.009439817629754543,0.9999921321868896,0.30789679288864136,0.2655200958251953,-0.0866234079003334,0.9999793171882629,0.41296786069869995,0.272647500038147,0.11398489773273468,0.9713835716247559,0.2902860641479492,0.356537789106369,-0.20369455218315125,0.9381610751152039,0.403853178024292,0.3550146222114563,0.10690069198608398,0.9643473029136658,0.31342366337776184,0.36500540375709534,-0.43026894330978394,0.9711159467697144,0.3826174736022949,0.4552357494831085,0.014848855324089527,0.9999479651451111,0.3369111120700836,0.47066324949264526,-0.015092196874320507,0.9999144673347473,0.37208399176597595,0.5670179724693298,-0.2634943723678589,0.8432922959327698,0.34904342889785767,0.625079870223999,-0.04686339572072029,0.8588846325874329,0.36903971433639526,0.7050893902778625,-0.07705385237932205,0.4179925322532654,0.360916405916214,0.7795013189315796,0.08087760955095291,0.8412635922431946,0.3664388954639435,0.7732009291648865,-0.1729888617992401,0.45294132828712463,0.3621891736984253,0.8346484899520874,-0.0406491793692112,0.8196128606796265
33,1.1,0.34309113025665283,0.16276052594184875,-0.2590230703353882,0.9999786615371704,0.3881932199001312,0.22678035497665405,-0.01052951905876398,0.9999914169311523,0.30824416875839233,0.2553914487361908,-0.08225738257169724,0.9999792575836182,0.41030389070510864,0.2706870138645172,0.11330292373895645,0.9718127250671387,0.2897602617740631,0.3508129417896271,-0.1869584619998932,0.9434128403663635,0.40196266770362854,0.35433003306388855,0.1190841943025589,0.9659445881843567,0.3134087920188904,0.3574681580066681,-0.40147852897644043,0.9735150933265686,0.38171690702438354,0.4469590485095978,0.013994897715747356,0.999944806098938,0.33585038781166077,0.46125951409339905,-0.01426147110760212,0.9999116063117981,0.37043124437332153,0.5698137283325195,-0.24429264664649963,0.8563653230667114,0.3486962616443634,0.6147483587265015,-0.03056884929537773,0.8412393927574158,0.36492782831192017,0.7369145154953003,-0.10358123481273651,0.45816919207572937,0.35927271842956543,0.761055588722229,0.10206615924835205,0.8401793241500854,0.3636370301246643,0.7898122072219849,-0.2120896577835083,0.492867648601532,0.3580976724624634,0.8134317994117737,-0.011538253165781498,0.8194361925125122
34,1.1333333333333333,0.3431917428970337,0.16007542610168457,-0.2541566789150238,0.9999791383743286,0.38825732469558716,0.22349193692207336,-0.009408175013959408,0.9999906420707703,0.30846741795539856,0.25022441148757935,-0.0770689994096756,0.9999790191650391,0.41028761863708496,0.26977303624153137,0.11296151578426361,0.9721516966819763,0.2890598177909851,0.3464416563510895,-0.17698566615581512,0.9480604529380798,0.4014398455619812,0.3545100688934326,0.11316895484924316,0.9674612879753113,0.31336864829063416,0.35460567474365234,-0.3858618438243866,0.9755684733390808,0.3813767433166504,0.4435214698314667,0.013812676072120667,0.999943733215332,0.33552467823028564,0.4564771354198456,-0.0140640614554286,0.9999120235443115,0.3690473735332489,0.5710326433181763,-0.22389943897724152,0.8688575029373169,0.347791463136673,0.6138387322425842,-0.03031952679157257,0.8376193642616272,0.36429858207702637,0.7357378602027893,-0.04888935387134552,0.49422842264175415,0.3582483232021332,0.7538389563560486,0.11129273474216461,0.8456056714057922,0.36188480257987976,0.7912156581878662,-0.1446872353553772,0.5275052785873413,0.3560625910758972,0.8069664835929871,0.002653934294357896,0.8242440223693848
35,1.1666666666666667,0.343243807554245,0.15855169296264648,-0.21382851898670197,0.9999806880950928,0.3887682259082794,0.22229017317295074,-0.0024192719720304012,0.9999907612800598,0.30861473083496094,0.2479194849729538,-0.031855080276727676,0.9999781847000122,0.409050315618515,0.2700651288032532,0.1013130322098732,0.9725595116615295,0.28854483366012573,0.33887550234794617,-0.08915300667285919,0.9487707018852234,0.3990510106086731,0.3580397665500641,0.0854240134358406,0.9690684080123901,0.31319156289100647,0.35770800709724426,-0.2651941478252411,0.9747774004936218,0.3801202178001404,0.4439643919467926,0.006320590618997812,0.9999374151229858,0.33387693762779236,0.45606696605682373,-0.006556316278874874,0.9998987317085266,0.3676580786705017,0.5757434368133545,-0.17677217721939087,0.8742581009864807,0.3478474020957947,0.6137111783027649,-0.015584397129714489,0.8029308915138245,0.3579583764076233,0.759158730506897,-0.1106981486082077,0.529697835445404,0.35860711336135864,0.755249559879303,0.11580716073513031,0.8163655400276184,0.35480204224586487,0.7836555242538452,-0.2420967072248459,0.5618796348571777,0.3542114198207855,0.7904040813446045,0.01767733320593834,0.8006439208984375
36,1.2,0.34339243173599243,0.15799164772033691,-0.21122512221336365,0.9999821186065674,0.38914570212364197,0.22099892795085907,-0.0028917226009070873,0.9999908804893494,0.3086494505405426,0.24720823764801025,-0.022385435178875923,0.9999777674674988,0.4089815616607666,0.2707325518131256,0.09896346926689148,0.9733178019523621,0.28874701261520386,0.3351362943649292,-0.0814383253455162,0.9498388171195984,0.3986395001411438,0.3591601550579071,0.08320727944374084,0.970822274684906,0.3127879500389099,0.3615048825740814,-0.26622918248176575,0.9749400615692139,0.37983331084251404,0.4436207115650177,0.002087714383378625,0.9999326467514038,0.33331480622291565,0.45545879006385803,-0.0023156232200562954,0.9998902082443237,0.367366760969162,0.5792739987373352,-0.1643187701702118,0.8788749575614929,0.3478449583053589,0.61330646276474,-0.02284836210310459,0.7765816450119019,0.3566209375858307,0.7591305375099182,-0.09921039640903473,0.5595883727073669,0.3587549328804016,0.756487250328064,0.09093828499317169,0.7995734810829163,0.3526296019554138,0.7858149409294128,-0.22877268493175507,0.5914368629455566,0.3530961275100708,0.7926645278930664,-0.013504664413630962,0.7880235314369202
37,1.2333333333333334,0.34421950578689575,0.15848608314990997,-0.21993187069892883,0.9999837875366211,0.39008641242980957,0.22159737348556519,-0.03792543336749077,0.9999912977218628,0.30876433849334717,0.24725089967250824,-0.033535946160554886,0.9999755620956421,0.40723976492881775,0.28219127655029297,0.021082572638988495,0.971343457698822,0.2860121726989746,0.33409231901168823,-0.04620422050356865,0.9494810104370117,0.3978540301322937,0.365744024515152,-0.02811909094452858,0.9691975116729736,0.31103745102882385,0.37391823530197144,-0.14100077748298645,0.9718127846717834,0.37870675325393677,0.444333553314209,-0.012732562609016895,0.9999312162399292,0.3311127722263336,0.45715445280075073,0.012492133304476738,0.9998701810836792,0.3663487136363983,0.5865383744239807,-0.18919096887111664,0.8874302506446838,0.3468729853630066,0.6036954522132874,0.16758079826831818,0.7231364250183105,0.35368579626083374,0.7744659185409546,-0.2281808853149414,0.6021705865859985,0.35248464345932007,0.6382623314857483,0.4638589918613434,0.7254071235656738,0.3468632102012634,0.7962960004806519,-0.37678903341293335,0.6313649415969849,0.3424232304096222,0.6735163927078247,0.44884926080703735,0.726253092288971
38,1.2666666666666666,0.34477168321609497,0.1588573306798935,-0.22293047606945038,0.9999853372573853,0.39056092500686646,0.2221422791481018,-0.039859890937805176,0.999991774559021,0.3088681101799011,0.2475339025259018,-0.03796498104929924,0.9999739527702332,0.40633273124694824,0.28684180974960327,0.025410184636712074,0.9706702828407288,0.28517934679985046,0.3337627947330475,-0.04717453569173813,0.9496434926986694,0.39724183082580566,0.3691263794898987,-0.016411740332841873,0.969049870967865,0.31033462285995483,0.3778924345970154,-0.14469318091869354,0.9692643880844116,0.3784199059009552,0.4446532428264618,-0.014568107202649117,0.9999307990074158,0.3303493559360504,0.4580252468585968,0.014323810115456581,0.9998547434806824,0.365888774394989,0.5917437076568604,-0.18561817705631256,0.8958140015602112,0.3465021848678589,0.6013242602348328,0.16549116373062134,0.679423451423645,0.3524116277694702,0.7773790955543518,-0.22490966320037842,0.640828013420105,0.3502602279186249,0.6322710514068604,0.4605904519557953,0.6606820225715637,0.3459921181201935,0.7956684827804565,-0.3731766939163208,0.6674989461898804,0.34285178780555725,0.6793091297149658,0.44545698165893555,0.6752741932868958
39,1.3,0.3459748327732086,0.17060798406600952,-0.24833226203918457,0.999986469745636,0.3925241529941559,0.2501584589481354,-0.06620517373085022,0.9999919533729553,0.3089001178741455,0.2573454678058624,-0.039129871875047684,0.9999739527702332,0.4071258008480072,0.3222389817237854,-0.011177660897374153,0.9727664589881897,0.28606003522872925,0.34269189834594727,-0.02751862071454525,0.9537401795387268,0.3973998427391052,0.3959362506866455,-0.06656278669834137,0.9715847373008728,0.30783337354660034,0.4211421012878418,-0.13120652735233307,0.9719516038894653,0.3763807415962219,0.4725368618965149,-0.014945700764656067,0.9999247193336487,0.3290374279022217,0.4799172580242157,0.014727862551808357,0.9998394846916199,0.36435985565185547,0.6205949783325195,-0.11265958845615387,0.903369665145874,0.34497952461242676,0.6300262212753296,0.1155075803399086,0.6783247590065002,0.34856754541397095,0.7939696311950684,-0.10728311538696289,0.6754022240638733,0.34547895193099976,0.6758588552474976,0.40349525213241577,0.6333430409431458,0.34094956517219543,0.8340186476707458,-0.21539075672626495,0.6994872093200684,0.34024184942245483,0.7213187217712402,0.3709143400192261,0.6607256531715393
40,1.3333333333333333,0.34661251306533813,0.1723342090845108,-0.24562573432922363,0.9999876618385315,0.3937593400478363,0.2557309567928314,-0.05835963040590286,0.999992311000824,0.3089732229709625,0.26055485010147095,-0.040211115032434464,0.99997478723526,0.40774235129356384,0.32621875405311584,0.004679360426962376,0.974354088306427,0.28635069727897644,0.3435825705528259,-0.029021207243204117,0.9575179815292358,0.3975261151790619,0.3996061682701111,-0.042960260063409805,0.9736724495887756,0.3065025210380554,0.4270949363708496,-0.12781739234924316,0.9744119048118591,0.3754253387451172,0.47934579849243164,-0.013811049982905388,0.999918520450592,0.328823983669281,0.48713213205337524,0.013582092709839344,0.9998220801353455,0.36384063959121704,0.6272803544998169,-0.12847164273262024,0.9093713164329529,0.34466204047203064,0.6384670734405518,0.13785621523857117,0.6659301519393921,0.3468814790248871,0.7999461889266968,-0.1180238276720047,0.706259548664093,0.34438633918762207,0.6783402562141418,0.43512439727783203,0.5929620265960693,0.3420219421386719,0.8313747048377991,-0.25367599725723267,0.7282629013061523,0.3434775173664093,0.7279755473136902,0.4095509648323059,0.6331281661987305
41,1.3666666666666667,0.34700602293014526,0.18266502022743225,-0.21869635581970215,0.9999884963035583,0.39386337995529175,0.26784586906433105,-0.02109323814511299,0.9999923706054688,0.3090309500694275,0.2661212384700775,-0.02979573979973793,0.9999739527702332,0.4133071303367615,0.34640684723854065,0.023403635248541832,0.9750980734825134,0.2865316569805145,0.34933313727378845,-0.01648804359138012,0.9605151414871216,0.3989453911781311,0.4169050455093384,-0.03723229840397835,0.9753000736236572,0.3041256070137024,0.4403366446495056,-0.11661235243082047,0.9762312769889832,0.3751344084739685,0.4914180338382721,-0.009149335324764252,0.9999133348464966,0.3279734253883362,0.4986094534397125,0.008931624703109264,0.9998036026954651,0.3639127314090729,0.6406052112579346,-0.1364821493625641,0.9156950116157532,0.3420020043849945,0.660533607006073,0.09170295298099518,0.668039858341217,0.3449375331401825,0.8111230731010437,-0.11020970344543457,0.7337337732315063,0.34339356422424316,0.6868679523468018,0.36828216910362244,0.550606906414032,0.3417308032512665,0.85072261095047,-0.24216270446777344,0.7535550594329834,0.34100961685180664,0.7410906553268433,0.3489757180213928,0.5964780449867249
42,1.4,0.34722861647605896,0.1866353154182434,-0.21958410739898682,0.9999894499778748,0.39432114362716675,0.270954966545105,-0.030309241265058517,0.9999926090240479,0.30907490849494934,0.26592427492141724,-0.03221139684319496,0.9999730587005615,0.4151304364204407,0.34932953119277954,0.006252471357584,0.9757831692695618,0.2867947816848755,0.3491927683353424,-0.025506701320409775,0.9628180265426636,0.40067872405052185,0.4187212288379669,-0.077150359749794,0.9766758680343628,0.30283936858177185,0.44071605801582336,-0.12154463678598404,0.9777076244354248,0.37483277916908264,0.49232664704322815,-0.008222626522183418,0.9999136328697205,0.3271910548210144,0.4991911053657532,0.008005054667592049,0.9997949004173279,0.36423981189727783,0.6404365301132202,-0.15166817605495453,0.9223589301109314,0.3401557505130768,0.6559152603149414,0.09672293812036514,0.6660346388816833,0.34373703598976135,0.8140770196914673,-0.14802612364292145,0.7595974802970886,0.33963969349861145,0.6754984259605408,0.436441034078598,0.5087986588478088,0.34128206968307495,0.8488040566444397,-0.28696340322494507,0.7775064706802368,0.3360300064086914,0.7077325582504272,0.4291626513004303,0.5631594061851501
43,1.4333333333333333,0.34747472405433655,0.19417235255241394,-0.21912527084350586,0.9999901056289673,0.39423835277557373,0.2813739776611328,-0.030306274071335793,0.9999927282333374,0.30920320749282837,0.27398958802223206,-0.007482594344764948,0.9999727606773376,0.4205480217933655,0.3641640543937683,-0.00867793895304203,0.9763620495796204,0.2862829864025116,0.3519253730773926,0.021268565207719803,0.9648248553276062,0.4021017551422119,0.42747458815574646,-0.11442204564809799,0.977907121181488,0.30028921365737915,0.4433327615261078,-0.07461193948984146,0.979099690914154,0.375053733587265,0.503774881362915,-0.011014232411980629,0.9999068975448608,0.3274248242378235,0.5111323595046997,0.010786346159875393,0.9997797608375549,0.3644861876964569,0.6505569219589233,-0.1723337471485138,0.9248380064964294,0.3398686647415161,0.6705535650253296,0.03021763265132904,0.6611382961273193,0.3430132269859314,0.81675124168396,-0.11146654188632965,0.7782443165779114,0.34756866097450256,0.7134632468223572,0.3692123591899872,0.4701542556285858,0.3403937518596649,0.8604296445846558,-0.24058201909065247,0.7946527600288391,0.3389222025871277,0.7618569135665894,0.3558838665485382,0.5258695483207703
44,1.4666666666666666,0.34787169098854065,0.19925662875175476,-0.2215905487537384,0.9999904632568359,0.39429423213005066,0.28407108783721924,-0.041177380830049515,0.9999927878379822,0.3092319965362549,0.2768058776855469,-0.003077765926718712,0.9999704360961914,0.4223424792289734,0.36625272035598755,-0.029037589207291603,0.9765429496765137,0.2861812710762024,0.35430118441581726,0.03817050904035568,0.9648794531822205,0.4029180407524109,0.4278799593448639,-0.14016206562519073,0.9787594676017761,0.29928669333457947,0.44458669424057007,-0.052325211465358734,0.9795548319816589,0.3749330937862396,0.506780207157135,-0.01629169099032879,0.9999033808708191,0.32750871777534485,0.5137909054756165,0.0160821620374918,0.9997650980949402,0.3646940588951111,0.6469139456748962,-0.1892906129360199,0.9283965229988098,0.3399699330329895,0.6705082654953003,0.02028387039899826,0.654263973236084,0.34281107783317566,0.8166123032569885,-0.1248755007982254,0.7968763709068298,0.347751647233963,0.7059048414230347,0.3660810887813568,0.43262746930122375,0.34029561281204224,0.8601846694946289,-0.24588386714458466,0.8116958737373352,0.34174835681915283,0.7381519079208374,0.35999879240989685,0.4898010790348053
45,1.5,0.3479185104370117,0.20437029004096985,-0.2636754810810089,0.9999905228614807,0.3942595422267914,0.28771746158599854,-0.07605946809053421,0.9999925494194031,0.3092673122882843,0.2787116765975952,-0.02283240482211113,0.999968409538269,0.4272457957267761,0.36937248706817627,-0.03541851043701172,0.9749218821525574,0.2854002118110657,0.35350993275642395,0.03845534846186638,0.9603855013847351,0.4023740887641907,0.4251978099346161,-0.10546133667230606,0.9775863885879517,0.29907718300819397,0.4366844892501831,-0.029533516615629196,0.9789777994155884,0.37498071789741516,0.5116589665412903,-0.014252915978431702,0.9998985528945923,0.32766538858413696,0.515878438949585,0.014049964025616646,0.9997509717941284,0.36586886644363403,0.6638500690460205,-0.0384538359940052,0.9236330986022949,0.33959540724754333,0.6650265455245972,0.002769213868305087,0.6425506472587585,0.34374454617500305,0.8223670721054077,0.048044122755527496,0.8121790885925293,0.34620043635368347,0.6650257706642151,0.3546287715435028,0.39685508608818054,0.3448168635368347,0.8630804419517517,-0.05581717938184738,0.8248029351234436,0.34341561794281006,0.6897709965705872,0.35863229632377625,0.4535689949989319
46,1.5333333333333334,0.3479819595813751,0.20469869673252106,-0.2690590023994446,0.9999905824661255,0.39422696828842163,0.28852277994155884,-0.07611416280269623,0.999992311000824,0.30977559089660645,0.2788538336753845,-0.030352890491485596,0.9999669194221497,0.4285461902618408,0.3683672249317169,-0.027903417125344276,0.9729260206222534,0.28493815660476685,0.35280928015708923,0.035764262080192566,0.9561665058135986,0.40166062116622925,0.4253988564014435,-0.09183625131845474,0.976094663143158,0.29901185631752014,0.43358010053634644,-0.03513149544596672,0.97852623462677,0.3751477003097534,0.511613130569458,-0.013130983337759972,0.9998929500579834,0.3277668058872223,0.5157634615898132,0.012929205782711506,0.9997361302375793,0.3666895031929016,0.6651495099067688,-0.03821677714586258,0.9167725443840027,0.3398783802986145,0.6650254130363464,-0.010000145994126797,0.6300952434539795,0.3442584276199341,0.8237228989601135,0.051000963896512985,0.8248262405395508,0.3469162881374359,0.6537083387374878,0.3500119149684906,0.3637782633304596,0.3477393090724945,0.8645989298820496,-0.05275962874293327,0.8354988098144531,0.3463442027568817,0.6952051520347595,0.35605308413505554,0.4196418821811676
47,1.5666666666666667,0.3478047251701355,0.20114873349666595,-0.26828688383102417,0.9999873638153076,0.39296993613243103,0.28284361958503723,-0.07383741438388824,0.9999907612800598,0.30981728434562683,0.276947945356369,-0.026241373270750046,0.9999666213989258,0.4312571585178375,0.36055684089660645,-0.06530439853668213,0.9714452028274536,0.2891332805156708,0.32874795794487,0.06699425727128983,0.9453965425491333,0.39724040031433105,0.40320533514022827,-0.16300109028816223,0.9736140370368958,0.2995162010192871,0.4094960391521454,0.01723446696996689,0.9789111614227295,0.37769386172294617,0.5059813857078552,-0.01214523520320654,0.9998885989189148,0.32921478152275085,0.5121505856513977,0.012080333195626736,0.9997429847717285,0.36926430463790894,0.6661028265953064,0.00042604506597854197,0.9167028069496155,0.33847710490226746,0.6371057033538818,-0.2618436813354492,0.662693440914154,0.34929990768432617,0.8179675340652466,0.1431884914636612,0.8392113447189331,0.33487066626548767,0.6701729893684387,0.021737851202487946,0.3853859007358551,0.3506962060928345,0.8650578856468201,0.039619944989681244,0.8481996059417725,0.3304310739040375,0.706988513469696,-0.018123287707567215,0.44627541303634644
48,1.6,0.34767821431159973,0.19953526556491852,-0.273486852645874,0.9999856352806091,0.39251530170440674,0.2804420292377472,-0.07699239253997803,0.9999895691871643,0.30987662076950073,0.27610886096954346,-0.023769838735461235,0.9999665021896362,0.43260273337364197,0.3578166663646698,-0.07729015499353409,0.9714254140853882,0.29086393117904663,0.3228648602962494,0.0780196338891983,0.9379799365997314,0.395977646112442,0.3961435556411743,-0.18265436589717865,0.9732214212417603,0.2997148036956787,0.40298181772232056,0.03520301729440689,0.9796151518821716,0.37893378734588623,0.5032712817192078,-0.011776715517044067,0.9998841881752014,0.3299964368343353,0.5096280574798584,0.011660763993859291,0.9997479319572449,0.37052497267723083,0.6671138405799866,-0.0006559474859386683,0.9179209470748901,0.33742624521255493,0.6298192143440247,-0.2626122832298279,0.6928026080131531,0.35123780369758606,0.8161200881004333,0.15130478143692017,0.8524028658866882,0.331611305475235,0.6768397688865662,0.03074013628065586,0.40742364525794983,0.3517458736896515,0.8655155897140503,0.04887542873620987,0.8598926663398743,0.32681959867477417,0.7126577496528625,-0.007191461510956287,0.47193896770477295
49,1.6333333333333333,0.3474673330783844,0.1967679113149643,-0.27210530638694763,0.9999690055847168,0.39199426770210266,0.2760736644268036,-0.08632787317037582,0.9999876022338867,0.31092867255210876,0.269299179315567,-0.012007401324808598,0.9999598860740662,0.43321722745895386,0.35644790530204773,-0.1447538584470749,0.9734859466552734,0.2949795424938202,0.32179519534111023,0.04736688360571861,0.9329364895820618,0.3941514194011688,0.3812795877456665,-0.3166171908378601,0.975426971912384,0.3014739751815796,0.3900032341480255,0.003939853049814701,0.9808095693588257,0.3804026246070862,0.4997403919696808,-0.014701557345688343,0.9998722672462463,0.33275067806243896,0.4926536977291107,0.014629659242928028,0.9997426271438599,0.3713696599006653,0.661949634552002,-0.03577399626374245,0.9188773036003113,0.3376992344856262,0.6149128675460815,-0.2686377167701721,0.7213460803031921,0.35868823528289795,0.8110251426696777,0.15498033165931702,0.8636861443519592,0.33380213379859924,0.7107685804367065,0.005351649131625891,0.45336660742759705,0.3528271019458771,0.8631799221038818,0.051266781985759735,0.8698492050170898,0.3296465575695038,0.7875009179115295,-0.05572328716516495,0.5134064555168152
50,1.6666666666666667,0.3472084403038025,0.19563736021518707,-0.2731221318244934,0.9999553561210632,0.3915688395500183,0.2728528380393982,-0.08697860687971115,0.999985933303833,0.31164562702178955,0.26563897728919983,-0.008094022050499916,0.9999539852142334,0.4333058297634125,0.3539974093437195,-0.14753539860248566,0.9753805994987488,0.2958761751651764,0.32136332988739014,0.04928641766309738,0.9274454712867737,0.39306890964508057,0.37767788767814636,-0.32111936807632446,0.9774532318115234,0.3029506504535675,0.3874133229255676,-0.03603868931531906,0.9817457795143127,0.38131406903266907,0.4978882670402527,-0.015347829088568687,0.9998648762702942,0.3339770436286926,0.48741668462753296,0.015284200198948383,0.9997413158416748,0.37176936864852905,0.6595327854156494,-0.04044519364833832,0.9208448529243469,0.3379526734352112,0.611335813999176,-0.27691876888275146,0.7475427985191345,0.36079198122024536,0.8082317113876343,0.15060122311115265,0.874558687210083,0.33427268266677856,0.7170813679695129,-0.006092696450650692,0.4969760477542877,0.3534225523471832,0.8624556660652161,0.04360149800777435,0.8796929121017456,0.3308466970920563,0.7946466207504272,-0.06979498267173767,0.5528290867805481
51,1.7,0.34792596101760864,0.189666748046875,-0.3001846373081207,0.9999362826347351,0.3918609023094177,0.26230162382125854,-0.10912744700908661,0.9999858736991882,0.3137677013874054,0.25798723101615906,-0.022238237783312798,0.9999446868896484,0.4354390501976013,0.34307602047920227,-0.1910848766565323,0.9773179292678833,0.30101126432418823,0.31715530157089233,0.053338874131441116,0.8996132016181946,0.39339032769203186,0.3697836697101593,-0.3787856996059418,0.9792847633361816,0.3084718585014343,0.37387368083000183,0.014980614185333252,0.9689066410064697,0.384246826171875,0.4874255359172821,-0.010768911801278591,0.9998652338981628,0.337564080953598,0.4799254834651947,0.010775369592010975,0.9997544884681702,0.37627488374710083,0.6452829241752625,0.04815438389778137,0.9048684239387512,0.34275689721107483,0.5991983413696289,-0.3003617227077484,0.7719494104385376,0.3663240373134613,0.7666868567466736,0.3038436770439148,0.8629381656646729,0.33763983845710754,0.747599720954895,-0.16659250855445862,0.5447870492935181,0.360819548368454,0.8372078537940979,0.21768717467784882,0.8707723617553711,0.33617037534713745,0.816617488861084,-0.2817143201828003,0.5949671864509583
52,1.7333333333333334,0.3482675552368164,0.18539489805698395,-0.2888316810131073,0.9999319911003113,0.392564058303833,0.25937986373901367,-0.10254019498825073,0.9999867677688599,0.3144575357437134,0.25610053539276123,-0.026081275194883347,0.9999472498893738,0.4358704090118408,0.3400109112262726,-0.18281269073486328,0.9793550372123718,0.30370455980300903,0.31869107484817505,0.017665084451436996,0.9005904793739319,0.39384064078330994,0.3684004545211792,-0.3725831210613251,0.9812041521072388,0.30983543395996094,0.3754822909832001,-0.07201171666383743,0.9678636193275452,0.3856315314769745,0.48544734716415405,-0.006428878754377365,0.9998722672462463,0.3387584984302521,0.4775190055370331,0.00641219224780798,0.9997758269309998,0.3777408003807068,0.643429160118103,0.0874888151884079,0.9049705862998962,0.3443600535392761,0.587284505367279,-0.33667227625846863,0.7946299910545349,0.3667755424976349,0.7622131109237671,0.3757341802120209,0.8472815155982971,0.3383015990257263,0.7555999159812927,-0.2566617429256439,0.5899507999420166,0.3629375696182251,0.828883171081543,0.2910672128200531,0.8628118634223938,0.3396068215370178,0.817575216293335,-0.39178797602653503,0.6351709365844727
53,1.7666666666666666,0.35627466440200806,0.17742952704429626,-0.24756662547588348,0.9999341368675232,0.40144839882850647,0.2488120198249817,-0.06736019998788834,0.9999875426292419,0.3239768147468567,0.2549745738506317,-0.03248996287584305,0.9999520182609558,0.44493088126182556,0.32842427492141724,-0.1453540027141571,0.9809603095054626,0.3184308409690857,0.3206198811531067,-0.13269536197185516,0.9084842205047607,0.403461217880249,0.3704439401626587,-0.32749345898628235,0.9826286435127258,0.31897613406181335,0.3728334605693817,-0.3613578677177429,0.9694180488586426,0.39760470390319824,0.483486145734787,0.0026208709459751844,0.9998778104782104,0.3511859178543091,0.4777286946773529,-0.002719198353588581,0.9997973442077637,0.3859233856201172,0.6437522172927856,0.11989231407642365,0.9041322469711304,0.356153279542923,0.5935627222061157,-0.3667079210281372,0.8150967955589294,0.3839161694049835,0.6697156429290771,0.5075932741165161,0.7649252414703369,0.35472720861434937,0.7907021641731262,-0.3912104070186615,0.6308940052986145,0.3711389899253845,0.7479153275489807,0.4487961232662201,0.7862697839736938,0.357220858335495,0.8072463274002075,-0.5686352849006653,0.6716076731681824
54,1.8,0.3593634366989136,0.17457082867622375,-0.25024136900901794,0.9999340772628784,0.4034819006919861,0.24770797789096832,-0.06744720786809921,0.9999881982803345,0.32596975564956665,0.2553046643733978,-0.05043678358197212,0.999956488609314,0.4479796290397644,0.32795700430870056,-0.15431305766105652,0.9822753667831421,0.32151901721954346,0.32843127846717834,-0.18079394102096558,0.9162498116493225,0.40621575713157654,0.3714628517627716,-0.34112924337387085,0.983713686466217,0.3224010467529297,0.37529560923576355,-0.43753933906555176,0.9714263677597046,0.4000716805458069,0.48161202669143677,0.006113844458013773,0.9998866319656372,0.3534761369228363,0.4775504767894745,-0.006217007990926504,0.9998173117637634,0.39084845781326294,0.641426146030426,0.17548952996730804,0.9008049368858337,0.35907241702079773,0.5941382646560669,-0.3607185184955597,0.8335432410240173,0.39031460881233215,0.6540505886077881,0.5948945879936218,0.6904681921005249,0.35786980390548706,0.7920588254928589,-0.36710456013679504,0.6677611470222473,0.3779100775718689,0.7287840843200684,0.5486207008361816,0.7153151035308838,0.36071571707725525,0.8066926002502441,-0.5367562770843506,0.7044099569320679
55,1.8333333333333333,0.3636974096298218,0.1729591190814972,-0.23764796555042267,0.9999233484268188,0.409963995218277,0.24826109409332275,-0.06731433421373367,0.9999885559082031,0.3316061794757843,0.2562292814254761,-0.0194091834127903,0.9999601244926453,0.4531639516353607,0.32586243748664856,-0.13541282713413239,0.9799852967262268,0.32921522855758667,0.3369748890399933,-0.054820287972688675,0.9010512828826904,0.4169016480445862,0.3734547197818756,-0.29983004927635193,0.9785800576210022,0.3267633318901062,0.37842801213264465,-0.19266626238822937,0.9503213167190552,0.4073406159877777,0.48220813274383545,0.003285372629761696,0.9998946189880371,0.3593595325946808,0.4785826802253723,-0.003387580392882228,0.9998352527618408,0.39643093943595886,0.6435418725013733,0.1160980612039566,0.8271516561508179,0.3655351400375366,0.5971745252609253,-0.3357524275779724,0.848915159702301,0.3893083333969116,0.5982621312141418,0.5158054828643799,0.6214489340782166,0.3681524991989136,0.7937713861465454,-0.39397042989730835,0.6983254551887512,0.37909239530563354,0.6336071491241455,0.49923211336135864,0.6439405083656311,0.3666380047798157,0.8036495447158813,-0.5559879541397095,0.7318547368049622
56,1.8666666666666667,0.3656441569328308,0.17208503186702728,-0.24323730170726776,0.9999226927757263,0.41135597229003906,0.24806645512580872,-0.06778166443109512,0.9999890923500061,0.33297330141067505,0.2565043866634369,-0.018893547356128693,0.9999638199806213,0.4555726945400238,0.3250349164009094,-0.1312297135591507,0.9802329540252686,0.33100563287734985,0.33736857771873474,-0.001584094250574708,0.9034162163734436,0.4174078404903412,0.3743678331375122,-0.25717228651046753,0.9732852578163147,0.32780736684799194,0.3800615966320038,-0.08987239748239517,0.9437024593353271,0.40920180082321167,0.4819670021533966,0.001912018284201622,0.9999021291732788,0.36120977997779846,0.47916513681411743,-0.0020102416165173054,0.9998515248298645,0.39826148748397827,0.6432690620422363,0.14089913666248322,0.7875679731369019,0.3673510253429413,0.6004461050033569,-0.3489164710044861,0.8637491464614868,0.39313676953315735,0.604785680770874,0.5446877479553223,0.5594009160995483,0.37029364705085754,0.7957663536071777,-0.4296302795410156,0.7279964685440063,0.3889789581298828,0.6386359333992004,0.5257259607315063,0.5800743699073792,0.3692050576210022,0.8053701519966125,-0.5987809896469116,0.7583125829696655
57,1.9,0.3705745041370392,0.17389705777168274,-0.21881425380706787,0.9999189972877502,0.41854405403137207,0.24899029731750488,-0.019835010170936584,0.9999892115592957,0.33961400389671326,0.2650306820869446,-0.01076775323599577,0.9999669194221497,0.4620516896247864,0.32623058557510376,-0.029869895428419113,0.9784980416297913,0.33843564987182617,0.3496030867099762,-0.018280353397130966,0.9058875441551208,0.43033915758132935,0.39220336079597473,-0.15992295742034912,0.9712694883346558,0.3330662250518799,0.38845711946487427,-0.17131388187408447,0.9455308318138123,0.41605496406555176,0.4863554537296295,0.00867052935063839,0.999908983707428,0.3673568367958069,0.4836210608482361,-0.008788502775132656,0.9998660683631897,0.4070795178413391,0.6554893255233765,0.09779234975576401,0.7427611351013184,0.37547338008880615,0.607451856136322,-0.3339337110519409,0.8766326308250427,0.3965909779071808,0.6198790073394775,0.47118082642555237,0.5035547018051147,0.38058239221572876,0.8054990768432617,-0.3906444013118744,0.7538537979125977,0.3923976421356201,0.656545102596283,0.4525558352470398,0.5225450992584229,0.384568452835083,0.8365026116371155,-0.5536666512489319,0.7811670899391174
58,1.9333333333333333,0.372651070356369,0.17677049338817596,-0.2267288714647293,0.9999122023582458,0.42053550481796265,0.24939581751823425,-0.037107713520526886,0.9999891519546509,0.34137392044067383,0.267210990190506,-0.003161423373967409,0.9999697208404541,0.46448469161987305,0.3266790211200714,-0.07143131643533707,0.9781660437583923,0.3399195671081543,0.34854966402053833,0.00029777063173241913,0.9085447192192078,0.4314207136631012,0.39800140261650085,-0.21121561527252197,0.9708918929100037,0.3344707787036896,0.3893547058105469,-0.12727776169776917,0.9479902982711792,0.41690850257873535,0.4881977140903473,0.006321299821138382,0.9999146461486816,0.36883801221847534,0.48561766743659973,-0.006432223133742809,0.9998791217803955,0.4090174734592438,0.6622905135154724,0.08943161368370056,0.7071202397346497,0.37717658281326294,0.6120091080665588,-0.34774249792099,0.8884395956993103,0.39877063035964966,0.6230694055557251,0.48058557510375977,0.45329079031944275,0.3830369710922241,0.8120334148406982,-0.3949912488460541,0.7774662971496582,0.39438730478286743,0.6693076491355896,0.45589694380760193,0.47081947326660156,0.38689306378364563,0.8474200963973999,-0.5651217699050903,0.8021578788757324
59,1.9666666666666666,0.3792176842689514,0.18341320753097534,-0.21050512790679932,0.9999147653579712,0.4290619492530823,0.2603583335876465,-0.011929300613701344,0.9999896287918091,0.3507598340511322,0.27921512722969055,0.012616097927093506,0.9999720454216003,0.47150641679763794,0.3327302932739258,-0.002986961742863059,0.9788419008255005,0.348904013633728,0.3592873811721802,0.0244797021150589,0.9048898816108704,0.44479694962501526,0.4104309380054474,-0.11955805122852325,0.9723417162895203,0.3422371447086334,0.4008248746395111,-0.10022058337926865,0.9481285810470581,0.4251770079135895,0.504667341709137,0.007407590746879578,0.9999207854270935,0.376984179019928,0.49881765246391296,-0.007527472916990519,0.9998908042907715,0.415405809879303,0.6829482316970825,0.03907407447695732,0.6950140595436096,0.3858101963996887,0.6214012503623962,-0.32471808791160583,0.8990490436553955,0.4000590443611145,0.6280133724212646,0.42627185583114624,0.4083406627178192,0.39542636275291443,0.8282110691070557,-0.3219755291938782,0.7986496686935425,0.38878247141838074,0.6567550897598267,0.3958882689476013,0.42573583126068115,0.40280765295028687,0.871168851852417,-0.47269344329833984,0.8207635283470154
60,2.0,0.3814195692539215,0.18579117953777313,-0.1949268877506256,0.9999170303344727,0.4306360185146332,0.26504066586494446,0.012328396551311016,0.9999899864196777,0.3520582318305969,0.28215962648391724,0.017129356041550636,0.9999740719795227,0.47247058153152466,0.33558782935142517,0.024273138493299484,0.9794577360153198,0.3491223454475403,0.3597753643989563,0.007828175090253353,0.9061251878738403,0.44582581520080566,0.4144568145275116,-0.09301845729351044,0.9736936688423157,0.344304621219635,0.40555432438850403,-0.15048444271087646,0.9494027495384216,0.42556509375572205,0.5078660249710083,0.011593285016715527,0.9999264478683472,0.37716513872146606,0.5031241774559021,-0.011721815913915634,0.9999013543128967,0.4177832007408142,0.6878087520599365,0.048688434064388275,0.6964080333709717,0.38668566942214966,0.6234939694404602,-0.3372323513031006,0.9087966680526733,0.4015398621559143,0.6309839487075806,0.43638601899147034,0.368076354265213,0.396540105342865,0.8262572288513184,-0.3285258412361145,0.818162202835083,0.38665539026260376,0.6668378710746765,0.4148016571998596,0.3860644996166229,0.4032971262931824,0.8770575523376465,-0.4804607927799225,0.8380076885223389
61,2.033333333333333,0.38977497816085815,0.1926407665014267,-0.19938664138317108,0.9999240040779114,0.4397098422050476,0.2726896405220032,0.02057751640677452,0.9999904036521912,0.36231452226638794,0.2883959114551544,0.006961931474506855,0.9999759793281555,0.4821738302707672,0.3365318179130554,0.044856540858745575,0.978918731212616,0.357377827167511,0.374115526676178,-0.11756163835525513,0.8911885023117065,0.46130186319351196,0.4187212288379669,-0.07386499643325806,0.9755982756614685,0.3509255051612854,0.41014763712882996,-0.39649492502212524,0.9522910118103027,0.4363555312156677,0.5096126794815063,0.01283396314829588,0.9999323487281799,0.3889802098274231,0.5051359534263611,-0.012966936454176903,0.9999106526374817,0.42798537015914917,0.6949129700660706,0.00521131232380867,0.7046812772750854,0.39741188287734985,0.6510744094848633,-0.1639184206724167,0.9133806824684143,0.41636547446250916,0.6347857713699341,0.4227437973022461,0.33306553959846497,0.4099559187889099,0.8328717350959778,-0.05289169400930405,0.8342046737670898,0.4069920480251312,0.681749701499939,0.40588369965553284,0.3543218672275543,0.412406861782074,0.8790899515151978,-0.1830238401889801,0.8506402969360352
62,2.066666666666667,0.3918907046318054,0.19344162940979004,-0.19246438145637512,0.9999307990074158,0.44104480743408203,0.27642175555229187,0.015001902356743813,0.9999909996986389,0.36418595910072327,0.29214319586753845,0.014295744709670544,0.9999775886535645,0.48330551385879517,0.33796408772468567,0.010870811529457569,0.9797496795654297,0.3582013249397278,0.3752039968967438,-0.09061234444379807,0.8772280812263489,0.4625767767429352,0.41905876994132996,-0.13540354371070862,0.977419912815094,0.35315826535224915,0.4097495675086975,-0.34889838099479675,0.9516518712043762,0.4373985826969147,0.5098707675933838,0.011182157322764397,0.999937891960144,0.38979023694992065,0.5067300200462341,-0.011308247223496437,0.9999189972877502,0.43058323860168457,0.6954895853996277,0.0002588074712548405,0.7201938033103943,0.3999828100204468,0.6573054194450378,-0.15886305272579193,0.9183062314987183,0.4170529842376709,0.6509795784950256,0.41694074869155884,0.3012333810329437,0.41215890645980835,0.8319674730300903,-0.04879514127969742,0.8483450412750244,0.41112732887268066,0.6830682754516602,0.4028812050819397,0.3248705267906189,0.4157562851905823,0.8787006735801697,-0.17393165826797485,0.8618001937866211
63,2.1,0.4111514985561371,0.1928723156452179,-0.18653100728988647,0.9999372959136963,0.4588329792022705,0.27431583404541016,-0.0006176503375172615,0.9999915957450867,0.38430747389793396,0.29076534509658813,0.03335785120725632,0.9999793171882629,0.4981824457645416,0.3359149992465973,-0.0028591961599886417,0.9809107780456543,0.3739417791366577,0.3780728280544281,-0.08936984837055206,0.8791499733924866,0.48530489206314087,0.4137657582759857,-0.16366271674633026,0.9793269634246826,0.3719216287136078,0.397687703371048,-0.37442052364349365,0.9557098150253296,0.45430392026901245,0.5079959034919739,-0.010070059448480606,0.9999433159828186,0.4062838554382324,0.5071015357971191,0.009919660165905952,0.9999266266822815,0.4473954737186432,0.6644760966300964,-0.1043926328420639,0.746196985244751,0.41637688875198364,0.6709573268890381,-0.012930886819958687,0.9232273101806641,0.4497299790382385,0.664061427116394,0.3053355813026428,0.2851238250732422,0.4331093728542328,0.828860878944397,0.14703930914402008,0.8619329333305359,0.44990548491477966,0.7259107828140259,0.30741217732429504,0.3206145167350769,0.43670853972435,0.8800155520439148,0.055508069694042206,0.8723149299621582
64,2.1333333333333333,0.41315197944641113,0.19305568933486938,-0.21576330065727234,0.999943196773529,0.46282991766929626,0.27338215708732605,-0.02850593626499176,0.9999921917915344,0.38572925329208374,0.29166921973228455,0.016147883608937263,0.9999810457229614,0.5005152821540833,0.33627060055732727,-0.015764286741614342,0.9815696477890015,0.37609604001045227,0.39113909006118774,-0.11125234514474869,0.8839874863624573,0.48603588342666626,0.4126499891281128,-0.16072049736976624,0.9810035824775696,0.3744407296180725,0.39754804968833923,-0.3929787874221802,0.9597188234329224,0.45520609617233276,0.506854772567749,-0.011429439298808575,0.9999482035636902,0.4079122543334961,0.5075762271881104,0.011288187466561794,0.9999334812164307,0.44735321402549744,0.6576026678085327,-0.11748538166284561,0.7688575983047485,0.41936421394348145,0.6746578812599182,-0.0017389269778504968,0.9272069931030273,0.4522871971130371,0.6664831042289734,0.2969285547733307,0.2706920802593231,0.4345737099647522,0.8289572596549988,0.1666908860206604,0.8738212585449219,0.45052987337112427,0.7287383079528809,0.294041246175766,0.31617170572280884,0.4375568926334381,0.8816249370574951,0.07201139628887177,0.8810431957244873
65,2.1666666666666665,0.4231927990913391,0.1894432008266449,-0.23317520320415497,0.9999401569366455,0.4725392460823059,0.2723526656627655,-0.0477132610976696,0.9999909996986389,0.3945562541484833,0.289853572845459,-0.0077709415927529335,0.9999784231185913,0.5092955827713013,0.33721497654914856,-0.09174297749996185,0.98135906457901,0.3824467658996582,0.3887668251991272,-0.12146754562854767,0.8914229273796082,0.4958088994026184,0.4044405221939087,-0.28209251165390015,0.9812616109848022,0.3819235563278198,0.38867491483688354,-0.38663429021835327,0.9624134302139282,0.46413654088974,0.5022900700569153,-0.01172214187681675,0.9999487400054932,0.4176204800605774,0.5073985457420349,0.011537316255271435,0.9999351501464844,0.4503130316734314,0.6253555417060852,-0.2749159336090088,0.7905583381652832,0.42686742544174194,0.6691332459449768,-0.011690951883792877,0.9255312085151672,0.4585438668727875,0.7379001975059509,-0.013319705612957478,0.31859472393989563,0.44228649139404297,0.8266779780387878,0.1588509976863861,0.8815742135047913,0.45870643854141235,0.8122389912605286,-0.10027812421321869,0.36394840478897095,0.4470241665840149,0.883197009563446,0.042076293379068375,0.8840458393096924
66,2.2,0.423575222492218,0.18870645761489868,-0.23927876353263855,0.9999405741691589,0.47332650423049927,0.27168798446655273,-0.04757549613714218,0.9999902844429016,0.3967956006526947,0.28868335485458374,-0.022460896521806717,0.9999771118164062,0.5100575685501099,0.3372819125652313,-0.08616079390048981,0.9801446199417114,0.3845463991165161,0.38668161630630493,-0.14103998243808746,0.8978332877159119,0.49785128235816956,0.39835697412490845,-0.27204638719558716,0.9811442494392395,0.3834778964519501,0.38347843289375305,-0.40856629610061646,0.9643619656562805,0.46384596824645996,0.5018428564071655,-0.009720755741000175,0.9999514818191528,0.4177241921424866,0.5064576268196106,0.009537527337670326,0.9999392032623291,0.4490743577480316,0.6256410479545593,-0.2784046232700348,0.8098593950271606,0.4285075068473816,0.6689439415931702,-0.009267590008676052,0.9242056012153625,0.4565919041633606,0.74141526222229,0.01299719512462616,0.34722307324409485,0.44244542717933655,0.8273943662643433,0.15275847911834717,0.8888600468635559,0.45852962136268616,0.8134769797325134,-0.058421142399311066,0.3943994641304016,0.446242094039917,0.8849160671234131,0.03726855292916298,0.8867233991622925
67,2.2333333333333334,0.43444719910621643,0.180500790476799,-0.19679203629493713,0.9999404549598694,0.48549312353134155,0.2663743793964386,-0.0235711932182312,0.9999899864196777,0.40725594758987427,0.2850334048271179,0.02419905550777912,0.9999721646308899,0.5206782221794128,0.3383995592594147,-0.07383430004119873,0.9798324704170227,0.3927813172340393,0.3834661841392517,-0.1263870894908905,0.9008346199989319,0.506183385848999,0.3974757790565491,-0.25916117429733276,0.9812062978744507,0.39790767431259155,0.36552688479423523,-0.3539324998855591,0.9644755721092224,0.4726775586605072,0.49075424671173096,-0.015443103387951851,0.9999488592147827,0.4286372661590576,0.500504732131958,0.015240286476910114,0.999934732913971,0.4604431688785553,0.6152560710906982,-0.30052563548088074,0.826808512210846,0.44229644536972046,0.6642022728919983,-0.03805146366357803,0.9143064618110657,0.4577977657318115,0.7713773250579834,-0.10181812942028046,0.39491796493530273,0.4515184760093689,0.8126851320266724,0.1361979991197586,0.8878712058067322,0.45807188749313354,0.8366841673851013,-0.2141040563583374,0.44022268056869507,0.45514529943466187,0.8801645040512085,0.019817162305116653,0.8816878795623779
68,2.2666666666666666,0.4371364116668701,0.1782529205083847,-0.20562775433063507,0.9999379515647888,0.4859341084957123,0.26291507482528687,-0.02746778167784214,0.9999894499778748,0.40880346298217773,0.283904492855072,0.012854384258389473,0.9999664425849915,0.5210044980049133,0.3394618332386017,-0.06735935807228088,0.9783324599266052,0.3941662013530731,0.3824670910835266,-0.11285539716482162,0.9032309651374817,0.5087369084358215,0.3942178189754486,-0.2386312186717987,0.9806472063064575,0.40114593505859375,0.3605720102787018,-0.3663092255592346,0.9645504355430603,0.4744698405265808,0.48955869674682617,-0.015038421377539635,0.9999476075172424,0.4310484826564789,0.49823489785194397,0.014838914386928082,0.9999319911003113,0.4606129229068756,0.6184867024421692,-0.2794656455516815,0.8413223624229431,0.4433876574039459,0.6624957323074341,-0.034935954958200455,0.9025433659553528,0.4583602845668793,0.7809618711471558,-0.09807687252759933,0.44157180190086365,0.4524737298488617,0.8118522763252258,0.12749341130256653,0.8882008194923401,0.458756685256958,0.8443007469177246,-0.21796807646751404,0.48449042439460754,0.4558483064174652,0.8767659664154053,0.006913500837981701,0.8795945644378662
69,2.3,0.46528196334838867,0.17412489652633667,-0.20430448651313782,0.9999426603317261,0.5130598545074463,0.2592906653881073,-0.04477297514677048,0.9999895095825195,0.4346132278442383,0.27102088928222656,0.009942544624209404,0.9999446868896484,0.5464937686920166,0.3469107151031494,-0.1097753494977951,0.9750259518623352,0.416395366191864,0.3747386634349823,-0.10825774818658829,0.9015941023826599,0.528096616268158,0.39280030131340027,-0.2866329550743103,0.9781282544136047,0.43766099214553833,0.3019603490829468,-0.34556782245635986,0.9645244479179382,0.499253511428833,0.49034908413887024,-0.03423242270946503,0.9999202489852905,0.4530275762081146,0.4982508718967438,0.03406138718128204,0.9998424053192139,0.48364558815956116,0.6194183230400085,-0.25076377391815186,0.8410698175430298,0.4676423668861389,0.6622516512870789,0.16231700778007507,0.8238794207572937,0.4736732840538025,0.8239985108375549,-0.2430805265903473,0.49040547013282776,0.47821417450904846,0.7770851254463196,0.42827874422073364,0.8074067234992981,0.46550679206848145,0.8581274151802063,-0.40809422731399536,0.5320829153060913,0.4706452488899231,0.8285855054855347,0.36688074469566345,0.8108273148536682
70,2.3333333333333335,0.46728092432022095,0.17157678306102753,-0.22325065732002258,0.9999470114707947,0.5153332948684692,0.2588353753089905,-0.06621035188436508,0.9999896287918091,0.4354422092437744,0.26641079783439636,0.008463981561362743,0.9999189972877502,0.5486891269683838,0.3518604636192322,-0.13988535106182098,0.9728170037269592,0.4186393618583679,0.3707399070262909,-0.11498609930276871,0.8871793150901794,0.5281955003738403,0.39271241426467896,-0.32799941301345825,0.9779696464538574,0.43867141008377075,0.29623955488204956,-0.37247297167778015,0.963383674621582,0.5003786087036133,0.49064165353775024,-0.03990050405263901,0.9999013543128967,0.4546872675418854,0.49783146381378174,0.039731595665216446,0.9997785687446594,0.4869925379753113,0.6227378249168396,-0.21415850520133972,0.8337140679359436,0.47006863355636597,0.6621618270874023,0.14916765689849854,0.7571302652359009,0.47586265206336975,0.8255922198295593,-0.1381329745054245,0.5366391539573669,0.4791289269924164,0.7789826393127441,0.40407323837280273,0.7464876174926758,0.46661025285720825,0.8578956723213196,-0.3069588840007782,0.5758419632911682,0.47399839758872986,0.8214946985244751,0.32949337363243103,0.7654739618301392
71,2.3666666666666667,0.48026609420776367,0.1721135824918747,-0.22430674731731415,0.999950110912323,0.525300920009613,0.2588872015476227,-0.07525087893009186,0.999988853931427,0.44784942269325256,0.2645561397075653,0.008380069397389889,0.9998905658721924,0.5562484860420227,0.3647623360157013,-0.17029526829719543,0.970609724521637,0.43192094564437866,0.3582889139652252,-0.1287078559398651,0.8822109699249268,0.5317379236221313,0.3919738233089447,-0.36614853143692017,0.9763025641441345,0.4504438042640686,0.2681717574596405,-0.3885849118232727,0.9654241800308228,0.5112881660461426,0.4953016936779022,-0.043521832674741745,0.9998704791069031,0.46471962332725525,0.500175416469574,0.043335191905498505,0.9996893405914307,0.49691614508628845,0.6545701026916504,-0.19106502830982208,0.826036810874939,0.4788675904273987,0.6627051830291748,0.21582505106925964,0.6923660635948181,0.4831484258174896,0.8384768962860107,-0.1595182716846466,0.5761508941650391,0.4897903501987457,0.7666390538215637,0.528849184513092,0.6826664209365845,0.4753428101539612,0.8754650354385376,-0.31491249799728394,0.6152397990226746,0.48529404401779175,0.7967284917831421,0.4832366406917572,0.7119170427322388
72,2.4,0.480175644159317,0.17305295169353485,-0.20771002769470215,0.9999542832374573,0.5261317491531372,0.2590855658054352,-0.06172437593340874,0.999988853931427,0.4495255947113037,0.2635508179664612,0.019853558391332626,0.9998770356178284,0.5584291219711304,0.3682022988796234,-0.15229003131389618,0.9670466780662537,0.4320824146270752,0.35429736971855164,-0.11634556204080582,0.8759245872497559,0.5310859084129333,0.3900113105773926,-0.34958508610725403,0.9757336974143982,0.4531165659427643,0.2637598216533661,-0.3695084750652313,0.9674713611602783,0.5133653283119202,0.4982583820819855,-0.042233675718307495,0.9998425245285034,0.4668320119380951,0.5029245615005493,0.04204519838094711,0.999605119228363,0.49848613142967224,0.6605386137962341,-0.18315602838993073,0.8092866539955139,0.4807209074497223,0.6670113205909729,0.17283287644386292,0.6314101219177246,0.48301029205322266,0.8422368168830872,-0.14166301488876343,0.6108638048171997,0.49145787954330444,0.7688816785812378,0.48729950189590454,0.6193887591362,0.47596845030784607,0.8746126890182495,-0.30001765489578247,0.6494848728179932,0.4850316047668457,0.8083564639091492,0.4439927041530609,0.6556290984153748
73,2.433333333333333,0.49085062742233276,0.18199174106121063,-0.1815883219242096,0.9999562501907349,0.5376036763191223,0.26919424533843994,-0.0347641184926033,0.9999874234199524,0.4615621566772461,0.26638123393058777,0.018411187455058098,0.999839723110199,0.5603616237640381,0.379446804523468,-0.15036344528198242,0.9611091017723083,0.44374069571495056,0.3514024019241333,-0.14325767755508423,0.8704754710197449,0.5277931094169617,0.3824737071990967,-0.3688754141330719,0.9743527770042419,0.4654460549354553,0.25563985109329224,-0.4081904888153076,0.9671429991722107,0.5218309164047241,0.5113608837127686,-0.03912963718175888,0.9998222589492798,0.4738188683986664,0.511447548866272,0.038972895592451096,0.9995381236076355,0.5077089071273804,0.6838572025299072,-0.14923712611198425,0.7777970433235168,0.4798666536808014,0.6858224868774414,0.10123048722743988,0.5793781280517578,0.48895063996315,0.8568701148033142,-0.08489867299795151,0.6369560956954956,0.498720645904541,0.737754762172699,0.471991628408432,0.5594324469566345,0.4819420278072357,0.8989247679710388,-0.2379949390888214,0.6756752729415894,0.4975496828556061,0.800972580909729,0.4452635645866394,0.595175564289093
74,2.466666666666667,0.49241676926612854,0.18476887047290802,-0.173630952835083,0.9999589323997498,0.538241982460022,0.2724319100379944,-0.028827030211687088,0.9999864101409912,0.4610593318939209,0.2691958248615265,0.029093880206346512,0.9998193979263306,0.5600795745849609,0.38071686029434204,-0.14033813774585724,0.9599795341491699,0.44541239738464355,0.35060563683509827,-0.1344558596611023,0.8732156753540039,0.5260081887245178,0.37779638171195984,-0.34603357315063477,0.9746872186660767,0.46734485030174255,0.25093236565589905,-0.39612072706222534,0.9690346121788025,0.523673415184021,0.5163484215736389,-0.035837654024362564,0.9998176693916321,0.474956214427948,0.5159595608711243,0.03566793352365494,0.9995247721672058,0.5072911977767944,0.6872063279151917,-0.1237577423453331,0.7775289416313171,0.48245495557785034,0.6886616945266724,0.0865403413772583,0.5516902208328247,0.4889163076877594,0.8600229024887085,-0.052309781312942505,0.6677761077880859,0.49913984537124634,0.7500947117805481,0.4337245523929596,0.5142489075660706,0.4846769869327545,0.9003835916519165,-0.19160690903663635,0.7037245035171509,0.4956870973110199,0.8088927268981934,0.40212059020996094,0.5551984310150146
75,2.5,0.4984871447086334,0.1906661093235016,-0.17579202353954315,0.9999602437019348,0.5445054769515991,0.2805696427822113,-0.016459578648209572,0.9999833703041077,0.46871599555015564,0.2790611684322357,-0.007451239973306656,0.9997718930244446,0.5602040886878967,0.379775732755661,-0.13701659440994263,0.958122193813324,0.45357364416122437,0.3454034924507141,-0.19494961202144623,0.8817736506462097,0.5333502888679504,0.36750954389572144,-0.35165342688560486,0.9755798578262329,0.47922268509864807,0.24579890072345734,-0.4572490155696869,0.9712227582931519,0.5300377607345581,0.5260863304138184,-0.010098102502524853,0.9998165369033813,0.4811328053474426,0.5242971777915955,0.00994799379259348,0.9995097517967224,0.5170021653175354,0.7002734541893005,-0.06819547712802887,0.7893141508102417,0.4868241846561432,0.688802182674408,0.028586875647306442,0.5544980764389038,0.4949192404747009,0.8716550469398499,0.06476671993732452,0.6967570185661316,0.5011066198348999,0.6820094585418701,0.46022987365722656,0.46940183639526367,0.4881066679954529,0.9201877117156982,-0.054463036358356476,0.7286428809165955,0.5033842325210571,0.7226628065109253,0.4747847020626068,0.5115635395050049
76,2.533333333333333,0.5006609559059143,0.1942216455936432,-0.17562547326087952,0.9999578595161438,0.5452207922935486,0.28340160846710205,-0.014849862083792686,0.9999790787696838,0.47019490599632263,0.2810775339603424,-0.0024860012345016003,0.9997076392173767,0.5615094900131226,0.380240261554718,-0.1323060691356659,0.9574093818664551,0.45489558577537537,0.3429078757762909,-0.16051575541496277,0.889250636100769,0.5314294695854187,0.36343082785606384,-0.3393642008304596,0.9763521552085876,0.47899165749549866,0.24540165066719055,-0.4101817011833191,0.9729802012443542,0.5316974520683289,0.5289509892463684,-0.007114467676728964,0.9998104572296143,0.4825853407382965,0.5272440314292908,0.006977385375648737,0.9994831085205078,0.518104076385498,0.7002291083335876,-0.05521024018526077,0.7966805696487427,0.48981839418411255,0.6900435090065002,0.00014252732216846198,0.5553854703903198,0.495455265045166,0.8727752566337585,0.0777357667684555,0.721405029296875,0.5019141435623169,0.685094952583313,0.4257877767086029,0.42934027314186096,0.4893568456172943,0.9232858419418335,-0.038252655416727066,0.7489820122718811,0.49950748682022095,0.7365137934684753,0.4375239312648773,0.47191160917282104
77,2.566666666666667,0.503141462802887,0.19358423352241516,-0.1643339991569519,0.9999260902404785,0.5451812148094177,0.2894476354122162,-0.03810649365186691,0.9998854398727417,0.4753085672855377,0.2883513569831848,-0.001147709903307259,0.9995445013046265,0.5509324073791504,0.34130698442459106,-0.23563039302825928,0.9532465934753418,0.46108776330947876,0.3321850299835205,-0.19802215695381165,0.887481153011322,0.5311203598976135,0.28957417607307434,-0.4122883677482605,0.9673312306404114,0.48559126257896423,0.24304258823394775,-0.4412388801574707,0.9734313488006592,0.5337263345718384,0.5323663353919983,-0.008493458852171898,0.9998200535774231,0.4857708513736725,0.525513231754303,0.008387202396988869,0.999522864818573,0.5162742733955383,0.7127671241760254,-0.037734854966402054,0.8096622228622437,0.48159241676330566,0.6408145427703857,-0.2708442211151123,0.5949611663818359,0.49674099683761597,0.868446409702301,0.15611037611961365,0.7451155781745911,0.4940316081047058,0.6727281212806702,0.05710718035697937,0.43961119651794434,0.4943504333496094,0.9250186681747437,0.060725729912519455,0.7683635354042053,0.49325746297836304,0.7369455099105835,0.03626633062958717,0.48988616466522217
78,2.6,0.5042044520378113,0.19159476459026337,-0.16317102313041687,0.999922513961792,0.5451852679252625,0.292715460062027,-0.046850308775901794,0.9998376965522766,0.4771067202091217,0.2915794253349304,0.00029694309341721237,0.9994693398475647,0.5453025102615356,0.3329925835132599,-0.23567576706409454,0.9515504837036133,0.46162405610084534,0.32785147428512573,-0.19373655319213867,0.8899080157279968,0.5304595232009888,0.2788233458995819,-0.4024691581726074,0.962386429309845,0.4868597984313965,0.24112381041049957,-0.43457069993019104,0.9742624759674072,0.5347121953964233,0.5327126979827881,-0.010200755670666695,0.9998318552970886,0.48742562532424927,0.5244391560554504,0.010090988129377365,0.9995624423027039,0.5154157280921936,0.7140552997589111,-0.04003468528389931,0.8231192827224731,0.4782229959964752,0.6349571347236633,-0.254975825548172,0.6311179995536804,0.4967435896396637,0.868517279624939,0.16166365146636963,0.7670130133628845,0.4907333254814148,0.6699209213256836,0.08845888078212738,0.4489465355873108,0.49431657791137695,0.9252957701683044,0.07028286159038544,0.7865884304046631,0.490375816822052,0.7376810908317566,0.07483460009098053,0.5067903995513916
79,2.6333333333333333,0.5050873160362244,0.18503309786319733,-0.14097359776496887,0.999893307685852,0.5440446734428406,0.28610679507255554,-0.05645495653152466,0.9997813701629639,0.477123886346817,0.29123494029045105,0.03335506469011307,0.999343752861023,0.5279034376144409,0.2864844799041748,-0.24761028587818146,0.9521138668060303,0.45839524269104004,0.3309140205383301,-0.1749623715877533,0.875877857208252,0.5060789585113525,0.21105067431926727,-0.37518563866615295,0.9568052291870117,0.4873640537261963,0.24439048767089844,-0.4217453598976135,0.9695506691932678,0.5356696844100952,0.5303335189819336,-0.010725332424044609,0.9998406171798706,0.48727208375930786,0.5161300897598267,0.01069848332554102,0.9995975494384766,0.5161572694778442,0.7076521515846252,-0.012095868587493896,0.8250472545623779,0.4786847233772278,0.5903640985488892,-0.3266807794570923,0.6642735600471497,0.4979652464389801,0.8615346550941467,0.15942434966564178,0.7813675999641418,0.4905243515968323,0.6691209673881531,-0.13052378594875336,0.4751010537147522,0.49359840154647827,0.9206250309944153,0.05060683935880661,0.7970382571220398,0.48983436822891235,0.726269006729126,-0.201625794172287,0.5378842949867249
80,2.6666666666666665,0.5057174563407898,0.18144673109054565,-0.12342492491006851,0.9997836351394653,0.5442851781845093,0.2823277711868286,-0.053443003445863724,0.9997329115867615,0.4766203761100769,0.2901064455509186,0.05109434202313423,0.9991961121559143,0.5220023393630981,0.27896520495414734,-0.241294264793396,0.9472670555114746,0.4568457007408142,0.33303511142730713,-0.14924374222755432,0.8375243544578552,0.4991035461425781,0.20054422318935394,-0.3648877739906311,0.9425390362739563,0.48744282126426697,0.2453961968421936,-0.3961864411830902,0.9517098069190979,0.5358924865722656,0.5281540155410767,-0.011238816194236279,0.9998487830162048,0.48685020208358765,0.5127673745155334,0.011256732977926731,0.999629557132721,0.5160586833953857,0.7070699334144592,-0.003601975739002228,0.796735942363739,0.4789021611213684,0.5803914666175842,-0.3324517607688904,0.6868149042129517,0.49824953079223633,0.8606405258178711,0.1568777859210968,0.7719752788543701,0.49015823006629944,0.6647156476974487,-0.22637465596199036,0.48457100987434387,0.49343180656433105,0.9206159710884094,0.04745197296142578,0.7850925326347351,0.4884464144706726,0.7073847651481628,-0.323701411485672,0.5573636293411255
81,2.7,0.5070157647132874,0.18165820837020874,-0.11149058490991592,0.9997252225875854,0.5435980558395386,0.2646021544933319,-0.04632602632045746,0.9996764063835144,0.47554269433021545,0.2830686569213867,0.06805859506130219,0.9989731311798096,0.5154837369918823,0.2529655396938324,-0.21790853142738342,0.9512011408805847,0.45582252740859985,0.3344476521015167,-0.12462002038955688,0.8383363485336304,0.4971204698085785,0.16802795231342316,-0.3106074333190918,0.9463741183280945,0.4874347150325775,0.24296754598617554,-0.3587764799594879,0.952163815498352,0.5366923213005066,0.5214400291442871,-0.01460548210889101,0.9998507499694824,0.48795372247695923,0.504925012588501,0.0146425049751997,0.9996533393859863,0.518663763999939,0.7047790884971619,-0.037123456597328186,0.8114095330238342,0.47904452681541443,0.5622225999832153,-0.35600876808166504,0.7171757221221924,0.5018433928489685,0.8446343541145325,0.17289069294929504,0.790032684803009,0.48846179246902466,0.6699985265731812,-0.1273680478334427,0.5273938775062561,0.4921267032623291,0.9142242670059204,0.0811951607465744,0.8003750443458557,0.4861666262149811,0.7754382491111755,-0.19265273213386536,0.5952085852622986
82,2.7333333333333334,0.5068301558494568,0.18180952966213226,-0.10944485664367676,0.9996431469917297,0.5444034337997437,0.25886091589927673,-0.04576729238033295,0.9996152520179749,0.4747987687587738,0.281074196100235,0.06843247264623642,0.9987673163414001,0.5132163763046265,0.24950256943702698,-0.21773643791675568,0.9546989798545837,0.45535263419151306,0.33486175537109375,-0.12427769601345062,0.8385418057441711,0.4960871636867523,0.1614830493927002,-0.30239802598953247,0.949816107749939,0.48771199584007263,0.241561621427536,-0.3595694899559021,0.9521956443786621,0.5370994806289673,0.5202735662460327,-0.01674908585846424,0.9998542070388794,0.48809629678726196,0.50362628698349,0.016784969717264175,0.9996767640113831,0.5186933875083923,0.7048816084861755,-0.03680144622921944,0.8239626884460449,0.4790317416191101,0.5606186389923096,-0.3561888635158539,0.7445444464683533,0.5035430192947388,0.8358789086341858,0.19952532649040222,0.8055981397628784,0.4874712824821472,0.6729480028152466,-0.1137649416923523,0.5659197568893433,0.49218040704727173,0.91156405210495,0.11430580914020538,0.8133171796798706,0.48498979210853577,0.7894690036773682,-0.1754833310842514,0.6293279528617859
83,2.7666666666666666,0.5036263465881348,0.17418378591537476,-0.08499860763549805,0.9996622204780579,0.5441033244132996,0.24880163371562958,-0.03015810251235962,0.9996288418769836,0.4744180738925934,0.2734135389328003,0.11825720220804214,0.9988221526145935,0.5102447271347046,0.2209882289171219,-0.20861752331256866,0.9583505988121033,0.45403069257736206,0.335826575756073,-0.07031150162220001,0.829889714717865,0.4964043200016022,0.13783583045005798,-0.2923901677131653,0.9538853168487549,0.48455095291137695,0.2398214489221573,-0.32462072372436523,0.954245924949646,0.537221372127533,0.5131925940513611,-0.02183009497821331,0.9998452067375183,0.48911961913108826,0.5004173517227173,0.021804526448249817,0.9996923804283142,0.5199886560440063,0.7111726403236389,-0.042825810611248016,0.8117164373397827,0.4798237383365631,0.5595800280570984,-0.3830065131187439,0.76726895570755,0.5052808523178101,0.8330602049827576,0.23076231777668,0.7613494992256165,0.4873414635658264,0.7174540758132935,-0.22457146644592285,0.5904636979103088,0.4942401349544525,0.8970159888267517,0.16400298476219177,0.7769720554351807,0.48459386825561523,0.8010258078575134,-0.3158216178417206,0.6549351811408997
84,2.8,0.5018764734268188,0.1694188416004181,-0.08787250518798828,0.9996873736381531,0.5438545942306519,0.24711865186691284,-0.03178759291768074,0.9996544122695923,0.4741098880767822,0.27258965373039246,0.12871170043945312,0.9989055395126343,0.5107123255729675,0.21862542629241943,-0.2140863835811615,0.9622297286987305,0.45330825448036194,0.33602920174598694,-0.04932538792490959,0.8331811428070068,0.49624237418174744,0.13964006304740906,-0.29933440685272217,0.9582585096359253,0.4835215210914612,0.24042290449142456,-0.2997104525566101,0.9573254585266113,0.5372571349143982,0.5109414458274841,-0.03259902074933052,0.9998480081558228,0.48965558409690857,0.49929457902908325,0.03252335265278816,0.9997153878211975,0.5203935503959656,0.7146257758140564,-0.04725120961666107,0.8215596079826355,0.479839950799942,0.5589250922203064,-0.3812846839427948,0.7893497347831726,0.5091854333877563,0.7895089983940125,0.28680914640426636,0.7065370082855225,0.4871533513069153,0.729734480381012,-0.2127879559993744,0.6260889768600464,0.49656158685684204,0.8405492901802063,0.2392377406358719,0.7381160259246826,0.48407989740371704,0.8021832704544067,-0.3030981123447418,0.6862859725952148
85,2.8333333333333335,0.4880923628807068,0.17104321718215942,-0.12576596438884735,0.9996857047080994,0.5347231030464172,0.241383895277977,-0.07233764976263046,0.9996694326400757,0.473511278629303,0.27293696999549866,0.07608090341091156,0.9989942908287048,0.509794294834137,0.188228040933609,-0.3064001202583313,0.9653523564338684,0.4504854083061218,0.33475354313850403,-0.1383480578660965,0.8420978784561157,0.4890173375606537,0.13745088875293732,-0.4639069139957428,0.9618744850158691,0.4771428108215332,0.24247193336486816,-0.39226242899894714,0.9598606824874878,0.5364766716957092,0.5111303925514221,-0.03154423087835312,0.999848484992981,0.4896160662174225,0.5001422762870789,0.03152330964803696,0.9997410178184509,0.5199316740036011,0.7086871266365051,0.019813258200883865,0.8017040491104126,0.47715792059898376,0.5897064805030823,-0.3540441393852234,0.8097313642501831,0.5074413418769836,0.689293384552002,0.46179813146591187,0.6373239755630493,0.4868624210357666,0.7864514589309692,-0.2450626790523529,0.6619358062744141,0.4959650933742523,0.7302824258804321,0.44611984491348267,0.6696714162826538,0.48416128754615784,0.8419464230537415,-0.35696595907211304,0.7164523005485535
86,2.8666666666666667,0.4857451021671295,0.17191913723945618,-0.14013062417507172,0.9996917843818665,0.5300325155258179,0.23831970989704132,-0.07162131369113922,0.9996777176856995,0.4729515612125397,0.2717997133731842,0.05252254754304886,0.9990668892860413,0.5080406069755554,0.1848640888929367,-0.296133816242218,0.9680007696151733,0.44920817017555237,0.33404403924942017,-0.1550963968038559,0.849044680595398,0.4870131015777588,0.13406631350517273,-0.4497153162956238,0.9651589393615723,0.4738251268863678,0.2434639036655426,-0.4020325541496277,0.9621954560279846,0.5363509654998779,0.51100754737854,-0.028003957122564316,0.9998446702957153,0.4897295832633972,0.5004972815513611,0.027920043095946312,0.9997628331184387,0.5187494158744812,0.7057881355285645,0.023607129231095314,0.7766333222389221,0.4764325022697449,0.5962079167366028,-0.349384605884552,0.8276676535606384,0.5068115592002869,0.6983334422111511,0.44999560713768005,0.5750681757926941,0.486227810382843,0.790679931640625,-0.24302634596824646,0.6934258937835693,0.49421602487564087,0.7420519590377808,0.4280456006526947,0.6081183552742004,0.48403382301330566,0.8456404209136963,-0.35741740465164185,0.7430655360221863
87,2.9,0.4827113747596741,0.1735505759716034,-0.1525731384754181,0.9997051954269409,0.5264915823936462,0.242134690284729,-0.06384779512882233,0.999681830406189,0.46539226174354553,0.27714794874191284,0.021850327029824257,0.9991093873977661,0.5049967765808105,0.17719340324401855,-0.2610618472099304,0.9688288569450378,0.44926977157592773,0.32832926511764526,-0.1829039752483368,0.8311383724212646,0.4830646514892578,0.1228993833065033,-0.39977431297302246,0.9630476832389832,0.471686989068985,0.24120792746543884,-0.415792316198349,0.9323184490203857,0.5356754064559937,0.5088814496994019,-0.011053136549890041,0.9998540282249451,0.4888388216495514,0.5009295344352722,0.010910440236330032,0.9997847676277161,0.5146982669830322,0.6850305199623108,0.02217239700257778,0.7473542094230652,0.4765540063381195,0.6306271553039551,-0.3170053958892822,0.8429722785949707,0.5236477851867676,0.6402432918548584,0.45448917150497437,0.5183566212654114,0.4852204918861389,0.8143977522850037,-0.20915596187114716,0.7205907106399536,0.5275893807411194,0.6887891292572021,0.45080557465553284,0.5509061813354492,0.48630791902542114,0.8670369386672974,-0.32902106642723083,0.7654629349708557
88,2.933333333333333,0.47983330488204956,0.17402935028076172,-0.16789403557777405,0.9997119903564453,0.5238550305366516,0.24416346848011017,-0.07074908912181854,0.9996791481971741,0.4615151882171631,0.2789006233215332,-0.006813950836658478,0.9991435408592224,0.5027100443840027,0.17734335362911224,-0.27459028363227844,0.9686787128448486,0.4492954611778259,0.3259181082248688,-0.2309037148952484,0.8159105777740479,0.48160165548324585,0.12171867489814758,-0.4194502830505371,0.9599410891532898,0.47048240900039673,0.2413712590932846,-0.4739469587802887,0.9046227335929871,0.5352628827095032,0.5083548426628113,-0.004012458026409149,0.9998619556427002,0.48839133977890015,0.5011548399925232,0.003857215866446495,0.9998046159744263,0.514466404914856,0.679496705532074,0.04499384015798569,0.7085415720939636,0.47647103667259216,0.6339845657348633,-0.3230811059474945,0.8562113046646118,0.5256853103637695,0.6381560564041138,0.4758598208427429,0.4670352339744568,0.48493391275405884,0.8165905475616455,-0.24008925259113312,0.7449108958244324,0.5310839414596558,0.687445342540741,0.4657467305660248,0.49821218848228455,0.48713260889053345,0.8647322058677673,-0.3676355183124542,0.7856712937355042
89,2.966666666666667,0.47896847128868103,0.18011197447776794,-0.1630932241678238,0.9996533393859863,0.5198401212692261,0.24540729820728302,-0.08291207253932953,0.9996942281723022,0.46096792817115784,0.28670141100883484,0.014306637458503246,0.9992091059684753,0.49696430563926697,0.17425556480884552,-0.18718984723091125,0.970220148563385,0.4495195746421814,0.37403640151023865,-0.13019250333309174,0.8048632740974426,0.47631439566612244,0.11504214257001877,-0.22720029950141907,0.9611038565635681,0.46059098839759827,0.30669280886650085,-0.3622143864631653,0.905532956123352,0.5342308282852173,0.5027791857719421,-0.021604016423225403,0.999872624874115,0.4880606234073639,0.5015968084335327,0.021414145827293396,0.9998226761817932,0.5077934861183167,0.658507764339447,-0.1836407482624054,0.722098171710968,0.47779813408851624,0.6582009196281433,-0.1740504801273346,0.8655531406402588,0.523158848285675,0.6607556939125061,0.2555270791053772,0.4218732714653015,0.4869576096534729,0.8394568562507629,-0.08161574602127075,0.7645325660705566,0.5246254801750183,0.7182106971740723,0.3153015971183777,0.4525534510612488,0.49102669954299927,0.8902816772460938,-0.1900138109922409,0.7976215481758118
90,3.0,0.4793544411659241,0.18039470911026,-0.17204031348228455,0.9996562600135803,0.5193020701408386,0.24953308701515198,-0.09250196814537048,0.9997110962867737,0.4609971046447754,0.29004380106925964,0.02423201873898506,0.9992757439613342,0.49751710891723633,0.1816032975912094,-0.20853617787361145,0.972122311592102,0.44953376054763794,0.37728750705718994,-0.1301068812608719,0.8028208613395691,0.4765002131462097,0.11635393649339676,-0.2764936685562134,0.9625413417816162,0.45776185393333435,0.31408268213272095,-0.3690339922904968,0.9086454510688782,0.5336714386940002,0.5006628036499023,-0.0266632828861475,0.9998837113380432,0.4878222346305847,0.5019363164901733,0.026485690847039223,0.9998396635055542,0.5047529339790344,0.6525710225105286,-0.1891797035932541,0.7441208958625793,0.4783264696598053,0.6588820815086365,-0.1781368851661682,0.8769866824150085,0.5230127573013306,0.6621742844581604,0.2466268241405487,0.38425013422966003,0.48747530579566956,0.8404189944267273,-0.05928943678736687,0.7858600616455078,0.5249660015106201,0.7223035097122192,0.27550211548805237,0.4196058213710785,0.4924392104148865,0.8954722285270691,-0.16458609700202942,0.8144225478172302
91,3.033333333333333,0.4778761863708496,0.19122008979320526,-0.16583870351314545,0.999676525592804,0.5150145888328552,0.25595778226852417,-0.08406254649162292,0.9997366070747375,0.45963191986083984,0.2968354821205139,0.07703454047441483,0.9993413686752319,0.4952394962310791,0.1641465276479721,-0.0978732481598854,0.9745799899101257,0.4497675895690918,0.39335086941719055,-0.033970799297094345,0.7906907200813293,0.4668571352958679,0.10611976683139801,-0.041382160037755966,0.9624539017677307,0.45547086000442505,0.3495175838470459,-0.2869267761707306,0.8885364532470703,0.5336031317710876,0.5029580593109131,-0.04468272253870964,0.9998945593833923,0.4890383780002594,0.5120744109153748,0.04449992626905441,0.9998551607131958,0.4904405474662781,0.6535323858261108,-0.2571137547492981,0.7689145803451538,0.4781411290168762,0.6725963950157166,-0.09582211077213287,0.888004720211029,0.5292320251464844,0.6785035729408264,0.13218919932842255,0.3672955632209778,0.49333077669143677,0.8617798089981079,-0.009736614301800728,0.8057636618614197,0.5339707136154175,0.74945467710495,0.14869771897792816,0.40566834807395935,0.4996737837791443,0.9172710180282593,-0.10677444934844971,0.8297545313835144
92,3.066666666666667,0.4767402112483978,0.1909763365983963,-0.1455422341823578,0.9996845126152039,0.5130232572555542,0.25614333152770996,-0.08338683843612671,0.9997595548629761,0.45724138617515564,0.3015720248222351,0.08172587305307388,0.9994003176689148,0.49572044610977173,0.15999284386634827,-0.07100838422775269,0.9767517447471619,0.449582040309906,0.40231552720069885,-0.042721036821603775,0.7823736071586609,0.4653661847114563,0.10568249970674515,0.005573011469095945,0.9591003060340881,0.4546518325805664,0.3516587018966675,-0.2961423993110657,0.8696991801261902,0.5335431098937988,0.5037654042243958,-0.04566401615738869,0.9999041557312012,0.48961448669433594,0.5167310833930969,0.045472972095012665,0.9998689889907837,0.4876902103424072,0.6539801955223083,-0.273994505405426,0.7907088994979858,0.47809338569641113,0.6779894232749939,-0.08504371345043182,0.896486759185791,0.5309609174728394,0.6847526431083679,0.11173173040151596,0.34563302993774414,0.49535736441612244,0.8648717403411865,-0.0007129880250431597,0.8220682144165039,0.5358238816261292,0.765690267086029,0.13072934746742249,0.3846617341041565,0.500471293926239,0.9213954210281372,-0.0927114337682724,0.8405942320823669
93,3.1,0.4723830223083496,0.19825750589370728,-0.09046509861946106,0.9997130632400513,0.5034391283988953,0.2721013128757477,0.009557582437992096,0.9997710585594177,0.448619544506073,0.32471439242362976,0.07982992380857468,0.9994406700134277,0.48753294348716736,0.16626951098442078,-0.048731233924627304,0.9748062491416931,0.4498220384120941,0.44812893867492676,0.06678891181945801,0.7294133305549622,0.45993977785110474,0.08857988566160202,-0.11191661655902863,0.9550185203552246,0.4569050371646881,0.5660620927810669,0.010158069431781769,0.793605625629425,0.5300541520118713,0.5107585191726685,-0.03880804777145386,0.9999117255210876,0.489459753036499,0.5283997654914856,0.0380997434258461,0.9998791217803955,0.4882916510105133,0.6498820185661316,-0.3598365783691406,0.8091133832931519,0.4799307882785797,0.6836099624633789,-0.10989069938659668,0.8798934817314148,0.5113095045089722,0.808134138584137,-0.4477386474609375,0.3995376527309418,0.5140410661697388,0.8785133361816406,-0.17998749017715454,0.8250037431716919,0.4924926161766052,0.8339154720306396,-0.6114324331283569,0.44164061546325684,0.5203263163566589,0.9282417297363281,-0.33686333894729614,0.8446375131607056
94,3.1333333333333333,0.4699004292488098,0.2028496414422989,-0.03674773871898651,0.999740719795227,0.5021630525588989,0.2782488763332367,0.05138515681028366,0.9997884631156921,0.4438832700252533,0.3308957815170288,0.12787432968616486,0.9994832277297974,0.48631995916366577,0.16293403506278992,-0.018131127581000328,0.9761257767677307,0.44984135031700134,0.45743751525878906,0.11308880895376205,0.6854174137115479,0.4549283981323242,0.07333444058895111,-0.0913918986916542,0.9570183157920837,0.4579690992832184,0.5758188962936401,0.046172622591257095,0.7285001873970032,0.5284751057624817,0.5162450075149536,-0.036031074821949005,0.9999187588691711,0.4892963767051697,0.533110499382019,0.0355936661362648,0.9998883605003357,0.48954901099205017,0.6478825807571411,-0.3533841669559479,0.8272815942764282,0.4817233979701996,0.6901599764823914,-0.09633691608905792,0.8817307949066162,0.5049496293067932,0.8177850246429443,-0.5026274919509888,0.45325106382369995,0.5192716121673584,0.884020209312439,-0.16898122429847717,0.8368067145347595,0.48452773690223694,0.8459675312042236,-0.6721600294113159,0.49602237343788147,0.5163055658340454,0.9283074140548706,-0.3200829327106476,0.8553177118301392
95,3.1666666666666665,0.4692531228065491,0.21921244263648987,-0.030339736491441727,0.9997656941413879,0.49964994192123413,0.28875333070755005,0.06799517571926117,0.9998008012771606,0.442243754863739,0.3412605822086334,0.13555316627025604,0.9995280504226685,0.47795358300209045,0.1700412482023239,0.005882184952497482,0.9779338240623474,0.450063556432724,0.4668852388858795,0.12653407454490662,0.6757625341415405,0.45187634229660034,0.07615561038255692,-0.06830903887748718,0.9599552154541016,0.4574190080165863,0.5856245756149292,0.06849353015422821,0.7166996002197266,0.5268896818161011,0.5243522524833679,-0.03473300859332085,0.9999241828918457,0.4891858994960785,0.5399813055992126,0.03449007868766785,0.9998960494995117,0.4918423295021057,0.648923397064209,-0.37699663639068604,0.8444807529449463,0.48397254943847656,0.6978932023048401,-0.03698650747537613,0.8916178941726685,0.5005455017089844,0.8100242018699646,-0.5782710313796997,0.5070926547050476,0.5271909832954407,0.8875902891159058,-0.04671456664800644,0.8521091341972351,0.4847744405269623,0.8261216878890991,-0.7488688230514526,0.5463111996650696,0.5188451409339905,0.9336268901824951,-0.18206235766410828,0.8687059879302979
96,3.2,0.46923866868019104,0.22099104523658752,-0.054014019668102264,0.9997867345809937,0.49949222803115845,0.29184263944625854,0.044245749711990356,0.9998114109039307,0.44145306944847107,0.345197856426239,0.11402468383312225,0.9995691776275635,0.47566962242126465,0.1712827831506729,-0.02392875961959362,0.9799166321754456,0.4500005841255188,0.46943503618240356,0.10262986272573471,0.6873878240585327,0.4483717381954193,0.07118262350559235,-0.09555210918188095,0.9632570147514343,0.4565681517124176,0.5862964391708374,0.04815034195780754,0.728450357913971,0.5256814956665039,0.5298783779144287,-0.033739231526851654,0.9999300837516785,0.48859840631484985,0.54336017370224,0.03359260410070419,0.9999042749404907,0.4929686188697815,0.6432657241821289,-0.3998143970966339,0.8600106239318848,0.4869169592857361,0.7063563466072083,0.015149091370403767,0.9018033742904663,0.49875277280807495,0.7978880405426025,-0.5307461023330688,0.5560583472251892,0.5286397933959961,0.8892154097557068,0.06684693694114685,0.866572380065918,0.48682865500450134,0.8186043500900269,-0.689383864402771,0.5916258096694946,0.5194705724716187,0.9338645935058594,-0.0642571896314621,0.8813710808753967
97,3.2333333333333334,0.4652431905269623,0.24439245462417603,-0.04270850867033005,0.9998074173927307,0.4950163960456848,0.3093624711036682,0.03623282164335251,0.9998239278793335,0.44387364387512207,0.35679757595062256,0.12463951110839844,0.9996084570884705,0.4709865152835846,0.19602462649345398,-0.05524967983365059,0.9809589385986328,0.45090848207473755,0.4769629240036011,0.15133890509605408,0.6928364634513855,0.43835195899009705,0.07955023646354675,-0.13651928305625916,0.9659415483474731,0.4505002498626709,0.5962066054344177,0.12418098747730255,0.7459204792976379,0.5225074291229248,0.5409672260284424,-0.03266602009534836,0.999925434589386,0.48585957288742065,0.5556096434593201,0.03244779258966446,0.999900758266449,0.49351996183395386,0.6486538052558899,-0.4013676643371582,0.873571515083313,0.4861775040626526,0.7094032764434814,-0.0866851955652237,0.9050151705741882,0.4895213544368744,0.8107149600982666,-0.6826539635658264,0.5981389284133911,0.5249742865562439,0.8852683901786804,-0.2227403223514557,0.8672835826873779,0.4664887487888336,0.8120408654212952,-0.8816969990730286,0.632153332233429,0.5184218287467957,0.9303392171859741,-0.36478978395462036,0.8880045413970947
98,3.2666666666666666,0.4635092318058014,0.2528803050518036,-0.0636177584528923,0.9998254776000977,0.49271494150161743,0.31219926476478577,0.025500694289803505,0.9998351335525513,0.44403260946273804,0.3588278889656067,0.11818169057369232,0.9996426701545715,0.470004141330719,0.20255769789218903,-0.06374333798885345,0.9826570153236389,0.4527130126953125,0.4792466461658478,0.13851408660411835,0.7100746035575867,0.4364987909793854,0.08645112067461014,-0.16282318532466888,0.9691172242164612,0.4495299756526947,0.5942838788032532,0.08674931526184082,0.7670397758483887,0.5218032002449036,0.546260416507721,-0.0369681678712368,0.9999259114265442,0.48563140630722046,0.558832049369812,0.03654686361551285,0.9999027252197266,0.49430757761001587,0.6583613157272339,-0.420177161693573,0.8861656188964844,0.48603424429893494,0.7096870541572571,-0.10358811914920807,0.913661777973175,0.48432812094688416,0.8047723770141602,-0.6317665576934814,0.6379336714744568,0.5248346328735352,0.8825092911720276,-0.16678664088249207,0.8792997598648071,0.4642221927642822,0.8099993467330933,-0.8101531863212585,0.6688724160194397,0.5176160335540771,0.9332307577133179,-0.30057722330093384,0.8984589576721191
99,3.3,0.46439582109451294,0.2454429417848587,-0.09983053058385849,0.9998288154602051,0.4943081736564636,0.3099828064441681,-0.06351953744888306,0.9998286366462708,0.4447621703147888,0.35201138257980347,0.11093057692050934,0.9996300935745239,0.47273311018943787,0.2620682120323181,-0.2200385332107544,0.9713449478149414,0.45268622040748596,0.47352832555770874,0.13081136345863342,0.6480417251586914,0.46009427309036255,0.24889710545539856,-0.36240154504776,0.9395849704742432,0.45027297735214233,0.5590083003044128,0.0913456529378891,0.702997088432312,0.5168145895004272,0.5595865845680237,-0.039770983159542084,0.9999304413795471,0.4758617877960205,0.571736752986908,0.03947707265615463,0.9999083280563354,0.4948013722896576,0.6784017086029053,-0.3597574234008789,0.8964113593101501,0.4773632884025574,0.7039923667907715,-0.20681795477867126,0.9164667129516602,0.48458343744277954,0.8159013390541077,-0.4182579517364502,0.6710692644119263,0.5175983905792236,0.8766301274299622,-0.2695557475090027,0.8809056878089905,0.47185128927230835,0.8252147436141968,-0.5608786344528198,0.7004138827323914,0.5161551237106323,0.928052544593811,-0.402090847492218,0.9010430574417114
100,3.3333333333333335,0.4654582440853119,0.2411785125732422,-0.10066696256399155,0.9998437166213989,0.49469441175460815,0.30849865078926086,-0.06889621168375015,0.9998296499252319,0.44510945677757263,0.34707707166671753,0.1327827423810959,0.9996355772018433,0.47262439131736755,0.2712043225765228,-0.2343415468931198,0.9261212348937988,0.45321378111839294,0.46867039799690247,0.16510823369026184,0.5850034356117249,0.46893176436424255,0.2642420828342438,-0.3763275742530823,0.8605825901031494,0.45083945989608765,0.5257955193519592,0.12519490718841553,0.6347675919532776,0.513680100440979,0.5564838647842407,-0.05136539414525032,0.999928891658783,0.47287845611572266,0.568678081035614,0.051072873175144196,0.9999068379402161,0.4950947165489197,0.6827699542045593,-0.3576416075229645,0.8824062943458557,0.47319474816322327,0.7055497169494629,-0.22235806286334991,0.8538724184036255,0.48594099283218384,0.8267366290092468,-0.5694709420204163,0.6676439642906189,0.5107124447822571,0.8735484480857849,-0.36452192068099976,0.8100895881652832,0.46895161271095276,0.8216165900230408,-0.7551445960998535,0.7174329161643982,0.5121464133262634,0.9136391282081604,-0.5152133703231812,0.8472201824188232
101,3.3666666666666667,0.4716551899909973,0.2367280125617981,-0.15022340416908264,0.9997469186782837,0.4896043837070465,0.3165408670902252,-0.10115400701761246,0.999805212020874,0.44593578577041626,0.3398693799972534,0.11544904857873917,0.9996430277824402,0.4741206169128418,0.39116615056991577,-0.2070685178041458,0.8653655648231506,0.4342127740383148,0.4273069202899933,0.04189148545265198,0.5477933287620544,0.4675472676753998,0.4219815135002136,-0.33871954679489136,0.7905937433242798,0.41734474897384644,0.4034547507762909,-0.2093428075313568,0.6448096036911011,0.4984096884727478,0.5666453242301941,-0.057072680443525314,0.9999285936355591,0.4616123139858246,0.5744045972824097,0.05686250329017639,0.9999081492424011,0.4827321171760559,0.723406195640564,-0.22892865538597107,0.8761047124862671,0.4651945233345032,0.7380356788635254,-0.06107371300458908,0.8026498556137085,0.4834262728691101,0.8857254981994629,-0.15454372763633728,0.6781795620918274,0.49939703941345215,0.8724731206893921,0.048565372824668884,0.7717573046684265,0.47239869832992554,0.9237772822380066,-0.26817625761032104,0.7247294783592224,0.5094887018203735,0.9191344380378723,-0.0463741272687912,0.8059356808662415
102,3.4,0.47336262464523315,0.23663833737373352,-0.1347455233335495,0.9997156262397766,0.4866407513618469,0.31884682178497314,-0.09242336452007294,0.9997962713241577,0.4493462145328522,0.3287373483181,0.1136963739991188,0.9996551871299744,0.4727214276790619,0.38376444578170776,-0.19401341676712036,0.8331570625305176,0.4274473786354065,0.3994382321834564,0.024861134588718414,0.5101478099822998,0.4421418309211731,0.3989221751689911,-0.300866037607193,0.7399982810020447,0.4124772548675537,0.38585665822029114,-0.220995232462883,0.6469074487686157,0.49467214941978455,0.5690324902534485,-0.05634196475148201,0.999931275844574,0.4571956992149353,0.5743921995162964,0.056141436100006104,0.9999122619628906,0.4803733825683594,0.7256931066513062,-0.26179537177085876,0.8827389478683472,0.46246337890625,0.739748477935791,-0.08089481294155121,0.7863725423812866,0.48338693380355835,0.8837960958480835,-0.19539663195610046,0.6998909115791321,0.4959372878074646,0.8746951818466187,0.0004652860516216606,0.7670882940292358,0.47314581274986267,0.9162907004356384,-0.3135160803794861,0.7436785697937012,0.5049944519996643,0.9204604029655457,-0.10584579408168793,0.7996625304222107
103,3.433333333333333,0.47784170508384705,0.24536900222301483,-0.15832588076591492,0.9997329115867615,0.4912039339542389,0.34185051918029785,-0.009006422944366932,0.9997854828834534,0.4459203779697418,0.3129435181617737,0.010183596983551979,0.9996433258056641,0.4848714768886566,0.4628152549266815,0.017642173916101456,0.7843334674835205,0.412908136844635,0.2584591805934906,-0.0027751075103878975,0.5487370491027832,0.47126802802085876,0.5531114339828491,-0.03060748800635338,0.6876922845840454,0.41319751739501953,0.1923402100801468,-0.051187776029109955,0.6550229787826538,0.49200639128685,0.5721205472946167,-0.013135744258761406,0.9999366402626038,0.44521060585975647,0.5759663581848145,0.01294360589236021,0.9999193549156189,0.47630825638771057,0.7360525131225586,-0.13315905630588531,0.8928765058517456,0.45461755990982056,0.7579182386398315,-0.04539698734879494,0.8012610077857971,0.4762059152126312,0.9048635959625244,0.03806601092219353,0.7269470691680908,0.4948297441005707,0.865990936756134,0.16543768346309662,0.7806844711303711,0.46688371896743774,0.9671100378036499,-0.04225294291973114,0.7657591700553894,0.5083853602409363,0.9197142720222473,0.10618386417627335,0.8067052364349365
104,3.466666666666667,0.4785118103027344,0.2488356977701187,-0.17063643038272858,0.9997486472129822,0.4931415617465973,0.348525732755661,-0.031996969133615494,0.9997818470001221,0.4462002217769623,0.31103411316871643,0.055446188896894455,0.9996415376663208,0.48866692185401917,0.4609905779361725,-0.030593659728765488,0.7689580917358398,0.4132000505924225,0.270722359418869,0.13631460070610046,0.5748270153999329,0.46983736753463745,0.5490661263465881,-0.06045405939221382,0.6711704730987549,0.4119950234889984,0.21653306484222412,0.14395374059677124,0.6788815259933472,0.4888511300086975,0.5735172033309937,-0.014434689655900002,0.999940037727356,0.4419865012168884,0.5767086744308472,0.01370270550251007,0.9999242424964905,0.47746914625167847,0.7347428798675537,-0.1638643443584442,0.9026542901992798,0.4503154754638672,0.75517338514328,-0.02636120840907097,0.817341685295105,0.4747806489467621,0.9029921889305115,0.0025056723970919847,0.7523828744888306,0.4952023923397064,0.8575957417488098,0.17699860036373138,0.7956169247627258,0.46785297989845276,0.9634979367256165,-0.07504409551620483,0.7870878577232361,0.5084205269813538,0.9199957847595215,0.1202525943517685,0.8175334334373474
105,3.5,0.48384684324264526,0.259957492351532,-0.12469153106212616,0.9997629523277283,0.5015533566474915,0.3677998483181,0.003334736917167902,0.9997746348381042,0.4458649754524231,0.31182101368904114,0.06665772944688797,0.9996345639228821,0.5008722543716431,0.47195321321487427,-0.0640970766544342,0.7241984605789185,0.41387948393821716,0.2537078559398651,0.04501558095216751,0.6115165948867798,0.48701873421669006,0.5544057488441467,-0.18498003482818604,0.6367694139480591,0.40680575370788574,0.13889527320861816,-0.04289395362138748,0.7075921297073364,0.4844113290309906,0.5752654075622559,-0.021688830107450485,0.99993896484375,0.43740716576576233,0.5760922431945801,0.0212680883705616,0.9999233484268188,0.4734634757041931,0.7326748371124268,-0.26380670070648193,0.9111255407333374,0.44446414709091187,0.7557995319366455,-0.04695925489068031,0.8220059275627136,0.47248131036758423,0.9120975136756897,-0.1450771987438202,0.775534987449646,0.49087733030319214,0.8563942909240723,0.15368786454200745,0.7893992066383362,0.4679175913333893,0.9628744125366211,-0.31444883346557617,0.80648273229599,0.5054775476455688,0.9201803207397461,0.08417100459337234,0.8071110844612122
106,3.533333333333333,0.4871252179145813,0.25924062728881836,-0.15768370032310486,0.999765932559967,0.5083385705947876,0.37613755464553833,-0.00462419493123889,0.9997555613517761,0.4459003508090973,0.3091432750225067,0.0316421203315258,0.9996286630630493,0.5051427483558655,0.4858400523662567,-0.0826617181301117,0.687222957611084,0.41382747888565063,0.24762466549873352,-0.0269185658544302,0.6447872519493103,0.4916144013404846,0.5620856285095215,-0.25705385208129883,0.600332498550415,0.40682879090309143,0.13211005926132202,-0.14258989691734314,0.7344522476196289,0.48457828164100647,0.5764455795288086,-0.01761024445295334,0.9999398589134216,0.4353805482387543,0.5757707357406616,0.01739177666604519,0.9999265670776367,0.4729435443878174,0.7324692606925964,-0.15670844912528992,0.9162206649780273,0.44411712884902954,0.7571280002593994,-0.09299251437187195,0.8321356177330017,0.47087764739990234,0.9117008447647095,-0.010711563751101494,0.7949977517127991,0.48900166153907776,0.8564801812171936,0.12207622826099396,0.7920308113098145,0.46848392486572266,0.9619097113609314,-0.11639724671840668,0.822147011756897,0.5005413293838501,0.9204209446907043,0.060385365039110184,0.8064003586769104
107,3.566666666666667,0.49096742272377014,0.2712445855140686,-0.23467881977558136,0.9997686743736267,0.5105493664741516,0.40462541580200195,-0.11289191246032715,0.9997696876525879,0.4451221525669098,0.3107821047306061,-0.016332602128386497,0.9995846748352051,0.5040599703788757,0.5340426564216614,-0.15335288643836975,0.7130658626556396,0.4174981117248535,0.23103341460227966,-0.051397472620010376,0.6766055226325989,0.46625322103500366,0.5820473432540894,-0.27010124921798706,0.6368105411529541,0.4046633243560791,0.1287827491760254,-0.1551305502653122,0.7590029835700989,0.47724437713623047,0.5857275724411011,-0.021694978699088097,0.9999375939369202,0.4313758909702301,0.5823023319244385,0.02146248333156109,0.9999194145202637,0.46851760149002075,0.7315292954444885,-0.247579887509346,0.9234985113143921,0.435955673456192,0.7659873366355896,-0.07164788991212845,0.8411736488342285,0.4682742953300476,0.9088006615638733,-0.1272062212228775,0.8142951130867004,0.4850546717643738,0.8539862036705017,0.18986301124095917,0.7941709160804749,0.4684889316558838,0.9616291522979736,-0.25006303191185,0.8388038873672485,0.4956839084625244,0.9239360094070435,0.11960452795028687,0.8096370697021484
108,3.6,0.49125775694847107,0.27221617102622986,-0.23221413791179657,0.9997795820236206,0.5121278762817383,0.4122770130634308,-0.11144274473190308,0.9997869729995728,0.44523343443870544,0.3112336993217468,-0.019692091271281242,0.9995353817939758,0.5035758018493652,0.5392794609069824,-0.16442513465881348,0.7387418150901794,0.41870230436325073,0.22549022734165192,-0.059823401272296906,0.7053660154342651,0.4587937891483307,0.5835636258125305,-0.29615432024002075,0.6715296506881714,0.4062337279319763,0.12414271384477615,-0.15710404515266418,0.7807318568229675,0.47475823760032654,0.5887019038200378,-0.023513762280344963,0.9999337792396545,0.42926454544067383,0.5838960409164429,0.023301664739847183,0.999905526638031,0.46788454055786133,0.7294009923934937,-0.32136255502700806,0.9303371906280518,0.43535810708999634,0.767948567867279,-0.03766695410013199,0.8448522090911865,0.46893778443336487,0.9044859409332275,-0.16978181898593903,0.8313934803009033,0.48125243186950684,0.8513510823249817,0.245937317609787,0.7844876050949097,0.46661320328712463,0.9666236639022827,-0.3072628378868103,0.8536425828933716,0.49576282501220703,0.9238772988319397,0.1806754320859909,0.8034398555755615
109,3.6333333333333333,0.49043935537338257,0.30340078473091125,-0.32001546025276184,0.9997997283935547,0.5088337659835815,0.4173196256160736,-0.14511719346046448,0.9998064041137695,0.44311103224754333,0.3116832971572876,-0.12842054665088654,0.9995565414428711,0.4942414164543152,0.5299115180969238,-0.1698761135339737,0.7599504590034485,0.4149634838104248,0.2205050140619278,-0.19508111476898193,0.7307677268981934,0.45629048347473145,0.5966120362281799,-0.2961280047893524,0.7017604112625122,0.39571085572242737,0.08867314457893372,-0.3102753162384033,0.8000078201293945,0.46677884459495544,0.5843191742897034,-1.6153286196640693e-05,0.9999316334724426,0.4204643666744232,0.5818413496017456,-0.0001329924853052944,0.9998986721038818,0.46931663155555725,0.726842999458313,-0.2648421823978424,0.9367761015892029,0.4299093186855316,0.7618539333343506,-0.17512711882591248,0.8572585582733154,0.468376487493515,0.901163637638092,-0.12640035152435303,0.8472501635551453,0.4576147198677063,0.8497330546379089,0.12414290755987167,0.795876145362854,0.46493077278137207,0.9606077671051025,-0.25726813077926636,0.867260217666626,0.4607101380825043,0.9192593693733215,0.12634636461734772,0.8134738206863403
110,3.6666666666666665,0.49037614464759827,0.3064190149307251,-0.27567994594573975,0.9998177289962769,0.5072651505470276,0.4204343259334564,-0.11840704828500748,0.9998244643211365,0.44239625334739685,0.312320739030838,-0.09206392616033554,0.9995661377906799,0.49053850769996643,0.5315671563148499,-0.16006813943386078,0.7768776416778564,0.4134009778499603,0.21593892574310303,-0.14332762360572815,0.7502893805503845,0.4568800926208496,0.5999479293823242,-0.3134939968585968,0.7288440465927124,0.39431843161582947,0.089539535343647,-0.23402619361877441,0.8135517239570618,0.46419620513916016,0.5819146633148193,-0.0012457234552130103,0.9999299645423889,0.41819387674331665,0.5808496475219727,0.0010302690789103508,0.9998871684074402,0.468477725982666,0.7252894043922424,-0.26435691118240356,0.942237377166748,0.4305901527404785,0.7655938267707825,-0.15001848340034485,0.8580871820449829,0.46575289964675903,0.900068998336792,-0.148602694272995,0.8607276678085327,0.4554334282875061,0.8411744236946106,0.17953519523143768,0.7764084339141846,0.4626009464263916,0.9589002132415771,-0.26291602849960327,0.878892183303833,0.4599972367286682,0.9044550657272339,0.1357329785823822,0.7986862659454346
111,3.7,0.490520715713501,0.30997970700263977,-0.3584884703159332,0.9998337626457214,0.50603187084198,0.41435956954956055,-0.17583416402339935,0.9998403191566467,0.4423360228538513,0.3122115731239319,-0.16179092228412628,0.9995864033699036,0.4867507815361023,0.5270640850067139,-0.19016876816749573,0.7930753827095032,0.4108530879020691,0.21505050361156464,-0.226310133934021,0.7701772451400757,0.4556056559085846,0.5985953211784363,-0.3169589638710022,0.7522403597831726,0.39380761981010437,0.08021091669797897,-0.3458373546600342,0.8281751871109009,0.46546250581741333,0.5813945531845093,0.0043269130401313305,0.9999291896820068,0.41891011595726013,0.5793680548667908,-0.004488679580390453,0.9998851418495178,0.4697352349758148,0.7242739200592041,-0.18715566396713257,0.9470288753509521,0.4303351044654846,0.7628397345542908,-0.12643475830554962,0.8668460249900818,0.4661020338535309,0.8967931270599365,-0.05614997819066048,0.8731659054756165,0.4526652693748474,0.8427804112434387,0.13598839938640594,0.7864490151405334,0.4615285396575928,0.9535645246505737,-0.1825607717037201,0.8896204829216003,0.4558676779270172,0.905591607093811,0.06555686891078949,0.8075469732284546
112,3.7333333333333334,0.49051445722579956,0.31050559878349304,-0.3688803017139435,0.9998476505279541,0.505271315574646,0.41396239399909973,-0.19342981278896332,0.9998540282249451,0.44238123297691345,0.31249773502349854,-0.1764901578426361,0.9996054172515869,0.4852910041809082,0.5270233750343323,-0.19963493943214417,0.8093276023864746,0.4110807478427887,0.22086089849472046,-0.2390824556350708,0.7894904613494873,0.45483654737472534,0.6005566120147705,-0.3112248182296753,0.7734699249267578,0.39482730627059937,0.08755434304475784,-0.35884568095207214,0.8427244424819946,0.4663692116737366,0.5800933241844177,0.0046146223321557045,0.9999286532402039,0.419442355632782,0.5787502527236938,-0.004753355868160725,0.9998849630355835,0.47049346566200256,0.7237880229949951,-0.16654209792613983,0.9514586329460144,0.43084773421287537,0.7611866593360901,-0.127846360206604,0.8759912252426147,0.4665742516517639,0.8955971598625183,-0.026726949959993362,0.8845052719116211,0.4508994221687317,0.841259241104126,0.12231825292110443,0.7975125908851624,0.46032747626304626,0.9524733424186707,-0.14892320334911346,0.899337887763977,0.45467671751976013,0.9061817526817322,0.04955993592739105,0.8171917796134949
113,3.7666666666666666,0.4909561574459076,0.3101707398891449,-0.36976391077041626,0.999860942363739,0.5051299333572388,0.4127122759819031,-0.19507107138633728,0.9998666644096375,0.4424813687801361,0.3127715289592743,-0.17889457941055298,0.9996265172958374,0.4848337769508362,0.5257591009140015,-0.20233145356178284,0.823533296585083,0.41159844398498535,0.21784600615501404,-0.23871943354606628,0.8069726824760437,0.4551928639411926,0.5993773937225342,-0.31546467542648315,0.7924188375473022,0.39526084065437317,0.08437645435333252,-0.35525354743003845,0.8559277653694153,0.4674047529697418,0.5784742832183838,0.004951147828251123,0.9999287128448486,0.42055797576904297,0.5774154663085938,-0.005095791071653366,0.9998860359191895,0.4709746837615967,0.723189115524292,-0.16136054694652557,0.9551159739494324,0.43059229850769043,0.7561296820640564,-0.12386977672576904,0.8830897808074951,0.46679726243019104,0.8945415019989014,-0.019006269052624702,0.8940591216087341,0.4519525468349457,0.8403366804122925,0.11854176223278046,0.805254340171814,0.4596526026725769,0.9504646062850952,-0.13767430186271667,0.9075391292572021,0.45567479729652405,0.9066914319992065,0.04578382149338722,0.8240016102790833
114,3.8,0.4910610318183899,0.3099936544895172,-0.3752961754798889,0.9998729825019836,0.5051042437553406,0.41241100430488586,-0.20460903644561768,0.9998782277107239,0.44255343079566956,0.31294921040534973,-0.18217477202415466,0.999645471572876,0.4846690595149994,0.5257768630981445,-0.21292808651924133,0.8375611305236816,0.4117875099182129,0.2178422063589096,-0.23802241683006287,0.8231797218322754,0.45536455512046814,0.6001260280609131,-0.32581084966659546,0.8103997707366943,0.39546865224838257,0.08406286686658859,-0.3516908884048462,0.868183434009552,0.4676973223686218,0.5776342749595642,0.0038217096589505672,0.9999285340309143,0.4207943081855774,0.5762718915939331,-0.003969583194702864,0.9998866319656372,0.47128385305404663,0.7227798700332642,-0.16455036401748657,0.9583591818809509,0.4302140176296234,0.7505410313606262,-0.1215410977602005,0.8892809152603149,0.4669362008571625,0.8938068747520447,-0.01575048454105854,0.9023293852806091,0.45196589827537537,0.8397224545478821,0.11840695142745972,0.8114374876022339,0.4596115052700043,0.9499120712280273,-0.13021866977214813,0.9146276712417603,0.45592284202575684,0.9073883891105652,0.046946726739406586,0.8294166922569275
115,3.8333333333333335,0.4908861219882965,0.31370076537132263,-0.3584694266319275,0.9998850226402283,0.5049436688423157,0.41052085161209106,-0.18366827070713043,0.9998893737792969,0.43506741523742676,0.33156082034111023,-0.17427542805671692,0.9996585249900818,0.48425307869911194,0.5220400094985962,-0.1949378252029419,0.8506109118461609,0.41157960891723633,0.21728858351707458,-0.24124088883399963,0.8334413170814514,0.45574110746383667,0.6012834906578064,-0.3051219582557678,0.8268301486968994,0.39507901668548584,0.0874677449464798,-0.3388066291809082,0.8705663681030273,0.4644598364830017,0.5727893114089966,0.006498645059764385,0.9999324083328247,0.418363481760025,0.5732744932174683,-0.006640927400439978,0.9998917579650879,0.4719300866127014,0.7211198806762695,-0.20863422751426697,0.9621362686157227,0.42827385663986206,0.7211068868637085,-0.24857601523399353,0.8987301588058472,0.46719011664390564,0.8978375792503357,-0.11699967086315155,0.9115654826164246,0.44316673278808594,0.8396652340888977,-0.0747908502817154,0.827136754989624,0.4574764668941498,0.9489607810974121,-0.25311511754989624,0.9226019978523254,0.44331884384155273,0.9076387882232666,-0.16992297768592834,0.843350350856781
116,3.8666666666666667,0.49083858728408813,0.3147948682308197,-0.36449292302131653,0.9998955726623535,0.5048797726631165,0.40938812494277954,-0.18914729356765747,0.9998992681503296,0.4320971369743347,0.3367854356765747,-0.18052808940410614,0.9996622204780579,0.48413991928100586,0.5210435390472412,-0.2024853229522705,0.8622782826423645,0.4110596179962158,0.21557733416557312,-0.24933478236198425,0.8413156867027283,0.45589861273765564,0.6012493371963501,-0.3122013211250305,0.8414360880851746,0.3943713307380676,0.08668936789035797,-0.3439179062843323,0.8687092065811157,0.4644532799720764,0.571235716342926,0.007129811681807041,0.9999352693557739,0.41814422607421875,0.5713220238685608,-0.007274771574884653,0.999894917011261,0.47240573167800903,0.7198305726051331,-0.22046825289726257,0.9653921127319336,0.4277103543281555,0.7129994630813599,-0.26371505856513977,0.9068337678909302,0.4673069417476654,0.8991000056266785,-0.12082268297672272,0.9196779131889343,0.44051042199134827,0.8378321528434753,-0.0827048197388649,0.8403419852256775,0.4567964971065521,0.9492524862289429,-0.25293436646461487,0.9295535087585449,0.4413382112979889,0.9093788266181946,-0.17445817589759827,0.854939877986908
117,3.9,0.48831906914711,0.32018816471099854,-0.2935207486152649,0.9998997449874878,0.5048189163208008,0.3993643522262573,-0.06391480565071106,0.9999072551727295,0.4301892817020416,0.34713006019592285,-0.15387389063835144,0.9996929168701172,0.4828246533870697,0.5101292729377747,-0.019214415922760963,0.8606763482093811,0.42749708890914917,0.46486350893974304,-0.19140729308128357,0.8473973274230957,0.4607982039451599,0.5977849960327148,-0.09924949705600739,0.8326167464256287,0.44116440415382385,0.5590952038764954,-0.24765101075172424,0.8612149953842163,0.4617821276187897,0.5572440028190613,0.028466861695051193,0.9999407529830933,0.4136583209037781,0.552146852016449,-0.028612440451979637,0.9999041557312012,0.47291135787963867,0.7186568975448608,-0.15979072451591492,0.9684455394744873,0.4241081178188324,0.7011329531669617,-0.24740202724933624,0.9156035780906677,0.4662545621395111,0.8989402651786804,-0.10956019163131714,0.9269041419029236,0.42417749762535095,0.8525661826133728,-0.1587790548801422,0.8551275730133057,0.45745110511779785,0.9523916244506836,-0.23607413470745087,0.9358603954315186,0.4216187596321106,0.92313551902771,-0.2674643397331238,0.8682366609573364
118,3.933333333333333,0.4868912696838379,0.3208424746990204,-0.25941479206085205,0.9999038577079773,0.5041514039039612,0.39411160349845886,-0.033972300589084625,0.9999141097068787,0.4297447204589844,0.3498001992702484,-0.15361405909061432,0.9997197985649109,0.4818187355995178,0.5075663328170776,0.018017161637544632,0.8570688366889954,0.43097132444381714,0.46807166934013367,-0.17700406908988953,0.851664662361145,0.4621098041534424,0.597931444644928,-0.05111142247915268,0.8230845332145691,0.44499263167381287,0.5533745288848877,-0.24710838496685028,0.8505332469940186,0.45992881059646606,0.5558218955993652,0.034647807478904724,0.9999457001686096,0.4128906726837158,0.5499686598777771,-0.034794799983501434,0.9999123811721802,0.4735147953033447,0.7171971797943115,-0.16461701691150665,0.9711580872535706,0.42355331778526306,0.6972880959510803,-0.24327373504638672,0.9234743118286133,0.4658988118171692,0.898777186870575,-0.12268459796905518,0.9333052039146423,0.42234835028648376,0.859610915184021,-0.1720493882894516,0.868468165397644,0.4598925709724426,0.9574693441390991,-0.24675142765045166,0.9414913058280945,0.42061519622802734,0.9272825717926025,-0.280307799577713,0.8802364468574524
119,3.966666666666667,0.4851320683956146,0.320286363363266,-0.3395722806453705,0.9998927712440491,0.503690779209137,0.38633644580841064,-0.0780508890748024,0.9999165534973145,0.4307911992073059,0.3558923602104187,-0.215206578373909,0.9997435808181763,0.48200011253356934,0.4945541024208069,-0.03268304094672203,0.8438053727149963,0.4311830401420593,0.48801544308662415,-0.24866342544555664,0.8609783053398132,0.4709523618221283,0.5942625999450684,-0.11801262944936752,0.7970932126045227,0.45093289017677307,0.589744508266449,-0.31924721598625183,0.8545017242431641,0.4545231759548187,0.5568130016326904,0.04374105483293533,0.9999495148658752,0.40890365839004517,0.5497780442237854,-0.04384990409016609,0.9999194145202637,0.47354164719581604,0.7138254642486572,-0.17109325528144836,0.9734507203102112,0.4227122366428375,0.6911718845367432,-0.28211742639541626,0.9305380582809448,0.46288949251174927,0.8981863856315613,-0.11918941885232925,0.939265251159668,0.4147671163082123,0.8605876564979553,-0.1855047196149826,0.8804678916931152,0.4600520730018616,0.9624272584915161,-0.24453702569007874,0.9466410875320435,0.41335612535476685,0.9341722130775452,-0.3055659234523773,0.8909600377082825
120,4.0,0.48284006118774414,0.3205343782901764,-0.38533636927604675,0.9998663663864136,0.5036421418190002,0.38519248366355896,-0.09897805750370026,0.9999189376831055,0.4310398995876312,0.3553556501865387,-0.23937876522541046,0.9997655749320984,0.4821857511997223,0.49125489592552185,-0.06476273387670517,0.8370786905288696,0.4319177269935608,0.4838202893733978,-0.2674115300178528,0.8702651262283325,0.47253337502479553,0.5947652459144592,-0.15500867366790771,0.7795004844665527,0.4524316191673279,0.5840391516685486,-0.343923956155777,0.8624586462974548,0.4529934525489807,0.5556776523590088,0.04460669308900833,0.9999525547027588,0.40874630212783813,0.5476530194282532,-0.04473094642162323,0.9999254941940308,0.4737965166568756,0.7101707458496094,-0.1687401533126831,0.9748238325119019,0.4234199523925781,0.688500702381134,-0.2882177233695984,0.9366260766983032,0.4616006016731262,0.8978614807128906,-0.08588748425245285,0.9437021613121033,0.4136699140071869,0.8611944317817688,-0.17994950711727142,0.8906638026237488,0.4605482518672943,0.963322639465332,-0.21878771483898163,0.9504513740539551,0.4095603823661804,0.9346552491188049,-0.3027554154396057,0.8999707698822021
121,4.033333333333333,0.4813685417175293,0.3192063570022583,-0.40427079796791077,0.9998642802238464,0.5023247003555298,0.3771597445011139,-0.09963170439004898,0.999922513961792,0.43235477805137634,0.35987696051597595,-0.2861592173576355,0.9997859597206116,0.48238295316696167,0.48766085505485535,-0.0477437824010849,0.8338731527328491,0.43596020340919495,0.49375995993614197,-0.32348719239234924,0.8808859586715698,0.4776841998100281,0.5957460403442383,-0.12182071059942245,0.7713788747787476,0.45839840173721313,0.6050536036491394,-0.37939712405204773,0.8702990412712097,0.4478229880332947,0.5556645393371582,0.05546677112579346,0.9999558925628662,0.4065098166465759,0.5458141565322876,-0.05559239909052849,0.9999315738677979,0.4735117554664612,0.7084117531776428,-0.17497864365577698,0.9761466979980469,0.4230766296386719,0.6823566555976868,-0.3250437378883362,0.9423534274101257,0.46041664481163025,0.896211564540863,-0.09119446575641632,0.9476844668388367,0.41036438941955566,0.8621712327003479,-0.2430277168750763,0.9005780220031738,0.46077585220336914,0.9627134799957275,-0.2220117151737213,0.9538775682449341,0.4057747721672058,0.9331167340278625,-0.37346047163009644,0.908755362033844
122,4.066666666666666,0.4817602038383484,0.31831809878349304,-0.382549524307251,0.999866247177124,0.5012790560722351,0.37605005502700806,-0.10189391672611237,0.9999271631240845,0.4324164390563965,0.3639236390590668,-0.2740815281867981,0.9998050928115845,0.48250699043273926,0.48583582043647766,-0.038457080721855164,0.8353305459022522,0.4369746744632721,0.4962620735168457,-0.3063274025917053,0.891418993473053,0.48085880279541016,0.5947931408882141,-0.11132217943668365,0.7764784097671509,0.4606485366821289,0.6073474287986755,-0.3594830334186554,0.8809201121330261,0.44765210151672363,0.555523693561554,0.055554766207933426,0.9999586939811707,0.40679842233657837,0.5459631681442261,-0.0556640699505806,0.9999368786811829,0.47331494092941284,0.7084684371948242,-0.15977655351161957,0.9769283533096313,0.42298465967178345,0.6836226582527161,-0.3139936029911041,0.947404146194458,0.45988425612449646,0.8947960734367371,-0.07575851678848267,0.9510264992713928,0.4086929261684418,0.8615230321884155,-0.2228795737028122,0.9092908501625061,0.46135997772216797,0.9620847105979919,-0.20004208385944366,0.9567602872848511,0.4045747220516205,0.9322795271873474,-0.34425416588783264,0.9164421558380127
123,4.1,0.4819898009300232,0.3176063299179077,-0.40160879492759705,0.9998758435249329,0.5000637769699097,0.3712804615497589,-0.10361317545175552,0.9999324679374695,0.43279290199279785,0.3685343563556671,-0.29550257325172424,0.9998234510421753,0.48313790559768677,0.4821454882621765,-0.03840802609920502,0.8445162177085876,0.43956050276756287,0.5033209323883057,-0.32319700717926025,0.9018557667732239,0.4860757291316986,0.5943865776062012,-0.10288830101490021,0.7870590090751648,0.4663967192173004,0.624668538570404,-0.3685914874076843,0.8919401168823242,0.44244304299354553,0.5514654517173767,0.058039288967847824,0.9999616742134094,0.4034188389778137,0.5386406183242798,-0.058152176439762115,0.9999422430992126,0.47254109382629395,0.7009015679359436,-0.16114366054534912,0.9786284565925598,0.42191195487976074,0.6699172258377075,-0.34560540318489075,0.9524682760238647,0.45779532194137573,0.8887274861335754,-0.0877591073513031,0.9547973275184631,0.40302586555480957,0.8634289503097534,-0.2925325036048889,0.917987585067749,0.4614691734313965,0.9616763591766357,-0.21191363036632538,0.9601303339004517,0.3974730968475342,0.9320375323295593,-0.430286169052124,0.9243425130844116
124,4.133333333333334,0.4820992350578308,0.31625235080718994,-0.40728527307510376,0.9998854994773865,0.5000926852226257,0.3675023019313812,-0.117847740650177,0.9999377131462097,0.4330192506313324,0.3701154887676239,-0.29471513628959656,0.9998399019241333,0.48381417989730835,0.48124462366104126,-0.049164772033691406,0.8530733585357666,0.44072970747947693,0.5042216777801514,-0.3213784992694855,0.9111362099647522,0.4864662289619446,0.5937556624412537,-0.11033246666193008,0.7971060872077942,0.46672505140304565,0.6247117519378662,-0.3659859895706177,0.9014784097671509,0.4424048066139221,0.5459763407707214,0.055934108793735504,0.9999644160270691,0.4035279154777527,0.5349550247192383,-0.05605093762278557,0.9999470710754395,0.4722476601600647,0.6990413665771484,-0.16271431744098663,0.980073869228363,0.4207135736942291,0.6694037914276123,-0.32921066880226135,0.9569739103317261,0.4562399983406067,0.8855383992195129,-0.10137870162725449,0.9581834077835083,0.40163785219192505,0.8649079203605652,-0.2768629491329193,0.9257948398590088,0.46149197220802307,0.9612649083137512,-0.228778675198555,0.9632229208946228,0.3974670171737671,0.9316543340682983,-0.41372227668762207,0.9314712285995483
125,4.166666666666667,0.4833356440067291,0.3153686225414276,-0.47126349806785583,0.9998966455459595,0.4913109838962555,0.3575567901134491,-0.133411705493927,0.9999434947967529,0.432574987411499,0.38476791977882385,-0.33682411909103394,0.9998551607131958,0.49374961853027344,0.447487473487854,0.006042068358510733,0.864179253578186,0.4452325701713562,0.5219904780387878,-0.3289588987827301,0.9195544719696045,0.5090667605400085,0.5506383180618286,0.007693544030189514,0.8143633008003235,0.4807630479335785,0.6195763349533081,-0.35268935561180115,0.9105858206748962,0.4395161271095276,0.5408795475959778,0.05788097903132439,0.9999673962593079,0.39937394857406616,0.5352206826210022,-0.05798004940152168,0.9999517798423767,0.4668663442134857,0.6954362392425537,-0.1867292821407318,0.9817112684249878,0.41402897238731384,0.6648955345153809,-0.3613167107105255,0.9611251950263977,0.45271962881088257,0.8759123086929321,-0.07593027502298355,0.9610599279403687,0.39557889103889465,0.8685760498046875,-0.29916656017303467,0.9329717755317688,0.4603390097618103,0.9569119811058044,-0.20292063057422638,0.9658055901527405,0.3916141986846924,0.9313846230506897,-0.4513328969478607,0.9379891753196716
126,4.2,0.4837277829647064,0.3142949342727661,-0.4537072777748108,0.9999066591262817,0.48875075578689575,0.3523091673851013,-0.1283079981803894,0.9999486207962036,0.432699054479599,0.3873271942138672,-0.324337899684906,0.9998687505722046,0.4963601529598236,0.4404502809047699,0.019669588655233383,0.8740460872650146,0.4466601312160492,0.5249272584915161,-0.32059603929519653,0.9272136092185974,0.5118259787559509,0.5435836315155029,0.019759753718972206,0.8309329152107239,0.48223909735679626,0.6194960474967957,-0.34788376092910767,0.9190196394920349,0.43850263953208923,0.5404886603355408,0.059498704969882965,0.9999698996543884,0.39862293004989624,0.5360097885131836,-0.05958935618400574,0.9999558329582214,0.464895099401474,0.6967377662658691,-0.1695111244916916,0.9828863143920898,0.411856085062027,0.666808545589447,-0.34923404455184937,0.9648416042327881,0.45143944025039673,0.874212920665741,-0.050949305295944214,0.9634984731674194,0.39387959241867065,0.8690165877342224,-0.2865816056728363,0.9394276738166809,0.4596928656101227,0.9549761414527893,-0.17369398474693298,0.9680855870246887,0.3897736668586731,0.9312059283256531,-0.43221110105514526,0.9438769817352295
127,4.233333333333333,0.4836791157722473,0.31315338611602783,-0.43901029229164124,0.9999155402183533,0.48694777488708496,0.3523077368736267,-0.12110652774572372,0.9999529123306274,0.4321562647819519,0.3939630687236786,-0.3158108592033386,0.9998801350593567,0.5004963874816895,0.4351968467235565,-0.006150220055133104,0.8783981800079346,0.4490683674812317,0.5257660150527954,-0.31512871384620667,0.9332881569862366,0.5200906991958618,0.5277296900749207,-0.0471574142575264,0.8409995436668396,0.47737717628479004,0.6039122939109802,-0.3415350019931793,0.9245365262031555,0.43668121099472046,0.540845513343811,0.060544371604919434,0.999972403049469,0.3956684172153473,0.5361478924751282,-0.06063743308186531,0.9999597072601318,0.4610176980495453,0.6970520615577698,-0.17206081748008728,0.9839665293693542,0.4081384539604187,0.6650658249855042,-0.3418689966201782,0.9682363867759705,0.44988149404525757,0.8729374408721924,-0.06589169055223465,0.9659361839294434,0.39093253016471863,0.8690198063850403,-0.30821797251701355,0.9453275799751282,0.45852717757225037,0.953350305557251,-0.18943452835083008,0.970250129699707,0.3893449902534485,0.9309911727905273,-0.4584837853908539,0.9492566585540771
128,4.266666666666667,0.48316630721092224,0.3117813467979431,-0.43999943137168884,0.9999222755432129,0.4866107404232025,0.35235393047332764,-0.12608471512794495,0.9999564290046692,0.43210330605506897,0.3938443958759308,-0.3164559602737427,0.9998873472213745,0.5022057294845581,0.4379381537437439,-0.03365172818303108,0.8792036771774292,0.44996482133865356,0.5250097513198853,-0.32118579745292664,0.9352669715881348,0.5215404033660889,0.5270559191703796,-0.1030803695321083,0.8445522785186768,0.4766329824924469,0.6028521060943604,-0.34543782472610474,0.9175599217414856,0.4364394545555115,0.5399780869483948,0.05910158157348633,0.9999743103981018,0.39526647329330444,0.5356569290161133,-0.059189148247241974,0.9999626874923706,0.45984014868736267,0.697668731212616,-0.12408459186553955,0.9832516312599182,0.4072418212890625,0.6681840419769287,-0.32764461636543274,0.9709856510162354,0.4493170380592346,0.8716701865196228,-0.008293884806334972,0.9667317271232605,0.3903903365135193,0.8707336187362671,-0.2680840492248535,0.9503214359283447,0.4586121141910553,0.9530838131904602,-0.12748661637306213,0.9705327153205872,0.3874814808368683,0.930655837059021,-0.408893883228302,0.9535979628562927
129,4.3,0.4816475510597229,0.3115267753601074,-0.4312259554862976,0.999921977519989,0.4838884472846985,0.353392630815506,-0.1610189974308014,0.9999545812606812,0.4310196042060852,0.39357849955558777,-0.31092777848243713,0.9998911023139954,0.5112962126731873,0.43601587414741516,-0.27409762144088745,0.8781341910362244,0.44802650809288025,0.522010862827301,-0.3719461262226105,0.9388560056686401,0.5082988739013672,0.3755568563938141,-0.49344268441200256,0.8216297626495361,0.4777434468269348,0.5778020024299622,-0.4240255355834961,0.9217929840087891,0.4357842803001404,0.5389067530632019,0.05620821192860603,0.9999746680259705,0.39373376965522766,0.5344987511634827,-0.05629519745707512,0.9999650120735168,0.45602530241012573,0.6990403532981873,-0.08137814700603485,0.971575140953064,0.4038235545158386,0.6700589656829834,-0.28106266260147095,0.9716067910194397,0.448792040348053,0.8698995113372803,0.02892487682402134,0.9526446461677551,0.388577401638031,0.8714282512664795,-0.2647012174129486,0.9525758028030396,0.4565548896789551,0.9507336020469666,-0.09053340554237366,0.9565191268920898,0.38593146204948425,0.9305383563041687,-0.3911524713039398,0.9542702436447144
130,4.333333333333333,0.48070502281188965,0.3112638592720032,-0.4401476979255676,0.9999249577522278,0.4836398661136627,0.35291528701782227,-0.16101187467575073,0.9999569654464722,0.4306071698665619,0.39244332909584045,-0.3169185519218445,0.9998860359191895,0.5122646689414978,0.4331953823566437,-0.20766234397888184,0.8735539317131042,0.4471713602542877,0.5202988982200623,-0.358479380607605,0.9324353933334351,0.5254033803939819,0.46739113330841064,-0.41636529564857483,0.8114968538284302,0.47665324807167053,0.5641983151435852,-0.41258540749549866,0.90406334400177,0.43469709157943726,0.5392380952835083,0.05533552169799805,0.9999755620956421,0.39289307594299316,0.5348338484764099,-0.05542781203985214,0.9999663233757019,0.4547814726829529,0.6996679902076721,-0.11342258751392365,0.9629803895950317,0.40359464287757874,0.6711869835853577,-0.29069769382476807,0.9713500738143921,0.4488155245780945,0.8689591288566589,-0.015980036929249763,0.9456033706665039,0.38802164793014526,0.8712041974067688,-0.25332462787628174,0.9542460441589355,0.45667338371276855,0.9500614404678345,-0.13927999138832092,0.9486256241798401,0.3862500786781311,0.930578887462616,-0.38942578434944153,0.9542657732963562
131,4.366666666666666,0.48077574372291565,0.31136563420295715,-0.5292370319366455,0.9998974204063416,0.4850204586982727,0.35387080907821655,-0.25928810238838196,0.9999550580978394,0.42562681436538696,0.4048338234424591,-0.4259604811668396,0.999828577041626,0.5222976803779602,0.4249900281429291,-0.3588986098766327,0.864548921585083,0.44926780462265015,0.5226005911827087,-0.5045050382614136,0.9330053329467773,0.5208326578140259,0.42217686772346497,-0.5869208574295044,0.7635425925254822,0.5144137144088745,0.45787468552589417,-0.5771850943565369,0.8885124325752258,0.43467220664024353,0.5418547987937927,0.0584375374019146,0.9999770522117615,0.3914965093135834,0.537333607673645,-0.05844755098223686,0.9999685883522034,0.4521053433418274,0.7080577611923218,-0.0392342284321785,0.9608978033065796,0.3997078537940979,0.6719238758087158,-0.3417396545410156,0.9740551114082336,0.4477865695953369,0.8654564023017883,0.15315839648246765,0.9480963349342346,0.3871457874774933,0.8743144273757935,-0.23390698432922363,0.9586390852928162,0.45602527260780334,0.9480084776878357,0.03048606589436531,0.9514381885528564,0.3871811032295227,0.9407079815864563,-0.3852560222148895,0.9584883451461792
132,4.4,0.48091572523117065,0.3117179274559021,-0.5261192321777344,0.9998829364776611,0.4858020842075348,0.35411521792411804,-0.2665700614452362,0.9999538064002991,0.42345064878463745,0.40725359320640564,-0.4169389307498932,0.9997258186340332,0.5240547060966492,0.4233686625957489,-0.358826220035553,0.8623467683792114,0.4494338631629944,0.5245938897132874,-0.48213496804237366,0.9312505125999451,0.5156217813491821,0.39080074429512024,-0.5599987506866455,0.7262622117996216,0.5102165937423706,0.4374871253967285,-0.5264414548873901,0.8530871272087097,0.4347277283668518,0.5419073104858398,0.057720720767974854,0.9999786019325256,0.3914481997489929,0.53736412525177,-0.05773795768618584,0.9999706745147705,0.4506019055843353,0.7084518671035767,-0.06177655607461929,0.9600446820259094,0.3990721106529236,0.6722453832626343,-0.334982693195343,0.976474940776825,0.446962833404541,0.8623928427696228,0.10704217106103897,0.9504691958427429,0.38653889298439026,0.8752999305725098,-0.23188893496990204,0.9625896215438843,0.4550190567970276,0.9466699361801147,-0.01203957386314869,0.9539555311203003,0.3875187039375305,0.9449583292007446,-0.3834433853626251,0.9622548818588257
133,4.433333333333334,0.4826118052005768,0.31517118215560913,-0.5622876882553101,0.9998940825462341,0.49392372369766235,0.3483075201511383,-0.297779381275177,0.9999582767486572,0.4236312806606293,0.40482452511787415,-0.4204934239387512,0.9997455477714539,0.5427578091621399,0.3852655589580536,-0.4516785144805908,0.8760145902633667,0.4386001527309418,0.4789787232875824,-0.5732393860816956,0.9376696944236755,0.5407729744911194,0.3660571575164795,-0.7320274710655212,0.7534863352775574,0.47755441069602966,0.37532806396484375,-0.7368549108505249,0.8659735321998596,0.4354725480079651,0.5446608066558838,0.05724718049168587,0.9999802112579346,0.391257107257843,0.5412457585334778,-0.057260911911726,0.9999729990959167,0.44936761260032654,0.7136183977127075,0.04898451641201973,0.9633562564849854,0.39761632680892944,0.68897944688797,-0.32915252447128296,0.9788185954093933,0.4445529580116272,0.8450950384140015,0.3348565995693207,0.9530220031738281,0.38561251759529114,0.8820644617080688,-0.1932370662689209,0.966300368309021,0.4509676396846771,0.9363487958908081,0.24962250888347626,0.9567561149597168,0.38835155963897705,0.9675174355506897,-0.334420770406723,0.9659622311592102
134,4.466666666666667,0.4834235608577728,0.3169068992137909,-0.5603148341178894,0.999903678894043,0.49775558710098267,0.3456096053123474,-0.2995170056819916,0.9999622106552124,0.4241788387298584,0.4023400545120239,-0.4246765673160553,0.9997639060020447,0.5450202822685242,0.3791389465332031,-0.4697543978691101,0.8882054686546326,0.41404324769973755,0.4473980665206909,-0.623782753944397,0.9435074925422668,0.5449343919754028,0.3663516044616699,-0.7584799528121948,0.7778386473655701,0.4614000916481018,0.34869861602783203,-0.8341765403747559,0.8781273365020752,0.43594926595687866,0.5453681945800781,0.05689796060323715,0.9999812245368958,0.3913062512874603,0.5423260927200317,-0.05691053718328476,0.9999746680259705,0.4486672282218933,0.7150625586509705,0.05263776704668999,0.9656492471694946,0.3971128761768341,0.6938427686691284,-0.32581034302711487,0.9809157848358154,0.44355908036231995,0.8421433568000793,0.3409663736820221,0.9535925388336182,0.38531166315078735,0.8849756717681885,-0.1919558346271515,0.9696067571640015,0.44977766275405884,0.9326802492141724,0.2527596354484558,0.9577397108078003,0.3891049325466156,0.9726988673210144,-0.33616316318511963,0.9692227244377136
135,4.5,0.4840056300163269,0.32328158617019653,-0.5216715335845947,0.999911367893219,0.4970490038394928,0.3470967710018158,-0.24385234713554382,0.9999647736549377,0.42666149139404297,0.4017978310585022,-0.33075547218322754,0.9997674822807312,0.536180853843689,0.3467023968696594,-0.05578146502375603,0.8708643317222595,0.3977188766002655,0.4476851522922516,-0.20917972922325134,0.8698186278343201,0.5353659987449646,0.3462468385696411,0.0239560566842556,0.7617595791816711,0.4002501964569092,0.35728806257247925,-0.09481832385063171,0.7928741574287415,0.4353768229484558,0.5595064759254456,0.05886568874120712,0.9999786615371704,0.3915656507015228,0.5504668951034546,-0.05878644436597824,0.9999719262123108,0.44727540016174316,0.7228573560714722,0.12176056951284409,0.9188031554222107,0.3955669403076172,0.7096283435821533,-0.26856666803359985,0.9822162389755249,0.4379355311393738,0.8249638676643372,0.39779454469680786,0.9117750525474548,0.3823285400867462,0.8974711298942566,-0.1945369392633438,0.9723351001739502,0.4444796144962311,0.9168063402175903,0.35765591263771057,0.928556501865387,0.3862987458705902,0.9664027094841003,-0.34534600377082825,0.9716129302978516
136,4.533333333333333,0.48464828729629517,0.32606980204582214,-0.5206689238548279,0.9999142289161682,0.49667176604270935,0.3484756350517273,-0.2386208325624466,0.9999661445617676,0.4279393255710602,0.40401214361190796,-0.32841959595680237,0.9997720122337341,0.5335446000099182,0.3436514437198639,-0.1225414052605629,0.8369256854057312,0.3956868052482605,0.45732828974723816,-0.19373968243598938,0.7972335815429688,0.5315700769424438,0.3432864248752594,-0.08990280330181122,0.7220222353935242,0.385873407125473,0.46943843364715576,-0.06123317405581474,0.716368556022644,0.43534794449806213,0.5617462396621704,0.05861185863614082,0.9999773502349854,0.39169827103614807,0.5531786680221558,-0.058456920087337494,0.9999714493751526,0.44700518250465393,0.725812554359436,0.11624834686517715,0.8681259751319885,0.39477992057800293,0.712004542350769,-0.20522010326385498,0.9821492433547974,0.4361788332462311,0.8236709833145142,0.38294199109077454,0.8564759492874146,0.3815700113773346,0.8998255133628845,-0.1544962227344513,0.9740746021270752,0.4421635568141937,0.9130744338035583,0.34190723299980164,0.8905577063560486,0.3857690989971161,0.971543550491333,-0.28246885538101196,0.9724006652832031
137,4.566666666666666,0.4854525923728943,0.3251694440841675,-0.5130857825279236,0.9999101161956787,0.4956822991371155,0.3491780757904053,-0.23003259301185608,0.9999672770500183,0.42849642038345337,0.4051817059516907,-0.3228105902671814,0.9997778534889221,0.5316178798675537,0.3287217617034912,-0.049709778279066086,0.7983995676040649,0.3955613672733307,0.46065619587898254,-0.189130499958992,0.7283385396003723,0.5306333899497986,0.328716516494751,0.06994529813528061,0.6754235029220581,0.38978928327560425,0.4937230944633484,-0.06662051379680634,0.647186815738678,0.43553370237350464,0.5617337822914124,0.057449597865343094,0.9999740123748779,0.3919183015823364,0.5545317530632019,-0.0572533905506134,0.9999691247940063,0.4474148750305176,0.7279151678085327,0.14022763073444366,0.7985579371452332,0.39456042647361755,0.7141320109367371,-0.2004406452178955,0.9793307185173035,0.4348869323730469,0.8200626969337463,0.4045168459415436,0.7923181653022766,0.38157811760902405,0.9031849503517151,-0.16845883429050446,0.9751649498939514,0.44018489122390747,0.9100111126899719,0.3721557855606079,0.8350151181221008,0.38649001717567444,0.9730231165885925,-0.2922402322292328,0.9719448089599609
138,4.6,0.4858994483947754,0.32466450333595276,-0.5008196234703064,0.9999114871025085,0.49512070417404175,0.34883058071136475,-0.22007779777050018,0.999968945980072,0.4285936951637268,0.40454918146133423,-0.3126569390296936,0.9997854828834534,0.5314168930053711,0.32697924971580505,-0.025015300139784813,0.7801385521888733,0.39620882272720337,0.46040552854537964,-0.17496564984321594,0.6703354120254517,0.5290771722793579,0.31348085403442383,0.10743983834981918,0.6453008055686951,0.3876512050628662,0.4985313415527344,-0.04808804392814636,0.5863701701164246,0.4356566369533539,0.5632547736167908,0.057406485080718994,0.999968409538269,0.3919681906700134,0.5561833381652832,-0.05719993636012077,0.9999640583992004,0.447519451379776,0.7291536331176758,0.13288426399230957,0.7450344562530518,0.39438682794570923,0.7150924801826477,-0.21010389924049377,0.9785441160202026,0.43437471985816956,0.8197635412216187,0.40395617485046387,0.7423071265220642,0.3818286955356598,0.9043306708335876,-0.17381520569324493,0.9766023755073547,0.439363956451416,0.909746527671814,0.37682655453681946,0.7933440804481506,0.3869485855102539,0.9748727679252625,-0.29236334562301636,0.9724447727203369
139,4.633333333333334,0.4860782027244568,0.324726939201355,-0.47187677025794983,0.9999099969863892,0.49361953139305115,0.3489106297492981,-0.1945182979106903,0.9999691247940063,0.42279744148254395,0.40286529064178467,-0.28803759813308716,0.9997945427894592,0.5303863883018494,0.3227825164794922,0.0020360948983579874,0.7509521842002869,0.39341291785240173,0.4610156714916229,-0.13887067139148712,0.6235932111740112,0.5282038450241089,0.31922978162765503,0.14691558480262756,0.613452136516571,0.387076199054718,0.5067931413650513,-0.007180322892963886,0.5368773341178894,0.4355939030647278,0.5668454766273499,0.05713238567113876,0.9999589323997498,0.39202791452407837,0.5589310526847839,-0.05688640475273132,0.9999579787254333,0.44680309295654297,0.7336916327476501,0.13023480772972107,0.7048988342285156,0.394601434469223,0.7176533937454224,-0.21419565379619598,0.9790429472923279,0.4327515959739685,0.8197130560874939,0.41233211755752563,0.6985660791397095,0.38206326961517334,0.9051510095596313,-0.17955541610717773,0.97818523645401,0.43792015314102173,0.9101603031158447,0.3915439248085022,0.756230354309082,0.3872440457344055,0.9750770330429077,-0.29811689257621765,0.973412811756134
140,4.666666666666667,0.48612847924232483,0.32485824823379517,-0.4656602442264557,0.999908983707428,0.49315303564071655,0.34874916076660156,-0.19238147139549255,0.9999694228172302,0.42107468843460083,0.4016353189945221,-0.28019288182258606,0.9998040199279785,0.5297437906265259,0.321867972612381,-0.0108028594404459,0.7214261889457703,0.392418771982193,0.4621468782424927,-0.13311834633350372,0.5818802714347839,0.5277277231216431,0.3193225562572479,0.11632462590932846,0.5818660855293274,0.38753291964530945,0.5053239464759827,-0.008812999352812767,0.49194616079330444,0.43562692403793335,0.5677719712257385,0.05483221262693405,0.9999549984931946,0.3919316828250885,0.5596920847892761,-0.054610591381788254,0.9999561309814453,0.44595789909362793,0.7374684810638428,0.10733342170715332,0.6783595085144043,0.3948889374732971,0.7192497849464417,-0.19439797103405,0.9792996048927307,0.43225544691085815,0.8200055360794067,0.3951374888420105,0.6618344783782959,0.3821830749511719,0.904780387878418,-0.1510620266199112,0.9794582724571228,0.43713125586509705,0.909686267375946,0.3744240999221802,0.7248374223709106,0.38747072219848633,0.9759464859962463,-0.2655702233314514,0.9740040302276611
141,4.7,0.4857970178127289,0.3261708915233612,-0.4118290841579437,0.9999123215675354,0.47495269775390625,0.35325780510902405,-0.10577191412448883,0.9999642372131348,0.4360378384590149,0.4114983379840851,-0.30898475646972656,0.9998043775558472,0.4539670944213867,0.472835510969162,-0.022227849811315536,0.6517881155014038,0.4622038006782532,0.5142877101898193,-0.35506531596183777,0.5994454026222229,0.4172782003879547,0.5439035892486572,0.010086165741086006,0.5243163108825684,0.470255047082901,0.43007993698120117,-0.3767507076263428,0.4970961809158325,0.4283137917518616,0.5754870176315308,0.07907387614250183,0.9999555945396423,0.3902072310447693,0.5701227188110352,-0.0789649486541748,0.9999586343765259,0.44380998611450195,0.7412118911743164,0.1627776324748993,0.6586374640464783,0.39502888917922974,0.7275820374488831,-0.3179296851158142,0.9811493158340454,0.42202553153038025,0.8021900653839111,0.4903864860534668,0.6250541806221008,0.37994009256362915,0.9081637859344482,-0.2441558539867401,0.9809237122535706,0.42348751425743103,0.8775172829627991,0.5025999546051025,0.6917627453804016,0.38751012086868286,0.9743503332138062,-0.33044368028640747,0.9755731821060181
142,4.733333333333333,0.4857560992240906,0.3260279893875122,-0.40439486503601074,0.9999032020568848,0.47342509031295776,0.36056599020957947,-0.10735210031270981,0.9999613761901855,0.43814796209335327,0.41195791959762573,-0.3190477192401886,0.9998140931129456,0.45180758833885193,0.49154922366142273,-0.0485248789191246,0.5913013219833374,0.4641302227973938,0.5177665948867798,-0.40197864174842834,0.6281992793083191,0.41583070158958435,0.5647191405296326,-0.12130781263113022,0.47279706597328186,0.4748633801937103,0.4281039834022522,-0.4851352572441101,0.5208038091659546,0.42697015404701233,0.5809057950973511,0.08087769895792007,0.9999573230743408,0.38887709379196167,0.5731412768363953,-0.08076858520507812,0.9999618530273438,0.44354718923568726,0.7430698871612549,0.16849273443222046,0.6643396615982056,0.39522773027420044,0.7294641137123108,-0.3630201816558838,0.9829800128936768,0.41982555389404297,0.7994332909584045,0.5127708315849304,0.6038923859596252,0.3793603479862213,0.9104678630828857,-0.28445714712142944,0.9826528429985046,0.4210963845252991,0.8752818703651428,0.5039504170417786,0.6758553385734558,0.3876192271709442,0.9746169447898865,-0.3914795219898224,0.9777310490608215
143,4.766666666666667,0.48559412360191345,0.3261626958847046,-0.43217912316322327,0.9999024271965027,0.4767135977745056,0.367724746465683,-0.1331603229045868,0.9999552369117737,0.4399169981479645,0.4127950966358185,-0.34884244203567505,0.9998146295547485,0.4366088807582855,0.47782135009765625,-0.06448343396186829,0.5347933173179626,0.4712097644805908,0.5294588804244995,-0.4018689692020416,0.6423643231391907,0.4021763205528259,0.5649216175079346,-0.16307483613491058,0.42606791853904724,0.4797922968864441,0.4280778169631958,-0.4584900736808777,0.5318776965141296,0.42454856634140015,0.579768180847168,0.08276853710412979,0.9999574422836304,0.3869527280330658,0.5739514827728271,-0.08268125355243683,0.9999639391899109,0.44181060791015625,0.7480920553207397,0.1453675478696823,0.6601910591125488,0.395476371049881,0.7341269850730896,-0.3242512345314026,0.9844555258750916,0.4133957028388977,0.7960851788520813,0.4968131184577942,0.5732216835021973,0.37761667370796204,0.9112211465835571,-0.21408779919147491,0.9834703207015991,0.4164441227912903,0.8703571557998657,0.49945956468582153,0.6473544836044312,0.38924869894981384,0.9744375348091125,-0.2934255599975586,0.9784381985664368
144,4.8,0.4855758249759674,0.3260882794857025,-0.4245166778564453,0.9998927116394043,0.4736390709877014,0.3660935163497925,-0.12058736383914948,0.9999486804008484,0.44020262360572815,0.4131370484828949,-0.3404824137687683,0.9998151063919067,0.4377423822879791,0.46973127126693726,-0.06346102803945541,0.4824659526348114,0.47117477655410767,0.5299165844917297,-0.4029477536678314,0.6445528268814087,0.40766793489456177,0.5717573165893555,-0.15048560500144958,0.3837015628814697,0.4794434607028961,0.4301825761795044,-0.4847623407840729,0.5328267812728882,0.42459049820899963,0.578799843788147,0.08209343254566193,0.999958336353302,0.38654467463493347,0.5735183358192444,-0.08198300004005432,0.9999660849571228,0.4409095346927643,0.7492906451225281,0.15597714483737946,0.6320043802261353,0.3956563472747803,0.7350003719329834,-0.3124637007713318,0.9856047034263611,0.41340500116348267,0.795440673828125,0.4959827959537506,0.5392062664031982,0.3770211637020111,0.9105782508850098,-0.18961209058761597,0.9837464690208435,0.41585391759872437,0.8683993816375732,0.4950711131095886,0.6133304834365845,0.3921821713447571,0.9745643734931946,-0.27383241057395935,0.9783499240875244
145,4.833333333333333,0.4855654835700989,0.3261798918247223,-0.4349806308746338,0.9998680949211121,0.4749925136566162,0.3728622496128082,-0.16245689988136292,0.9998902678489685,0.4396756589412689,0.4029139578342438,-0.3557109236717224,0.9997957944869995,0.456949383020401,0.4563429653644562,-0.20685136318206787,0.4438895285129547,0.46889862418174744,0.5260850787162781,-0.42008790373802185,0.6674901247024536,0.4302324652671814,0.46657633781433105,-0.352887362241745,0.3466329276561737,0.484475314617157,0.435200035572052,-0.4839411675930023,0.550558865070343,0.42462682723999023,0.5777867436408997,0.0793408527970314,0.999955952167511,0.3845898509025574,0.5728644728660583,-0.0792321264743805,0.9999669194221497,0.44093021750450134,0.7486013770103455,0.09254918247461319,0.648883581161499,0.3964942991733551,0.7336682081222534,-0.30622628331184387,0.9869326949119568,0.40404361486434937,0.7875571250915527,0.44956618547439575,0.5392444133758545,0.376211941242218,0.909950315952301,-0.1885536015033722,0.9851905703544617,0.4084162712097168,0.859671950340271,0.44440287351608276,0.626947283744812,0.3921166658401489,0.9742307662963867,-0.29177233576774597,0.9802354574203491
146,4.866666666666666,0.48555272817611694,0.3261837363243103,-0.440572589635849,0.9998522996902466,0.4770672917366028,0.3779425621032715,-0.17859379947185516,0.9998824596405029,0.43910089135169983,0.3982303738594055,-0.36825597286224365,0.999805212020874,0.4574694037437439,0.47852739691734314,-0.2592020034790039,0.4177357852458954,0.46891164779663086,0.5248239040374756,-0.4385968744754791,0.6952311396598816,0.42851585149765015,0.4776991009712219,-0.45617491006851196,0.31393253803253174,0.4855709671974182,0.4355665445327759,-0.5070023536682129,0.5784526467323303,0.4246312975883484,0.5770421624183655,0.08039981126785278,0.9999574422836304,0.3843042254447937,0.5707778334617615,-0.08028118312358856,0.9999693632125854,0.4410581588745117,0.7477874159812927,0.09732924401760101,0.6749917268753052,0.39724475145339966,0.7318376898765564,-0.33180105686187744,0.9882186651229858,0.40215858817100525,0.7845442891120911,0.4322085380554199,0.5437511205673218,0.3756708800792694,0.909928023815155,-0.257608026266098,0.9866132140159607,0.4060801565647125,0.8570350408554077,0.4126777648925781,0.6442686915397644,0.39279040694236755,0.9745369553565979,-0.38369452953338623,0.9821205735206604
147,4.9,0.48645591735839844,0.3247312009334564,-0.3222932517528534,0.9998357892036438,0.4780443608760834,0.37058722972869873,-0.08918240666389465,0.9998066425323486,0.4419664442539215,0.3939967751502991,-0.2624286115169525,0.9997382164001465,0.4625244736671448,0.36067160964012146,-0.05929256230592728,0.3958120346069336,0.46913236379623413,0.5215314030647278,-0.26425033807754517,0.7040738463401794,0.43904033303260803,0.26303979754447937,-0.08829978853464127,0.3098588287830353,0.4945465624332428,0.4388106167316437,-0.23744216561317444,0.5934339165687561,0.4223397374153137,0.5765325427055359,0.0787290558218956,0.9999555945396423,0.3825230896472931,0.5681868195533752,-0.07860411703586578,0.9999686479568481,0.4405020773410797,0.7470090985298157,0.07785654813051224,0.6724341511726379,0.3964387774467468,0.7323198318481445,-0.18108253180980682,0.9885168671607971,0.3952927589416504,0.7786028385162354,0.3389629125595093,0.5246142745018005,0.3744261562824249,0.9097055792808533,-0.12576444447040558,0.9868986010551453,0.40210407972335815,0.849791407585144,0.33177489042282104,0.6341981291770935,0.3927699029445648,0.9706589579582214,-0.21643176674842834,0.9822512865066528
148,4.933333333333334,0.48721012473106384,0.32407379150390625,-0.3035236895084381,0.9998506307601929,0.4774266183376312,0.3607884645462036,-0.05962764099240303,0.9998060464859009,0.4436464309692383,0.39344096183776855,-0.2565802335739136,0.9997490644454956,0.4612138867378235,0.3394249975681305,0.059843312948942184,0.3727816939353943,0.46941104531288147,0.520275890827179,-0.24287545680999756,0.724664568901062,0.4548206329345703,0.2382628619670868,0.13101015985012054,0.3017614185810089,0.4976908266544342,0.44101712107658386,-0.1923326998949051,0.6209264397621155,0.42050236463546753,0.5761541724205017,0.0810701996088028,0.999957263469696,0.3815237283706665,0.5652568936347961,-0.08097229897975922,0.9999703168869019,0.4398697316646576,0.7466185688972473,0.07975786924362183,0.6702484488487244,0.39624735713005066,0.7315256595611572,-0.20563030242919922,0.9893735647201538,0.3949720859527588,0.7803233861923218,0.3590494394302368,0.504020094871521,0.37364462018013,0.9095077514648438,-0.1657368540763855,0.987709641456604,0.4003632068634033,0.8520543575286865,0.34332019090652466,0.6198768615722656,0.3927209973335266,0.9692942500114441,-0.25871896743774414,0.9832354187965393
149,4.966666666666667,0.4895755648612976,0.31662285327911377,-0.28552648425102234,0.9998655319213867,0.4576866030693054,0.3165668249130249,-0.011643416248261929,0.9998228549957275,0.4504299759864807,0.3915552496910095,-0.26849013566970825,0.9997721314430237,0.44285479187965393,0.24859991669654846,0.175103098154068,0.3456226587295532,0.47130632400512695,0.5197871327400208,-0.2563769221305847,0.7496047019958496,0.4548301100730896,0.25769269466400146,0.28509265184402466,0.3026346266269684,0.5125381946563721,0.46047428250312805,-0.19770316779613495,0.6560636162757874,0.41142088174819946,0.566056489944458,0.09580336511135101,0.9999605417251587,0.37983438372612,0.5614206790924072,-0.09581966698169708,0.9999727010726929,0.4374609887599945,0.7309902906417847,0.08703318983316422,0.6783212423324585,0.39279502630233765,0.7293665409088135,-0.20686142146587372,0.9901375770568848,0.3842034935951233,0.7800543308258057,0.301598459482193,0.5028071999549866,0.37025001645088196,0.9046764969825745,-0.16963914036750793,0.988085150718689,0.39284929633140564,0.8538662195205688,0.32289010286331177,0.612531304359436,0.39251381158828735,0.9634503722190857,-0.21748439967632294,0.9832550287246704
150,5.0,0.4911108613014221,0.3151242136955261,-0.27570074796676636,0.9998789429664612,0.45367106795310974,0.31287387013435364,-0.005198140162974596,0.9998376965522766,0.45211178064346313,0.3913753628730774,-0.2639954686164856,0.9997929334640503,0.43973690271377563,0.24219653010368347,0.17782726883888245,0.31865790486335754,0.4722738265991211,0.5197150111198425,-0.24658851325511932,0.7717224359512329,0.4547986090183258,0.2597297728061676,0.279929518699646,0.305818110704422,0.514664888381958,0.46388763189315796,-0.17573538422584534,0.6876072287559509,0.4094347357749939,0.5633143782615662,0.0984797328710556,0.9999634027481079,0.37998640537261963,0.5599978566169739,-0.09851367026567459,0.9999748468399048,0.4360733926296234,0.7282272577285767,0.08975361287593842,0.6795898079872131,0.39138269424438477,0.7248319983482361,-0.20996156334877014,0.9908050298690796,0.3828645348548889,0.780030369758606,0.28821831941604614,0.4935164749622345,0.36851927638053894,0.9004195332527161,-0.18514981865882874,0.9884458184242249,0.39185360074043274,0.8518208265304565,0.31212714314460754,0.6009426712989807,0.3914784789085388,0.9619290828704834,-0.2405509054660797,0.9833659529685974
151,5.033333333333333,0.4926050305366516,0.3126557171344757,-0.27440840005874634,0.9998910427093506,0.45133429765701294,0.30163028836250305,0.0014076984953135252,0.9998518228530884,0.45481234788894653,0.3904774487018585,-0.24290616810321808,0.9998124241828918,0.4224937856197357,0.21707426011562347,0.19466786086559296,0.2951066792011261,0.4711417555809021,0.5191529989242554,-0.18806949257850647,0.7928233742713928,0.4508720934391022,0.2663411796092987,0.3182066082954407,0.31115609407424927,0.514398992061615,0.4766905903816223,-0.06422115862369537,0.716588020324707,0.409381628036499,0.557361364364624,0.09392137825489044,0.9999665021896362,0.38041576743125916,0.5575234293937683,-0.09394518285989761,0.9999770522117615,0.4348025918006897,0.7243334650993347,0.06393920630216599,0.7033807039260864,0.3833467960357666,0.7244152426719666,-0.19541826844215393,0.9916184544563293,0.37967437505722046,0.7810183763504028,0.24772627651691437,0.5196112990379333,0.36667412519454956,0.9002993106842041,-0.16418588161468506,0.9893375039100647,0.38576704263687134,0.8549648523330688,0.2657383382320404,0.6226089000701904,0.3889067769050598,0.9614312052726746,-0.20744343101978302,0.9845080971717834
152,5.066666666666666,0.49356159567832947,0.3117082417011261,-0.2692006826400757,0.9999018907546997,0.45081251859664917,0.30019840598106384,0.0007287769112735987,0.9998629689216614,0.45536571741104126,0.3889971077442169,-0.24529032409191132,0.9998294115066528,0.421110063791275,0.21752303838729858,0.19166335463523865,0.27151191234588623,0.47066378593444824,0.5190169215202332,-0.19857704639434814,0.8118075132369995,0.45009341835975647,0.2638654112815857,0.3097130060195923,0.3096344769001007,0.5147347450256348,0.48150140047073364,-0.08476857841014862,0.7426354885101318,0.4096260070800781,0.5555585026741028,0.09277154505252838,0.999968945980072,0.38072267174720764,0.5571779608726501,-0.09281086921691895,0.9999788999557495,0.4343787729740143,0.7228467464447021,0.07050476223230362,0.7197862267494202,0.38167232275009155,0.7243066430091858,-0.18805114924907684,0.992285966873169,0.3788902759552002,0.7813118696212769,0.25068482756614685,0.5347459316253662,0.3654223084449768,0.9003786444664001,-0.16015097498893738,0.9900192618370056,0.38473549485206604,0.8568316698074341,0.2665861248970032,0.6348922848701477,0.387847363948822,0.9617602229118347,-0.20514507591724396,0.9852715730667114
153,5.1,0.49481916427612305,0.30616968870162964,-0.23366323113441467,0.9999116659164429,0.45124998688697815,0.30206719040870667,0.035437095910310745,0.999868631362915,0.4577721655368805,0.3819289803504944,-0.22160692512989044,0.9998441338539124,0.41484683752059937,0.22821304202079773,0.22410190105438232,0.24716058373451233,0.4707483649253845,0.5135294198989868,-0.17919693887233734,0.828344464302063,0.44727954268455505,0.2615180015563965,0.33890384435653687,0.29783210158348083,0.51484215259552,0.48548656702041626,-0.07162337005138397,0.7658640742301941,0.4097701609134674,0.5537287592887878,0.09326094388961792,0.9999709129333496,0.3809124231338501,0.5551963448524475,-0.09330429136753082,0.9999804496765137,0.43373990058898926,0.718730092048645,0.0771624967455864,0.7313933372497559,0.37631627917289734,0.7240516543388367,-0.18905149400234222,0.9928701519966125,0.3757613003253937,0.7811976671218872,0.24382734298706055,0.5446906089782715,0.36208122968673706,0.89976966381073,-0.1680421531200409,0.9905933141708374,0.38034212589263916,0.8579687476158142,0.2606032192707062,0.6420025825500488,0.38635948300361633,0.9613968729972839,-0.21761247515678406,0.9858932495117188
154,5.133333333333334,0.49545034766197205,0.3038725256919861,-0.253792941570282,0.9999204277992249,0.4524438977241516,0.30341485142707825,0.022642869502305984,0.9998750686645508,0.45817822217941284,0.37873438000679016,-0.23593315482139587,0.9998576641082764,0.4140656590461731,0.22920989990234375,0.21904173493385315,0.22620625793933868,0.4701865613460541,0.5085705518722534,-0.2103690207004547,0.8439109921455383,0.4462972581386566,0.26120835542678833,0.33562275767326355,0.2932710647583008,0.5146936178207397,0.48656806349754333,-0.12990371882915497,0.787689208984375,0.41086500883102417,0.5533790588378906,0.09397455304861069,0.9999727010726929,0.3810517191886902,0.5529279708862305,-0.09402716904878616,0.9999818801879883,0.4333414137363434,0.7174202799797058,0.07866395264863968,0.7399571537971497,0.3752012550830841,0.7237622737884521,-0.19726064801216125,0.9933377504348755,0.3748820126056671,0.7812678813934326,0.2538840174674988,0.5505166053771973,0.3611210286617279,0.8988671898841858,-0.17139258980751038,0.9909710884094238,0.37935197353363037,0.8586947321891785,0.26959601044654846,0.6453022956848145,0.3849601149559021,0.9612118005752563,-0.22262486815452576,0.9862273931503296
155,5.166666666666667,0.4967169165611267,0.2991107404232025,-0.2617814242839813,0.99992835521698,0.4542357325553894,0.29753395915031433,0.010416663251817226,0.9998860955238342,0.45946043729782104,0.3728630542755127,-0.24007773399353027,0.9998705387115479,0.4088393747806549,0.22867338359355927,0.19110001623630524,0.24453815817832947,0.47178226709365845,0.5015840530395508,-0.26658451557159424,0.8588059544563293,0.4049430787563324,0.2200797200202942,0.2854710817337036,0.3509839177131653,0.5161219835281372,0.4853299558162689,-0.2805638313293457,0.8083316683769226,0.4103136956691742,0.5455344915390015,0.09467531740665436,0.9999748468399048,0.3804653286933899,0.5456591844558716,-0.0947527214884758,0.9999832510948181,0.4334896206855774,0.7094476222991943,0.08064471185207367,0.7614163756370544,0.3710927367210388,0.7208028435707092,-0.1628367006778717,0.9939517378807068,0.3755173683166504,0.7881184220314026,0.2782175540924072,0.5866602659225464,0.3562019169330597,0.889404833316803,-0.0856335461139679,0.9917338490486145,0.38147488236427307,0.8670591711997986,0.288693368434906,0.6736546158790588,0.37868568301200867,0.954357922077179,-0.12475117295980453,0.9873642325401306
156,5.2,0.497236967086792,0.29768314957618713,-0.24081091582775116,0.999935507774353,0.45419842004776,0.29685330390930176,0.022620733827352524,0.999896228313446,0.45980435609817505,0.37204450368881226,-0.2288399040699005,0.9998824596405029,0.41036421060562134,0.234413281083107,0.1937066614627838,0.2657996118068695,0.4723299443721771,0.49988147616386414,-0.2635507881641388,0.8723681569099426,0.400812566280365,0.217263862490654,0.2780424952507019,0.40397703647613525,0.5166484713554382,0.48448681831359863,-0.26841193437576294,0.8269420266151428,0.40952515602111816,0.5436529517173767,0.09511415660381317,0.9999769330024719,0.38011297583580017,0.5440961122512817,-0.09520302712917328,0.999984622001648,0.4331738352775574,0.7073314785957336,0.09977750480175018,0.7810256481170654,0.36891382932662964,0.7190045118331909,-0.16095192730426788,0.9945226907730103,0.3761240541934967,0.7909943461418152,0.282185822725296,0.6195250153541565,0.3560405373573303,0.8896973729133606,-0.10622844845056534,0.9924642443656921,0.38372695446014404,0.8696983456611633,0.3028099238872528,0.699298620223999,0.37902122735977173,0.9530332684516907,-0.14928056299686432,0.9884566068649292
157,5.233333333333333,0.5003632307052612,0.2853695750236511,-0.2213985174894333,0.999941885471344,0.45470231771469116,0.29502034187316895,0.04195408895611763,0.9999037384986877,0.46227017045021057,0.36045870184898376,-0.20142455399036407,0.9998891949653625,0.40411442518234253,0.2467058002948761,0.1972152441740036,0.2850014865398407,0.47414812445640564,0.48908260464668274,-0.1598825752735138,0.8841028213500977,0.37757009267807007,0.23736317455768585,0.26751428842544556,0.452337384223938,0.5141744613647461,0.4775666892528534,-0.05780292674899101,0.8427169919013977,0.40902453660964966,0.5348420739173889,0.0944402888417244,0.9999780058860779,0.37945130467414856,0.5329874753952026,-0.0945180356502533,0.9999848008155823,0.43264609575271606,0.6940467953681946,0.042595263570547104,0.7979586720466614,0.3615054488182068,0.6952036619186401,-0.1512075513601303,0.9949323534965515,0.37554121017456055,0.8021292686462402,0.17541685700416565,0.6523245573043823,0.3446776270866394,0.8552507758140564,-0.06924060732126236,0.9928667545318604,0.3851430118083954,0.8886638283729553,0.15483154356479645,0.725239098072052,0.3684055507183075,0.9399319291114807,-0.11812786012887955,0.9890650510787964
158,5.266666666666667,0.501081109046936,0.28180059790611267,-0.20763787627220154,0.9999476671218872,0.4551646113395691,0.2967491149902344,0.047889307141304016,0.9999110102653503,0.46316418051719666,0.3547428250312805,-0.18995964527130127,0.9998942017555237,0.4038885235786438,0.2521427273750305,0.20062807202339172,0.3054283559322357,0.47541338205337524,0.4837082326412201,-0.14201617240905762,0.8935540914535522,0.37692856788635254,0.2408047765493393,0.2735213339328766,0.4980147182941437,0.5137472748756409,0.47235700488090515,-0.03458433598279953,0.8556642532348633,0.40939560532569885,0.5350432395935059,0.0943688303232193,0.9999787211418152,0.37763965129852295,0.5299046635627747,-0.09444080293178558,0.9999845623970032,0.43233799934387207,0.6920515894889832,0.05303967744112015,0.8110119700431824,0.3595202565193176,0.6966087222099304,-0.15258930623531342,0.9952743053436279,0.37528911232948303,0.8037528991699219,0.1940990388393402,0.6780883073806763,0.34425798058509827,0.8530415892601013,-0.0667424276471138,0.9930397868156433,0.38581356406211853,0.8906720280647278,0.18209701776504517,0.7455936074256897,0.3681996762752533,0.9319033026695251,-0.10882288217544556,0.9893113970756531
159,5.3,0.502066969871521,0.27724403142929077,-0.17835119366645813,0.9999528527259827,0.45520368218421936,0.29315945506095886,0.06565742194652557,0.9999173879623413,0.4639008939266205,0.34769317507743835,-0.15725451707839966,0.9998982548713684,0.4047463536262512,0.25273922085762024,0.18769124150276184,0.3447001278400421,0.47623753547668457,0.47734954953193665,-0.10318680852651596,0.9030550718307495,0.3706896901130676,0.2480480670928955,0.2448846846818924,0.5441133379936218,0.513374924659729,0.4614957571029663,0.015427577309310436,0.8689326047897339,0.40939608216285706,0.531833827495575,0.09057024121284485,0.9999794363975525,0.37653306126594543,0.5242871642112732,-0.09065775573253632,0.9999842643737793,0.4324938654899597,0.6868192553520203,-0.018497612327337265,0.8289298415184021,0.3571781516075134,0.6834332942962646,-0.16082970798015594,0.9956898093223572,0.37584641575813293,0.8085087537765503,0.10047312825918198,0.708471417427063,0.3377459645271301,0.839936375617981,-0.0913306474685669,0.9935361742973328,0.38589078187942505,0.8973889946937561,0.07494959980249405,0.7693243622779846,0.3595346212387085,0.9267365336418152,-0.13922566175460815,0.9900241494178772
160,5.333333333333333,0.5023006200790405,0.27596315741539,-0.14633169770240784,0.9999575614929199,0.4540742039680481,0.2908196449279785,0.08910752087831497,0.9999240040779114,0.4654499590396881,0.3467208445072174,-0.13287340104579926,0.9999032020568848,0.4038069248199463,0.25503993034362793,0.2277957946062088,0.37843653559684753,0.4772608280181885,0.4761543273925781,-0.07075243443250656,0.9100497961044312,0.3693179786205292,0.2516287565231323,0.3017563223838806,0.5850141048431396,0.5128504633903503,0.4553690552711487,0.06247326731681824,0.8794296979904175,0.40957412123680115,0.5309584736824036,0.08994168043136597,0.9999799728393555,0.37589484453201294,0.5225740075111389,-0.09003773331642151,0.9999836683273315,0.4325597286224365,0.6849749088287354,-0.01730700396001339,0.8443160057067871,0.35808417201042175,0.6816471815109253,-0.17245808243751526,0.9960395693778992,0.37601783871650696,0.8108417987823486,0.07211869210004807,0.7353050708770752,0.33763620257377625,0.8422955870628357,-0.11930058151483536,0.9939547777175903,0.3855631351470947,0.9024057388305664,0.04774812236428261,0.7903327345848083,0.35841962695121765,0.9263990521430969,-0.16091039776802063,0.9906383752822876
161,5.366666666666666,0.5025193095207214,0.26978471875190735,-0.18378803133964539,0.999961793422699,0.4545653462409973,0.29002416133880615,0.054893843829631805,0.9999309182167053,0.4644211232662201,0.33726152777671814,-0.1624218225479126,0.9999075531959534,0.40571752190589905,0.26298385858535767,0.16150963306427002,0.4261007010936737,0.480898916721344,0.47547459602355957,-0.11445266008377075,0.9173769354820251,0.3671358525753021,0.2720303237438202,0.17014165222644806,0.6247061491012573,0.5125681161880493,0.446614533662796,-0.01020033098757267,0.8895935416221619,0.4096711277961731,0.5254300832748413,0.0879167690873146,0.9999808669090271,0.3749854564666748,0.5164974927902222,-0.08803053945302963,0.9999834299087524,0.4326567053794861,0.6805781722068787,-0.02745754085481167,0.8582875728607178,0.35820791125297546,0.6714255213737488,-0.17563314735889435,0.9963546991348267,0.3768969476222992,0.8127573728561401,0.05277001112699509,0.75981605052948,0.33270692825317383,0.8355557918548584,-0.12619414925575256,0.9943552613258362,0.38578587770462036,0.905430793762207,0.016787759959697723,0.8098129630088806,0.3531844913959503,0.924780547618866,-0.17751170694828033,0.9912881255149841
162,5.4,0.5028886198997498,0.2693202495574951,-0.15585200488567352,0.9999656081199646,0.4552749991416931,0.29043570160865784,0.06776191294193268,0.9999369978904724,0.46454277634620667,0.3400031626224518,-0.1443849503993988,0.9999109506607056,0.40584975481033325,0.26607745885849,0.16188424825668335,0.46912941336631775,0.4824196696281433,0.476105272769928,-0.09656674414873123,0.9237818717956543,0.36675724387168884,0.2769283056259155,0.16867844760417938,0.6606501340866089,0.5123759508132935,0.44455164670944214,0.013195072300732136,0.8987354636192322,0.4096201956272125,0.5241544246673584,0.08737600594758987,0.9999816417694092,0.37433376908302307,0.5165215134620667,-0.08749913424253464,0.9999831318855286,0.4327395558357239,0.6786477565765381,-0.0386752113699913,0.8712685108184814,0.3582034409046173,0.6719170212745667,-0.1767067015171051,0.9966543912887573,0.3774758279323578,0.8149251341819763,0.028411980718374252,0.7826094031333923,0.33078205585479736,0.83746737241745,-0.13510029017925262,0.9947598576545715,0.3864108920097351,0.9056971073150635,-0.011909895576536655,0.827811062335968,0.3519623875617981,0.9223494529724121,-0.19204279780387878,0.9919089078903198
163,5.433333333333334,0.5038082003593445,0.2680177688598633,-0.14707191288471222,0.9999690055847168,0.45624345541000366,0.28860265016555786,0.07976598292589188,0.9999424815177917,0.46544957160949707,0.3401433825492859,-0.13970611989498138,0.9999135732650757,0.40571919083595276,0.26740559935569763,0.18423350155353546,0.507103681564331,0.48338308930397034,0.4751926362514496,-0.08512107282876968,0.92946857213974,0.3667546212673187,0.2782134711742401,0.1700066179037094,0.6930864453315735,0.5118311643600464,0.4411955177783966,0.0379890576004982,0.9066187739372253,0.4095896780490875,0.5223768353462219,0.0874500647187233,0.9999822378158569,0.37452900409698486,0.5150671005249023,-0.08756522834300995,0.9999824166297913,0.43280941247940063,0.6776222586631775,-0.04547591507434845,0.8831294178962708,0.3587563931941986,0.6707823872566223,-0.17858292162418365,0.9969264268875122,0.37811172008514404,0.8191168904304504,0.00793970562517643,0.8033828139305115,0.3302873969078064,0.8347482681274414,-0.1411418616771698,0.9951143264770508,0.3870999813079834,0.9061925411224365,-0.03835335001349449,0.8441728949546814,0.3512572646141052,0.9185233116149902,-0.19917507469654083,0.9924389123916626
164,5.466666666666667,0.5046630501747131,0.2673640251159668,-0.12778006494045258,0.9999721050262451,0.4558221697807312,0.28496691584587097,0.09168882668018341,0.9999471306800842,0.4667099118232727,0.342340350151062,-0.12790213525295258,0.9999147653579712,0.4040296673774719,0.2689700126647949,0.19517812132835388,0.5349755883216858,0.4838882088661194,0.47504356503486633,-0.06881864368915558,0.9338204860687256,0.3662189841270447,0.2799854576587677,0.19766512513160706,0.7215268611907959,0.5116052031517029,0.44006606936454773,0.06213207170367241,0.9129795432090759,0.4093267321586609,0.5224801898002625,0.08748537302017212,0.999982476234436,0.3746498227119446,0.5161799788475037,-0.08759938925504684,0.9999813437461853,0.43280452489852905,0.6781027317047119,-0.02312634140253067,0.8936089873313904,0.3584849238395691,0.6725611686706543,-0.15511824190616608,0.9971247315406799,0.37867459654808044,0.8192864060401917,0.04008107632398605,0.8221233487129211,0.3299688696861267,0.8306890726089478,-0.09163263440132141,0.9953367114067078,0.3872097134590149,0.904847264289856,-0.001724681118503213,0.8588201999664307,0.3501051068305969,0.9160300493240356,-0.14168211817741394,0.9927152991294861
165,5.5,0.5050359964370728,0.2608969509601593,-0.12207077443599701,0.9999748468399048,0.45587557554244995,0.2834646999835968,0.09421215951442719,0.9999507665634155,0.4711173474788666,0.33593323826789856,-0.11604323238134384,0.9999112486839294,0.404614120721817,0.2785974144935608,0.19153138995170593,0.5251085758209229,0.4861365854740143,0.47188428044319153,-0.05378727242350578,0.9354254007339478,0.3655068874359131,0.30978742241859436,0.2047748863697052,0.7354063391685486,0.5058148503303528,0.43012917041778564,0.08715574443340302,0.9135800004005432,0.4086419939994812,0.5228009819984436,0.08586633950471878,0.9999819397926331,0.3746495842933655,0.5124029517173767,-0.08597429096698761,0.9999786019325256,0.4322330057621002,0.67939293384552,-0.07249832153320312,0.9033032059669495,0.357543408870697,0.6700394749641418,-0.1475955992937088,0.9972312450408936,0.3816539943218231,0.8320689797401428,-0.051663823425769806,0.8387550115585327,0.31591230630874634,0.8116207718849182,-0.08887869864702225,0.9953281879425049,0.39362841844558716,0.9173879623413086,-0.10887868702411652,0.8717802166938782,0.3305566906929016,0.8960764408111572,-0.1410445272922516,0.9924060702323914
166,5.533333333333333,0.5052762627601624,0.260329008102417,-0.10424625873565674,0.9999773502349854,0.4543270468711853,0.28137630224227905,0.1051279753446579,0.9999542832374573,0.47252458333969116,0.3351666033267975,-0.1046798825263977,0.9999107122421265,0.40406256914138794,0.2821906507015228,0.206758052110672,0.5199036002159119,0.48810434341430664,0.47316649556159973,-0.03515229746699333,0.9375940561294556,0.3649498522281647,0.3157958984375,0.23251600563526154,0.7491458654403687,0.5042229294776917,0.42747318744659424,0.11261935532093048,0.9169503450393677,0.40758806467056274,0.5229533910751343,0.08426868170499802,0.9999814629554749,0.37450480461120605,0.5113861560821533,-0.08437611907720566,0.9999762773513794,0.4319598078727722,0.679705798625946,-0.07661634683609009,0.9123636484146118,0.35697638988494873,0.6690692901611328,-0.13573774695396423,0.9973462820053101,0.38342782855033875,0.8345686197280884,-0.06243932992219925,0.8541538715362549,0.3147130608558655,0.8080960512161255,-0.07715601474046707,0.995414674282074,0.39477333426475525,0.919193685054779,-0.12043839693069458,0.8838596343994141,0.32869213819503784,0.8934768438339233,-0.12878818809986115,0.9923171997070312
167,5.566666666666666,0.5055769085884094,0.258977472782135,-0.13679452240467072,0.9999796152114868,0.4549066424369812,0.28254076838493347,0.08394598215818405,0.999957799911499,0.471768856048584,0.33159637451171875,-0.12865139544010162,0.9999071359634399,0.4043973982334137,0.2862415015697479,0.16022372245788574,0.5183179378509521,0.48839831352233887,0.4703395962715149,-0.06865285336971283,0.940852165222168,0.365264356136322,0.3367201089859009,0.16454878449440002,0.7586239576339722,0.49780553579330444,0.4176996052265167,0.0756259337067604,0.9136400818824768,0.4080836772918701,0.5210109949111938,0.07944630086421967,0.9999812841415405,0.3748665153980255,0.507459819316864,-0.07957221567630768,0.9999732971191406,0.4312813878059387,0.6803727746009827,-0.12303081899881363,0.9206825494766235,0.3542092442512512,0.6657814979553223,-0.05862849950790405,0.9973843693733215,0.386478990316391,0.8499962091445923,-0.13059358298778534,0.8683944344520569,0.30375897884368896,0.7866861820220947,0.0454399511218071,0.9951385259628296,0.4026782512664795,0.9246006608009338,-0.2109307050704956,0.8951511383056641,0.31789878010749817,0.8709849715232849,-0.005113798659294844,0.991653323173523
168,5.6,0.5055815577507019,0.25893303751945496,-0.13608303666114807,0.9999816417694092,0.45603424310684204,0.28340181708335876,0.07936789095401764,0.999961256980896,0.4711984694004059,0.3293139934539795,-0.12730975449085236,0.9999061226844788,0.4047030508518219,0.28753212094306946,0.1607920527458191,0.5190895199775696,0.4881749749183655,0.4684898257255554,-0.06415997445583344,0.9430911540985107,0.3656311333179474,0.338247686624527,0.15968576073646545,0.7693986296653748,0.49584856629371643,0.41620203852653503,0.08086124062538147,0.9085715413093567,0.40814894437789917,0.5207543969154358,0.0785599797964096,0.9999817609786987,0.37487900257110596,0.5062433481216431,-0.07868536561727524,0.9999721050262451,0.43093013763427734,0.6807451844215393,-0.12527447938919067,0.9281510710716248,0.3536822199821472,0.6640786528587341,-0.06421562284231186,0.9974547624588013,0.3883350193500519,0.8526555299758911,-0.1297333985567093,0.8812205791473389,0.3023749589920044,0.7827951908111572,0.038001153618097305,0.9950023889541626,0.40449681878089905,0.9260452389717102,-0.20988447964191437,0.9053594470024109,0.3145674467086792,0.8660641312599182,-0.013103261590003967,0.991405725479126
169,5.633333333333334,0.5057207345962524,0.2555975019931793,-0.15037454664707184,0.9999834895133972,0.45602983236312866,0.28392401337623596,0.06670159101486206,0.9999642372131348,0.47098055481910706,0.31960833072662354,-0.1436031311750412,0.9999062418937683,0.4043880105018616,0.29675865173339844,0.14756479859352112,0.5041030049324036,0.48415225744247437,0.44670748710632324,-0.07451514899730682,0.9466555118560791,0.36678531765937805,0.3553149402141571,0.14582960307598114,0.7709697484970093,0.49290037155151367,0.41229405999183655,0.059959955513477325,0.9057116508483887,0.4087185263633728,0.5184256434440613,0.07833777368068695,0.9999813437461853,0.37559765577316284,0.5049088597297668,-0.07846871018409729,0.9999694228172302,0.43061670660972595,0.6811448335647583,-0.1080659031867981,0.9345725774765015,0.3514644503593445,0.660298228263855,-0.04700873792171478,0.9974023699760437,0.3907731771469116,0.8585468530654907,-0.1314665675163269,0.8926693201065063,0.2944503426551819,0.7616565227508545,0.06327979266643524,0.994509220123291,0.4097825586795807,0.9268362522125244,-0.21059651672840118,0.9144920110702515,0.3054182231426239,0.8541982173919678,0.02319713868200779,0.9906544089317322
170,5.666666666666667,0.5058016180992126,0.2547709345817566,-0.1627812683582306,0.9999850988388062,0.4559341371059418,0.2841280400753021,0.05609923601150513,0.9999669194221497,0.47034114599227905,0.31714221835136414,-0.15694370865821838,0.9999067187309265,0.40375393629074097,0.30155041813850403,0.13920411467552185,0.4997885823249817,0.48148927092552185,0.44011828303337097,-0.09236278384923935,0.9505309462547302,0.3674026429653168,0.35741668939590454,0.13650275766849518,0.7756149768829346,0.4923308491706848,0.411984384059906,0.051336467266082764,0.9057528376579285,0.40926051139831543,0.5172803401947021,0.07858467102050781,0.9999809265136719,0.37600237131118774,0.5044415593147278,-0.07871256023645401,0.9999671578407288,0.4303269386291504,0.681427538394928,-0.10561434924602509,0.9404407143592834,0.35112395882606506,0.6587752103805542,-0.04287741705775261,0.9974216818809509,0.3914942145347595,0.8607876300811768,-0.13579706847667694,0.9029480218887329,0.2934654653072357,0.7584413886070251,0.07284624874591827,0.9942530393600464,0.4121732711791992,0.9274358749389648,-0.21409860253334045,0.922744631767273,0.3043012022972107,0.850211501121521,0.03304058685898781,0.9901712536811829
