frame,timestamp,nose_x,nose_y,nose_z,nose_visibility,left_shoulder_x,left_shoulder_y,left_shoulder_z,left_shoulder_visibility,right_shoulder_x,right_shoulder_y,right_shoulder_z,right_shoulder_visibility,left_elbow_x,left_elbow_y,left_elbow_z,left_elbow_visibility,right_elbow_x,right_elbow_y,right_elbow_z,right_elbow_visibility,left_wrist_x,left_wrist_y,left_wrist_z,left_wrist_visibility,right_wrist_x,right_wrist_y,right_wrist_z,right_wrist_visibility,left_hip_x,left_hip_y,left_hip_z,left_hip_visibility,right_hip_x,right_hip_y,right_hip_z,right_hip_visibility,left_knee_x,left_knee_y,left_knee_z,left_knee_visibility,right_knee_x,right_knee_y,right_knee_z,right_knee_visibility,left_ankle_x,left_ankle_y,left_ankle_z,left_ankle_visibility,right_ankle_x,right_ankle_y,right_ankle_z,right_ankle_visibility,left_foot_x,left_foot_y,left_foot_z,left_foot_visibility,right_foot_x,right_foot_y,right_foot_z,right_foot_visibility
0,0.0,0.5896288156509399,0.17088377475738525,-0.23269832134246826,0.9999822974205017,0.6087168455123901,0.2577625811100006,-0.09218667447566986,0.9999232292175293,0.5582335591316223,0.2666764259338379,-0.13418883085250854,0.9998756051063538,0.6254300475120544,0.3165580630302429,-0.10823939740657806,0.7847992181777954,0.5554869771003723,0.35066381096839905,-0.18790802359580994,0.9267246127128601,0.6279352903366089,0.31676390767097473,-0.20269398391246796,0.8735520839691162,0.5780994296073914,0.3722224831581116,-0.2978898584842682,0.911623477935791,0.5841683149337769,0.4736441373825073,0.028861572965979576,0.9994626045227051,0.5529649257659912,0.47649115324020386,-0.028907541185617447,0.9996095299720764,0.5802161693572998,0.6368832588195801,0.17059245705604553,0.8489643931388855,0.5571085214614868,0.6228534579277039,-0.08978647738695145,0.934306263923645,0.5873035788536072,0.7666044235229492,0.3237098753452301,0.902471661567688,0.5475077033042908,0.7931593060493469,-0.041940800845623016,0.9381036162376404,0.5873925685882568,0.7815839052200317,0.2788007855415344,0.9059300422668457,0.5482730269432068,0.8220086097717285,-0.11151933670043945,0.9350771307945251
2,0.06666666666666667,0.26886463165283203,0.40040746331214905,0.05592360347509384,0.9999820590019226,0.2921711802482605,0.4217762351036072,-0.07807236164808273,0.9999305605888367,0.3219287395477295,0.4279193580150604,0.1372554451227188,0.9998776912689209,0.2944203019142151,0.5103598237037659,-0.11664366722106934,0.8043323159217834,0.3507517874240875,0.5236688852310181,0.1269272118806839,0.8345772624015808,0.26052480936050415,0.5721645355224609,-0.08137332648038864,0.8771770000457764,0.3311591148376465,0.5917243361473083,0.055324215441942215,0.8217692375183105,0.31535759568214417,0.611984133720398,-0.06638526916503906,0.9995145201683044,0.319853812456131,0.6135793328285217,0.06634826213121414,0.9996448755264282,0.3330496847629547,0.7434491515159607,-0.09366699308156967,0.8504884243011475,0.2884371280670166,0.7325859665870667,0.04098181053996086,0.8526477813720703,0.3796056807041168,0.8732590675354004,-0.10607932507991791,0.8933243155479431,0.2752116620540619,0.866522490978241,0.05730060487985611,0.8638128638267517,0.36042994260787964,0.9121547937393188,-0.17478299140930176,0.8948399424552917,0.2445908486843109,0.8925795555114746,0.014385754242539406,0.8739995956420898
3,0.1,0.2687605023384094,0.40028882026672363,0.0019095992902293801,0.9999827742576599,0.29312756657600403,0.4220394492149353,-0.11868099868297577,0.9999371767044067,0.3217836916446686,0.4279178977012634,0.10694601386785507,0.9998840689659119,0.294574499130249,0.5105476975440979,-0.13779999315738678,0.8236237168312073,0.35107699036598206,0.5260058641433716,0.10353797674179077,0.7590981721878052,0.26064762473106384,0.5732759833335876,-0.0853562206029892,0.8858465552330017,0.3306894302368164,0.594643771648407,0.0339445061981678,0.7407525181770325,0.3154071867465973,0.6102409958839417,-0.07156416028738022,0.9995605945587158,0.3198622465133667,0.6121540069580078,0.07151024788618088,0.9996752738952637,0.33344927430152893,0.7433372735977173,-0.09145471453666687,0.8639169335365295,0.2885860204696655,0.7332472801208496,0.08252083510160446,0.807701587677002,0.379776269197464,0.8742750287055969,-0.0883830338716507,0.9022985100746155,0.275238960981369,0.8729039430618286,0.11371169239282608,0.8525469303131104,0.36022040247917175,0.9123392105102539,-0.15269696712493896,0.9033217430114746,0.24480263888835907,0.8915928602218628,0.07257485389709473,0.8701139688491821
4,0.13333333333333333,0.2685738205909729,0.40016236901283264,0.0031087694223970175,0.9999833106994629,0.2937031686306,0.4220399260520935,-0.12004820257425308,0.9999431371688843,0.3217644989490509,0.4278627634048462,0.10887342691421509,0.9998896718025208,0.29475346207618713,0.5107343196868896,-0.14249923825263977,0.8410043120384216,0.3512577414512634,0.5267593264579773,0.10431382805109024,0.6911096572875977,0.2607373595237732,0.573767900466919,-0.09114833176136017,0.8939690589904785,0.33034640550613403,0.5957042574882507,0.03316736966371536,0.6677820086479187,0.3154063820838928,0.609123945236206,-0.07387630641460419,0.9996021389961243,0.31987088918685913,0.611205518245697,0.07381833344697952,0.9997028708457947,0.33369556069374084,0.7432612776756287,-0.09110890328884125,0.8758816123008728,0.28860893845558167,0.7337470054626465,0.0843338593840599,0.7685238718986511,0.37992918491363525,0.8750637769699097,-0.0878768265247345,0.9102837443351746,0.27523115277290344,0.8753252029418945,0.11242400109767914,0.8433147668838501,0.35991397500038147,0.9124237895011902,-0.1536712795495987,0.9109084606170654,0.2448643147945404,0.8911928534507751,0.06954397261142731,0.8675000667572021
5,0.16666666666666666,0.26830238103866577,0.40012648701667786,0.004890347830951214,0.9999834299087524,0.2937144637107849,0.4219247102737427,-0.12007343769073486,0.9999484419822693,0.3216894268989563,0.42753058671951294,0.1094040498137474,0.9998937249183655,0.2947242259979248,0.5108309984207153,-0.14654263854026794,0.8566478490829468,0.35112735629081726,0.5268832445144653,0.10561611503362656,0.6297197937965393,0.2607420086860657,0.5742546319961548,-0.09811590611934662,0.901170551776886,0.3301171660423279,0.5958293676376343,0.03698986768722534,0.602123498916626,0.3148418068885803,0.6091878414154053,-0.07498107105493546,0.9996395111083984,0.3202292025089264,0.611187219619751,0.07491981238126755,0.9997277855873108,0.333116352558136,0.7433730959892273,-0.09289192408323288,0.8869543075561523,0.2887251079082489,0.734801709651947,0.09140023589134216,0.7316941618919373,0.3799867331981659,0.8750525712966919,-0.09184736013412476,0.9178145527839661,0.2753566801548004,0.8768651485443115,0.11920900642871857,0.836303174495697,0.359779417514801,0.9124152064323425,-0.1582278460264206,0.9181749820709229,0.24573743343353271,0.890507698059082,0.07687129825353622,0.8662046194076538
6,0.2,0.26811113953590393,0.3998831808567047,0.003552007023245096,0.999983549118042,0.293782114982605,0.4218751788139343,-0.11569269746541977,0.9999531507492065,0.32164889574050903,0.4272773265838623,0.10420509427785873,0.9998977780342102,0.29469019174575806,0.5110473036766052,-0.1403060108423233,0.8705457448959351,0.35109513998031616,0.5269628167152405,0.10040722787380219,0.5728114247322083,0.2608294188976288,0.5743390917778015,-0.09745466709136963,0.9052609205245972,0.33012112975120544,0.5958365797996521,0.03579644113779068,0.5430136919021606,0.31460198760032654,0.6092295050621033,-0.07412758469581604,0.999673068523407,0.320313036441803,0.6111336946487427,0.07406912744045258,0.9997503161430359,0.33268430829048157,0.743450403213501,-0.09172520786523819,0.8965039253234863,0.2887272536754608,0.735194981098175,0.09042037278413773,0.6928549408912659,0.3799906373023987,0.8749369978904724,-0.08889375627040863,0.924081027507782,0.2754530906677246,0.8769252300262451,0.11854038387537003,0.8249034881591797,0.35959392786026,0.9124079942703247,-0.15019288659095764,0.9241992235183716,0.24590595066547394,0.8897895812988281,0.07952447980642319,0.8617148399353027
7,0.23333333333333334,0.26799455285072327,0.3994751274585724,0.003576613264158368,0.9999837875366211,0.2938474416732788,0.4218566119670868,-0.11294794082641602,0.9999573230743408,0.3215366303920746,0.4270623028278351,0.10320045053958893,0.9999011754989624,0.2946782410144806,0.5113030672073364,-0.13731548190116882,0.882989764213562,0.35105234384536743,0.5269457101821899,0.09832735359668732,0.521602213382721,0.26094552874565125,0.5743467211723328,-0.09255452454090118,0.9081164598464966,0.3301324248313904,0.5957677960395813,0.03443985432386398,0.4898030161857605,0.3144175410270691,0.6093039512634277,-0.07358245551586151,0.999703049659729,0.3203546404838562,0.6110557317733765,0.07352657616138458,0.9997702240943909,0.3323320150375366,0.7434796690940857,-0.09072316437959671,0.9048662781715393,0.28869491815567017,0.7352445721626282,0.09013699740171432,0.6559551954269409,0.3796343207359314,0.8748911619186401,-0.08918005228042603,0.9295225143432617,0.2754955291748047,0.8765602707862854,0.11785417795181274,0.8124971389770508,0.35743382573127747,0.9124012589454651,-0.1499948352575302,0.9294300675392151,0.24606876075267792,0.8885283470153809,0.07953159511089325,0.8560694456100464
8,0.26666666666666666,0.26784369349479675,0.3991904854774475,0.006903921253979206,0.9999841451644897,0.29389888048171997,0.42184460163116455,-0.11019984632730484,0.9999611377716064,0.3214287757873535,0.4268912076950073,0.1038575991988182,0.9999045133590698,0.2946684956550598,0.5115855932235718,-0.13644078373908997,0.8941298723220825,0.35102546215057373,0.526915431022644,0.09778950363397598,0.475567489862442,0.2610240578651428,0.5743443965911865,-0.08657701313495636,0.909913957118988,0.3301435112953186,0.5957428216934204,0.034324999898672104,0.4419082999229431,0.3142574429512024,0.6093426942825317,-0.07335758954286575,0.9997299313545227,0.32041001319885254,0.6109657883644104,0.07330751419067383,0.9997880458831787,0.33203405141830444,0.7434771060943604,-0.0895908772945404,0.9121444225311279,0.2886416018009186,0.7352471947669983,0.0892966091632843,0.6214974522590637,0.3792720437049866,0.8747535943984985,-0.09061958640813828,0.9342077374458313,0.27549469470977783,0.8762919902801514,0.11539489030838013,0.7998988628387451,0.356269896030426,0.9123831987380981,-0.1522691398859024,0.9339507222175598,0.24611859023571014,0.8879862427711487,0.07716424763202667,0.8499055504798889
9,0.3,0.26729246973991394,0.3991263508796692,0.011468680575489998,0.9999844431877136,0.2935590147972107,0.42119064927101135,-0.10838601738214493,0.9999646544456482,0.3205614686012268,0.4268355071544647,0.10734692960977554,0.9999071359634399,0.2943895757198334,0.5118669271469116,-0.1377258151769638,0.9043306112289429,0.350114107131958,0.526820719242096,0.09979486465454102,0.4361780881881714,0.260974258184433,0.5753416419029236,-0.09329554438591003,0.9137890338897705,0.3292061686515808,0.595710039138794,0.03470008820295334,0.3986763656139374,0.3136901259422302,0.609237015247345,-0.07312624156475067,0.9997544884681702,0.3205100893974304,0.610632598400116,0.07307122647762299,0.9998044967651367,0.330599844455719,0.7434568405151367,-0.09783559292554855,0.9192456603050232,0.2885821461677551,0.7354389429092407,0.08386974036693573,0.5990734100341797,0.37896978855133057,0.8744880557060242,-0.11517850309610367,0.9392160773277283,0.27541327476501465,0.8760408759117126,0.11218684911727905,0.797648012638092,0.3556651473045349,0.9123643040657043,-0.18161781132221222,0.9388841390609741,0.2461589127779007,0.8879603743553162,0.07106810808181763,0.8506549596786499
10,0.3333333333333333,0.2669183611869812,0.3992539346218109,0.01250518299639225,0.9999843835830688,0.2932034134864807,0.42058831453323364,-0.10745195299386978,0.9999677538871765,0.32020828127861023,0.42674919962882996,0.10903684794902802,0.9999092817306519,0.2941928207874298,0.5119626522064209,-0.13912729918956757,0.9134527444839478,0.3496458828449249,0.5266324877738953,0.09970101714134216,0.401327908039093,0.2609541416168213,0.575775682926178,-0.0978550836443901,0.9164155125617981,0.32896798849105835,0.5956968665122986,0.03300766274333,0.3597959578037262,0.31330442428588867,0.60912024974823,-0.07299870252609253,0.9997764229774475,0.32065171003341675,0.6103455424308777,0.07293914258480072,0.9998192191123962,0.3298115134239197,0.743539571762085,-0.10005155950784683,0.925345778465271,0.28852587938308716,0.7356322407722473,0.08323682844638824,0.5762524008750916,0.3787619471549988,0.8744609355926514,-0.11664767563343048,0.9433778524398804,0.2753564715385437,0.8759345412254333,0.10693572461605072,0.7929747104644775,0.35519498586654663,0.9123314619064331,-0.18342091143131256,0.9429340362548828,0.24618037045001984,0.8880038857460022,0.0661027580499649,0.8490800261497498
11,0.36666666666666664,0.2667941451072693,0.3996155261993408,0.02429170161485672,0.9999837279319763,0.29297778010368347,0.420078307390213,-0.10345478355884552,0.9999704360961914,0.32000383734703064,0.426742285490036,0.11405108869075775,0.9999105930328369,0.2941114008426666,0.5119603872299194,-0.13863730430603027,0.9216371178627014,0.34937015175819397,0.5264360308647156,0.10113352537155151,0.37087273597717285,0.2609105706214905,0.5759952068328857,-0.09984613955020905,0.9185551404953003,0.3289433717727661,0.5956684947013855,0.033577580004930496,0.32489389181137085,0.313081294298172,0.6090071201324463,-0.07296731323003769,0.9997961521148682,0.32072529196739197,0.6101086735725403,0.07290273904800415,0.9998325109481812,0.329271525144577,0.7435649633407593,-0.10270271450281143,0.9305435419082642,0.28847575187683105,0.7356259822845459,0.08202646672725677,0.5527685284614563,0.37852177023887634,0.8744316101074219,-0.12016107141971588,0.94683438539505,0.27526628971099854,0.8751843571662903,0.10601528733968735,0.7852553129196167,0.35481005907058716,0.9122137427330017,-0.18700793385505676,0.9462798833847046,0.24617817997932434,0.8880342245101929,0.06558821350336075,0.8451464176177979
12,0.4,0.26674050092697144,0.40006038546562195,0.022007862105965614,0.9999819397926331,0.2929608225822449,0.419596791267395,-0.10505781322717667,0.9999727606773376,0.3198777437210083,0.42663896083831787,0.11392809450626373,0.9999098777770996,0.2941121459007263,0.5119184851646423,-0.14262625575065613,0.9289712905883789,0.3493714928627014,0.5263938307762146,0.10188230127096176,0.3407915532588959,0.260718435049057,0.576266348361969,-0.10651522874832153,0.9210671782493591,0.3291342556476593,0.5956364870071411,0.03395324572920799,0.2935325801372528,0.3129804730415344,0.609088659286499,-0.07323560118675232,0.999813973903656,0.32065463066101074,0.6101154088973999,0.0731673464179039,0.9998443722724915,0.3290368616580963,0.7442256212234497,-0.10180801153182983,0.9347503185272217,0.2884519696235657,0.7354103326797485,0.08887428790330887,0.525585949420929,0.37849849462509155,0.8744869828224182,-0.10290275514125824,0.9493601322174072,0.2752475142478943,0.8733513951301575,0.11765263974666595,0.7727766633033752,0.35410529375076294,0.9121233820915222,-0.16468915343284607,0.9487075209617615,0.24600541591644287,0.888059675693512,0.07969485968351364,0.8383064270019531
13,0.43333333333333335,0.2658756971359253,0.3998229205608368,0.0074269575998187065,0.9999815225601196,0.2926824986934662,0.41989243030548096,-0.116879902780056,0.9999749660491943,0.31922289729118347,0.4266372621059418,0.11033233255147934,0.9999101758003235,0.29400691390037537,0.5123180150985718,-0.14648711681365967,0.935778796672821,0.3486435115337372,0.5259348154067993,0.10272426903247833,0.31438401341438293,0.2598036527633667,0.5778086185455322,-0.10341944545507431,0.9250352382659912,0.3291497826576233,0.5956047773361206,0.03788381814956665,0.26542654633522034,0.3127056956291199,0.6104300618171692,-0.0742468535900116,0.9998302459716797,0.3199313282966614,0.6110623478889465,0.07418189942836761,0.9998552799224854,0.3270232379436493,0.7447443008422852,-0.10140957683324814,0.9398947954177856,0.28824383020401,0.7354455590248108,0.09416399896144867,0.5088755488395691,0.37813061475753784,0.8747409582138062,-0.10044530779123306,0.9531129002571106,0.2752220630645752,0.8735718727111816,0.12354335933923721,0.771467924118042,0.35306209325790405,0.9119091629981995,-0.16335615515708923,0.9524713158607483,0.24599352478981018,0.8884297013282776,0.08430267125368118,0.840116024017334
14,0.4666666666666667,0.2654249668121338,0.39969637989997864,0.00721584539860487,0.9999812841415405,0.29250144958496094,0.42000481486320496,-0.11751452833414078,0.9999769926071167,0.31897103786468506,0.42663833498954773,0.10841848701238632,0.9999113082885742,0.2939320206642151,0.5124940872192383,-0.1465744972229004,0.9419031143188477,0.34839385747909546,0.5256699323654175,0.10295699536800385,0.29115864634513855,0.25955820083618164,0.5785951614379883,-0.10207982361316681,0.928784191608429,0.32928699254989624,0.595580518245697,0.03846554458141327,0.2403058409690857,0.31242451071739197,0.6109583377838135,-0.07460775971412659,0.9998449683189392,0.31924042105674744,0.611576497554779,0.07454431056976318,0.9998652338981628,0.326382040977478,0.74500572681427,-0.09971846640110016,0.9444185495376587,0.2878221869468689,0.7353976964950562,0.09480654448270798,0.49260953068733215,0.377906858921051,0.8747528791427612,-0.09975863993167877,0.956363320350647,0.2750907838344574,0.8735597133636475,0.12255918979644775,0.7689223289489746,0.35266822576522827,0.9118724465370178,-0.1621854603290558,0.9557543992996216,0.24569454789161682,0.8886570334434509,0.08447656780481339,0.8410797119140625
15,0.5,0.2652400732040405,0.39964306354522705,0.006502476520836353,0.9999810457229614,0.29238247871398926,0.4200338125228882,-0.11672363430261612,0.9999788999557495,0.3187832236289978,0.42664018273353577,0.10744166374206543,0.9999119639396667,0.29387494921684265,0.5125952363014221,-0.14684216678142548,0.9474495053291321,0.348309725522995,0.5255940556526184,0.10185618698596954,0.27077654004096985,0.2593916356563568,0.5789623856544495,-0.10418432950973511,0.9329604506492615,0.329425185918808,0.5955601334571838,0.03747997060418129,0.2177869826555252,0.31225210428237915,0.6110317707061768,-0.07470203936100006,0.9998583197593689,0.31884515285491943,0.6116219162940979,0.0746382400393486,0.9998742341995239,0.32580626010894775,0.7451350688934326,-0.09904380142688751,0.9484726190567017,0.2875940799713135,0.7351915240287781,0.09271038323640823,0.47807079553604126,0.3777438998222351,0.8746719360351562,-0.0998835563659668,0.9591816663742065,0.2749466001987457,0.8729970455169678,0.11946877092123032,0.7663001418113708,0.35278916358947754,0.9118930101394653,-0.16130565106868744,0.9586238265037537,0.24524299800395966,0.889127790927887,0.08198375254869461,0.8417509198188782
16,0.5333333333333333,0.2651272416114807,0.3996199369430542,0.006994306109845638,0.9999805092811584,0.29229503870010376,0.4200403094291687,-0.1152067631483078,0.9999805688858032,0.3186033070087433,0.4266430735588074,0.10793832689523697,0.9999126195907593,0.29382380843162537,0.5126234292984009,-0.14576464891433716,0.9524497985839844,0.34827932715415955,0.5255603790283203,0.10212476551532745,0.2530771791934967,0.2592793405056,0.5789917707443237,-0.10404317080974579,0.936873197555542,0.3297291398048401,0.5955453515052795,0.03792967647314072,0.19768165051937103,0.31213971972465515,0.6109501123428345,-0.07476285845041275,0.9998703598976135,0.3187389671802521,0.6114237308502197,0.07469789683818817,0.9998823404312134,0.3260268568992615,0.7451665997505188,-0.10019292682409286,0.9519808292388916,0.2875407338142395,0.734879195690155,0.09137821197509766,0.4622161090373993,0.37773317098617554,0.8745384216308594,-0.10112921893596649,0.9614772796630859,0.2748459577560425,0.8725500106811523,0.11721131950616837,0.7608024477958679,0.3529098629951477,0.9119341373443604,-0.1619851291179657,0.9610179662704468,0.24529893696308136,0.8896910548210144,0.07862348854541779,0.8406043648719788
17,0.5666666666666667,0.26510173082351685,0.3988438546657562,0.007856353186070919,0.9999815821647644,0.2919803559780121,0.4209025502204895,-0.108559750020504,0.9999821782112122,0.31861746311187744,0.42693057656288147,0.10690593719482422,0.9999149441719055,0.2937421202659607,0.5136255621910095,-0.1316138356924057,0.9568992853164673,0.3481467068195343,0.5255540013313293,0.10046229511499405,0.2357758730649948,0.2591974437236786,0.5789473056793213,-0.08603722602128983,0.9396828413009644,0.3285776972770691,0.5943965315818787,0.03754321485757828,0.17933444678783417,0.31184834241867065,0.6109579205513,-0.07316257804632187,0.9998812675476074,0.3187624514102936,0.6114797592163086,0.07309384644031525,0.9998897314071655,0.3257175087928772,0.7453436851501465,-0.09985017031431198,0.9553404450416565,0.2875310778617859,0.7349545955657959,0.08280377835035324,0.4532549977302551,0.3775363862514496,0.8745657205581665,-0.10252980142831802,0.9636552929878235,0.27454686164855957,0.8725470900535583,0.10362517833709717,0.7590094804763794,0.3529864549636841,0.9119317531585693,-0.1615070402622223,0.9633023738861084,0.24527569115161896,0.8912287950515747,0.06943822652101517,0.8412671685218811
18,0.6,0.2651054263114929,0.39832088351249695,0.008358902297914028,0.9999825954437256,0.2918626666069031,0.4214814007282257,-0.10539412498474121,0.9999836087226868,0.3186277747154236,0.4271296262741089,0.10691583156585693,0.9999171495437622,0.29363030195236206,0.5142201781272888,-0.12722496688365936,0.9608871936798096,0.34805527329444885,0.5255424976348877,0.1001739352941513,0.22023914754390717,0.25918513536453247,0.5789257884025574,-0.08031843602657318,0.9419547915458679,0.32796940207481384,0.5937056541442871,0.03745264559984207,0.16285713016986847,0.3116931915283203,0.6110774874687195,-0.07233770191669464,0.9998911023139954,0.3187810480594635,0.6117014288902283,0.07226815819740295,0.9998965263366699,0.3255827724933624,0.7455570697784424,-0.09882250428199768,0.9584290385246277,0.2875271737575531,0.7354364395141602,0.08045042306184769,0.4478343725204468,0.37749409675598145,0.8745636940002441,-0.10095622390508652,0.9656236171722412,0.2742976248264313,0.8725939393043518,0.10154267400503159,0.759451687335968,0.3531745374202728,0.9119306802749634,-0.15604093670845032,0.9653436541557312,0.24480383098125458,0.8929116725921631,0.06799902766942978,0.8429639935493469
19,0.6333333333333333,0.26511743664741516,0.39792686700820923,0.008910639211535454,0.9999834895133972,0.29180479049682617,0.42173317074775696,-0.1030467301607132,0.9999849200248718,0.31863462924957275,0.42722588777542114,0.10697092860937119,0.9999193549156189,0.2935329079627991,0.5144887566566467,-0.12541542947292328,0.9644746780395508,0.34799325466156006,0.5255342125892639,0.10046690702438354,0.20640939474105835,0.2591894865036011,0.578784704208374,-0.07831810414791107,0.9438382387161255,0.3276281952857971,0.5933757424354553,0.03747527301311493,0.14796747267246246,0.3115955591201782,0.6110772490501404,-0.0720282644033432,0.9998999834060669,0.31879621744155884,0.6117300391197205,0.07195837795734406,0.9999027848243713,0.3255012631416321,0.7456738948822021,-0.09864650666713715,0.9611868262290955,0.28752562403678894,0.7357115745544434,0.07566162198781967,0.4436735510826111,0.37747901678085327,0.8745468854904175,-0.10130603611469269,0.9673540592193604,0.2740856111049652,0.8726449608802795,0.09490865468978882,0.7599474787712097,0.35333406925201416,0.9119293093681335,-0.15685921907424927,0.9671497344970703,0.2444552183151245,0.893675684928894,0.06134166195988655,0.8446502685546875
20,0.6666666666666666,0.26512712240219116,0.3977508246898651,0.009046298451721668,0.9999842643737793,0.29177209734916687,0.4218941032886505,-0.10189925134181976,0.9999861121177673,0.3186378479003906,0.42726388573646545,0.10735472291707993,0.9999213218688965,0.29346415400505066,0.5146008133888245,-0.12454827129840851,0.9676892161369324,0.3479672968387604,0.5255330204963684,0.10062775760889053,0.19400078058242798,0.2591899037361145,0.5786409378051758,-0.07700416445732117,0.9452754259109497,0.32742026448249817,0.5930813550949097,0.037487149238586426,0.13454867899417877,0.3115238845348358,0.6110785007476807,-0.071889728307724,0.9999079704284668,0.3188014030456543,0.611753523349762,0.0718192309141159,0.9999083876609802,0.3254249393939972,0.7458012104034424,-0.09870122373104095,0.963631272315979,0.2875184416770935,0.7358317971229553,0.07519020140171051,0.43843570351600647,0.37750497460365295,0.8745344281196594,-0.10193154960870743,0.9688532948493958,0.2739145755767822,0.8726794123649597,0.0943598523736,0.7595445513725281,0.35350459814071655,0.9119284749031067,-0.15726713836193085,0.968732476234436,0.2441631257534027,0.8937139511108398,0.06072979420423508,0.8456535339355469
21,0.7,0.2650530934333801,0.39767858386039734,0.009240039624273777,0.9999850392341614,0.2914065420627594,0.422762006521225,-0.10216895490884781,0.9999871850013733,0.3186131417751312,0.42700695991516113,0.10906972736120224,0.9999233484268188,0.2926405072212219,0.5155181288719177,-0.12645544111728668,0.9706501364707947,0.3472256362438202,0.5254558324813843,0.10533519089221954,0.18311741948127747,0.25917136669158936,0.5782326459884644,-0.07900170236825943,0.9470634460449219,0.3267832398414612,0.5925648808479309,0.04237889498472214,0.12251906841993332,0.31127050518989563,0.6110804677009583,-0.07197511196136475,0.9999153017997742,0.3188343644142151,0.6117592453956604,0.07190556824207306,0.9999139904975891,0.3254625201225281,0.7459636330604553,-0.09860000759363174,0.9663284420967102,0.2873600423336029,0.7358725666999817,0.07616981863975525,0.4479358196258545,0.37750911712646484,0.8740518093109131,-0.094825379550457,0.9706018567085266,0.2738305330276489,0.8726754188537598,0.09665443003177643,0.7679629325866699,0.3535352051258087,0.9118527770042419,-0.1489568054676056,0.9704079627990723,0.24416768550872803,0.8936809301376343,0.0617191419005394,0.851146399974823
22,0.7333333333333333,0.2649999260902405,0.3976605236530304,0.012152432464063168,0.9999857544898987,0.2911120653152466,0.4234795570373535,-0.10229786485433578,0.9999881386756897,0.318568617105484,0.42688319087028503,0.11244301497936249,0.9999253153800964,0.2921913266181946,0.5161100029945374,-0.12576448917388916,0.9733129143714905,0.3468056619167328,0.5253814458847046,0.1089598685503006,0.1733255684375763,0.2591489851474762,0.5780472755432129,-0.07812415063381195,0.9486916065216064,0.3263043165206909,0.5919437408447266,0.0455523319542408,0.11165046691894531,0.31106331944465637,0.6110541224479675,-0.07204218208789825,0.9999218583106995,0.3188394010066986,0.6117330193519592,0.07197285443544388,0.999919056892395,0.3254815936088562,0.7460854649543762,-0.09902732819318771,0.9686629772186279,0.2872741222381592,0.7359151244163513,0.07383618503808975,0.45638906955718994,0.3775117099285126,0.8737612962722778,-0.09467087686061859,0.9719937443733215,0.2737366855144501,0.8727181553840637,0.09329359233379364,0.7748786211013794,0.35358569025993347,0.9118264317512512,-0.14870557188987732,0.9717204570770264,0.2441195696592331,0.8936299681663513,0.05688626691699028,0.8556037545204163
23,0.7666666666666667,0.2649197280406952,0.39763930439949036,0.015059324912726879,0.9999864101409912,0.2908976972103119,0.42407798767089844,-0.10129324346780777,0.9999889731407166,0.318517804145813,0.4268283545970917,0.11416695266962051,0.999927282333374,0.29195767641067505,0.5164838433265686,-0.12378865480422974,0.9756819009780884,0.3465832471847534,0.5253022909164429,0.11016984283924103,0.1645781397819519,0.2591474950313568,0.5779314041137695,-0.07532291114330292,0.9497283101081848,0.326092928647995,0.5914442539215088,0.04667118936777115,0.10185109823942184,0.3109090328216553,0.611033022403717,-0.07204709202051163,0.9999277591705322,0.31885048747062683,0.6116861701011658,0.07197796553373337,0.999923586845398,0.3254285454750061,0.7461610436439514,-0.09932641685009003,0.970630943775177,0.28722602128982544,0.73592209815979,0.07238604873418808,0.4616396427154541,0.37751397490501404,0.8735076189041138,-0.09526809304952621,0.9730353355407715,0.27365249395370483,0.8727214336395264,0.09048600494861603,0.7795345783233643,0.3536313772201538,0.9117955565452576,-0.14889764785766602,0.9726913571357727,0.24410979449748993,0.893675684928894,0.05425521731376648,0.8585777878761292
24,0.8,0.26492008566856384,0.3978831470012665,0.03020126186311245,0.999987006187439,0.29085835814476013,0.4240667521953583,-0.09177972376346588,0.9999898076057434,0.3184928297996521,0.426658034324646,0.1253356635570526,0.9999298453330994,0.29171809554100037,0.5164654850959778,-0.11322323977947235,0.9778120517730713,0.34640002250671387,0.5246999859809875,0.11855753511190414,0.15903787314891815,0.2591700255870819,0.5774984955787659,-0.06029589846730232,0.9496826529502869,0.32586270570755005,0.5907265543937683,0.052993398159742355,0.09293325990438461,0.3107987344264984,0.610224187374115,-0.07228630036115646,0.9999330639839172,0.31885939836502075,0.6103948354721069,0.07221368700265884,0.999927818775177,0.32543355226516724,0.7461796402931213,-0.10399411618709564,0.9724150896072388,0.2872125208377838,0.7359238266944885,0.06393929570913315,0.4653809070587158,0.3775174915790558,0.873294472694397,-0.10958242416381836,0.9740281105041504,0.2734648883342743,0.8727220296859741,0.07494533061981201,0.782145082950592,0.35367438197135925,0.911801815032959,-0.16293761134147644,0.9736189246177673,0.2440442591905594,0.8938734531402588,0.03849383443593979,0.8603485822677612
25,0.8333333333333334,0.26444441080093384,0.39770597219467163,-0.010348419658839703,0.9999875426292419,0.29079076647758484,0.42316359281539917,-0.11711795628070831,0.9999904632568359,0.3177873492240906,0.42673853039741516,0.11733390390872955,0.999930202960968,0.2913348972797394,0.5163314342498779,-0.14013752341270447,0.9798240661621094,0.34595757722854614,0.5250259041786194,0.1158827394247055,0.15111467242240906,0.2591608166694641,0.5774496793746948,-0.09287542849779129,0.9523556232452393,0.32467395067214966,0.5927111506462097,0.04635677486658096,0.08523941785097122,0.3107164800167084,0.610777735710144,-0.07376563549041748,0.999937891960144,0.31829148530960083,0.6111026406288147,0.07370428740978241,0.9999314546585083,0.32544657588005066,0.7469083070755005,-0.10355924069881439,0.9744212031364441,0.28697097301483154,0.7359665632247925,0.07365749776363373,0.4794154167175293,0.3774789869785309,0.8730254173278809,-0.07567360252141953,0.9754969477653503,0.2732536196708679,0.8724128603935242,0.10954304039478302,0.7918136715888977,0.3538040518760681,0.9118000268936157,-0.12967807054519653,0.9750719666481018,0.24398663640022278,0.8938203454017639,0.07079523801803589,0.8669867515563965
26,0.8666666666666667,0.26416927576065063,0.3976329267024994,-0.010958483442664146,0.9999881386756897,0.29072895646095276,0.4226544201374054,-0.11699847131967545,0.9999910593032837,0.3173290193080902,0.42679548263549805,0.11597423255443573,0.9999305009841919,0.2912297248840332,0.5161234736442566,-0.1404748260974884,0.9815735220909119,0.3457363247871399,0.5252153873443604,0.11425502598285675,0.14298616349697113,0.2592107951641083,0.5772597193717957,-0.09310867637395859,0.9539568424224854,0.3238484263420105,0.5930004715919495,0.043446220457553864,0.07814980298280716,0.3106555640697479,0.611062228679657,-0.07424192130565643,0.9999420642852783,0.3180229067802429,0.6113384962081909,0.07418222725391388,0.9999344348907471,0.32545825839042664,0.747006893157959,-0.10298248380422592,0.9760326147079468,0.28669145703315735,0.7359291315078735,0.07492639124393463,0.48637011647224426,0.37739163637161255,0.8726826310157776,-0.07784313708543777,0.9765766263008118,0.2728751301765442,0.8718545436859131,0.10876427590847015,0.7980239391326904,0.35376131534576416,0.9117684364318848,-0.1314808428287506,0.9761835932731628,0.24395409226417542,0.8933300375938416,0.07097623497247696,0.8715648651123047
27,0.9,0.2639993727207184,0.39762699604034424,-0.01027022022753954,0.9999886155128479,0.2906627058982849,0.42229002714157104,-0.11514557898044586,0.9999915361404419,0.3171049952507019,0.426827073097229,0.1145513653755188,0.9999303221702576,0.29116934537887573,0.5159932374954224,-0.13876767456531525,0.9830794334411621,0.3456128239631653,0.5253223180770874,0.1141366958618164,0.13480928540229797,0.25926679372787476,0.5770271420478821,-0.09160348773002625,0.9546329379081726,0.3233432471752167,0.5930085182189941,0.04178093373775482,0.07161032408475876,0.3105933964252472,0.6111948490142822,-0.07422930002212524,0.9999456405639648,0.3179154098033905,0.6113973259925842,0.07416941225528717,0.9999368786811829,0.3254709541797638,0.7470217347145081,-0.10173342376947403,0.9772851467132568,0.2864837050437927,0.7358803749084473,0.07496959716081619,0.4898023307323456,0.37730544805526733,0.8723821043968201,-0.07825043797492981,0.9773575663566589,0.2726430892944336,0.8715370893478394,0.10633660852909088,0.8021510243415833,0.35371264815330505,0.9117317199707031,-0.13160021603107452,0.9769954085350037,0.24393358826637268,0.8928599953651428,0.06895144283771515,0.8747661709785461
28,0.9333333333333333,0.26391324400901794,0.39762645959854126,-0.013273450545966625,0.9999890327453613,0.2906176447868347,0.42200958728790283,-0.11423244327306747,0.9999919533729553,0.3169264793395996,0.4268285036087036,0.11188765615224838,0.9999299049377441,0.2911079525947571,0.5159364342689514,-0.13786429166793823,0.984377920627594,0.34547245502471924,0.5253426432609558,0.11089471727609634,0.1268525868654251,0.2592979669570923,0.5768327116966248,-0.09152806550264359,0.954831600189209,0.3229464888572693,0.5929463505744934,0.03905261307954788,0.06564068049192429,0.31053996086120605,0.6113236546516418,-0.0741710439324379,0.9999488592147827,0.31783634424209595,0.6114240288734436,0.07411172240972519,0.99993896484375,0.32548022270202637,0.7470225691795349,-0.09985807538032532,0.9782944321632385,0.2862626910209656,0.7358001470565796,0.07462874799966812,0.4920669496059418,0.3772389590740204,0.8721473813056946,-0.07797496765851974,0.9779673218727112,0.272487074136734,0.8712953925132751,0.10519878566265106,0.8054520487785339,0.35398799180984497,0.9116774797439575,-0.13121870160102844,0.9776466488838196,0.24391253292560577,0.8923324346542358,0.06793751567602158,0.877393364906311
29,0.9666666666666667,0.2635391354560852,0.39704591035842896,-0.029884090647101402,0.9999894499778748,0.2905845642089844,0.4208007752895355,-0.12755681574344635,0.9999923706054688,0.31641650199890137,0.42682939767837524,0.10848695039749146,0.9999284148216248,0.29093137383461,0.5153462290763855,-0.1547216922044754,0.9857081770896912,0.34512969851493835,0.5253663659095764,0.10840585082769394,0.12042365968227386,0.2593311071395874,0.57649165391922,-0.11309437453746796,0.9570101499557495,0.3221738934516907,0.5937961339950562,0.033044230192899704,0.06042163819074631,0.31053847074508667,0.6121186017990112,-0.07495848834514618,0.9999521374702454,0.31731122732162476,0.61244136095047,0.07490575313568115,0.9999414086341858,0.32548922300338745,0.7479047179222107,-0.0996667668223381,0.9797028303146362,0.28568941354751587,0.7359709143638611,0.07747091352939606,0.5087068676948547,0.3770916163921356,0.8720384240150452,-0.06435475498437881,0.979125440120697,0.27246302366256714,0.8712069988250732,0.11594875156879425,0.8151224851608276,0.3545515537261963,0.9116837382316589,-0.1188947930932045,0.9787752032279968,0.24365806579589844,0.892335057258606,0.07690976560115814,0.8836444020271301
30,1.0,0.26320624351501465,0.39685413241386414,-0.027537280693650246,0.9999897480010986,0.29058194160461426,0.420301616191864,-0.12685535848140717,0.9999927878379822,0.31600722670555115,0.4268307685852051,0.10888993740081787,0.9999271631240845,0.2908307909965515,0.5150414109230042,-0.1538400501012802,0.9868987202644348,0.34485626220703125,0.5253643989562988,0.10919351875782013,0.11441951245069504,0.2593734860420227,0.5761911869049072,-0.111223503947258,0.9587696194648743,0.3215806484222412,0.593828558921814,0.03451388329267502,0.055721815675497055,0.31053251028060913,0.6126496195793152,-0.07547704875469208,0.9999549984931946,0.3168356716632843,0.612995445728302,0.07542604207992554,0.9999434351921082,0.3254896104335785,0.7485110759735107,-0.10003453493118286,0.9809377789497375,0.28527989983558655,0.7361273169517517,0.07697395980358124,0.5225428342819214,0.37697044014930725,0.8719446659088135,-0.06559882313013077,0.9800902605056763,0.2724228799343109,0.8712033033370972,0.11268705129623413,0.8231565952301025,0.354543536901474,0.911683976650238,-0.11959303915500641,0.979726254940033,0.24343164265155792,0.8924066424369812,0.07398681342601776,0.8889433741569519
31,1.0333333333333334,0.2630179226398468,0.3968045115470886,-0.026801452040672302,0.9999900460243225,0.29058194160461426,0.42014625668525696,-0.12483900785446167,0.9999931454658508,0.3157025873661041,0.42682841420173645,0.10900034010410309,0.9999259114265442,0.2907369136810303,0.5150018930435181,-0.15053345263004303,0.9879836440086365,0.3445250391960144,0.5253466963768005,0.11096112430095673,0.10870610922574997,0.2593759596347809,0.5760244727134705,-0.10751274973154068,0.9606866240501404,0.32165926694869995,0.5915859341621399,0.03598645329475403,0.05155232921242714,0.31049972772598267,0.6130896210670471,-0.0754881426692009,0.9999575614929199,0.3164882957935333,0.6133463382720947,0.07543734461069107,0.9999451637268066,0.3255001902580261,0.7491356134414673,-0.10000748932361603,0.9820693731307983,0.2850235402584076,0.7362624406814575,0.07504436373710632,0.535679817199707,0.376904159784317,0.8718904852867126,-0.0635981410741806,0.9809454083442688,0.27234792709350586,0.8711983561515808,0.11079772561788559,0.8301650285720825,0.3549138903617859,0.9116849899291992,-0.1165846437215805,0.980574905872345,0.24320220947265625,0.8924211859703064,0.07244009524583817,0.8936557769775391
32,1.0666666666666667,0.2629473805427551,0.396798312664032,-0.028761958703398705,0.9999904036521912,0.2905840277671814,0.42013800144195557,-0.12493683397769928,0.9999935030937195,0.3154965341091156,0.4268287122249603,0.10920075327157974,0.9999252557754517,0.2906087338924408,0.5149959325790405,-0.14950567483901978,0.9889596104621887,0.3443396985530853,0.5253370404243469,0.11097122728824615,0.1038411408662796,0.2593781352043152,0.5758889317512512,-0.10585776716470718,0.9623717665672302,0.32040953636169434,0.5918043851852417,0.03642246127128601,0.04781270772218704,0.31047531962394714,0.6131733655929565,-0.075499527156353,0.9999598264694214,0.3163955807685852,0.6133872270584106,0.0754489153623581,0.999946653842926,0.3255603313446045,0.7494380474090576,-0.1000194177031517,0.9831216335296631,0.284911185503006,0.736298680305481,0.07233746349811554,0.5487320423126221,0.376862108707428,0.8718737363815308,-0.06504447013139725,0.9817982912063599,0.2722528278827667,0.8711943626403809,0.10925453901290894,0.8371620774269104,0.3551419675350189,0.9117034077644348,-0.11882200092077255,0.9814131259918213,0.24297139048576355,0.8924253582954407,0.0689801424741745,0.8982784748077393
33,1.1,0.2627248764038086,0.3966171145439148,-0.028306275606155396,0.9999907612800598,0.2901190519332886,0.41949325799942017,-0.12550005316734314,0.9999938011169434,0.3151564300060272,0.4267337918281555,0.10708179324865341,0.9999248385429382,0.29011598229408264,0.5150570869445801,-0.14908857643604279,0.9898267388343811,0.34390658140182495,0.5254554748535156,0.10792555660009384,0.09983094036579132,0.25913292169570923,0.575934112071991,-0.1043115109205246,0.9634603261947632,0.31876030564308167,0.59283447265625,0.03446318209171295,0.04423081502318382,0.31028124690055847,0.613038182258606,-0.075469009578228,0.9999616742134094,0.31624075770378113,0.613377034664154,0.07541780173778534,0.9999476671218872,0.3253108263015747,0.7494935989379883,-0.10181768983602524,0.9839968085289001,0.28422296047210693,0.7360524535179138,0.07236455380916595,0.5522395372390747,0.37691670656204224,0.8718055486679077,-0.066252201795578,0.9824094772338867,0.2721051573753357,0.8711798787117004,0.10863703489303589,0.8401961326599121,0.3557462990283966,0.911810040473938,-0.1209474578499794,0.9820235967636108,0.24290871620178223,0.8923500776290894,0.06835833936929703,0.9005257487297058
34,1.1333333333333333,0.2624906301498413,0.3965999186038971,-0.02657090127468109,0.9999909400939941,0.2897956669330597,0.4192953407764435,-0.12472456693649292,0.9999940395355225,0.31494781374931335,0.4265578091144562,0.10603797435760498,0.999923825263977,0.2897232174873352,0.515318751335144,-0.14809343218803406,0.9905712604522705,0.34364214539527893,0.5255257487297058,0.10648217052221298,0.09563049674034119,0.2588997483253479,0.5759519934654236,-0.10384349524974823,0.9640253782272339,0.31825587153434753,0.5931323766708374,0.03441246598958969,0.040910691022872925,0.31004220247268677,0.6130536794662476,-0.0753483921289444,0.9999632239341736,0.31609392166137695,0.6134234070777893,0.07529859244823456,0.999948263168335,0.3251556158065796,0.7495921850204468,-0.1017056331038475,0.984724223613739,0.2842522859573364,0.7359392642974854,0.07292977720499039,0.553125262260437,0.37695473432540894,0.8717820644378662,-0.06868582963943481,0.9828884601593018,0.27207863330841064,0.8711300492286682,0.10875320434570312,0.8420264720916748,0.35604119300842285,0.9119091629981995,-0.12253867089748383,0.9824930429458618,0.2428838461637497,0.8921922445297241,0.06970028579235077,0.9019674062728882
35,1.1666666666666667,0.262299120426178,0.3965659737586975,-0.029050122946500778,0.9999910593032837,0.2895369827747345,0.41930070519447327,-0.12512101233005524,0.9999942183494568,0.3147018551826477,0.4265039563179016,0.10499431937932968,0.9999220967292786,0.2894302308559418,0.5158370733261108,-0.1476803570985794,0.991209089756012,0.34343451261520386,0.525650680065155,0.10567305237054825,0.09113474190235138,0.258737713098526,0.5759597420692444,-0.10300471633672714,0.9642008543014526,0.3178192377090454,0.5932188034057617,0.03402316942811012,0.03784659132361412,0.3099043667316437,0.613196611404419,-0.07527174055576324,0.9999644756317139,0.31590795516967773,0.6136205196380615,0.07522346824407578,0.9999485611915588,0.325084924697876,0.7497572898864746,-0.10168477147817612,0.9853153228759766,0.28427574038505554,0.7359297871589661,0.07326017320156097,0.5530602335929871,0.3769780993461609,0.8717793226242065,-0.06819890439510345,0.9832388162612915,0.2720688581466675,0.8711337447166443,0.10871269553899765,0.8433986306190491,0.3561995327472687,0.9119889736175537,-0.1207381933927536,0.9828289151191711,0.24284665286540985,0.8921064734458923,0.07019120454788208,0.9030478596687317
36,1.2,0.2619553208351135,0.39647433161735535,-0.02731430158019066,0.9999909400939941,0.28944212198257446,0.41930854320526123,-0.12573616206645966,0.9999943971633911,0.31433647871017456,0.42650774121284485,0.10546129941940308,0.9999201893806458,0.2892453968524933,0.5159450769424438,-0.1488954722881317,0.9918856620788574,0.3433329463005066,0.5256765484809875,0.1067277044057846,0.08827539533376694,0.2586701512336731,0.5759594440460205,-0.10449998080730438,0.965046226978302,0.31811386346817017,0.5936055779457092,0.03605198115110397,0.03507368266582489,0.3098588287830353,0.6132914423942566,-0.07525322586297989,0.9999657869338989,0.3159126341342926,0.6137412786483765,0.07520511746406555,0.9999491572380066,0.32509279251098633,0.7500780820846558,-0.10239166021347046,0.9861643314361572,0.2842853367328644,0.7360020279884338,0.07394786179065704,0.5570189952850342,0.3770161271095276,0.8717759251594543,-0.06923922896385193,0.9839736223220825,0.27215883135795593,0.8712459802627563,0.10892646014690399,0.8467974662780762,0.3563297986984253,0.9122568964958191,-0.12213025242090225,0.983555018901825,0.24284407496452332,0.8919801712036133,0.07002588361501694,0.9053388833999634
37,1.2333333333333334,0.26195719838142395,0.39646974205970764,-0.019310999661684036,0.9999910593032837,0.2886130213737488,0.419133722782135,-0.1196870356798172,0.9999945759773254,0.31402403116226196,0.4262314736843109,0.10577106475830078,0.9999197721481323,0.28916892409324646,0.5156049728393555,-0.14355522394180298,0.9923730492591858,0.3427237868309021,0.5246449112892151,0.10517718642950058,0.08533041924238205,0.2582586705684662,0.5772584080696106,-0.0995568335056305,0.9648676514625549,0.3175913989543915,0.5934906601905823,0.03611338138580322,0.03258982300758362,0.30945149064064026,0.6132203340530396,-0.07455107569694519,0.9999667406082153,0.31592223048210144,0.6135163307189941,0.07449617981910706,0.9999493360519409,0.32337385416030884,0.7500748634338379,-0.10231123864650726,0.9864633679389954,0.2842941880226135,0.7360022068023682,0.07498005032539368,0.5502618551254272,0.37701570987701416,0.871781587600708,-0.0798141285777092,0.9839299917221069,0.27203401923179626,0.8714537024497986,0.10681482404470444,0.8441654443740845,0.3561169505119324,0.9125559329986572,-0.13251549005508423,0.9835780262947083,0.24275895953178406,0.8919786810874939,0.0691802054643631,0.9039267301559448
38,1.2666666666666666,0.26195719838142395,0.39652013778686523,-0.015392394736409187,0.9999911189079285,0.2882973253726959,0.4190404713153839,-0.11810044199228287,0.9999947547912598,0.31376945972442627,0.4259955585002899,0.10655258595943451,0.9999192357063293,0.2891135513782501,0.5155603885650635,-0.14224231243133545,0.992832601070404,0.34232285618782043,0.5242737531661987,0.1053629070520401,0.08263727277517319,0.2580367624759674,0.5779626369476318,-0.09747767448425293,0.9647305607795715,0.317160964012146,0.59342360496521,0.03678567707538605,0.03032829426229,0.3092074990272522,0.6132094264030457,-0.07442155480384827,0.9999675750732422,0.3159382939338684,0.6134422421455383,0.07436506450176239,0.9999493956565857,0.32234638929367065,0.7500467896461487,-0.10256423056125641,0.9868036508560181,0.2843116223812103,0.7359858155250549,0.07600031048059464,0.5444347262382507,0.37700578570365906,0.8717900514602661,-0.08325156569480896,0.9839922189712524,0.27182474732398987,0.8715577721595764,0.10642652213573456,0.8417839407920837,0.35597318410873413,0.9126779437065125,-0.13682124018669128,0.9836816191673279,0.24270682036876678,0.8919557332992554,0.06881050020456314,0.9026538133621216
39,1.3,0.2619625926017761,0.3965190351009369,-0.015662748366594315,0.999991238117218,0.28817421197891235,0.41902339458465576,-0.11738277971744537,0.9999948740005493,0.3135513365268707,0.42579469084739685,0.10768888145685196,0.999918520450592,0.28906354308128357,0.5156119465827942,-0.14075836539268494,0.9932593107223511,0.34207433462142944,0.5241281986236572,0.10638527572154999,0.08034705370664597,0.2579425573348999,0.5781987905502319,-0.0948682352900505,0.9645945429801941,0.3169334828853607,0.5933451652526855,0.03839995712041855,0.028305349871516228,0.30903542041778564,0.6131919622421265,-0.07436365634202957,0.9999682903289795,0.31595873832702637,0.6133294105529785,0.07430698722600937,0.9999493956565857,0.32190749049186707,0.7500106692314148,-0.10300351679325104,0.9871671795845032,0.2843230068683624,0.7359567284584045,0.07658810913562775,0.5403670072555542,0.37699252367019653,0.8717887997627258,-0.08329816162586212,0.9841079115867615,0.27166748046875,0.87159264087677,0.10644806921482086,0.8401120901107788,0.3558717370033264,0.9127906560897827,-0.13682341575622559,0.9838295578956604,0.24264493584632874,0.8919327855110168,0.06880910694599152,0.9017890095710754
40,1.3333333333333333,0.2619524598121643,0.39650216698646545,-0.01607297733426094,0.9999914169311523,0.2881144881248474,0.4190264344215393,-0.11722077429294586,0.9999949932098389,0.313284695148468,0.4257018268108368,0.10975883901119232,0.9999178051948547,0.28902456164360046,0.5157396793365479,-0.1400713175535202,0.9936614036560059,0.34187084436416626,0.523999810218811,0.10903225839138031,0.0783364325761795,0.2578943371772766,0.5782855749130249,-0.09339931607246399,0.9645494222640991,0.3167984187602997,0.5932530164718628,0.0398489311337471,0.02648577094078064,0.3089519143104553,0.6131756901741028,-0.07437138259410858,0.9999688863754272,0.31596413254737854,0.6131996512413025,0.07431494444608688,0.9999493360519409,0.32162174582481384,0.749946653842926,-0.10418950021266937,0.9875197410583496,0.2843300700187683,0.7358984351158142,0.0764036774635315,0.53799968957901,0.3769508898258209,0.8717820048332214,-0.08358567208051682,0.9842296242713928,0.271481454372406,0.8715955018997192,0.10571533441543579,0.839043378829956,0.3557526469230652,0.9128220677375793,-0.13748008012771606,0.983986496925354,0.24261732399463654,0.8918519616127014,0.06750461459159851,0.9013472199440002
41,1.3666666666666667,0.26167842745780945,0.3964962363243103,-0.017401348799467087,0.999991238117218,0.287044882774353,0.41878506541252136,-0.1169314980506897,0.9999949932098389,0.3123571276664734,0.4259622395038605,0.1108308658003807,0.9999141693115234,0.28852397203445435,0.5148420333862305,-0.1408265233039856,0.9933995604515076,0.3414933979511261,0.5233368277549744,0.10864943265914917,0.07180856913328171,0.2577724754810333,0.5782778859138489,-0.09562955796718597,0.9623101949691772,0.3168840706348419,0.5933113694190979,0.033782459795475006,0.025122584775090218,0.3083648085594177,0.6126358509063721,-0.07438766211271286,0.9999690651893616,0.31548452377319336,0.6127836108207703,0.07432936131954193,0.9999489784240723,0.3188665509223938,0.7490756511688232,-0.10995081812143326,0.9862058162689209,0.2845892310142517,0.7355493903160095,0.07347607612609863,0.5155290365219116,0.3766070008277893,0.8717823624610901,-0.10058190673589706,0.982124924659729,0.2712002098560333,0.8698439002037048,0.09761808812618256,0.8236517310142517,0.35432031750679016,0.9128907918930054,-0.16088519990444183,0.9821308851242065,0.2424791306257248,0.8918489813804626,0.0575609914958477,0.8919682502746582
42,1.4,0.26155564188957214,0.3964992165565491,-0.02466065250337124,0.9999908208847046,0.2866275906562805,0.4184825122356415,-0.11528809368610382,0.9999948143959045,0.3118041157722473,0.42611050605773926,0.11090221256017685,0.9999061226844788,0.28812745213508606,0.5144771933555603,-0.14051774144172668,0.9924498200416565,0.3413195312023163,0.5232862830162048,0.10861305892467499,0.0652155727148056,0.25762197375297546,0.578265905380249,-0.09584090858697891,0.9582309126853943,0.31659647822380066,0.5934478640556335,0.03277589753270149,0.02389797940850258,0.3079889416694641,0.6124981641769409,-0.07411666214466095,0.9999686479568481,0.3152821958065033,0.6126741170883179,0.07405336201190948,0.999947726726532,0.31811287999153137,0.7489187717437744,-0.109392449259758,0.9838905334472656,0.2849505543708801,0.7355384230613708,0.0710175633430481,0.49073663353919983,0.37637677788734436,0.8718559145927429,-0.0961555540561676,0.9785921573638916,0.2710745632648468,0.869417130947113,0.09605740755796432,0.8039970397949219,0.353689581155777,0.9130921959877014,-0.1557885706424713,0.9787246584892273,0.24230316281318665,0.8918555378913879,0.05595887824892998,0.8786447644233704
43,1.4333333333333333,0.2614636719226837,0.39645206928253174,-0.03394376114010811,0.9999907612800598,0.28650739789009094,0.41823747754096985,-0.11366218328475952,0.9999946355819702,0.311383455991745,0.42613351345062256,0.1121017187833786,0.9998965859413147,0.2878987491130829,0.5143359899520874,-0.13995198905467987,0.9908406138420105,0.3411852717399597,0.5231850147247314,0.11068473756313324,0.05904524773359299,0.2574988007545471,0.5782594680786133,-0.09614957869052887,0.9533957839012146,0.31641945242881775,0.5934297442436218,0.03323362022638321,0.022967593744397163,0.3077925741672516,0.612520158290863,-0.07397666573524475,0.9999681115150452,0.3150377571582794,0.6127027869224548,0.07390908896923065,0.9999465346336365,0.3177253305912018,0.7488663792610168,-0.10978341102600098,0.9808729290962219,0.28513190150260925,0.73553866147995,0.07002782076597214,0.4661127030849457,0.376255065202713,0.8718979954719543,-0.09328199923038483,0.9740716218948364,0.2710133194923401,0.8691028356552124,0.09680748730897903,0.7841364145278931,0.3533349335193634,0.9132559299468994,-0.15170440077781677,0.9744566082954407,0.2420387715101242,0.8918927311897278,0.057395078241825104,0.8649343252182007
44,1.4666666666666666,0.26126033067703247,0.3962865471839905,-0.03268550708889961,0.9999904632568359,0.2864437699317932,0.418188214302063,-0.11232849210500717,0.9999943971633911,0.31107574701309204,0.42611363530158997,0.11205483973026276,0.9998866319656372,0.28775617480278015,0.5141403675079346,-0.13917715847492218,0.989296555519104,0.3410647213459015,0.5228999853134155,0.11091075837612152,0.05348607525229454,0.25733429193496704,0.578253448009491,-0.09625741094350815,0.949307918548584,0.3164294362068176,0.5926064848899841,0.03382593020796776,0.02211359329521656,0.30765005946159363,0.6127094030380249,-0.07337740808725357,0.999967634677887,0.31498897075653076,0.612773060798645,0.07330472767353058,0.999945342540741,0.3177659809589386,0.7488487958908081,-0.10823102295398712,0.9778937101364136,0.28517255187034607,0.7355318665504456,0.07010796666145325,0.44426295161247253,0.3761517107486725,0.8719426393508911,-0.09229166060686111,0.9699587821960449,0.27096202969551086,0.8690952658653259,0.0969017744064331,0.7668638825416565,0.3531497120857239,0.9133590459823608,-0.14948581159114838,0.9705796837806702,0.24189183115959167,0.8918889164924622,0.057995956391096115,0.8529257774353027
45,1.5,0.2608388066291809,0.3962969183921814,-0.03144128620624542,0.9999901056289673,0.2862175405025482,0.41808536648750305,-0.11472233384847641,0.9999943375587463,0.311052143573761,0.4261358976364136,0.11203255504369736,0.9998835325241089,0.28749510645866394,0.5139310359954834,-0.1432422697544098,0.989346981048584,0.3409395217895508,0.5226929783821106,0.11156072467565536,0.04900630936026573,0.2570212781429291,0.5783100724220276,-0.10175932943820953,0.9482457041740417,0.31645601987838745,0.5926121473312378,0.0362236388027668,0.02117006853222847,0.30745428800582886,0.6123144626617432,-0.07347699999809265,0.9999679923057556,0.31503909826278687,0.6123911738395691,0.0734051913022995,0.9999455809593201,0.31739160418510437,0.7488468885421753,-0.10944036394357681,0.9778368473052979,0.2856002151966095,0.7354795932769775,0.07058300077915192,0.4348149001598358,0.37611809372901917,0.8717290163040161,-0.0917244702577591,0.9695726037025452,0.2710355222225189,0.8693001866340637,0.09990950673818588,0.7624467015266418,0.3531772494316101,0.9133744835853577,-0.15037551522254944,0.9702069163322449,0.24179014563560486,0.8918681740760803,0.05958179756999016,0.8503395318984985
46,1.5333333333333334,0.2604219913482666,0.39625850319862366,-0.029948586598038673,0.9999895691871643,0.2861119210720062,0.41807955503463745,-0.11971606314182281,0.9999943375587463,0.31092438101768494,0.42613422870635986,0.1126537173986435,0.9998794794082642,0.28732940554618835,0.5138772130012512,-0.14899469912052155,0.9894496202468872,0.340785413980484,0.5226234793663025,0.11420611292123795,0.04485522583127022,0.25681960582733154,0.5783489346504211,-0.10780912637710571,0.9476873278617859,0.31641197204589844,0.5926209688186646,0.039371490478515625,0.020286573097109795,0.30733832716941833,0.6121453642845154,-0.07426320761442184,0.9999683499336243,0.31505507230758667,0.6121699213981628,0.07419516146183014,0.9999458193778992,0.31712716817855835,0.7488505840301514,-0.1115235686302185,0.977830708026886,0.28587573766708374,0.7354223728179932,0.0752711221575737,0.4253270924091339,0.3760868310928345,0.8716222047805786,-0.09106092900037766,0.9691771268844604,0.27111688256263733,0.8694366216659546,0.10819921642541885,0.75816810131073,0.3531803786754608,0.9134069085121155,-0.15052081644535065,0.9698002934455872,0.2417277991771698,0.8918808698654175,0.0671740472316742,0.8478229641914368
47,1.5666666666666667,0.26017868518829346,0.39619648456573486,-0.02933427132666111,0.9999887347221375,0.2860732674598694,0.418074369430542,-0.12072181701660156,0.9999942779541016,0.3108092248439789,0.4260730445384979,0.11396286636590958,0.9998731017112732,0.28721535205841064,0.5137770175933838,-0.15039333701133728,0.9890900254249573,0.34062469005584717,0.5224864482879639,0.11721304804086685,0.040738001465797424,0.2566668689250946,0.5783526301383972,-0.10965421050786972,0.9467331767082214,0.31638944149017334,0.5921386480331421,0.042369160801172256,0.019691919907927513,0.30727189779281616,0.6120861768722534,-0.07454106956720352,0.9999687075614929,0.3150632083415985,0.6119927167892456,0.07447509467601776,0.9999461770057678,0.31696540117263794,0.7488524317741394,-0.11160407215356827,0.9771663546562195,0.2860029339790344,0.735298216342926,0.07699663937091827,0.4126449227333069,0.3760351538658142,0.8715101480484009,-0.09004735946655273,0.9676817059516907,0.27117258310317993,0.8694544434547424,0.11126460880041122,0.7500185370445251,0.35315459966659546,0.9134149551391602,-0.14942224323749542,0.9683282375335693,0.24166858196258545,0.8920051455497742,0.07032351195812225,0.8426400423049927
48,1.6,0.2597760856151581,0.39620670676231384,-0.028257310390472412,0.999988317489624,0.28608542680740356,0.41808217763900757,-0.12356957048177719,0.9999942779541016,0.31067460775375366,0.42593109607696533,0.11387137323617935,0.9998744130134583,0.287017285823822,0.5137734413146973,-0.15195856988430023,0.9899275302886963,0.340531587600708,0.5214160680770874,0.11706246435642242,0.04281610623002052,0.2565765976905823,0.5783432126045227,-0.10986064374446869,0.9483392834663391,0.3164288401603699,0.5921135544776917,0.04769883677363396,0.01886427216231823,0.30716633796691895,0.6119444966316223,-0.07533828914165497,0.9999692440032959,0.31505754590034485,0.6117517948150635,0.0752817690372467,0.9999465346336365,0.3169711232185364,0.7488510012626648,-0.10691316425800323,0.9787307381629944,0.2862114906311035,0.7352246642112732,0.08086579293012619,0.43070530891418457,0.3760218918323517,0.8715108036994934,-0.07896073162555695,0.9699406623840332,0.2712717056274414,0.8694681525230408,0.11710784584283829,0.7628865242004395,0.3530738353729248,0.9134057760238647,-0.13703730702400208,0.9704525470733643,0.24166810512542725,0.8921377658843994,0.07627066224813461,0.8508623838424683
49,1.6333333333333333,0.25945693254470825,0.39608967304229736,-0.021911045536398888,0.9999881982803345,0.28596052527427673,0.4183600842952728,-0.12286444753408432,0.9999943375587463,0.31031742691993713,0.42557603120803833,0.11479838192462921,0.9998779892921448,0.286430299282074,0.5138871669769287,-0.14938922226428986,0.9906523823738098,0.3401735723018646,0.5187596082687378,0.12025277316570282,0.045100096613168716,0.2565373480319977,0.5779024958610535,-0.10047678649425507,0.9490953087806702,0.31803518533706665,0.5918475389480591,0.053378574550151825,0.01827877014875412,0.30699536204338074,0.6113427877426147,-0.0761013925075531,0.9999697208404541,0.31497201323509216,0.6111475229263306,0.07604989409446716,0.999947190284729,0.31705325841903687,0.7488424777984619,-0.10494673252105713,0.9800325632095337,0.2863946557044983,0.7352170348167419,0.08100037276744843,0.44262418150901794,0.3758675456047058,0.8715011477470398,-0.07916517555713654,0.9718242287635803,0.2712961435317993,0.8700144290924072,0.11588426679372787,0.7724580764770508,0.3529302179813385,0.9133186340332031,-0.1377534568309784,0.9722192287445068,0.24165582656860352,0.8922817707061768,0.0747639387845993,0.8572515249252319
50,1.6666666666666667,0.2590964138507843,0.39604490995407104,-0.021855514496564865,0.9999879002571106,0.28591251373291016,0.41862717270851135,-0.12246859073638916,0.9999943375587463,0.31002774834632874,0.4254007935523987,0.11462217569351196,0.9998800754547119,0.2860479950904846,0.5139546990394592,-0.14772972464561462,0.9912965297698975,0.33993053436279297,0.5176651477813721,0.12033538520336151,0.04667039215564728,0.2564558982849121,0.5776079297065735,-0.09851227700710297,0.9498316049575806,0.3186814785003662,0.5915717482566833,0.054230086505413055,0.017765993252396584,0.30691760778427124,0.6112584471702576,-0.07622208446264267,0.9999698996543884,0.3148714601993561,0.6109644174575806,0.07617278397083282,0.9999473094940186,0.3171124756336212,0.7488419413566589,-0.10276532173156738,0.9810898900032043,0.2864968776702881,0.7352248430252075,0.08152135461568832,0.4511060416698456,0.37572604417800903,0.8714991807937622,-0.07490261644124985,0.973319411277771,0.27131158113479614,0.870509922504425,0.11701297760009766,0.7795279622077942,0.3528417646884918,0.913253128528595,-0.1327233463525772,0.9736011028289795,0.2416505068540573,0.8924673199653625,0.07595904171466827,0.8619533181190491
51,1.7,0.2588886618614197,0.3959873616695404,-0.022016406059265137,0.9999874830245972,0.28589537739753723,0.4188104271888733,-0.12219194322824478,0.9999942779541016,0.30975788831710815,0.4252490997314453,0.11446987092494965,0.9998803734779358,0.2858707010746002,0.5139706134796143,-0.1475253850221634,0.9917836785316467,0.33978691697120667,0.5172262787818909,0.11964795738458633,0.04607844725251198,0.25642484426498413,0.5772107839584351,-0.09924989193677902,0.9500091671943665,0.3188486099243164,0.5913018584251404,0.052426062524318695,0.01720840483903885,0.3068256080150604,0.6111922860145569,-0.07620546221733093,0.999970018863678,0.314790278673172,0.6107963919639587,0.07615609467029572,0.9999473094940186,0.31716376543045044,0.7488431334495544,-0.10192092508077621,0.9818239808082581,0.2865676283836365,0.7352294325828552,0.08113261312246323,0.45663943886756897,0.3756539523601532,0.8714902997016907,-0.07548989355564117,0.9744487404823303,0.27134639024734497,0.8708897829055786,0.11565987020730972,0.7849346995353699,0.3527642786502838,0.9131439924240112,-0.13424177467823029,0.9746167063713074,0.24164585769176483,0.8925512433052063,0.07477497309446335,0.8654839992523193
52,1.7333333333333334,0.2587636411190033,0.3959001898765564,-0.022624362260103226,0.9999871850013733,0.285866916179657,0.4190186858177185,-0.12154360115528107,0.999994158744812,0.30958229303359985,0.4251713156700134,0.11369011551141739,0.999879002571106,0.28572750091552734,0.5139928460121155,-0.14727568626403809,0.9918631911277771,0.3396855294704437,0.5171627402305603,0.11850868165493011,0.043194789439439774,0.2564168870449066,0.5768698453903198,-0.10017625987529755,0.9488560557365417,0.3188369870185852,0.5906925797462463,0.05083352327346802,0.01671193726360798,0.30674391984939575,0.6111458539962769,-0.0758880153298378,0.999970018863678,0.3147236704826355,0.6106653809547424,0.07583852112293243,0.9999471306800842,0.31720155477523804,0.7488434910774231,-0.10021598637104034,0.9817434549331665,0.2865794897079468,0.7352182269096375,0.0808563157916069,0.45251739025115967,0.37561237812042236,0.8714832067489624,-0.0763648971915245,0.9746369123458862,0.271366149187088,0.8711003065109253,0.11489951610565186,0.7845969200134277,0.3527171313762665,0.9129990339279175,-0.13481105864048004,0.9747298955917358,0.2416446954011917,0.8925783634185791,0.0720304474234581,0.865487277507782
53,1.7666666666666666,0.25861191749572754,0.395940899848938,-0.018179865553975105,0.9999862909317017,0.2858157753944397,0.419084757566452,-0.1149291843175888,0.9999940991401672,0.3093664050102234,0.42516958713531494,0.11937028169631958,0.9998763203620911,0.28564977645874023,0.5139673948287964,-0.14007504284381866,0.9915550947189331,0.33868998289108276,0.5161778330802917,0.12524378299713135,0.03954564779996872,0.25642895698547363,0.5767008066177368,-0.09389285743236542,0.9464287757873535,0.3182680606842041,0.5895575881004333,0.054853834211826324,0.016238732263445854,0.3066718280315399,0.6111219525337219,-0.07569833099842072,0.9999697804450989,0.31308063864707947,0.6105389595031738,0.0756477564573288,0.999946653842926,0.31702563166618347,0.7483088970184326,-0.10114654153585434,0.980364978313446,0.2863738536834717,0.7350630164146423,0.06936769187450409,0.43921980261802673,0.37454885244369507,0.8712792992591858,-0.08223622292280197,0.9727579951286316,0.27132943272590637,0.8713215589523315,0.09212051331996918,0.7749574184417725,0.3525523543357849,0.9125249981880188,-0.14382991194725037,0.9729397296905518,0.2415846586227417,0.892781138420105,0.0470159575343132,0.859743058681488
54,1.8,0.2584332227706909,0.3959849178791046,-0.017508145421743393,0.9999860525131226,0.2857610881328583,0.4193902015686035,-0.11330612003803253,0.9999940991401672,0.3093327283859253,0.42515435814857483,0.12011146545410156,0.9998769760131836,0.28553637862205505,0.5139761567115784,-0.1376476138830185,0.9917183518409729,0.33834630250930786,0.5158390402793884,0.12666770815849304,0.03715643286705017,0.25643423199653625,0.5765496492385864,-0.09237945824861526,0.9455096125602722,0.3182326555252075,0.5885533690452576,0.05791042372584343,0.015765417367219925,0.3064824342727661,0.6111180782318115,-0.07562415301799774,0.9999696016311646,0.31283655762672424,0.6105180978775024,0.07557334005832672,0.9999463558197021,0.31690916419029236,0.748309314250946,-0.10148986428976059,0.980004608631134,0.28637200593948364,0.7351973652839661,0.06668506562709808,0.435791015625,0.3741522431373596,0.8709455728530884,-0.08021895587444305,0.9718796610832214,0.2713146209716797,0.8720574975013733,0.08941826969385147,0.77207350730896,0.35255593061447144,0.9124742150306702,-0.13879840075969696,0.9720916152000427,0.2413044273853302,0.8933207392692566,0.04578518122434616,0.8581798672676086
55,1.8333333333333333,0.25828710198402405,0.3959876298904419,-0.013956030830740929,0.9999853372573853,0.2857350707054138,0.419603168964386,-0.10858158022165298,0.9999940395355225,0.30927273631095886,0.4251191020011902,0.12250722944736481,0.9998748898506165,0.2854638993740082,0.5139778852462769,-0.13359543681144714,0.9911255836486816,0.33810141682624817,0.5156934261322021,0.12983077764511108,0.03391246497631073,0.2564350664615631,0.5763667225837708,-0.09042276442050934,0.9428442716598511,0.3182160556316376,0.5879103541374207,0.06109708547592163,0.01547252293676138,0.30639854073524475,0.6111082434654236,-0.07492992281913757,0.9999693632125854,0.31279703974723816,0.6104801893234253,0.0748765617609024,0.9999461770057678,0.31678447127342224,0.7483371496200562,-0.10182975232601166,0.9779449701309204,0.2863786816596985,0.7360445857048035,0.06086299568414688,0.42214590311050415,0.37405046820640564,0.8708814978599548,-0.07848265022039413,0.9674402475357056,0.271312952041626,0.8729722499847412,0.08293968439102173,0.7572900652885437,0.3526155948638916,0.9125048518180847,-0.13531650602817535,0.9678767323493958,0.24109768867492676,0.8940094709396362,0.0402313694357872,0.8483487963676453
56,1.8666666666666667,0.2580321729183197,0.3960271179676056,-0.006411605514585972,0.9999850988388062,0.2856348752975464,0.41972312331199646,-0.10422589629888535,0.9999940395355225,0.30926257371902466,0.42507654428482056,0.12395360320806503,0.9998762607574463,0.28541845083236694,0.5139662027359009,-0.12914887070655823,0.9911025762557983,0.3380671739578247,0.515637993812561,0.1300315409898758,0.03168143704533577,0.2564356327056885,0.5762495398521423,-0.08621016144752502,0.9411917328834534,0.31813403964042664,0.587556004524231,0.06290944665670395,0.015104083344340324,0.3062998652458191,0.6108644008636475,-0.07425639033317566,0.9999693036079407,0.3128405511379242,0.6102992296218872,0.07420098036527634,0.9999462366104126,0.3166157901287079,0.74833744764328,-0.10193653404712677,0.9770169258117676,0.2863800823688507,0.7365999221801758,0.05780591815710068,0.41272976994514465,0.37398242950439453,0.870821475982666,-0.0783999115228653,0.9650183320045471,0.27131280303001404,0.873557448387146,0.07950976490974426,0.7459395527839661,0.35270440578460693,0.9125394821166992,-0.13333530724048615,0.965657114982605,0.24087297916412354,0.8945215940475464,0.038452211767435074,0.8412091135978699
57,1.9,0.25790461897850037,0.39657896757125854,0.007615587208420038,0.9999851584434509,0.285025417804718,0.4189670979976654,-0.09576021134853363,0.999994158744812,0.3092407286167145,0.42504122853279114,0.1244773268699646,0.9998791813850403,0.28531894087791443,0.5134822130203247,-0.12375354766845703,0.9911777377128601,0.33741357922554016,0.515633761882782,0.12972313165664673,0.030468188226222992,0.25615254044532776,0.5765076279640198,-0.08420129120349884,0.9396229982376099,0.3165507912635803,0.5876008868217468,0.06042679026722908,0.014496148563921452,0.3055725395679474,0.6090936660766602,-0.07237541675567627,0.9999687671661377,0.3124101161956787,0.6088058352470398,0.0723152831196785,0.9999451637268066,0.3150739073753357,0.7457349300384521,-0.10339655727148056,0.9741777181625366,0.28610658645629883,0.7362120747566223,0.04593277722597122,0.39240220189094543,0.37323445081710815,0.8707390427589417,-0.09616537392139435,0.9602888822555542,0.27129513025283813,0.8736520409584045,0.06052740290760994,0.7164516448974609,0.35260361433029175,0.9124561548233032,-0.15292736887931824,0.9614090919494629,0.24127645790576935,0.8945207595825195,0.01924927718937397,0.8199801445007324
58,1.9333333333333333,0.2577880024909973,0.3970646262168884,0.008047330193221569,0.9999852776527405,0.28468385338783264,0.4185589551925659,-0.09628475457429886,0.9999942183494568,0.30919522047042847,0.4249609708786011,0.12530440092086792,0.9998817443847656,0.2852729260921478,0.5133801102638245,-0.12405852228403091,0.9913926720619202,0.3370482325553894,0.5156648755073547,0.12817154824733734,0.02975691854953766,0.25611424446105957,0.576506495475769,-0.0840752050280571,0.9389671087265015,0.31518274545669556,0.5875802636146545,0.06104203313589096,0.014044139534235,0.30507105588912964,0.607751190662384,-0.07226167619228363,0.9999682903289795,0.3123897910118103,0.6075927019119263,0.07220148295164108,0.999944269657135,0.31445518136024475,0.7451631426811218,-0.10532276332378387,0.9734012484550476,0.2859639823436737,0.7357932925224304,0.049029238522052765,0.37855520844459534,0.3728894591331482,0.8707351088523865,-0.10193587839603424,0.9589539766311646,0.2712949216365814,0.8738545179367065,0.06610902398824692,0.6982020139694214,0.35231679677963257,0.9124209880828857,-0.16044099628925323,0.9602189064025879,0.24160274863243103,0.8945164084434509,0.02497253380715847,0.807982861995697
59,1.9666666666666666,0.2576276659965515,0.3974449038505554,0.008113162592053413,0.9999855160713196,0.2844736874103546,0.418382465839386,-0.09574449807405472,0.9999942779541016,0.3090343773365021,0.4249340891838074,0.12797996401786804,0.9998847246170044,0.28522035479545593,0.5133808851242065,-0.12263675779104233,0.9917559027671814,0.3367791473865509,0.5158547759056091,0.12935708463191986,0.030299022793769836,0.2561012804508209,0.5764784216880798,-0.0807841569185257,0.9386972188949585,0.31454914808273315,0.5876102447509766,0.06355521827936172,0.013602497056126595,0.3048792779445648,0.6070420742034912,-0.07228189706802368,0.9999678730964661,0.31241804361343384,0.6071306467056274,0.07222247868776321,0.9999434351921082,0.3139926493167877,0.7448791265487671,-0.10912080109119415,0.9738457202911377,0.2857280373573303,0.7356123924255371,0.05016838386654854,0.37172386050224304,0.3728281259536743,0.8707130551338196,-0.10978265851736069,0.9596625566482544,0.27134212851524353,0.8743910789489746,0.06549512594938278,0.6903862357139587,0.352238267660141,0.9124183654785156,-0.1695847511291504,0.9610044956207275,0.2415848672389984,0.8944372534751892,0.02357209287583828,0.8041549921035767
60,2.0,0.257543683052063,0.39783233404159546,0.004197998903691769,0.9999855756759644,0.28423404693603516,0.4180215299129486,-0.09697385132312775,0.9999942779541016,0.30879414081573486,0.4249037802219391,0.12667575478553772,0.9998872876167297,0.28520089387893677,0.5135087370872498,-0.123160719871521,0.9920456409454346,0.33655285835266113,0.516022264957428,0.1286085844039917,0.031232768669724464,0.2560461461544037,0.57649827003479,-0.08156435191631317,0.9376512765884399,0.3142690658569336,0.5877208113670349,0.06272603571414948,0.013207197189331055,0.3046572804450989,0.6060494184494019,-0.07236488163471222,0.9999673366546631,0.3124411404132843,0.6064977645874023,0.07230564951896667,0.9999424815177917,0.3137591779232025,0.7437575459480286,-0.10972152650356293,0.9740030169487,0.28552353382110596,0.7341809868812561,0.05166228488087654,0.362648069858551,0.3728037476539612,0.8700380921363831,-0.10862616449594498,0.9599525332450867,0.27142778038978577,0.8743559718132019,0.06737789511680603,0.6801986694335938,0.3522403836250305,0.9122727513313293,-0.16642053425312042,0.9614307284355164,0.2416912019252777,0.8936629295349121,0.02671305276453495,0.7983360290527344
61,2.033333333333333,0.2573419213294983,0.39843717217445374,0.003188249422237277,0.9999845623970032,0.2839333415031433,0.4179581105709076,-0.09759320318698883,0.999994158744812,0.3083927035331726,0.4249281585216522,0.1265818029642105,0.9998891949653625,0.285196453332901,0.5133441090583801,-0.12497761100530624,0.9922159314155579,0.336165189743042,0.5162702202796936,0.12593355774879456,0.03329447656869888,0.2561202645301819,0.576444685459137,-0.08350259065628052,0.9336842894554138,0.3140619397163391,0.5885832905769348,0.06002150848507881,0.012690951116383076,0.3043551743030548,0.606146514415741,-0.07270509004592896,0.9999667406082153,0.31195467710494995,0.6066331267356873,0.07264244556427002,0.9999418258666992,0.31308671832084656,0.7438657283782959,-0.11033183336257935,0.9739008545875549,0.2853679358959198,0.7339785099029541,0.052813369780778885,0.3570955991744995,0.3724653124809265,0.8693841099739075,-0.10555575042963028,0.9595590233802795,0.2718356251716614,0.8742548823356628,0.06991249322891235,0.6740573644638062,0.35242319107055664,0.9121678471565247,-0.15636779367923737,0.9609796404838562,0.24298837780952454,0.8930447697639465,0.029782801866531372,0.7938963174819946
62,2.066666666666667,0.2572062611579895,0.39939117431640625,0.0016928730765357614,0.9999843239784241,0.2838052213191986,0.4179591238498688,-0.10029218345880508,0.999994158744812,0.30827662348747253,0.4249410927295685,0.12515272200107574,0.9998923540115356,0.28519290685653687,0.5133179426193237,-0.12597988545894623,0.9924497604370117,0.33601057529449463,0.516290009021759,0.1241600289940834,0.035988420248031616,0.25612470507621765,0.5763859152793884,-0.08441342413425446,0.9309787750244141,0.31401336193084717,0.5890027284622192,0.057804904878139496,0.012355498038232327,0.3041929304599762,0.6061833500862122,-0.07328353077173233,0.9999662637710571,0.31186622381210327,0.6066814661026001,0.0732184648513794,0.9999414086341858,0.31297317147254944,0.7438825964927673,-0.11019919067621231,0.9742541313171387,0.2853577733039856,0.733790397644043,0.053827427327632904,0.3543246388435364,0.37245991826057434,0.8692018985748291,-0.10271862894296646,0.9599077701568604,0.27198487520217896,0.8742268681526184,0.07214610278606415,0.6709091067314148,0.3525505065917969,0.9121496677398682,-0.15278391540050507,0.9612340331077576,0.24350503087043762,0.8928359746932983,0.030206775292754173,0.791820764541626
63,2.1,0.2571127116680145,0.3999435305595398,0.0010469929547980428,0.9999843835830688,0.283762127161026,0.4179697334766388,-0.10175152122974396,0.999994158744812,0.30824485421180725,0.42495834827423096,0.12509623169898987,0.9998950958251953,0.2851874530315399,0.5133117437362671,-0.12664052844047546,0.9927443861961365,0.3358699083328247,0.5164222717285156,0.1238267794251442,0.038902733474969864,0.25610363483428955,0.5763551592826843,-0.08495639264583588,0.9297897815704346,0.3139500617980957,0.5893883109092712,0.056708890944719315,0.012034832499921322,0.3040812611579895,0.6061576008796692,-0.07378475368022919,0.9999656081199646,0.311886191368103,0.6066290736198425,0.07371814548969269,0.9999404549598694,0.3129596412181854,0.7439051866531372,-0.1130850687623024,0.974595844745636,0.2853754162788391,0.7332915663719177,0.05443691462278366,0.3496720790863037,0.3724743127822876,0.8691063523292542,-0.10554450750350952,0.9603154063224792,0.2722150385379791,0.8741294741630554,0.0720663070678711,0.6655091047286987,0.35263943672180176,0.9121541976928711,-0.15870380401611328,0.9616541862487793,0.24432320892810822,0.8924747109413147,0.0312771238386631,0.7884719967842102
64,2.1333333333333333,0.2570030987262726,0.40029647946357727,0.00042366026900708675,0.9999843239784241,0.28374025225639343,0.4180335998535156,-0.10235854238271713,0.999994158744812,0.30819466710090637,0.42500635981559753,0.12470977008342743,0.9998972415924072,0.2851833701133728,0.51329505443573,-0.12670914828777313,0.9929932951927185,0.33578526973724365,0.5164610147476196,0.12379379570484161,0.04150331765413284,0.2560902237892151,0.5763257741928101,-0.08519876003265381,0.9284434914588928,0.313951700925827,0.5895647406578064,0.05624113604426384,0.01173507422208786,0.30398985743522644,0.606105387210846,-0.07427714765071869,0.9999648928642273,0.3119035065174103,0.6065938472747803,0.0742088109254837,0.9999393224716187,0.3129834830760956,0.7439554929733276,-0.11527079343795776,0.9747419357299805,0.28537559509277344,0.7326571345329285,0.054742343723773956,0.3433137834072113,0.3724856972694397,0.8690367937088013,-0.1093863844871521,0.9605209827423096,0.27243587374687195,0.8739009499549866,0.07242371886968613,0.6584962010383606,0.35267776250839233,0.9121556878089905,-0.16400903463363647,0.9619138836860657,0.24470531940460205,0.8922538757324219,0.03207467123866081,0.7839346528053284
65,2.1666666666666665,0.2567904591560364,0.4001213610172272,0.0016160060185939074,0.9999826550483704,0.28278911113739014,0.4178510904312134,-0.10039025545120239,0.9999940991401672,0.3079955577850342,0.4250662922859192,0.12476740032434464,0.9998959302902222,0.28483831882476807,0.5132965445518494,-0.12475378811359406,0.9926889538764954,0.3349561095237732,0.5185022354125977,0.1251372992992401,0.03860639035701752,0.2559864819049835,0.5771653652191162,-0.08311010152101517,0.9270421266555786,0.312940388917923,0.5917156934738159,0.05625801160931587,0.011687835678458214,0.3023727536201477,0.6060957312583923,-0.07333364337682724,0.99996417760849,0.30998244881629944,0.6071350574493408,0.07327094674110413,0.9999381303787231,0.31188613176345825,0.7440588474273682,-0.11567084491252899,0.9705377817153931,0.28389567136764526,0.7325601577758789,0.050081752240657806,0.3233497142791748,0.3714846670627594,0.868777871131897,-0.10419293493032455,0.9500638246536255,0.272028386592865,0.8714274168014526,0.06667465716600418,0.6244446039199829,0.3525606095790863,0.9122085571289062,-0.15433892607688904,0.9528300762176514,0.24462048709392548,0.8928006291389465,0.02615848183631897,0.7555014491081238
66,2.2,0.25659841299057007,0.4000970721244812,0.003027478465810418,0.9999805688858032,0.28237253427505493,0.41722044348716736,-0.09760911762714386,0.9999940395355225,0.30748575925827026,0.42511752247810364,0.1245705634355545,0.9998927116394043,0.2846072316169739,0.5128895044326782,-0.12301766872406006,0.9913473129272461,0.3343244194984436,0.5200340151786804,0.1251285970211029,0.03525625914335251,0.2558501958847046,0.5773415565490723,-0.08265728503465652,0.9222097396850586,0.31151336431503296,0.593256413936615,0.05626162141561508,0.011532474309206009,0.3016687333583832,0.6050176620483398,-0.07265996187925339,0.999963641166687,0.3095652163028717,0.6068325042724609,0.0725935772061348,0.9999373555183411,0.3104931712150574,0.7435667514801025,-0.11751246452331543,0.9619653820991516,0.2840888798236847,0.7323921918869019,0.04494469240307808,0.29937881231307983,0.37122228741645813,0.8681890964508057,-0.10959634929895401,0.9337695240974426,0.2720829248428345,0.8696439862251282,0.05656106397509575,0.5833173394203186,0.35340267419815063,0.9119769334793091,-0.1613686978816986,0.9387956857681274,0.24511954188346863,0.8940457105636597,0.018286477774381638,0.7179440855979919
67,2.2333333333333334,0.25647252798080444,0.40022268891334534,0.009384427219629288,0.9999775290489197,0.28200793266296387,0.417036771774292,-0.09312400966882706,0.9999938607215881,0.3070250153541565,0.4252433478832245,0.12557381391525269,0.9998882412910461,0.2843259274959564,0.5127085447311401,-0.1208571046590805,0.9893023371696472,0.333573579788208,0.5211292505264282,0.12511608004570007,0.03225557133555412,0.25584983825683594,0.5774521231651306,-0.08173229545354843,0.9128859639167786,0.30989784002304077,0.5935757756233215,0.05617346242070198,0.011220994405448437,0.30122110247612,0.6048051118850708,-0.07194976508617401,0.999962568283081,0.30914586782455444,0.6068180203437805,0.07187454402446747,0.9999359846115112,0.3095713257789612,0.7433221340179443,-0.11995074898004532,0.9498052000999451,0.28412944078445435,0.732203483581543,0.04168430715799332,0.27590233087539673,0.3709273934364319,0.8675428628921509,-0.11939922720193863,0.9140694737434387,0.27219727635383606,0.868091344833374,0.047513850033283234,0.5425084829330444,0.3541203439235687,0.9110646843910217,-0.17134347558021545,0.9221410155296326,0.24555273354053497,0.8950100541114807,0.009780865162611008,0.6784812211990356
68,2.2666666666666666,0.2562960982322693,0.40025919675827026,0.009551764465868473,0.9999762773513794,0.2816679775714874,0.4171556830406189,-0.09314922243356705,0.9999938011169434,0.3066765069961548,0.4254441559314728,0.12583549320697784,0.9998874068260193,0.2840917110443115,0.5125533938407898,-0.12208300828933716,0.9892870783805847,0.3330830931663513,0.5214334726333618,0.12478701025247574,0.0313560888171196,0.25589337944984436,0.5774349570274353,-0.08464854210615158,0.9116354584693909,0.3084075152873993,0.593863308429718,0.05626828223466873,0.010991372168064117,0.3011627197265625,0.604694128036499,-0.07193996757268906,0.9999625086784363,0.30875521898269653,0.6067633032798767,0.07186427712440491,0.9999359846115112,0.30936968326568604,0.7433248162269592,-0.11919848620891571,0.9483066201210022,0.283858984708786,0.732177197933197,0.04343299940228462,0.2643111050128937,0.3709697127342224,0.866297721862793,-0.11401975154876709,0.9110877513885498,0.27205756306648254,0.868102490901947,0.05124698951840401,0.5282085537910461,0.35457465052604675,0.9108777642250061,-0.16619685292243958,0.9196543097496033,0.2454795092344284,0.8960013389587402,0.014042149297893047,0.668294370174408
69,2.3,0.25612184405326843,0.40049752593040466,0.011101929470896721,0.9999750852584839,0.281659334897995,0.41757655143737793,-0.09210222214460373,0.9999937415122986,0.3065739572048187,0.4255530536174774,0.12568600475788116,0.9998862743377686,0.2838018536567688,0.5123367309570312,-0.12132059037685394,0.9890662431716919,0.33300572633743286,0.521369993686676,0.12373273074626923,0.029989035800099373,0.25594252347946167,0.5773009061813354,-0.0843668282032013,0.9103522300720215,0.30841320753097534,0.5937544107437134,0.056114405393600464,0.010930860415101051,0.30115807056427,0.6046103239059448,-0.07187145948410034,0.999962329864502,0.30864495038986206,0.6065840125083923,0.071793332695961,0.9999358654022217,0.30905112624168396,0.7427564263343811,-0.11985043436288834,0.9470113515853882,0.2837236225605011,0.731498122215271,0.04499101638793945,0.2527095079421997,0.37096670269966125,0.8651584982872009,-0.11671990156173706,0.9087668657302856,0.2721068859100342,0.866952657699585,0.05278759077191353,0.5146341323852539,0.3546591103076935,0.9101409912109375,-0.1669134646654129,0.9179213643074036,0.24548034369945526,0.8961907029151917,0.016170136630535126,0.6588420867919922
70,2.3333333333333335,0.2559348940849304,0.40074777603149414,0.011782790534198284,0.9999745488166809,0.28167489171028137,0.41796043515205383,-0.0903523787856102,0.9999936819076538,0.3065202832221985,0.4255550801753998,0.12508878111839294,0.9998875260353088,0.28369706869125366,0.5119136571884155,-0.1184406727552414,0.9892924427986145,0.332998126745224,0.5212476849555969,0.12185750901699066,0.03160873427987099,0.25600582361221313,0.5765225887298584,-0.0808563232421875,0.9088575839996338,0.30845487117767334,0.5926957130432129,0.056120485067367554,0.01078872848302126,0.3011801838874817,0.6046270132064819,-0.07156463712453842,0.9999617338180542,0.3083574175834656,0.6065524816513062,0.07148411870002747,0.9999350905418396,0.3089487552642822,0.742252767086029,-0.11917760223150253,0.9472614526748657,0.28353965282440186,0.7309421896934509,0.045847825706005096,0.24469493329524994,0.37094059586524963,0.8645628094673157,-0.11494245380163193,0.9094571471214294,0.2721901535987854,0.8660287857055664,0.05308635160326958,0.505803108215332,0.3546585440635681,0.9095870852470398,-0.1666022390127182,0.9188618659973145,0.24551710486412048,0.8962858319282532,0.01748424395918846,0.6534662246704102
71,2.3666666666666667,0.2558322250843048,0.40098121762275696,0.012128428556025028,0.9999738931655884,0.2817181348800659,0.4180556535720825,-0.0901743471622467,0.999993622303009,0.3065107464790344,0.42554765939712524,0.12439268827438354,0.9998888373374939,0.28363245725631714,0.5114083886146545,-0.11763980239629745,0.9896055459976196,0.33300650119781494,0.5211785435676575,0.12139902263879776,0.03469868749380112,0.2560265362262726,0.5757735967636108,-0.07939082384109497,0.9071944355964661,0.3084924817085266,0.5916650295257568,0.05754636600613594,0.010555039159953594,0.3011842966079712,0.6045020222663879,-0.07144032418727875,0.9999607801437378,0.3083191514015198,0.6063480377197266,0.07135839015245438,0.999933660030365,0.30886128544807434,0.7418587803840637,-0.11876698583364487,0.9469549059867859,0.2833438217639923,0.7302705645561218,0.04607309773564339,0.23580564558506012,0.37093430757522583,0.8643276691436768,-0.1146051287651062,0.9091988205909729,0.2723241150379181,0.8648778200149536,0.052467286586761475,0.4935174286365509,0.3546536862850189,0.9094386696815491,-0.1651291847229004,0.918891429901123,0.24577388167381287,0.8962763547897339,0.017960673198103905,0.6441160440444946
72,2.4,0.2556295096874237,0.4008723497390747,0.006758547388017178,0.9999725818634033,0.28182709217071533,0.4182048738002777,-0.09271348267793655,0.9999934434890747,0.30626460909843445,0.42552465200424194,0.12191051244735718,0.9998880624771118,0.2836024761199951,0.5111451745033264,-0.1183270663022995,0.9900059700012207,0.3329799771308899,0.5206092000007629,0.12142171710729599,0.03658413887023926,0.25600796937942505,0.5748805999755859,-0.07934759557247162,0.9070187211036682,0.30851417779922485,0.5898227691650391,0.059436094015836716,0.010388226248323917,0.3012051582336426,0.604596734046936,-0.07149510085582733,0.99996018409729,0.30830132961273193,0.6063552498817444,0.07141484320163727,0.9999327063560486,0.30881553888320923,0.7419402003288269,-0.11688028275966644,0.9486140012741089,0.28316158056259155,0.7302836775779724,0.051727186888456345,0.23369885981082916,0.3708784282207489,0.8643379211425781,-0.09932246059179306,0.9115888476371765,0.27241790294647217,0.8642966151237488,0.06506910175085068,0.4929864704608917,0.3546409010887146,0.909449577331543,-0.1413017064332962,0.9209526777267456,0.24584536254405975,0.8962569236755371,0.033215634524822235,0.6449799537658691
73,2.433333333333333,0.2547972798347473,0.39982330799102783,-0.0008042572881095111,0.999971866607666,0.28131380677223206,0.41798803210258484,-0.1003275066614151,0.9999932646751404,0.3057701289653778,0.4255249500274658,0.11698941141366959,0.9998878836631775,0.2831351161003113,0.5112905502319336,-0.12627723813056946,0.990442156791687,0.3326454162597656,0.5207027196884155,0.11546556651592255,0.03937441110610962,0.25586581230163574,0.5751107931137085,-0.08603695780038834,0.9080098867416382,0.30867820978164673,0.5903894901275635,0.05281025916337967,0.010249445214867592,0.3003856837749481,0.6042868494987488,-0.07182900607585907,0.9999604225158691,0.30825144052505493,0.60628342628479,0.07174967974424362,0.9999330639839172,0.3066942095756531,0.7413398027420044,-0.11614123731851578,0.9511088728904724,0.28180986642837524,0.7302939295768738,0.0586022324860096,0.23891869187355042,0.3685853183269501,0.8623101115226746,-0.10076377540826797,0.9162144064903259,0.27246612310409546,0.8638450503349304,0.07269251346588135,0.5049501657485962,0.35183849930763245,0.9100468158721924,-0.14610648155212402,0.9249008893966675,0.24571935832500458,0.8959137201309204,0.0386144258081913,0.6553366184234619
74,2.466666666666667,0.2542509138584137,0.3997393846511841,-0.00010140381345991045,0.999971330165863,0.2810177206993103,0.4178796112537384,-0.1022244542837143,0.9999932050704956,0.30562466382980347,0.42552292346954346,0.11530214548110962,0.999889612197876,0.2826330065727234,0.5112618803977966,-0.12739814817905426,0.9907170534133911,0.3325916528701782,0.5206823945045471,0.11295749247074127,0.042222678661346436,0.25580015778541565,0.5751034021377563,-0.0858025997877121,0.9073607325553894,0.30877381563186646,0.5904960036277771,0.05009900778532028,0.010150705464184284,0.2996165156364441,0.6038736701011658,-0.07214240729808807,0.9999607801437378,0.3081532120704651,0.6061070561408997,0.07205896079540253,0.9999338388442993,0.30599623918533325,0.7409671545028687,-0.11576660722494125,0.9529860019683838,0.2812252640724182,0.7302972674369812,0.06270690262317657,0.2403317242860794,0.3678816258907318,0.8614012002944946,-0.10171693563461304,0.9198446869850159,0.2725907266139984,0.862904965877533,0.07493843138217926,0.5126237273216248,0.35195592045783997,0.9101742506027222,-0.14803434908390045,0.9280422329902649,0.24569351971149445,0.8954623937606812,0.04178271442651749,0.6624385714530945
75,2.5,0.25368958711624146,0.3997296094894409,-5.424061600933783e-05,0.9999706745147705,0.2808646261692047,0.4179742932319641,-0.10210605710744858,0.999993085861206,0.30556875467300415,0.4255194067955017,0.11586225032806396,0.9998918175697327,0.28219616413116455,0.5112517476081848,-0.1271556168794632,0.9908210039138794,0.3325754404067993,0.5206368565559387,0.11378971487283707,0.044640909880399704,0.25573232769966125,0.5751093029975891,-0.08341892808675766,0.9042768478393555,0.308826744556427,0.590546727180481,0.05096755549311638,0.010053783655166626,0.29907649755477905,0.6035629510879517,-0.07267209887504578,0.999961256980896,0.3078499436378479,0.6059162616729736,0.07258520275354385,0.9999350309371948,0.3055509626865387,0.7405198812484741,-0.1155102476477623,0.9544177055358887,0.2806774377822876,0.7302735447883606,0.0651538148522377,0.23910200595855713,0.3678174912929535,0.8605009317398071,-0.10233980417251587,0.9228267669677734,0.27297601103782654,0.8625006079673767,0.07791884243488312,0.5174335241317749,0.35204774141311646,0.9101686477661133,-0.1469416320323944,0.9306807518005371,0.24566753208637238,0.8953194618225098,0.04635759815573692,0.667618989944458
76,2.533333333333333,0.25332123041152954,0.39963391423225403,0.004623388405889273,0.9999679923057556,0.280818372964859,0.41805580258369446,-0.10192861407995224,0.9999927878379822,0.3055332601070404,0.4255143404006958,0.1171702891588211,0.9998923540115356,0.28187450766563416,0.5113663077354431,-0.12710058689117432,0.9905492663383484,0.3324766457080841,0.5205873250961304,0.11714688688516617,0.045431949198246,0.25563424825668335,0.5751137137413025,-0.08090399205684662,0.8956840634346008,0.30888631939888,0.5905583500862122,0.05834255740046501,0.00979047641158104,0.29852592945098877,0.6031611561775208,-0.073191799223423,0.9999614357948303,0.3074604868888855,0.6056489944458008,0.07310216128826141,0.9999359250068665,0.30511459708213806,0.7398221492767334,-0.11493350565433502,0.9550418853759766,0.2801702916622162,0.730167031288147,0.06614001095294952,0.236144557595253,0.3679544925689697,0.8600008487701416,-0.09900423884391785,0.9246284365653992,0.2737073004245758,0.8619261980056763,0.08007779717445374,0.5197761058807373,0.35209184885025024,0.910137951374054,-0.14015057682991028,0.932066798210144,0.2457708865404129,0.8947576880455017,0.04956170916557312,0.6699526906013489
77,2.566666666666667,0.2530759274959564,0.39928245544433594,0.0075376913882792,0.9999666213989258,0.280539333820343,0.4181768298149109,-0.09452846646308899,0.9999924898147583,0.30524972081184387,0.42552196979522705,0.12301173061132431,0.9998926520347595,0.2815236747264862,0.5114867091178894,-0.1187368780374527,0.9890748858451843,0.33176320791244507,0.5208002328872681,0.12411195039749146,0.04327951371669769,0.25550204515457153,0.5747870802879333,-0.07178037613630295,0.8787227869033813,0.3078944683074951,0.5905681848526001,0.06221044808626175,0.009552464820444584,0.29831334948539734,0.602390706539154,-0.0732048749923706,0.9999603033065796,0.30696970224380493,0.6049902439117432,0.07311443984508514,0.9999350905418396,0.3050214946269989,0.7380818724632263,-0.12198181450366974,0.9493427872657776,0.2791801691055298,0.7296828627586365,0.05696174502372742,0.22164089977741241,0.3664059340953827,0.8591015934944153,-0.12455733120441437,0.9173749089241028,0.2737022042274475,0.8611668348312378,0.06518985331058502,0.4944910407066345,0.3521701693534851,0.9094609618186951,-0.17120639979839325,0.9266289472579956,0.24576406180858612,0.8929577469825745,0.03396650403738022,0.6471630334854126
78,2.6,0.2529425323009491,0.3989456295967102,0.011885961517691612,0.9999620318412781,0.28055575489997864,0.4181826710700989,-0.08630956709384918,0.9999918341636658,0.30463945865631104,0.4255138337612152,0.129401296377182,0.9998882412910461,0.2815473973751068,0.5109262466430664,-0.11129067838191986,0.9852319359779358,0.3312883675098419,0.5208104848861694,0.1313590705394745,0.03978444263339043,0.25541484355926514,0.5741091370582581,-0.06618638336658478,0.8531137108802795,0.30715158581733704,0.5902312994003296,0.06708437204360962,0.009331394918262959,0.2983947992324829,0.6011978387832642,-0.0730898454785347,0.9999583959579468,0.3063865602016449,0.6040023565292358,0.07299956679344177,0.999933660030365,0.3045729398727417,0.7364210486412048,-0.12394915521144867,0.9376675486564636,0.2788012623786926,0.7294418215751648,0.04180189594626427,0.20624899864196777,0.3655073642730713,0.8585550785064697,-0.12772998213768005,0.9008147716522217,0.27369266748428345,0.8613113164901733,0.046987611800432205,0.4639935791492462,0.35206013917922974,0.9076701402664185,-0.1762535125017166,0.9125217199325562,0.24563439190387726,0.892641007900238,0.013276467099785805,0.6158732175827026
79,2.6333333333333333,0.2528547942638397,0.3986300230026245,0.01675551012158394,0.9999537467956543,0.28056833148002625,0.41821691393852234,-0.08036386966705322,0.9999908804893494,0.30414149165153503,0.4254423677921295,0.13640782237052917,0.9998800158500671,0.2815663516521454,0.5104373693466187,-0.10327129065990448,0.9711789488792419,0.33085766434669495,0.5203722715377808,0.1400163322687149,0.035952918231487274,0.2554277181625366,0.5725560784339905,-0.053706008940935135,0.8105521202087402,0.3069443106651306,0.5870482325553894,0.07119829952716827,0.009181234054267406,0.29845649003982544,0.6007229685783386,-0.07290153205394745,0.9999563097953796,0.3053278923034668,0.6033350825309753,0.07281038910150528,0.999932587146759,0.30458566546440125,0.7356886863708496,-0.12488808482885361,0.9117997288703918,0.27726060152053833,0.7293294072151184,0.036132004112005234,0.1891438215970993,0.3650040924549103,0.8577142357826233,-0.1270827054977417,0.8655238151550293,0.27369123697280884,0.8614166975021362,0.04059575870633125,0.4280335009098053,0.35187283158302307,0.9056499004364014,-0.17604446411132812,0.8810970187187195,0.24538783729076385,0.8924019932746887,0.006194860674440861,0.5749058127403259
80,2.6666666666666665,0.2528633177280426,0.398626446723938,0.01719159260392189,0.9999513030052185,0.28063321113586426,0.4185643494129181,-0.08139409869909286,0.9999902844429016,0.3041580319404602,0.4254198372364044,0.13533487915992737,0.9998801350593567,0.2813376486301422,0.5106418132781982,-0.10304826498031616,0.9695226550102234,0.3305003046989441,0.5199273824691772,0.13699588179588318,0.03422935679554939,0.25542348623275757,0.5716949105262756,-0.05015946552157402,0.7809788584709167,0.3067484498023987,0.5851859450340271,0.06976450979709625,0.008822773583233356,0.29848381876945496,0.6005703210830688,-0.07293824851512909,0.9999536871910095,0.3045498728752136,0.6030799150466919,0.072847880423069,0.9999302625656128,0.30469852685928345,0.7355113625526428,-0.12397392839193344,0.9048705697059631,0.27680841088294983,0.7292749285697937,0.03913819044828415,0.17721505463123322,0.364856481552124,0.8573440313339233,-0.12299920618534088,0.8572353720664978,0.2736854553222656,0.8614311814308167,0.045218341052532196,0.40482664108276367,0.3514760136604309,0.9039825201034546,-0.17120584845542908,0.8741450905799866,0.24525780975818634,0.8920488357543945,0.012134515680372715,0.5517473220825195
81,2.7,0.2527671158313751,0.39877691864967346,0.017384175211191177,0.9999478459358215,0.28046679496765137,0.4188706576824188,-0.08163534849882126,0.9999893307685852,0.3039788603782654,0.4254218339920044,0.13342516124248505,0.9998804330825806,0.2813482880592346,0.510327935218811,-0.10237282514572144,0.9686751961708069,0.3303183913230896,0.5197321772575378,0.13476908206939697,0.0352756604552269,0.25588101148605347,0.5710951685905457,-0.048735473304986954,0.7472668886184692,0.30629631876945496,0.5829849243164062,0.06630057096481323,0.008437524549663067,0.29851314425468445,0.6003493070602417,-0.07292081415653229,0.9999495148658752,0.30403658747673035,0.6027051210403442,0.07283081859350204,0.9999263286590576,0.3043522536754608,0.7347792983055115,-0.11853066831827164,0.9032784104347229,0.2770715057849884,0.7291532754898071,0.039143651723861694,0.16916006803512573,0.3630583882331848,0.855430006980896,-0.1229262575507164,0.8584258556365967,0.2738665044307709,0.8618409633636475,0.04095014929771423,0.3922700881958008,0.34957337379455566,0.9030658006668091,-0.16911116242408752,0.8748446702957153,0.24499964714050293,0.8917251825332642,0.008110282011330128,0.5399804711341858
82,2.7333333333333334,0.2527618706226349,0.3988976776599884,0.017055818811058998,0.9999425411224365,0.28040793538093567,0.41908636689186096,-0.08150877058506012,0.9999884366989136,0.3039146661758423,0.425277441740036,0.1322939693927765,0.9998778700828552,0.2813121974468231,0.5100823044776917,-0.10309214890003204,0.9681888222694397,0.32979175448417664,0.5196900367736816,0.13451676070690155,0.035797156393527985,0.2560545802116394,0.5708029270172119,-0.05221980810165405,0.7196940779685974,0.3057340085506439,0.5822973251342773,0.06588397920131683,0.007996776141226292,0.29854243993759155,0.6000068187713623,-0.07273558527231216,0.9999456405639648,0.3038042187690735,0.6018405556678772,0.07264738529920578,0.9999216794967651,0.3043184280395508,0.7343874573707581,-0.11751596629619598,0.8999465107917786,0.27678966522216797,0.7287008762359619,0.040050070732831955,0.16003696620464325,0.3625394403934479,0.8552014827728271,-0.12371261417865753,0.8575829267501831,0.2739754319190979,0.8618782162666321,0.04270248860120773,0.37636828422546387,0.3483828604221344,0.9026772379875183,-0.16998568177223206,0.8736101984977722,0.24486932158470154,0.8914704918861389,0.009347395040094852,0.5237717628479004
83,2.7666666666666666,0.2527706027030945,0.3989814817905426,0.018382739275693893,0.9999406933784485,0.28033000230789185,0.4192546010017395,-0.08168169111013412,0.9999880194664001,0.303986519575119,0.4249550700187683,0.13146719336509705,0.999879002571106,0.28122007846832275,0.509903609752655,-0.10275330394506454,0.9676687717437744,0.3296366333961487,0.5196870565414429,0.13352155685424805,0.0364927314221859,0.2562124729156494,0.5706511735916138,-0.04999692738056183,0.6935227513313293,0.30566298961639404,0.5822580456733704,0.06462380290031433,0.007615440059453249,0.29854685068130493,0.5999806523323059,-0.07261060178279877,0.999943196773529,0.3036896884441376,0.6016966700553894,0.07252325862646103,0.9999192357063293,0.304373562335968,0.7345081567764282,-0.11589864641427994,0.8978298306465149,0.2768881320953369,0.7284459471702576,0.04132086783647537,0.15228161215782166,0.3626823127269745,0.855260968208313,-0.12324671447277069,0.8576168417930603,0.27379366755485535,0.8624379634857178,0.04428748041391373,0.36395153403282166,0.34768015146255493,0.903047502040863,-0.16910962760448456,0.8736745715141296,0.24469546973705292,0.8912664651870728,0.010831320658326149,0.5122053027153015
84,2.8,0.25283098220825195,0.39899954199790955,0.02156004309654236,0.9999420046806335,0.2802879214286804,0.4196733832359314,-0.07976733893156052,0.9999879598617554,0.3041341304779053,0.42480823397636414,0.13097317516803741,0.999882698059082,0.2810353636741638,0.510517954826355,-0.09824691712856293,0.9669211506843567,0.32963237166404724,0.5201153755187988,0.1295083463191986,0.0374804362654686,0.2563459873199463,0.5706433653831482,-0.039924509823322296,0.6670253276824951,0.3056303858757019,0.5826840400695801,0.06326571106910706,0.007208538241684437,0.29857808351516724,0.6000315546989441,-0.0721752941608429,0.9999420046806335,0.30374807119369507,0.6017196774482727,0.07208550721406937,0.9999186396598816,0.3042117953300476,0.7353497743606567,-0.11603397130966187,0.8945664167404175,0.2769482135772705,0.7287031412124634,0.03397904708981514,0.1454627513885498,0.3629150390625,0.85530024766922,-0.12636986374855042,0.854923665523529,0.27352187037467957,0.8637004494667053,0.02469722554087639,0.352232426404953,0.3478964567184448,0.9053133726119995,-0.16928990185260773,0.8719121813774109,0.24440987408161163,0.8913070559501648,-0.00878673605620861,0.5017198920249939
85,2.8333333333333335,0.25280916690826416,0.3974911868572235,0.02100371941924095,0.9999402761459351,0.27987563610076904,0.4194524586200714,-0.07912580668926239,0.9999865293502808,0.3036283254623413,0.4244574308395386,0.1304524838924408,0.9998837113380432,0.2816469967365265,0.5103211998939514,-0.09185811132192612,0.9611238241195679,0.3269874155521393,0.5198887586593628,0.1265396773815155,0.03696512430906296,0.2575337886810303,0.5687342882156372,-0.027017083019018173,0.6219068169593811,0.2989111840724945,0.5786575078964233,0.05495133996009827,0.006938091944903135,0.2983258366584778,0.5997229814529419,-0.07185647636651993,0.9999322891235352,0.30328017473220825,0.6011707782745361,0.07176859676837921,0.9999100565910339,0.3073410391807556,0.7454113364219666,-0.11211995780467987,0.8802747130393982,0.2767013609409332,0.7286955118179321,0.027022400870919228,0.13692279160022736,0.3591579496860504,0.8519260883331299,-0.12556201219558716,0.8425666093826294,0.2734786868095398,0.8637068867683411,0.01901850476861,0.3337239623069763,0.34193700551986694,0.8926355838775635,-0.1702042818069458,0.8604027032852173,0.24357815086841583,0.8904200196266174,-0.015341187827289104,0.4806198477745056
86,2.8666666666666667,0.2528117597103119,0.3966695964336395,0.020727401599287987,0.9999394416809082,0.2798153758049011,0.4193950295448303,-0.07538558542728424,0.9999856352806091,0.3034820258617401,0.4237772524356842,0.13050267100334167,0.9998854398727417,0.28204986453056335,0.5090718269348145,-0.08778886497020721,0.9578998684883118,0.3255040645599365,0.5198420882225037,0.12621167302131653,0.037153154611587524,0.25781023502349854,0.567625880241394,-0.024854276329278946,0.5858957171440125,0.2973844110965729,0.5793080925941467,0.05457976460456848,0.006610804703086615,0.29831695556640625,0.5991129279136658,-0.07142592966556549,0.9999249577522278,0.30327150225639343,0.5998666286468506,0.0713408887386322,0.9999033808708191,0.30842870473861694,0.7476056218147278,-0.11245669424533844,0.867455005645752,0.27664101123809814,0.728706419467926,0.017853034660220146,0.12888531386852264,0.35792815685272217,0.8504257798194885,-0.13193140923976898,0.8317594528198242,0.2732756435871124,0.8644495010375977,0.006004557944834232,0.31553131341934204,0.34033194184303284,0.8905541300773621,-0.17961813509464264,0.8505850434303284,0.24192968010902405,0.8900202512741089,-0.030370796099305153,0.4598798155784607
87,2.9,0.25280699133872986,0.3962830901145935,0.021565521135926247,0.9999399781227112,0.27981632947921753,0.4194212257862091,-0.07421301305294037,0.9999852180480957,0.30330753326416016,0.42357999086380005,0.13079512119293213,0.9998883008956909,0.28212738037109375,0.5090357065200806,-0.0863674134016037,0.9557356238365173,0.32563310861587524,0.5198394060134888,0.12611015141010284,0.037388984113931656,0.2578407824039459,0.5668806433677673,-0.02378743141889572,0.5564937591552734,0.2980378270149231,0.5797514319419861,0.05451498180627823,0.006314361002296209,0.29831698536872864,0.599029004573822,-0.07096720486879349,0.9999213218688965,0.302912175655365,0.5994742512702942,0.07088439166545868,0.9999005198478699,0.30445170402526855,0.7410697340965271,-0.11248014867305756,0.858918309211731,0.2767826318740845,0.7292792201042175,0.0147896409034729,0.12314010411500931,0.35788989067077637,0.8503575921058655,-0.12967486679553986,0.8224115967750549,0.2730582654476166,0.8662808537483215,0.002889086725190282,0.30211159586906433,0.3397008776664734,0.8903821110725403,-0.17658862471580505,0.8418859839439392,0.24133475124835968,0.890041708946228,-0.03414374962449074,0.4451293647289276
88,2.933333333333333,0.25279927253723145,0.3961021304130554,0.022055255249142647,0.9999396800994873,0.2798202931880951,0.41946157813072205,-0.07481647282838821,0.999984860420227,0.3031962215900421,0.423486590385437,0.13221454620361328,0.9998899102210999,0.28230398893356323,0.5080808997154236,-0.08902590721845627,0.9546805620193481,0.325918972492218,0.5198269486427307,0.12709495425224304,0.037424858659505844,0.25781160593032837,0.5669870972633362,-0.028933530673384666,0.5335986018180847,0.29885047674179077,0.5800866484642029,0.05498700216412544,0.006060782354325056,0.2983115315437317,0.5990452766418457,-0.07094904035329819,0.9999188184738159,0.3026127815246582,0.599483847618103,0.07086653262376785,0.9998986721038818,0.30308210849761963,0.7383984327316284,-0.11271680891513824,0.8553858995437622,0.2768399119377136,0.7298130393028259,0.018348146229982376,0.11936436593532562,0.3580367863178253,0.8504825234413147,-0.1264532506465912,0.8173255324363708,0.27282780408859253,0.8677986860275269,0.010082642547786236,0.29364460706710815,0.3400495946407318,0.8919995427131653,-0.1728435605764389,0.8365590572357178,0.24119004607200623,0.8905089497566223,-0.02691620960831642,0.4359323978424072
89,2.966666666666667,0.25260666012763977,0.3949827551841736,0.028049703687429428,0.9999426603317261,0.2779644727706909,0.41855934262275696,-0.0714050754904747,0.9999850392341614,0.30284827947616577,0.42352133989334106,0.1350514441728592,0.9998939037322998,0.2818824052810669,0.5076002478599548,-0.08459389209747314,0.9536001682281494,0.3246149718761444,0.5198231339454651,0.12787294387817383,0.03844219073653221,0.2577781081199646,0.5670864582061768,-0.021645562723279,0.5130272507667542,0.2935529053211212,0.5784985423088074,0.055370282381772995,0.00589772267267108,0.29667216539382935,0.5985114574432373,-0.07094983011484146,0.9999151825904846,0.3020464777946472,0.599208652973175,0.0708664208650589,0.9998955726623535,0.302090585231781,0.7367814183235168,-0.11289145052433014,0.8503369092941284,0.27688708901405334,0.7292590737342834,0.02028251253068447,0.11505327373743057,0.35752207040786743,0.850756049156189,-0.1302686631679535,0.8093773722648621,0.2728075087070465,0.8688494563102722,0.011181490495800972,0.2822690010070801,0.3396945595741272,0.8928275108337402,-0.17606543004512787,0.8291055560112,0.2407955676317215,0.8893420696258545,-0.02323889173567295,0.42332926392555237
90,3.0,0.2524421215057373,0.39356663823127747,0.026704583317041397,0.99994295835495,0.27743420004844666,0.41818708181381226,-0.07303623855113983,0.9999845027923584,0.30218222737312317,0.4235270321369171,0.13533921539783478,0.9998943209648132,0.2815949320793152,0.5076643824577332,-0.08764450252056122,0.9502386450767517,0.32365843653678894,0.5198200941085815,0.12971742451190948,0.03791087865829468,0.2577628493309021,0.5671441555023193,-0.0266775730997324,0.4858607351779938,0.290863960981369,0.5770449042320251,0.055526454001665115,0.005668227095156908,0.29578524827957153,0.5980076789855957,-0.0711982473731041,0.9999074935913086,0.30110564827919006,0.5988677144050598,0.07111276686191559,0.9998883008956909,0.30072021484375,0.7353200912475586,-0.1131347194314003,0.8377555012702942,0.2770191431045532,0.7287497520446777,0.022226037457585335,0.10875707864761353,0.3569187819957733,0.8509439826011658,-0.12991899251937866,0.7946894764900208,0.27295032143592834,0.8687007427215576,0.01434885524213314,0.26749181747436523,0.3391966223716736,0.8931202292442322,-0.17472557723522186,0.8151625394821167,0.24167945981025696,0.8881484866142273,-0.022321777418255806,0.40501049160957336
91,3.033333333333333,0.25243574380874634,0.39317601919174194,0.012572050094604492,0.9999384880065918,0.27752485871315,0.41785383224487305,-0.07954879850149155,0.9999833703041077,0.30194953083992004,0.42339032888412476,0.12924005091190338,0.9998922348022461,0.28166887164115906,0.5077634453773499,-0.09365110099315643,0.9453372955322266,0.32301196455955505,0.5201720595359802,0.1256995052099228,0.0366993322968483,0.2578293979167938,0.566574215888977,-0.03404748812317848,0.4587215781211853,0.2897398769855499,0.5763587355613708,0.052437178790569305,0.0054390146397054195,0.295482337474823,0.5978015661239624,-0.07114540040493011,0.9999003410339355,0.300489217042923,0.5986688137054443,0.0710592046380043,0.9998817443847656,0.30016475915908813,0.735167384147644,-0.11242678016424179,0.8245296478271484,0.2764572501182556,0.728550374507904,0.02336166240274906,0.10338415205478668,0.35721614956855774,0.853110671043396,-0.11028710752725601,0.7787195444107056,0.2734382152557373,0.8686639666557312,0.021123018115758896,0.2556045949459076,0.3387741446495056,0.8935361504554749,-0.1510419398546219,0.7985767722129822,0.24274981021881104,0.8889995813369751,-0.011976094916462898,0.38912850618362427
92,3.066666666666667,0.2524201273918152,0.39326488971710205,0.013363050296902657,0.9999357461929321,0.2775954604148865,0.4174211621284485,-0.07951626926660538,0.9999828934669495,0.30197423696517944,0.42302700877189636,0.12596513330936432,0.9998915791511536,0.2817456126213074,0.5066567063331604,-0.09412287175655365,0.9434316754341125,0.32334280014038086,0.520173966884613,0.1218065619468689,0.036191023886203766,0.2578205466270447,0.5665795803070068,-0.0396498441696167,0.4445241093635559,0.2907249629497528,0.5765290856361389,0.05196002125740051,0.005303442943841219,0.29481109976768494,0.5976442694664001,-0.07025481015443802,0.9998947978019714,0.30050647258758545,0.5982943773269653,0.07016365230083466,0.9998757243156433,0.2999006509780884,0.7348109483718872,-0.11161810159683228,0.8157606720924377,0.2765936255455017,0.728547215461731,0.023740548640489578,0.09914959222078323,0.35730820894241333,0.8533983826637268,-0.11024700105190277,0.7674209475517273,0.27364593744277954,0.8687175512313843,0.021239230409264565,0.24583500623703003,0.3385144770145416,0.8935448527336121,-0.15103301405906677,0.7868072390556335,0.24302439391613007,0.8897084593772888,-0.01059320755302906,0.37632739543914795
93,3.1,0.2523029148578644,0.39261847734451294,0.018809255212545395,0.9999346137046814,0.27750474214553833,0.4167518615722656,-0.07939618825912476,0.9999833703041077,0.3019924759864807,0.42249247431755066,0.13154073059558868,0.999886155128479,0.2815530300140381,0.5065626502037048,-0.10048516094684601,0.9347497224807739,0.3231945037841797,0.520171046257019,0.12984813749790192,0.03277072310447693,0.25745707750320435,0.5672892928123474,-0.056345902383327484,0.44750460982322693,0.2917032837867737,0.5786406993865967,0.058537472039461136,0.005478181876242161,0.2944941222667694,0.5973875522613525,-0.07015702873468399,0.9998982548713684,0.30060094594955444,0.59778892993927,0.07006494700908661,0.9998794198036194,0.29984694719314575,0.7343684434890747,-0.11175235360860825,0.8043519258499146,0.27664536237716675,0.7286697626113892,0.023983407765626907,0.09586785733699799,0.35705116391181946,0.8533967733383179,-0.10880406945943832,0.7469354271888733,0.27372223138809204,0.8691623210906982,0.022399989888072014,0.23778608441352844,0.3383663594722748,0.8946529030799866,-0.1539848893880844,0.7640533447265625,0.24314150214195251,0.8904244303703308,-0.010412244126200676,0.36592692136764526
94,3.1333333333333333,0.2522587180137634,0.39194419980049133,0.02139882743358612,0.9999337792396545,0.27752023935317993,0.4162900149822235,-0.07916010171175003,0.9999837279319763,0.30202311277389526,0.42181625962257385,0.1342424899339676,0.9998846650123596,0.2808012366294861,0.5065222382545471,-0.10035403072834015,0.9364539384841919,0.32306602597236633,0.5198264122009277,0.1319459080696106,0.031433962285518646,0.2571924030780792,0.5676091909408569,-0.0526326484978199,0.4548586905002594,0.29203230142593384,0.5790595412254333,0.06335102021694183,0.005392261315137148,0.2943956255912781,0.5970531105995178,-0.07050415128469467,0.9999011158943176,0.30067554116249084,0.5972462296485901,0.07041139900684357,0.9998822212219238,0.2997596859931946,0.7342569231987,-0.1121344119310379,0.8086206316947937,0.2766338288784027,0.728701114654541,0.02423650026321411,0.09858962893486023,0.35707399249076843,0.853438138961792,-0.10738875716924667,0.7493690252304077,0.27382782101631165,0.8690978288650513,0.022584959864616394,0.24286684393882751,0.3384827673435211,0.8965173363685608,-0.14957121014595032,0.7637937068939209,0.2431524693965912,0.8913999199867249,-0.010322635993361473,0.3711225986480713
95,3.1666666666666665,0.2522469758987427,0.3902627229690552,0.024000195786356926,0.9999357461929321,0.2774921655654907,0.41617551445961,-0.0792546272277832,0.9999843835830688,0.30212441086769104,0.4212644696235657,0.13863083720207214,0.9998858571052551,0.2801739275455475,0.5065323114395142,-0.10130055993795395,0.9403866529464722,0.3230905532836914,0.5196033716201782,0.13555194437503815,0.03280562162399292,0.256660521030426,0.5684133172035217,-0.0521104522049427,0.4725531041622162,0.2924398183822632,0.5795367956161499,0.06734397262334824,0.005277716089040041,0.29417380690574646,0.5968571305274963,-0.07187758386135101,0.9999048113822937,0.3007170557975769,0.5971319079399109,0.07178302109241486,0.9998857378959656,0.2997204661369324,0.734374463558197,-0.11322077363729477,0.8190310597419739,0.2766064703464508,0.7294548153877258,0.02452295646071434,0.10915133357048035,0.35742422938346863,0.8540733456611633,-0.1030089408159256,0.7602289915084839,0.27392011880874634,0.8693918585777283,0.02449788525700569,0.26057642698287964,0.34097787737846375,0.9000667333602905,-0.14290712773799896,0.7718961238861084,0.24324488639831543,0.8924979567527771,-0.00787642877548933,0.38904690742492676
96,3.2,0.25208133459091187,0.389791876077652,0.021699829027056694,0.9999358057975769,0.2774609327316284,0.41619089245796204,-0.08594805747270584,0.9999847412109375,0.30229368805885315,0.42071133852005005,0.13465522229671478,0.9998846650123596,0.27957457304000854,0.5071233510971069,-0.11013367027044296,0.9441809058189392,0.3231343924999237,0.5187154412269592,0.13310649991035461,0.03392137214541435,0.2559078335762024,0.5715489983558655,-0.06280569732189178,0.49511173367500305,0.2930298149585724,0.5799301862716675,0.0656401589512825,0.005252168048173189,0.29388317465782166,0.597547709941864,-0.0720825344324112,0.9999071359634399,0.3005853593349457,0.5976711511611938,0.07198897749185562,0.9998872876167297,0.299802303314209,0.7353909015655518,-0.11086638271808624,0.8289593458175659,0.2762373387813568,0.7301284670829773,0.033203162252902985,0.12119323015213013,0.3575058579444885,0.8547742366790771,-0.08882453292608261,0.7708597779273987,0.2739327549934387,0.8694373369216919,0.03821822628378868,0.2797723114490509,0.342048704624176,0.9012704491615295,-0.1251755952835083,0.779790997505188,0.24331653118133545,0.8936325907707214,0.007881974801421165,0.4070715010166168
97,3.2333333333333334,0.2513059377670288,0.38811394572257996,0.016916844993829727,0.9999305605888367,0.27524179220199585,0.4163365364074707,-0.08743827790021896,0.9999847412109375,0.30160191655158997,0.4207172393798828,0.1324346512556076,0.9998719692230225,0.27759960293769836,0.5097312331199646,-0.1096036434173584,0.9387454986572266,0.32257458567619324,0.5181530714035034,0.13248245418071747,0.030721548944711685,0.2539065480232239,0.5739516615867615,-0.06025071069598198,0.501156210899353,0.2931032180786133,0.5799473524093628,0.0650654137134552,0.005348557606339455,0.2938513457775116,0.5979847311973572,-0.07202094793319702,0.9999096393585205,0.3004385530948639,0.5976830720901489,0.071928009390831,0.999889612197876,0.29894891381263733,0.736453652381897,-0.11499132961034775,0.820338785648346,0.27615660429000854,0.7301878333091736,0.03146512061357498,0.11604033410549164,0.35643064975738525,0.8547934889793396,-0.09593302756547928,0.7501459717750549,0.2742660641670227,0.8700146079063416,0.03797782585024834,0.26895010471343994,0.34088239073753357,0.9030712842941284,-0.13495171070098877,0.7579025626182556,0.2432776689529419,0.8946516513824463,0.004588981159031391,0.394109845161438
98,3.2666666666666666,0.2508220076560974,0.38744688034057617,0.015225592069327831,0.999927818775177,0.27427878975868225,0.41663500666618347,-0.08687128871679306,0.9999847412109375,0.30127739906311035,0.4207293689250946,0.1315733790397644,0.9998617768287659,0.27651721239089966,0.5118470191955566,-0.10799781233072281,0.9330576062202454,0.3220852017402649,0.517518162727356,0.13211305439472198,0.027849987149238586,0.2533758282661438,0.5751082897186279,-0.05658096820116043,0.5054547786712646,0.2933575510978699,0.578343391418457,0.06458909809589386,0.005534297786653042,0.29371824860572815,0.5985667109489441,-0.07194279134273529,0.9999123215675354,0.29989129304885864,0.5978439450263977,0.07185009866952896,0.9998924732208252,0.298719584941864,0.7373248338699341,-0.11525195837020874,0.816599428653717,0.2756691575050354,0.7304299473762512,0.030998075380921364,0.1136116161942482,0.35569292306900024,0.8547491431236267,-0.09677722305059433,0.7375534772872925,0.27440494298934937,0.8700029253959656,0.0376969613134861,0.2637692987918854,0.3406696319580078,0.9037121534347534,-0.13440001010894775,0.7434913516044617,0.2432817667722702,0.8953135013580322,0.001765602850355208,0.3879515528678894
99,3.3,0.24995610117912292,0.38747918605804443,0.012795990332961082,0.9999277591705322,0.2743279039859772,0.4167199730873108,-0.09085417538881302,0.9999849796295166,0.30117782950401306,0.4205697774887085,0.12748046219348907,0.9998621344566345,0.27639323472976685,0.5121146440505981,-0.1095162183046341,0.9375055432319641,0.32190605998039246,0.5172293186187744,0.12822100520133972,0.029521502554416656,0.2532995343208313,0.5752899050712585,-0.05715080350637436,0.5233486294746399,0.29345738887786865,0.5767018795013428,0.06443987786769867,0.0055093178525567055,0.2933313548564911,0.598650336265564,-0.07215806096792221,0.9999140501022339,0.2996249198913574,0.5978506803512573,0.07206685841083527,0.9998934864997864,0.2985820472240448,0.737768828868866,-0.11522752046585083,0.8256811499595642,0.2754972577095032,0.7305536866188049,0.030668452382087708,0.12087856233119965,0.35537928342819214,0.8547492027282715,-0.09289314597845078,0.7484301924705505,0.2745267450809479,0.8700047135353088,0.03607344627380371,0.27612388134002686,0.3421408534049988,0.9036590456962585,-0.12710896134376526,0.7526394724845886,0.2433202564716339,0.8955342769622803,0.005159699823707342,0.40090858936309814
100,3.3333333333333335,0.24949583411216736,0.38763129711151123,0.013972555287182331,0.9999257326126099,0.2744794487953186,0.41674530506134033,-0.08958742022514343,0.9999849200248718,0.30118221044540405,0.4204079508781433,0.12681123614311218,0.9998635649681091,0.2765793204307556,0.5120731592178345,-0.10829261690378189,0.9402545690536499,0.3219527304172516,0.517189085483551,0.1257750540971756,0.030763814225792885,0.2533915638923645,0.5750731825828552,-0.05631673336029053,0.5249364972114563,0.29358965158462524,0.5767630934715271,0.06332878023386002,0.005408425349742174,0.2928633689880371,0.5986953973770142,-0.07219856977462769,0.9999157190322876,0.29938918352127075,0.5980944633483887,0.07210610061883926,0.9998952150344849,0.2981337904930115,0.7379387021064758,-0.11512956768274307,0.8325263857841492,0.27526623010635376,0.7312702536582947,0.031550828367471695,0.12692791223526,0.35525867342948914,0.8546345829963684,-0.09478765726089478,0.7564943432807922,0.2745285630226135,0.8700518012046814,0.03460025042295456,0.28760555386543274,0.3429393172264099,0.9036046266555786,-0.128817617893219,0.7590218782424927,0.24333660304546356,0.8954843878746033,0.004774962551891804,0.41220226883888245
101,3.3666666666666667,0.24943582713603973,0.386767715215683,0.0132462028414011,0.9999263286590576,0.2744445204734802,0.4168248474597931,-0.08926141262054443,0.9999849200248718,0.30056098103523254,0.4203812777996063,0.12705375254154205,0.99986332654953,0.276181697845459,0.5125179290771484,-0.10770563781261444,0.9431174993515015,0.3214971423149109,0.5171688795089722,0.12590032815933228,0.0319560281932354,0.2532866299152374,0.5749357342720032,-0.05171595886349678,0.5247957706451416,0.29367396235466003,0.577717125415802,0.0635269284248352,0.005265049170702696,0.29287660121917725,0.5989795327186584,-0.07238131016492844,0.9999185800552368,0.29941168427467346,0.5982388257980347,0.07228858768939972,0.9998984932899475,0.2974720597267151,0.7384160161018372,-0.1156546100974083,0.8420709371566772,0.27489370107650757,0.7323250770568848,0.03122904524207115,0.13977061212062836,0.3551068902015686,0.8544447422027588,-0.09299228340387344,0.7683814167976379,0.27451997995376587,0.8699548244476318,0.0342390350997448,0.30821850895881653,0.34388601779937744,0.9041378498077393,-0.12674066424369812,0.768875002861023,0.24333719909191132,0.8954941034317017,0.004327620845288038,0.4308217167854309
102,3.4,0.24931928515434265,0.38648557662963867,0.01356387697160244,0.9999253749847412,0.27441033720970154,0.4169093668460846,-0.09150824695825577,0.9999849200248718,0.30029287934303284,0.42036014795303345,0.1273723542690277,0.9998632073402405,0.2759343385696411,0.5124985575675964,-0.10920709371566772,0.9456294178962708,0.32149365544319153,0.5171762704849243,0.1261468529701233,0.03289252519607544,0.25307467579841614,0.5750817060470581,-0.051634591072797775,0.5246359705924988,0.29373615980148315,0.578363835811615,0.06342858076095581,0.0051231784746050835,0.29281550645828247,0.5990331172943115,-0.07293815910816193,0.9999210834503174,0.2994360029697418,0.5982449054718018,0.07284410297870636,0.9999014139175415,0.29726243019104004,0.7385619282722473,-0.11518356949090958,0.8500755429267883,0.2746621072292328,0.7326535582542419,0.03177691251039505,0.15202803909778595,0.3551630675792694,0.8544089198112488,-0.08853240311145782,0.7785462737083435,0.2745128273963928,0.8699473738670349,0.035730309784412384,0.32842642068862915,0.344368040561676,0.9045827388763428,-0.1219278946518898,0.7768082022666931,0.2433801144361496,0.8954684138298035,0.006173980422317982,0.4487261474132538
103,3.433333333333333,0.2493438422679901,0.3864250183105469,0.013271929696202278,0.999921441078186,0.27443116903305054,0.4172612428665161,-0.09084504097700119,0.9999845623970032,0.29997843503952026,0.42039310932159424,0.12872612476348877,0.9998604655265808,0.2758252024650574,0.5125649571418762,-0.1091645359992981,0.9474472999572754,0.3212900459766388,0.5173128843307495,0.12812760472297668,0.03326823189854622,0.25299349427223206,0.575334906578064,-0.0520496591925621,0.5196870565414429,0.2934427857398987,0.5795028805732727,0.06499797850847244,0.004956176038831472,0.2927493453025818,0.5990496873855591,-0.07320638000965118,0.9999224543571472,0.2991923689842224,0.5982481241226196,0.07311257719993591,0.9999030232429504,0.2971346974372864,0.7385889887809753,-0.11509744077920914,0.8564550280570984,0.27459049224853516,0.7328585982322693,0.030727341771125793,0.16003654897212982,0.35521697998046875,0.854321300983429,-0.08804582804441452,0.7864986658096313,0.27451127767562866,0.8699350953102112,0.03500957041978836,0.34218305349349976,0.3447083830833435,0.9047998785972595,-0.12142441421747208,0.782830536365509,0.24339398741722107,0.8954642415046692,0.006006417330354452,0.46081751585006714
104,3.466666666666667,0.24936631321907043,0.3864067494869232,0.01101944874972105,0.9999188780784607,0.27444225549697876,0.4172690212726593,-0.09113854914903641,0.9999842643737793,0.29964524507522583,0.4203970730304718,0.13165055215358734,0.9998570084571838,0.2756943702697754,0.5125999450683594,-0.11179517209529877,0.9496634602546692,0.3205968737602234,0.5176998376846313,0.13151827454566956,0.03387277200818062,0.25295671820640564,0.5759418606758118,-0.05681918188929558,0.5200497508049011,0.2928599715232849,0.5805782079696655,0.06675586849451065,0.004817667882889509,0.29257047176361084,0.59907466173172,-0.0739670842885971,0.9999234676361084,0.29893019795417786,0.5982497334480286,0.07387323677539825,0.9999040365219116,0.29699546098709106,0.7386372685432434,-0.11576399952173233,0.8632830381393433,0.27445951104164124,0.7330558896064758,0.0298790093511343,0.16907605528831482,0.35525447130203247,0.8542397618293762,-0.09009756147861481,0.7959188222885132,0.27451232075691223,0.8699330687522888,0.034449175000190735,0.3576936423778534,0.344820499420166,0.9048939943313599,-0.12463108450174332,0.790878176689148,0.24341905117034912,0.8954511284828186,0.005057245958596468,0.47484609484672546
105,3.5,0.24938702583312988,0.38641610741615295,0.006427107844501734,0.9999142289161682,0.2744380831718445,0.41723111271858215,-0.09653575718402863,0.999984085559845,0.29955390095710754,0.4203767478466034,0.13196805119514465,0.9998486042022705,0.27557238936424255,0.5127435326576233,-0.12065811455249786,0.949774980545044,0.31975406408309937,0.518277645111084,0.13326413929462433,0.03145090863108635,0.2528880834579468,0.5771598219871521,-0.06952332705259323,0.5259383320808411,0.2903737425804138,0.5809559226036072,0.06641699373722076,0.004824616946280003,0.2923770546913147,0.5991716384887695,-0.07445494830608368,0.9999247193336487,0.2988680601119995,0.5982496738433838,0.07436203211545944,0.9999052882194519,0.2969439923763275,0.739035964012146,-0.11574511229991913,0.8675010800361633,0.2739681005477905,0.7332542538642883,0.03350766375660896,0.17470388114452362,0.35528096556663513,0.8542183637619019,-0.08611811697483063,0.8003740310668945,0.2745113968849182,0.8699571490287781,0.044726304709911346,0.3679324984550476,0.34485164284706116,0.9050736427307129,-0.12271342426538467,0.7931897044181824,0.2434254139661789,0.89528489112854,0.014305805787444115,0.48355749249458313
106,3.533333333333333,0.24940332770347595,0.3864344656467438,0.0013694287044927478,0.9999063014984131,0.2744503319263458,0.41708290576934814,-0.1021987795829773,0.9999838471412659,0.29952698945999146,0.4202903211116791,0.13170281052589417,0.999836266040802,0.275537371635437,0.5128228068351746,-0.12725794315338135,0.9486216306686401,0.3191666603088379,0.5186030268669128,0.1336747109889984,0.028806336224079132,0.25280970335006714,0.5779026746749878,-0.07748735696077347,0.5322780013084412,0.2888251841068268,0.58109450340271,0.06621016561985016,0.004876645281910896,0.292225182056427,0.5991501808166504,-0.0749642550945282,0.9999258518218994,0.2989158034324646,0.5980546474456787,0.07487224042415619,0.9999063014984131,0.296735942363739,0.7395413517951965,-0.1157083734869957,0.8703203797340393,0.2738070785999298,0.7333509922027588,0.039323367178440094,0.1782645434141159,0.35501664876937866,0.8541529178619385,-0.08174769580364227,0.8023504018783569,0.27450236678123474,0.8699434995651245,0.05665431544184685,0.3755215108394623,0.34481191635131836,0.9051185846328735,-0.12008033692836761,0.7922533750534058,0.24345004558563232,0.8946627974510193,0.02627403475344181,0.4891398549079895
107,3.566666666666667,0.249407559633255,0.38646262884140015,0.00037001771852374077,0.9998986721038818,0.2744493782520294,0.41696324944496155,-0.10384465754032135,0.9999836087226868,0.2995387315750122,0.4202349781990051,0.1312866508960724,0.999825119972229,0.2755014896392822,0.5129223465919495,-0.12954728305339813,0.9473693370819092,0.31884264945983887,0.5187950730323792,0.13360242545604706,0.026405002921819687,0.2527227997779846,0.5793977975845337,-0.0807911679148674,0.5385302305221558,0.28802233934402466,0.5811407566070557,0.0660862997174263,0.004942329600453377,0.29204896092414856,0.5991232395172119,-0.0752369612455368,0.9999270439147949,0.29896080493927,0.5979318022727966,0.07514450699090958,0.999907374382019,0.29651424288749695,0.7399420142173767,-0.11568596214056015,0.8730831146240234,0.2736555337905884,0.733428418636322,0.043856874108314514,0.1815246045589447,0.35478416085243225,0.8540629744529724,-0.0808306559920311,0.8047458529472351,0.27447399497032166,0.8699387311935425,0.0626864805817604,0.38338854908943176,0.34477299451828003,0.9051402807235718,-0.11972080171108246,0.7922710180282593,0.24348750710487366,0.8941895365715027,0.03248411789536476,0.49521905183792114
108,3.6,0.2493651658296585,0.3862949013710022,0.0025762072764337063,0.9999006986618042,0.27445870637893677,0.4169650673866272,-0.10123930871486664,0.9999839067459106,0.29957398772239685,0.420198529958725,0.12717552483081818,0.9998260140419006,0.2755218744277954,0.5130748152732849,-0.12489552795886993,0.9497453570365906,0.31914305686950684,0.5188429355621338,0.12877118587493896,0.026104098185896873,0.25266915559768677,0.5801644921302795,-0.07462465018033981,0.5506642460823059,0.2893478572368622,0.5813211798667908,0.0651649534702301,0.0049240123480558395,0.291943222284317,0.5991230010986328,-0.07480297982692719,0.9999291896820068,0.299621045589447,0.5978975296020508,0.07470916956663132,0.9999094009399414,0.29603224992752075,0.7409760355949402,-0.11492730677127838,0.8789911866188049,0.27366340160369873,0.7336084842681885,0.043139390647411346,0.1893468052148819,0.35473260283470154,0.8541492819786072,-0.0796736553311348,0.8121906518936157,0.2744635045528412,0.8699347376823425,0.05956599861383438,0.3958098590373993,0.3447495102882385,0.9051218032836914,-0.1166004166007042,0.7987419366836548,0.2445068657398224,0.8934758305549622,0.029815707355737686,0.5064988732337952
109,3.6333333333333333,0.2484678328037262,0.384383887052536,0.008385051041841507,0.9999079704284668,0.27346187829971313,0.4182433784008026,-0.09576647728681564,0.9999846816062927,0.2985117435455322,0.4205514192581177,0.13190506398677826,0.9998314380645752,0.2748886048793793,0.5136985182762146,-0.11467920243740082,0.9530959725379944,0.31914082169532776,0.5187935829162598,0.1348540037870407,0.026678917929530144,0.25266748666763306,0.5794693827629089,-0.061713896691799164,0.5714204907417297,0.29223915934562683,0.5815509557723999,0.07298578321933746,0.0049296231009066105,0.2914680242538452,0.5985729694366455,-0.07478498667478561,0.9999330639839172,0.3000856339931488,0.5975230932235718,0.07469107210636139,0.9999138712882996,0.2999141812324524,0.7506061792373657,-0.11875532567501068,0.8862010836601257,0.2739315629005432,0.734729528427124,0.027566323056817055,0.20451058447360992,0.35453012585639954,0.8538936972618103,-0.08953271806240082,0.8210937976837158,0.2744077146053314,0.8699487447738647,0.031430359929800034,0.41400155425071716,0.3447433114051819,0.905548632144928,-0.12549380958080292,0.8075549006462097,0.24506878852844238,0.8934550881385803,-0.00040189610444940627,0.5241374969482422
110,3.6666666666666665,0.24799230694770813,0.38300612568855286,0.008863811381161213,0.9999114274978638,0.2729954719543457,0.41842398047447205,-0.09361949563026428,0.9999849200248718,0.29810458421707153,0.4206017255783081,0.1341865360736847,0.9998300075531006,0.2744198143482208,0.514137327671051,-0.11293990910053253,0.9542576670646667,0.31919869780540466,0.5189735293388367,0.138564795255661,0.025354698300361633,0.25267294049263,0.579127311706543,-0.06134913116693497,0.5784916281700134,0.2928333878517151,0.5821783542633057,0.07547033578157425,0.004919183906167746,0.29104113578796387,0.5981396436691284,-0.07476074993610382,0.9999356269836426,0.3003547787666321,0.5973701477050781,0.07466685026884079,0.9999168515205383,0.2948682904243469,0.7493159770965576,-0.1197013407945633,0.8895477652549744,0.2744523882865906,0.7357408404350281,0.02684001997113228,0.20875263214111328,0.3544620871543884,0.8538143634796143,-0.08983495086431503,0.8236958384513855,0.27446791529655457,0.8700447082519531,0.03405672684311867,0.41920650005340576,0.34455960988998413,0.9055569767951965,-0.127267524600029,0.8086169362068176,0.2450440675020218,0.8935449123382568,0.002244606614112854,0.5289542078971863
111,3.7,0.2478255331516266,0.38231369853019714,0.009863613173365593,0.9999168515205383,0.2727852463722229,0.4187220335006714,-0.08936886489391327,0.99998539686203,0.297791063785553,0.4207165241241455,0.13589948415756226,0.9998347163200378,0.27415016293525696,0.5147016644477844,-0.10857311636209488,0.9567268490791321,0.31920570135116577,0.5193353295326233,0.1400459259748459,0.0267740897834301,0.25267764925956726,0.5788713693618774,-0.059949856251478195,0.5897079110145569,0.29293328523635864,0.583171546459198,0.07650337368249893,0.004918152466416359,0.29089003801345825,0.5975369215011597,-0.07474769651889801,0.9999374151229858,0.3005695343017578,0.5969089269638062,0.07465384900569916,0.9999188184738159,0.29309749603271484,0.7478246688842773,-0.11942927539348602,0.8924440145492554,0.27502942085266113,0.7361524701118469,0.022872205823659897,0.21200375258922577,0.3543851971626282,0.8537392616271973,-0.08982395380735397,0.8262577056884766,0.27450013160705566,0.8702364563941956,0.031215393915772438,0.4213915169239044,0.3419416546821594,0.9052091836929321,-0.1275242418050766,0.8104814291000366,0.2450232207775116,0.8937325477600098,-0.0014001009985804558,0.5317642688751221
112,3.7333333333333334,0.2474837750196457,0.3818415403366089,0.009604866616427898,0.9999212026596069,0.27261048555374146,0.41922760009765625,-0.08903734385967255,0.9999857544898987,0.29744982719421387,0.4208569824695587,0.13528352975845337,0.9998384714126587,0.2737150490283966,0.5156771540641785,-0.10747379064559937,0.9591341614723206,0.31902796030044556,0.5193919539451599,0.13946929574012756,0.028756001964211464,0.2526770830154419,0.5787847638130188,-0.059383977204561234,0.600837230682373,0.2931421995162964,0.5836569666862488,0.0747552365064621,0.004917475860565901,0.2908967137336731,0.5972519516944885,-0.07440699636936188,0.9999392628669739,0.3007518947124481,0.5966187119483948,0.07431540638208389,0.9999207854270935,0.292620986700058,0.7469697594642639,-0.11915385723114014,0.8965246081352234,0.2754242420196533,0.7366026043891907,0.022425230592489243,0.21947655081748962,0.35418400168418884,0.8532492518424988,-0.0891062393784523,0.8308781385421753,0.27449923753738403,0.8702934980392456,0.030312499031424522,0.42932647466659546,0.3409753441810608,0.9051888585090637,-0.12682825326919556,0.8145641088485718,0.24500620365142822,0.894055962562561,-0.002300792373716831,0.5394503474235535
113,3.7666666666666666,0.24627847969532013,0.38146400451660156,0.007656793110072613,0.9999231100082397,0.27225250005722046,0.41973593831062317,-0.0955522283911705,0.999985933303833,0.29704219102859497,0.42109641432762146,0.13422514498233795,0.9998412728309631,0.2735357880592346,0.5177382230758667,-0.11059478670358658,0.961561381816864,0.31917208433151245,0.5199649333953857,0.13931140303611755,0.031473029404878616,0.2525554299354553,0.5788552761077881,-0.05904275178909302,0.6073856353759766,0.29507753252983093,0.5853896737098694,0.07442755997180939,0.00483823474496603,0.29068896174430847,0.5972216725349426,-0.07493818551301956,0.9999419450759888,0.3008030951023102,0.5967887043952942,0.0748462826013565,0.9999241828918457,0.2915799915790558,0.7464351058006287,-0.12217015027999878,0.9023181200027466,0.27548646926879883,0.7374565005302429,0.023841504007577896,0.23470538854599,0.353984534740448,0.8522441387176514,-0.08925459533929825,0.8394187092781067,0.2746185064315796,0.8708413243293762,0.032087020576000214,0.45057785511016846,0.34104353189468384,0.9060491919517517,-0.12732557952404022,0.822623074054718,0.24502071738243103,0.894329309463501,-0.0009279530495405197,0.5573557615280151
114,3.8,0.2459193468093872,0.3812769055366516,0.007607930805534124,0.9999242424964905,0.27176433801651,0.4198875427246094,-0.09957964718341827,0.9999860525131226,0.29683953523635864,0.42122960090637207,0.13401304185390472,0.9998440742492676,0.27334028482437134,0.5191659331321716,-0.11365258693695068,0.963374674320221,0.3193867802619934,0.5202229619026184,0.13850882649421692,0.03328414633870125,0.25249549746513367,0.5788925290107727,-0.05772285535931587,0.6067403554916382,0.29516488313674927,0.5859026312828064,0.073689304292202,0.004713027738034725,0.2904273271560669,0.5972350835800171,-0.07593801617622375,0.9999443888664246,0.3008444309234619,0.5970456600189209,0.07584302127361298,0.9999274015426636,0.291066974401474,0.7459803223609924,-0.12416311353445053,0.906906247138977,0.2756270170211792,0.7382654547691345,0.02501862682402134,0.24638602137565613,0.3537746071815491,0.8516899943351746,-0.0893860012292862,0.8460589051246643,0.2746433615684509,0.8714966773986816,0.032943226397037506,0.4689616560935974,0.3414744436740875,0.9061733484268188,-0.12757547199726105,0.8286402225494385,0.2450377643108368,0.894382119178772,-0.00044670779607258737,0.5727928876876831
115,3.8333333333333335,0.24590392410755157,0.3811630308628082,0.009135214611887932,0.9999256134033203,0.27143773436546326,0.41993048787117004,-0.09966563433408737,0.9999862909317017,0.2967979311943054,0.421284019947052,0.13468311727046967,0.9998469948768616,0.27317529916763306,0.519791305065155,-0.11460435390472412,0.9650181531906128,0.3194381892681122,0.5202491879463196,0.13933610916137695,0.03497883677482605,0.2524457275867462,0.5788916945457458,-0.05717388913035393,0.6072384715080261,0.29534685611724854,0.5863155126571655,0.07533441483974457,0.004590619821101427,0.2901742458343506,0.5972386598587036,-0.07665956765413284,0.999946653842926,0.30096083879470825,0.5971091389656067,0.07655985653400421,0.9999303817749023,0.2907157838344574,0.7456673383712769,-0.12575584650039673,0.9114610552787781,0.27572792768478394,0.7387514710426331,0.02603321149945259,0.26001471281051636,0.35362258553504944,0.8514115214347839,-0.09125625342130661,0.8528255820274353,0.274644672870636,0.8721235394477844,0.03362041711807251,0.4886162281036377,0.34173712134361267,0.9063200950622559,-0.12988656759262085,0.8348451852798462,0.24502956867218018,0.8944079875946045,-0.0004822188930120319,0.5889565348625183
116,3.8666666666666667,0.24595637619495392,0.3809506297111511,0.01149757206439972,0.9999242424964905,0.27127349376678467,0.419916033744812,-0.0992814153432846,0.9999863505363464,0.2968144714832306,0.42129185795783997,0.13767796754837036,0.9998456835746765,0.2730708420276642,0.5198125839233398,-0.11457433551549911,0.9649946093559265,0.3194037973880768,0.5202785730361938,0.1428694874048233,0.03355620801448822,0.2524273693561554,0.5788676142692566,-0.05730070918798447,0.6023145318031311,0.2952825427055359,0.5865355134010315,0.07816343009471893,0.004475891124457121,0.2900436818599701,0.597132682800293,-0.07693526148796082,0.9999483227729797,0.30119454860687256,0.597034215927124,0.07683201134204865,0.9999325275421143,0.2904905080795288,0.7454777956008911,-0.12778504192829132,0.9132863879203796,0.27578994631767273,0.7390238642692566,0.026089822873473167,0.2643177807331085,0.3534723222255707,0.8512601852416992,-0.09442130476236343,0.8546911478042603,0.2746449410915375,0.8726353049278259,0.03300894424319267,0.4969448745250702,0.34184110164642334,0.9064200520515442,-0.13451817631721497,0.8352535367012024,0.24502570927143097,0.8944061994552612,-0.0024633812718093395,0.5953279733657837
117,3.9,0.2460077702999115,0.38028377294540405,0.019307835027575493,0.9999179244041443,0.27076560258865356,0.418636292219162,-0.09034598618745804,0.9999863505363464,0.2963123917579651,0.4207882881164551,0.14753049612045288,0.9998329281806946,0.27279335260391235,0.5190703868865967,-0.11009138822555542,0.9584437608718872,0.31670117378234863,0.5201277732849121,0.15432403981685638,0.030387522652745247,0.25242847204208374,0.5785443186759949,-0.05641496181488037,0.5965303778648376,0.2946247458457947,0.586812436580658,0.08537940680980682,0.00456278445199132,0.289642333984375,0.5968338251113892,-0.0768107920885086,0.9999503493309021,0.3013448119163513,0.596763551235199,0.07670577615499496,0.9999352693557739,0.28744345903396606,0.7452166080474854,-0.12905266880989075,0.9100911617279053,0.275993674993515,0.7389678359031677,0.01664614863693714,0.2598108649253845,0.3512081801891327,0.850190281867981,-0.09752558171749115,0.8436642289161682,0.27477800846099854,0.8747524619102478,0.015577663667500019,0.49006152153015137,0.3407682776451111,0.906521201133728,-0.1395341455936432,0.8212703466415405,0.2449609786272049,0.8947073221206665,-0.023048406466841698,0.5880023241043091
118,3.933333333333333,0.2459568977355957,0.3794557750225067,0.029391124844551086,0.9999099969863892,0.27041298151016235,0.41759222745895386,-0.07910867035388947,0.9999862313270569,0.29590028524398804,0.4207918345928192,0.15487723052501678,0.9998221397399902,0.27280932664871216,0.5177667140960693,-0.0971415787935257,0.9482954144477844,0.3167222738265991,0.5202035903930664,0.16005095839500427,0.027511419728398323,0.25248634815216064,0.576955258846283,-0.04070290923118591,0.5788537859916687,0.29475536942481995,0.5868799686431885,0.08970560133457184,0.0045822081156075,0.28958660364151,0.5963979959487915,-0.07659126818180084,0.9999526739120483,0.30141955614089966,0.596653938293457,0.07648400217294693,0.9999386072158813,0.2862089276313782,0.744936466217041,-0.12819692492485046,0.9067230820655823,0.27608323097229004,0.7389430403709412,0.012266511097550392,0.2587999403476715,0.35041433572769165,0.8496427536010742,-0.09722116589546204,0.8328870534896851,0.27478235960006714,0.8759034872055054,0.0045896051451563835,0.48807772994041443,0.3402889370918274,0.9066033959388733,-0.1382991522550583,0.8073782920837402,0.24474358558654785,0.8955541849136353,-0.03400326520204544,0.5849326252937317
119,3.966666666666667,0.24598386883735657,0.3788008689880371,0.02980533242225647,0.999901533126831,0.27022281289100647,0.41678139567375183,-0.07952602952718735,0.9999861717224121,0.29570525884628296,0.4207713305950165,0.15693718194961548,0.999811589717865,0.272827684879303,0.5159896612167358,-0.1001485139131546,0.942209005355835,0.31676188111305237,0.5202046036720276,0.16347427666187286,0.0249362513422966,0.2525319755077362,0.5764634609222412,-0.04580005258321762,0.5708380937576294,0.29473885893821716,0.5872159600257874,0.092447429895401,0.004645306151360273,0.28946712613105774,0.595829963684082,-0.07654912769794464,0.9999544620513916,0.30155113339424133,0.596312403678894,0.07644294202327728,0.9999411106109619,0.2857869863510132,0.7444652318954468,-0.12802711129188538,0.902269721031189,0.2761940658092499,0.7389155030250549,0.013227095827460289,0.25502702593803406,0.3503498136997223,0.849514365196228,-0.09695298969745636,0.8206914067268372,0.2749740183353424,0.8762072920799255,0.009384512901306152,0.4805412292480469,0.33981817960739136,0.9069533348083496,-0.13891145586967468,0.7921208739280701,0.24476119875907898,0.8961156010627747,-0.029312539845705032,0.576783299446106
120,4.0,0.2463153600692749,0.37882381677627563,0.040007881820201874,0.9998942613601685,0.2700786888599396,0.4155119061470032,-0.0769631415605545,0.9999862909317017,0.29528889060020447,0.4205271899700165,0.16480211913585663,0.9998041391372681,0.2728462219238281,0.5140395164489746,-0.10077033936977386,0.9370692372322083,0.31661897897720337,0.5198225975036621,0.16936226189136505,0.02264493703842163,0.25243309140205383,0.5761544704437256,-0.04780666157603264,0.5662356615066528,0.2947300970554352,0.5872048735618591,0.09717025607824326,0.004715610295534134,0.28947558999061584,0.5954015254974365,-0.0772857815027237,0.9999567270278931,0.3016277849674225,0.5961138606071472,0.07717446982860565,0.999944269657135,0.285745769739151,0.7442954778671265,-0.1306779682636261,0.9026134014129639,0.27610644698143005,0.7388872504234314,0.011650373227894306,0.26244863867759705,0.3502945303916931,0.8488935828208923,-0.10188867151737213,0.8181493878364563,0.2749897837638855,0.8764585852622986,0.005168546922504902,0.48955655097961426,0.33990800380706787,0.9071407914161682,-0.14522197842597961,0.7867805361747742,0.2447596788406372,0.896520733833313,-0.03475154936313629,0.5828863382339478
121,4.033333333333333,0.24627260863780975,0.37852469086647034,0.03920202702283859,0.9998877644538879,0.26890304684638977,0.41254723072052,-0.07732750475406647,0.9999864101409912,0.2940674126148224,0.4185612201690674,0.16162827610969543,0.9998000264167786,0.27280545234680176,0.5118621587753296,-0.10213060677051544,0.9323463439941406,0.3129664957523346,0.520179808139801,0.16884151101112366,0.020634425804018974,0.2515706717967987,0.5764135122299194,-0.05731947347521782,0.5662357807159424,0.29235032200813293,0.5883451104164124,0.09969060122966766,0.004968748427927494,0.28911644220352173,0.5946980714797974,-0.07716991752386093,0.9999573230743408,0.3016936779022217,0.5957428216934204,0.07705526053905487,0.9999452829360962,0.28404396772384644,0.7441044449806213,-0.12921100854873657,0.898672342300415,0.27606046199798584,0.7388522028923035,0.017189811915159225,0.25660067796707153,0.3490457832813263,0.8493939638137817,-0.09111936390399933,0.8085861206054688,0.2749895751476288,0.8764466047286987,0.028311073780059814,0.4796270728111267,0.3342934250831604,0.9072738885879517,-0.1351432204246521,0.7756677865982056,0.24498629570007324,0.8968737125396729,-0.010702952742576599,0.5725885033607483
122,4.066666666666666,0.2462826520204544,0.37854745984077454,0.03476874157786369,0.9998753070831299,0.26856544613838196,0.4111350476741791,-0.07920218259096146,0.9999862313270569,0.2937375605106354,0.4178084135055542,0.15978270769119263,0.9997931122779846,0.27281609177589417,0.5102251172065735,-0.10297627747058868,0.9245813488960266,0.31245726346969604,0.5209596157073975,0.1648327261209488,0.018765529617667198,0.25128763914108276,0.576511025428772,-0.0575101263821125,0.5551378130912781,0.2915939390659332,0.5888859629631042,0.09528641402721405,0.005046711768954992,0.288826048374176,0.594112753868103,-0.0756949633359909,0.9999584555625916,0.30167868733406067,0.595566987991333,0.07557547092437744,0.9999469518661499,0.2819048762321472,0.744031548500061,-0.12829765677452087,0.891968846321106,0.27584972977638245,0.7384581565856934,0.017039518803358078,0.24931037425994873,0.34784623980522156,0.849405825138092,-0.0874759778380394,0.7966087460517883,0.27503812313079834,0.8759583234786987,0.02721920982003212,0.4677004814147949,0.3337422013282776,0.9074050784111023,-0.12768462300300598,0.7615750432014465,0.2459172010421753,0.897749662399292,-0.011030968278646469,0.5593547821044922
123,4.1,0.2462908923625946,0.3785788118839264,0.03298278525471687,0.9998685717582703,0.2685445547103882,0.409484326839447,-0.08025948703289032,0.9999860525131226,0.29370632767677307,0.4172801971435547,0.15196183323860168,0.9997885823249817,0.27282461524009705,0.5092318058013916,-0.10328646004199982,0.9172177910804749,0.3126218914985657,0.5220668911933899,0.15958914160728455,0.017084531486034393,0.2510654330253601,0.576741099357605,-0.05896243453025818,0.5429276823997498,0.2909301221370697,0.589149534702301,0.094277523458004,0.005121905822306871,0.28838932514190674,0.5936158299446106,-0.0743999034166336,0.9999598264694214,0.30162107944488525,0.5955343246459961,0.07428007572889328,0.9999489188194275,0.2809400260448456,0.7439712285995483,-0.1269848793745041,0.8877952098846436,0.27569344639778137,0.7380021810531616,0.017355117946863174,0.2432766705751419,0.3475967049598694,0.84947270154953,-0.08576982468366623,0.7884957194328308,0.27501705288887024,0.8750339150428772,0.028210047632455826,0.4584716558456421,0.33360639214515686,0.9074957370758057,-0.12444557994604111,0.7519487738609314,0.24610300362110138,0.898554801940918,-0.008527763187885284,0.5492089986801147
124,4.133333333333334,0.24629679322242737,0.37833285331726074,0.03226139396429062,0.9998605847358704,0.26831063628196716,0.40868255496025085,-0.08090860396623611,0.9999858140945435,0.2935620844364166,0.41702812910079956,0.15160353481769562,0.9997820258140564,0.27285465598106384,0.5085880756378174,-0.10598595440387726,0.9107038974761963,0.31267186999320984,0.522426187992096,0.1586994081735611,0.01555292122066021,0.25104063749313354,0.5767658948898315,-0.06402081996202469,0.5303952097892761,0.29047757387161255,0.5891106724739075,0.09267957508563995,0.005126722622662783,0.28806227445602417,0.5934450626373291,-0.07426831871271133,0.9999609589576721,0.30158743262290955,0.5955318212509155,0.07415102422237396,0.9999504685401917,0.28056129813194275,0.7439068555831909,-0.12686210870742798,0.8862220644950867,0.27556782960891724,0.7379559278488159,0.01815139129757881,0.24075168371200562,0.3474273681640625,0.8496004939079285,-0.08638451248407364,0.7841228246688843,0.2745979428291321,0.8750259280204773,0.028720030561089516,0.45533454418182373,0.3329083323478699,0.9074951410293579,-0.12586426734924316,0.7462190985679626,0.2458922415971756,0.8985196352005005,-0.008336332626640797,0.5451300144195557
125,4.166666666666667,0.24668005108833313,0.37832844257354736,0.04233865812420845,0.9998605847358704,0.26825669407844543,0.40902990102767944,-0.06973777711391449,0.9999859929084778,0.29324841499328613,0.41738903522491455,0.1584605723619461,0.9997797608375549,0.27296024560928345,0.5080268979072571,-0.0976993590593338,0.9069926738739014,0.31211814284324646,0.5234875679016113,0.1655239760875702,0.014245785772800446,0.2510766386985779,0.5768101811408997,-0.05961371213197708,0.5262343287467957,0.2886304259300232,0.5890751481056213,0.10125204175710678,0.005300668999552727,0.2874124348163605,0.5930659770965576,-0.07389695942401886,0.999962329864502,0.3011167049407959,0.5955988764762878,0.07378338277339935,0.9999523162841797,0.28041699528694153,0.7442865967750549,-0.12594686448574066,0.8876283764839172,0.2739519774913788,0.7385432124137878,0.017275504767894745,0.24223123490810394,0.3464294672012329,0.8500000834465027,-0.08677294850349426,0.7829762697219849,0.2743087410926819,0.8751433491706848,0.022212790325284004,0.45577800273895264,0.33155813813209534,0.906493604183197,-0.12651385366916656,0.7438610792160034,0.24502357840538025,0.8984887003898621,-0.015120400115847588,0.5448176860809326
126,4.2,0.24696585536003113,0.3783077299594879,0.040257178246974945,0.9998546242713928,0.26828256249427795,0.40925484895706177,-0.07192955166101456,0.9999857544898987,0.2929285764694214,0.4174859821796417,0.1566256582736969,0.9997739791870117,0.2729654014110565,0.5082133412361145,-0.09720130264759064,0.8997514843940735,0.31160837411880493,0.5239484906196594,0.16364522278308868,0.013019448146224022,0.25101524591445923,0.5769060254096985,-0.052458055317401886,0.5117878913879395,0.2866268754005432,0.5877031683921814,0.09985627233982086,0.005352646112442017,0.28713327646255493,0.5928711295127869,-0.07377137988805771,0.9999637007713318,0.30050575733184814,0.5957294702529907,0.07365923374891281,0.9999542832374573,0.2799989581108093,0.7445356845855713,-0.1247604489326477,0.8879448175430298,0.27243462204933167,0.7385600805282593,0.01597653329372406,0.2435176968574524,0.3452998995780945,0.849622368812561,-0.08605729043483734,0.781525731086731,0.27420902252197266,0.8743814826011658,0.014498822391033173,0.45785316824913025,0.33100584149360657,0.9063699245452881,-0.12289329618215561,0.7411006689071655,0.24503755569458008,0.8984461426734924,-0.022310344502329826,0.5454460382461548
127,4.233333333333333,0.2471439391374588,0.3783128559589386,0.038704268634319305,0.999845027923584,0.26830726861953735,0.4093247652053833,-0.07203521579504013,0.99998539686203,0.2927008271217346,0.41757503151893616,0.15566326677799225,0.9997690320014954,0.27295583486557007,0.508341908454895,-0.0992191880941391,0.8955581188201904,0.31132352352142334,0.5245169997215271,0.1629929393529892,0.012016769498586655,0.25091710686683655,0.5771157145500183,-0.052756816148757935,0.4947088658809662,0.2861882448196411,0.5877111554145813,0.09988482296466827,0.005276328884065151,0.2869078516960144,0.5928099751472473,-0.0741666853427887,0.9999647736549377,0.2998563051223755,0.5960279107093811,0.07405619323253632,0.9999558925628662,0.2802007496356964,0.7447720766067505,-0.12427683919668198,0.8896871209144592,0.27122706174850464,0.7386873960494995,0.019900429993867874,0.2459404468536377,0.34464389085769653,0.8495023250579834,-0.08370447903871536,0.7838400602340698,0.27407851815223694,0.8741178512573242,0.019616464152932167,0.46272966265678406,0.3306971490383148,0.9063736200332642,-0.11987843364477158,0.7418989539146423,0.24498887360095978,0.8984567523002625,-0.017193175852298737,0.5481141805648804
128,4.266666666666667,0.2471577674150467,0.37858572602272034,0.03979263827204704,0.9998425245285034,0.26832202076911926,0.40929168462753296,-0.07483090460300446,0.9999852776527405,0.29267770051956177,0.4177743196487427,0.15604262053966522,0.999771773815155,0.27294260263442993,0.5084232687950134,-0.10478458553552628,0.9002882838249207,0.3115119934082031,0.5250566601753235,0.1624268889427185,0.012790168635547161,0.2508726119995117,0.5773553848266602,-0.056930750608444214,0.4899705648422241,0.2859615683555603,0.5880698561668396,0.09998033940792084,0.005189525429159403,0.28665226697921753,0.5927881598472595,-0.07607432454824448,0.9999654293060303,0.2994746267795563,0.5965002179145813,0.07595954835414886,0.9999568462371826,0.28041180968284607,0.7452280521392822,-0.12432412803173065,0.8965574502944946,0.2708023190498352,0.7393443584442139,0.026289889588952065,0.2642076313495636,0.3442927300930023,0.8494332432746887,-0.08394744247198105,0.7973030209541321,0.2738177180290222,0.8741236329078674,0.0341893769800663,0.4857963025569916,0.33027738332748413,0.9065053462982178,-0.1198282390832901,0.7562106847763062,0.24448473751544952,0.8984915614128113,-0.0004967496497556567,0.56673264503479
129,4.3,0.24725595116615295,0.37677815556526184,0.06286434829235077,0.9998443722724915,0.2673000395298004,0.4103933572769165,-0.059949517250061035,0.9999853372573853,0.2904008626937866,0.4178864061832428,0.15914101898670197,0.9997817873954773,0.27250155806541443,0.5085099339485168,-0.07740674912929535,0.904077410697937,0.309436172246933,0.5242695808410645,0.16150110960006714,0.02049720659852028,0.25041911005973816,0.5769352912902832,-0.01993091031908989,0.47280630469322205,0.28190091252326965,0.5821479558944702,0.09968803822994232,0.0051167188212275505,0.2864907383918762,0.5929681062698364,-0.07557320594787598,0.999965488910675,0.29839879274368286,0.596498429775238,0.07544048875570297,0.9999573230743408,0.2806430459022522,0.7453832030296326,-0.11958609521389008,0.9028690457344055,0.2691228985786438,0.7393315434455872,0.023326601833105087,0.28950589895248413,0.3438984751701355,0.8494139909744263,-0.08433908969163895,0.8089140057563782,0.2732180953025818,0.8741234540939331,0.011494288221001625,0.512885332107544,0.3291779160499573,0.9065115451812744,-0.11669490486383438,0.7680423855781555,0.2437141388654709,0.8984854221343994,-0.01987275667488575,0.5872230529785156
130,4.333333333333333,0.24725386500358582,0.3760691285133362,0.05476878955960274,0.9998413324356079,0.2671251595020294,0.4107644259929657,-0.0648854672908783,0.9999852776527405,0.2897183895111084,0.4179401397705078,0.1642647087574005,0.9997779130935669,0.27208176255226135,0.5085594058036804,-0.08650250732898712,0.9032849073410034,0.30836406350135803,0.5240486264228821,0.16675016283988953,0.01926773227751255,0.25014710426330566,0.5770066976547241,-0.03389512002468109,0.4653158187866211,0.2829286456108093,0.5827961564064026,0.10222581773996353,0.005145039409399033,0.28640037775039673,0.5930743217468262,-0.07565002143383026,0.9999660849571228,0.2981487512588501,0.5965050458908081,0.07552031427621841,0.9999581575393677,0.28068777918815613,0.7455427646636963,-0.12203067541122437,0.9077332019805908,0.2681843638420105,0.7393214106559753,0.02050621435046196,0.30671802163124084,0.3436565697193146,0.8492833375930786,-0.08834545314311981,0.8173094391822815,0.2725200653076172,0.874027669429779,0.011548325419425964,0.5328439474105835,0.32889387011528015,0.9065409898757935,-0.1242322102189064,0.7760089635848999,0.24296966195106506,0.8984795212745667,-0.024101611226797104,0.6028655767440796
131,4.366666666666666,0.24721655249595642,0.3759347200393677,0.05160536617040634,0.9998447299003601,0.2671094536781311,0.41093191504478455,-0.06733159720897675,0.9999854564666748,0.2895723879337311,0.4179579019546509,0.1633169949054718,0.9997819066047668,0.2714901864528656,0.5095300674438477,-0.0888134017586708,0.9091682434082031,0.3084236979484558,0.5240017771720886,0.16318540275096893,0.021157624199986458,0.24972128868103027,0.5777133107185364,-0.03876810893416405,0.46926823258399963,0.28337520360946655,0.5838432908058167,0.09983818233013153,0.0050555747002363205,0.2862679362297058,0.5931100845336914,-0.07584317773580551,0.9999666810035706,0.298054575920105,0.596509575843811,0.07571998983621597,0.9999587535858154,0.28090137243270874,0.7456861734390259,-0.12208898365497589,0.9139083623886108,0.26777538657188416,0.7393373847007751,0.020556965842843056,0.32916149497032166,0.3434954583644867,0.8491857051849365,-0.08773043751716614,0.8292434215545654,0.2721748948097229,0.8739602565765381,0.013275804929435253,0.5563567280769348,0.32873937487602234,0.9065679907798767,-0.12242120504379272,0.7892466187477112,0.2426355630159378,0.8984836935997009,-0.02286725863814354,0.622170090675354
132,4.4,0.24677272140979767,0.37597909569740295,0.04408987611532211,0.9998484253883362,0.26710033416748047,0.41095301508903503,-0.07686759531497955,0.9999856352806091,0.28931862115859985,0.4179439842700958,0.15580734610557556,0.9997872710227966,0.2711702287197113,0.5098859667778015,-0.09730635583400726,0.9157611727714539,0.30852246284484863,0.5239821672439575,0.15636992454528809,0.0257885605096817,0.2491738498210907,0.5777496099472046,-0.045230764895677567,0.4778391420841217,0.2833326458930969,0.5844104886054993,0.09384903311729431,0.004938910715281963,0.28620943427085876,0.5931147933006287,-0.07639077305793762,0.9999669194221497,0.29778915643692017,0.5964295268058777,0.07627420127391815,0.999958872795105,0.2810218632221222,0.7456668615341187,-0.12194086611270905,0.9196364879608154,0.2671772539615631,0.7392487525939941,0.024005228653550148,0.346513956785202,0.3433608412742615,0.8490341901779175,-0.0843951627612114,0.8403451442718506,0.2721283435821533,0.8738194704055786,0.016871051862835884,0.5760564208030701,0.3284112811088562,0.9067040085792542,-0.1156967282295227,0.8018196225166321,0.2426036149263382,0.8984780311584473,-0.017962655052542686,0.6384801864624023
133,4.433333333333334,0.24633005261421204,0.3761079013347626,0.03876272961497307,0.9998496174812317,0.2670471668243408,0.41097021102905273,-0.08346323668956757,0.9999856948852539,0.2892911434173584,0.4179058074951172,0.15277740359306335,0.9997915625572205,0.27090078592300415,0.510210394859314,-0.1031312495470047,0.9209324717521667,0.3086802661418915,0.5239666700363159,0.1548975259065628,0.028112154453992844,0.24883778393268585,0.5777727365493774,-0.04760856553912163,0.4810567796230316,0.2835957705974579,0.5854032039642334,0.09192676842212677,0.0048412601463496685,0.2859894633293152,0.5931031107902527,-0.0773019939661026,0.999967098236084,0.29761379957199097,0.5963427424430847,0.07718769460916519,0.9999590516090393,0.2811235785484314,0.7455959916114807,-0.12236078828573227,0.9241660833358765,0.2668645679950714,0.7391771078109741,0.02959730662405491,0.3567005395889282,0.34312528371810913,0.8488466143608093,-0.08345086127519608,0.8490085005760193,0.27207881212234497,0.8735506534576416,0.029569387435913086,0.5900357961654663,0.328355073928833,0.9067125916481018,-0.11499782651662827,0.8111627697944641,0.2426343858242035,0.8984724879264832,-0.004760881420224905,0.6495881676673889
134,4.466666666666667,0.24627873301506042,0.3758707344532013,0.037343986332416534,0.9998107552528381,0.2666836380958557,0.4112192690372467,-0.08228996396064758,0.999983549118042,0.28787460923194885,0.417913019657135,0.15498767793178558,0.9997633695602417,0.26995211839675903,0.510852575302124,-0.10283460468053818,0.90561443567276,0.3059658408164978,0.5235212445259094,0.16048406064510345,0.025642842054367065,0.24869351089000702,0.5777709484100342,-0.04221296310424805,0.45184484124183655,0.28234225511550903,0.5840297937393188,0.09378744661808014,0.004808600526303053,0.28569936752319336,0.5933781862258911,-0.07760068029165268,0.9999658465385437,0.29677054286003113,0.5962791442871094,0.07748302817344666,0.9999582767486572,0.2790992856025696,0.7449166178703308,-0.12599675357341766,0.9196428656578064,0.2656167149543762,0.7371246218681335,0.031984973698854446,0.34622859954833984,0.33987969160079956,0.8482854962348938,-0.08448584377765656,0.8391939997673035,0.2720293402671814,0.8734011054039001,0.030782515183091164,0.5828685164451599,0.3256530165672302,0.9067643880844116,-0.11626292765140533,0.7965114116668701,0.2426569163799286,0.8983541131019592,-0.0024102958850562572,0.6387515068054199
135,4.5,0.24594072997570038,0.37592238187789917,0.03138720244169235,0.9997972846031189,0.26661357283592224,0.4111519753932953,-0.08686308562755585,0.9999822974205017,0.2876106798648834,0.41789814829826355,0.14921784400939941,0.9997528791427612,0.26928240060806274,0.5116148591041565,-0.10725350677967072,0.9083677530288696,0.30615583062171936,0.5233611464500427,0.15283964574337006,0.025531915947794914,0.24829380214214325,0.5780333876609802,-0.0472363606095314,0.4409339129924774,0.2798241674900055,0.5807863473892212,0.08860255032777786,0.004743007943034172,0.28530097007751465,0.5936225056648254,-0.07772531360387802,0.9999651312828064,0.2964071035385132,0.5962581634521484,0.07760787010192871,0.9999575614929199,0.2778562903404236,0.7445618510246277,-0.12579435110092163,0.9233548045158386,0.2650156021118164,0.7362244725227356,0.03628365322947502,0.3534145653247833,0.3386209309101105,0.847590446472168,-0.08327120542526245,0.8467696309089661,0.2719637453556061,0.8731577396392822,0.03929967060685158,0.5953031182289124,0.324575275182724,0.906724214553833,-0.11320126056671143,0.8040140867233276,0.2426731288433075,0.8983198404312134,0.007881887257099152,0.6469045281410217
136,4.533333333333333,0.24572500586509705,0.37611040472984314,0.031046316027641296,0.9997711777687073,0.2664673924446106,0.4108140170574188,-0.08780274540185928,0.9999812841415405,0.2876238226890564,0.41785016655921936,0.1483161896467209,0.9997281432151794,0.26917141675949097,0.5113418698310852,-0.11137837171554565,0.9008293151855469,0.3057558834552765,0.5233639478683472,0.15338951349258423,0.02321735769510269,0.2480132132768631,0.5792531967163086,-0.05837318301200867,0.4343973994255066,0.2804507315158844,0.5839186310768127,0.08938273042440414,0.004939442966133356,0.28490376472473145,0.5936948657035828,-0.07764609158039093,0.9999648332595825,0.29635298252105713,0.5962294340133667,0.07752739638090134,0.9999573230743408,0.2769702672958374,0.7444247007369995,-0.12567073106765747,0.9225820302963257,0.2647262513637543,0.7359386682510376,0.037052154541015625,0.34503430128097534,0.3381611108779907,0.8471406102180481,-0.08279210329055786,0.8443257212638855,0.2719725966453552,0.8731348514556885,0.04869859293103218,0.5894775390625,0.3251444697380066,0.906728208065033,-0.11447562277317047,0.7982388138771057,0.24265965819358826,0.8982676863670349,0.017443979158997536,0.6390705704689026
137,4.566666666666666,0.24538561701774597,0.3754039704799652,0.035607896745204926,0.9997548460960388,0.26534503698349,0.4108137786388397,-0.082779660820961,0.9999807476997375,0.28692305088043213,0.4178568124771118,0.14899171888828278,0.9997088313102722,0.26876765489578247,0.5115858912467957,-0.108054019510746,0.8880534768104553,0.3045673668384552,0.5233475565910339,0.15639357268810272,0.02109837904572487,0.24801668524742126,0.5828173160552979,-0.05639813095331192,0.41905343532562256,0.2791913151741028,0.5825067162513733,0.09737361967563629,0.0049696327187120914,0.2836616039276123,0.5936036109924316,-0.07509483397006989,0.9999642968177795,0.29612594842910767,0.5959329605102539,0.07496338337659836,0.9999566674232483,0.2762600779533386,0.7442442774772644,-0.12487351894378662,0.9150669574737549,0.2643350064754486,0.7358189225196838,0.034983281046152115,0.3300949037075043,0.3367389440536499,0.8478925824165344,-0.0819653570652008,0.8291869163513184,0.2716430127620697,0.8732262253761292,0.04488488286733627,0.5696874856948853,0.32503777742385864,0.905143678188324,-0.11520727723836899,0.7779118418693542,0.24283747375011444,0.8981277346611023,0.011849144473671913,0.6168869733810425
138,4.6,0.24493134021759033,0.3754226565361023,0.03351370617747307,0.9997200965881348,0.2647547125816345,0.41039374470710754,-0.08285151422023773,0.9999788999557495,0.28651729226112366,0.41779008507728577,0.14939752221107483,0.9996799230575562,0.2684531807899475,0.5113771557807922,-0.10741280019283295,0.8737754225730896,0.30338579416275024,0.5233479738235474,0.15879814326763153,0.019186753779649734,0.24794891476631165,0.5826189517974854,-0.05566323921084404,0.3983291983604431,0.2786419987678528,0.5817438364028931,0.09717418253421783,0.004992634057998657,0.2832338213920593,0.5935646891593933,-0.07514670491218567,0.9999634623527527,0.2957301735877991,0.5959115028381348,0.07501669228076935,0.999955952167511,0.2761933207511902,0.7440215349197388,-0.12589049339294434,0.9120523929595947,0.2640576958656311,0.7357157468795776,0.03545903414487839,0.3214668929576874,0.3363676965236664,0.8484324812889099,-0.0821719616651535,0.8236836194992065,0.27165210247039795,0.8732659220695496,0.04731953516602516,0.5623077750205994,0.32452628016471863,0.9037925601005554,-0.11927706003189087,0.768094003200531,0.24317383766174316,0.897818922996521,0.012513460591435432,0.6066648960113525
139,4.633333333333334,0.2440422773361206,0.3754418194293976,0.03384742885828018,0.9996852278709412,0.2644979655742645,0.40996628999710083,-0.08329468965530396,0.9999778270721436,0.2861914336681366,0.41770440340042114,0.15296027064323425,0.9996518492698669,0.2683214545249939,0.5096959471702576,-0.11010558903217316,0.8678703904151917,0.30231529474258423,0.5233345627784729,0.16221532225608826,0.017493268474936485,0.24792209267616272,0.5825247764587402,-0.061753202229738235,0.391772985458374,0.2789843678474426,0.5818594098091125,0.09746480733156204,0.005088448990136385,0.2831113636493683,0.5936374068260193,-0.07573724538087845,0.9999631643295288,0.29558998346328735,0.5959179997444153,0.07560555636882782,0.9999555349349976,0.27639806270599365,0.7439978718757629,-0.12847450375556946,0.913974404335022,0.26402050256729126,0.7356420755386353,0.04029763117432594,0.32183465361595154,0.3366110622882843,0.8487393856048584,-0.08782704919576645,0.8276746273040771,0.27173951268196106,0.8732602596282959,0.05319948121905327,0.5683444142341614,0.3240687847137451,0.9031100869178772,-0.12873077392578125,0.7707635760307312,0.24360866844654083,0.897031307220459,0.01803593896329403,0.6099284887313843
140,4.666666666666667,0.2432994842529297,0.3756765127182007,0.036621905863285065,0.9996355772018433,0.26439544558525085,0.40973302721977234,-0.08295486867427826,0.9999765157699585,0.2861085534095764,0.41765913367271423,0.15466588735580444,0.9996257424354553,0.26828691363334656,0.5084853768348694,-0.10926197469234467,0.8560569286346436,0.3018362522125244,0.523324728012085,0.16234806180000305,0.015933245420455933,0.24784138798713684,0.5824031233787537,-0.05991242453455925,0.37793123722076416,0.279159277677536,0.5824073553085327,0.09726278483867645,0.0050834715366363525,0.2830412983894348,0.5936837196350098,-0.0758403018116951,0.9999630451202393,0.2955778241157532,0.595926821231842,0.07570533454418182,0.9999554753303528,0.2765268087387085,0.7439948320388794,-0.1296892911195755,0.9139885306358337,0.2640154957771301,0.7354961633682251,0.03976068273186684,0.3179238736629486,0.3368241786956787,0.8487745523452759,-0.09475065767765045,0.8293918967247009,0.2719002366065979,0.8730915784835815,0.04864946007728577,0.5703522562980652,0.3240051567554474,0.9028562903404236,-0.13621360063552856,0.7710220217704773,0.24447551369667053,0.8965155482292175,0.01349224615842104,0.6097545623779297
141,4.7,0.2427060306072235,0.37570062279701233,0.020160119980573654,0.9995952248573303,0.26395145058631897,0.40809884667396545,-0.10008169710636139,0.999975860118866,0.2858836054801941,0.41623449325561523,0.1502988636493683,0.9995989203453064,0.26832300424575806,0.5051224231719971,-0.13159751892089844,0.8577476739883423,0.30063295364379883,0.523277759552002,0.16227099299430847,0.014542895369231701,0.24769115447998047,0.5822724103927612,-0.09058032184839249,0.3853582441806793,0.27662354707717896,0.582520604133606,0.09358803927898407,0.005204243119806051,0.28248101472854614,0.5936095714569092,-0.07665815204381943,0.9999616742134094,0.2951473891735077,0.5951392650604248,0.07652914524078369,0.9999532699584961,0.2721293270587921,0.7436826229095459,-0.12451966106891632,0.905005156993866,0.2644001841545105,0.7346696853637695,0.046372268348932266,0.3016590476036072,0.33313292264938354,0.847851574420929,-0.06298284977674484,0.8130114078521729,0.2733513116836548,0.872713565826416,0.07484512776136398,0.5467475652694702,0.3231782019138336,0.8983326554298401,-0.09684770554304123,0.7515994310379028,0.24639907479286194,0.8960720300674438,0.0421941764652729,0.5858991742134094
142,4.733333333333333,0.2422674149274826,0.37594085931777954,0.014396769925951958,0.9995556473731995,0.2638971209526062,0.4071606993675232,-0.10365410149097443,0.9999751448631287,0.28585246205329895,0.41539624333381653,0.14625824987888336,0.9995667934417725,0.2683517336845398,0.5042446851730347,-0.1356135904788971,0.861329972743988,0.2989712655544281,0.5231984257698059,0.16003355383872986,0.013286828994750977,0.2475961446762085,0.5826051235198975,-0.0962781310081482,0.39986875653266907,0.2756093144416809,0.5835752487182617,0.09143469482660294,0.005299560725688934,0.28220173716545105,0.5936065316200256,-0.07704479247331619,0.9999602437019348,0.2950146198272705,0.5949591994285583,0.076919786632061,0.9999507069587708,0.2776844799518585,0.7525149583816528,-0.12270089238882065,0.898552656173706,0.26471441984176636,0.7345267534255981,0.04858412221074104,0.28743308782577515,0.3311440348625183,0.8468535542488098,-0.0617537796497345,0.8025291562080383,0.2742968201637268,0.872693657875061,0.0760735273361206,0.5276445746421814,0.3222038447856903,0.8978042602539062,-0.0953993871808052,0.7388523817062378,0.24780602753162384,0.8959655165672302,0.04381367191672325,0.5670112371444702
143,4.766666666666667,0.2419263869524002,0.37606608867645264,0.010098409838974476,0.9995113611221313,0.26393797993659973,0.40684759616851807,-0.10448282957077026,0.999973475933075,0.2857545018196106,0.41444775462150574,0.1408137083053589,0.999538004398346,0.2683633863925934,0.504228949546814,-0.13338114321231842,0.8613879680633545,0.2985823154449463,0.5225773453712463,0.15375863015651703,0.012147098779678345,0.2470782995223999,0.5820989608764648,-0.09110426902770996,0.40158772468566895,0.2737511992454529,0.5821688771247864,0.0864998996257782,0.0053047663532197475,0.2821604311466217,0.5937418341636658,-0.07709895074367523,0.9999585151672363,0.2948777675628662,0.5949472784996033,0.07697708904743195,0.9999483227729797,0.28077957034111023,0.7542620301246643,-0.11901877820491791,0.8927194476127625,0.2649281919002533,0.734535276889801,0.04987058416008949,0.273994117975235,0.33055585622787476,0.8467848896980286,-0.05871809646487236,0.794033408164978,0.27452248334884644,0.8727390766143799,0.0718710720539093,0.5109468102455139,0.31639641523361206,0.8981130719184875,-0.09117752313613892,0.7281801104545593,0.24833735823631287,0.8956987857818604,0.03929674252867699,0.5509046316146851
144,4.8,0.24179773032665253,0.3760768175125122,0.011658972129225731,0.9995270371437073,0.26393526792526245,0.4068358838558197,-0.10313018411397934,0.999973475933075,0.28570613265037537,0.4141543209552765,0.1380840241909027,0.9995557069778442,0.26838570833206177,0.5050278306007385,-0.12799397110939026,0.8721155524253845,0.29906409978866577,0.5225569605827332,0.14680342376232147,0.015850016847252846,0.24677774310112,0.5815962553024292,-0.08418696373701096,0.41070982813835144,0.2743595838546753,0.5818246603012085,0.08177030086517334,0.0051913694478571415,0.28211382031440735,0.5937227010726929,-0.07746472954750061,0.9999580383300781,0.2948421835899353,0.5949251651763916,0.07734973728656769,0.9999474287033081,0.28445032238960266,0.7538718581199646,-0.11748143285512924,0.8984765410423279,0.265462726354599,0.7344926595687866,0.04880266636610031,0.2816959023475647,0.3311605453491211,0.8475598096847534,-0.061309564858675,0.8065075278282166,0.27470067143440247,0.8727979063987732,0.06605859100818634,0.5245393514633179,0.31510236859321594,0.8983944654464722,-0.09226961433887482,0.7435169816017151,0.24856093525886536,0.8951120376586914,0.03265499323606491,0.563899040222168
145,4.833333333333333,0.24163861572742462,0.37609604001045227,0.011532745324075222,0.9995360970497131,0.26394665241241455,0.40687841176986694,-0.10213974863290787,0.9999730587005615,0.285554438829422,0.41401785612106323,0.1357278972864151,0.9995687007904053,0.26846569776535034,0.5060759782791138,-0.1258198320865631,0.8815661668777466,0.29942065477371216,0.522468626499176,0.1430635005235672,0.01923416368663311,0.24658933281898499,0.5810569524765015,-0.07900413870811462,0.41704073548316956,0.2746960520744324,0.5810152292251587,0.0796225517988205,0.005065576639026403,0.28211522102355957,0.5936877131462097,-0.07749975472688675,0.9999570846557617,0.2948280870914459,0.594864547252655,0.07738641649484634,0.9999459385871887,0.28546926379203796,0.7535078525543213,-0.11809553951025009,0.9029305577278137,0.2657250761985779,0.7344709634780884,0.04744163900613785,0.2849924862384796,0.3314872086048126,0.8479843735694885,-0.06502728909254074,0.8162686228752136,0.27481526136398315,0.8728117942810059,0.06369147449731827,0.5323571562767029,0.31647172570228577,0.8984485864639282,-0.09656643122434616,0.7554395198822021,0.24876928329467773,0.8947585821151733,0.030129065737128258,0.5714508891105652
146,4.866666666666666,0.24164363741874695,0.3755640387535095,0.011884004808962345,0.9994821548461914,0.2627255320549011,0.4068876802921295,-0.10849064588546753,0.9999716281890869,0.2836996614933014,0.4139740467071533,0.13566376268863678,0.9995489120483398,0.26761725544929504,0.5079159736633301,-0.14088699221611023,0.8905547261238098,0.3000691533088684,0.523799479007721,0.1427268385887146,0.022543970495462418,0.2457623928785324,0.5828851461410522,-0.10162888467311859,0.42269039154052734,0.27198824286460876,0.5810607671737671,0.08016610890626907,0.004852845799177885,0.280423641204834,0.5949592590332031,-0.07753703743219376,0.9999569058418274,0.29284584522247314,0.5948155522346497,0.07742375880479813,0.999944806098938,0.2703128159046173,0.7521075010299683,-0.11345100402832031,0.9093486666679382,0.2657354772090912,0.7344757914543152,0.057046182453632355,0.3026968836784363,0.32945236563682556,0.847974419593811,-0.04218883812427521,0.8293524980545044,0.27954956889152527,0.8706369400024414,0.09563229978084564,0.5512900948524475,0.31724488735198975,0.8986814618110657,-0.06562666594982147,0.7711969614028931,0.25644323229789734,0.8951196670532227,0.06885282695293427,0.5857595205307007
147,4.9,0.24147668480873108,0.3752312660217285,0.009878348559141159,0.9994226098060608,0.2616257965564728,0.40697982907295227,-0.10925883054733276,0.9999682903289795,0.2833309769630432,0.41396564245224,0.13414213061332703,0.999541163444519,0.2671548128128052,0.509649932384491,-0.13675367832183838,0.8955796957015991,0.30198630690574646,0.525236189365387,0.14232556521892548,0.025551797822117805,0.2448347806930542,0.582682728767395,-0.09127776324748993,0.4081094563007355,0.27083849906921387,0.5809993147850037,0.07922494411468506,0.00473690265789628,0.27940672636032104,0.5949607491493225,-0.0775359719991684,0.9999552965164185,0.2918063998222351,0.594313383102417,0.07742264866828918,0.9999433159828186,0.2678236663341522,0.7484130263328552,-0.10632295906543732,0.9111090302467346,0.26573604345321655,0.7339699864387512,0.054234184324741364,0.3128041923046112,0.3268643021583557,0.8468698859214783,-0.02743353322148323,0.8347285985946655,0.281516969203949,0.869088888168335,0.09248803555965424,0.5595306158065796,0.3165495991706848,0.896730363368988,-0.048588164150714874,0.7759113311767578,0.25969570875167847,0.8951429724693298,0.06577359139919281,0.5890939235687256
148,4.933333333333334,0.24086305499076843,0.3751836121082306,0.009304283186793327,0.9994039535522461,0.2611181139945984,0.40663617849349976,-0.10824166238307953,0.9999674558639526,0.2829989790916443,0.41392436623573303,0.1326540857553482,0.9995371103286743,0.2672173082828522,0.5095925331115723,-0.13473336398601532,0.9031863808631897,0.30023685097694397,0.5252824425697327,0.14322823286056519,0.029034236446022987,0.24490122497081757,0.5829766392707825,-0.09136581420898438,0.41303500533103943,0.27141088247299194,0.5830053687095642,0.07961927354335785,0.004596837796270847,0.27903565764427185,0.5946992635726929,-0.07717327773571014,0.9999547600746155,0.2914277911186218,0.5938568711280823,0.07706373929977417,0.9999421834945679,0.26625409722328186,0.7481123208999634,-0.10165347903966904,0.9122388958930969,0.26572027802467346,0.7339991927146912,0.05326863005757332,0.31248483061790466,0.3263910710811615,0.8468859195709229,-0.02333482727408409,0.837909460067749,0.29202717542648315,0.8682135939598083,0.09686369448900223,0.5484314560890198,0.3170033097267151,0.8969634771347046,-0.041843678802251816,0.779254138469696,0.2717656195163727,0.8948908448219299,0.07500399649143219,0.5768474340438843
149,4.966666666666667,0.23963972926139832,0.37404268980026245,0.010942904278635979,0.9992966651916504,0.2599524259567261,0.40634647011756897,-0.10783370584249496,0.999965250492096,0.2807685136795044,0.4136412739753723,0.1356990486383438,0.9994778037071228,0.26646876335144043,0.5076113343238831,-0.14000801742076874,0.9028735160827637,0.2940608859062195,0.524415910243988,0.1492379605770111,0.026713408529758453,0.24429097771644592,0.5825124382972717,-0.10389123857021332,0.4113859534263611,0.2699940800666809,0.5828545689582825,0.0832267478108406,0.004534594714641571,0.27845299243927,0.5944408178329468,-0.07719743251800537,0.9999533891677856,0.29100343585014343,0.5925956964492798,0.0770869180560112,0.9999397993087769,0.26366475224494934,0.7467760443687439,-0.10532636940479279,0.9059709310531616,0.2657913565635681,0.7322704792022705,0.054440390318632126,0.299426406621933,0.3237229883670807,0.8468769788742065,-0.028603708371520042,0.8291839361190796,0.2912481427192688,0.8600119948387146,0.11006705462932587,0.523651659488678,0.3158194124698639,0.8970856666564941,-0.05191180855035782,0.7671111822128296,0.2733500897884369,0.8923184871673584,0.08877716958522797,0.5511500835418701
150,5.0,0.23869243264198303,0.37404492497444153,0.008155623450875282,0.9991366863250732,0.2594364881515503,0.40582334995269775,-0.11146765947341919,0.9999634027481079,0.2801639437675476,0.41319990158081055,0.13533252477645874,0.9994118809700012,0.2662905156612396,0.5068209171295166,-0.14508286118507385,0.8981496095657349,0.29376786947250366,0.5241520404815674,0.1493680477142334,0.02425108104944229,0.24422530829906464,0.5826617479324341,-0.11253805458545685,0.4127967655658722,0.2704384922981262,0.5837567448616028,0.08356642723083496,0.004608761984854937,0.27778124809265137,0.5942720770835876,-0.0768582746386528,0.9999522566795349,0.2907000184059143,0.5919546484947205,0.07674399018287659,0.9999377727508545,0.2640490233898163,0.7465959191322327,-0.1035393700003624,0.8916219472885132,0.2657965123653412,0.731691837310791,0.055972278118133545,0.28164225816726685,0.3231560289859772,0.8469014763832092,-0.02147531881928444,0.8086205124855042,0.29489436745643616,0.854526698589325,0.11769849061965942,0.4911108613014221,0.31620678305625916,0.897150993347168,-0.04589712619781494,0.7424390316009521,0.2811201214790344,0.9035838842391968,0.0961049348115921,0.5180220007896423
151,5.033333333333333,0.2379593402147293,0.374188095331192,0.0022302966099232435,0.9988659024238586,0.25930505990982056,0.4053993225097656,-0.11771868169307709,0.9999599456787109,0.28006231784820557,0.4130650460720062,0.13293831050395966,0.9993287324905396,0.2663404941558838,0.5066788792610168,-0.15280471742153168,0.8918482661247253,0.2937033474445343,0.5241342186927795,0.14921224117279053,0.0219867043197155,0.2442043125629425,0.5828734636306763,-0.12113478034734726,0.4069373309612274,0.270307332277298,0.5844024419784546,0.08372537791728973,0.004550750833004713,0.2774783968925476,0.5939688086509705,-0.07691563665866852,0.9999498724937439,0.2906644642353058,0.5915167331695557,0.07680172473192215,0.9999344944953918,0.2637622654438019,0.7464793920516968,-0.09982925653457642,0.8707245588302612,0.2657288610935211,0.7314918637275696,0.0588410384953022,0.2619851231575012,0.32291653752326965,0.847000777721405,-0.018929291516542435,0.7830883860588074,0.29707688093185425,0.8540039658546448,0.1166168600320816,0.4572732150554657,0.31549736857414246,0.8974201679229736,-0.04485837742686272,0.7137311100959778,0.28543350100517273,0.9090088605880737,0.09256239980459213,0.48384979367256165
152,5.066666666666666,0.23744139075279236,0.37423160672187805,0.000494383682962507,0.9986423254013062,0.25927305221557617,0.4052385687828064,-0.11844967305660248,0.999956488609314,0.27993306517601013,0.4130447804927826,0.1339035928249359,0.9992485046386719,0.2663881182670593,0.5070935487747192,-0.15333247184753418,0.8847367763519287,0.2940886914730072,0.5241444706916809,0.15220287442207336,0.019937044009566307,0.24424295127391815,0.5841661095619202,-0.12021984159946442,0.3989320397377014,0.2704499661922455,0.5846725106239319,0.08889306336641312,0.0044878157787024975,0.2772355377674103,0.5939527750015259,-0.07744832336902618,0.9999475479125977,0.29074227809906006,0.5914925336837769,0.07733418047428131,0.9999314546585083,0.26396533846855164,0.7465263605117798,-0.10079190880060196,0.8511671423912048,0.26574963331222534,0.7314382195472717,0.06092233210802078,0.24472147226333618,0.3227502703666687,0.847014844417572,-0.018434451892971992,0.7581331133842468,0.2984035015106201,0.8555964231491089,0.12137432396411896,0.426792174577713,0.3144974410533905,0.8975551128387451,-0.04389498382806778,0.6856767535209656,0.2853371798992157,0.9084032773971558,0.09952013194561005,0.45290836691856384
153,5.1,0.23743554949760437,0.37347131967544556,-0.008907566778361797,0.9986984133720398,0.25912779569625854,0.40575239062309265,-0.11958341300487518,0.9999561309814453,0.2785031497478485,0.41305023431777954,0.12797704339027405,0.9992584586143494,0.26621246337890625,0.5093133449554443,-0.1506132036447525,0.8932105302810669,0.2928588092327118,0.523389458656311,0.14286643266677856,0.022024475038051605,0.24436163902282715,0.5822110176086426,-0.11669989675283432,0.41047874093055725,0.27005913853645325,0.58232182264328,0.0800052359700203,0.004397280514240265,0.2772504389286041,0.5938119888305664,-0.07791773229837418,0.9999464750289917,0.2889481782913208,0.5910132527351379,0.07781451940536499,0.9999293684959412,0.2628096342086792,0.7461258172988892,-0.10050270706415176,0.8576536178588867,0.2633991241455078,0.7313538193702698,0.05957658216357231,0.25171396136283875,0.3199196457862854,0.8486185073852539,-0.018596675246953964,0.7696110010147095,0.29668915271759033,0.8565444946289062,0.11125550419092178,0.43430542945861816,0.29845502972602844,0.8973683714866638,-0.045288536697626114,0.6990733742713928,0.28026023507118225,0.9129707217216492,0.08702762424945831,0.46029210090637207
154,5.133333333333334,0.2375602275133133,0.372713178396225,-0.004483885131776333,0.9987459182739258,0.25889307260513306,0.4061620831489563,-0.11732590198516846,0.9999551773071289,0.277969092130661,0.4132516086101532,0.12833629548549652,0.999270498752594,0.2661331295967102,0.5097189545631409,-0.14885224401950836,0.8993546366691589,0.29230982065200806,0.5232654809951782,0.13986870646476746,0.023716313764452934,0.24433907866477966,0.5801056623458862,-0.1156349629163742,0.4076533317565918,0.26899439096450806,0.5802469253540039,0.07487472146749496,0.004332339391112328,0.2771318554878235,0.5936535000801086,-0.07792894542217255,0.999946117401123,0.2882656157016754,0.590995728969574,0.0778275728225708,0.999928891658783,0.26213592290878296,0.7457386255264282,-0.10033489763736725,0.8638646006584167,0.2627512812614441,0.7313293218612671,0.05882652848958969,0.26023831963539124,0.31776729226112366,0.8493990302085876,-0.02084760181605816,0.7807859182357788,0.29473716020584106,0.8661139011383057,0.11056655645370483,0.44441112875938416,0.2945576608181,0.8968991637229919,-0.04792674630880356,0.7119297385215759,0.27909815311431885,0.9137219190597534,0.08038506656885147,0.47007229924201965
155,5.166666666666667,0.23709042370319366,0.37305161356925964,-0.006301513873040676,0.9987595677375793,0.25869986414909363,0.40643221139907837,-0.11753521114587784,0.9999532699584961,0.2778463661670685,0.4134785532951355,0.1251915693283081,0.9992727041244507,0.26604825258255005,0.5100740790367126,-0.14701099693775177,0.9056195020675659,0.29212313890457153,0.5236116051673889,0.13671991229057312,0.02548781782388687,0.24435606598854065,0.5802797675132751,-0.11137555539608002,0.40819108486175537,0.2686883211135864,0.5813618302345276,0.07461882382631302,0.004238593857735395,0.2769683003425598,0.5933018922805786,-0.07795926928520203,0.9999450445175171,0.28829675912857056,0.590864896774292,0.07785987854003906,0.9999273419380188,0.2615411877632141,0.7455379962921143,-0.09714830666780472,0.8698787689208984,0.26277273893356323,0.7313445210456848,0.05992882698774338,0.2647891640663147,0.316843718290329,0.8499912023544312,-0.01954791322350502,0.7925927639007568,0.29479023814201355,0.8627334833145142,0.10818155854940414,0.45123422145843506,0.2921634614467621,0.8969441652297974,-0.04743264988064766,0.7256566882133484,0.2769136130809784,0.9128865599632263,0.07918859273195267,0.47708287835121155
156,5.2,0.23671822249889374,0.374442458152771,-0.010517730377614498,0.9987854361534119,0.2587451636791229,0.4067055284976959,-0.11907076835632324,0.9999516010284424,0.2779315710067749,0.41357433795928955,0.12028898298740387,0.9992796778678894,0.26600193977355957,0.5112797617912292,-0.1466447114944458,0.911363959312439,0.29729199409484863,0.5235888361930847,0.13267704844474792,0.027620697394013405,0.24448902904987335,0.5795246362686157,-0.10981059074401855,0.41109663248062134,0.2680582106113434,0.5797259211540222,0.07208608835935593,0.004161061253398657,0.27693313360214233,0.593177855014801,-0.07780991494655609,0.9999441504478455,0.2880774736404419,0.5906882286071777,0.07771310210227966,0.9999260902404785,0.26131170988082886,0.7451250553131104,-0.09538491070270538,0.8747490644454956,0.2626509368419647,0.7313573360443115,0.06005329638719559,0.26808038353919983,0.31604012846946716,0.8499799370765686,-0.01719593070447445,0.8025811910629272,0.2954120635986328,0.8584083318710327,0.10673773288726807,0.45554256439208984,0.2936227321624756,0.8969500064849854,-0.04123903438448906,0.7377133369445801,0.276653915643692,0.8986697793006897,0.07914242893457413,0.4815531373023987
157,5.233333333333333,0.23660609126091003,0.37420853972435,-0.007703476585447788,0.9987237453460693,0.2581486403942108,0.4062383472919464,-0.11792944371700287,0.9999486804008484,0.2759944796562195,0.41335514187812805,0.12322715669870377,0.9992691278457642,0.26451754570007324,0.510846734046936,-0.1470956951379776,0.9127397537231445,0.29000669717788696,0.522982120513916,0.13538935780525208,0.027176182717084885,0.24435648322105408,0.5776549577713013,-0.11051438748836517,0.40094828605651855,0.2667491137981415,0.5790587663650513,0.07543406635522842,0.004128814209252596,0.27651670575141907,0.5925784707069397,-0.07780010998249054,0.9999417662620544,0.28747880458831787,0.5895193219184875,0.07770367711782455,0.9999235272407532,0.25828248262405396,0.7438021898269653,-0.09281988441944122,0.8735730051994324,0.2627166509628296,0.7312760353088379,0.06153351068496704,0.2593916654586792,0.30702298879623413,0.8499573469161987,-0.01529705710709095,0.8062518835067749,0.2951382100582123,0.8543304204940796,0.1089814081788063,0.4448777139186859,0.2872997522354126,0.8997332453727722,-0.041704799979925156,0.7419089674949646,0.27906298637390137,0.8956856727600098,0.08033730089664459,0.4722149968147278
158,5.266666666666667,0.23666134476661682,0.37362340092658997,-0.0070112296380102634,0.9987455606460571,0.257579505443573,0.4062272906303406,-0.11727659404277802,0.9999488592147827,0.2759886682033539,0.4133232533931732,0.12467827647924423,0.9992685317993164,0.2634480893611908,0.5108595490455627,-0.14846299588680267,0.9191699624061584,0.29010218381881714,0.5228650569915771,0.13578344881534576,0.030467748641967773,0.24460360407829285,0.578734278678894,-0.1146092563867569,0.41894859075546265,0.2676553726196289,0.5817644596099854,0.08333098888397217,0.004152762703597546,0.2756738066673279,0.5920590162277222,-0.07777755707502365,0.999940812587738,0.2871202826499939,0.5889302492141724,0.07768278568983078,0.9999210238456726,0.25771114230155945,0.7429990768432617,-0.08903084695339203,0.8797991871833801,0.2628012001514435,0.7310700416564941,0.06100878119468689,0.2670043110847473,0.3059625029563904,0.8497464656829834,-0.014285705983638763,0.8186888098716736,0.29308709502220154,0.8541213870048523,0.1117601990699768,0.4529556334018707,0.2870788276195526,0.9010508060455322,-0.04328029602766037,0.7568748593330383,0.2784442901611328,0.8939313888549805,0.08315151929855347,0.48034539818763733
159,5.3,0.23670999705791473,0.37358948588371277,-0.005696606822311878,0.9987460970878601,0.25734907388687134,0.40618759393692017,-0.1168806180357933,0.9999485015869141,0.2759152948856354,0.4133014380931854,0.1254482865333557,0.9992691278457642,0.2630213499069214,0.5110099911689758,-0.14845572412014008,0.924064576625824,0.2898874580860138,0.5229201316833496,0.13715341687202454,0.03240501508116722,0.244637131690979,0.5797280073165894,-0.11428980529308319,0.425311416387558,0.2678062319755554,0.5835949778556824,0.084282785654068,0.00411882484331727,0.2752642333507538,0.5918116569519043,-0.07767602056264877,0.999940037727356,0.2870118021965027,0.5887861847877502,0.07758261263370514,0.9999193549156189,0.25732266902923584,0.7428649067878723,-0.08909665048122406,0.8850007057189941,0.2628629505634308,0.7309234738349915,0.06226830556988716,0.27192768454551697,0.30609798431396484,0.8497341871261597,-0.013606426306068897,0.8292075991630554,0.2921406030654907,0.8542108535766602,0.11357905715703964,0.4601776897907257,0.2867070436477661,0.9016997218132019,-0.04280377924442291,0.7695160508155823,0.2780221104621887,0.8929883241653442,0.08469212800264359,0.48748978972435
160,5.333333333333333,0.23665818572044373,0.37359508872032166,-0.001316551468335092,0.9987404942512512,0.2572547197341919,0.4059808850288391,-0.1149277538061142,0.9999478459358215,0.2760680019855499,0.41336390376091003,0.12549461424350739,0.9992653727531433,0.26291126012802124,0.5105286836624146,-0.14831654727458954,0.9277617931365967,0.2902292013168335,0.5230185389518738,0.1376357078552246,0.032759398221969604,0.24463781714439392,0.5798144340515137,-0.11705424636602402,0.4270012676715851,0.2681078016757965,0.5845817923545837,0.08431579172611237,0.004051679745316505,0.27496883273124695,0.5917507410049438,-0.07719040662050247,0.9999383091926575,0.2870902419090271,0.5887965559959412,0.07709670811891556,0.9999167323112488,0.25715065002441406,0.7428995966911316,-0.09024198353290558,0.8839874267578125,0.2629668116569519,0.7303876280784607,0.0625298023223877,0.2641284167766571,0.3073434829711914,0.8497641086578369,-0.015465292148292065,0.8305680155754089,0.29298579692840576,0.8532421588897705,0.1129191517829895,0.4488910734653473,0.2882560193538666,0.9016939997673035,-0.044044651091098785,0.7710663676261902,0.2773504853248596,0.8921223282814026,0.08012992888689041,0.4771173596382141
161,5.366666666666666,0.23668810725212097,0.37320971488952637,0.005772448144853115,0.9982854723930359,0.2562314569950104,0.4061659574508667,-0.11469621956348419,0.9999434947967529,0.273865669965744,0.4132133424282074,0.12917834520339966,0.999186098575592,0.2627686858177185,0.5103141069412231,-0.1501576006412506,0.9075700640678406,0.2860136330127716,0.520609438419342,0.1413920521736145,0.029662027955055237,0.24461492896080017,0.5796834230422974,-0.11844849586486816,0.4019441604614258,0.267070472240448,0.5842805504798889,0.08149941265583038,0.004044855013489723,0.2742268443107605,0.591768205165863,-0.07683087885379791,0.9999365210533142,0.2863180339336395,0.588778555393219,0.07673857361078262,0.999915361404419,0.2549782693386078,0.7437687516212463,-0.08983664214611053,0.8623610734939575,0.2615061402320862,0.7332992553710938,0.06125174090266228,0.24825990200042725,0.3044908940792084,0.8508713841438293,-0.012430593371391296,0.8067454695701599,0.29133644700050354,0.8536380529403687,0.10819234699010849,0.4236816167831421,0.28428760170936584,0.9016633033752441,-0.04375920817255974,0.7431261539459229,0.2770161032676697,0.8923372626304626,0.07430623471736908,0.45153701305389404
162,5.4,0.23674190044403076,0.3730342388153076,0.01625831052660942,0.9980469942092896,0.2555203139781952,0.40625500679016113,-0.11151089519262314,0.9999417066574097,0.2734556794166565,0.41294729709625244,0.1292499154806137,0.999131441116333,0.26285332441329956,0.5089432001113892,-0.1522292047739029,0.9040879011154175,0.2841052711009979,0.5179681777954102,0.1370592713356018,0.027426104992628098,0.24453584849834442,0.5792586207389832,-0.12767450511455536,0.39321407675743103,0.2659147083759308,0.5813094973564148,0.07241050899028778,0.004018749576061964,0.27376195788383484,0.591725766658783,-0.07591475546360016,0.9999333620071411,0.28574222326278687,0.5886014103889465,0.07582250982522964,0.9999108910560608,0.2547568380832672,0.7438790202140808,-0.08521285653114319,0.8434880971908569,0.2603749632835388,0.7348442673683167,0.0560959167778492,0.23488979041576385,0.30324581265449524,0.8515883684158325,-0.012263895943760872,0.7875717282295227,0.29141125082969666,0.8538380861282349,0.0916491448879242,0.4012390375137329,0.28287357091903687,0.9014015793800354,-0.042868029326200485,0.7198347449302673,0.2767009735107422,0.8917599320411682,0.060354460030794144,0.42826047539711
163,5.433333333333334,0.23670271039009094,0.3726506531238556,0.02469821646809578,0.9976907968521118,0.25481942296028137,0.40621820092201233,-0.10787256062030792,0.9999400973320007,0.2732899785041809,0.41267696022987366,0.1314355581998825,0.9990584254264832,0.26290321350097656,0.5068596005439758,-0.15222634375095367,0.8904404044151306,0.2839217782020569,0.5171874165534973,0.1374949812889099,0.02489478699862957,0.24434129893779755,0.5792361497879028,-0.13005872070789337,0.3825702369213104,0.2659723162651062,0.5815200805664062,0.07079552114009857,0.004113500937819481,0.2736762762069702,0.5912448763847351,-0.07537416368722916,0.9999307990074158,0.285662442445755,0.5879536271095276,0.07527719438076019,0.9999077916145325,0.254167377948761,0.743998646736145,-0.08521510660648346,0.8154467344284058,0.25957852602005005,0.7355338931083679,0.0534505769610405,0.21843001246452332,0.3033180832862854,0.8519163131713867,-0.013150451704859734,0.7563873529434204,0.2919502854347229,0.854030191898346,0.08846812695264816,0.37316104769706726,0.28334832191467285,0.9013718366622925,-0.04532117396593094,0.6852555871009827,0.27754369378089905,0.8917649984359741,0.05770762637257576,0.39937153458595276
164,5.466666666666667,0.23671932518482208,0.37265315651893616,0.027588197961449623,0.9976710677146912,0.2544315457344055,0.40616005659103394,-0.10467740148305893,0.9999399781227112,0.27348238229751587,0.4126623272895813,0.1334301382303238,0.9990422129631042,0.26289576292037964,0.5058813095092773,-0.15316669642925262,0.8961400985717773,0.28482484817504883,0.517353892326355,0.13721147179603577,0.025925757363438606,0.24427485466003418,0.5796845555305481,-0.1338467299938202,0.386803537607193,0.2671447694301605,0.582446813583374,0.0714079961180687,0.004024703521281481,0.2735300064086914,0.5906482338905334,-0.07534090429544449,0.9999293088912964,0.285733699798584,0.5875025987625122,0.07524101436138153,0.9999047517776489,0.2537453770637512,0.7443760633468628,-0.08509358018636703,0.8170862197875977,0.25948861241340637,0.7358456254005432,0.05164172500371933,0.2168036252260208,0.30338484048843384,0.8520369529724121,-0.016825705766677856,0.762380063533783,0.29212486743927,0.8541586399078369,0.08789224922657013,0.3678702712059021,0.28412315249443054,0.9017064571380615,-0.046814363449811935,0.6891605854034424,0.2778441607952118,0.8920272588729858,0.059479933232069016,0.39208605885505676
165,5.5,0.23686929047107697,0.37152189016342163,0.05613119155168533,0.99764484167099,0.2529364228248596,0.4050566256046295,-0.09041055291891098,0.9999434351921082,0.27213889360427856,0.4123762249946594,0.14275804162025452,0.9990765452384949,0.2629629969596863,0.49632561206817627,-0.15146365761756897,0.9032968282699585,0.28529515862464905,0.5143210291862488,0.13754883408546448,0.030781429260969162,0.24433299899101257,0.5796813368797302,-0.13999134302139282,0.413815975189209,0.2700049579143524,0.5829645991325378,0.0733560249209404,0.004236976150423288,0.2730538249015808,0.5897688865661621,-0.0753643661737442,0.9999284148216248,0.2856443226337433,0.5870391130447388,0.07525113224983215,0.9999011754989624,0.2540198862552643,0.7410179376602173,-0.08612163364887238,0.8192180395126343,0.25962886214256287,0.7311258912086487,0.0518132820725441,0.21862974762916565,0.2974091172218323,0.8541392087936401,-0.028230315074324608,0.7645528316497803,0.2833107113838196,0.8541838526725769,0.08058921247720718,0.36955294013023376,0.2768554091453552,0.9017044901847839,-0.05794183537364006,0.687967836856842,0.26435762643814087,0.9000341892242432,0.05261543393135071,0.3918890953063965
166,5.533333333333333,0.23609551787376404,0.3700699806213379,0.04055599123239517,0.9976550936698914,0.25279340147972107,0.40440207719802856,-0.09478092938661575,0.9999457001686096,0.2711186707019806,0.4119231402873993,0.1417752206325531,0.9990940093994141,0.26299339532852173,0.49511048197746277,-0.15121254324913025,0.9089698791503906,0.2852679193019867,0.513331413269043,0.13506558537483215,0.03272417187690735,0.2443525791168213,0.5796983242034912,-0.1410101354122162,0.42523807287216187,0.2709881663322449,0.5843639969825745,0.07414655387401581,0.004142296966165304,0.27277976274490356,0.588873028755188,-0.07462949305772781,0.9999275803565979,0.28543975949287415,0.5864997506141663,0.07451221346855164,0.999897837638855,0.25419753789901733,0.7395451068878174,-0.08611246943473816,0.815858006477356,0.26088112592697144,0.728446900844574,0.05103382468223572,0.21130912005901337,0.2965450882911682,0.8563619256019592,-0.027009734883904457,0.7625545263290405,0.2827010154724121,0.8542199730873108,0.08549004793167114,0.3559880554676056,0.2764504551887512,0.9016896486282349,-0.05684822052717209,0.6836466193199158,0.2656317353248596,0.9021146893501282,0.057145047932863235,0.37777695059776306
167,5.566666666666666,0.23475074768066406,0.36904090642929077,0.03457527607679367,0.997740626335144,0.25258031487464905,0.40407001972198486,-0.09624229371547699,0.9999487996101379,0.27013716101646423,0.4112789034843445,0.141065776348114,0.9991275668144226,0.2629687190055847,0.49543046951293945,-0.15602004528045654,0.9154962301254272,0.28503066301345825,0.5122851133346558,0.1350223273038864,0.034520696848630905,0.24435541033744812,0.5799350142478943,-0.14479801058769226,0.444316029548645,0.27103251218795776,0.5845791697502136,0.07459186017513275,0.004122819285839796,0.27234020829200745,0.5880861282348633,-0.07508762925863266,0.9999284148216248,0.2849403917789459,0.5858706831932068,0.07497692108154297,0.9998970627784729,0.2542901933193207,0.7383193969726562,-0.08668746054172516,0.8215373158454895,0.26105839014053345,0.7273736596107483,0.05153140425682068,0.20904846489429474,0.29601040482521057,0.8572391271591187,-0.02345212548971176,0.7709976434707642,0.2777860760688782,0.8545166850090027,0.09413915872573853,0.35251060128211975,0.27375689148902893,0.901887059211731,-0.05630522966384888,0.6925617456436157,0.25803953409194946,0.8925687074661255,0.06610274314880371,0.3758138418197632
168,5.6,0.23269498348236084,0.368638277053833,0.03179456666111946,0.9977327585220337,0.25239667296409607,0.4035941958427429,-0.09644993394613266,0.9999507665634155,0.2696094512939453,0.4108501076698303,0.1391245573759079,0.9991351962089539,0.2628217339515686,0.4952850639820099,-0.15559539198875427,0.9212853908538818,0.28515154123306274,0.512235701084137,0.13538971543312073,0.034937165677547455,0.24435722827911377,0.5813993811607361,-0.14220687747001648,0.45781606435775757,0.2709398567676544,0.5849421620368958,0.07654737681150436,0.004014292731881142,0.2718275785446167,0.587751030921936,-0.07511694729328156,0.9999286532402039,0.28452643752098083,0.5857200026512146,0.0750051811337471,0.999895453453064,0.25442659854888916,0.7375025153160095,-0.08616267144680023,0.8280456066131592,0.26046431064605713,0.7292764186859131,0.0518878810107708,0.2074524164199829,0.2960958480834961,0.8575553894042969,-0.017921216785907745,0.7799243927001953,0.2761625349521637,0.8547818660736084,0.097867950797081,0.34921523928642273,0.2746373116970062,0.9018778204917908,-0.051601529121398926,0.7021915316581726,0.2560249865055084,0.888879656791687,0.06957946717739105,0.37389451265335083
169,5.633333333333334,0.23092179000377655,0.36808666586875916,0.005837330128997564,0.9974172711372375,0.2518201172351837,0.40360280871391296,-0.10989806801080704,0.9999504685401917,0.26722511649131775,0.41085225343704224,0.1251472532749176,0.99908047914505,0.26202279329299927,0.49596261978149414,-0.15502505004405975,0.9202970862388611,0.2819117605686188,0.5127731561660767,0.13206739723682404,0.031918227672576904,0.24276074767112732,0.5839118957519531,-0.13959839940071106,0.460476815700531,0.2669977843761444,0.5864546298980713,0.06529230624437332,0.0039764996618032455,0.2710629105567932,0.5872756838798523,-0.07511241734027863,0.9999138116836548,0.2835163176059723,0.5857306718826294,0.0750068873167038,0.9998690485954285,0.2557268440723419,0.7388697862625122,-0.0820833370089531,0.8055026531219482,0.2614140510559082,0.7271087765693665,0.059368036687374115,0.19016818702220917,0.28490641713142395,0.8600793480873108,-0.016954949125647545,0.7600788474082947,0.27635830640792847,0.854004979133606,0.11159787327051163,0.3220398426055908,0.26105058193206787,0.8998619318008423,-0.06161094829440117,0.6827657222747803,0.2570546269416809,0.8860965967178345,0.07431978732347488,0.3483166992664337
170,5.666666666666667,0.230118989944458,0.36815008521080017,0.0021438822150230408,0.9974459409713745,0.25161153078079224,0.4034097492694855,-0.1130828708410263,0.9999515414237976,0.2666700482368469,0.4106021523475647,0.1204168051481247,0.9990823268890381,0.26121824979782104,0.49575668573379517,-0.15524999797344208,0.9252706170082092,0.2805238366127014,0.5130088329315186,0.12855219841003418,0.03141922876238823,0.24176859855651855,0.5838239192962646,-0.14104697108268738,0.4780324697494507,0.2647102475166321,0.5859987735748291,0.06199764460325241,0.00395203148946166,0.2705370783805847,0.5867425203323364,-0.07441981136798859,0.999901294708252,0.28306758403778076,0.5857318639755249,0.0743350237607956,0.9998448491096497,0.25750935077667236,0.7399510741233826,-0.07515250891447067,0.7952250242233276,0.2603970468044281,0.7278482913970947,0.05901924893260002,0.17666855454444885,0.2822740077972412,0.8619397282600403,-0.015661654993891716,0.756838858127594,0.27514544129371643,0.8539318442344666,0.10884986072778702,0.30098772048950195,0.25504106283187866,0.8988466262817383,-0.06291376054286957,0.681408166885376,0.25723525881767273,0.8862481713294983,0.07212364673614502,0.3298741579055786
171,5.7,0.2294730246067047,0.3678545653820038,0.0074116745963692665,0.9974873661994934,0.25099408626556396,0.40304937958717346,-0.11245384067296982,0.9999534487724304,0.2663097083568573,0.4099300503730774,0.11858190596103668,0.9990944862365723,0.260513573884964,0.495661199092865,-0.15456536412239075,0.9293837547302246,0.28057530522346497,0.5131581425666809,0.12492885440587997,0.03100411593914032,0.24170634150505066,0.58473801612854,-0.14109332859516144,0.4944814443588257,0.2647607922554016,0.5863662362098694,0.060781218111515045,0.003922553732991219,0.2698025703430176,0.5850635766983032,-0.0721600130200386,0.9998923540115356,0.282793790102005,0.5853955745697021,0.07209058105945587,0.9998264312744141,0.25879567861557007,0.7402523756027222,-0.06698212027549744,0.7799575924873352,0.26019877195358276,0.7278791069984436,0.056350093334913254,0.16408070921897888,0.28171512484550476,0.8623518347740173,-0.011032676324248314,0.7491151094436646,0.2747119069099426,0.8539591431617737,0.10493749380111694,0.28077393770217896,0.25715214014053345,0.8986696004867554,-0.06034721061587334,0.6749277710914612,0.2573164701461792,0.8868123292922974,0.062196265906095505,0.3114405870437622
172,5.733333333333333,0.22907619178295135,0.3687754273414612,0.0006291085737757385,0.997448742389679,0.2510101795196533,0.40248903632164,-0.11243832111358643,0.9999536871910095,0.2665364146232605,0.40986672043800354,0.11748836189508438,0.9990883469581604,0.2602330148220062,0.49594756960868835,-0.154354527592659,0.9320920705795288,0.2801045775413513,0.5119972825050354,0.12580791115760803,0.02977486327290535,0.24180087447166443,0.5858169198036194,-0.14116789400577545,0.508899986743927,0.2644479274749756,0.5866802334785461,0.06245551258325577,0.004021847154945135,0.26983070373535156,0.5843941569328308,-0.07172597944736481,0.9998806118965149,0.282559871673584,0.5849606990814209,0.07165635377168655,0.999805748462677,0.2597423493862152,0.7402799129486084,-0.06901765614748001,0.7637084722518921,0.2592211067676544,0.727986752986908,0.05517607182264328,0.1526246964931488,0.2807306945323944,0.8626740574836731,-0.009349443018436432,0.7408981323242188,0.2746186852455139,0.8538467288017273,0.10401638597249985,0.2629986107349396,0.25395360589027405,0.9009755253791809,-0.059292517602443695,0.6672052145004272,0.2567799687385559,0.8898419141769409,0.0609482116997242,0.29520052671432495
173,5.766666666666667,0.22511699795722961,0.3669714331626892,-0.006620034575462341,0.997170090675354,0.2506168484687805,0.40304455161094666,-0.1179870218038559,0.9999496340751648,0.26356813311576843,0.4096415638923645,0.11775736510753632,0.9990495443344116,0.2592319846153259,0.49872589111328125,-0.15416190028190613,0.9327162504196167,0.28046947717666626,0.5121662020683289,0.12703998386859894,0.02844894863665104,0.24139828979969025,0.5873227715492249,-0.12716896831989288,0.4990125000476837,0.262305349111557,0.588861346244812,0.06369660794734955,0.003963721916079521,0.2694459557533264,0.5845842361450195,-0.07495208829641342,0.9998648762702942,0.28099295496940613,0.5849738717079163,0.0748891606926918,0.9997833371162415,0.25970059633255005,0.741517961025238,-0.07066074013710022,0.76204514503479,0.2605246901512146,0.7257686853408813,0.06402474641799927,0.1426362842321396,0.27990081906318665,0.8631867170333862,-0.014938829466700554,0.7449637651443481,0.2749737501144409,0.854124128818512,0.11675477027893066,0.25171318650245667,0.25449639558792114,0.9019990563392639,-0.06491318345069885,0.6717274785041809,0.2568942904472351,0.890956461429596,0.07922039926052094,0.28689903020858765
174,5.8,0.22503462433815002,0.3669651448726654,-0.006871930323541164,0.9966739416122437,0.2502136826515198,0.4026441276073456,-0.11874216794967651,0.9999480843544006,0.262200266122818,0.4081333875656128,0.11584027856588364,0.9989745020866394,0.2588185667991638,0.4987357258796692,-0.1540592461824417,0.9270724654197693,0.27882087230682373,0.512351930141449,0.1273655742406845,0.02582351304590702,0.24146291613578796,0.588715672492981,-0.12895673513412476,0.4993458092212677,0.26222845911979675,0.5894311666488647,0.062019579112529755,0.004117670003324747,0.26950788497924805,0.5847957134246826,-0.0748976320028305,0.9998525381088257,0.28001639246940613,0.5850074291229248,0.07483682781457901,0.9997634291648865,0.2604598104953766,0.7418540716171265,-0.07248054444789886,0.7341427206993103,0.26099956035614014,0.7247408628463745,0.0625707283616066,0.13080567121505737,0.2785184979438782,0.8630098700523376,-0.015228308737277985,0.7162150144577026,0.2746891379356384,0.8541989922523499,0.1125367134809494,0.23240399360656738,0.2549188435077667,0.9027374982833862,-0.06579162180423737,0.6428256034851074,0.2570299208164215,0.8925884962081909,0.07621981203556061,0.2672385573387146
175,5.833333333333333,0.22387056052684784,0.3673180341720581,-0.009587403386831284,0.9963364005088806,0.24967756867408752,0.40256959199905396,-0.11769982427358627,0.9999454617500305,0.2609979510307312,0.4073813557624817,0.11467279493808746,0.9989120960235596,0.2585766613483429,0.49900999665260315,-0.14949330687522888,0.92730313539505,0.2789662778377533,0.5121808648109436,0.1261708289384842,0.024011101573705673,0.24125011265277863,0.588609516620636,-0.12197937816381454,0.499334454536438,0.2610745131969452,0.5883343815803528,0.060749877244234085,0.004087771289050579,0.2695758640766144,0.5853627324104309,-0.07472796738147736,0.9998353719711304,0.27910271286964417,0.5851747989654541,0.07466895133256912,0.9997353553771973,0.260879784822464,0.7425820231437683,-0.07392936944961548,0.7202140688896179,0.26112157106399536,0.7245467305183411,0.061547040939331055,0.12126771360635757,0.2774811387062073,0.8628146052360535,-0.013268208131194115,0.7054771780967712,0.2744145393371582,0.854222297668457,0.11078524589538574,0.21807582676410675,0.25469741225242615,0.9031392335891724,-0.06279811263084412,0.6313866972923279,0.2570066750049591,0.8942654728889465,0.07447384297847748,0.2533562183380127
176,5.866666666666666,0.2227683812379837,0.36827048659324646,-0.01203188020735979,0.9962945580482483,0.2490435391664505,0.4025817811489105,-0.1174854263663292,0.9999443888664246,0.2609410285949707,0.40678906440734863,0.11434049904346466,0.9988856911659241,0.25840550661087036,0.49970543384552,-0.14843639731407166,0.9316257834434509,0.2790537476539612,0.5116856098175049,0.125568687915802,0.023827839642763138,0.24064557254314423,0.5884358286857605,-0.12222033739089966,0.5135149955749512,0.2606470584869385,0.5877368450164795,0.06138254329562187,0.004023713059723377,0.2694680094718933,0.5854998826980591,-0.07475229352712631,0.9998195767402649,0.27869436144828796,0.5851872563362122,0.07469386607408524,0.9997056722640991,0.26077646017074585,0.742868185043335,-0.07402559369802475,0.7215060591697693,0.2612089514732361,0.7242518663406372,0.06112366169691086,0.11459513008594513,0.27706485986709595,0.862890362739563,-0.013119665905833244,0.7109012603759766,0.27409908175468445,0.8543846011161804,0.11047379672527313,0.2097490280866623,0.2542887032032013,0.903548002243042,-0.06261012703180313,0.6375154256820679,0.2553747296333313,0.895057737827301,0.07366497069597244,0.2472788244485855
177,5.9,0.2225048542022705,0.36090177297592163,-0.014184853062033653,0.995816707611084,0.2484823763370514,0.4023807942867279,-0.1168622151017189,0.9999421238899231,0.25831615924835205,0.40617722272872925,0.11126586049795151,0.9988042712211609,0.25790518522262573,0.49970075488090515,-0.14733047783374786,0.9231194853782654,0.27398794889450073,0.5116851925849915,0.1233636736869812,0.02166992798447609,0.24051478505134583,0.5878843665122986,-0.12422069162130356,0.509107232093811,0.2597878873348236,0.5861327052116394,0.05567564815282822,0.004296727478504181,0.26941344141960144,0.5855613350868225,-0.07417373359203339,0.9998055100440979,0.27779239416122437,0.5846974849700928,0.07412286102771759,0.9996833801269531,0.2598680853843689,0.7414854168891907,-0.0738869309425354,0.7040552496910095,0.2600257992744446,0.7235561013221741,0.06106477230787277,0.10589180886745453,0.2712746858596802,0.8633267879486084,-0.010067017748951912,0.695286750793457,0.27118003368377686,0.8544546961784363,0.11105629056692123,0.19633904099464417,0.24695603549480438,0.9016489386558533,-0.061444032937288284,0.6217813491821289,0.2493419200181961,0.8921132683753967,0.07364495098590851,0.23439107835292816
178,5.933333333333334,0.22541065514087677,0.3549278974533081,-0.009931400418281555,0.9955897927284241,0.24839027225971222,0.4019737243652344,-0.11021189391613007,0.9999422430992126,0.25823265314102173,0.40612223744392395,0.11125634610652924,0.9987829327583313,0.2579955756664276,0.4984155297279358,-0.14008966088294983,0.9152352809906006,0.271390438079834,0.5104084610939026,0.12271779775619507,0.01981334201991558,0.24092558026313782,0.5858217477798462,-0.12355999648571014,0.5038852691650391,0.259124219417572,0.5828702449798584,0.05378146097064018,0.004749841522425413,0.2693752646446228,0.5856031775474548,-0.07110267132520676,0.9997987151145935,0.27684441208839417,0.584403932094574,0.07106269150972366,0.9996722936630249,0.2591220736503601,0.7296514511108398,-0.07180286943912506,0.6827309727668762,0.25868916511535645,0.7233715653419495,0.051923591643571854,0.09814917296171188,0.2692992389202118,0.8642790913581848,-0.008446002379059792,0.6729839444160461,0.2692297399044037,0.8560178875923157,0.09994114935398102,0.18329036235809326,0.2473500669002533,0.89915931224823,-0.05926503613591194,0.5995634198188782,0.2479746788740158,0.8912168145179749,0.05980850011110306,0.22090497612953186
179,5.966666666666667,0.2269873321056366,0.352995902299881,-0.008248576894402504,0.995587944984436,0.2480504959821701,0.4016987979412079,-0.10682322084903717,0.9999433159828186,0.2583398222923279,0.4059883952140808,0.11212509870529175,0.9987841844558716,0.25798147916793823,0.496726393699646,-0.13869479298591614,0.9099775552749634,0.27006974816322327,0.5077236294746399,0.12339155375957489,0.01815703511238098,0.2413400113582611,0.5840871334075928,-0.12423084676265717,0.5013209581375122,0.2592783570289612,0.5791960954666138,0.055483847856521606,0.005130697973072529,0.26920807361602783,0.5856335759162903,-0.06992261111736298,0.9997965097427368,0.27662673592567444,0.5842680335044861,0.0698874369263649,0.9996684789657593,0.2586687505245209,0.726227879524231,-0.0700625628232956,0.6675198674201965,0.258122980594635,0.7231172919273376,0.050302594900131226,0.0914279967546463,0.26902180910110474,0.8644816279411316,-0.007549349218606949,0.6565462946891785,0.2688603103160858,0.8562050461769104,0.09752736985683441,0.17192000150680542,0.2476622313261032,0.8982558250427246,-0.057537686079740524,0.5837584137916565,0.24779339134693146,0.890507161617279,0.057251255959272385,0.20950821042060852
180,6.0,0.22655121982097626,0.3536033630371094,-0.00870308093726635,0.9956756234169006,0.2478703260421753,0.4017084836959839,-0.10755451023578644,0.9999428987503052,0.25872603058815,0.4060201942920685,0.11455219984054565,0.9987672567367554,0.2579009234905243,0.4960152208805084,-0.13914665579795837,0.9064560532569885,0.27125629782676697,0.5043893456459045,0.12817959487438202,0.016634643077850342,0.24161331355571747,0.5833404064178467,-0.12594537436962128,0.4992305040359497,0.26073482632637024,0.5766555070877075,0.05903131514787674,0.005431336350739002,0.2685959041118622,0.5856931805610657,-0.07028593122959137,0.9997952580451965,0.2768498361110687,0.5842494964599609,0.07026298344135284,0.999666690826416,0.2578640580177307,0.726565957069397,-0.06717874854803085,0.6696501970291138,0.2583291828632355,0.7226743698120117,0.053825248032808304,0.0873197540640831,0.2691236734390259,0.8660445213317871,-0.006046546623110771,0.6630273461341858,0.2691810727119446,0.8561674356460571,0.10524413734674454,0.1677471101284027,0.24602589011192322,0.89823979139328,-0.057181376963853836,0.5904257893562317,0.24771460890769958,0.8895933628082275,0.0646919459104538,0.20826740562915802
181,6.033333333333333,0.22368642687797546,0.3527405261993408,-0.00991751067340374,0.9959002137184143,0.2466430962085724,0.40117865800857544,-0.10843950510025024,0.9999449849128723,0.25784212350845337,0.4053400158882141,0.11292500793933868,0.9987776279449463,0.25692516565322876,0.4958418607711792,-0.14235375821590424,0.9055564403533936,0.27207717299461365,0.5026426315307617,0.12694184482097626,0.015255877748131752,0.2418096512556076,0.582874059677124,-0.1314871609210968,0.5069925785064697,0.2627447545528412,0.5819855332374573,0.05864882469177246,0.005644611548632383,0.26768118143081665,0.5855421423912048,-0.06988431513309479,0.9997965693473816,0.27701085805892944,0.5837391018867493,0.06985439360141754,0.9996658563613892,0.2575015425682068,0.7252582907676697,-0.061991434544324875,0.6609851717948914,0.2609519362449646,0.7210137248039246,0.05776218697428703,0.08172525465488434,0.2664715349674225,0.8669331669807434,-0.006051564589142799,0.6617503762245178,0.26681867241859436,0.8562672734260559,0.10729025304317474,0.16008560359477997,0.24467292428016663,0.8982122540473938,-0.06038191169500351,0.5907093286514282,0.24708859622478485,0.8873674273490906,0.06444432586431503,0.2020930051803589
182,6.066666666666666,0.22396259009838104,0.3487616777420044,-0.009602541103959084,0.996009886264801,0.2461649477481842,0.40079599618911743,-0.10713239759206772,0.9999459385871887,0.25776803493499756,0.4050723612308502,0.10955766588449478,0.9987792372703552,0.25646328926086426,0.4936080574989319,-0.14149782061576843,0.9004407525062561,0.2721825838088989,0.5023337602615356,0.12394826114177704,0.01401261705905199,0.2419414222240448,0.5828306674957275,-0.13095904886722565,0.502551257610321,0.2643924355506897,0.5826901197433472,0.05884826183319092,0.0059265452437102795,0.2671492099761963,0.5850914716720581,-0.06816486269235611,0.999798059463501,0.27708694338798523,0.583159863948822,0.06813456118106842,0.9996665716171265,0.25699612498283386,0.7238275408744812,-0.055136580020189285,0.644439160823822,0.2617456316947937,0.7189872860908508,0.05742911249399185,0.0761122927069664,0.2657542824745178,0.8676290512084961,-0.005287878215312958,0.6535981893539429,0.26643678545951843,0.8563272953033447,0.10234810411930084,0.15117782354354858,0.24413606524467468,0.8982139825820923,-0.0603407546877861,0.5832295417785645,0.2428838312625885,0.8882633447647095,0.059164900332689285,0.19328229129314423
183,6.1,0.22406120598316193,0.34723541140556335,-0.008935168385505676,0.9961440563201904,0.2460576295852661,0.40017440915107727,-0.10600785166025162,0.9999470114707947,0.25796443223953247,0.4048629403114319,0.1101171150803566,0.99878990650177,0.25611111521720886,0.4921939969062805,-0.1409827023744583,0.8969529271125793,0.27213001251220703,0.5018512010574341,0.12406732887029648,0.012900352478027344,0.24205580353736877,0.5828211307525635,-0.13039013743400574,0.5000319480895996,0.265216201543808,0.5840187668800354,0.05992652103304863,0.006182866171002388,0.26694256067276,0.5850468277931213,-0.06791824847459793,0.9997995495796204,0.2771106958389282,0.5828217267990112,0.06788519769906998,0.9996675252914429,0.25648337602615356,0.7242652177810669,-0.05493627116084099,0.6301575899124146,0.26246577501296997,0.718200147151947,0.0573955662548542,0.07094836235046387,0.2654746174812317,0.8690404891967773,-0.0049503399059176445,0.645383894443512,0.26676321029663086,0.8566756248474121,0.10083260387182236,0.14284025132656097,0.24429070949554443,0.8982288837432861,-0.059510309249162674,0.5758676528930664,0.24201130867004395,0.8893709778785706,0.058261822909116745,0.18503612279891968
184,6.133333333333334,0.22484925389289856,0.3466649651527405,-0.00800955481827259,0.9962579607963562,0.24614782631397247,0.3995164632797241,-0.10503558814525604,0.9999483823776245,0.25814762711524963,0.40466275811195374,0.11054817587137222,0.9988024830818176,0.25591546297073364,0.4914146363735199,-0.14092418551445007,0.8948339819908142,0.27208587527275085,0.5013867020606995,0.12422791868448257,0.011901875026524067,0.24209758639335632,0.5828222632408142,-0.13036321103572845,0.5001503229141235,0.26577043533325195,0.5847409963607788,0.06148877739906311,0.0063948482275009155,0.26691940426826477,0.585053026676178,-0.06801699101924896,0.9998010993003845,0.2771349847316742,0.5826176404953003,0.0679827481508255,0.9996684789657593,0.25616228580474854,0.7249063849449158,-0.05625651404261589,0.6188251972198486,0.2629184126853943,0.7184129357337952,0.0569736547768116,0.06631504744291306,0.2655335068702698,0.8700236678123474,-0.0037654575426131487,0.6374088525772095,0.2667319178581238,0.8571657538414001,0.10094323009252548,0.13507431745529175,0.2442130595445633,0.8982734084129333,-0.056855738162994385,0.5687386989593506,0.24181337654590607,0.8912193179130554,0.058995239436626434,0.17733918130397797
185,6.166666666666667,0.22334523499011993,0.3478347659111023,-0.005859632510691881,0.9962208271026611,0.24584844708442688,0.4001530408859253,-0.10334815084934235,0.9999485015869141,0.2559724450111389,0.4048042595386505,0.1109829694032669,0.9988304376602173,0.2555978298187256,0.49341240525245667,-0.12843532860279083,0.8704680800437927,0.2722072899341583,0.5011991858482361,0.12597237527370453,0.010892970487475395,0.24181751906871796,0.5821824669837952,-0.09852808713912964,0.46407321095466614,0.2643577456474304,0.5753161311149597,0.06187717244029045,0.006357922218739986,0.26681724190711975,0.5859177708625793,-0.06636995822191238,0.9998005628585815,0.2764819264411926,0.5826277732849121,0.06631307303905487,0.9996740221977234,0.25618091225624084,0.7260780930519104,-0.0583915114402771,0.5887792706489563,0.26283082365989685,0.7185478210449219,0.05275006964802742,0.06124468147754669,0.2640067934989929,0.87205970287323,-0.013753521256148815,0.6076775789260864,0.26628002524375916,0.8583731651306152,0.08320270478725433,0.1257810741662979,0.24629954993724823,0.9004621505737305,-0.06021680682897568,0.5432275533676147,0.2524433732032776,0.902409553527832,0.03820428624749184,0.16611874103546143
186,6.2,0.22355954349040985,0.3466353416442871,-0.004945973865687847,0.996355414390564,0.2455221712589264,0.4007705748081207,-0.10229921340942383,0.9999497532844543,0.255180299282074,0.40481966733932495,0.11337701976299286,0.9988698363304138,0.2554321885108948,0.49462124705314636,-0.12629257142543793,0.8525176644325256,0.2723378539085388,0.49946874380111694,0.13280072808265686,0.01000833697617054,0.24181599915027618,0.5816331505775452,-0.09657980501651764,0.4339601695537567,0.263927161693573,0.5712363123893738,0.06794317066669464,0.006426859647035599,0.2663167119026184,0.5864698886871338,-0.06631261855363846,0.9998031258583069,0.2762652039527893,0.5826399326324463,0.06625047326087952,0.9996821284294128,0.2561483085155487,0.7263166904449463,-0.06331340968608856,0.5643829703330994,0.2628389000892639,0.7187156677246094,0.05007327347993851,0.057165779173374176,0.26381367444992065,0.8725812435150146,-0.018916849046945572,0.5844497084617615,0.2664961814880371,0.8587005734443665,0.0820404589176178,0.11856041848659515,0.2478775978088379,0.9009537696838379,-0.06507472693920135,0.5228134393692017,0.25658321380615234,0.9034234881401062,0.036994095891714096,0.1573372781276703
187,6.233333333333333,0.22435808181762695,0.34497278928756714,-0.0010816941503435373,0.9963231682777405,0.24512478709220886,0.40084660053253174,-0.09753096103668213,0.9999511241912842,0.25395095348358154,0.40469348430633545,0.11416022479534149,0.9989144206047058,0.25544482469558716,0.49464908242225647,-0.11881522089242935,0.8287250399589539,0.2720363736152649,0.4968375861644745,0.132786825299263,0.009214144200086594,0.24212412536144257,0.5811978578567505,-0.08873002231121063,0.4031997621059418,0.26329299807548523,0.5693591833114624,0.06706764549016953,0.006495363544672728,0.2660365104675293,0.5868683457374573,-0.0644594132900238,0.9998053312301636,0.27588343620300293,0.5826669931411743,0.06437961012125015,0.9996902346611023,0.2561650574207306,0.7271098494529724,-0.06626705080270767,0.5295301079750061,0.26270416378974915,0.7195031046867371,0.04065025597810745,0.05284907668828964,0.2629539370536804,0.873586118221283,-0.0243100356310606,0.5494419932365417,0.2654445171356201,0.8611816167831421,0.06413339823484421,0.11029157042503357,0.24889397621154785,0.9029302000999451,-0.06908588111400604,0.49223995208740234,0.2592260539531708,0.9094838500022888,0.01607651263475418,0.1467617154121399
188,6.266666666666667,0.2260793000459671,0.34481653571128845,0.0052929408848285675,0.9963335990905762,0.24487736821174622,0.4014413058757782,-0.09336082637310028,0.9999526739120483,0.2531891167163849,0.4050622582435608,0.11544159799814224,0.9989617466926575,0.2553473114967346,0.4955684244632721,-0.11402276903390884,0.8078250885009766,0.27084141969680786,0.4974214732646942,0.13346949219703674,0.008523973636329174,0.24235668778419495,0.5812100172042847,-0.08547209203243256,0.37587428092956543,0.2617383599281311,0.570580780506134,0.0683034136891365,0.0064848619513213634,0.26603761315345764,0.5870257019996643,-0.0633951872587204,0.9998089075088501,0.2753288447856903,0.582676112651825,0.06331448256969452,0.9996995329856873,0.25617021322250366,0.7280365824699402,-0.0661611407995224,0.4990653097629547,0.26175251603126526,0.7223094701766968,0.03682464361190796,0.04917918145656586,0.2621209919452667,0.8742161393165588,-0.02108866162598133,0.5166378021240234,0.26476776599884033,0.8636277318000793,0.06117283180356026,0.10305728018283844,0.24845460057258606,0.9175921082496643,-0.06849518418312073,0.4625929296016693,0.2576045095920563,0.9122782349586487,0.013338735327124596,0.13735803961753845
189,6.3,0.2257767617702484,0.3543395698070526,0.00947008840739727,0.9960004091262817,0.24490466713905334,0.4028933346271515,-0.09469304233789444,0.9999514222145081,0.2531035542488098,0.4062007963657379,0.12826816737651825,0.9989620447158813,0.2551531195640564,0.4968417286872864,-0.12329107522964478,0.7970431447029114,0.2696436047554016,0.4993375241756439,0.13744550943374634,0.007949626073241234,0.24136880040168762,0.5814934372901917,-0.10797888040542603,0.35822969675064087,0.25726714730262756,0.5712458491325378,0.06298382580280304,0.006550912279635668,0.26521214842796326,0.5874999761581421,-0.0659511536359787,0.9997979402542114,0.27427300810813904,0.5827512741088867,0.06586210429668427,0.9996891021728516,0.2562938928604126,0.729803204536438,-0.06637495011091232,0.46855366230010986,0.2607054114341736,0.7252441644668579,0.03846566751599312,0.045612238347530365,0.26177895069122314,0.8741949200630188,-0.023212160915136337,0.49054160714149475,0.26357224583625793,0.8637049198150635,0.0678706169128418,0.09609073400497437,0.24340514838695526,0.9192625880241394,-0.07821400463581085,0.43720513582229614,0.2509691119194031,0.9142491817474365,0.01739012822508812,0.1282777190208435
190,6.333333333333333,0.22139284014701843,0.35614997148513794,0.003900919109582901,0.9960469603538513,0.24396339058876038,0.4036233723163605,-0.09606906026601791,0.9999495148658752,0.2520577907562256,0.406856507062912,0.12782058119773865,0.9989861249923706,0.2533239722251892,0.49960869550704956,-0.12454672157764435,0.803090512752533,0.27054017782211304,0.5013149976730347,0.13279947638511658,0.009582641534507275,0.24005374312400818,0.5821218490600586,-0.09941445291042328,0.3450625538825989,0.2551576793193817,0.5717121362686157,0.05988828092813492,0.0066111134365201,0.2641097903251648,0.5874915719032288,-0.06701913475990295,0.9997847080230713,0.27283793687820435,0.5826070308685303,0.06692996621131897,0.9996753931045532,0.2564072608947754,0.7298457622528076,-0.06558586657047272,0.46342143416404724,0.25986024737358093,0.72572261095047,0.039929088205099106,0.044579919427633286,0.262323796749115,0.8740016222000122,-0.01649477705359459,0.4925297498703003,0.2637210190296173,0.8635488152503967,0.07281706482172012,0.09597596526145935,0.2438535988330841,0.9167066216468811,-0.06481053680181503,0.4364367425441742,0.2503015697002411,0.9126558899879456,0.025514274835586548,0.12741179764270782
191,6.366666666666666,0.2347528636455536,0.45189568400382996,0.10466384887695312,0.9707223176956177,0.24409250915050507,0.4117294251918793,-0.008328680880367756,0.9999424815177917,0.25210922956466675,0.4172517657279968,0.1502765715122223,0.9989026784896851,0.25121399760246277,0.5150623917579651,-0.060267411172389984,0.7379447221755981,0.2704182267189026,0.5059757828712463,0.1299162209033966,0.008842501789331436,0.24012544751167297,0.5833725929260254,-0.06356967985630035,0.317232608795166,0.25599557161331177,0.5720492601394653,0.05545198917388916,0.006833204068243504,0.2608303427696228,0.5908520817756653,-0.05379863828420639,0.9997696280479431,0.2712024450302124,0.5828412175178528,0.053508829325437546,0.999659538269043,0.25722306966781616,0.7298790216445923,-0.06598274409770966,0.42441219091415405,0.2594218850135803,0.7259262800216675,0.012641802430152893,0.04113052412867546,0.2626417875289917,0.8717727661132812,-0.06932751834392548,0.45443195104599,0.2637825608253479,0.8632658123970032,0.011834641918540001,0.08910413086414337,0.2529532015323639,0.9235341548919678,-0.12140794843435287,0.39972835779190063,0.25706639885902405,0.9153114557266235,-0.034151267260313034,0.11736035346984863
192,6.4,0.2357552945613861,0.43242326378822327,0.10902044922113419,0.9655437469482422,0.24415726959705353,0.4107036590576172,-0.01869366317987442,0.9999432563781738,0.2549157738685608,0.423347145318985,0.18035924434661865,0.9988765120506287,0.24936147034168243,0.5156689286231995,-0.07963939011096954,0.7363657355308533,0.27585285902023315,0.512976348400116,0.15794673562049866,0.009578090161085129,0.2405320703983307,0.5884571075439453,-0.08122531324625015,0.30873483419418335,0.2579939067363739,0.5885498523712158,0.08359988033771515,0.0065897563472390175,0.2614116668701172,0.5905395746231079,-0.054503459483385086,0.9997667670249939,0.2716560661792755,0.5833821892738342,0.05380617827177048,0.9996501207351685,0.2572440505027771,0.7303611636161804,-0.07113067060709,0.4128938317298889,0.2595245838165283,0.7269214987754822,0.021959129720926285,0.03998083248734474,0.26092594861984253,0.8711603879928589,-0.07206792384386063,0.4480825662612915,0.26362523436546326,0.863201916217804,0.03428981453180313,0.08765417337417603,0.2527218759059906,0.9187991619110107,-0.1250946968793869,0.38609638810157776,0.25234881043434143,0.9136902689933777,-0.008999533951282501,0.11366098374128342
193,6.433333333333334,0.23616015911102295,0.43234783411026,0.1119469404220581,0.9616976976394653,0.24421696364879608,0.4109322726726532,-0.015658995136618614,0.9999442100524902,0.2563716769218445,0.42573416233062744,0.18409386277198792,0.9988555908203125,0.24870355427265167,0.5149655342102051,-0.07976404577493668,0.7372257709503174,0.2784302830696106,0.5140827298164368,0.16275343298912048,0.010335760191082954,0.2411394864320755,0.5900682210922241,-0.0857396274805069,0.30270916223526,0.25989633798599243,0.5908096432685852,0.08939208090305328,0.006357982289046049,0.2617819905281067,0.5903046727180481,-0.0557708740234375,0.9997646808624268,0.2719452977180481,0.5838816165924072,0.05538535863161087,0.9996421933174133,0.25738999247550964,0.7306018471717834,-0.07722416520118713,0.403623104095459,0.25966060161590576,0.7273352742195129,0.019372854381799698,0.03886045888066292,0.26082029938697815,0.8702341914176941,-0.08959810435771942,0.4444383382797241,0.2637694478034973,0.8631144165992737,0.02235732600092888,0.08600104600191116,0.250166118144989,0.9210311770439148,-0.1447446048259735,0.3769267499446869,0.2516964077949524,0.9130172729492188,-0.02201007306575775,0.11025791615247726
194,6.466666666666667,0.25980427861213684,0.38290467858314514,0.05308378487825394,0.9652151465415955,0.24438023567199707,0.40977156162261963,-0.028395196422934532,0.9999480843544006,0.2540974020957947,0.422458678483963,0.10531976073980331,0.9989402294158936,0.2844544053077698,0.48450610041618347,-0.09261944144964218,0.7392809987068176,0.29273152351379395,0.478534072637558,0.10920009762048721,0.01118405256420374,0.2874504029750824,0.5554289221763611,-0.16028234362602234,0.32082682847976685,0.330951988697052,0.5186275243759155,0.08120400458574295,0.0385000966489315,0.26190972328186035,0.5902453660964966,-0.053702276200056076,0.9997602105140686,0.27031630277633667,0.5840333104133606,0.05351071432232857,0.9996370673179626,0.25746938586235046,0.7299363613128662,-0.0591396801173687,0.37438395619392395,0.25863832235336304,0.7274352312088013,0.015145963057875633,0.03526999428868294,0.2587229311466217,0.8675587773323059,-0.0766613632440567,0.4142007827758789,0.26002928614616394,0.8628907203674316,0.036906253546476364,0.0783185288310051,0.24798583984375,0.939528226852417,-0.0988415852189064,0.35410475730895996,0.24895136058330536,0.926744818687439,-0.004205969162285328,0.10111993551254272
195,6.5,0.24924318492412567,0.35836198925971985,0.0014164502499625087,0.9685855507850647,0.24441063404083252,0.40802544355392456,-0.042274411767721176,0.9999510645866394,0.2512386441230774,0.4150198698043823,0.08156204968690872,0.9990091323852539,0.30481812357902527,0.45985594391822815,-0.10535772889852524,0.7540258169174194,0.2913114130496979,0.47562095522880554,0.09380397945642471,0.012188803404569626,0.3166390061378479,0.5207601189613342,-0.17714008688926697,0.35746145248413086,0.3255385756492615,0.524168074131012,0.0634075254201889,0.07123097777366638,0.26233211159706116,0.5916723608970642,-0.05224207043647766,0.999755322933197,0.2688130736351013,0.5840892791748047,0.05209843069314957,0.9996241331100464,0.25753065943717957,0.7291111350059509,-0.056157924234867096,0.3532553017139435,0.25780510902404785,0.7273711562156677,0.005288122221827507,0.03243306279182434,0.2587556540966034,0.8665661215782166,-0.06745514273643494,0.39866191148757935,0.26004695892333984,0.8646478652954102,0.027187222614884377,0.07257264107465744,0.246056467294693,0.936956524848938,-0.0975479930639267,0.34703877568244934,0.2475702464580536,0.9301739931106567,-0.015851426869630814,0.09532888233661652
196,6.533333333333333,0.23935623466968536,0.34579765796661377,-0.03248470276594162,0.9715321063995361,0.24394305050373077,0.4043304920196533,-0.08233609050512314,0.9999518990516663,0.24965615570545197,0.4098518490791321,0.07747099548578262,0.9990550875663757,0.3002762794494629,0.4624454379081726,-0.1318618655204773,0.7717592716217041,0.2896021604537964,0.47637176513671875,0.10277897119522095,0.013581367209553719,0.3133861720561981,0.5226284265518188,-0.17112550139427185,0.39325380325317383,0.32033056020736694,0.5303680896759033,0.06345254182815552,0.09973608702421188,0.2621268332004547,0.5915787220001221,-0.05285525321960449,0.9997385144233704,0.2686999440193176,0.5842093229293823,0.05262720584869385,0.9996030926704407,0.2579595446586609,0.7292851209640503,-0.04928199574351311,0.3531181812286377,0.2582211196422577,0.7281652688980103,0.013719873502850533,0.031345441937446594,0.2589932680130005,0.8660935163497925,0.002353629330173135,0.4001961946487427,0.26037150621414185,0.8645200133323669,0.06995762884616852,0.07011593878269196,0.2461165487766266,0.932823121547699,-0.04264559596776962,0.350925475358963,0.2481420934200287,0.9267897605895996,0.027155723422765732,0.09408950805664062
197,6.566666666666666,0.22651787102222443,0.34428995847702026,-0.06873725354671478,0.9650840759277344,0.24457409977912903,0.4051894247531891,-0.10202320665121078,0.9999184608459473,0.24668128788471222,0.40969857573509216,0.03563834726810455,0.9987020492553711,0.2929362952709198,0.46744006872177124,-0.12748540937900543,0.7775599956512451,0.26703715324401855,0.5071979761123657,0.06584867835044861,0.013632443733513355,0.2943318486213684,0.530383825302124,-0.15696415305137634,0.4169013798236847,0.2645644545555115,0.5826820135116577,0.02992475964128971,0.10018565505743027,0.2619472146034241,0.5968548655509949,-0.045730724930763245,0.9996420741081238,0.266129732131958,0.5851994156837463,0.045626670122146606,0.999459445476532,0.26037153601646423,0.7284513711929321,-0.0191190205514431,0.39932161569595337,0.26112523674964905,0.7356376051902771,0.023356033489108086,0.0530954971909523,0.26892226934432983,0.8665310144424438,0.03972318768501282,0.4559575617313385,0.2692071497440338,0.866874098777771,0.09611432254314423,0.12215355783700943,0.2706892788410187,0.9091569781303406,-0.04214053228497505,0.4080923795700073,0.2769396901130676,0.9137915968894958,0.03444569557905197,0.14747285842895508
198,6.6,0.22161665558815002,0.3441597521305084,-0.07338228821754456,0.9614906311035156,0.2446981966495514,0.4058964252471924,-0.09830756485462189,0.9998982548713684,0.24551136791706085,0.409741073846817,0.026273703202605247,0.9985153079032898,0.29493966698646545,0.46851691603660583,-0.1251147836446762,0.7813209295272827,0.2661621868610382,0.5147654414176941,0.05407603830099106,0.013751138001680374,0.29439207911491394,0.5412164330482483,-0.14911407232284546,0.4390926659107208,0.26273849606513977,0.5884913802146912,0.015508567914366722,0.10615774989128113,0.26162371039390564,0.5994545221328735,-0.04094824939966202,0.9995992183685303,0.26523053646087646,0.5857805609703064,0.04085836559534073,0.9993958473205566,0.26153481006622314,0.7279659509658813,-0.013772578909993172,0.44180333614349365,0.26242318749427795,0.7372561097145081,0.023489857092499733,0.07727574557065964,0.2713480591773987,0.8668801188468933,0.0425812266767025,0.5065420866012573,0.27154141664505005,0.868194043636322,0.08762948215007782,0.1752082109451294,0.2722153961658478,0.9061018228530884,-0.038815319538116455,0.46024784445762634,0.2805221974849701,0.9096069931983948,0.027624469250440598,0.20037072896957397
199,6.633333333333334,0.22252503037452698,0.3470987379550934,-0.06742425262928009,0.9562632441520691,0.24474701285362244,0.4062309265136719,-0.0954422876238823,0.9998781681060791,0.24591930210590363,0.41265466809272766,0.02565307542681694,0.9983464479446411,0.29289117455482483,0.47227615118026733,-0.11444717645645142,0.7798477411270142,0.2672339081764221,0.517545759677887,0.051020413637161255,0.013924290426075459,0.2915538549423218,0.5459195971488953,-0.13561490178108215,0.44744470715522766,0.26394879817962646,0.5906944274902344,0.011383870616555214,0.10953591018915176,0.2612479329109192,0.5997650623321533,-0.03940488025546074,0.9995619058609009,0.26565322279930115,0.5858691334724426,0.03931619971990585,0.9993422627449036,0.26209551095962524,0.7278193831443787,-0.01586151123046875,0.4769054055213928,0.2642786204814911,0.737311065196991,0.018535545095801353,0.09581895172595978,0.2719842791557312,0.8670527935028076,0.035182151943445206,0.550675630569458,0.2722683250904083,0.8687099814414978,0.08117848634719849,0.21671094000339508,0.2733725905418396,0.9072948098182678,-0.042367808520793915,0.5039752721786499,0.2812165915966034,0.9078394770622253,0.02464534156024456,0.2406190186738968
200,6.666666666666667,0.22425267100334167,0.3502483665943146,-0.06008782982826233,0.9429583549499512,0.24488389492034912,0.4065288007259369,-0.08936195820569992,0.9998568296432495,0.24620592594146729,0.4147108197212219,0.020635683089494705,0.9981442093849182,0.29334166646003723,0.4752241373062134,-0.09868183732032776,0.7588593363761902,0.2679617702960968,0.5197094678878784,0.04607415199279785,0.013782530091702938,0.29236650466918945,0.5478771924972534,-0.1233060210943222,0.43682998418807983,0.2641221880912781,0.5901280045509338,0.009866037406027317,0.10976540297269821,0.2612834870815277,0.5998300909996033,-0.0336667075753212,0.999525785446167,0.2659841775894165,0.5861539840698242,0.03354532644152641,0.9992810487747192,0.2648351490497589,0.7278504371643066,-0.01207820139825344,0.48142674565315247,0.2658858597278595,0.7367178201675415,0.008664734661579132,0.10188028961420059,0.2760823369026184,0.8670362830162048,0.03242085501551628,0.5802898406982422,0.2724241316318512,0.8686615228652954,0.07380229234695435,0.2360440492630005,0.27900418639183044,0.9076011776924133,-0.04219580441713333,0.5268954038619995,0.2810794711112976,0.9063879251480103,0.017396118491888046,0.257222443819046
202,6.733333333333333,0.4052204191684723,0.3628087639808655,-0.14283224940299988,0.9486624002456665,0.4480976462364197,0.40257135033607483,-0.07133970409631729,0.9998703002929688,0.3910021483898163,0.43532711267471313,0.05823535844683647,0.998328447341919,0.49793630838394165,0.3705447316169739,-0.09515248984098434,0.7829334139823914,0.36853963136672974,0.49676942825317383,0.06498309969902039,0.1116802766919136,0.5456646680831909,0.327958345413208,-0.15390902757644653,0.49312517046928406,0.36497169733047485,0.5530972480773926,-0.05335002392530441,0.19869118928909302,0.45850276947021484,0.6144065856933594,-0.05392128974199295,0.9995642304420471,0.4315353333950043,0.6235921382904053,0.05362661927938461,0.9993428587913513,0.4904603362083435,0.7393887042999268,-0.10505690425634384,0.5326685309410095,0.3883236348628998,0.713819146156311,0.07855973392724991,0.1833955943584442,0.5640953779220581,0.8044993281364441,-0.07942456752061844,0.6189941167831421,0.3518151342868805,0.8272793889045715,0.11587502807378769,0.30588600039482117,0.5696774125099182,0.8761023879051208,-0.1671779304742813,0.5714656114578247,0.3168385922908783,0.852897047996521,0.05315330624580383,0.3260616064071655
203,6.766666666666667,0.4050878584384918,0.36272120475769043,-0.15636508166790009,0.9537959694862366,0.44810348749160767,0.40269869565963745,-0.08166342228651047,0.9998820424079895,0.3907211720943451,0.435319185256958,0.03581344336271286,0.9984943270683289,0.49797171354293823,0.3708990812301636,-0.10823918879032135,0.8045789003372192,0.36843663454055786,0.49886733293533325,0.016999153420329094,0.19988831877708435,0.5456589460372925,0.3310115933418274,-0.16882207989692688,0.5437514185905457,0.36497262120246887,0.5526239275932312,-0.1250801980495453,0.2786695957183838,0.4581644535064697,0.6124753952026367,-0.050832848995923996,0.9996022582054138,0.4318465292453766,0.6220382452011108,0.050544023513793945,0.9994028806686401,0.490030437707901,0.7392551898956299,-0.1044049859046936,0.578234076499939,0.3883592486381531,0.7133849859237671,0.040821995586156845,0.2588856518268585,0.5640971064567566,0.8058383464813232,-0.06306003034114838,0.6506703495979309,0.35146471858024597,0.827333927154541,0.06939110904932022,0.3699316084384918,0.5707439184188843,0.8755432367324829,-0.14390484988689423,0.6081314086914062,0.316877543926239,0.8510938882827759,0.004207819700241089,0.38826197385787964
204,6.8,0.40492647886276245,0.3608779013156891,-0.1533653289079666,0.9584162831306458,0.44810348749160767,0.4026965796947479,-0.08503295481204987,0.9998929500579834,0.3902294933795929,0.4354323446750641,0.03806493058800697,0.998643696308136,0.4980871081352234,0.37099164724349976,-0.11436320841312408,0.8240758776664734,0.3683781027793884,0.5004141330718994,0.013974097557365894,0.279207706451416,0.5455374121665955,0.33193716406822205,-0.17364062368869781,0.5893259048461914,0.36501818895339966,0.5522464513778687,-0.13536478579044342,0.35063016414642334,0.45749959349632263,0.6118307113647461,-0.05077808350324631,0.9996374249458313,0.4321005940437317,0.6211182475090027,0.05049170181155205,0.9994572997093201,0.4898061156272888,0.7393461465835571,-0.10438340902328491,0.6196210384368896,0.38838544487953186,0.7133544683456421,0.03646288439631462,0.3274928331375122,0.5643323659896851,0.8074395656585693,-0.06381624191999435,0.6812004446983337,0.35116276144981384,0.8277314305305481,0.06575141847133636,0.4283803105354309,0.5715008974075317,0.875469982624054,-0.1462402641773224,0.6430405378341675,0.31667378544807434,0.849902331829071,0.0008140405407175422,0.44521090388298035
205,6.833333333333333,0.383090615272522,0.3683258891105652,-0.13197922706604004,0.9625731706619263,0.41524577140808105,0.4039110839366913,-0.11425641924142838,0.9998971223831177,0.3883182406425476,0.43652984499931335,0.0519702211022377,0.9987764954566956,0.46214765310287476,0.35446712374687195,-0.1725534200668335,0.839748203754425,0.3677732050418854,0.5066167116165161,0.08117922395467758,0.33796006441116333,0.4967838227748871,0.330640584230423,-0.2206534445285797,0.6221743226051331,0.36097240447998047,0.5658226609230042,-0.004542638547718525,0.41342270374298096,0.4414692521095276,0.6072469353675842,-0.060958605259656906,0.9996659159660339,0.4267544150352478,0.6119263172149658,0.060643427073955536,0.9995065927505493,0.4689391553401947,0.7393597960472107,-0.1203400269150734,0.6488082408905029,0.38204851746559143,0.696247398853302,0.04479106515645981,0.3575715124607086,0.5467570424079895,0.8098013401031494,-0.09420299530029297,0.686723530292511,0.3480690121650696,0.8276738524436951,0.058865707367658615,0.46037766337394714,0.5646902918815613,0.8754087090492249,-0.14742334187030792,0.6556010246276855,0.32053911685943604,0.862873911857605,0.007396654691547155,0.47651946544647217
206,6.866666666666666,0.38059064745903015,0.3728647828102112,-0.17000903189182281,0.966315507888794,0.41374102234840393,0.40526992082595825,-0.13701626658439636,0.9999049305915833,0.3873138129711151,0.4372003674507141,0.021607207134366035,0.998896598815918,0.4592145085334778,0.3439174294471741,-0.18776048719882965,0.855627179145813,0.36706188321113586,0.5096756219863892,0.06426181644201279,0.40036967396736145,0.49814075231552124,0.2863188087940216,-0.2455451786518097,0.65971839427948,0.3606793284416199,0.567266047000885,-0.03034384921193123,0.4714243710041046,0.4384121000766754,0.604966938495636,-0.05965223163366318,0.9996926188468933,0.42497938871383667,0.609057605266571,0.0593399815261364,0.9995493292808533,0.46563854813575745,0.7391477823257446,-0.11857926845550537,0.6797449588775635,0.3778912127017975,0.6960031986236572,0.019329629838466644,0.4055195450782776,0.5442415475845337,0.8110446333885193,-0.0916978269815445,0.7039623856544495,0.3448846936225891,0.8301271200180054,0.043121255934238434,0.4970584809780121,0.5640432238578796,0.8754093647003174,-0.14897951483726501,0.6771164536476135,0.3216104209423065,0.8705660700798035,-0.00885412935167551,0.5128177404403687
207,6.9,0.3802124857902527,0.37386414408683777,-0.18767264485359192,0.9696837067604065,0.41792482137680054,0.40461739897727966,-0.12363435328006744,0.9999128580093384,0.38056984543800354,0.44443783164024353,0.007711795624345541,0.9990054965019226,0.4628829061985016,0.3380946218967438,-0.17097409069538116,0.8700119256973267,0.36531922221183777,0.5147548913955688,0.027533043175935745,0.4588923156261444,0.5019880533218384,0.27514758706092834,-0.2469513714313507,0.6936807036399841,0.3603265881538391,0.5700536966323853,-0.07768969982862473,0.5240134596824646,0.43957528471946716,0.602886438369751,-0.04973219707608223,0.9997172951698303,0.42144566774368286,0.6080063581466675,0.04947686940431595,0.9995883107185364,0.4649478793144226,0.7389708757400513,-0.11628057807683945,0.7097335457801819,0.37639564275741577,0.6980506181716919,-0.0358785018324852,0.4593026638031006,0.5398871302604675,0.810538649559021,-0.07246878743171692,0.7252888083457947,0.34484392404556274,0.8289811611175537,-0.0033249580301344395,0.5385847687721252,0.5620249509811401,0.8731181621551514,-0.14566761255264282,0.7016665935516357,0.32328206300735474,0.8692560791969299,-0.06934697926044464,0.5533783435821533
208,6.933333333333334,0.37988677620887756,0.37592604756355286,-0.18057017028331757,0.9727151393890381,0.41737693548202515,0.40425539016723633,-0.11831559240818024,0.9999200105667114,0.37943723797798157,0.446513295173645,0.015033341944217682,0.9991035461425781,0.45916104316711426,0.34263020753860474,-0.16676655411720276,0.8829560875892639,0.3645021319389343,0.516721785068512,0.03278575837612152,0.511448085308075,0.5015994310379028,0.28003212809562683,-0.24063687026500702,0.7242441177368164,0.3601599931716919,0.570212721824646,-0.07358318567276001,0.5713577270507812,0.4391956329345703,0.6032545566558838,-0.04810483008623123,0.9997402429580688,0.42109742760658264,0.6082839369773865,0.047849152237176895,0.9996240735054016,0.46433305740356445,0.7388021945953369,-0.11723879724740982,0.73735511302948,0.37585023045539856,0.6986442804336548,-0.03555861860513687,0.5088265538215637,0.5394186973571777,0.810345470905304,-0.07259216904640198,0.7473518252372742,0.3443400263786316,0.8291386365890503,-0.0031661249231547117,0.5779849290847778,0.5619648098945618,0.8729967474937439,-0.1462879180908203,0.7265511751174927,0.32338571548461914,0.8702560663223267,-0.06824667006731033,0.5919584631919861
209,6.966666666666667,0.3605807423591614,0.382981538772583,-0.07343775033950806,0.9754216074943542,0.38508304953575134,0.41692012548446655,-0.13398870825767517,0.9999181628227234,0.379953533411026,0.43421074748039246,0.09986547380685806,0.9991838335990906,0.3853461742401123,0.4809378385543823,-0.1831790655851364,0.8602852821350098,0.3813501298427582,0.5149897933006287,0.12867359817028046,0.46549326181411743,0.368223637342453,0.5273886322975159,-0.19436827301979065,0.6784753799438477,0.3628843426704407,0.5694325566291809,0.04919395223259926,0.5495923161506653,0.4274597764015198,0.5923344492912292,-0.07174813747406006,0.9997631311416626,0.41753751039505005,0.5991703271865845,0.07154254615306854,0.9996595978736877,0.444138765335083,0.7385239601135254,-0.13585400581359863,0.7485098838806152,0.3668310046195984,0.694219172000885,-0.001398587948642671,0.521979808807373,0.5140103697776794,0.8103020787239075,-0.09332545846700668,0.7482773661613464,0.3448937237262726,0.8342694044113159,0.02407756820321083,0.6021912097930908,0.5228628516197205,0.8718081116676331,-0.1488734483718872,0.7280952334403992,0.32301634550094604,0.8693170547485352,-0.03302657604217529,0.6149497032165527
210,7.0,0.35706132650375366,0.3841152489185333,-0.143871009349823,0.9777911305427551,0.383758544921875,0.42709651589393616,-0.18330171704292297,0.9998951554298401,0.3747343420982361,0.43118810653686523,0.03708631917834282,0.9992538690567017,0.39079898595809937,0.4593437910079956,-0.22564072906970978,0.7983033061027527,0.38144463300704956,0.5150033235549927,0.08201605081558228,0.42378538846969604,0.38346320390701294,0.4782768785953522,-0.24036550521850586,0.6176677346229553,0.3633204400539398,0.57425856590271,-0.01057889498770237,0.526799201965332,0.42657479643821716,0.5907437801361084,-0.07063871622085571,0.9997828602790833,0.41488295793533325,0.5960399508476257,0.07037943601608276,0.9996912479400635,0.44248509407043457,0.7386635541915894,-0.14698472619056702,0.7367364764213562,0.3651631474494934,0.6914895176887512,0.01249680481851101,0.5043085217475891,0.5112974643707275,0.8099415898323059,-0.09673862159252167,0.731353759765625,0.3459838330745697,0.8338159918785095,0.027751538902521133,0.6133669018745422,0.5241988897323608,0.8713473081588745,-0.15377983450889587,0.7126287817955017,0.32286885380744934,0.8684090375900269,-0.012344041839241982,0.6232456564903259
211,7.033333333333333,0.35520607233047485,0.38780084252357483,-0.016767406836152077,0.9800048470497131,0.37962448596954346,0.42622947692871094,-0.14129017293453217,0.9999001026153564,0.3768104016780853,0.42703479528427124,0.12617811560630798,0.9993157982826233,0.3762529492378235,0.5035145878791809,-0.15700551867485046,0.8035019040107727,0.3881392478942871,0.513017475605011,0.1560114473104477,0.3847414553165436,0.3611553907394409,0.5718297958374023,-0.1146615594625473,0.6267566680908203,0.3654620051383972,0.5741714239120483,0.08565563708543777,0.5136850476264954,0.42072659730911255,0.5899267792701721,-0.07000468671321869,0.9998020529747009,0.4202736020088196,0.5923091769218445,0.06980790197849274,0.9997200965881348,0.38161811232566833,0.7261137962341309,-0.04373646527528763,0.7525473833084106,0.4371560513973236,0.7249149680137634,0.005890142638236284,0.536961019039154,0.35288572311401367,0.8344066143035889,-0.03452382981777191,0.7565845847129822,0.48631030321121216,0.8233704566955566,0.00601243507117033,0.6414730548858643,0.32979875802993774,0.8661705255508423,-0.08555726706981659,0.7389194965362549,0.5100754499435425,0.868017315864563,-0.03368493169546127,0.6498689651489258
212,7.066666666666666,0.3539455533027649,0.3858489990234375,-0.018966207280755043,0.9820001721382141,0.3796769976615906,0.4297470450401306,-0.13814988732337952,0.9999054074287415,0.37809962034225464,0.4283318817615509,0.1404736191034317,0.9993799328804016,0.37916505336761475,0.506942629814148,-0.16173864901065826,0.7879281044006348,0.3835279047489166,0.5137459635734558,0.16176733374595642,0.3526243567466736,0.36677441000938416,0.5510308146476746,-0.14110837876796722,0.5914524793624878,0.36522403359413147,0.5755913853645325,0.07095946371555328,0.5088947415351868,0.42214837670326233,0.5909759998321533,-0.08155272156000137,0.9998196959495544,0.42027249932289124,0.592865526676178,0.08134208619594574,0.9997467994689941,0.42241615056991577,0.7295178771018982,-0.1299060881137848,0.7703912854194641,0.3769351840019226,0.702648401260376,0.03665592148900032,0.552568256855011,0.4390120506286621,0.8263792991638184,-0.10485682636499405,0.7675002813339233,0.3707650601863861,0.8308098912239075,0.022396717220544815,0.6655775904655457,0.45579013228416443,0.8667616248130798,-0.14212672412395477,0.7492727041244507,0.345757395029068,0.8678112626075745,-0.026401638984680176,0.6733867526054382
213,7.1,0.3367898464202881,0.40570077300071716,-0.01552389282733202,0.9834685325622559,0.3639785647392273,0.4527897238731384,-0.13593213260173798,0.9998965263366699,0.37596753239631653,0.4289652109146118,0.12725794315338135,0.9993349313735962,0.3772544264793396,0.5329930186271667,-0.14237108826637268,0.7657496929168701,0.38605058193206787,0.46226930618286133,0.17188604176044464,0.31828877329826355,0.3605632185935974,0.5924192667007446,-0.08973625302314758,0.5502360463142395,0.3697989583015442,0.46973246335983276,0.14192047715187073,0.4621489346027374,0.4151129722595215,0.5907166600227356,-0.07954142987728119,0.9998285174369812,0.4079627990722656,0.5905067324638367,0.0793503001332283,0.9997630715370178,0.4172028601169586,0.7304083108901978,-0.1486317217350006,0.7602409720420837,0.3566978871822357,0.6920484900474548,-0.018108759075403214,0.5531765818595886,0.4781632423400879,0.8211079239845276,-0.1534610390663147,0.750045895576477,0.3525901734828949,0.8315961360931396,-0.06733180582523346,0.6789672374725342,0.48951658606529236,0.8670021891593933,-0.21088135242462158,0.7223502397537231,0.32149046659469604,0.8671236038208008,-0.11863191425800323,0.6804116368293762
214,7.133333333333334,0.3277733623981476,0.3986610770225525,-0.15806201100349426,0.984721302986145,0.3611297309398651,0.4506269097328186,-0.22626729309558868,0.9998955130577087,0.35945114493370056,0.41864773631095886,0.026437411084771156,0.9993188977241516,0.38005852699279785,0.5317007303237915,-0.2544287145137787,0.7743566632270813,0.3851929306983948,0.47506996989250183,0.0880092978477478,0.2870211899280548,0.36105385422706604,0.5948638916015625,-0.24652671813964844,0.5504475831985474,0.36728349328041077,0.4934433698654175,0.060436420142650604,0.4197595417499542,0.4159296452999115,0.5910127758979797,-0.07772941887378693,0.9998367428779602,0.40250706672668457,0.5903441309928894,0.0775628387928009,0.9997747540473938,0.4167686402797699,0.7307889461517334,-0.14940527081489563,0.7557222247123718,0.35336631536483765,0.6913008689880371,-0.008455161936581135,0.5400762557983398,0.48590683937072754,0.8200007081031799,-0.1417931765317917,0.7345982789993286,0.34914809465408325,0.8334007263183594,-0.010474651120603085,0.6832306981086731,0.49639788269996643,0.8671388626098633,-0.19021114706993103,0.703217089176178,0.31734296679496765,0.8668566346168518,-0.06288209557533264,0.6830883026123047
215,7.166666666666667,0.32410725951194763,0.39729347825050354,-0.09804308414459229,0.9861792325973511,0.35941213369369507,0.45096591114997864,-0.17110180854797363,0.9998942613601685,0.3570359945297241,0.414622962474823,0.04710154980421066,0.999248743057251,0.3776974380016327,0.529062032699585,-0.24625809490680695,0.780503511428833,0.3684229850769043,0.33757883310317993,0.09134151041507721,0.2719365060329437,0.3584386110305786,0.5839520692825317,-0.13697877526283264,0.561312735080719,0.3651055693626404,0.2783820331096649,0.07033286243677139,0.4005305767059326,0.4156346321105957,0.5880093574523926,-0.07749664038419724,0.9998457431793213,0.4030534327030182,0.5886216759681702,0.07733621448278427,0.999788761138916,0.4170020520687103,0.73114013671875,-0.15368016064167023,0.7578509449958801,0.3531847596168518,0.6909045577049255,-0.0030201408080756664,0.5347428917884827,0.4877372682094574,0.8197093605995178,-0.1211588978767395,0.7305216789245605,0.3479122221469879,0.8333476781845093,-0.020637929439544678,0.697209894657135,0.4992263913154602,0.8674690127372742,-0.18055854737758636,0.6980915069580078,0.31775277853012085,0.8667123317718506,-0.07926048338413239,0.6968754529953003
216,7.2,0.32628923654556274,0.39942190051078796,-0.08319052308797836,0.9874489307403564,0.3620190918445587,0.45263561606407166,-0.1699366271495819,0.9998992085456848,0.3582441210746765,0.4165409207344055,0.05603673309087753,0.9992811679840088,0.3817588686943054,0.5343687534332275,-0.20210659503936768,0.7890324592590332,0.36914703249931335,0.41861411929130554,0.09292753785848618,0.248135045170784,0.3636350631713867,0.5878642797470093,-0.1437307894229889,0.570185661315918,0.36521977186203003,0.4168505072593689,0.050368648022413254,0.3745868504047394,0.415048748254776,0.5889362692832947,-0.07689841091632843,0.9998561143875122,0.40361133217811584,0.587797999382019,0.07674988359212875,0.999803364276886,0.41781729459762573,0.7313535809516907,-0.14302696287631989,0.7761099338531494,0.35331109166145325,0.6912904977798462,-0.006568202283233404,0.5610377192497253,0.4876357614994049,0.8190817832946777,-0.11808691918849945,0.7490225434303284,0.34820109605789185,0.8338100910186768,-0.041348639875650406,0.7225198149681091,0.4981127381324768,0.8678646683692932,-0.17497704923152924,0.7159494757652283,0.312115341424942,0.8665648698806763,-0.0919676348567009,0.7214285135269165
217,7.233333333333333,0.3127557039260864,0.425709992647171,-0.1983327716588974,0.9886474013328552,0.3504360318183899,0.4564853608608246,-0.23770961165428162,0.9998956322669983,0.3435429334640503,0.4173389971256256,-0.052130453288555145,0.9992911219596863,0.36684370040893555,0.5588817000389099,-0.22784094512462616,0.7694730758666992,0.3138909935951233,0.3318313956260681,-0.05831669643521309,0.25025370717048645,0.33407145738601685,0.5934897065162659,-0.16566529870033264,0.5470026731491089,0.2934809923171997,0.25646570324897766,-0.12925395369529724,0.37664610147476196,0.4004547595977783,0.5729752779006958,-0.06864246726036072,0.9998608827590942,0.38971322774887085,0.5759769082069397,0.06851506978273392,0.999815821647644,0.3884868919849396,0.7218087315559387,-0.13937880098819733,0.7575832605361938,0.3502097725868225,0.689857542514801,-0.03332875296473503,0.5613113045692444,0.4560472369194031,0.814479649066925,-0.07161595672369003,0.7305110692977905,0.3474063575267792,0.8346983790397644,-0.038356583565473557,0.7331534624099731,0.4661460816860199,0.8694018125534058,-0.13759204745292664,0.6924013495445251,0.3121452331542969,0.8700696229934692,-0.10629516839981079,0.7296450138092041
218,7.266666666666667,0.3078637719154358,0.42743539810180664,-0.048147689551115036,0.9888179302215576,0.3383132219314575,0.4286295473575592,-0.11132490634918213,0.9998908638954163,0.3423217833042145,0.4503070116043091,0.08811771124601364,0.9992974400520325,0.3128490746021271,0.33970698714256287,-0.16547460854053497,0.7890373468399048,0.33853256702423096,0.5202046036720276,0.11637449264526367,0.22847317159175873,0.2900279760360718,0.2336597442626953,-0.16667214035987854,0.5881993770599365,0.32585182785987854,0.5746177434921265,0.03452175855636597,0.35769879817962646,0.401242196559906,0.564886212348938,-0.06565432250499725,0.9998688101768494,0.3906309902667999,0.5736783146858215,0.0654439926147461,0.9998247623443604,0.387842059135437,0.7169854044914246,-0.1452774703502655,0.7797317504882812,0.34723496437072754,0.6882838010787964,-0.022597722709178925,0.5929301381111145,0.45454517006874084,0.8110588192939758,-0.08050519973039627,0.7512480616569519,0.3485690951347351,0.8344915509223938,-0.012424251064658165,0.754819393157959,0.4613417685031891,0.8704186081886292,-0.1442437618970871,0.713218092918396,0.31531333923339844,0.8724637627601624,-0.07011018693447113,0.748928427696228
219,7.3,0.30362680554389954,0.4239712655544281,-0.03417892009019852,0.9885410070419312,0.33562663197517395,0.4210607409477234,-0.09410901367664337,0.9998837113380432,0.34216755628585815,0.4458434581756592,0.10941962897777557,0.9992857575416565,0.3091781735420227,0.32676446437835693,-0.1470704823732376,0.8055318593978882,0.3491573929786682,0.5229507088661194,0.14657306671142578,0.20789723098278046,0.2887329161167145,0.22698868811130524,-0.1596364676952362,0.6237685084342957,0.3356207013130188,0.5815445184707642,0.07501775771379471,0.3328920304775238,0.4015011787414551,0.564900815486908,-0.06434430181980133,0.9998754858970642,0.3901995122432709,0.5719982385635376,0.06409662216901779,0.9998317360877991,0.38730624318122864,0.7152056097984314,-0.14304861426353455,0.7984642386436462,0.3481219410896301,0.68846595287323,-0.016547996550798416,0.6175235509872437,0.4524869918823242,0.8093413710594177,-0.07491549104452133,0.7664963006973267,0.3488157093524933,0.8339703679084778,0.008995259180665016,0.7719934582710266,0.46080097556114197,0.8705635666847229,-0.13438141345977783,0.727422833442688,0.31601256132125854,0.8737714290618896,-0.044603679329156876,0.762817919254303
220,7.333333333333333,0.3034828305244446,0.4237096607685089,-0.05035620927810669,0.9887303709983826,0.33589810132980347,0.42280933260917664,-0.09896862506866455,0.9998767375946045,0.34185418486595154,0.44411441683769226,0.06378810107707977,0.9993056058883667,0.3095361590385437,0.3317715525627136,-0.1863372027873993,0.8190172910690308,0.3521113991737366,0.5237794518470764,0.08406505733728409,0.19151805341243744,0.289969265460968,0.22897399961948395,-0.21671755611896515,0.6542114019393921,0.33951759338378906,0.5840397477149963,-0.00944230705499649,0.3171042501926422,0.40173715353012085,0.5639154314994812,-0.06202320009469986,0.9998816847801208,0.3894236087799072,0.5703582763671875,0.06175283342599869,0.9998396635055542,0.38703179359436035,0.713736891746521,-0.14271195232868195,0.8141108751296997,0.3476749062538147,0.6877051591873169,0.0004997189389541745,0.637964129447937,0.45164746046066284,0.8078088760375977,-0.06556692719459534,0.778872013092041,0.3491068184375763,0.8332377076148987,0.023320455104112625,0.7872314453125,0.4607771933078766,0.8706328272819519,-0.12552306056022644,0.7389295697212219,0.3166058659553528,0.8740001320838928,-0.03026403859257698,0.7755963206291199
221,7.366666666666666,0.2948012351989746,0.42695435881614685,0.0022835645359009504,0.9895976185798645,0.3265521228313446,0.42350438237190247,-0.08652911335229874,0.9998632073402405,0.3382876515388489,0.44603317975997925,0.1263187825679779,0.999336838722229,0.29013630747795105,0.3646133542060852,-0.1537286639213562,0.8324025273323059,0.34886783361434937,0.5200752019882202,0.13800138235092163,0.18012380599975586,0.26453685760498047,0.2957904040813446,-0.1693309247493744,0.6726353168487549,0.3305738568305969,0.581264853477478,0.045267511159181595,0.29258841276168823,0.3883824944496155,0.5665133595466614,-0.06452543288469315,0.9998895525932312,0.3860245645046234,0.5702457427978516,0.06423155218362808,0.9998508095741272,0.3720310926437378,0.7063268423080444,-0.14219999313354492,0.8307986855506897,0.3487195074558258,0.6878588795661926,-0.007772940210998058,0.6628598570823669,0.4349419176578522,0.8028023838996887,-0.09598004072904587,0.7957518100738525,0.34804973006248474,0.8310480117797852,-0.018889224156737328,0.8023165464401245,0.4420207142829895,0.8704753518104553,-0.1421888768672943,0.7565286159515381,0.31102627515792847,0.8724817037582397,-0.06240382045507431,0.7893856167793274
222,7.4,0.290303111076355,0.4252018332481384,-0.04401228204369545,0.9903349876403809,0.32619142532348633,0.4258148968219757,-0.13322339951992035,0.999845027923584,0.33721238374710083,0.4483191668987274,0.08876515924930573,0.999374508857727,0.28716880083084106,0.3633629381656647,-0.20320002734661102,0.8429930806159973,0.34667661786079407,0.5224497318267822,0.0861286073923111,0.17436209321022034,0.25901731848716736,0.30856239795684814,-0.22153517603874207,0.686852216720581,0.3314560055732727,0.5895153284072876,-0.020759958773851395,0.2783178687095642,0.38756075501441956,0.5678939819335938,-0.06578278541564941,0.9998943209648132,0.3850628733634949,0.5700191855430603,0.06548754870891571,0.9998587965965271,0.37012726068496704,0.7056745886802673,-0.13442127406597137,0.8432665467262268,0.34990841150283813,0.6903502345085144,0.005723115988075733,0.6771143674850464,0.4342908263206482,0.8016862869262695,-0.08202485740184784,0.8082911968231201,0.3476637005805969,0.83082515001297,0.0136637594550848,0.8133676648139954,0.43853560090065,0.8704977035522461,-0.1320326030254364,0.7690683603286743,0.3094763159751892,0.8723033666610718,-0.027794796973466873,0.7989057302474976
223,7.433333333333334,0.29158738255500793,0.4275185167789459,0.02184106968343258,0.9906119704246521,0.3253477215766907,0.4263398349285126,-0.0637141764163971,0.9997859001159668,0.3387334644794464,0.451068252325058,0.1303425431251526,0.9994012117385864,0.2926567494869232,0.37327834963798523,-0.11397899687290192,0.7970939874649048,0.35110121965408325,0.5344010591506958,0.14458338916301727,0.15881267189979553,0.26635876297950745,0.3150973916053772,-0.11251626163721085,0.634459912776947,0.33382880687713623,0.5886901617050171,0.056882280856370926,0.2682661712169647,0.38648679852485657,0.5673388838768005,-0.06261180341243744,0.9998986721038818,0.3853745460510254,0.5702558755874634,0.06231056526303291,0.9998683333396912,0.36811915040016174,0.702863872051239,-0.12946708500385284,0.8401033878326416,0.35092607140541077,0.6910467147827148,-0.004738407209515572,0.6608151197433472,0.43419986963272095,0.8010623455047607,-0.07996740937232971,0.7929702401161194,0.34705284237861633,0.8301413059234619,0.0034531354904174805,0.7981468439102173,0.43883267045021057,0.8705270290374756,-0.1277664601802826,0.7441087365150452,0.30867600440979004,0.8721039891242981,-0.033669643104076385,0.77667236328125
224,7.466666666666667,0.2917335331439972,0.42918577790260315,-0.001262682257220149,0.9911872744560242,0.32640427350997925,0.4301050305366516,-0.08451106399297714,0.999750554561615,0.33984509110450745,0.45595818758010864,0.11282414197921753,0.9994357228279114,0.2970161736011505,0.3846457898616791,-0.13035951554775238,0.7492263317108154,0.35014277696609497,0.5344196557998657,0.12889930605888367,0.14591754972934723,0.2756212651729584,0.4101363718509674,-0.1301794946193695,0.5804445743560791,0.33486610651016235,0.5885836482048035,0.04291006922721863,0.26341432332992554,0.3863598108291626,0.5675883889198303,-0.061612315475940704,0.9999039769172668,0.38439375162124634,0.571257472038269,0.061332959681749344,0.9998785257339478,0.36803412437438965,0.7031813859939575,-0.11565065383911133,0.8368181586265564,0.35152891278266907,0.6924064755439758,-0.004098317585885525,0.6565701365470886,0.4337831139564514,0.8004052042961121,-0.06688972562551498,0.7822801470756531,0.34681808948516846,0.8301140069961548,0.004335607402026653,0.7917778491973877,0.438793420791626,0.869594395160675,-0.1174718588590622,0.7226443886756897,0.30946114659309387,0.8719591498374939,-0.036161284893751144,0.7631608843803406
225,7.5,0.2915198802947998,0.4284340441226959,-0.007783098611980677,0.9918398857116699,0.32599756121635437,0.43015649914741516,-0.09016180038452148,0.9997439980506897,0.33965712785720825,0.45907431840896606,0.11380662024021149,0.9994683265686035,0.2901621460914612,0.366990327835083,-0.13861781358718872,0.7528648376464844,0.3546527624130249,0.5437064170837402,0.12819655239582062,0.13510024547576904,0.266783744096756,0.3163870573043823,-0.13220487534999847,0.587640106678009,0.3343062102794647,0.5935918688774109,0.036718010902404785,0.2723159193992615,0.3868390619754791,0.5663653612136841,-0.061741381883621216,0.9999089241027832,0.38370421528816223,0.5714019536972046,0.06147613003849983,0.9998863339424133,0.3691015839576721,0.7029558420181274,-0.1207021102309227,0.846393883228302,0.3517810106277466,0.6926292777061462,-0.01311521977186203,0.6666332483291626,0.4336819648742676,0.8005907535552979,-0.08927778899669647,0.7916945219039917,0.3463623821735382,0.830051064491272,-0.022992603480815887,0.8016921877861023,0.4384952187538147,0.8696066737174988,-0.14701883494853973,0.7322500348091125,0.3079264163970947,0.8716474175453186,-0.07191481441259384,0.7730668187141418
226,7.533333333333333,0.2906685769557953,0.42792701721191406,-0.006889612413942814,0.9924250245094299,0.3243723511695862,0.43011242151260376,-0.08973568677902222,0.9997402429580688,0.33971279859542847,0.4595474600791931,0.11426534503698349,0.9994882941246033,0.2888471484184265,0.36543282866477966,-0.14085653424263,0.7585170269012451,0.35709378123283386,0.5440863966941833,0.12337537854909897,0.1243428960442543,0.2663883566856384,0.3107154071331024,-0.13714741170406342,0.5931403040885925,0.33501309156417847,0.592527449131012,0.03148669749498367,0.2631464898586273,0.38639238476753235,0.5667218565940857,-0.061831600964069366,0.9999142289161682,0.38369977474212646,0.5718430280685425,0.06157910078763962,0.9998937249183655,0.3690038323402405,0.7021443843841553,-0.12611959874629974,0.8558623790740967,0.3516528606414795,0.6925390958786011,-0.011513611301779747,0.6744896769523621,0.43345338106155396,0.8006423711776733,-0.09707926958799362,0.8011147975921631,0.34629976749420166,0.8300493955612183,-0.02505674958229065,0.8107238411903381,0.43859824538230896,0.869236171245575,-0.15570464730262756,0.7417258024215698,0.30766141414642334,0.8716196417808533,-0.0754207968711853,0.7821094989776611
227,7.566666666666666,0.28998881578445435,0.42847001552581787,-0.01883567124605179,0.9926079511642456,0.3245702087879181,0.4308597445487976,-0.09842385351657867,0.9997207522392273,0.3390631675720215,0.4575927257537842,0.10868699848651886,0.9995014071464539,0.2939406633377075,0.3663268983364105,-0.15888676047325134,0.7274357080459595,0.3578104078769684,0.5388675332069397,0.113325335085392,0.11332003772258759,0.27177584171295166,0.3897523581981659,-0.16868796944618225,0.5503403544425964,0.33547598123550415,0.5916280746459961,0.017509687691926956,0.24439004063606262,0.3860303461551666,0.5667831301689148,-0.0621488094329834,0.9999189972877502,0.3840249478816986,0.5721091628074646,0.06189538910984993,0.9999012351036072,0.36774247884750366,0.7020770311355591,-0.12474416196346283,0.8543005585670471,0.3515400290489197,0.6925342679023743,-0.006475482136011124,0.6709179878234863,0.43309473991394043,0.8004979491233826,-0.07748416066169739,0.7962296009063721,0.34636399149894714,0.8301594257354736,-0.007673472166061401,0.8108137845993042,0.4383111894130707,0.8685529828071594,-0.13236847519874573,0.7303715944290161,0.3080701529979706,0.871545672416687,-0.05571652203798294,0.7783035039901733
228,7.6,0.2901555895805359,0.4285148084163666,-0.0654967650771141,0.9932864308357239,0.3251977264881134,0.4334545433521271,-0.14903727173805237,0.9997302889823914,0.3374558985233307,0.45670631527900696,0.06683126837015152,0.9995329976081848,0.30195146799087524,0.4626380205154419,-0.18906483054161072,0.714059054851532,0.34886592626571655,0.5353569984436035,0.07947476208209991,0.1055445596575737,0.28484636545181274,0.4935337007045746,-0.17798534035682678,0.514143168926239,0.3352477252483368,0.5922914147377014,-0.0059524900279939175,0.23688079416751862,0.38633477687835693,0.5677017569541931,-0.06271366029977798,0.9999250173568726,0.3832256495952606,0.5725463032722473,0.0625007376074791,0.9999095797538757,0.3678041398525238,0.7028359174728394,-0.10800181329250336,0.8622773885726929,0.3514735698699951,0.6925392746925354,0.007651051040738821,0.6870270371437073,0.4328838884830475,0.8002235293388367,-0.05620945245027542,0.8066886067390442,0.34639471769332886,0.8301218748092651,0.007384329102933407,0.822425365447998,0.43955913186073303,0.868166446685791,-0.10876232385635376,0.739374577999115,0.3082839846611023,0.8715096116065979,-0.03982963785529137,0.7899342179298401
229,7.633333333333334,0.27512413263320923,0.42864638566970825,-0.09031470865011215,0.9907304644584656,0.31311744451522827,0.4328825771808624,-0.1732783019542694,0.9995734691619873,0.32131174206733704,0.4453996419906616,0.04053625464439392,0.999538242816925,0.2718327045440674,0.4389084279537201,-0.25812023878097534,0.6994278430938721,0.34684741497039795,0.5335368514060974,0.08742066472768784,0.09866077452898026,0.2419425994157791,0.44237539172172546,-0.30358225107192993,0.48563480377197266,0.3164918124675751,0.5962686538696289,0.03721054270863533,0.23238004744052887,0.3745580017566681,0.5675783157348633,-0.06477705389261246,0.99992436170578,0.3772851824760437,0.5655497908592224,0.06456128507852554,0.9999136924743652,0.342483252286911,0.6964709162712097,-0.10779577493667603,0.8650473952293396,0.3407796025276184,0.6902602910995483,0.02930484712123871,0.6868480443954468,0.40580812096595764,0.792299211025238,-0.04770622402429581,0.8172335624694824,0.3459089398384094,0.8298379778862,0.06096825748682022,0.8283423781394958,0.3997727930545807,0.8614363670349121,-0.10145827382802963,0.7526397109031677,0.30747300386428833,0.870134711265564,0.01889992505311966,0.7953749895095825
230,7.666666666666667,0.271817147731781,0.4283449947834015,-0.0716431587934494,0.9863029718399048,0.3079482316970825,0.4320075213909149,-0.15279902517795563,0.9994208216667175,0.317588746547699,0.4407969117164612,0.06089330464601517,0.9994971752166748,0.26695623993873596,0.43708470463752747,-0.22800087928771973,0.6577256321907043,0.3461592495441437,0.532268762588501,0.0989239364862442,0.08952479064464569,0.24651291966438293,0.41808268427848816,-0.25506025552749634,0.4446282386779785,0.3119526505470276,0.5919685959815979,0.043775029480457306,0.2147427648305893,0.37265434861183167,0.5668858289718628,-0.06686622649431229,0.9999244213104248,0.3745352625846863,0.5624707341194153,0.06664840877056122,0.9999173283576965,0.33971452713012695,0.694959819316864,-0.10847343504428864,0.8505946397781372,0.33732980489730835,0.6886935234069824,0.0271803829818964,0.6614682674407959,0.402578741312027,0.7896409034729004,-0.05406373739242554,0.8142402172088623,0.3459719121456146,0.8293811082839966,0.05801462382078171,0.8160338997840881,0.3941130042076111,0.8603975772857666,-0.11092342436313629,0.7461583614349365,0.30788230895996094,0.8699673414230347,0.016165630891919136,0.7791721224784851
231,7.7,0.27227306365966797,0.42555153369903564,-0.005097552668303251,0.9869661927223206,0.30647751688957214,0.4314079284667969,-0.1017821654677391,0.9993995428085327,0.3199852705001831,0.43784239888191223,0.10893142223358154,0.9994819164276123,0.27961739897727966,0.4501435160636902,-0.16997697949409485,0.6216973662376404,0.3472446799278259,0.5257890820503235,0.13671144843101501,0.08147837966680527,0.252798855304718,0.44874218106269836,-0.18199947476387024,0.40490037202835083,0.31810837984085083,0.5903136134147644,0.08010166883468628,0.1970052719116211,0.3705039620399475,0.5668901801109314,-0.06696189194917679,0.9999282956123352,0.3758384585380554,0.560848593711853,0.06675143539905548,0.9999231696128845,0.33864712715148926,0.6938770413398743,-0.10284678637981415,0.8598378300666809,0.33688464760780334,0.6884084343910217,0.02129198983311653,0.6703196167945862,0.4022853374481201,0.7879955768585205,-0.057278089225292206,0.8280446529388428,0.3459267020225525,0.8288726806640625,0.04388512298464775,0.824254035949707,0.39323562383651733,0.8604740500450134,-0.1107155829668045,0.7617546319961548,0.308008074760437,0.8699527382850647,0.004105507396161556,0.7859326004981995
232,7.733333333333333,0.2736286520957947,0.4252115786075592,0.018676210194826126,0.9871454238891602,0.30730757117271423,0.43140891194343567,-0.08638180792331696,0.9993779063224792,0.32168030738830566,0.43850961327552795,0.13128021359443665,0.9994478821754456,0.27150416374206543,0.4214436113834381,-0.14007672667503357,0.5932556986808777,0.3477851450443268,0.5255802869796753,0.1453072875738144,0.07418669015169144,0.2613564729690552,0.42740604281425476,-0.12845732271671295,0.3723691701889038,0.31685349345207214,0.5884091854095459,0.07002931833267212,0.1813039481639862,0.3697473108768463,0.5669969916343689,-0.06803799420595169,0.9999303817749023,0.3761322796344757,0.5620096921920776,0.0678122267127037,0.9999266266822815,0.3387320935726166,0.6931889057159424,-0.10559380054473877,0.8625284433364868,0.3373032212257385,0.6885057091712952,0.020495295524597168,0.6559320688247681,0.4021145701408386,0.7863538861274719,-0.08498498797416687,0.8364887237548828,0.3459463119506836,0.8282678127288818,0.035821933299303055,0.8202015161514282,0.39365288615226746,0.859119176864624,-0.13937047123908997,0.7705585360527039,0.3076879680156708,0.8695794939994812,-0.007425521966069937,0.781735360622406
233,7.766666666666667,0.25747400522232056,0.42521438002586365,0.00551448343321681,0.9882907271385193,0.2867952287197113,0.42996418476104736,-0.10104221105575562,0.9994210600852966,0.3092585802078247,0.4341942369937897,0.12865149974822998,0.999471127986908,0.2787541151046753,0.4602004289627075,-0.2070380002260208,0.5695728659629822,0.3401085138320923,0.5248399972915649,0.14615601301193237,0.06744726747274399,0.26200300455093384,0.4904482662677765,-0.24806241691112518,0.34663230180740356,0.31149622797966003,0.5896357297897339,0.08008302003145218,0.1681143045425415,0.3535568118095398,0.5641908645629883,-0.07487698644399643,0.9999321103096008,0.3691787123680115,0.5596738457679749,0.07464376091957092,0.9999303817749023,0.31931424140930176,0.6869169473648071,-0.10857222974300385,0.8389813899993896,0.3274422883987427,0.6861041188240051,0.029746387153863907,0.6170094013214111,0.3757769465446472,0.7822385430335999,-0.081597238779068,0.8221381902694702,0.3451930284500122,0.828143835067749,0.03639325127005577,0.7970673441886902,0.36209994554519653,0.8486366868019104,-0.13502593338489532,0.7570639848709106,0.3077864944934845,0.8662169575691223,-0.003948227968066931,0.7628250122070312
234,7.8,0.2581835389137268,0.425665020942688,0.09255070984363556,0.9894213080406189,0.2825024127960205,0.42622146010398865,-0.05418505147099495,0.9994735717773438,0.30975276231765747,0.43118804693222046,0.16740600764751434,0.9995023012161255,0.26765841245651245,0.47368940711021423,-0.13841693103313446,0.5826299786567688,0.34133926033973694,0.5235351324081421,0.16336268186569214,0.061912864446640015,0.25530171394348145,0.5275563597679138,-0.14041879773139954,0.34818071126937866,0.3140542209148407,0.5952907800674438,0.10159774124622345,0.15714097023010254,0.3517097234725952,0.5599939227104187,-0.0745217427611351,0.9999368190765381,0.3668695092201233,0.5570736527442932,0.07431338727474213,0.999935507774353,0.3175800144672394,0.6841925978660583,-0.09983836114406586,0.8471867442131042,0.32448941469192505,0.6842671632766724,0.023641634732484818,0.6061951518058777,0.37293142080307007,0.7800853252410889,-0.09444983303546906,0.8340592980384827,0.34391462802886963,0.8283369541168213,-6.70079534756951e-05,0.7997851967811584,0.35985249280929565,0.8480027914047241,-0.14430037140846252,0.7720139026641846,0.3076898157596588,0.8640286922454834,-0.04092536121606827,0.7688667178153992
235,7.833333333333333,0.256206750869751,0.42564696073532104,0.0796084851026535,0.9904378056526184,0.2830987572669983,0.4257955849170685,-0.043273769319057465,0.9995152354240417,0.3107287883758545,0.43037936091423035,0.1695486456155777,0.9995323419570923,0.2721918821334839,0.45797908306121826,-0.14574773609638214,0.5554907321929932,0.3417154550552368,0.5226008296012878,0.17251130938529968,0.056432437151670456,0.2557240128517151,0.478606641292572,-0.16526851058006287,0.3280026614665985,0.3164214491844177,0.5949699282646179,0.11004074662923813,0.14575739204883575,0.35085150599479675,0.5601695775985718,-0.07407540827989578,0.9999405741691589,0.3669348955154419,0.5566450953483582,0.07390400022268295,0.9999402165412903,0.31843504309654236,0.6838858127593994,-0.10372239351272583,0.8365035057067871,0.32581469416618347,0.6839467287063599,0.016242384910583496,0.5802486538887024,0.37370288372039795,0.7793830633163452,-0.09822490811347961,0.8282113075256348,0.34216567873954773,0.8281570672988892,-0.00734981382265687,0.7873467206954956,0.3610435426235199,0.8455049395561218,-0.14499729871749878,0.7671006321907043,0.30598586797714233,0.8639261722564697,-0.04638536646962166,0.760513186454773
236,7.866666666666666,0.25546392798423767,0.42605578899383545,0.04178620129823685,0.9913386702537537,0.2851722538471222,0.425456166267395,-0.06585100293159485,0.9995532035827637,0.3076470196247101,0.429742693901062,0.15194423496723175,0.999563455581665,0.28418347239494324,0.46604225039482117,-0.15570347011089325,0.5254473090171814,0.34045639634132385,0.522441029548645,0.16683797538280487,0.05158056691288948,0.2676052153110504,0.5035287141799927,-0.1867796629667282,0.3020794987678528,0.31753459572792053,0.5954145789146423,0.11006774753332138,0.13664399087429047,0.35216763615608215,0.5575147271156311,-0.07305920124053955,0.999943196773529,0.3653666377067566,0.5561686754226685,0.07285933196544647,0.999944269657135,0.3191509246826172,0.6839776635169983,-0.10436223447322845,0.8294498920440674,0.3261426091194153,0.6837560534477234,0.020805681124329567,0.5611311793327332,0.3737737536430359,0.7791081666946411,-0.07895009219646454,0.8252348899841309,0.34206894040107727,0.8275529742240906,0.016211286187171936,0.7802118062973022,0.36187976598739624,0.844692587852478,-0.12195314466953278,0.7658144235610962,0.3058835566043854,0.8640401363372803,-0.022022176533937454,0.756475031375885
237,7.9,0.24230897426605225,0.4169609844684601,0.031725503504276276,0.9920204877853394,0.2618866562843323,0.4245046377182007,-0.09591079503297806,0.9995928406715393,0.2880993187427521,0.4187423586845398,0.1470196545124054,0.9994962215423584,0.27793121337890625,0.4850941002368927,-0.196553036570549,0.5412120223045349,0.3268210291862488,0.46940332651138306,0.1567421853542328,0.04653114452958107,0.2836098372936249,0.5656190514564514,-0.22651958465576172,0.29414287209510803,0.33472034335136414,0.5274245142936707,0.09688366949558258,0.12330462783575058,0.33665207028388977,0.5538051128387451,-0.07887937128543854,0.999945342540741,0.3541124761104584,0.5533362030982971,0.07876311242580414,0.9999450445175171,0.29937294125556946,0.672723650932312,-0.10514400899410248,0.8302949666976929,0.32309451699256897,0.6835739612579346,0.002534735482186079,0.5282701849937439,0.346446692943573,0.779716432094574,-0.13768234848976135,0.8355534672737122,0.34037819504737854,0.8247078657150269,-0.03936532139778137,0.7635658383369446,0.32191410660743713,0.8463958501815796,-0.20808494091033936,0.7815048694610596,0.3061225116252899,0.863787829875946,-0.09636728465557098,0.750525712966919
238,7.933333333333334,0.2429206669330597,0.4088088572025299,0.12902884185314178,0.9928069710731506,0.257860004901886,0.4242272973060608,-0.045590776950120926,0.9996331930160522,0.28975623846054077,0.4180183708667755,0.20066359639167786,0.9995125532150269,0.27876824140548706,0.4697442650794983,-0.17381158471107483,0.5830190181732178,0.32335135340690613,0.47015342116355896,0.17907531559467316,0.042542871087789536,0.31164687871932983,0.5362433195114136,-0.2170749455690384,0.34260308742523193,0.3327406942844391,0.5294440984725952,0.1163829118013382,0.11143467575311661,0.334044873714447,0.5491682887077332,-0.08100792020559311,0.9999473094940186,0.35366013646125793,0.5473728179931641,0.08081512153148651,0.9999426007270813,0.2997004985809326,0.6695448756217957,-0.12061096727848053,0.8448815941810608,0.3234706223011017,0.6740582585334778,0.0015323562547564507,0.5140014886856079,0.34375321865081787,0.7798003554344177,-0.21752603352069855,0.8503173589706421,0.34045442938804626,0.8009538650512695,-0.07392899692058563,0.759056568145752,0.3164122700691223,0.8507668972015381,-0.2890346050262451,0.8015152812004089,0.3106576204299927,0.8543450236320496,-0.12060068547725677,0.7567941546440125
239,7.966666666666667,0.24153068661689758,0.40377748012542725,0.12131816148757935,0.9935193657875061,0.25762155652046204,0.4240720868110657,-0.04239174723625183,0.9996696710586548,0.2888578772544861,0.4182727336883545,0.19848600029945374,0.9995418787002563,0.28410032391548157,0.46862664818763733,-0.17104670405387878,0.6181315779685974,0.32669970393180847,0.4625280499458313,0.17391911149024963,0.03901885077357292,0.31880873441696167,0.5152100324630737,-0.22843201458454132,0.37646007537841797,0.33632564544677734,0.5084500908851624,0.10311259329319,0.10066509246826172,0.33516770601272583,0.5463109612464905,-0.08113934099674225,0.9999505877494812,0.3546006679534912,0.5460701584815979,0.08093707263469696,0.9999442100524902,0.29856783151626587,0.6664181351661682,-0.11871998012065887,0.8576003909111023,0.3221522867679596,0.6757104992866516,-0.012595008127391338,0.5073867440223694,0.3428438901901245,0.7765733599662781,-0.1979057639837265,0.8633636236190796,0.33871695399284363,0.8087161779403687,-0.09832252562046051,0.7630345821380615,0.3217927813529968,0.8487851619720459,-0.26368963718414307,0.8197733759880066,0.3097446858882904,0.8564110398292542,-0.15005826950073242,0.7700247764587402
240,8.0,0.2408546656370163,0.40270617604255676,0.10366575419902802,0.9941524863243103,0.2572253346443176,0.4227900505065918,-0.05140898376703262,0.9997022151947021,0.2855236530303955,0.41835150122642517,0.19235274195671082,0.9995500445365906,0.28227001428604126,0.44950878620147705,-0.1711866557598114,0.6392419934272766,0.32504576444625854,0.46097487211227417,0.16771401464939117,0.03526829555630684,0.31689488887786865,0.5133758783340454,-0.22557179629802704,0.3859424293041229,0.3378222584724426,0.5037317276000977,0.08501654863357544,0.09104388952255249,0.3362083435058594,0.5428036451339722,-0.08202414959669113,0.9999520778656006,0.35484498739242554,0.5437171459197998,0.08182723820209503,0.999943196773529,0.2990162968635559,0.6665174961090088,-0.11847513914108276,0.8653688430786133,0.3200664222240448,0.6733939051628113,-0.0077186585403978825,0.4753085970878601,0.34327763319015503,0.7771921157836914,-0.18756018579006195,0.8724899888038635,0.33842703700065613,0.8101218938827515,-0.07055528461933136,0.7391776442527771,0.31905362010002136,0.8500837683677673,-0.2558535635471344,0.8336709141731262,0.3104974627494812,0.8570207953453064,-0.11845395714044571,0.7621774673461914
241,8.033333333333333,0.23254719376564026,0.39622077345848083,0.0942813903093338,0.9941650629043579,0.24659483134746552,0.42677709460258484,-0.05892334133386612,0.9997287392616272,0.27646583318710327,0.41164350509643555,0.17675825953483582,0.9994931817054749,0.24876311421394348,0.5244885087013245,-0.12976370751857758,0.6489881277084351,0.3075384795665741,0.46218764781951904,0.19683517515659332,0.03185492381453514,0.2490638941526413,0.6231081485748291,-0.0843798965215683,0.38172391057014465,0.3156246244907379,0.5202186107635498,0.1852720081806183,0.08255612850189209,0.3182368874549866,0.5447773933410645,-0.08094107359647751,0.9999529719352722,0.3437210023403168,0.5414724349975586,0.08073188364505768,0.9999430179595947,0.2717868685722351,0.6533800959587097,-0.10019505023956299,0.8696990013122559,0.3207063674926758,0.6736171245574951,0.009869980625808239,0.4726666212081909,0.32450103759765625,0.7501906752586365,-0.16086730360984802,0.8810161352157593,0.3384905755519867,0.8121064901351929,-0.06755256652832031,0.7537038326263428,0.30822813510894775,0.8144404292106628,-0.224163219332695,0.8441044092178345,0.31192445755004883,0.8563560247421265,-0.11904839426279068,0.774264931678772
242,8.066666666666666,0.22641868889331818,0.38347113132476807,0.04239732772111893,0.9941779971122742,0.24540412425994873,0.4270433783531189,-0.09825477004051208,0.9997503757476807,0.2740155756473541,0.39747869968414307,0.13396817445755005,0.9994398355484009,0.2609470784664154,0.5210136771202087,-0.14564485847949982,0.6404380202293396,0.31118232011795044,0.4558623433113098,0.1839268058538437,0.028782714158296585,0.2526055574417114,0.6174794435501099,-0.11953159421682358,0.35764890909194946,0.31475597620010376,0.5123379826545715,0.14374209940433502,0.07471763342618942,0.31782305240631104,0.5459640026092529,-0.07928909361362457,0.9999529719352722,0.3414910137653351,0.5403239130973816,0.07918871939182281,0.9999421238899231,0.2741503119468689,0.6526669263839722,-0.10077913105487823,0.8725883364677429,0.31969839334487915,0.6696170568466187,0.009932400658726692,0.46046826243400574,0.32243698835372925,0.7546924948692322,-0.14533443748950958,0.889958918094635,0.33882346749305725,0.8061648011207581,-0.05327172949910164,0.7609813809394836,0.30518051981925964,0.8171773552894592,-0.20187754929065704,0.8550459742546082,0.3118719458580017,0.8489271998405457,-0.10278316587209702,0.7786927223205566
243,8.1,0.2281930148601532,0.3873510956764221,0.05081302672624588,0.9933956861495972,0.24589774012565613,0.4285787045955658,-0.09354221075773239,0.9997707009315491,0.27566760778427124,0.39945000410079956,0.14234907925128937,0.9993770718574524,0.2631041705608368,0.5222904682159424,-0.1162823885679245,0.6208869814872742,0.31325003504753113,0.45961639285087585,0.1756836473941803,0.02600039914250374,0.2578960061073303,0.6110402345657349,-0.07254226505756378,0.3325655162334442,0.3169606029987335,0.5162217020988464,0.14529776573181152,0.0676882416009903,0.31845808029174805,0.5462082028388977,-0.0777156874537468,0.9999501705169678,0.339936763048172,0.5394408702850342,0.0775938630104065,0.9999374151229858,0.27463865280151367,0.6521934270858765,-0.09383538365364075,0.8705217838287354,0.31870192289352417,0.6682167649269104,0.009556611999869347,0.44503074884414673,0.32273226976394653,0.7526397705078125,-0.14346018433570862,0.8952850699424744,0.3384716212749481,0.8061481714248657,-0.05962023138999939,0.7671769857406616,0.31087976694107056,0.8165030479431152,-0.20169062912464142,0.8608280420303345,0.31184613704681396,0.8466630578041077,-0.11179707944393158,0.783233106136322
244,8.133333333333333,0.23062019050121307,0.3895653188228607,0.06049918383359909,0.993310809135437,0.2468690127134323,0.4288477301597595,-0.07678484171628952,0.9997905492782593,0.27531903982162476,0.4026201367378235,0.14594300091266632,0.9993651509284973,0.2654262185096741,0.5139772295951843,-0.10153665393590927,0.6061073541641235,0.31354886293411255,0.46381086111068726,0.17463959753513336,0.023516153916716576,0.26896584033966064,0.5951645970344543,-0.05960805341601372,0.3093842566013336,0.3172270357608795,0.5211145281791687,0.14601506292819977,0.061439160257577896,0.3185372054576874,0.5457873940467834,-0.07517535984516144,0.9999481439590454,0.3391653895378113,0.5386329889297485,0.07504317909479141,0.9999346733093262,0.27504536509513855,0.6518468856811523,-0.08010835945606232,0.8702630996704102,0.3189491033554077,0.6694483160972595,0.010041112080216408,0.42854776978492737,0.3221610486507416,0.7519943118095398,-0.12765315175056458,0.8997654914855957,0.3385806083679199,0.8075864315032959,-0.05580668896436691,0.7683989405632019,0.31124347448349,0.8132055401802063,-0.17863240838050842,0.8662332892417908,0.3118245601654053,0.8454340696334839,-0.10561555624008179,0.7851071357727051
245,8.166666666666666,0.2556227147579193,0.4452560544013977,0.23613083362579346,0.9580489993095398,0.24345476925373077,0.4702543616294861,0.06740959733724594,0.9998008012771606,0.2864871621131897,0.4133446216583252,0.21464288234710693,0.999312698841095,0.25232189893722534,0.5620249509811401,0.04173164442181587,0.5912942886352539,0.3134995996952057,0.4557035267353058,0.2274046242237091,0.022153906524181366,0.24997751414775848,0.6189119219779968,0.10536123812198639,0.3017558753490448,0.2968997657299042,0.5181349515914917,0.2552727460861206,0.05625590682029724,0.2995450794696808,0.5462204813957214,-0.05106746032834053,0.9999315142631531,0.32504802942276,0.5391917824745178,0.050736140459775925,0.9999204277992249,0.25363755226135254,0.6380210518836975,0.006559147499501705,0.8740234971046448,0.31356197595596313,0.6699152588844299,0.020716195926070213,0.4709576368331909,0.288941890001297,0.7431095838546753,-0.01638958975672722,0.9070224761962891,0.33868902921676636,0.8074228167533875,-0.032174017280340195,0.7894114255905151,0.27174481749534607,0.786228358745575,-0.05443216487765312,0.8718547821044922,0.3143616020679474,0.8491036891937256,-0.0862957015633583,0.8011133670806885
246,8.2,0.26664626598358154,0.45937487483024597,0.2793177664279938,0.9079663157463074,0.2458684742450714,0.4579007923603058,0.10831595957279205,0.9998157620429993,0.29065054655075073,0.43227365612983704,0.26265814900398254,0.9992716908454895,0.2454637587070465,0.5439096689224243,0.05656333640217781,0.5538092255592346,0.31215089559555054,0.47142934799194336,0.2540486752986908,0.020110443234443665,0.24695761501789093,0.6145692467689514,0.0892997458577156,0.2772354483604431,0.2933310866355896,0.5236802101135254,0.25952187180519104,0.050794441252946854,0.29502183198928833,0.5439323782920837,-0.04959167540073395,0.9999217391014099,0.32258597016334534,0.5389862656593323,0.049193769693374634,0.9999140501022339,0.250693678855896,0.63703852891922,0.0013820291496813297,0.8564054369926453,0.3138647675514221,0.6703231930732727,0.02525162696838379,0.4799634516239166,0.28690364956855774,0.7447674870491028,-0.029736485332250595,0.8997125029563904,0.33877795934677124,0.8079119324684143,-0.030270088464021683,0.7982977628707886,0.2687985599040985,0.7916728258132935,-0.08261819183826447,0.8542799949645996,0.31499183177948,0.8514956831932068,-0.09247882664203644,0.7993924617767334
247,8.233333333333333,0.2679622173309326,0.46789589524269104,0.27230286598205566,0.860392689704895,0.24764077365398407,0.45199665427207947,0.11183319240808487,0.9998274445533752,0.29071033000946045,0.4527684152126312,0.26295971870422363,0.9992799758911133,0.2485159933567047,0.5396908521652222,0.054190944880247116,0.5017880797386169,0.2934146523475647,0.5165936946868896,0.23808710277080536,0.0181469414383173,0.2464134693145752,0.6177781224250793,0.07524195313453674,0.25042352080345154,0.2713980972766876,0.5774160623550415,0.21396271884441376,0.046195436269044876,0.2948037087917328,0.5419995188713074,-0.04795300215482712,0.9999143481254578,0.32190144062042236,0.5391197204589844,0.047501686960458755,0.9999147653579712,0.25141650438308716,0.6371197700500488,-0.004540105815976858,0.8238272666931152,0.31449148058891296,0.6720079779624939,0.02145480550825596,0.47566503286361694,0.29000329971313477,0.7449649572372437,-0.05338028818368912,0.8760498762130737,0.33862876892089844,0.8089720010757446,-0.05654605105519295,0.7984989881515503,0.2663559019565582,0.7882475256919861,-0.10927513986825943,0.8185808658599854,0.3168882727622986,0.8518298864364624,-0.1272120326757431,0.7876150012016296
248,8.266666666666667,0.2650037705898285,0.462560772895813,0.27333709597587585,0.8533505201339722,0.24779334664344788,0.44993770122528076,0.11325770616531372,0.9998397827148438,0.29278260469436646,0.44732823967933655,0.25475090742111206,0.9993230700492859,0.2482912540435791,0.5448859333992004,0.08145575225353241,0.46030348539352417,0.30074697732925415,0.5050786137580872,0.24195365607738495,0.01669512689113617,0.24853365123271942,0.6146087050437927,0.13464315235614777,0.22652579843997955,0.2801123261451721,0.5634608268737793,0.23930566012859344,0.04195772111415863,0.295043408870697,0.5373748540878296,-0.04739450290799141,0.9999055862426758,0.3213309943675995,0.5392494797706604,0.04697470739483833,0.9999139308929443,0.25157612562179565,0.6333345770835876,-0.012161696329712868,0.8090131282806396,0.31426772475242615,0.6720191836357117,0.013598082587122917,0.48104849457740784,0.2906096577644348,0.7436470985412598,-0.06588578224182129,0.8675172924995422,0.33865419030189514,0.8092420697212219,-0.0631340965628624,0.8012428283691406,0.2691403329372406,0.7857547402381897,-0.11908115446567535,0.8001454472541809,0.3169204592704773,0.8521437048912048,-0.12795902788639069,0.7810394167900085
249,8.3,0.26619797945022583,0.48846468329429626,0.24925141036510468,0.8187867999076843,0.24831107258796692,0.4911300539970398,0.11257201433181763,0.9998363256454468,0.2921048402786255,0.4543907940387726,0.22598841786384583,0.9993408918380737,0.2417832911014557,0.5391829013824463,0.08258174359798431,0.4162125289440155,0.2969105541706085,0.47460484504699707,0.2002362757921219,0.015266398899257183,0.2516038119792938,0.558160126209259,0.12487898766994476,0.20532214641571045,0.28268539905548096,0.5074263215065002,0.21019227802753448,0.038251012563705444,0.2799268662929535,0.539710521697998,-0.032599855214357376,0.9999026656150818,0.3068716824054718,0.5395428538322449,0.03223733231425285,0.9999172687530518,0.24506470561027527,0.6200287938117981,0.023692481219768524,0.761381208896637,0.30909886956214905,0.6722024083137512,-0.027994975447654724,0.5009072422981262,0.263568639755249,0.7335156202316284,-0.005301376339048147,0.8446430563926697,0.33774659037590027,0.8088112473487854,-0.11351654678583145,0.8117031455039978,0.2552085816860199,0.7694124579429626,-0.04586593061685562,0.7631281614303589,0.3187691271305084,0.8579246401786804,-0.18254442512989044,0.7798042893409729
250,8.333333333333334,0.27038928866386414,0.4866412281990051,0.25948140025138855,0.8022890686988831,0.24702639877796173,0.47867804765701294,0.11966105550527573,0.9998495578765869,0.2913503050804138,0.45854103565216064,0.23357167840003967,0.9993721842765808,0.2418597936630249,0.5367461442947388,0.08729700744152069,0.3870090842247009,0.2989230751991272,0.49606212973594666,0.22446680068969727,0.013847127556800842,0.24889233708381653,0.5846365094184875,0.13267698884010315,0.18955378234386444,0.28760483860969543,0.5199542045593262,0.24048039317131042,0.03483721613883972,0.27870944142341614,0.5403438210487366,-0.03330577164888382,0.9999071359634399,0.3052592873573303,0.5415446162223816,0.0329563245177269,0.999922513961792,0.24409756064414978,0.622338056564331,0.03398146852850914,0.7659013271331787,0.3083483874797821,0.6715230345726013,-0.03409915044903755,0.5453163385391235,0.2605101466178894,0.733930230140686,0.016650883480906487,0.8469792008399963,0.33777475357055664,0.8073310256004333,-0.12361428886651993,0.8287304043769836,0.2531540095806122,0.7713727355003357,-0.012724707834422588,0.7602299451828003,0.3205986022949219,0.8578900098800659,-0.1866348683834076,0.7972639799118042
251,8.366666666666667,0.26712626218795776,0.48202937841415405,0.2706131339073181,0.8080004453659058,0.24363212287425995,0.4780551791191101,0.12533453106880188,0.9998595714569092,0.29127275943756104,0.4548873007297516,0.23247893154621124,0.9994143843650818,0.23803015053272247,0.5344438552856445,0.10957320779561996,0.3556658625602722,0.3009251058101654,0.49368345737457275,0.2374487668275833,0.012782382778823376,0.2466314136981964,0.5714392066001892,0.18344064056873322,0.17230279743671417,0.28924793004989624,0.5207771062850952,0.27468451857566833,0.03170616179704666,0.27745088934898376,0.5404843091964722,-0.03262638300657272,0.999908983707428,0.30504506826400757,0.5416322350502014,0.03231409937143326,0.9999268651008606,0.2442268580198288,0.6238843202590942,0.04383355379104614,0.7680278420448303,0.30827075242996216,0.6712923645973206,-0.02453548274934292,0.5853299498558044,0.26240795850753784,0.7357816100120544,0.03517743572592735,0.848827600479126,0.3377431035041809,0.8068435788154602,-0.10390506684780121,0.8438931703567505,0.25208064913749695,0.7765201330184937,0.010308690369129181,0.7537728548049927,0.3206779956817627,0.8578565120697021,-0.1618082970380783,0.8113990426063538
252,8.4,0.2653689384460449,0.4921922981739044,0.2765212655067444,0.8009630441665649,0.24397099018096924,0.4800260365009308,0.1277359127998352,0.9998683333396912,0.29273489117622375,0.4592816233634949,0.22787043452262878,0.9994462132453918,0.23370857536792755,0.5282735824584961,0.12056469917297363,0.33012503385543823,0.3020489811897278,0.4934310019016266,0.2423197478055954,0.011678218841552734,0.24332872033119202,0.5545734167098999,0.20853492617607117,0.15745097398757935,0.28967463970184326,0.5240750312805176,0.29598742723464966,0.02874886244535446,0.27826231718063354,0.5481207370758057,-0.0295961145311594,0.9999111294746399,0.3063305914402008,0.5457093715667725,0.0292928759008646,0.9999308586120605,0.24440157413482666,0.6227749586105347,0.049260880798101425,0.766796886920929,0.3084014654159546,0.6713154911994934,-0.022034022957086563,0.6194716691970825,0.26297345757484436,0.7321349382400513,0.04276140779256821,0.8480646014213562,0.33755624294281006,0.8067848086357117,-0.09866638481616974,0.8568549156188965,0.251617968082428,0.7759143114089966,0.01780066266655922,0.7444962859153748,0.3212442100048065,0.8590222597122192,-0.1570294052362442,0.8221097588539124
253,8.433333333333334,0.26445114612579346,0.48440831899642944,0.20451517403125763,0.8115495443344116,0.24478495121002197,0.48358413577079773,0.10024957358837128,0.9998786449432373,0.2758727967739105,0.46662119030952454,0.21665990352630615,0.9994567632675171,0.24043765664100647,0.547550618648529,0.09245404601097107,0.3351914584636688,0.28295522928237915,0.516533613204956,0.19341963529586792,0.011335831135511398,0.24372322857379913,0.6081514954566956,0.06592174619436264,0.18531157076358795,0.2820045053958893,0.5613353848457336,0.1443779617547989,0.034699972718954086,0.26913169026374817,0.5479713678359985,-0.033757101744413376,0.9999038577079773,0.285183846950531,0.5413088202476501,0.03347005322575569,0.9999211430549622,0.27981647849082947,0.6505751013755798,-0.06246909499168396,0.7696132659912109,0.2918849289417267,0.6679553389549255,-0.01894833706319332,0.6130259037017822,0.3149324357509613,0.7813851237297058,-0.11132782697677612,0.8483161926269531,0.33573395013809204,0.7973414063453674,-0.043847646564245224,0.8460875749588013,0.29485392570495605,0.8188722133636475,-0.16961748898029327,0.7353590130805969,0.3209768831729889,0.850841760635376,-0.09186667948961258,0.8034065365791321
254,8.466666666666667,0.26519161462783813,0.4829848110675812,0.2077641487121582,0.7750179767608643,0.24253275990486145,0.479714572429657,0.0920853316783905,0.9998841285705566,0.2786162495613098,0.4645266532897949,0.189592644572258,0.9994615912437439,0.24008798599243164,0.5425381064414978,0.06706403195858002,0.3038029074668884,0.28659090399742126,0.5118675827980042,0.18348340690135956,0.010316947475075722,0.2459012269973755,0.5997031331062317,0.09849794209003448,0.1676773577928543,0.284282922744751,0.5551498532295227,0.1839529126882553,0.03185694292187691,0.26555606722831726,0.5495388507843018,-0.031455859541893005,0.9998984932899475,0.28529974818229675,0.5430599451065063,0.03112257644534111,0.9999194741249084,0.2512552738189697,0.6387879848480225,-0.014499850571155548,0.7111817002296448,0.2967182993888855,0.6656883358955383,-0.004229153040796518,0.5812113285064697,0.2512781322002411,0.7756565809249878,-0.05796801298856735,0.8043568730354309,0.3359358608722687,0.7981314063072205,-0.048493027687072754,0.8267348408699036,0.257858008146286,0.8044666051864624,-0.08439137786626816,0.6813223361968994,0.3260989785194397,0.8520664572715759,-0.09545279294252396,0.7640926837921143
255,8.5,0.2665960490703583,0.4820171296596527,0.22508704662322998,0.7763901352882385,0.24178501963615417,0.4820922911167145,0.09911324828863144,0.9998916387557983,0.28053778409957886,0.4613257050514221,0.1869845986366272,0.9994919896125793,0.24056775867938995,0.5440905094146729,0.08716881275177002,0.2776552736759186,0.2901272475719452,0.510676383972168,0.18553370237350464,0.009628384374082088,0.24657316505908966,0.6011550426483154,0.14468345046043396,0.1529870629310608,0.2846522927284241,0.5507296919822693,0.19261887669563293,0.030272334814071655,0.2649306058883667,0.5565302968025208,-0.029415735974907875,0.9998915791511536,0.28698068857192993,0.5480628609657288,0.029077311977744102,0.9999164342880249,0.2529323697090149,0.6474127173423767,-0.013519835658371449,0.6971490383148193,0.29799598455429077,0.6648157835006714,0.012667544186115265,0.5760052800178528,0.25071918964385986,0.7665039300918579,-0.0574752613902092,0.7879641652107239,0.33575063943862915,0.797075629234314,-0.04036478325724602,0.819416344165802,0.2599392533302307,0.8029618859291077,-0.08996903151273727,0.6527573466300964,0.3263660669326782,0.8533717393875122,-0.08384211361408234,0.7401615381240845
256,8.533333333333333,0.2675081789493561,0.4812268614768982,0.2223009169101715,0.7723444700241089,0.2426798790693283,0.4828902781009674,0.10158739984035492,0.9998958110809326,0.27963170409202576,0.461364209651947,0.18098583817481995,0.999521791934967,0.24337367713451385,0.5418123602867126,0.09392037242650986,0.2538953423500061,0.28969091176986694,0.5077877640724182,0.174338236451149,0.009065402671694756,0.25105318427085876,0.5836869478225708,0.14584693312644958,0.13958458602428436,0.28583788871765137,0.5418275594711304,0.17846234142780304,0.029398217797279358,0.2665819227695465,0.5551116466522217,-0.028321266174316406,0.9998888969421387,0.2854195535182953,0.5483099222183228,0.028001204133033752,0.9999166131019592,0.270118772983551,0.6468173265457153,-0.026099011301994324,0.6902613043785095,0.29185763001441956,0.6653201580047607,0.014522681012749672,0.5739476680755615,0.26632001996040344,0.7545944452285767,-0.06749521940946579,0.7674912214279175,0.3351975679397583,0.7929327487945557,-0.035744935274124146,0.81017005443573,0.2683567404747009,0.7900708317756653,-0.09899264574050903,0.619155764579773,0.32618239521980286,0.8494835495948792,-0.07600469142198563,0.7132732272148132
257,8.566666666666666,0.26695582270622253,0.465978741645813,0.16889330744743347,0.7457862496376038,0.2432311475276947,0.4610576927661896,0.09690793603658676,0.9998980760574341,0.2677662968635559,0.47178149223327637,0.19014832377433777,0.999272882938385,0.2580622732639313,0.4296662211418152,0.09112641960382462,0.2778284549713135,0.2819651961326599,0.4785207509994507,0.17920932173728943,0.008615593425929546,0.28658074140548706,0.47397854924201965,0.07314739376306534,0.14658035337924957,0.29376959800720215,0.4881347119808197,0.14658692479133606,0.028667716309428215,0.26223137974739075,0.5566839575767517,-0.02897731401026249,0.9998793005943298,0.27464622259140015,0.5617349743843079,0.02852737344801426,0.9998909831047058,0.2920767068862915,0.6592271327972412,-0.08664964139461517,0.6733576059341431,0.2952253222465515,0.6686169505119324,-0.005887798964977264,0.5202851891517639,0.33002930879592896,0.7805299758911133,-0.13863612711429596,0.7228268384933472,0.33023354411125183,0.7909682393074036,-0.044742558151483536,0.7393201589584351,0.3354554772377014,0.835112988948822,-0.20238184928894043,0.578626811504364,0.3310559391975403,0.8397108912467957,-0.09368868917226791,0.6586870551109314
258,8.6,0.26974400877952576,0.45620590448379517,0.16990837454795837,0.760326623916626,0.23855435848236084,0.4337223470211029,0.08648508042097092,0.9999050498008728,0.2705729305744171,0.4733412563800812,0.2025948017835617,0.9991481900215149,0.25930914282798767,0.4177144765853882,0.04567447304725647,0.33461466431617737,0.2855231463909149,0.469481498003006,0.18407031893730164,0.008408703841269016,0.28891921043395996,0.46446356177330017,0.0327075757086277,0.19295504689216614,0.2939909100532532,0.47724705934524536,0.14067184925079346,0.030031131580471992,0.2593618631362915,0.5571659803390503,-0.038938336074352264,0.9998828172683716,0.27503758668899536,0.5629091262817383,0.03854123502969742,0.999886691570282,0.28925585746765137,0.6599757075309753,-0.1022244244813919,0.6905324459075928,0.2945858836174011,0.6663446426391602,-0.003496795194223523,0.47748616337776184,0.3289486765861511,0.7783390283584595,-0.15274570882320404,0.7145295739173889,0.33102649450302124,0.7812688946723938,-0.036909036338329315,0.6871999502182007,0.3270496726036072,0.8350391983985901,-0.2194632589817047,0.5710124969482422,0.3345365524291992,0.8303953409194946,-0.09099768102169037,0.6308929920196533
259,8.633333333333333,0.2700729966163635,0.4519833028316498,0.15533675253391266,0.7625182867050171,0.23957018554210663,0.4309915006160736,0.07755378633737564,0.9999090433120728,0.27077576518058777,0.47347989678382874,0.19816845655441284,0.9988127946853638,0.2655201554298401,0.4197371304035187,0.046293530613183975,0.3884849548339844,0.2863069176673889,0.4538608491420746,0.1968148797750473,0.007849357090890408,0.29034289717674255,0.4680287539958954,0.05227598547935486,0.23482146859169006,0.29394519329071045,0.4653826057910919,0.19047710299491882,0.02877374179661274,0.26031267642974854,0.5583704113960266,-0.039754532277584076,0.9998767971992493,0.27461835741996765,0.5686022639274597,0.03939308971166611,0.9998636245727539,0.29203081130981445,0.6609300971031189,-0.0933234840631485,0.6920580267906189,0.29593217372894287,0.6694612503051758,-0.014251801185309887,0.4341657757759094,0.3330177664756775,0.7851225137710571,-0.14760765433311462,0.6971631646156311,0.33206039667129517,0.7854276299476624,-0.04106753319501877,0.6304707527160645,0.3321947157382965,0.8313365578651428,-0.2139018476009369,0.5535577535629272,0.33250612020492554,0.8312128782272339,-0.09527896344661713,0.5953643918037415
260,8.666666666666666,0.27402371168136597,0.45523887872695923,0.1715776026248932,0.7854648232460022,0.24774117767810822,0.44015786051750183,0.09571335464715958,0.9999164342880249,0.272524893283844,0.47812941670417786,0.20517218112945557,0.9988808035850525,0.26472264528274536,0.41612502932548523,0.08253438770771027,0.4452088177204132,0.28506332635879517,0.45281654596328735,0.23423664271831512,0.00800886657088995,0.2865336835384369,0.4561866819858551,0.11464589834213257,0.283993661403656,0.293777197599411,0.46226975321769714,0.2682698667049408,0.029876502230763435,0.2596205174922943,0.5577176809310913,-0.03934284672141075,0.9998799562454224,0.27401188015937805,0.5706138014793396,0.03900907188653946,0.99986332654953,0.2929341495037079,0.6617609858512878,-0.09927244484424591,0.717473030090332,0.2960492670536041,0.6735348701477051,-0.013645772822201252,0.4080698788166046,0.3312705159187317,0.7863661646842957,-0.15882423520088196,0.7093441486358643,0.33244338631629944,0.7872627377510071,-0.044960763305425644,0.5926408171653748,0.33212515711784363,0.8329617977142334,-0.22736279666423798,0.5689776539802551,0.332088440656662,0.8303285241127014,-0.0982171893119812,0.5858728289604187
261,8.7,0.21406149864196777,0.4054272174835205,0.07030607759952545,0.7732743620872498,0.22533869743347168,0.4221217632293701,0.017105309292674065,0.9998952150344849,0.2358590066432953,0.44118577241897583,0.13275325298309326,0.9984097480773926,0.26199406385421753,0.40966445207595825,0.002304041525349021,0.4788338243961334,0.26486414670944214,0.42165061831474304,0.12477476894855499,0.007911315187811852,0.28753480315208435,0.43590766191482544,0.012892251834273338,0.30114245414733887,0.29315751791000366,0.4419449269771576,0.06582055240869522,0.037454936653375626,0.24912038445472717,0.5544048547744751,-0.04108859971165657,0.99985671043396,0.25305795669555664,0.5670558214187622,0.04079939424991608,0.9998219609260559,0.28692343831062317,0.6596903800964355,-0.08952400833368301,0.6566430926322937,0.2866522967815399,0.6629343032836914,-0.011862244457006454,0.36824244260787964,0.3313038945198059,0.7686757445335388,-0.13996466994285583,0.6498115658760071,0.33263590931892395,0.7649915814399719,-0.05877251550555229,0.5358332395553589,0.33822792768478394,0.8261944055557251,-0.19916048645973206,0.5228318572044373,0.33614736795425415,0.8144311904907227,-0.10827070474624634,0.5311490297317505
262,8.733333333333333,0.20885324478149414,0.406106561422348,0.08776605874300003,0.7675824761390686,0.22678640484809875,0.42568475008010864,0.031742826104164124,0.9998748898506165,0.2344375103712082,0.43986067175865173,0.1578516662120819,0.9979397654533386,0.2612035870552063,0.4229179322719574,0.015226118266582489,0.5200077295303345,0.26191446185112,0.41962411999702454,0.14683201909065247,0.007786924485117197,0.290699303150177,0.4341941475868225,0.030523696914315224,0.3356263041496277,0.2922655940055847,0.4346514940261841,0.08247329294681549,0.04083181545138359,0.2466142177581787,0.5547308325767517,-0.043800294399261475,0.999835729598999,0.25175851583480835,0.5662146806716919,0.04353366419672966,0.9997875690460205,0.28560781478881836,0.6581310033798218,-0.09257429093122482,0.6199068427085876,0.2876436114311218,0.6612938642501831,-0.009038787335157394,0.33395758271217346,0.33456456661224365,0.7660552263259888,-0.14464399218559265,0.6239966750144958,0.33416199684143066,0.7644249796867371,-0.04884687066078186,0.49197760224342346,0.3415752947330475,0.8232349157333374,-0.2159769982099533,0.5060601830482483,0.3396227955818176,0.8151386976242065,-0.10316769033670425,0.493877112865448
263,8.766666666666667,0.20798344910144806,0.4027951657772064,0.07384166866540909,0.7598110437393188,0.226657435297966,0.4218685030937195,0.026066988706588745,0.9998583793640137,0.2313457429409027,0.43456318974494934,0.14423950016498566,0.9976487159729004,0.26003575325012207,0.4164998233318329,0.011704719625413418,0.5486768484115601,0.260447233915329,0.418984055519104,0.12870009243488312,0.008031545206904411,0.2904011607170105,0.4343733489513397,0.02312660589814186,0.3563600480556488,0.2907317876815796,0.43561434745788574,0.05791228264570236,0.04623837396502495,0.24700875580310822,0.5545358657836914,-0.043397027999162674,0.9998179078102112,0.2505832612514496,0.5650678873062134,0.043127015233039856,0.999763011932373,0.2849239706993103,0.6571723222732544,-0.085606649518013,0.5737089514732361,0.28654128313064575,0.6597037315368652,-0.006290659308433533,0.3027801215648651,0.3338383436203003,0.7644391655921936,-0.13289517164230347,0.5826155543327332,0.33435583114624023,0.7638493180274963,-0.04741319641470909,0.44874581694602966,0.34263432025909424,0.8223936557769775,-0.1988961398601532,0.4752183258533478,0.34162193536758423,0.8135904669761658,-0.1010633334517479,0.4533058702945709
264,8.8,0.22039012610912323,0.4068260192871094,0.0991673693060875,0.7428571581840515,0.22949786484241486,0.42702335119247437,0.05130008980631828,0.9998353719711304,0.23607757687568665,0.43997013568878174,0.15987034142017365,0.9966523051261902,0.26188239455223083,0.4224705100059509,0.019037162885069847,0.5697118639945984,0.2648090124130249,0.43308135867118835,0.14041367173194885,0.00799998827278614,0.28879305720329285,0.4352704882621765,0.02231013961136341,0.3768313229084015,0.2889024615287781,0.43619629740715027,0.08012861013412476,0.04518163576722145,0.24797186255455017,0.5557852983474731,-0.03846955671906471,0.9998143911361694,0.25127875804901123,0.5643641352653503,0.03818175941705704,0.9997503757476807,0.2852645516395569,0.6574769020080566,-0.08541284501552582,0.5563505291938782,0.2869224548339844,0.6599372625350952,-0.015755165368318558,0.28275352716445923,0.33383193612098694,0.7636108994483948,-0.1288532316684723,0.5709550380706787,0.3348916471004486,0.7642426490783691,-0.05301695317029953,0.4265173375606537,0.34522730112075806,0.8210887312889099,-0.19749972224235535,0.46568605303764343,0.34617316722869873,0.8120203018188477,-0.11181279271841049,0.4308580160140991
265,8.833333333333334,0.20956046879291534,0.4107625186443329,0.006534668151289225,0.6995511054992676,0.21446096897125244,0.429076224565506,-0.02667628787457943,0.998286247253418,0.21839174628257751,0.4378427267074585,0.11933529376983643,0.9907568097114563,0.23462891578674316,0.4768352210521698,-0.03406519442796707,0.5319578051567078,0.2292882204055786,0.4663905203342438,0.14839382469654083,0.007379970513284206,0.22861167788505554,0.5146500468254089,0.0003142133355140686,0.3402862846851349,0.22495491802692413,0.4748363494873047,0.10664121806621552,0.04174109920859337,0.23086634278297424,0.5664958953857422,-0.04761273413896561,0.9981138110160828,0.23181621730327606,0.5672008991241455,0.047490619122982025,0.9980093240737915,0.2760428488254547,0.6656632423400879,-0.08547481894493103,0.5451781749725342,0.28350573778152466,0.6600432991981506,0.0066080959513783455,0.26076361536979675,0.33317235112190247,0.7553592920303345,-0.11648295819759369,0.5982384085655212,0.3342624604701996,0.7453997135162354,0.007768302224576473,0.4200982451438904,0.3468940258026123,0.8011265397071838,-0.1929119974374771,0.4938511848449707,0.3432873487472534,0.7911767959594727,-0.04464534670114517,0.4166930317878723
