frame,timestamp,nose_x,nose_y,nose_z,nose_visibility,left_shoulder_x,left_shoulder_y,left_shoulder_z,left_shoulder_visibility,right_shoulder_x,right_shoulder_y,right_shoulder_z,right_shoulder_visibility,left_elbow_x,left_elbow_y,left_elbow_z,left_elbow_visibility,right_elbow_x,right_elbow_y,right_elbow_z,right_elbow_visibility,left_wrist_x,left_wrist_y,left_wrist_z,left_wrist_visibility,right_wrist_x,right_wrist_y,right_wrist_z,right_wrist_visibility,left_hip_x,left_hip_y,left_hip_z,left_hip_visibility,right_hip_x,right_hip_y,right_hip_z,right_hip_visibility,left_knee_x,left_knee_y,left_knee_z,left_knee_visibility,right_knee_x,right_knee_y,right_knee_z,right_knee_visibility,left_ankle_x,left_ankle_y,left_ankle_z,left_ankle_visibility,right_ankle_x,right_ankle_y,right_ankle_z,right_ankle_visibility,left_foot_x,left_foot_y,left_foot_z,left_foot_visibility,right_foot_x,right_foot_y,right_foot_z,right_foot_visibility
0,0.0,0.44435542821884155,0.2190699428319931,-0.18960461020469666,0.9908169507980347,0.4334850311279297,0.23841173946857452,-0.03943292796611786,0.9992795586585999,0.3962436020374298,0.275923490524292,-0.22078649699687958,0.9989252090454102,0.49283933639526367,0.17168259620666504,-0.011771557852625847,0.8533006310462952,0.4015931487083435,0.4153866767883301,-0.26196998357772827,0.7054112553596497,0.5138498544692993,0.1514901965856552,-0.06213298439979553,0.7228953838348389,0.42683571577072144,0.4481619894504547,-0.32750260829925537,0.7148287296295166,0.4740866720676422,0.5117745995521545,0.04859291762113571,0.9997230172157288,0.4463299810886383,0.5419600009918213,-0.04917703941464424,0.9996221661567688,0.5819481015205383,0.5640934109687805,0.1544552743434906,0.8735002279281616,0.4442481994628906,0.7144085168838501,-0.07109960168600082,0.8311395645141602,0.6582901477813721,0.6361592411994934,0.24732229113578796,0.6215149760246277,0.401408851146698,0.8655106425285339,0.04972055181860924,0.24544624984264374,0.7100236415863037,0.6190840601921082,0.1806316375732422,0.5157274603843689,0.43898987770080566,0.9074541926383972,-0.062182772904634476,0.2721748352050781
1,0.03333333333333333,0.44240885972976685,0.20065926015377045,-0.1029011458158493,0.9916094541549683,0.4271778464317322,0.2507300078868866,0.0383993536233902,0.9993427991867065,0.3954858183860779,0.27728956937789917,-0.16092106699943542,0.9990318417549133,0.42557114362716675,0.3772973418235779,0.07167020440101624,0.7925323843955994,0.38995879888534546,0.40812623500823975,-0.25668931007385254,0.7341228723526001,0.4371201992034912,0.487817645072937,-0.006445424165576696,0.6871546506881714,0.4094909131526947,0.4908454120159149,-0.28348594903945923,0.7425057888031006,0.470738023519516,0.5192760229110718,0.0663018450140953,0.999748706817627,0.4361012578010559,0.5473570227622986,-0.06673416495323181,0.9996586441993713,0.5523614287376404,0.5557271838188171,0.08106950670480728,0.8850775361061096,0.4389030337333679,0.7144017815589905,-0.06920206546783447,0.8472036719322205,0.6539498567581177,0.630546510219574,0.1734350025653839,0.658869743347168,0.39775198698043823,0.8765618801116943,0.023579178377985954,0.3200173079967499,0.7036450505256653,0.6325088143348694,0.0895221009850502,0.5634661316871643,0.44344362616539,0.9193447828292847,-0.08907930552959442,0.3435617983341217
2,0.06666666666666667,0.44384098052978516,0.2206055372953415,-0.1388072371482849,0.9924106001853943,0.4304327964782715,0.2576371133327484,0.027686798945069313,0.99940025806427,0.38654667139053345,0.29625874757766724,-0.18732744455337524,0.9991284608840942,0.44333964586257935,0.39370253682136536,0.07524774223566055,0.7234553098678589,0.38869741559028625,0.42125603556632996,-0.26928800344467163,0.760574221611023,0.45958051085472107,0.5204707384109497,0.004723374731838703,0.6316027641296387,0.4137148857116699,0.5178096294403076,-0.30576997995376587,0.7681432366371155,0.46667152643203735,0.5202493667602539,0.0648609846830368,0.9997726678848267,0.4292052686214447,0.5555874109268188,-0.06530848890542984,0.9996921420097351,0.5581241250038147,0.5544166564941406,0.03936103358864784,0.8963601589202881,0.4377204477787018,0.7146247029304504,-0.05984259769320488,0.8621972799301147,0.6542655825614929,0.6321532726287842,0.11505283415317535,0.6929032206535339,0.393277108669281,0.871411144733429,0.02656341716647148,0.38771623373031616,0.7053930163383484,0.6268230676651001,0.02411581017076969,0.6070076823234558,0.4361226558685303,0.9168439507484436,-0.07277904450893402,0.40878698229789734
3,0.1,0.4441715180873871,0.21363957226276398,-0.16868716478347778,0.9931685328483582,0.4640577435493469,0.26376715302467346,0.0018282594392076135,0.9994580149650574,0.3931170105934143,0.30341488122940063,-0.11275853961706161,0.9992152452468872,0.5113321542739868,0.25280994176864624,0.005786101799458265,0.7507213354110718,0.4014344811439514,0.4260716736316681,-0.1814257949590683,0.7844821214675903,0.5526113510131836,0.1806311458349228,-0.026996701955795288,0.6683779358863831,0.4127439856529236,0.5279607772827148,-0.2977774739265442,0.7913139462471008,0.4871087670326233,0.5260578989982605,0.04668733477592468,0.9997933506965637,0.44120216369628906,0.5549225211143494,-0.04710670933127403,0.9997206926345825,0.5759981274604797,0.5783693194389343,0.061749864369630814,0.9067109823226929,0.4424588680267334,0.7146259546279907,-0.08538080751895905,0.8759639263153076,0.6642557382583618,0.6548306345939636,0.1299045979976654,0.7236083745956421,0.39605122804641724,0.8612098097801208,-0.03414730355143547,0.44892704486846924,0.7089505195617676,0.6481354832649231,0.012937881052494049,0.6462990641593933,0.4244318902492523,0.9127334356307983,-0.16677263379096985,0.4678802192211151
4,0.13333333333333333,0.44425493478775024,0.21896442770957947,-0.13871511816978455,0.9938480854034424,0.4652450978755951,0.27435174584388733,0.026934677734971046,0.9995070695877075,0.39504125714302063,0.30784183740615845,-0.07828354090452194,0.9992928504943848,0.5178996324539185,0.236572727560997,-0.015539569780230522,0.7721706628799438,0.40319332480430603,0.42517906427383423,-0.10568912327289581,0.805844247341156,0.5624805688858032,0.16818639636039734,-0.18889595568180084,0.7006078362464905,0.4123457372188568,0.5352160930633545,-0.1853712797164917,0.8120490312576294,0.4869350492954254,0.527608335018158,0.03977370634675026,0.9998106360435486,0.44508472084999084,0.5540326237678528,-0.04015389829874039,0.9997451901435852,0.5745787024497986,0.5795165300369263,0.06071025878190994,0.9159572124481201,0.4450913369655609,0.711082398891449,-0.05899111181497574,0.8881961107254028,0.6674036383628845,0.6594040989875793,0.008761497214436531,0.7511999011039734,0.3970697224140167,0.8594794273376465,-0.01772419735789299,0.5037187337875366,0.7090857625007629,0.6533343195915222,-0.1290142983198166,0.681593120098114,0.42672234773635864,0.909201979637146,-0.11815591156482697,0.5205413699150085
5,0.16666666666666666,0.4425804018974304,0.21418972313404083,-0.13790510594844818,0.9944621324539185,0.4660370349884033,0.2770053744316101,0.03174498304724693,0.9995492696762085,0.3949795365333557,0.3103558123111725,-0.08808939903974533,0.9993629455566406,0.5154904127120972,0.23413458466529846,-0.0009597900207154453,0.7901561260223389,0.4050164222717285,0.42689672112464905,-0.12490300089120865,0.8251714706420898,0.5608304142951965,0.16763602197170258,-0.1574210673570633,0.7288352251052856,0.41447243094444275,0.536338210105896,-0.21020439267158508,0.830764889717102,0.4873434901237488,0.5260982513427734,0.03956102952361107,0.9998263120651245,0.4451606869697571,0.5528488755226135,-0.03991493955254555,0.9997678399085999,0.5775197744369507,0.582927942276001,0.02105623297393322,0.9242035150527954,0.44628748297691345,0.7092365026473999,-0.056664157658815384,0.8992195129394531,0.6684197783470154,0.6602644324302673,-0.019073808565735817,0.7760314345359802,0.39565709233283997,0.8585178852081299,-0.005951902363449335,0.5531039237976074,0.7106764316558838,0.6480807662010193,-0.15779587626457214,0.7133722305297852,0.4305334687232971,0.9143869876861572,-0.11886576563119888,0.5681151151657104
6,0.2,0.4421451985836029,0.21846048533916473,-0.16702887415885925,0.9950147867202759,0.46634641289711,0.2755095660686493,0.008423691615462303,0.999591588973999,0.3940715491771698,0.311684787273407,-0.09747601300477982,0.999426007270813,0.5178183317184448,0.23277419805526733,-0.012426754459738731,0.810427725315094,0.40456143021583557,0.4292048513889313,-0.1386842429637909,0.8425167798995972,0.5623376369476318,0.1657927930355072,-0.14860263466835022,0.755635678768158,0.41454845666885376,0.5376141667366028,-0.24216492474079132,0.8475656509399414,0.4833609163761139,0.5255967378616333,0.039114389568567276,0.999840259552002,0.4439128041267395,0.5499315857887268,-0.03941358998417854,0.9997879862785339,0.5735278725624084,0.5816972255706787,-0.00429872889071703,0.9310010671615601,0.44659772515296936,0.7081193327903748,-0.0880744606256485,0.909071683883667,0.6682142019271851,0.6575254797935486,-0.05431709438562393,0.7980332970619202,0.3960461914539337,0.8609194159507751,-0.09636735916137695,0.5973236560821533,0.7113646864891052,0.6494390368461609,-0.1969442069530487,0.7416544556617737,0.4329915940761566,0.9135992527008057,-0.2300655096769333,0.6105358600616455
7,0.23333333333333334,0.4425724446773529,0.21391811966896057,-0.17112551629543304,0.9955127239227295,0.46737775206565857,0.2765551507472992,0.016092419624328613,0.9996297359466553,0.39391571283340454,0.31263911724090576,-0.11242808401584625,0.9994828701019287,0.5202604532241821,0.2327519953250885,0.006065043155103922,0.8279867172241211,0.4050026535987854,0.43056488037109375,-0.15168508887290955,0.8581448793411255,0.5656829476356506,0.16346052289009094,-0.11440342664718628,0.7793644666671753,0.4152742028236389,0.5384986400604248,-0.2500079274177551,0.86268150806427,0.48242300748825073,0.5246328115463257,0.041813742369413376,0.99985271692276,0.4435666501522064,0.5467162728309631,-0.042075637727975845,0.9998062252998352,0.5720690488815308,0.580447793006897,-0.004858523141592741,0.9367796182632446,0.4472528100013733,0.7080926895141602,-0.08894526213407516,0.9178626537322998,0.6674982309341431,0.6576409935951233,-0.04889971762895584,0.8177148699760437,0.39568406343460083,0.8588650226593018,-0.07608699798583984,0.637065052986145,0.711815595626831,0.646744966506958,-0.18899692595005035,0.7670532464981079,0.42686691880226135,0.9106786251068115,-0.20208624005317688,0.6486302614212036
8,0.26666666666666666,0.4429512619972229,0.21392296254634857,-0.17147153615951538,0.9959610104560852,0.4681533873081207,0.27572521567344666,0.014329738914966583,0.9996649622917175,0.3940439224243164,0.31317323446273804,-0.11390230804681778,0.9995341897010803,0.5207043886184692,0.23312819004058838,0.011934307403862476,0.8443138599395752,0.405062735080719,0.4309827983379364,-0.15391473472118378,0.8722509741783142,0.5677965879440308,0.164479061961174,-0.09696224331855774,0.8010530471801758,0.4153699278831482,0.5382499694824219,-0.25391170382499695,0.8763269782066345,0.48140621185302734,0.5219363570213318,0.0422903373837471,0.9998645186424255,0.4431552290916443,0.5426872372627258,-0.04253926873207092,0.9998231530189514,0.5717422366142273,0.5799552798271179,-0.0036639925092458725,0.9419975280761719,0.4474960267543793,0.7076459527015686,-0.08950190246105194,0.9258220195770264,0.6673539280891418,0.6605413556098938,-0.026321139186620712,0.8353585004806519,0.39509403705596924,0.8578822612762451,-0.07133615016937256,0.6728929281234741,0.7118851542472839,0.648160457611084,-0.16163769364356995,0.7898780107498169,0.4234176278114319,0.9088627099990845,-0.19753050804138184,0.6830407381057739
9,0.3,0.4431833326816559,0.21577128767967224,-0.17106442153453827,0.996364414691925,0.46824273467063904,0.275434672832489,0.013954728841781616,0.9996964931488037,0.3940437436103821,0.31340301036834717,-0.11066077649593353,0.9995803236961365,0.5209250450134277,0.2331312745809555,0.0077903373166918755,0.8589574694633484,0.40490031242370605,0.4310136139392853,-0.1479843109846115,0.8849188089370728,0.5689226388931274,0.16461767256259918,-0.10368559509515762,0.820497453212738,0.4150524139404297,0.537817656993866,-0.24546308815479279,0.888576865196228,0.4813151955604553,0.520089328289032,0.04184361547231674,0.9998747706413269,0.44294920563697815,0.5405310988426208,-0.042094748467206955,0.99983811378479,0.5703776478767395,0.5797379612922668,-0.004284595139324665,0.9466409683227539,0.44762492179870605,0.7077051997184753,-0.08950363844633102,0.9329516291618347,0.6672571897506714,0.6614475846290588,-0.03822821378707886,0.8511561155319214,0.39600005745887756,0.8582202196121216,-0.07150765508413315,0.7049937844276428,0.7114627361297607,0.6462469100952148,-0.17633399367332458,0.810321569442749,0.4251691699028015,0.9097661375999451,-0.19788071513175964,0.7137365937232971
10,0.3333333333333333,0.44333451986312866,0.2168455272912979,-0.1753581315279007,0.996727466583252,0.4679703712463379,0.27632245421409607,0.0100853918120265,0.9997251033782959,0.39383265376091003,0.31326743960380554,-0.11533774435520172,0.9996218681335449,0.5211412906646729,0.23311133682727814,0.002233426086604595,0.872174859046936,0.40461277961730957,0.43070271611213684,-0.1531773954629898,0.8963205218315125,0.569376528263092,0.16349683701992035,-0.10926163196563721,0.8380357027053833,0.41475969552993774,0.5377298593521118,-0.25100651383399963,0.899598240852356,0.481543630361557,0.5184856057167053,0.04235784336924553,0.9998844265937805,0.4425905644893646,0.5389373302459717,-0.04260426014661789,0.9998518824577332,0.5716819167137146,0.5805211663246155,-0.004145021550357342,0.9508422613143921,0.44771337509155273,0.7075097560882568,-0.08985300362110138,0.9393981695175171,0.6678107976913452,0.6622507572174072,-0.027795642614364624,0.8654235601425171,0.39635223150253296,0.8569129705429077,-0.06690061837434769,0.7339376211166382,0.7111512422561646,0.6476841568946838,-0.1652737557888031,0.828761100769043,0.4249107241630554,0.909217894077301,-0.19369032979011536,0.741436243057251
11,0.36666666666666664,0.4435042440891266,0.2164999395608902,-0.17748866975307465,0.9970543384552002,0.46822389960289,0.2766150236129761,0.009600055404007435,0.9997509717941284,0.3937118351459503,0.3132052421569824,-0.11699458211660385,0.9996592998504639,0.5218063592910767,0.2323738932609558,0.006073404103517532,0.8841644525527954,0.4043923318386078,0.43049871921539307,-0.15588611364364624,0.9065927267074585,0.5700210332870483,0.16088569164276123,-0.10325993597507477,0.853890061378479,0.4146425724029541,0.5377265214920044,-0.2526877820491791,0.9095271825790405,0.48187512159347534,0.5174282789230347,0.04268985986709595,0.9998927116394043,0.44232177734375,0.5382126569747925,-0.04293811693787575,0.9998638033866882,0.5727261304855347,0.5808350443840027,-0.004146014805883169,0.954593300819397,0.44778650999069214,0.7074770927429199,-0.08981434255838394,0.9451849460601807,0.6680361032485962,0.6624581217765808,-0.030070852488279343,0.8782669901847839,0.3959067165851593,0.8564620018005371,-0.06296363472938538,0.7599549889564514,0.71039879322052,0.6481939554214478,-0.1685473471879959,0.8453728556632996,0.4249882102012634,0.9102098345756531,-0.1878659725189209,0.7663268446922302
12,0.4,0.44360536336898804,0.2142256796360016,-0.17717808485031128,0.997348427772522,0.46896085143089294,0.2762579917907715,0.0070322416722774506,0.9997743368148804,0.39347267150878906,0.31313976645469666,-0.11820489168167114,0.999692976474762,0.5220395922660828,0.23128658533096313,0.005196162033826113,0.8950232863426208,0.40475326776504517,0.43032827973365784,-0.15634441375732422,0.9158250689506531,0.5704795122146606,0.15940861403942108,-0.10263548791408539,0.8681716918945312,0.4149172902107239,0.5378490090370178,-0.2539093792438507,0.9184450507164001,0.48252302408218384,0.5171114802360535,0.04236053675413132,0.9999004006385803,0.4423595368862152,0.5381919145584106,-0.04260784015059471,0.9998747110366821,0.5733112096786499,0.5815152525901794,0.003721891436725855,0.9577819108963013,0.4479641914367676,0.7074801325798035,-0.08425599336624146,0.9503044486045837,0.6681658625602722,0.6615272164344788,-0.027318432927131653,0.8897135853767395,0.3963230848312378,0.8563322424888611,-0.050172992050647736,0.7832028269767761,0.7097406387329102,0.6482429504394531,-0.15729796886444092,0.8602146506309509,0.4233008325099945,0.9106256365776062,-0.18371786177158356,0.7884534597396851
13,0.43333333333333335,0.4437320828437805,0.20993708074092865,-0.17533305287361145,0.9976131319999695,0.469465970993042,0.27630406618118286,0.008720627054572105,0.9997949600219727,0.3933815360069275,0.3129662275314331,-0.11605434119701385,0.9997233152389526,0.5222835540771484,0.22992780804634094,0.002229845616966486,0.9045130610466003,0.4049525260925293,0.43018704652786255,-0.15383508801460266,0.924134373664856,0.5707330107688904,0.1593576967716217,-0.10399863868951797,0.8807931542396545,0.41518568992614746,0.5380147099494934,-0.25295716524124146,0.9264785647392273,0.4826950132846832,0.5167015790939331,0.04202410951256752,0.9999078512191772,0.44213423132896423,0.5380488038063049,-0.04227394610643387,0.9998852014541626,0.5736237168312073,0.5818824172019958,0.0040000611916184425,0.9606980085372925,0.44819149374961853,0.7071855068206787,-0.08417104184627533,0.9549686908721924,0.668246328830719,0.6614962220191956,-0.024565337225794792,0.9000958800315857,0.39629441499710083,0.8568191528320312,-0.04924783855676651,0.804296612739563,0.7096086740493774,0.6491286158561707,-0.1519162356853485,0.8736534714698792,0.42375993728637695,0.9112273454666138,-0.17619764804840088,0.8086486458778381
14,0.4666666666666667,0.44378581643104553,0.20949003100395203,-0.17351920902729034,0.9978513121604919,0.4695604741573334,0.27638864517211914,0.01080037746578455,0.9998132586479187,0.3933072090148926,0.31283241510391235,-0.11233431100845337,0.9997506141662598,0.5220495462417603,0.22950555384159088,0.0018338037189096212,0.9128705263137817,0.40489792823791504,0.4302304983139038,-0.14829692244529724,0.9316121339797974,0.5709549784660339,0.16033408045768738,-0.1041489839553833,0.8920240998268127,0.41506895422935486,0.5381022691726685,-0.24629557132720947,0.9337067604064941,0.4824706017971039,0.5161380171775818,0.04170346260070801,0.9999145865440369,0.44193267822265625,0.537655234336853,-0.04195687919855118,0.9998947381973267,0.5732114315032959,0.5815297365188599,0.0035162463318556547,0.9633523225784302,0.4482935965061188,0.7068284153938293,-0.08430607616901398,0.9591898918151855,0.6680476069450378,0.6607962846755981,-0.02527233399450779,0.909451425075531,0.3962399363517761,0.8568102717399597,-0.05733870714902878,0.823323667049408,0.7095273733139038,0.6488519906997681,-0.1604786217212677,0.885761559009552,0.4245350956916809,0.911677360534668,-0.18364134430885315,0.826891303062439
15,0.5,0.4438532292842865,0.21038877964019775,-0.1760530173778534,0.9980654120445251,0.4695764183998108,0.27626654505729675,0.008001729846000671,0.9998295307159424,0.39325326681137085,0.31269633769989014,-0.11401510238647461,0.9997751116752625,0.5219718217849731,0.22873882949352264,0.0001094034087145701,0.9203494787216187,0.40474000573158264,0.4302813708782196,-0.14897006750106812,0.9383198618888855,0.5710428357124329,0.15985599160194397,-0.10811784118413925,0.902099609375,0.41499534249305725,0.5381647348403931,-0.24545344710350037,0.9401898980140686,0.482247531414032,0.5154993534088135,0.04155852645635605,0.9999204874038696,0.441755473613739,0.5372575521469116,-0.04181317239999771,0.99990314245224,0.572644829750061,0.5812214016914368,0.002074895892292261,0.9656338691711426,0.4484153687953949,0.7066730856895447,-0.08382238447666168,0.9629431962966919,0.6679984927177429,0.6601195335388184,-0.02193669229745865,0.9178115725517273,0.39619725942611694,0.8566083312034607,-0.055709682404994965,0.8403693437576294,0.7094232439994812,0.6493715643882751,-0.15871135890483856,0.8965685367584229,0.42463526129722595,0.9118286371231079,-0.18230955302715302,0.8431279063224792
16,0.5333333333333333,0.4439052939414978,0.21097005903720856,-0.17712661623954773,0.9982581734657288,0.469458669424057,0.27628961205482483,0.0071441615000367165,0.9998443126678467,0.39329198002815247,0.31262487173080444,-0.11530272662639618,0.9997971653938293,0.5216356515884399,0.22864386439323425,-0.0005300904740579426,0.9271109104156494,0.40455302596092224,0.4303320050239563,-0.1500241905450821,0.944362223148346,0.571029543876648,0.1598166674375534,-0.10851963609457016,0.9112042188644409,0.4150570034980774,0.5382564067840576,-0.2481410950422287,0.9460315108299255,0.48215946555137634,0.5152081251144409,0.04148850589990616,0.9999258518218994,0.44161757826805115,0.5371558666229248,-0.041742876172065735,0.9999107718467712,0.5722797513008118,0.5810622572898865,0.001438037259504199,0.9677931666374207,0.44856134057044983,0.7066704034805298,-0.08345295488834381,0.9663422703742981,0.667934775352478,0.6597472429275513,-0.01997259259223938,0.9254044890403748,0.3961655795574188,0.8565039038658142,-0.0543309822678566,0.8557580709457397,0.7092398405075073,0.6496514081954956,-0.15663877129554749,0.9063530564308167,0.42468875646591187,0.912077009677887,-0.17937424778938293,0.8578168153762817
17,0.5666666666666667,0.44392746686935425,0.21163329482078552,-0.17753849923610687,0.9984316825866699,0.4692328870296478,0.27630648016929626,0.005791301839053631,0.9998577237129211,0.393338143825531,0.31258997321128845,-0.11601299047470093,0.9998170137405396,0.5214486718177795,0.22864900529384613,-0.0007714470848441124,0.9333365559577942,0.40449610352516174,0.430356502532959,-0.15417468547821045,0.9498063921928406,0.570866584777832,0.15990597009658813,-0.10963235795497894,0.9195055961608887,0.4150310158729553,0.5383008718490601,-0.25533604621887207,0.9512898921966553,0.48218125104904175,0.5149696469306946,0.041576847434043884,0.9999305605888367,0.44157543778419495,0.5371060967445374,-0.04182877391576767,0.9999174475669861,0.5719984173774719,0.5809391736984253,0.001121940789744258,0.9698176383972168,0.44859495759010315,0.7066770792007446,-0.08326031267642975,0.9694193005561829,0.6678470969200134,0.6595612168312073,-0.019015580415725708,0.9322682023048401,0.3961467146873474,0.856540858745575,-0.05401849001646042,0.8696252703666687,0.7090526223182678,0.6493884325027466,-0.15532582998275757,0.9151744246482849,0.424659788608551,0.9122702479362488,-0.1778547763824463,0.8710466027259827
18,0.6,0.44393840432167053,0.21174219250679016,-0.17824146151542664,0.9985877871513367,0.46910935640335083,0.27631139755249023,0.005458117462694645,0.9998697638511658,0.39338111877441406,0.3125397264957428,-0.11615009605884552,0.9998348355293274,0.5213987827301025,0.22859790921211243,-0.000612688425462693,0.9390286803245544,0.40443429350852966,0.4303475618362427,-0.15677466988563538,0.9547120928764343,0.5708171129226685,0.15957610309123993,-0.11019852012395859,0.9270305633544922,0.41495147347450256,0.5383078455924988,-0.2597368657588959,0.9560298919677734,0.4822210669517517,0.5148041844367981,0.041638683527708054,0.9999346733093262,0.4415643811225891,0.5370796322822571,-0.04188869893550873,0.9999233484268188,0.5718756914138794,0.5809202194213867,0.0015956172719597816,0.9716402292251587,0.448652982711792,0.7067331075668335,-0.08284451067447662,0.9721887111663818,0.6677377820014954,0.659398078918457,-0.016043173149228096,0.9384511709213257,0.39619502425193787,0.8565909266471863,-0.05234004929661751,0.8821188807487488,0.7088490724563599,0.6493543982505798,-0.15456171333789825,0.9231200814247131,0.4247592091560364,0.9125675559043884,-0.17682874202728271,0.8829760551452637
19,0.6333333333333333,0.4439578950405121,0.21195341646671295,-0.17841841280460358,0.998728334903717,0.4690094590187073,0.27629929780960083,0.005782467313110828,0.9998806715011597,0.39341801404953003,0.312467098236084,-0.11673692613840103,0.9998509287834167,0.5213556885719299,0.22846879065036774,-0.00042787264101207256,0.944190263748169,0.4044063091278076,0.43032416701316833,-0.15756353735923767,0.9591311812400818,0.5707327723503113,0.15930978953838348,-0.11057981103658676,0.9338235855102539,0.4149775505065918,0.5382908582687378,-0.2608748972415924,0.9602991342544556,0.48221078515052795,0.5146740078926086,0.04167924076318741,0.999938428401947,0.4415561258792877,0.5370379686355591,-0.04192780703306198,0.9999287724494934,0.5717789530754089,0.5808918476104736,0.0014382165390998125,0.9733701348304749,0.4486824870109558,0.706781268119812,-0.08304236084222794,0.9747145771980286,0.6676490306854248,0.659321665763855,-0.01580996811389923,0.9440566301345825,0.39622750878334045,0.8566612005233765,-0.05251259356737137,0.8934267163276672,0.7087024450302124,0.6492984294891357,-0.15384140610694885,0.930309534072876,0.42503780126571655,0.9128004908561707,-0.17890645563602448,0.893821120262146
20,0.6666666666666666,0.44397544860839844,0.2121409773826599,-0.17871125042438507,0.9988548159599304,0.468926340341568,0.2762947678565979,0.005545160733163357,0.9998905062675476,0.3934377133846283,0.3124065101146698,-0.11678317934274673,0.9998654127120972,0.5212833881378174,0.22840949892997742,-0.0005571484798565507,0.9488309025764465,0.4043835699558258,0.4302796721458435,-0.15866580605506897,0.9631115794181824,0.5706356763839722,0.15918150544166565,-0.11085005104541779,0.9399316906929016,0.41495662927627563,0.5382688045501709,-0.26208192110061646,0.9641446471214294,0.4822157919406891,0.5146118402481079,0.041722096502780914,0.9999418258666992,0.44155988097190857,0.5370281338691711,-0.04196946322917938,0.999933660030365,0.571727991104126,0.5809050798416138,0.0013290592469274998,0.9749425649642944,0.4487153887748718,0.7068666219711304,-0.08318241685628891,0.976997435092926,0.6675716638565063,0.6592682600021362,-0.015534184873104095,0.9491016268730164,0.3962981402873993,0.8566785454750061,-0.053127218037843704,0.9036162495613098,0.7085397243499756,0.6492800116539001,-0.15339723229408264,0.9367805123329163,0.4252457618713379,0.9128435850143433,-0.18072625994682312,0.9036019444465637
21,0.7,0.4440508782863617,0.21238431334495544,-0.1789303869009018,0.9989687204360962,0.4688224792480469,0.2762887477874756,0.005376710556447506,0.9998994469642639,0.393446147441864,0.3123599588871002,-0.11765038967132568,0.999878466129303,0.5212095975875854,0.22831325232982635,-0.000724495854228735,0.9530225396156311,0.4043866991996765,0.430256724357605,-0.16047856211662292,0.9666975736618042,0.5704766511917114,0.15892842411994934,-0.11111730337142944,0.9454333782196045,0.4149581789970398,0.5382571816444397,-0.2639976441860199,0.9676082730293274,0.4822079539299011,0.5145213007926941,0.041787825524806976,0.9999449849128723,0.44155722856521606,0.5370186567306519,-0.04203372448682785,0.9999381303787231,0.5717282295227051,0.5809276700019836,0.0012125280918553472,0.9764206409454346,0.44875040650367737,0.7069055438041687,-0.08336333930492401,0.9790679812431335,0.6675322651863098,0.6593804359436035,-0.01547348964959383,0.9536763429641724,0.39628857374191284,0.8566381931304932,-0.0544690303504467,0.9128172993659973,0.7084289193153381,0.6493253707885742,-0.15304972231388092,0.942636251449585,0.425297349691391,0.9127693772315979,-0.18260183930397034,0.9124588966369629
22,0.7333333333333333,0.44413819909095764,0.21325789391994476,-0.17827144265174866,0.9990711212158203,0.4686881899833679,0.2763192057609558,0.005793669726699591,0.999907374382019,0.39346909523010254,0.3123370110988617,-0.11785836517810822,0.999890148639679,0.5211516618728638,0.22827684879302979,-0.0002176952111767605,0.9568247199058533,0.40435609221458435,0.4302181601524353,-0.16106155514717102,0.9699243903160095,0.5703141689300537,0.15860293805599213,-0.11038239300251007,0.9504097700119019,0.41499441862106323,0.5382442474365234,-0.2637750506401062,0.9707216024398804,0.48222360014915466,0.5144777894020081,0.041862715035676956,0.9999476075172424,0.4415720999240875,0.5370211005210876,-0.04210720211267471,0.999941885471344,0.5717514753341675,0.5809670090675354,0.001077383989468217,0.9777846932411194,0.44889694452285767,0.7069166302680969,-0.08402861654758453,0.9809365272521973,0.6675082445144653,0.6594913005828857,-0.01575739122927189,0.9578104615211487,0.3963738977909088,0.8565540909767151,-0.05685751512646675,0.9211108684539795,0.7083994150161743,0.6492295265197754,-0.1530621200799942,0.9479150772094727,0.42531219124794006,0.9126943945884705,-0.1845891773700714,0.9204438924789429
23,0.7666666666666667,0.44429245591163635,0.21340511739253998,-0.17701825499534607,0.9991632699966431,0.4686035215854645,0.2763039767742157,0.0067249140702188015,0.9999145269393921,0.39348605275154114,0.3122774660587311,-0.11793583631515503,0.9999006986618042,0.5211454629898071,0.2281777262687683,0.0006079780287109315,0.9602580070495605,0.40435585379600525,0.4302210509777069,-0.16127905249595642,0.9728329181671143,0.570242166519165,0.15841612219810486,-0.10971939563751221,0.9549087882041931,0.4149848520755768,0.5382350087165833,-0.2633787989616394,0.9735300540924072,0.4822251796722412,0.5144398808479309,0.041928526014089584,0.9999497532844543,0.44157928228378296,0.5370120406150818,-0.042172063142061234,0.9999451041221619,0.5717251896858215,0.5809400081634521,-0.0004579900414682925,0.9790429472923279,0.4490965008735657,0.7069157958030701,-0.08507492393255234,0.9826201796531677,0.6674675345420837,0.6596100330352783,-0.018779179081320763,0.9615478515625,0.3964489698410034,0.8565276265144348,-0.0598137192428112,0.9285875558853149,0.7083689570426941,0.6491387486457825,-0.15590132772922516,0.9526834487915039,0.42542678117752075,0.9126625061035156,-0.18734271824359894,0.9276558756828308
24,0.8,0.44451743364334106,0.213581845164299,-0.17138531804084778,0.9992461204528809,0.4685903489589691,0.27628323435783386,0.010212959721684456,0.9999210834503174,0.39348798990249634,0.31220152974128723,-0.11689412593841553,0.9999101161956787,0.5211628079414368,0.2278125137090683,0.004262134898453951,0.9634544253349304,0.4043773114681244,0.4302196502685547,-0.16023020446300507,0.9754443764686584,0.5702425241470337,0.15783549845218658,-0.1056363433599472,0.9590181112289429,0.4149627685546875,0.5382295846939087,-0.26160696148872375,0.9760442972183228,0.48226919770240784,0.514428436756134,0.04199998080730438,0.9999521374702454,0.44160622358322144,0.5370314717292786,-0.04224178194999695,0.9999482035636902,0.5717204809188843,0.5809186100959778,-0.0005930972984060645,0.9802901744842529,0.4493069648742676,0.7071244716644287,-0.08697488158941269,0.9841643571853638,0.6674366593360901,0.6597236394882202,-0.018347760662436485,0.9649800062179565,0.3965226709842682,0.8564938902854919,-0.059240542352199554,0.9353609085083008,0.7083125114440918,0.6490746736526489,-0.15538744628429413,0.957024335861206,0.42554980516433716,0.9128996133804321,-0.18594498932361603,0.9342084527015686
25,0.8333333333333334,0.4445338249206543,0.21487918496131897,-0.172299325466156,0.9993206262588501,0.46852511167526245,0.2762656509876251,0.009929614141583443,0.9999268054962158,0.39349085092544556,0.3121468126773834,-0.11685705184936523,0.9999185800552368,0.5211736559867859,0.227773979306221,0.004282676614820957,0.9663103222846985,0.4043967127799988,0.4302152097225189,-0.15977323055267334,0.977789044380188,0.5702309608459473,0.1576816439628601,-0.10453703254461288,0.9626925587654114,0.41500401496887207,0.53825843334198,-0.26067954301834106,0.9783027172088623,0.4822860658168793,0.5144137740135193,0.04201243072748184,0.9999539852142334,0.4416230320930481,0.5370354056358337,-0.04225404933094978,0.9999508261680603,0.5716536045074463,0.5808560848236084,-0.0037731118500232697,0.9813635945320129,0.44940146803855896,0.7070964574813843,-0.08968307077884674,0.9855408072471619,0.6673887968063354,0.6597583889961243,-0.02517034485936165,0.9680269956588745,0.39650243520736694,0.8563539385795593,-0.066444031894207,0.9414240717887878,0.7083061933517456,0.6489418745040894,-0.1625451147556305,0.9608896970748901,0.4255477786064148,0.913051187992096,-0.19377297163009644,0.9400447607040405
26,0.8666666666666667,0.4447452127933502,0.21491864323616028,-0.1669408082962036,0.9993877410888672,0.46845442056655884,0.2762492299079895,0.013201005756855011,0.9999322295188904,0.39350050687789917,0.3120548129081726,-0.11698950827121735,0.9999262690544128,0.5211949944496155,0.22765445709228516,0.010920850560069084,0.9688704609870911,0.4043845236301422,0.43021446466445923,-0.15989390015602112,0.9799093008041382,0.5702348351478577,0.1574706733226776,-0.09377024322748184,0.9660155773162842,0.41500091552734375,0.5382532477378845,-0.2606410086154938,0.9803434610366821,0.48226553201675415,0.5143933296203613,0.0422932393848896,0.9999558925628662,0.4416341185569763,0.5370245575904846,-0.042533211410045624,0.9999533891677856,0.5715421438217163,0.580768346786499,-0.003737684804946184,0.982248067855835,0.4494926929473877,0.707090437412262,-0.09038545191287994,0.9867662191390991,0.6673448085784912,0.6597185134887695,-0.024309217929840088,0.9707440137863159,0.39641961455345154,0.8561860918998718,-0.06673477590084076,0.9468806385993958,0.7082841396331787,0.6487478017807007,-0.16110697388648987,0.9643616676330566,0.42552417516708374,0.9131698608398438,-0.19323252141475677,0.9453092813491821
27,0.9,0.4449261724948883,0.2148943543434143,-0.1644308865070343,0.9994481801986694,0.46840065717697144,0.2762407660484314,0.014870086684823036,0.9999372363090515,0.3935077488422394,0.3120088279247284,-0.11645662784576416,0.9999331831932068,0.521245539188385,0.22747978568077087,0.013383954763412476,0.971189558506012,0.40437954664230347,0.4302302896976471,-0.15962067246437073,0.9818156361579895,0.5702826976776123,0.15712150931358337,-0.09065083414316177,0.9690184593200684,0.41499727964401245,0.5382488965988159,-0.25987035036087036,0.9821769595146179,0.4822409749031067,0.5143490433692932,0.042379219084978104,0.9999577403068542,0.4416380822658539,0.5369800329208374,-0.04261883348226547,0.9999557137489319,0.5713921189308167,0.5806611180305481,-0.004987587220966816,0.9830729961395264,0.44957399368286133,0.7070397734642029,-0.09196367114782333,0.9878730773925781,0.6672898530960083,0.6595761179924011,-0.02716682292521,0.9731958508491516,0.39636126160621643,0.8559223413467407,-0.06908345967531204,0.9517946839332581,0.7082618474960327,0.6485806703567505,-0.16353647410869598,0.9674950838088989,0.42544418573379517,0.9133470058441162,-0.19507309794425964,0.9500542879104614
28,0.9333333333333333,0.4452086091041565,0.21451763808727264,-0.1603011190891266,0.9995025396347046,0.46837204694747925,0.27622997760772705,0.01733405329287052,0.9999418258666992,0.3935157060623169,0.3119426369667053,-0.11528386920690536,0.9999393820762634,0.5212880373001099,0.22725948691368103,0.015977298840880394,0.9732620716094971,0.40438586473464966,0.43025535345077515,-0.15846006572246552,0.9835276007652283,0.5703283548355103,0.15687422454357147,-0.08816306293010712,0.9717166423797607,0.41501688957214355,0.5382480621337891,-0.2572299838066101,0.9838208556175232,0.48222145438194275,0.5142937302589417,0.042470190674066544,0.9999595284461975,0.4416424632072449,0.5369141101837158,-0.04270941764116287,0.9999579191207886,0.5712516903877258,0.5805762410163879,-0.005570590496063232,0.9838119745254517,0.4496075510978699,0.7070026993751526,-0.0930531919002533,0.9888697862625122,0.6672587394714355,0.6594472527503967,-0.02808520756661892,0.97539883852005,0.39633673429489136,0.8556928634643555,-0.07075102627277374,0.9562250375747681,0.7082427740097046,0.6484407782554626,-0.16401800513267517,0.9703143835067749,0.42543095350265503,0.9135618209838867,-0.19643691182136536,0.9543370604515076
29,0.9666666666666667,0.44570407271385193,0.21465171873569489,-0.1591808944940567,0.9995514750480652,0.46834343671798706,0.2762202024459839,0.018529323861002922,0.9999459385871887,0.3935220241546631,0.31188538670539856,-0.11525745689868927,0.9999449849128723,0.5213102698326111,0.22714774310588837,0.018458198755979538,0.9751385450363159,0.40439167618751526,0.43026280403137207,-0.15846982598304749,0.9850801825523376,0.5703380107879639,0.1566438525915146,-0.08368724584579468,0.97416752576828,0.4150429666042328,0.5382451415061951,-0.25723451375961304,0.9853209257125854,0.4822171628475189,0.5142763257026672,0.042610906064510345,0.9999608993530273,0.4416491389274597,0.5369057655334473,-0.042849570512771606,0.9999597072601318,0.5710936784744263,0.5805205702781677,-0.0068600960075855255,0.9844731092453003,0.44966554641723633,0.7069512605667114,-0.09398065507411957,0.9897677898406982,0.6672322750091553,0.6593500971794128,-0.030459007248282433,0.9773611426353455,0.3963329493999481,0.8555229902267456,-0.0731484666466713,0.9602014422416687,0.7082266211509705,0.6483489871025085,-0.1655609905719757,0.9728341102600098,0.4253491759300232,0.9137387871742249,-0.1984606236219406,0.9581697583198547
30,1.0,0.44607630372047424,0.2146805375814438,-0.15814587473869324,0.9995955228805542,0.46832847595214844,0.2762060761451721,0.01897655986249447,0.9999496936798096,0.39352691173553467,0.31182509660720825,-0.11494175344705582,0.9999500513076782,0.5213611721992493,0.22700805962085724,0.019485775381326675,0.9768792986869812,0.4043945372104645,0.430268257856369,-0.158478781580925,0.9864746332168579,0.5703781247138977,0.15644358098506927,-0.08196429908275604,0.9763951897621155,0.4150570333003998,0.5382381677627563,-0.25742489099502563,0.9866666197776794,0.48221316933631897,0.5142644643783569,0.042655099183321,0.9999622702598572,0.4416554570198059,0.536903440952301,-0.04289351403713226,0.9999613761901855,0.5709490776062012,0.580473780632019,-0.006764154881238937,0.9851097464561462,0.44972577691078186,0.7069498300552368,-0.09396644681692123,0.9905785918235779,0.6671881675720215,0.65919429063797,-0.02913391962647438,0.9791573882102966,0.3963392376899719,0.8553110957145691,-0.07137710601091385,0.9637901186943054,0.7081952095031738,0.6482824683189392,-0.16450433433055878,0.9751249551773071,0.4252909719944,0.9139649868011475,-0.19676165282726288,0.9616344571113586
31,1.0333333333333334,0.4462999701499939,0.2146477997303009,-0.1569340080022812,0.9996351599693298,0.46832069754600525,0.2761968970298767,0.019347816705703735,0.9999530911445618,0.39353135228157043,0.311748743057251,-0.11413218080997467,0.9999545812606812,0.5214067697525024,0.22693093121051788,0.019724596291780472,0.9784594774246216,0.40439867973327637,0.4302721321582794,-0.1580481231212616,0.987722635269165,0.5704172849655151,0.15631476044654846,-0.08207086473703384,0.9784014225006104,0.41507142782211304,0.5382286310195923,-0.2572725713253021,0.9878678917884827,0.4822086691856384,0.514251172542572,0.04267170652747154,0.9999635219573975,0.44166111946105957,0.5368880033493042,-0.04291003197431564,0.9999628663063049,0.5708522200584412,0.5804383754730225,-0.006645383778959513,0.985664427280426,0.4497586190700531,0.7069411277770996,-0.09405899792909622,0.9913009405136108,0.6671544909477234,0.6590961217880249,-0.028416281566023827,0.9807666540145874,0.3963485658168793,0.8551751971244812,-0.07056549191474915,0.9670108556747437,0.7081564664840698,0.6482253074645996,-0.16396358609199524,0.977179229259491,0.4252660870552063,0.9141574501991272,-0.19603757560253143,0.9647346138954163
32,1.0666666666666667,0.44642776250839233,0.2146061211824417,-0.15733602643013,0.9996708631515503,0.46831780672073364,0.27618399262428284,0.019395608454942703,0.9999561309814453,0.3935341238975525,0.31168732047080994,-0.11405648291110992,0.9999586939811707,0.5214272737503052,0.22691424190998077,0.01965460553765297,0.9798680543899536,0.40440377593040466,0.43027469515800476,-0.15798220038414001,0.9888476729393005,0.5704522728919983,0.15622030198574066,-0.08249955624341965,0.9802008867263794,0.4150797426700592,0.5382232069969177,-0.25722166895866394,0.988949179649353,0.4821988642215729,0.514241099357605,0.042708106338977814,0.999964714050293,0.4416659474372864,0.5368695855140686,-0.042946260422468185,0.9999643564224243,0.5707604289054871,0.5804097652435303,-0.006710655055940151,0.9861803650856018,0.4498012959957123,0.706939160823822,-0.09415791928768158,0.9919556379318237,0.6671268939971924,0.6590286493301392,-0.028549715876579285,0.9822237491607666,0.39635592699050903,0.8550138473510742,-0.07045269757509232,0.9699166417121887,0.7081282734870911,0.6481570601463318,-0.16427937150001526,0.9790374040603638,0.4252620339393616,0.9143292903900146,-0.19596020877361298,0.9675396084785461
33,1.1,0.4465410113334656,0.21457330882549286,-0.1575378030538559,0.999703049659729,0.4683140814304352,0.2761732041835785,0.01955331861972809,0.999958872795105,0.39353689551353455,0.3116210401058197,-0.11407574266195297,0.9999623894691467,0.5214530229568481,0.2268959879875183,0.019908225163817406,0.9811403155326843,0.4044087529182434,0.4302772879600525,-0.15799327194690704,0.9898601174354553,0.5705138444900513,0.15611742436885834,-0.08212428539991379,0.9818242192268372,0.4150887131690979,0.5382151007652283,-0.25724291801452637,0.989923357963562,0.4821888506412506,0.5142328143119812,0.04273991659283638,0.9999657869338989,0.44167017936706543,0.5368565320968628,-0.042978137731552124,0.9999656677246094,0.5705980658531189,0.5803790092468262,-0.007374214939773083,0.9866589307785034,0.44984880089759827,0.7069331407546997,-0.09431882202625275,0.9925428032875061,0.6670935153961182,0.6589599847793579,-0.030414605513215065,0.9835392832756042,0.396361768245697,0.8547568321228027,-0.07075469940900803,0.9725279808044434,0.7081099152565002,0.6480882167816162,-0.1663537323474884,0.9807122349739075,0.42524799704551697,0.9143823385238647,-0.1961529701948166,0.970055341720581
34,1.1333333333333333,0.44660893082618713,0.21433696150779724,-0.15648725628852844,0.9997319579124451,0.4683133065700531,0.276165246963501,0.020091956481337547,0.9999613761901855,0.3935402035713196,0.31155574321746826,-0.11379454284906387,0.9999656677246094,0.5214670300483704,0.22688814997673035,0.020259283483028412,0.9822680950164795,0.40441298484802246,0.4302801787853241,-0.15772484242916107,0.9907661080360413,0.570572555065155,0.15603035688400269,-0.08199922740459442,0.9832712411880493,0.4150966703891754,0.538211464881897,-0.2565937042236328,0.9907912015914917,0.4821844696998596,0.5142250061035156,0.04275888949632645,0.9999668002128601,0.4416739344596863,0.5368455648422241,-0.04299716651439667,0.9999668598175049,0.5704947113990784,0.580353319644928,-0.007852023467421532,0.9870768189430237,0.4498932361602783,0.7069324851036072,-0.0943765789270401,0.9930660128593445,0.6670600175857544,0.6588809490203857,-0.03192455694079399,0.9847187399864197,0.3963661789894104,0.8545750975608826,-0.0708530992269516,0.9748709797859192,0.7080867886543274,0.6480282545089722,-0.1679946333169937,0.9822142720222473,0.42522773146629333,0.9144190549850464,-0.19610284268856049,0.9723042845726013
35,1.1666666666666667,0.4467954635620117,0.21427299082279205,-0.15651699900627136,0.9997580051422119,0.4683074951171875,0.27615830302238464,0.020282601937651634,0.9999635815620422,0.3935467600822449,0.3115255832672119,-0.11415354907512665,0.9999686479568481,0.5214774012565613,0.2268780618906021,0.02133091911673546,0.9833356738090515,0.40441614389419556,0.43028557300567627,-0.15965157747268677,0.9915948510169983,0.5706163048744202,0.15595874190330505,-0.07966560125350952,0.984603762626648,0.41510337591171265,0.5382080078125,-0.2601689398288727,0.9915894865989685,0.482180655002594,0.5142123699188232,0.04294620081782341,0.9999676942825317,0.44167739152908325,0.5368450284004211,-0.043183501809835434,0.9999679327011108,0.5704985857009888,0.5803533792495728,-0.007126069162040949,0.9875386357307434,0.44994211196899414,0.7069310545921326,-0.09430551528930664,0.9935678243637085,0.6670441031455994,0.6588162183761597,-0.028383564203977585,0.9858391880989075,0.39637115597724915,0.8545172214508057,-0.07048093527555466,0.9770467281341553,0.7080827951431274,0.6479575037956238,-0.16413843631744385,0.9836190342903137,0.42520102858543396,0.9144179224967957,-0.1959080845117569,0.9744446873664856
36,1.2,0.44685378670692444,0.2138640135526657,-0.15453404188156128,0.9997813105583191,0.46830734610557556,0.2761681377887726,0.02183471992611885,0.9999655485153198,0.3935531973838806,0.3114818334579468,-0.11360730230808258,0.9999712705612183,0.5214872360229492,0.22686101496219635,0.022543860599398613,0.9842211008071899,0.4044206738471985,0.43029481172561646,-0.15921756625175476,0.9923223853111267,0.5706750154495239,0.15593896806240082,-0.07962892204523087,0.9857786893844604,0.41510748863220215,0.5382124781608582,-0.2592723071575165,0.9922744631767273,0.48216986656188965,0.5142046213150024,0.04307042807340622,0.9999685287475586,0.4416813850402832,0.5368486642837524,-0.043306395411491394,0.9999688863754272,0.5705077648162842,0.5803562998771667,-0.005393673665821552,0.9878990054130554,0.4501245617866516,0.7073560357093811,-0.09424880892038345,0.9940111041069031,0.6670328378677368,0.658806562423706,-0.02323617786169052,0.9868378639221191,0.39637166261672974,0.8545030355453491,-0.0654769092798233,0.9789859652519226,0.7080811262130737,0.6479424834251404,-0.15833406150341034,0.9848721027374268,0.42551612854003906,0.9145333766937256,-0.189353808760643,0.9763327836990356
37,1.2333333333333334,0.44686850905418396,0.21377474069595337,-0.1549462229013443,0.9998023509979248,0.4683002531528473,0.27616092562675476,0.021769005805253983,0.9999673366546631,0.39356058835983276,0.31139424443244934,-0.11340892314910889,0.9999736547470093,0.521499752998352,0.22685497999191284,0.02240891195833683,0.985046923160553,0.40443071722984314,0.43029746413230896,-0.15917576849460602,0.9929784536361694,0.5706837177276611,0.15593142807483673,-0.07948872447013855,0.986839771270752,0.4151119291782379,0.5382363200187683,-0.25923407077789307,0.9928974509239197,0.48216384649276733,0.5141938328742981,0.04314110055565834,0.9999691247940063,0.44169363379478455,0.5368459224700928,-0.0433768667280674,0.9999696016311646,0.5705035328865051,0.5803558230400085,-0.004940968006849289,0.9881561994552612,0.45016926527023315,0.7073565721511841,-0.09418640285730362,0.9943981766700745,0.6670101881027222,0.6587816476821899,-0.022755760699510574,0.9876767992973328,0.3963620960712433,0.8544932007789612,-0.06602611392736435,0.9807075262069702,0.7080796957015991,0.647930920124054,-0.15779457986354828,0.9859504103660583,0.4257374703884125,0.9145610332489014,-0.19047817587852478,0.9779885411262512
38,1.2666666666666666,0.4619668126106262,0.21192491054534912,-0.19708947837352753,0.9998215436935425,0.4934493601322174,0.2770465016365051,-0.002411486813798547,0.999968409538269,0.41383814811706543,0.3115236163139343,-0.10995849221944809,0.9999758005142212,0.5485236644744873,0.25415855646133423,0.01196359284222126,0.9857076406478882,0.4101252555847168,0.4309180676937103,-0.14694222807884216,0.9935669898986816,0.6005384922027588,0.22114533185958862,-0.07766377925872803,0.9875228404998779,0.4031500220298767,0.5383571982383728,-0.2592145800590515,0.9934924840927124,0.49806538224220276,0.5194429755210876,0.04235447198152542,0.9999706149101257,0.4555431306362152,0.5369131565093994,-0.04258132353425026,0.999971330165863,0.5875316262245178,0.5989393591880798,0.024776490405201912,0.9886258244514465,0.45965805649757385,0.7080625891685486,-0.1327652484178543,0.9948844313621521,0.6768074631690979,0.6973629593849182,0.051798172295093536,0.9886317849159241,0.3978191614151001,0.8528531193733215,-0.09758172929286957,0.9824507832527161,0.7221398949623108,0.6999112963676453,-0.07535679638385773,0.9871072173118591,0.4257160723209381,0.9144644141197205,-0.2229079306125641,0.9799125790596008
39,1.3,0.4664289951324463,0.20688194036483765,-0.18379954993724823,0.999839186668396,0.49703463912010193,0.2785473167896271,0.0032790321856737137,0.999970018863678,0.4164053797721863,0.31232234835624695,-0.10183972120285034,0.9999778270721436,0.5524296164512634,0.2601912319660187,0.011147255077958107,0.9863318204879761,0.4123031497001648,0.4325428009033203,-0.1379089057445526,0.9940967559814453,0.6051109433174133,0.22860172390937805,-0.08522161841392517,0.9878919720649719,0.4005357623100281,0.5384212136268616,-0.2448224127292633,0.9939887523651123,0.500526487827301,0.5207141637802124,0.04216276854276657,0.9999721646308899,0.4571608901023865,0.5366566777229309,-0.04239039495587349,0.9999729990959167,0.5905760526657104,0.6034582853317261,0.00772814080119133,0.9893317818641663,0.462634414434433,0.708089292049408,-0.13825587928295135,0.9953324794769287,0.6788097620010376,0.7042179703712463,0.02742932178080082,0.9895073175430298,0.39921435713768005,0.8491188883781433,-0.0986580103635788,0.9839984178543091,0.7248701453208923,0.7068633437156677,-0.1130073219537735,0.9881842136383057,0.4251117706298828,0.9143907427787781,-0.21761873364448547,0.9816041588783264
40,1.3333333333333333,0.4665181636810303,0.2086457759141922,-0.1795947104692459,0.9998548030853271,0.496664822101593,0.2774724066257477,0.017389271408319473,0.9999716281890869,0.41718220710754395,0.3122174143791199,-0.10085972398519516,0.999979555606842,0.5501745939254761,0.2618747055530548,0.03332870081067085,0.9871271848678589,0.412910521030426,0.43298667669296265,-0.14083437621593475,0.9945616722106934,0.6021617650985718,0.23331476747989655,-0.059711020439863205,0.9887004494667053,0.40056437253952026,0.538365364074707,-0.247157484292984,0.9944230914115906,0.5018987655639648,0.5206315517425537,0.04580581188201904,0.9999740719795227,0.45836013555526733,0.5366089940071106,-0.04603835940361023,0.9999749064445496,0.5921148657798767,0.6073475480079651,0.011627000756561756,0.9900474548339844,0.4635809063911438,0.7078940272331238,-0.15920521318912506,0.9957686066627502,0.6799152493476868,0.7063960433006287,0.0410594679415226,0.9903435111045837,0.3996744751930237,0.8474947810173035,-0.1191323846578598,0.9854830503463745,0.7292143106460571,0.7088980078697205,-0.08326763659715652,0.9891602993011475,0.42511191964149475,0.9148434996604919,-0.23956970870494843,0.9832313656806946
41,1.3666666666666667,0.46681857109069824,0.21231314539909363,-0.17852430045604706,0.9998689293861389,0.4968738555908203,0.2772439420223236,0.017751682549715042,0.9999729990959167,0.4176023602485657,0.3121379017829895,-0.09598292410373688,0.9999811053276062,0.550966203212738,0.2609647214412689,0.02987368404865265,0.9880099892616272,0.41296324133872986,0.4330770671367645,-0.1378367394208908,0.9950113892555237,0.6021382212638855,0.22965505719184875,-0.06493750959634781,0.9895252585411072,0.40002545714378357,0.538352906703949,-0.2476886510848999,0.9948609471321106,0.502458930015564,0.5208457708358765,0.045643292367458344,0.9999758005142212,0.45854058861732483,0.5369057655334473,-0.045877791941165924,0.9999765753746033,0.5921638011932373,0.6072187423706055,0.01072237640619278,0.9907764792442322,0.46361255645751953,0.7078847885131836,-0.14958451688289642,0.9961649775505066,0.6807786226272583,0.7059096693992615,0.036777544766664505,0.9911477565765381,0.39995527267456055,0.8468067646026611,-0.1074133962392807,0.9868330955505371,0.7300331592559814,0.7091925144195557,-0.08941693603992462,0.9900864958763123,0.4252389967441559,0.915219783782959,-0.22861647605895996,0.9847204089164734
42,1.4,0.4676666855812073,0.21401861310005188,-0.18002773821353912,0.9998817443847656,0.4965243935585022,0.27586090564727783,0.018825411796569824,0.9999747276306152,0.4181216359138489,0.3119250237941742,-0.09862962365150452,0.9999825358390808,0.5504022240638733,0.26015543937683105,0.02996848151087761,0.9888833165168762,0.4128502309322357,0.4330655336380005,-0.1404961198568344,0.9954256415367126,0.6033295392990112,0.22737130522727966,-0.06901384890079498,0.9903963804244995,0.39967599511146545,0.5383241176605225,-0.25103238224983215,0.9952660799026489,0.5024126172065735,0.5207162499427795,0.046338386833667755,0.9999772906303406,0.45887666940689087,0.5369406342506409,-0.046576887369155884,0.9999780058860779,0.5918149352073669,0.6068011522293091,0.010106140747666359,0.9914367198944092,0.4635891020298004,0.7078914642333984,-0.14125120639801025,0.9965178966522217,0.6809440851211548,0.7045429944992065,0.03511654958128929,0.9918618202209473,0.40007463097572327,0.8462998270988464,-0.1013103574514389,0.9880416393280029,0.7294598817825317,0.7077940106391907,-0.09186523407697678,0.9909164309501648,0.42544835805892944,0.9153373837471008,-0.223972886800766,0.9860482811927795
43,1.4333333333333333,0.46716055274009705,0.21804168820381165,-0.18110474944114685,0.9998931288719177,0.49631547927856445,0.2747480571269989,0.018754536285996437,0.9999761581420898,0.41875606775283813,0.3115774393081665,-0.0955614373087883,0.9999837279319763,0.5505391359329224,0.261663556098938,0.028265271335840225,0.9896512031555176,0.4130357801914215,0.432628333568573,-0.1327725350856781,0.9957747459411621,0.6027499437332153,0.2281065136194229,-0.07734708487987518,0.9911736249923706,0.39951011538505554,0.5381183624267578,-0.24031057953834534,0.995602011680603,0.5028238296508789,0.5206356048583984,0.046200573444366455,0.9999783635139465,0.45928955078125,0.5369381308555603,-0.04643922671675682,0.9999790191650391,0.5919700860977173,0.6064085364341736,0.005769447423517704,0.9920104742050171,0.46343427896499634,0.7078777551651001,-0.13721778988838196,0.9968304634094238,0.680673360824585,0.7042696475982666,0.027795642614364624,0.9924784302711487,0.40025168657302856,0.8461534976959229,-0.09811663627624512,0.9891120791435242,0.7291455864906311,0.7073215246200562,-0.10119905322790146,0.9916336536407471,0.42588791251182556,0.9158501625061035,-0.2226519137620926,0.9872072339057922
44,1.4666666666666666,0.46747320890426636,0.21771150827407837,-0.17998257279396057,0.9999034404754639,0.49604088068008423,0.2745608687400818,0.020675621926784515,0.9999774694442749,0.41911759972572327,0.3114677965641022,-0.09217872470617294,0.9999848008155823,0.5512194037437439,0.26262494921684265,0.027635794132947922,0.990341305732727,0.4133363366127014,0.4326211214065552,-0.1275111585855484,0.9960774183273315,0.6031306982040405,0.22781212627887726,-0.08784029632806778,0.9918485283851624,0.3995155394077301,0.5378165245056152,-0.23272962868213654,0.9958726763725281,0.503358006477356,0.520600438117981,0.04613105207681656,0.9999796152114868,0.4597330689430237,0.5369253158569336,-0.046369705349206924,0.9999802112579346,0.5921104550361633,0.6063799858093262,0.0030948356725275517,0.9925196766853333,0.4636200964450836,0.7078574299812317,-0.13835659623146057,0.9971124529838562,0.6806171536445618,0.7051277756690979,0.02630820870399475,0.9930317997932434,0.4002913534641266,0.8459430932998657,-0.09945518523454666,0.9900856018066406,0.7289677858352661,0.707404613494873,-0.10334406793117523,0.9922852516174316,0.42639535665512085,0.9160692095756531,-0.2261943817138672,0.9882704615592957
45,1.5,0.4676364064216614,0.21763797104358673,-0.17728254199028015,0.9999127388000488,0.49618610739707947,0.27419108152389526,0.02205774188041687,0.9999788999557495,0.4192517399787903,0.3113851249217987,-0.09200935065746307,0.9999858736991882,0.5517500042915344,0.2621406018733978,0.027808476239442825,0.9910140633583069,0.41339483857154846,0.4323785901069641,-0.12683314085006714,0.9963549971580505,0.6035533547401428,0.2272815853357315,-0.08681052923202515,0.9925075173377991,0.39941632747650146,0.5374186635017395,-0.23145242035388947,0.9961349368095398,0.5034765601158142,0.5206450819969177,0.04628309607505798,0.9999807476997375,0.45988455414772034,0.5368308424949646,-0.04652242735028267,0.9999812245368958,0.5916553139686584,0.6060833930969238,-6.96134811732918e-05,0.9929829239845276,0.4638632833957672,0.7077072858810425,-0.14559568464756012,0.9973688721656799,0.6802472472190857,0.7054846882820129,0.02589990198612213,0.9935432076454163,0.4002678394317627,0.8457107543945312,-0.10917077958583832,0.9909639358520508,0.7285891771316528,0.706642210483551,-0.10563329607248306,0.9928885102272034,0.4265425205230713,0.9164928197860718,-0.23588776588439941,0.98923659324646
46,1.5333333333333334,0.4674404263496399,0.21660088002681732,-0.17295190691947937,0.9999211430549622,0.4961110055446625,0.2740860879421234,0.026165682822465897,0.9999801516532898,0.4194163382053375,0.311373233795166,-0.09212590754032135,0.9999868273735046,0.5519073009490967,0.2618202567100525,0.03463726490736008,0.9916273355484009,0.4134700894355774,0.4322388470172882,-0.130185067653656,0.9966198205947876,0.6037299633026123,0.22733408212661743,-0.07263271510601044,0.9931126236915588,0.3994179666042328,0.5373021960258484,-0.23354467749595642,0.9963908791542053,0.5037046670913696,0.5208170413970947,0.046740271151065826,0.9999817609786987,0.46026358008384705,0.5368251204490662,-0.046978630125522614,0.9999821186065674,0.5911635160446167,0.605780303478241,0.0015908079221844673,0.9934113025665283,0.46398720145225525,0.7075895667076111,-0.14796829223632812,0.9976027607917786,0.6799483299255371,0.7051804661750793,0.023321207612752914,0.9940333962440491,0.40028104186058044,0.8451421856880188,-0.10858331620693207,0.9917687773704529,0.7282405495643616,0.70606529712677,-0.1077759861946106,0.9934598207473755,0.42658719420433044,0.9166793823242188,-0.2337394505739212,0.9901330471038818
47,1.5666666666666667,0.46775418519973755,0.21392512321472168,-0.16938842833042145,0.9999287128448486,0.49602144956588745,0.2740471661090851,0.027748223394155502,0.9999812245368958,0.4195070266723633,0.3113640546798706,-0.09321165829896927,0.9999876618385315,0.5520378351211548,0.2615860104560852,0.03641589358448982,0.9921641945838928,0.413534015417099,0.4322316348552704,-0.1312388926744461,0.9968634843826294,0.603838324546814,0.22756806015968323,-0.06887072324752808,0.9936414957046509,0.39953795075416565,0.5372915863990784,-0.24336178600788116,0.9966208338737488,0.5038293600082397,0.5209366679191589,0.04719811677932739,0.9999827146530151,0.4604967534542084,0.5368283987045288,-0.04743365943431854,0.999983012676239,0.5911151170730591,0.6058696508407593,0.006029541604220867,0.9937918782234192,0.46410757303237915,0.7075035572052002,-0.14757472276687622,0.9978129267692566,0.6798337697982788,0.7053046822547913,0.02954396978020668,0.9944722652435303,0.4002871513366699,0.8447603583335876,-0.10634227097034454,0.9924971461296082,0.7279207110404968,0.7059998512268066,-0.09963101893663406,0.9939709901809692,0.42676234245300293,0.9170557856559753,-0.23078879714012146,0.9909457564353943
48,1.6,0.46818751096725464,0.2136736810207367,-0.16537269949913025,0.9999355673789978,0.4959339499473572,0.2740423083305359,0.03247234225273132,0.9999821782112122,0.4193686842918396,0.3113643527030945,-0.09298925846815109,0.9999883770942688,0.5517342686653137,0.2614469826221466,0.04210430756211281,0.9925993084907532,0.4135774075984955,0.4316951632499695,-0.1322389543056488,0.9970889091491699,0.603395938873291,0.22860018908977509,-0.06202502176165581,0.9941102266311646,0.399480402469635,0.5372790694236755,-0.243425652384758,0.9968274831771851,0.5038772225379944,0.5210122466087341,0.04748866707086563,0.9999834299087524,0.46069684624671936,0.5368569493293762,-0.04772438853979111,0.9999836683273315,0.5911563634872437,0.6057889461517334,0.0050513562746346,0.9941336512565613,0.4639884829521179,0.7075257301330566,-0.14603634178638458,0.9979984760284424,0.6797787547111511,0.7052595615386963,0.023915499448776245,0.9948608875274658,0.4002911150455475,0.8447809815406799,-0.10527588427066803,0.9931496977806091,0.7281675934791565,0.7061699628829956,-0.10412506014108658,0.9944291114807129,0.4272101819515228,0.9178717732429504,-0.22835424542427063,0.9916694760322571
49,1.6333333333333333,0.4684237837791443,0.21381649374961853,-0.16608193516731262,0.9999417066574097,0.4959086775779724,0.2740422487258911,0.03097003698348999,0.9999829530715942,0.41923967003822327,0.3113597631454468,-0.09336088597774506,0.9999890327453613,0.5516050457954407,0.26135486364364624,0.03891585394740105,0.9930216073989868,0.41362571716308594,0.43145158886909485,-0.13478663563728333,0.9972937703132629,0.6031002402305603,0.2291889786720276,-0.06516708433628082,0.9945380091667175,0.39953309297561646,0.5372890830039978,-0.2490297257900238,0.9970186948776245,0.5039472579956055,0.5209991931915283,0.047450874000787735,0.9999840259552002,0.46088194847106934,0.5368692874908447,-0.047686733305454254,0.9999842047691345,0.5912371873855591,0.6058099865913391,0.004932624753564596,0.9944478273391724,0.4639098644256592,0.7075358629226685,-0.1414080262184143,0.9981650710105896,0.67978435754776,0.7052929401397705,0.02304985001683235,0.9952158331871033,0.4003201425075531,0.844795823097229,-0.09902600944042206,0.9937353730201721,0.7281091809272766,0.7063170075416565,-0.10558774322271347,0.9948422908782959,0.4272407591342926,0.9181438684463501,-0.22227033972740173,0.9923170804977417
50,1.6666666666666667,0.4685317575931549,0.21413582563400269,-0.1665291041135788,0.9999472498893738,0.4958552420139313,0.27405163645744324,0.030566206201910973,0.9999836087226868,0.4192085266113281,0.3113541007041931,-0.09369992464780807,0.9999895691871643,0.5513863563537598,0.2614266276359558,0.0390535332262516,0.9933820366859436,0.4136444628238678,0.43121761083602905,-0.1383645385503769,0.9974709153175354,0.6028286218643188,0.22968561947345734,-0.06452249735593796,0.994917094707489,0.39955800771713257,0.5373013019561768,-0.2540794014930725,0.9971756339073181,0.5040593147277832,0.5209835767745972,0.04748068004846573,0.9999845623970032,0.4610767364501953,0.536955714225769,-0.047716401517391205,0.9999846816062927,0.5913640856742859,0.6059536337852478,0.007411351893097162,0.994711697101593,0.4638378620147705,0.7075583338737488,-0.1379302442073822,0.9983136057853699,0.6798283457756042,0.7054761052131653,0.027466628700494766,0.9955310821533203,0.40033507347106934,0.845025897026062,-0.09485351294279099,0.9942615032196045,0.7280135154724121,0.7065091729164124,-0.10153710842132568,0.9952088594436646,0.4272383749485016,0.918245792388916,-0.21879640221595764,0.9928973913192749
51,1.7,0.4686303734779358,0.21410155296325684,-0.1668645590543747,0.9999522566795349,0.4958663582801819,0.2740570902824402,0.030157417058944702,0.9999842643737793,0.4192374646663666,0.3113396167755127,-0.09387487918138504,0.9999900460243225,0.5512779951095581,0.26139864325523376,0.039298128336668015,0.9937207102775574,0.4136442542076111,0.43089163303375244,-0.14136165380477905,0.9976315498352051,0.6026517152786255,0.22974711656570435,-0.06409902125597,0.9952661395072937,0.3995721936225891,0.5373095870018005,-0.2573646306991577,0.9973157048225403,0.5041038393974304,0.5209677219390869,0.04751390591263771,0.9999850988388062,0.46121519804000854,0.537004292011261,-0.04774956777691841,0.9999850988388062,0.5914754271507263,0.606072723865509,0.008396049961447716,0.994939923286438,0.4638023376464844,0.7075608372688293,-0.1339356005191803,0.9984439015388489,0.6798833608627319,0.7058131098747253,0.02789226733148098,0.9958110451698303,0.4003519117832184,0.8452754616737366,-0.08886948227882385,0.994727611541748,0.7279728651046753,0.7066686153411865,-0.10187879949808121,0.9955369234085083,0.42725124955177307,0.9183668494224548,-0.21284577250480652,0.9934077262878418
52,1.7333333333333334,0.46882566809654236,0.21369744837284088,-0.16656556725502014,0.9999567270278931,0.4958999752998352,0.2740944027900696,0.029918259009718895,0.9999849200248718,0.4193161427974701,0.31132134795188904,-0.09448609501123428,0.9999905228614807,0.5512407422065735,0.2614496648311615,0.038765616714954376,0.9940402507781982,0.4136422276496887,0.43067479133605957,-0.1434822678565979,0.9977806210517883,0.6025308966636658,0.22981533408164978,-0.06515027582645416,0.9955845475196838,0.3995795249938965,0.5373252630233765,-0.25883176922798157,0.9974455833435059,0.5041734576225281,0.5209546685218811,0.04754146933555603,0.9999856352806091,0.4613553583621979,0.5370824337005615,-0.047776661813259125,0.9999855756759644,0.5916236639022827,0.6061438918113708,0.009267253801226616,0.9951602220535278,0.46378129720687866,0.7075602412223816,-0.13143643736839294,0.9985622763633728,0.6799519658088684,0.7060042023658752,0.029443571344017982,0.9960674047470093,0.4003652036190033,0.8454037308692932,-0.08591459691524506,0.9951508641242981,0.7279374003410339,0.706810474395752,-0.09992406517267227,0.9958366751670837,0.42727527022361755,0.9184503555297852,-0.20924952626228333,0.9938743114471436
53,1.7666666666666666,0.4688880443572998,0.21266017854213715,-0.16618826985359192,0.9999607801437378,0.4959312081336975,0.2741237282752991,0.029665445908904076,0.9999855160713196,0.41938939690589905,0.3112938106060028,-0.09452424198389053,0.9999909996986389,0.5512361526489258,0.2614525854587555,0.03847835212945938,0.9943395256996155,0.41363081336021423,0.4305092394351959,-0.14325717091560364,0.9979171752929688,0.6024354696273804,0.22976605594158173,-0.0680137425661087,0.995874285697937,0.3995952010154724,0.5373409986495972,-0.25748851895332336,0.9975678324699402,0.5041932463645935,0.5209453105926514,0.0475294329226017,0.9999861121177673,0.4614415764808655,0.5371444821357727,-0.04776465520262718,0.9999859929084778,0.591614842414856,0.6061183214187622,0.008937684819102287,0.9953664541244507,0.4637790620326996,0.7075594663619995,-0.12951144576072693,0.9986692070960999,0.6799716949462891,0.7060702443122864,0.028334101662039757,0.9962983727455139,0.4003639221191406,0.8456794023513794,-0.08515609800815582,0.9955323934555054,0.7279364466667175,0.7068739533424377,-0.10113713890314102,0.9961085319519043,0.4274490773677826,0.9185672998428345,-0.20847539603710175,0.9942958950996399
54,1.8,0.46870937943458557,0.2124592661857605,-0.1663738340139389,0.9999643564224243,0.4959031939506531,0.27415308356285095,0.02922094240784645,0.9999858736991882,0.4194251596927643,0.3112872540950775,-0.09438305348157883,0.9999912977218628,0.5511693954467773,0.2614259421825409,0.0360526368021965,0.9946005940437317,0.4136287271976471,0.4304467439651489,-0.14161524176597595,0.9980242848396301,0.6023555994033813,0.22973130643367767,-0.07207615673542023,0.9961140751838684,0.3996237516403198,0.5373631715774536,-0.25444334745407104,0.9976464509963989,0.5041646957397461,0.5209362506866455,0.047440119087696075,0.999986469745636,0.46149295568466187,0.5371793508529663,-0.04767577350139618,0.9999862909317017,0.5916983485221863,0.606122612953186,0.008356093429028988,0.9955435395240784,0.463809072971344,0.7075623273849487,-0.12922435998916626,0.9987649321556091,0.6800332069396973,0.7062273621559143,0.027803367003798485,0.9964902997016907,0.4003182351589203,0.8459414839744568,-0.08581787347793579,0.9958717226982117,0.7279784679412842,0.7069190740585327,-0.1018151268362999,0.9963333010673523,0.4279213547706604,0.9188632369041443,-0.20887336134910583,0.9946629405021667
55,1.8333333333333333,0.46850985288619995,0.21214012801647186,-0.1664566844701767,0.9999675750732422,0.49589699506759644,0.2741919159889221,0.02902199886739254,0.9999861717224121,0.4194720387458801,0.31128209829330444,-0.09358473867177963,0.9999915361404419,0.5511294603347778,0.261405885219574,0.03443637862801552,0.9948436617851257,0.41362810134887695,0.4302973449230194,-0.1389780193567276,0.998119056224823,0.6022961139678955,0.22972218692302704,-0.07431061565876007,0.9963318705558777,0.39964550733566284,0.5373871326446533,-0.25036904215812683,0.9977144002914429,0.5041773319244385,0.5209554433822632,0.04730096459388733,0.9999867677688599,0.4615539014339447,0.5372700691223145,-0.04753696545958519,0.9999865889549255,0.591819167137146,0.6061788201332092,0.00842328742146492,0.9957088232040405,0.4638370871543884,0.7075868248939514,-0.12928135693073273,0.9988530278205872,0.6800757050514221,0.706344485282898,0.028865957632660866,0.9966685175895691,0.40028780698776245,0.8459834456443787,-0.08667492121458054,0.9961799383163452,0.728011429309845,0.7069979310035706,-0.10000403225421906,0.996538519859314,0.4281352162361145,0.9190083146095276,-0.20997676253318787,0.9949980974197388
56,1.8666666666666667,0.46838125586509705,0.21090707182884216,-0.16598793864250183,0.9999704957008362,0.49590277671813965,0.2742273211479187,0.02888311818242073,0.9999865293502808,0.4195156991481781,0.3112699091434479,-0.0936519205570221,0.9999918341636658,0.551106333732605,0.26139888167381287,0.03441011533141136,0.9950618743896484,0.41362470388412476,0.4302123188972473,-0.13900789618492126,0.9982101321220398,0.6022470593452454,0.22969430685043335,-0.07420635223388672,0.9965316653251648,0.3996622562408447,0.5373967289924622,-0.2508249878883362,0.997783899307251,0.5041773319244385,0.5209580063819885,0.047287099063396454,0.9999871253967285,0.46159595251083374,0.5373073816299438,-0.047523003071546555,0.9999869465827942,0.5918886065483093,0.6062166094779968,0.009203245863318443,0.9958557486534119,0.46387234330177307,0.7076057195663452,-0.12901946902275085,0.9989327192306519,0.6800994277000427,0.7064086198806763,0.03146078437566757,0.9968326091766357,0.400264173746109,0.8460860252380371,-0.08717472106218338,0.9964629411697388,0.728029727935791,0.7070914506912231,-0.09689636528491974,0.9967300891876221,0.42840632796287537,0.919208288192749,-0.2107073962688446,0.995312511920929
57,1.9,0.46784529089927673,0.21039997041225433,-0.1658802032470703,0.9999731183052063,0.49593275785446167,0.27440720796585083,0.028811652213335037,0.9999867677688599,0.4195795953273773,0.31123876571655273,-0.09235937893390656,0.9999920129776001,0.5511146783828735,0.26144295930862427,0.03415372222661972,0.9952523708343506,0.4135495722293854,0.4301007091999054,-0.13670049607753754,0.9982849955558777,0.6022137403488159,0.2297651469707489,-0.0743425041437149,0.9967041611671448,0.3996749222278595,0.5374190211296082,-0.2488764077425003,0.9978339672088623,0.5041549801826477,0.5209934115409851,0.04718102514743805,0.9999874234199524,0.4615941643714905,0.5373839735984802,-0.04741702228784561,0.9999872446060181,0.5919700860977173,0.6062420010566711,0.009314031340181828,0.9959823489189148,0.4638877809047699,0.7076084017753601,-0.1283784955739975,0.9990045428276062,0.680162787437439,0.7064839005470276,0.03345904499292374,0.9969738125801086,0.40025076270103455,0.846386730670929,-0.08677299320697784,0.996715784072876,0.7280389070510864,0.7071875929832458,-0.09493134915828705,0.996894896030426,0.42907077074050903,0.919314980506897,-0.21077287197113037,0.995590329170227
58,1.9333333333333333,0.46757444739341736,0.21001920104026794,-0.16588488221168518,0.9999754428863525,0.49594512581825256,0.2745172083377838,0.028728311881422997,0.9999869465827942,0.41964149475097656,0.3111967444419861,-0.09198753535747528,0.9999921917915344,0.5511085391044617,0.2614527642726898,0.03425633907318115,0.995418131351471,0.4135000705718994,0.4299441874027252,-0.13599015772342682,0.9983576536178589,0.6022121906280518,0.22975365817546844,-0.0738530308008194,0.9968612194061279,0.39968475699424744,0.5374234318733215,-0.24821555614471436,0.9978894591331482,0.5041357278823853,0.5210214853286743,0.04712260887026787,0.9999876618385315,0.4615972638130188,0.537434995174408,-0.047358863055706024,0.9999874830245972,0.5919712781906128,0.6062379479408264,0.009200429543852806,0.9960975050926208,0.4638933539390564,0.7076085805892944,-0.1269255429506302,0.9990676045417786,0.6802133917808533,0.7065519690513611,0.03340372443199158,0.9971024394035339,0.4002407193183899,0.8466039896011353,-0.08323973417282104,0.9969404935836792,0.7280495166778564,0.7072488069534302,-0.09513286501169205,0.9970464110374451,0.42931896448135376,0.9193761348724365,-0.20708468556404114,0.9958364367485046
59,1.9666666666666666,0.46738409996032715,0.20876197516918182,-0.16589541733264923,0.9999775290489197,0.4959608018398285,0.27459126710891724,0.028703812509775162,0.9999871253967285,0.41967758536338806,0.31115520000457764,-0.09212878346443176,0.9999923706054688,0.5510979294776917,0.26149970293045044,0.0343145877122879,0.9955570697784424,0.4134432375431061,0.4299268126487732,-0.13619379699230194,0.9984227418899536,0.6022355556488037,0.22978803515434265,-0.07319385558366776,0.9969949722290039,0.3996955454349518,0.5374257564544678,-0.2483665943145752,0.9979371428489685,0.5041266083717346,0.5210447907447815,0.04710095003247261,0.9999879002571106,0.4615862965583801,0.5374784469604492,-0.04733717441558838,0.9999877214431763,0.5919675230979919,0.6062349677085876,0.009216012433171272,0.9961854815483093,0.4639008641242981,0.7076122164726257,-0.12601019442081451,0.999122142791748,0.6802435517311096,0.706590473651886,0.0339912585914135,0.9972119927406311,0.4002301096916199,0.8467758297920227,-0.07999511808156967,0.9971378445625305,0.728052020072937,0.7072956562042236,-0.09457100927829742,0.9971789717674255,0.42941656708717346,0.9194044470787048,-0.20334172248840332,0.9960501194000244
60,2.0,0.46887993812561035,0.2085755467414856,-0.1643577665090561,0.9999791979789734,0.4960666298866272,0.27451658248901367,0.029489567503333092,0.9999871253967285,0.4197065234184265,0.31113892793655396,-0.0971231609582901,0.9999924898147583,0.5510936379432678,0.26149097084999084,0.03425600752234459,0.9955625534057617,0.41338595747947693,0.4299689531326294,-0.1400206834077835,0.998477578163147,0.6022284030914307,0.2297441065311432,-0.07728022336959839,0.9970278143882751,0.39969855546951294,0.5375604629516602,-0.2483123242855072,0.9979692697525024,0.5040575265884399,0.5211541056632996,0.04759617894887924,0.9999881386756897,0.46157780289649963,0.5374850630760193,-0.04782858490943909,0.9999879598617554,0.5919783115386963,0.606218159198761,0.00916014239192009,0.9962782263755798,0.46388354897499084,0.7083503603935242,-0.1226046234369278,0.9991670250892639,0.6802917122840881,0.7065703868865967,0.033655308187007904,0.9973178505897522,0.4001699984073639,0.8470967411994934,-0.07146207988262177,0.9973059296607971,0.7280800342559814,0.707270622253418,-0.095261350274086,0.9972927570343018,0.42999863624572754,0.9197341799736023,-0.19590815901756287,0.9962069392204285
61,2.033333333333333,0.46956557035446167,0.2083437740802765,-0.16399523615837097,0.9999805688858032,0.496147483587265,0.27448776364326477,0.028809040784835815,0.9999870657920837,0.4197149872779846,0.31111645698547363,-0.09933245927095413,0.9999926090240479,0.5510914921760559,0.2614835202693939,0.030662745237350464,0.9955504536628723,0.4133431017398834,0.4300389587879181,-0.14057649672031403,0.9985244870185852,0.6022160053253174,0.22966085374355316,-0.08393178880214691,0.9970269203186035,0.39969125390052795,0.5376584529876709,-0.24677041172981262,0.9980042576789856,0.50400710105896,0.5212535262107849,0.04761568084359169,0.999988317489624,0.4615735411643982,0.537501335144043,-0.04784766957163811,0.9999881386756897,0.5919732451438904,0.6062026619911194,0.00729772076010704,0.9963420033454895,0.4638512134552002,0.7086228132247925,-0.12057365477085114,0.9992026090621948,0.6803189516067505,0.7065697312355042,0.03341243416070938,0.9973992705345154,0.40016141533851624,0.8473982214927673,-0.06841426342725754,0.997444212436676,0.7280818223953247,0.7072506546974182,-0.09700506925582886,0.9973835349082947,0.4302217960357666,0.9199124574661255,-0.19336770474910736,0.9963247776031494
62,2.066666666666667,0.46993857622146606,0.20813815295696259,-0.1633578985929489,0.9999818205833435,0.4962034225463867,0.2744772136211395,0.028788108378648758,0.9999869465827942,0.4197181761264801,0.3110780715942383,-0.09956244379281998,0.9999927282333374,0.5510858297348022,0.26147815585136414,0.030470743775367737,0.9955098032951355,0.41331449151039124,0.4300772249698639,-0.14062806963920593,0.9985658526420593,0.6022068858146667,0.22960716485977173,-0.08388140797615051,0.9970003366470337,0.399671733379364,0.5377360582351685,-0.24566738307476044,0.9980316162109375,0.5039798021316528,0.5212728977203369,0.04762831702828407,0.9999884366989136,0.4615679383277893,0.5375086665153503,-0.047860287129879,0.999988317489624,0.5919702053070068,0.6061865091323853,0.006210600025951862,0.9963881969451904,0.4638391137123108,0.7087530493736267,-0.12039288133382797,0.9992339611053467,0.6803262829780579,0.7065589427947998,0.03258645161986351,0.9974632859230042,0.40014904737472534,0.8475701808929443,-0.06860773265361786,0.9975641369819641,0.7280818223953247,0.7072395086288452,-0.09830154478549957,0.9974562525749207,0.4303310513496399,0.920007586479187,-0.19300508499145508,0.9964213967323303
63,2.1,0.4701804518699646,0.20815010368824005,-0.1632835417985916,0.999983012676239,0.4962341785430908,0.27447351813316345,0.029054859653115273,0.999987006187439,0.41971954703330994,0.31106531620025635,-0.10000546276569366,0.9999927878379822,0.5510807633399963,0.26148125529289246,0.030766120180487633,0.9955337643623352,0.41329246759414673,0.43013355135917664,-0.14088088274002075,0.9986023306846619,0.6022197008132935,0.2295798659324646,-0.08264777809381485,0.9970448613166809,0.3996633291244507,0.537794291973114,-0.24536481499671936,0.998056173324585,0.503932774066925,0.5212767720222473,0.04771427437663078,0.9999884963035583,0.46156245470046997,0.5375107526779175,-0.047946177423000336,0.999988317489624,0.5919257402420044,0.6060378551483154,0.0030337513890117407,0.996429979801178,0.4638255536556244,0.7088404893875122,-0.12089816480875015,0.9992597103118896,0.6803258657455444,0.7065505385398865,0.024262741208076477,0.9975149035453796,0.40013283491134644,0.8477439284324646,-0.07059359550476074,0.9976640939712524,0.7280802130699158,0.7072114944458008,-0.10800488293170929,0.9975174069404602,0.43045634031295776,0.9201003909111023,-0.19513922929763794,0.9964921474456787
64,2.1333333333333333,0.4702828526496887,0.20812462270259857,-0.16248098015785217,0.9999841451644897,0.49626320600509644,0.2744704782962799,0.029495200142264366,0.999987006187439,0.41972407698631287,0.31104418635368347,-0.0999145358800888,0.999992847442627,0.5510730743408203,0.2614876329898834,0.031406331807374954,0.9955649375915527,0.41326913237571716,0.4301752746105194,-0.1409519612789154,0.9986391663551331,0.6022173762321472,0.22954927384853363,-0.08199770748615265,0.9970840215682983,0.3996538817882538,0.537844717502594,-0.2451465129852295,0.998080849647522,0.503919243812561,0.5212946534156799,0.04778100922703743,0.9999886155128479,0.46155962347984314,0.5375155806541443,-0.048012714833021164,0.9999883770942688,0.5919211506843567,0.6059935092926025,0.0020133296493440866,0.996485710144043,0.4638128876686096,0.7089298963546753,-0.12123571336269379,0.9992866516113281,0.6803215146064758,0.7065305113792419,0.022809401154518127,0.9975706934928894,0.4001197814941406,0.8478142619132996,-0.07175437361001968,0.9977638721466064,0.7280818223953247,0.7071855068206787,-0.10888232290744781,0.9975807070732117,0.43056240677833557,0.9201663732528687,-0.19627852737903595,0.9965739250183105
65,2.1666666666666665,0.4704446792602539,0.20810167491436005,-0.16215234994888306,0.9999850988388062,0.4962882995605469,0.27446720004081726,0.029711466282606125,0.999987006187439,0.41972726583480835,0.3110279142856598,-0.10015267133712769,0.9999929070472717,0.5510684847831726,0.2614859938621521,0.031542785465717316,0.995599627494812,0.4132426679134369,0.43022486567497253,-0.1411450207233429,0.9986718893051147,0.6022295951843262,0.22952783107757568,-0.08161790668964386,0.9971256852149963,0.39964598417282104,0.5378901958465576,-0.24494802951812744,0.9981017708778381,0.5039052963256836,0.5213112235069275,0.04789230227470398,0.9999886751174927,0.4615565240383148,0.5375199913978577,-0.048123739659786224,0.9999884366989136,0.5919173359870911,0.6059650182723999,0.0018463386222720146,0.9965397715568542,0.4638047218322754,0.7090107202529907,-0.12147869914770126,0.9993115067481995,0.6803063154220581,0.7064772844314575,0.02260587364435196,0.9976266026496887,0.40011391043663025,0.8478469252586365,-0.07226653397083282,0.9978559613227844,0.7280839085578918,0.7071632146835327,-0.10896839201450348,0.997642457485199,0.43061885237693787,0.9202264547348022,-0.196866974234581,0.9966508746147156
66,2.2,0.4704975187778473,0.208069309592247,-0.1622462123632431,0.999985933303833,0.49631762504577637,0.2744651436805725,0.02972075343132019,0.9999869465827942,0.4197312891483307,0.3109995126724243,-0.10020449012517929,0.9999929666519165,0.5510656833648682,0.2614859938621521,0.03158309683203697,0.9956115484237671,0.4132227897644043,0.4302339255809784,-0.14125901460647583,0.9987005591392517,0.6022298336029053,0.22950324416160583,-0.08138967305421829,0.9971463084220886,0.3996407687664032,0.5379231572151184,-0.2449711263179779,0.9981212615966797,0.5038842558860779,0.5213193893432617,0.047929175198078156,0.9999887347221375,0.4615544378757477,0.5375216603279114,-0.04816072806715965,0.9999884963035583,0.5919131636619568,0.6059513092041016,0.0012160367332398891,0.9965904951095581,0.46380186080932617,0.7090626358985901,-0.12158513069152832,0.9993341565132141,0.6802939176559448,0.7064467668533325,0.0217728354036808,0.9976781010627747,0.40010905265808105,0.847865879535675,-0.07271292060613632,0.997940719127655,0.7280834317207336,0.707153856754303,-0.10982080549001694,0.9976992011070251,0.4306459426879883,0.9202629327774048,-0.1973552405834198,0.9967241287231445
67,2.2333333333333334,0.47049808502197266,0.2080819457769394,-0.1623636782169342,0.9999867677688599,0.4963473379611969,0.27445971965789795,0.029713306576013565,0.9999870657920837,0.4197325110435486,0.31098663806915283,-0.10018263757228851,0.9999930262565613,0.551061749458313,0.2614830732345581,0.0322602316737175,0.9956663846969604,0.41320839524269104,0.4302431643009186,-0.14138752222061157,0.9987285733222961,0.6022554636001587,0.22947955131530762,-0.08024139702320099,0.9972029328346252,0.3996341824531555,0.5379626154899597,-0.24502840638160706,0.9981397390365601,0.5038753151893616,0.5213409662246704,0.04796736314892769,0.999988853931427,0.4615536630153656,0.5375253558158875,-0.048199091106653214,0.9999885559082031,0.591911792755127,0.6059443354606628,0.001267738756723702,0.9966490268707275,0.4637989103794098,0.7091284990310669,-0.12171511352062225,0.9993571639060974,0.6802839040756226,0.7063741683959961,0.02224215492606163,0.9977272748947144,0.40009862184524536,0.8479311466217041,-0.07302717119455338,0.9980237483978271,0.7280844449996948,0.7071408033370972,-0.10911604017019272,0.9977536797523499,0.4307384490966797,0.9203334450721741,-0.19746367633342743,0.9968035817146301
68,2.2666666666666666,0.4705266058444977,0.2080848515033722,-0.1623859703540802,0.9999874234199524,0.4963945746421814,0.2744554877281189,0.029392432421445847,0.999987006187439,0.41973352432250977,0.310962051153183,-0.10010985285043716,0.999993085861206,0.5510703325271606,0.26148125529289246,0.031837500631809235,0.9956764578819275,0.4131917953491211,0.4302489757537842,-0.14120550453662872,0.9987491965293884,0.6022663116455078,0.22945721447467804,-0.08083025366067886,0.9972130060195923,0.39962589740753174,0.5379992723464966,-0.24428077042102814,0.9981507658958435,0.5038548707962036,0.5213503837585449,0.04795705899596214,0.9999889135360718,0.46155184507369995,0.5375282764434814,-0.04818890988826752,0.9999886155128479,0.591908872127533,0.6059308648109436,0.0005844543920829892,0.9966872334480286,0.46379250288009644,0.709176778793335,-0.12151119858026505,0.9993752241134644,0.680257260799408,0.7062928676605225,0.022021789103746414,0.99776291847229,0.40009474754333496,0.8479424118995667,-0.07321043312549591,0.9980918169021606,0.7280831336975098,0.7071253657341003,-0.10917778313159943,0.9977928996086121,0.43079257011413574,0.9203606247901917,-0.19775187969207764,0.9968602657318115
69,2.3,0.47051429748535156,0.20808766782283783,-0.16245214641094208,0.9999880194664001,0.49642008543014526,0.27444928884506226,0.029308762401342392,0.999987006187439,0.4197347164154053,0.31094035506248474,-0.10008853673934937,0.9999931454658508,0.5510732531547546,0.2614806592464447,0.03199843317270279,0.9956985712051392,0.41317614912986755,0.430250346660614,-0.1412002444267273,0.9987675547599792,0.6022751331329346,0.22944435477256775,-0.07985369861125946,0.9972354769706726,0.3996196687221527,0.5380284190177917,-0.24414856731891632,0.9981576800346375,0.5038301348686218,0.5213566422462463,0.0479600727558136,0.9999889731407166,0.46155041456222534,0.537528395652771,-0.04819194972515106,0.9999886751174927,0.5919058322906494,0.6059163212776184,0.0004610838368535042,0.996725857257843,0.4637892246246338,0.7092230319976807,-0.121568962931633,0.9993922114372253,0.6802431344985962,0.7062143087387085,0.022086365148425102,0.9977970123291016,0.4000914692878723,0.8479515314102173,-0.0732736885547638,0.9981556534767151,0.7280851602554321,0.7071108818054199,-0.10897977650165558,0.9978295564651489,0.430839478969574,0.920397937297821,-0.1981116533279419,0.9969152808189392
70,2.3333333333333335,0.47050222754478455,0.2080794721841812,-0.16268005967140198,0.9999885559082031,0.4964427947998047,0.27444130182266235,0.029142823070287704,0.9999869465827942,0.41973939538002014,0.31092220544815063,-0.10011343657970428,0.9999931454658508,0.5510762333869934,0.261481374502182,0.032006777822971344,0.9956988096237183,0.4131604731082916,0.4302516579627991,-0.14125250279903412,0.998785674571991,0.6022931337356567,0.2294164001941681,-0.07931011915206909,0.9972363710403442,0.3996161222457886,0.5380464196205139,-0.24416497349739075,0.998167872428894,0.5038017630577087,0.5213651061058044,0.047961387783288956,0.9999890327453613,0.4615488052368164,0.5375291705131531,-0.04819326847791672,0.9999887347221375,0.591905951499939,0.6058946847915649,0.0005885722348466516,0.9967629909515381,0.4637857973575592,0.7092494964599609,-0.12138016521930695,0.9994081854820251,0.6802313327789307,0.7061229348182678,0.022585541009902954,0.9978331327438354,0.40008506178855896,0.8479642271995544,-0.07333781570196152,0.9982178211212158,0.7280863523483276,0.707101047039032,-0.108412966132164,0.9978670477867126,0.4309016764163971,0.9204273819923401,-0.19828000664710999,0.9969737529754639
71,2.3666666666666667,0.47049227356910706,0.20801645517349243,-0.16302528977394104,0.9999890923500061,0.4964641034603119,0.27443763613700867,0.02913603186607361,0.9999869465827942,0.4197438657283783,0.31091105937957764,-0.10029099136590958,0.9999932050704956,0.5510773062705994,0.261483371257782,0.03303205221891403,0.99570631980896,0.41314730048179626,0.4302528500556946,-0.14136949181556702,0.9988059997558594,0.602321982383728,0.22939762473106384,-0.07643400132656097,0.9972512125968933,0.3996134400367737,0.5380653142929077,-0.24419160187244415,0.9981821775436401,0.5037867426872253,0.5213791131973267,0.04801327735185623,0.9999890923500061,0.46154722571372986,0.5375324487686157,-0.04824502766132355,0.9999887943267822,0.5919044017791748,0.6058734655380249,0.0006628721603192389,0.9968047738075256,0.4637828469276428,0.7092831134796143,-0.12139330059289932,0.9994247555732727,0.6802062392234802,0.7060084939002991,0.023733239620923996,0.9978711605072021,0.40007486939430237,0.8479936122894287,-0.07341306656599045,0.9982797503471375,0.728087306022644,0.7070922255516052,-0.10700013488531113,0.9979074001312256,0.43095093965530396,0.92044997215271,-0.1983860433101654,0.9970387816429138
72,2.4,0.4705926477909088,0.20787794888019562,-0.1635185331106186,0.9999895691871643,0.49648889899253845,0.27444174885749817,0.02814216911792755,0.9999869465827942,0.4197555184364319,0.3109031319618225,-0.10118405520915985,0.9999933242797852,0.5510752201080322,0.261536568403244,0.03177228569984436,0.9956967234611511,0.41312140226364136,0.4301937520503998,-0.14169123768806458,0.9988354444503784,0.6023123264312744,0.22944077849388123,-0.07832597196102142,0.9972506761550903,0.3996271789073944,0.538075864315033,-0.2442198246717453,0.9982187151908875,0.5037530660629272,0.5213925838470459,0.04803920164704323,0.9999892711639404,0.46154075860977173,0.5375495553016663,-0.048270322382450104,0.9999889731407166,0.5919645428657532,0.6058638095855713,0.006288270466029644,0.9968562126159668,0.4637499451637268,0.7093195915222168,-0.11895604431629181,0.9994434714317322,0.6802040934562683,0.7059350609779358,0.03811851143836975,0.9979232549667358,0.4000582695007324,0.8480280637741089,-0.06578715890645981,0.9983482360839844,0.7281087040901184,0.7070712447166443,-0.08980365842580795,0.99796062707901,0.43100032210350037,0.9204586744308472,-0.1899375319480896,0.9971238374710083
73,2.433333333333333,0.4706357419490814,0.20770332217216492,-0.1637284904718399,0.999989926815033,0.49653109908103943,0.2744513750076294,0.027132626622915268,0.9999868869781494,0.41978710889816284,0.31089192628860474,-0.10125009715557098,0.9999933242797852,0.5510666370391846,0.26159346103668213,0.030647043138742447,0.9957020282745361,0.41311222314834595,0.43014758825302124,-0.1414538323879242,0.9988549947738647,0.6023160219192505,0.22947292029857635,-0.07969619333744049,0.9972497820854187,0.3996341824531555,0.5380817651748657,-0.24357669055461884,0.9982407689094543,0.503744900226593,0.5214061141014099,0.04803898558020592,0.9999892115592957,0.46153926849365234,0.5375597476959229,-0.048270050436258316,0.9999889731407166,0.5919637680053711,0.605840802192688,0.006446687038987875,0.9968766570091248,0.46367883682250977,0.7093258500099182,-0.11843480914831161,0.999454140663147,0.6801527142524719,0.7057812213897705,0.03793735429644585,0.9979442954063416,0.400054395198822,0.8480581641197205,-0.06338070333003998,0.9983878135681152,0.7281110286712646,0.7069992423057556,-0.09036809951066971,0.9979822635650635,0.43095773458480835,0.920461118221283,-0.1873682290315628,0.9971546530723572
74,2.466666666666667,0.4706675410270691,0.2076854705810547,-0.1644628793001175,0.9999904036521912,0.49654898047447205,0.2744610905647278,0.02666473761200905,0.9999869465827942,0.4198053777217865,0.3108847439289093,-0.10130816698074341,0.9999933838844299,0.5510567426681519,0.26162660121917725,0.029885193333029747,0.9957379698753357,0.41310328245162964,0.43011200428009033,-0.1406916379928589,0.9988744854927063,0.6023242473602295,0.2294720709323883,-0.08182193338871002,0.9972848892211914,0.3996298611164093,0.5380875468254089,-0.24109330773353577,0.9982616901397705,0.5037354230880737,0.5214108228683472,0.048038583248853683,0.9999891519546509,0.4615400731563568,0.5375641584396362,-0.04826962575316429,0.9999889731407166,0.5919578671455383,0.605769693851471,0.0064191073179244995,0.9969034194946289,0.4636346697807312,0.7093315720558167,-0.11841849237680435,0.9994637370109558,0.6800857782363892,0.7056406736373901,0.03759928420186043,0.9979695677757263,0.40005168318748474,0.8480663895606995,-0.06412367522716522,0.998422384262085,0.7281138896942139,0.7069348096847534,-0.09069989621639252,0.9980098605155945,0.43089985847473145,0.9204497337341309,-0.1880449801683426,0.9971830248832703
75,2.5,0.4707581102848053,0.20769043266773224,-0.16475610435009003,0.9999908208847046,0.4965585768222809,0.27446824312210083,0.026466021314263344,0.9999870657920837,0.4198206961154938,0.3108779191970825,-0.10160527378320694,0.9999934434890747,0.5510510802268982,0.2616552710533142,0.029833415523171425,0.9957994818687439,0.41309642791748047,0.430085152387619,-0.1404784619808197,0.9988952875137329,0.6023411154747009,0.22946593165397644,-0.08214281499385834,0.9973417520523071,0.3996277153491974,0.538094162940979,-0.2399774044752121,0.9982831478118896,0.5037275552749634,0.5214148759841919,0.04805200546979904,0.9999890923500061,0.4615407884120941,0.5375667810440063,-0.04828277602791786,0.9999889135360718,0.5919550061225891,0.605728268623352,0.006056218408048153,0.9969379305839539,0.4635997712612152,0.7093378901481628,-0.11855455487966537,0.9994735717773438,0.680030882358551,0.7055508494377136,0.0352744422852993,0.9979968667030334,0.40004849433898926,0.8480772972106934,-0.06506776809692383,0.9984561800956726,0.7281143665313721,0.7068845629692078,-0.09337031841278076,0.9980385899543762,0.4308663308620453,0.9204421043395996,-0.18916727602481842,0.9972130060195923
76,2.533333333333333,0.47078871726989746,0.20776966214179993,-0.16498540341854095,0.9999911785125732,0.4965691566467285,0.27447715401649475,0.026389261707663536,0.9999871253967285,0.4198302626609802,0.3108704090118408,-0.10158251225948334,0.9999935030937195,0.551040768623352,0.2616807222366333,0.029778068885207176,0.995840847492218,0.41308966279029846,0.43006783723831177,-0.1398618519306183,0.9989113211631775,0.6023523211479187,0.22946271300315857,-0.08235790580511093,0.9973801374435425,0.39962270855903625,0.538099467754364,-0.23881486058235168,0.9982990622520447,0.503715991973877,0.5214179158210754,0.04805294796824455,0.9999890327453613,0.461542546749115,0.5375760793685913,-0.04828369617462158,0.999988853931427,0.5919539332389832,0.6056913733482361,0.005543212406337261,0.9969679713249207,0.4635702073574066,0.7093536853790283,-0.11864427477121353,0.9994823336601257,0.6799867153167725,0.705473780632019,0.03336966782808304,0.9980190992355347,0.4000459611415863,0.8480855226516724,-0.06564511358737946,0.9984862804412842,0.7281150221824646,0.7068459987640381,-0.09547199308872223,0.9980618953704834,0.43084874749183655,0.9204419255256653,-0.18985559046268463,0.9972386360168457
77,2.566666666666667,0.47079920768737793,0.20775966346263885,-0.16492240130901337,0.9999915361404419,0.4965778887271881,0.2744849622249603,0.026405557990074158,0.9999872446060181,0.4198373258113861,0.31085237860679626,-0.1015557199716568,0.9999935626983643,0.5510334372520447,0.2617312967777252,0.029848536476492882,0.9958845376968384,0.4130817949771881,0.43004968762397766,-0.13924583792686462,0.9989262819290161,0.602354109287262,0.22947466373443604,-0.0822172537446022,0.997420608997345,0.39961951971054077,0.5381050705909729,-0.23803000152111053,0.9983128905296326,0.503705620765686,0.5214219689369202,0.04805702716112137,0.9999890327453613,0.46154308319091797,0.5375802516937256,-0.04828778654336929,0.999988853931427,0.5919517278671265,0.6056473851203918,0.005085289943963289,0.9969942569732666,0.463547945022583,0.7093638777732849,-0.11868693679571152,0.9994911551475525,0.6799386739730835,0.7054089903831482,0.03201519325375557,0.9980382323265076,0.40004363656044006,0.848101794719696,-0.06583832204341888,0.998516321182251,0.7281152009963989,0.7068015933036804,-0.0967010036110878,0.9980835914611816,0.4308295249938965,0.9204431176185608,-0.19018025696277618,0.9972681403160095
78,2.6,0.4708288311958313,0.20778775215148926,-0.1647571623325348,0.9999918341636658,0.4965808391571045,0.2744865417480469,0.02645152248442173,0.9999873638153076,0.41984549164772034,0.3108382821083069,-0.1015390008687973,0.999993622303009,0.551025390625,0.2617751359939575,0.030023235827684402,0.9959167838096619,0.41307640075683594,0.43003299832344055,-0.13908179104328156,0.9989404082298279,0.6023551821708679,0.22948752343654633,-0.08197958767414093,0.9974537491798401,0.3996167778968811,0.538110077381134,-0.2379181832075119,0.9983275532722473,0.503696620464325,0.5214296579360962,0.04807301238179207,0.9999890327453613,0.46154341101646423,0.5375900268554688,-0.04830373078584671,0.999988853931427,0.5919507145881653,0.6056135296821594,0.004615883342921734,0.9970182180404663,0.4635288119316101,0.7093818187713623,-0.11871175467967987,0.9994991421699524,0.6798951625823975,0.7053582668304443,0.0306955985724926,0.9980564117431641,0.4000416696071625,0.848132848739624,-0.06595216691493988,0.9985439777374268,0.7281153202056885,0.7067647576332092,-0.09809926897287369,0.9981038570404053,0.4308188557624817,0.9204451441764832,-0.1902535855770111,0.9972953796386719
79,2.6333333333333333,0.47085410356521606,0.20780101418495178,-0.1645808219909668,0.9999920725822449,0.49658432602882385,0.27448755502700806,0.026468705385923386,0.9999874234199524,0.4198542535305023,0.31082385778427124,-0.10152435302734375,0.9999936819076538,0.5510221719741821,0.2618093490600586,0.030177831649780273,0.9959468841552734,0.41307124495506287,0.43001678586006165,-0.13898757100105286,0.9989538192749023,0.6023671627044678,0.22949634492397308,-0.08153966814279556,0.9974818825721741,0.399614155292511,0.5381144881248474,-0.23789732158184052,0.9983419179916382,0.5036883354187012,0.5214417576789856,0.0480838418006897,0.9999890327453613,0.4615437984466553,0.5375987887382507,-0.04831448942422867,0.999988853931427,0.5919497609138489,0.6055731773376465,0.004383809398859739,0.9970401525497437,0.46351194381713867,0.7093929052352905,-0.11872611194849014,0.9995065331459045,0.6798544526100159,0.7053078413009644,0.03015332855284214,0.9980720281600952,0.40004006028175354,0.8481708765029907,-0.0661030262708664,0.9985690712928772,0.7281155586242676,0.7067372798919678,-0.09852346777915955,0.9981213808059692,0.4308101534843445,0.9204466938972473,-0.1903235763311386,0.9973204135894775
80,2.6666666666666665,0.4899722635746002,0.20805899798870087,-0.17431198060512543,0.9999927282333374,0.5173904895782471,0.27857065200805664,-0.0030461126007139683,0.999988317489624,0.4386976659297943,0.3109450340270996,-0.10356888920068741,0.999993622303009,0.5708296895027161,0.2843395471572876,0.007597148418426514,0.9962804317474365,0.41389623284339905,0.4284311830997467,-0.14290490746498108,0.9989887475967407,0.624281644821167,0.2850954830646515,-0.09450221806764603,0.997705340385437,0.3865549862384796,0.5192512273788452,-0.25062650442123413,0.9983779788017273,0.5198572278022766,0.5235507488250732,0.045657929033041,0.99998939037323,0.47821465134620667,0.5380601286888123,-0.045866165310144424,0.9999887943267822,0.6072116494178772,0.6264866590499878,0.01484193466603756,0.9971075654029846,0.47056636214256287,0.711745023727417,-0.14376860857009888,0.9995155930519104,0.6847562789916992,0.7462089657783508,0.06321220844984055,0.9981136322021484,0.4037435054779053,0.8432102799415588,-0.06376196444034576,0.9984907507896423,0.7315977811813354,0.7668988704681396,-0.05385836958885193,0.998157799243927,0.4305691123008728,0.9199636578559875,-0.16666147112846375,0.9972580075263977
81,2.7,0.49225249886512756,0.20655058324337006,-0.19624048471450806,0.9999933838844299,0.5225470662117004,0.2811526954174042,-0.019655326381325722,0.9999892115592957,0.44161733984947205,0.31073975563049316,-0.12031582742929459,0.9999938011169434,0.5784177184104919,0.2912706434726715,-0.00392578961327672,0.9965681433677673,0.4153696596622467,0.4256523549556732,-0.16032233834266663,0.9990198612213135,0.6309410333633423,0.29280397295951843,-0.100753054022789,0.9978936910629272,0.38398534059524536,0.514971137046814,-0.2711995840072632,0.9983927607536316,0.5227694511413574,0.5247510075569153,0.044791966676712036,0.999989926815033,0.47941669821739197,0.5381584167480469,-0.045004263520240784,0.9999890923500061,0.6080189943313599,0.6282259225845337,0.01601249724626541,0.9971240162849426,0.473626047372818,0.712590217590332,-0.13741202652454376,0.9995139241218567,0.6855720281600952,0.7527009844779968,0.05400203913450241,0.9981392621994019,0.4054560661315918,0.8418570756912231,-0.06406136602163315,0.9984501600265503,0.7320724725723267,0.7725287675857544,-0.07009623944759369,0.998202383518219,0.4308110773563385,0.919711709022522,-0.17288294434547424,0.9972610473632812
82,2.7333333333333334,0.4947884976863861,0.2108013927936554,-0.1895449310541153,0.9999938607215881,0.5231658816337585,0.2815808951854706,-0.00935647264122963,0.999989926815033,0.4424922466278076,0.31044360995292664,-0.11605878919363022,0.9999937415122986,0.579110324382782,0.2929750084877014,0.005435198079794645,0.9968311190605164,0.41678518056869507,0.42459791898727417,-0.15851148962974548,0.9990614056587219,0.6310638785362244,0.2946746349334717,-0.09818816184997559,0.9980711340904236,0.383688747882843,0.5136388540267944,-0.2732657194137573,0.9984564185142517,0.5241600871086121,0.5268572568893433,0.044045887887477875,0.9999900460243225,0.4810745120048523,0.5400136113166809,-0.04425548389554024,0.999988853931427,0.6088912487030029,0.629887044429779,0.015317643992602825,0.9971714019775391,0.47455063462257385,0.7145106792449951,-0.13690873980522156,0.9995135068893433,0.686470091342926,0.7546892166137695,0.05589299649000168,0.9981661438941956,0.40586814284324646,0.840372622013092,-0.05507134273648262,0.9984175562858582,0.7325012683868408,0.7723926305770874,-0.06708681583404541,0.9982313513755798,0.42952147126197815,0.9192701578140259,-0.16386698186397552,0.9972391724586487
83,2.7666666666666666,0.4933076798915863,0.21335406601428986,-0.18757230043411255,0.9999943375587463,0.5225147008895874,0.281708300113678,-0.004724920727312565,0.9999904036521912,0.4430543780326843,0.3101355731487274,-0.103965625166893,0.999993622303009,0.5794586539268494,0.29352837800979614,0.00957411713898182,0.9970607161521912,0.41661253571510315,0.42464369535446167,-0.15107187628746033,0.9990872740745544,0.6301272511482239,0.2951306700706482,-0.08467567712068558,0.9982213377952576,0.38393929600715637,0.5127298831939697,-0.26580101251602173,0.9984946250915527,0.525032639503479,0.5280399322509766,0.04261595755815506,0.9999900460243225,0.4822062849998474,0.5414795875549316,-0.04284803941845894,0.9999886155128479,0.6092460751533508,0.6307259798049927,0.01409826148301363,0.9971989989280701,0.47510164976119995,0.7162786722183228,-0.13408240675926208,0.9995138049125671,0.6874092817306519,0.7557482123374939,0.05278044193983078,0.9981460571289062,0.4061202108860016,0.8396514654159546,-0.05592966824769974,0.9983730912208557,0.7326006889343262,0.772874116897583,-0.07067028433084488,0.9982196092605591,0.42917054891586304,0.9193128943443298,-0.16997630894184113,0.9971990585327148
84,2.8,0.4950081706047058,0.21331793069839478,-0.19703391194343567,0.9999947547912598,0.5231085419654846,0.28209438920021057,-0.02014760859310627,0.9999909996986389,0.44310182332992554,0.3100249469280243,-0.11558528989553452,0.999993622303009,0.5795806050300598,0.29378923773765564,-0.003471211763098836,0.9972795844078064,0.41650882363319397,0.42533355951309204,-0.1634300947189331,0.9991154670715332,0.629837691783905,0.29536786675453186,-0.09295852482318878,0.9983534812927246,0.38371023535728455,0.5129001140594482,-0.28041625022888184,0.9984976649284363,0.5247570276260376,0.5281263589859009,0.041662685573101044,0.9999902844429016,0.4815078377723694,0.5415516495704651,-0.04189526289701462,0.9999886751174927,0.6091359257698059,0.6308459043502808,0.013631151989102364,0.9972226023674011,0.47655001282691956,0.7161200642585754,-0.1321149468421936,0.9995065927505493,0.6880648136138916,0.7552074193954468,0.050200026482343674,0.9981545805931091,0.40591901540756226,0.8399282097816467,-0.05658215284347534,0.9983281493186951,0.7331990003585815,0.7726854681968689,-0.07435795664787292,0.9982390403747559,0.42868170142173767,0.9196409583091736,-0.16849324107170105,0.9971739053726196
85,2.8333333333333335,0.4953365921974182,0.2144244760274887,-0.2117803990840912,0.9999951720237732,0.5234383344650269,0.2824590802192688,-0.025076130405068398,0.9999915361404419,0.44351163506507874,0.3100191354751587,-0.12710604071617126,0.9999936819076538,0.5797899961471558,0.29394617676734924,-0.005018331576138735,0.9974702596664429,0.41640108823776245,0.4254297614097595,-0.17509694397449493,0.9991439580917358,0.6293100714683533,0.2955460548400879,-0.09420736879110336,0.9984724521636963,0.38372039794921875,0.5122477412223816,-0.293437659740448,0.9985029101371765,0.524520993232727,0.5280205607414246,0.0419209785759449,0.9999904632568359,0.48145151138305664,0.541517972946167,-0.04215165600180626,0.9999886751174927,0.6091911196708679,0.6317731738090515,0.018458101898431778,0.9971829652786255,0.4769321084022522,0.7160098552703857,-0.13027925789356232,0.9994998574256897,0.6884138584136963,0.7549912929534912,0.055483125150203705,0.9981280565261841,0.40574535727500916,0.8404821753501892,-0.05876890942454338,0.9983039498329163,0.7336891293525696,0.7729480266571045,-0.07105977088212967,0.9982334971427917,0.42864617705345154,0.9201548099517822,-0.1737063229084015,0.9971725344657898
86,2.8666666666666667,0.49522295594215393,0.21461525559425354,-0.21180300414562225,0.9999955296516418,0.5238707065582275,0.28261977434158325,-0.023443659767508507,0.9999920129776001,0.4437751770019531,0.3100181221961975,-0.12511198222637177,0.9999937415122986,0.5803642272949219,0.29390189051628113,-0.006272302009165287,0.9976361989974976,0.41645097732543945,0.4254246652126312,-0.17339017987251282,0.9991732239723206,0.6290751695632935,0.2952151298522949,-0.09847262501716614,0.9985761642456055,0.3839285671710968,0.5112208724021912,-0.2942708432674408,0.9985412359237671,0.5247527956962585,0.5281400680541992,0.04208776727318764,0.9999905824661255,0.4813919961452484,0.5416535139083862,-0.042317282408475876,0.9999886751174927,0.6094339489936829,0.6321740746498108,0.01819884032011032,0.9971532225608826,0.4771846830844879,0.7159808874130249,-0.1291605681180954,0.999494731426239,0.6885339617729187,0.755014955997467,0.05526145547628403,0.998104989528656,0.405647337436676,0.8405755162239075,-0.059336353093385696,0.9982687830924988,0.7340079545974731,0.7724828720092773,-0.07173021137714386,0.9982308745384216,0.42829689383506775,0.9202234148979187,-0.17451226711273193,0.9971551299095154
87,2.9,0.49513229727745056,0.21359901130199432,-0.207637757062912,0.9999958872795105,0.5235126614570618,0.28288301825523376,-0.018319007009267807,0.9999924898147583,0.4436982572078705,0.31018996238708496,-0.1239163875579834,0.9999939203262329,0.5801714062690735,0.2940390408039093,-0.00234589003957808,0.9977976083755493,0.416456401348114,0.4254870116710663,-0.1700058877468109,0.9992101192474365,0.6292448043823242,0.29534631967544556,-0.08641369640827179,0.9986782670021057,0.38398537039756775,0.5110908150672913,-0.29402825236320496,0.9985981583595276,0.5247904062271118,0.528357207775116,0.04218422994017601,0.9999908208847046,0.4814813733100891,0.5418363213539124,-0.04241489991545677,0.999988853931427,0.6095646023750305,0.6323629021644592,0.020356420427560806,0.9971363544464111,0.47727280855178833,0.7160450220108032,-0.12925469875335693,0.9994967579841614,0.6885238885879517,0.755354642868042,0.05981377884745598,0.9980795383453369,0.4055575728416443,0.8409566283226013,-0.06146053224802017,0.998257577419281,0.73423832654953,0.7723039388656616,-0.06365714222192764,0.9982314109802246,0.42817074060440063,0.9202953577041626,-0.17489507794380188,0.9971747994422913
88,2.933333333333333,0.4946543574333191,0.2126707285642624,-0.20280392467975616,0.9999962449073792,0.5233412981033325,0.28308674693107605,-0.017993729561567307,0.999992847442627,0.4437771439552307,0.3104648292064667,-0.12293069064617157,0.9999940991401672,0.5798168778419495,0.294217586517334,0.0072633796371519566,0.9979138374328613,0.41650813817977905,0.42548057436943054,-0.17075952887535095,0.9992473721504211,0.6294069886207581,0.2955045700073242,-0.07392217218875885,0.9987539649009705,0.38404959440231323,0.5108965039253235,-0.29962122440338135,0.9986661076545715,0.5245916247367859,0.5284348726272583,0.04223199933767319,0.9999909996986389,0.4814116954803467,0.5419984459877014,-0.04246287792921066,0.9999889731407166,0.6095225811004639,0.6325358748435974,0.021722933277487755,0.9970869421958923,0.4771825671195984,0.715998649597168,-0.12843547761440277,0.9994940161705017,0.6884621381759644,0.7557121515274048,0.06020788103342056,0.998056948184967,0.405489057302475,0.8412578105926514,-0.059752337634563446,0.9982427358627319,0.73447585105896,0.7724403142929077,-0.06327049434185028,0.9982352256774902,0.4280920922756195,0.9203153848648071,-0.17167386412620544,0.997188925743103
89,2.966666666666667,0.49438151717185974,0.21158631145954132,-0.20054204761981964,0.999996542930603,0.5234277248382568,0.28329581022262573,-0.01621561124920845,0.9999931454658508,0.4437022805213928,0.31070345640182495,-0.12118158489465714,0.9999942779541016,0.579697847366333,0.29454749822616577,0.011933100409805775,0.9980106353759766,0.4165095388889313,0.42549094557762146,-0.1714314967393875,0.9992836117744446,0.6292706727981567,0.2956699728965759,-0.06875599175691605,0.9988187551498413,0.3839268684387207,0.5108373165130615,-0.3012559413909912,0.9987367391586304,0.5245970487594604,0.528542160987854,0.04231593757867813,0.9999910593032837,0.4814181327819824,0.5422024130821228,-0.04254598170518875,0.9999890327453613,0.6095731258392334,0.6329180002212524,0.021589819341897964,0.9970597624778748,0.47702932357788086,0.7159608602523804,-0.12682129442691803,0.9994910359382629,0.6884220242500305,0.7559055089950562,0.06050289794802666,0.9980457425117493,0.4054366946220398,0.8412879705429077,-0.055319130420684814,0.998227059841156,0.7345910668373108,0.7724215984344482,-0.06290962547063828,0.998242974281311,0.4279828667640686,0.9203207492828369,-0.16602006554603577,0.9971951842308044
90,3.0,0.49430257081985474,0.21130505204200745,-0.20174436271190643,0.9999968409538269,0.5236378908157349,0.2833775281906128,-0.014467613771557808,0.9999933838844299,0.4436453878879547,0.3108523190021515,-0.11979874223470688,0.9999943971633911,0.579672634601593,0.2946552634239197,0.014810651540756226,0.9981092214584351,0.41648903489112854,0.42547765374183655,-0.17067328095436096,0.9993173480033875,0.6292415857315063,0.29575827717781067,-0.0662636086344719,0.9988842010498047,0.38373613357543945,0.5108338594436646,-0.2986436188220978,0.9988006949424744,0.5247442722320557,0.5285958051681519,0.042353514581918716,0.9999911189079285,0.4814373552799225,0.5423305630683899,-0.0425848625600338,0.9999890923500061,0.6097581386566162,0.63334721326828,0.021097907796502113,0.9970785975456238,0.47692352533340454,0.7159370183944702,-0.12624873220920563,0.9994955062866211,0.6884230375289917,0.7560328245162964,0.06092837452888489,0.9980546236038208,0.40539640188217163,0.8414698839187622,-0.05483577400445938,0.9982325434684753,0.7346538305282593,0.7725849747657776,-0.06277960538864136,0.9982618689537048,0.4279886782169342,0.9204133749008179,-0.16645511984825134,0.9972228407859802
91,3.033333333333333,0.4946155548095703,0.21145233511924744,-0.2039351910352707,0.999997079372406,0.5237745046615601,0.2833983600139618,-0.012821478769183159,0.999993622303009,0.4436410069465637,0.31089308857917786,-0.11926813423633575,0.9999944567680359,0.579635500907898,0.29473868012428284,0.014611782506108284,0.9982009530067444,0.41647204756736755,0.4253959357738495,-0.17016911506652832,0.9993486404418945,0.6292346715927124,0.2958070933818817,-0.06857345253229141,0.9989460110664368,0.3835628628730774,0.51085364818573,-0.2955668568611145,0.998857319355011,0.5249119997024536,0.5286116003990173,0.042375050485134125,0.9999911785125732,0.4814430773258209,0.5424052476882935,-0.04260527715086937,0.9999890923500061,0.6100109815597534,0.6337318420410156,0.020617200061678886,0.9971001148223877,0.476839542388916,0.7159186601638794,-0.12620265781879425,0.9994996786117554,0.6884473562240601,0.7560734152793884,0.059927068650722504,0.9980672597885132,0.40536394715309143,0.8415670394897461,-0.0547630675137043,0.9982334971427917,0.7346675992012024,0.7727212905883789,-0.06415348500013351,0.9982815980911255,0.42796453833580017,0.9204671382904053,-0.16645775735378265,0.9972424507141113
92,3.066666666666667,0.4948280453681946,0.2116571068763733,-0.20429134368896484,0.9999973177909851,0.5238372087478638,0.28338706493377686,-0.011922942474484444,0.9999938607215881,0.4436115324497223,0.31092599034309387,-0.11871278285980225,0.9999945163726807,0.5795236825942993,0.29471349716186523,0.01450294815003872,0.9982877373695374,0.41646069288253784,0.4253218472003937,-0.16954855620861053,0.9993757605552673,0.6291754841804504,0.2957382798194885,-0.06965397298336029,0.999004602432251,0.38346317410469055,0.5108553171157837,-0.2937948405742645,0.9989038109779358,0.5251114368438721,0.5286210179328918,0.04243716970086098,0.999991238117218,0.48150700330734253,0.5425001382827759,-0.04266666620969772,0.9999890923500061,0.6101769208908081,0.6338920593261719,0.020311124622821808,0.9971241354942322,0.47678327560424805,0.7159072160720825,-0.12609663605690002,0.9995037317276001,0.6884636878967285,0.756056547164917,0.0597698800265789,0.9980758428573608,0.40534520149230957,0.8416622877120972,-0.054590873420238495,0.9982329607009888,0.7346722483634949,0.7728745341300964,-0.06438291072845459,0.998295783996582,0.4279323220252991,0.920504093170166,-0.16652922332286835,0.9972557425498962
93,3.1,0.4950714111328125,0.21219417452812195,-0.20320633053779602,0.9999974966049194,0.5238203406333923,0.2833749055862427,-0.01135902851819992,0.9999940395355225,0.4435705244541168,0.310931921005249,-0.1185251846909523,0.9999945163726807,0.5793765783309937,0.29460835456848145,0.014374427497386932,0.9983667731285095,0.41644948720932007,0.4252321422100067,-0.1674022227525711,0.9993993639945984,0.6291165351867676,0.2957502007484436,-0.07104519009590149,0.9990571737289429,0.383384644985199,0.5109253525733948,-0.286868155002594,0.9989444017410278,0.5252898335456848,0.528616189956665,0.04246821999549866,0.999991238117218,0.4816983640193939,0.5425612926483154,-0.042696770280599594,0.9999890327453613,0.6101967096328735,0.6338472366333008,0.020280594006180763,0.9971465468406677,0.47685497999191284,0.7158917188644409,-0.12696102261543274,0.9995080232620239,0.6884583234786987,0.7561627626419067,0.059619128704071045,0.9980843663215637,0.4053531289100647,0.8417912721633911,-0.055834054946899414,0.9982293844223022,0.7347100973129272,0.772973895072937,-0.06451059877872467,0.9983086585998535,0.4279080033302307,0.9205061197280884,-0.16725227236747742,0.9972639083862305
94,3.1333333333333333,0.49545174837112427,0.21281161904335022,-0.20320598781108856,0.999997615814209,0.5238038897514343,0.28336772322654724,-0.01120038516819477,0.9999942183494568,0.44352903962135315,0.310940682888031,-0.11835132539272308,0.9999945163726807,0.5792286396026611,0.2945605218410492,0.013621446676552296,0.998432993888855,0.41643890738487244,0.42519429326057434,-0.16631537675857544,0.9994198679924011,0.6290675401687622,0.2957542836666107,-0.0722852498292923,0.9991025328636169,0.3833121061325073,0.5110111236572266,-0.28184133768081665,0.9989789128303528,0.5253669023513794,0.528610348701477,0.042493246495723724,0.9999911785125732,0.4818055033683777,0.5426186323165894,-0.042721059173345566,0.9999889135360718,0.6102010607719421,0.6337926387786865,0.019558828324079514,0.9971386194229126,0.47690194845199585,0.7158814072608948,-0.12762509286403656,0.9995061159133911,0.6884483098983765,0.7563813924789429,0.056233733892440796,0.9980740547180176,0.40533900260925293,0.8418252468109131,-0.05760974436998367,0.9982025027275085,0.7347040176391602,0.7730913162231445,-0.06925903260707855,0.9983065724372864,0.42786282300949097,0.9205105304718018,-0.16913023591041565,0.9972407221794128
95,3.1666666666666665,0.4955960810184479,0.21328917145729065,-0.20391850173473358,0.9999977350234985,0.5238173604011536,0.2833571135997772,-0.012048748321831226,0.9999943375587463,0.443492591381073,0.31095096468925476,-0.1182730570435524,0.9999945759773254,0.5791448950767517,0.2945058047771454,0.011195434257388115,0.9984925389289856,0.416429340839386,0.4251748323440552,-0.16491945087909698,0.9994385838508606,0.6290819048881531,0.2957921028137207,-0.0754963681101799,0.9991418719291687,0.383273184299469,0.5110757350921631,-0.27850791811943054,0.9990121126174927,0.5253996849060059,0.528598427772522,0.042553339153528214,0.9999911189079285,0.48186248540878296,0.5426548719406128,-0.04278117045760155,0.9999887943267822,0.6102195978164673,0.6337183117866516,0.01866959221661091,0.9971226453781128,0.47694674134254456,0.7158739566802979,-0.12777452170848846,0.9995026588439941,0.6884399652481079,0.7565130591392517,0.05352149158716202,0.9980592727661133,0.4053099751472473,0.8419086933135986,-0.05857259780168533,0.998173177242279,0.7346952557563782,0.7732999920845032,-0.0726097896695137,0.9983025789260864,0.4278556704521179,0.9205149412155151,-0.17040863633155823,0.9972163438796997
96,3.2,0.49622225761413574,0.21410641074180603,-0.20179593563079834,0.9999977946281433,0.5237554907798767,0.2833455502986908,-0.011415446177124977,0.9999943971633911,0.4434656500816345,0.31095650792121887,-0.11818629503250122,0.9999945163726807,0.5790820121765137,0.29444462060928345,0.010542811825871468,0.9985398650169373,0.4164307117462158,0.42494651675224304,-0.164798766374588,0.999455988407135,0.6293935775756836,0.29577985405921936,-0.07930877059698105,0.9991719126701355,0.3832201361656189,0.5111239552497864,-0.2790243625640869,0.999041736125946,0.5253795385360718,0.5286557078361511,0.04260013997554779,0.9999908804893494,0.4818212389945984,0.5427950620651245,-0.042828191071748734,0.9999884366989136,0.6101905703544617,0.633639931678772,0.016965538263320923,0.9970666170120239,0.4769335687160492,0.7160179018974304,-0.12773269414901733,0.999485433101654,0.6884303689002991,0.7565240859985352,0.04928862676024437,0.9980125427246094,0.40529876947402954,0.8419950604438782,-0.05606480687856674,0.9980773329734802,0.7346874475479126,0.7733346819877625,-0.07709340006113052,0.9982638359069824,0.4278545379638672,0.9205067753791809,-0.16651961207389832,0.9970875978469849
97,3.2333333333333334,0.4965067505836487,0.21412740647792816,-0.19903527200222015,0.9999979138374329,0.5237266421318054,0.2833361029624939,-0.010756753385066986,0.9999945163726807,0.44344139099121094,0.31095412373542786,-0.11786308139562607,0.9999945759773254,0.5790335536003113,0.29441961646080017,0.010551908984780312,0.9985877275466919,0.41645997762680054,0.42472022771835327,-0.1643548607826233,0.9994711875915527,0.6295269131660461,0.2957690954208374,-0.07923623919487,0.9992026090621948,0.3832223117351532,0.5111037492752075,-0.27860867977142334,0.9990655183792114,0.525333046913147,0.528601884841919,0.042619772255420685,0.9999908804893494,0.48178499937057495,0.542779266834259,-0.04284755513072014,0.9999883770942688,0.6101624369621277,0.6336100697517395,0.01633967086672783,0.9970049262046814,0.4769935607910156,0.7159922122955322,-0.12965025007724762,0.9994762539863586,0.6884094476699829,0.756591796875,0.04557853192090988,0.9979723691940308,0.40528541803359985,0.8420791029930115,-0.061519086360931396,0.9980207681655884,0.7346843481063843,0.7733429074287415,-0.0803416520357132,0.998241662979126,0.42783766984939575,0.9204220175743103,-0.17142780125141144,0.9970287084579468
98,3.2666666666666666,0.49702683091163635,0.21420599520206451,-0.19548247754573822,0.9999980330467224,0.5236992835998535,0.28332841396331787,-0.009447254240512848,0.9999946355819702,0.44342049956321716,0.3109549283981323,-0.11711961030960083,0.9999946355819702,0.5789958238601685,0.29440173506736755,0.010585248470306396,0.9986280798912048,0.41646504402160645,0.4246123135089874,-0.16339316964149475,0.9994856119155884,0.6295956373214722,0.29577380418777466,-0.0792524442076683,0.9992274641990662,0.3832043409347534,0.5111266374588013,-0.27729126811027527,0.999090313911438,0.5253250002861023,0.528599739074707,0.04265035688877106,0.9999908804893494,0.481778085231781,0.5428105592727661,-0.04287814721465111,0.999988317489624,0.6101382970809937,0.6335920691490173,0.015002215281128883,0.9969725012779236,0.47701263427734375,0.7160001993179321,-0.12953315675258636,0.9994666576385498,0.6883834004402161,0.7566484212875366,0.04327781870961189,0.9979420304298401,0.4052754044532776,0.8421470522880554,-0.06175575777888298,0.9979702234268188,0.7346823215484619,0.7733770608901978,-0.08249502629041672,0.9982246160507202,0.4278176426887512,0.9203519821166992,-0.17200690507888794,0.9969713687896729
99,3.3,0.49732741713523865,0.21429228782653809,-0.19451218843460083,0.999998152256012,0.5236760973930359,0.2833217978477478,-0.008238577283918858,0.9999947547912598,0.4434055685997009,0.3109557628631592,-0.1164902076125145,0.999994695186615,0.5789657831192017,0.2943824231624603,0.010867689736187458,0.9986646175384521,0.4164690375328064,0.4245443642139435,-0.1616518795490265,0.999498724937439,0.6296546459197998,0.2957727015018463,-0.0792493149638176,0.999251127243042,0.38320043683052063,0.5111467242240906,-0.2742781639099121,0.9991135597229004,0.5253202319145203,0.5285965204238892,0.04266933351755142,0.9999908208847046,0.4817911684513092,0.5428301095962524,-0.042897630482912064,0.9999882578849792,0.6101300716400146,0.633573591709137,0.013940257951617241,0.9969543218612671,0.4770170748233795,0.7160152196884155,-0.12946781516075134,0.9994602203369141,0.6883456110954285,0.7566831707954407,0.04215408116579056,0.9979180097579956,0.4052676558494568,0.8421931862831116,-0.06178883835673332,0.9979249835014343,0.7346788644790649,0.7734101414680481,-0.0836501494050026,0.998211681842804,0.4277140498161316,0.9202531576156616,-0.172209694981575,0.9969186186790466
100,3.3333333333333335,0.4974965453147888,0.21435832977294922,-0.1947423815727234,0.9999982118606567,0.52365642786026,0.28331607580184937,-0.008089501410722733,0.9999948740005493,0.44339340925216675,0.31095677614212036,-0.11643066257238388,0.9999947547912598,0.5789476633071899,0.294366717338562,0.010848276317119598,0.9986982345581055,0.4164709150791168,0.42450204491615295,-0.1604255735874176,0.9995120167732239,0.6297324895858765,0.2957695424556732,-0.07984357327222824,0.9992727041244507,0.3831928074359894,0.511164665222168,-0.2716580033302307,0.9991382956504822,0.5253115892410278,0.5285937190055847,0.04267892614006996,0.9999907612800598,0.481789767742157,0.5428370833396912,-0.04290762171149254,0.9999881386756897,0.6101088523864746,0.6335278749465942,0.013179819099605083,0.9969519376754761,0.47701454162597656,0.7160122394561768,-0.12943688035011292,0.999456524848938,0.6882877349853516,0.7567122578620911,0.04060136526823044,0.9979110360145569,0.4052583575248718,0.8422034382820129,-0.061709266155958176,0.9978929758071899,0.7346763610839844,0.7734336256980896,-0.08584459125995636,0.9982121586799622,0.4276822507381439,0.9201856255531311,-0.1722738891839981,0.9968838691711426
101,3.3666666666666667,0.4976300299167633,0.21442633867263794,-0.19461102783679962,0.9999982714653015,0.5236404538154602,0.2833109498023987,-0.007788573857396841,0.9999949932098389,0.44338417053222656,0.3109569251537323,-0.11634335666894913,0.9999948143959045,0.5789341926574707,0.29435455799102783,0.01085179578512907,0.9987306594848633,0.4164758622646332,0.424453467130661,-0.1592942476272583,0.9995247721672058,0.6297767162322998,0.2957867681980133,-0.08026408404111862,0.9992930293083191,0.3831893503665924,0.511178731918335,-0.26941776275634766,0.999162495136261,0.5252989530563354,0.5285907983779907,0.04273472726345062,0.999990701675415,0.48178020119667053,0.542841911315918,-0.04296393692493439,0.9999880790710449,0.6100903749465942,0.633479118347168,0.012781833298504353,0.9969595670700073,0.47701454162597656,0.7160096764564514,-0.1296055018901825,0.9994555115699768,0.6882386207580566,0.7567297220230103,0.039755482226610184,0.9979093670845032,0.4052513539791107,0.8421855568885803,-0.06191800907254219,0.997868537902832,0.7346748113632202,0.7734412550926208,-0.08683452010154724,0.9982157349586487,0.4276501536369324,0.9201240539550781,-0.1726512610912323,0.9968576431274414
102,3.4,0.4976838529109955,0.21447975933551788,-0.19453206658363342,0.9999983310699463,0.5236268639564514,0.2833062410354614,-0.007319413125514984,0.9999950528144836,0.4433775842189789,0.3109578490257263,-0.11631854623556137,0.9999948143959045,0.5789207220077515,0.2943456768989563,0.011414208449423313,0.998757004737854,0.416480153799057,0.424421489238739,-0.1594124436378479,0.9995362162590027,0.6297966241836548,0.29579606652259827,-0.07979007065296173,0.9993114471435547,0.38318192958831787,0.5111912488937378,-0.2704252600669861,0.9991840124130249,0.5252937078475952,0.5285828709602356,0.042821433395147324,0.9999906420707703,0.481797456741333,0.5428439974784851,-0.043051011860370636,0.9999880194664001,0.6100596785545349,0.6334466934204102,0.012858119793236256,0.9969547390937805,0.4770130515098572,0.7160075902938843,-0.12955954670906067,0.9994523525238037,0.688194215297699,0.7567430138587952,0.04045739024877548,0.9979019165039062,0.40524616837501526,0.8421631455421448,-0.06187610700726509,0.997843325138092,0.734674870967865,0.7734600305557251,-0.08597877621650696,0.9982143640518188,0.427562952041626,0.9200795292854309,-0.17264822125434875,0.9968293309211731
103,3.433333333333333,0.49776220321655273,0.2145146280527115,-0.19456592202186584,0.9999983906745911,0.5236159563064575,0.2833031415939331,-0.007208067923784256,0.9999951124191284,0.4433731138706207,0.3109591603279114,-0.11634515225887299,0.9999948143959045,0.5789126753807068,0.29434528946876526,0.011559671722352505,0.9987795948982239,0.4164826273918152,0.4244040548801422,-0.15953192114830017,0.9995461702346802,0.6298242807388306,0.2958069443702698,-0.07964659482240677,0.9993266463279724,0.3831762373447418,0.5111980438232422,-0.27087950706481934,0.9992026686668396,0.525290846824646,0.528579592704773,0.04289940744638443,0.9999905824661255,0.4818251132965088,0.5428459644317627,-0.04312917962670326,0.9999879598617554,0.6100220680236816,0.6334177851676941,0.012918603606522083,0.996957004070282,0.47701019048690796,0.7160214781761169,-0.12952129542827606,0.9994497895240784,0.6881400346755981,0.7567823529243469,0.04108781740069389,0.9979013204574585,0.40524163842201233,0.842089056968689,-0.061276406049728394,0.9978218078613281,0.7346764802932739,0.7734870314598083,-0.08521503955125809,0.9982161521911621,0.4274698793888092,0.9200387597084045,-0.17198622226715088,0.9968035221099854
104,3.466666666666667,0.49779853224754333,0.21453595161437988,-0.1946239173412323,0.9999984502792358,0.5236068964004517,0.2832997739315033,-0.007208250463008881,0.9999951720237732,0.44336944818496704,0.3109617233276367,-0.11640359461307526,0.9999948143959045,0.5789058208465576,0.2943439483642578,0.0115648303180933,0.9987990260124207,0.4164857864379883,0.4243822693824768,-0.15962035953998566,0.9995547533035278,0.6298430562019348,0.29581528902053833,-0.07962600886821747,0.9993398785591125,0.3831735849380493,0.5112072825431824,-0.2712480425834656,0.999219536781311,0.5252884030342102,0.5285767316818237,0.04292347654700279,0.9999905228614807,0.48184722661972046,0.5428507328033447,-0.04315343126654625,0.9999879002571106,0.6099902391433716,0.6333829760551453,0.01297142542898655,0.9969603419303894,0.47700777649879456,0.7160466313362122,-0.12949742376804352,0.99944669008255,0.6880885362625122,0.7567950487136841,0.04148990660905838,0.9979035258293152,0.4052351117134094,0.8419973850250244,-0.05923955887556076,0.9977983832359314,0.734685480594635,0.7734812498092651,-0.0847424790263176,0.99821937084198,0.42735785245895386,0.9200022220611572,-0.16949845850467682,0.9967739582061768
105,3.5,0.49778103828430176,0.21452216804027557,-0.1947677880525589,0.9999985098838806,0.523598849773407,0.2832971513271332,-0.007194953970611095,0.999995231628418,0.44336897134780884,0.3109637498855591,-0.11675256490707397,0.9999948143959045,0.5788817405700684,0.2943386137485504,0.011727429926395416,0.998820424079895,0.4164859354496002,0.4243788719177246,-0.15993152558803558,0.9995617270469666,0.6299263834953308,0.2958078384399414,-0.07944493740797043,0.9993540644645691,0.38316625356674194,0.5112239122390747,-0.2715594172477722,0.9992321133613586,0.5252838730812073,0.5285718441009521,0.04306715354323387,0.9999905228614807,0.48186057806015015,0.542849600315094,-0.04329720884561539,0.9999878406524658,0.6099571585655212,0.6333065032958984,0.01330304704606533,0.9969741106033325,0.4770054221153259,0.7160660028457642,-0.12972088158130646,0.9994472861289978,0.6880372166633606,0.7568148374557495,0.042463768273591995,0.9979159235954285,0.405231237411499,0.8419288396835327,-0.058182694017887115,0.9977888464927673,0.7346933484077454,0.7734686732292175,-0.083940789103508,0.99822998046875,0.4273505210876465,0.9199990034103394,-0.1681772619485855,0.9967623949050903
106,3.533333333333333,0.4977686405181885,0.21452395617961884,-0.1958145797252655,0.9999985694885254,0.5235914587974548,0.28329455852508545,-0.007376422174274921,0.9999952912330627,0.44336777925491333,0.3109704256057739,-0.11759085953235626,0.9999948143959045,0.5788441300392151,0.29433390498161316,0.01168585754930973,0.9988401532173157,0.41648656129837036,0.4243747591972351,-0.16134540736675262,0.9995684027671814,0.6299893260002136,0.2957991659641266,-0.07948093861341476,0.9993680715560913,0.3831612467765808,0.5112330317497253,-0.27327126264572144,0.9992444515228271,0.5252810716629028,0.5285676121711731,0.04318618029356003,0.9999904632568359,0.4818727970123291,0.5428510308265686,-0.04341614246368408,0.9999877214431763,0.6099259257316589,0.6332467794418335,0.013745948672294617,0.9969751834869385,0.47700342535972595,0.7160805463790894,-0.1300995945930481,0.999446451663971,0.6879993677139282,0.7568424940109253,0.043524835258722305,0.9979199171066284,0.40522605180740356,0.8418330550193787,-0.05797981470823288,0.997772753238678,0.734695553779602,0.7734584212303162,-0.08292493969202042,0.9982338547706604,0.42731308937072754,0.919994592666626,-0.16796112060546875,0.9967427253723145
107,3.566666666666667,0.4977557063102722,0.21451863646507263,-0.19639791548252106,0.9999985694885254,0.5235865116119385,0.283290296792984,-0.007419622503221035,0.9999952912330627,0.4433665871620178,0.3109724819660187,-0.11782338470220566,0.9999948143959045,0.5788370370864868,0.2943296730518341,0.011663938872516155,0.9988577961921692,0.4164882302284241,0.424361914396286,-0.16161054372787476,0.9995750188827515,0.6300496459007263,0.29579174518585205,-0.0795537531375885,0.9993804693222046,0.38315969705581665,0.51124107837677,-0.27337446808815,0.9992576241493225,0.5252772569656372,0.5285652279853821,0.04327238351106644,0.9999904036521912,0.48188918828964233,0.5428540706634521,-0.04350246116518974,0.9999876022338867,0.6098940968513489,0.6331575512886047,0.013892287388443947,0.996987521648407,0.4770016074180603,0.7161094546318054,-0.13041459023952484,0.9994475245475769,0.6879494190216064,0.7568586468696594,0.04422775283455849,0.9979296922683716,0.40522271394729614,0.8416783809661865,-0.05746234208345413,0.9977618455886841,0.7346984148025513,0.7734495997428894,-0.0821133404970169,0.998241126537323,0.4272700250148773,0.9199913740158081,-0.16718937456607819,0.9967280626296997
108,3.6,0.4976625442504883,0.21579144895076752,-0.20527371764183044,0.9999985694885254,0.5235802531242371,0.283287912607193,-0.01116160862147808,0.9999951720237732,0.44336336851119995,0.3110496401786804,-0.12043575197458267,0.9999946355819702,0.5788322687149048,0.2943236231803894,0.0069068195298314095,0.9988539814949036,0.4164823591709137,0.4243767559528351,-0.16486856341362,0.9995801448822021,0.6300381422042847,0.2957914471626282,-0.08584864437580109,0.9993806481361389,0.3831602931022644,0.5112565159797668,-0.2784861922264099,0.9992694854736328,0.5252829790115356,0.5285626649856567,0.04326590895652771,0.9999900460243225,0.4819495677947998,0.5428905487060547,-0.04349665343761444,0.9999871253967285,0.6098791360855103,0.6331138014793396,0.013798654079437256,0.9969662427902222,0.4770006239414215,0.7161106467247009,-0.12803304195404053,0.9994381666183472,0.6879425644874573,0.7568495273590088,0.04405783861875534,0.9979290962219238,0.405219167470932,0.8416703343391418,-0.05111575871706009,0.997715950012207,0.7346960306167603,0.77341628074646,-0.082890085875988,0.998232901096344,0.4272526800632477,0.9199865460395813,-0.16103684902191162,0.9966546893119812
109,3.6333333333333333,0.5137393474578857,0.2146468460559845,-0.18325185775756836,0.9999986290931702,0.5490626692771912,0.2903463840484619,0.0072478121146559715,0.9999951124191284,0.4671502709388733,0.3083726465702057,-0.0919652134180069,0.9999945163726807,0.5995296239852905,0.32988399267196655,0.012115350924432278,0.9987144470214844,0.42424672842025757,0.39849451184272766,-0.1474098563194275,0.9995625615119934,0.6467275619506836,0.3599826395511627,-0.08986706286668777,0.9993284344673157,0.3786272406578064,0.46868887543678284,-0.2745285630226135,0.9992554187774658,0.5414170026779175,0.5307117700576782,0.04348907619714737,0.9999905228614807,0.5009991526603699,0.5425282120704651,-0.04371049255132675,0.9999877214431763,0.6194947957992554,0.6481854319572449,0.004149247892200947,0.9971581697463989,0.48620662093162537,0.7138062119483948,-0.165920689702034,0.9994819760322571,0.6890887022018433,0.7924742102622986,0.044875916093587875,0.9980928897857666,0.4117942750453949,0.8353508710861206,-0.07962454110383987,0.997879147529602,0.7346614599227905,0.8252658247947693,-0.07754231244325638,0.9983654022216797,0.4285389482975006,0.9198227524757385,-0.17768682539463043,0.9968990683555603
110,3.6666666666666665,0.5189720988273621,0.20668090879917145,-0.18669579923152924,0.9999986886978149,0.5536368489265442,0.2918652296066284,-0.0003471713571343571,0.9999951720237732,0.4693227708339691,0.30710503458976746,-0.09870587289333344,0.999994695186615,0.6048396229743958,0.3373226225376129,-0.011478142812848091,0.9985175132751465,0.4243815541267395,0.39672577381134033,-0.15050646662712097,0.9995568990707397,0.6496697664260864,0.366409033536911,-0.1325930804014206,0.9991944432258606,0.37635037302970886,0.4639165699481964,-0.27694422006607056,0.9992485046386719,0.544226348400116,0.5311831831932068,0.0434689074754715,0.9999910593032837,0.5030558109283447,0.5416823625564575,-0.043688271194696426,0.9999884366989136,0.6200048327445984,0.6491595506668091,-0.0018454843666404486,0.9972416758537292,0.4903593957424164,0.711855411529541,-0.16396784782409668,0.9995141625404358,0.6894692182540894,0.7978385090827942,0.0426798090338707,0.998203456401825,0.41530951857566833,0.8319711685180664,-0.0844862312078476,0.9979960322380066,0.7343636751174927,0.8328161239624023,-0.08219914138317108,0.9984630346298218,0.42989835143089294,0.9197421669960022,-0.18895234167575836,0.9970923662185669
111,3.7,0.518123984336853,0.20636136829853058,-0.18650205433368683,0.9999986886978149,0.5539904832839966,0.2930319607257843,-0.0007076727924868464,0.9999951124191284,0.4696651101112366,0.30608704686164856,-0.09983167052268982,0.9999945163726807,0.6056997179985046,0.33859682083129883,-0.006066618487238884,0.9984897375106812,0.4241815209388733,0.3957727551460266,-0.15156714618206024,0.9995495080947876,0.6517166495323181,0.368718683719635,-0.12357495725154877,0.9991521835327148,0.3752710223197937,0.46318554878234863,-0.2850080132484436,0.9992132186889648,0.5449385046958923,0.5324416160583496,0.04364202171564102,0.9999912977218628,0.5032237768173218,0.5416989326477051,-0.04385646432638168,0.9999887347221375,0.6204692125320435,0.650015115737915,0.001714246580377221,0.9973523020744324,0.48967868089675903,0.7121186256408691,-0.1553335189819336,0.9995419979095459,0.6899688839912415,0.8001068234443665,0.05085430294275284,0.9983108639717102,0.4140195846557617,0.8322502374649048,-0.0669497698545456,0.998083770275116,0.7340701818466187,0.8337938785552979,-0.08033610880374908,0.9985489249229431,0.42988887429237366,0.9197372198104858,-0.17384973168373108,0.9972268342971802
112,3.7333333333333334,0.5185667276382446,0.2079225480556488,-0.21324515342712402,0.9999986886978149,0.5547322034835815,0.2932261824607849,-0.018819211050868034,0.9999951720237732,0.47011643648147583,0.30592724680900574,-0.11442160606384277,0.9999942183494568,0.6048699617385864,0.33804404735565186,-0.014853149652481079,0.9984807968139648,0.4237283766269684,0.39633238315582275,-0.16619521379470825,0.9995378255844116,0.651631772518158,0.3686521649360657,-0.1266263723373413,0.999128520488739,0.3745652437210083,0.4631521999835968,-0.2943453788757324,0.9991397857666016,0.5453263521194458,0.5329113602638245,0.04364350438117981,0.9999913573265076,0.5036308169364929,0.5415889024734497,-0.043857913464307785,0.9999887943267822,0.6203984618186951,0.649279773235321,0.0034242733381688595,0.9973500967025757,0.4902101159095764,0.7120044231414795,-0.15183109045028687,0.9995555281639099,0.6901573538780212,0.8004278540611267,0.04666595906019211,0.9983665943145752,0.41368573904037476,0.8328165411949158,-0.06650257855653763,0.9981200098991394,0.7340061664581299,0.835512101650238,-0.08916875720024109,0.9985973834991455,0.4301370680332184,0.9197078943252563,-0.17389413714408875,0.9973012804985046
113,3.7666666666666666,0.5187297463417053,0.20868074893951416,-0.23888245224952698,0.9999987483024597,0.5547000169754028,0.29381850361824036,-0.03774775192141533,0.9999952912330627,0.4710615277290344,0.305736243724823,-0.13157229125499725,0.9999940991401672,0.6049421429634094,0.33809682726860046,-0.0265914648771286,0.9985059499740601,0.4238170087337494,0.39576783776283264,-0.18013963103294373,0.999537467956543,0.6511704921722412,0.369093120098114,-0.13419488072395325,0.9991286396980286,0.37356263399124146,0.4639624357223511,-0.305437296628952,0.9990862607955933,0.5453616976737976,0.5332300662994385,0.04337908700108528,0.9999915957450867,0.5035940408706665,0.54150390625,-0.04359448328614235,0.9999890327453613,0.6207154989242554,0.650371789932251,0.0043559605255723,0.9974097013473511,0.49113884568214417,0.7117538452148438,-0.14471440017223358,0.9995730519294739,0.6903666257858276,0.8005660772323608,0.044936828315258026,0.9984487891197205,0.41350626945495605,0.8330404758453369,-0.05832880735397339,0.9981993436813354,0.7340282201766968,0.8366249203681946,-0.09540952742099762,0.9986729621887207,0.4307897984981537,0.9197037816047668,-0.17265361547470093,0.9974363446235657
114,3.8,0.5203274488449097,0.20893172919750214,-0.24149391055107117,0.9999988079071045,0.5539716482162476,0.29416152834892273,-0.03645612671971321,0.9999954104423523,0.4714718759059906,0.3054508566856384,-0.13836954534053802,0.999994158744812,0.6047029495239258,0.3380677402019501,-0.022944563999772072,0.9984733462333679,0.42450031638145447,0.3942849934101105,-0.1884554922580719,0.9995412826538086,0.6518778800964355,0.3703347146511078,-0.1305917352437973,0.9991119503974915,0.37356477975845337,0.4635077118873596,-0.3154372572898865,0.999076247215271,0.5455300211906433,0.5334819555282593,0.0436132475733757,0.9999916553497314,0.5033934116363525,0.5413265228271484,-0.04382384568452835,0.9999892115592957,0.6210346221923828,0.6511327624320984,0.009803124703466892,0.9973336458206177,0.4914442002773285,0.7109469175338745,-0.1426197588443756,0.99957674741745,0.6907408833503723,0.8015273213386536,0.05422654747962952,0.99848473072052,0.41338592767715454,0.8334033489227295,-0.054567594081163406,0.9982350468635559,0.7340782284736633,0.8367106914520264,-0.08805602788925171,0.9987132549285889,0.431157648563385,0.9197056293487549,-0.17171871662139893,0.9975137114524841
115,3.8333333333333335,0.5220533609390259,0.20848433673381805,-0.2340470254421234,0.9999988675117493,0.5536439418792725,0.2943915128707886,-0.033324647694826126,0.9999955296516418,0.47147756814956665,0.30507951974868774,-0.13714474439620972,0.9999942779541016,0.604943573474884,0.3382573127746582,-0.01956404373049736,0.9984631538391113,0.42467623949050903,0.39386409521102905,-0.18978384137153625,0.9995506405830383,0.6525224447250366,0.3710956573486328,-0.12502452731132507,0.9990771412849426,0.37341493368148804,0.46325260400772095,-0.317833811044693,0.999068021774292,0.5456067323684692,0.5336425304412842,0.04364639148116112,0.9999918937683105,0.5032240152359009,0.5410853624343872,-0.043856196105480194,0.9999895691871643,0.6211229562759399,0.6518327593803406,0.010379066690802574,0.9973486661911011,0.49141302704811096,0.7103039622306824,-0.13540057837963104,0.999585747718811,0.6910413503646851,0.8016287088394165,0.053411565721035004,0.9985318183898926,0.4132757782936096,0.8336002826690674,-0.05077287554740906,0.9982947707176208,0.7341575026512146,0.836575984954834,-0.08760683238506317,0.9987627267837524,0.4315035939216614,0.9197209477424622,-0.17026068270206451,0.9976146221160889
116,3.8666666666666667,0.5213915705680847,0.20736344158649445,-0.22831575572490692,0.999998927116394,0.5535979270935059,0.2943784296512604,-0.030395597219467163,0.9999956488609314,0.47154682874679565,0.304641991853714,-0.13261787593364716,0.9999943375587463,0.6045587658882141,0.3379608690738678,-0.017712606117129326,0.9984694123268127,0.42523688077926636,0.39297235012054443,-0.18536630272865295,0.9995481371879578,0.6521406173706055,0.3706528842449188,-0.12376253306865692,0.9990599155426025,0.3736557364463806,0.4624421298503876,-0.3147575259208679,0.9990239143371582,0.5456843972206116,0.5337529182434082,0.04360361024737358,0.9999921321868896,0.5029369592666626,0.5409311652183533,-0.043812818825244904,0.9999898672103882,0.6211864352226257,0.6523997187614441,0.010162217542529106,0.9973905086517334,0.4913765788078308,0.7097747325897217,-0.13508346676826477,0.9995958805084229,0.6911887526512146,0.8018445372581482,0.05256294459104538,0.9985848069190979,0.4132455885410309,0.8336663246154785,-0.04781534522771835,0.998347282409668,0.7341741323471069,0.8366384506225586,-0.08805446326732635,0.9988120198249817,0.4315792918205261,0.9197144508361816,-0.16645407676696777,0.9977023005485535
117,3.9,0.520636796951294,0.20666846632957458,-0.22834071516990662,0.9999989867210388,0.5536462664604187,0.2943461537361145,-0.0296555757522583,0.999995768070221,0.4716077446937561,0.3041903078556061,-0.13067024946212769,0.9999943375587463,0.6043867468833923,0.3378327488899231,-0.016934888437390327,0.9984776973724365,0.4256543517112732,0.3923182189464569,-0.1841568946838379,0.9995442032814026,0.6517448425292969,0.3701191246509552,-0.12295625358819962,0.9990530610084534,0.3738415539264679,0.46201425790786743,-0.3149581551551819,0.9989805817604065,0.5456790328025818,0.5338494181632996,0.043600987643003464,0.999992311000824,0.5028511881828308,0.5408114790916443,-0.04381003975868225,0.9999900460243225,0.621256947517395,0.6527096033096313,0.010726947337388992,0.997431218624115,0.491306871175766,0.7093261480331421,-0.1356794238090515,0.9996073246002197,0.6912930011749268,0.8019559383392334,0.05442659184336662,0.9986381530761719,0.4132724702358246,0.8338906764984131,-0.04764799401164055,0.9984004497528076,0.7341884970664978,0.8365037441253662,-0.08672283589839935,0.9988599419593811,0.43155795335769653,0.919685959815979,-0.16511021554470062,0.9977891445159912
118,3.933333333333333,0.5199267268180847,0.2063257396221161,-0.23266586661338806,0.9999990463256836,0.5538545846939087,0.2943113446235657,-0.032758135348558426,0.9999958872795105,0.4716586172580719,0.3038806617259979,-0.13083840906620026,0.9999943375587463,0.604528546333313,0.3381372094154358,-0.019393501803278923,0.9984986186027527,0.4259423613548279,0.3920373320579529,-0.1857677400112152,0.9995397329330444,0.6516122221946716,0.3701057434082031,-0.12504485249519348,0.9990580677986145,0.3739754557609558,0.4617743492126465,-0.31985920667648315,0.9989399909973145,0.5458465218544006,0.533980667591095,0.04353880137205124,0.9999924898147583,0.5030192136764526,0.5407624244689941,-0.04374720901250839,0.9999902844429016,0.6214118599891663,0.6532967686653137,0.01196768693625927,0.9974790215492249,0.49124088883399963,0.7087000012397766,-0.1355559527873993,0.9996193051338196,0.6913813948631287,0.801956832408905,0.058908432722091675,0.9986929297447205,0.4135587811470032,0.8341986536979675,-0.04593828320503235,0.9984599947929382,0.7342044115066528,0.8363932371139526,-0.08208201825618744,0.9989097714424133,0.43161600828170776,0.9196558594703674,-0.16359034180641174,0.9978837370872498
119,3.966666666666667,0.5196429491043091,0.20559470355510712,-0.22837018966674805,0.9999991059303284,0.5539480447769165,0.29429891705513,-0.02950541116297245,0.9999959468841553,0.47169408202171326,0.3036629855632782,-0.12567707896232605,0.9999943375587463,0.6046724915504456,0.33849433064460754,-0.015541953034698963,0.9985153079032898,0.4261435866355896,0.3918725252151489,-0.18480542302131653,0.9995353817939758,0.6514999866485596,0.3699702322483063,-0.12059202045202255,0.999068021774292,0.3740712106227875,0.46167445182800293,-0.3154435157775879,0.9989045262336731,0.5460428595542908,0.5339892506599426,0.043550316244363785,0.9999926686286926,0.5033143162727356,0.5406445860862732,-0.04375796765089035,0.9999904632568359,0.6215547323226929,0.653900146484375,0.014097064733505249,0.9975098967552185,0.49126872420310974,0.7081266045570374,-0.14126291871070862,0.9996333718299866,0.6914620399475098,0.801963746547699,0.06184936314821243,0.99873948097229,0.4137374460697174,0.8343658447265625,-0.048572100698947906,0.9985133409500122,0.7342724204063416,0.8363686203956604,-0.07724245637655258,0.998951256275177,0.4315914511680603,0.9196388125419617,-0.16516631841659546,0.9979692697525024
120,4.0,0.5193579792976379,0.20425160229206085,-0.2304459810256958,0.9999991655349731,0.5546151399612427,0.29448020458221436,-0.031600482761859894,0.9999960660934448,0.4714411795139313,0.3036760687828064,-0.1271015703678131,0.9999945163726807,0.6050707101821899,0.33914270997047424,-0.015958290547132492,0.9985369443893433,0.42613500356674194,0.3917543590068817,-0.18349909782409668,0.9995453357696533,0.651486337184906,0.36980149149894714,-0.11957725137472153,0.9990758895874023,0.3741353452205658,0.46111324429512024,-0.3154114782810211,0.9989151954650879,0.5462093353271484,0.5337685942649841,0.04353403300046921,0.9999929070472717,0.5035139918327332,0.5394638180732727,-0.04374155402183533,0.9999908208847046,0.6215288043022156,0.6536283493041992,0.012797320261597633,0.9975189566612244,0.4913765788078308,0.7071521878242493,-0.14618825912475586,0.9996482133865356,0.691518247127533,0.8020036220550537,0.05743895098567009,0.9987695217132568,0.4143277704715729,0.8345003128051758,-0.06540627032518387,0.9985683560371399,0.7343547940254211,0.83636474609375,-0.08203030377626419,0.9989873766899109,0.43187928199768066,0.9196355938911438,-0.1820528358221054,0.9980631470680237
121,4.033333333333333,0.5187883973121643,0.20275987684726715,-0.2342742681503296,0.9999992251396179,0.5549206137657166,0.29456883668899536,-0.03591075912117958,0.9999962449073792,0.4713325500488281,0.30369603633880615,-0.12908539175987244,0.999994695186615,0.6058043241500854,0.33965349197387695,-0.01791604422032833,0.9985800385475159,0.4261375963687897,0.39176833629608154,-0.18381385505199432,0.9995546936988831,0.6515814661979675,0.36980748176574707,-0.11899472773075104,0.9991017580032349,0.3741941452026367,0.4609851837158203,-0.31760066747665405,0.9989244937896729,0.546302318572998,0.5336542129516602,0.04349149018526077,0.9999932050704956,0.5035505294799805,0.5387349724769592,-0.043698571622371674,0.999991238117218,0.6216096878051758,0.65353924036026,0.01271096896380186,0.9975481033325195,0.4914873540401459,0.7064632177352905,-0.15295365452766418,0.9996649622917175,0.6915839910507202,0.8020095229148865,0.05707640200853348,0.9988105297088623,0.41476812958717346,0.8345776200294495,-0.07326296716928482,0.9986324906349182,0.7344641089439392,0.8364073634147644,-0.08160631358623505,0.9990309476852417,0.43201303482055664,0.9195954203605652,-0.18881626427173615,0.9981681108474731
122,4.066666666666666,0.5177857875823975,0.20253975689411163,-0.23976044356822968,0.9999992847442627,0.5551336407661438,0.29460442066192627,-0.039491988718509674,0.9999963641166687,0.4713191092014313,0.3037109971046448,-0.1320314109325409,0.9999948143959045,0.6061590313911438,0.33991533517837524,-0.01985740102827549,0.9986204504966736,0.4261494576931,0.3917493522167206,-0.18570639193058014,0.9995608329772949,0.6515821218490601,0.3696765899658203,-0.11887919902801514,0.9991276860237122,0.3742368817329407,0.4609422981739044,-0.32056063413619995,0.9989215731620789,0.5463129878044128,0.5335778594017029,0.043480463325977325,0.9999934434890747,0.5035754442214966,0.538226842880249,-0.04368733614683151,0.9999915361404419,0.6217024326324463,0.6535256505012512,0.013436299748718739,0.9975774884223938,0.49150919914245605,0.7061704993247986,-0.15490460395812988,0.9996804594993591,0.6916211843490601,0.8019698262214661,0.06067867949604988,0.9988511204719543,0.4150655269622803,0.8346125483512878,-0.07140986621379852,0.9986898899078369,0.7345430254936218,0.8364430665969849,-0.07713852822780609,0.9990711808204651,0.43222910165786743,0.9195944666862488,-0.18623171746730804,0.9982612729072571
123,4.1,0.5173647403717041,0.2021438181400299,-0.23837964236736298,0.9999993443489075,0.5552027821540833,0.2946091890335083,-0.03957206755876541,0.9999964833259583,0.47129493951797485,0.3037239909172058,-0.13212016224861145,0.9999949336051941,0.6063026189804077,0.33998939394950867,-0.0204915888607502,0.9986593723297119,0.42615437507629395,0.3917382061481476,-0.185764342546463,0.9995645880699158,0.6515269875526428,0.3694850206375122,-0.11877094209194183,0.9991531372070312,0.37427178025245667,0.4608971178531647,-0.32075250148773193,0.9989092946052551,0.5463118553161621,0.5334938764572144,0.04347328841686249,0.9999936819076538,0.503576397895813,0.5379343628883362,-0.04367982596158981,0.9999918341636658,0.6217583417892456,0.6535058617591858,0.013999040238559246,0.9976019263267517,0.49156618118286133,0.7060425877571106,-0.1574416607618332,0.9996945858001709,0.6916680335998535,0.8019662499427795,0.06349322944879532,0.9988856315612793,0.4152315557003021,0.8346269130706787,-0.07227808237075806,0.9987403154373169,0.7346228957176208,0.836485743522644,-0.07320767641067505,0.9991056323051453,0.43233561515808105,0.9195907711982727,-0.1862788051366806,0.9983438849449158
124,4.133333333333334,0.5171762704849243,0.2017495036125183,-0.23685725033283234,0.9999993443489075,0.5552964210510254,0.294609397649765,-0.03870619460940361,0.9999966025352478,0.4712972044944763,0.30373331904411316,-0.13165795803070068,0.9999950528144836,0.6064941883087158,0.3400179445743561,-0.020167475566267967,0.9986947774887085,0.4261610507965088,0.3917163908481598,-0.18523888289928436,0.9995666146278381,0.651490330696106,0.3693934679031372,-0.1187518835067749,0.999177098274231,0.37429121136665344,0.4608236849308014,-0.32029977440834045,0.9988920092582703,0.54630047082901,0.5334141850471497,0.04346673935651779,0.9999939203262329,0.5036042928695679,0.5377604365348816,-0.043672867119312286,0.9999920725822449,0.6218363046646118,0.6535108685493469,0.01443421095609665,0.9976192116737366,0.4915987551212311,0.7059742212295532,-0.1583474576473236,0.999707043170929,0.6916990280151367,0.8019569516181946,0.06576710939407349,0.9989140033721924,0.4153367578983307,0.8346014022827148,-0.07225405424833298,0.9987839460372925,0.7346639037132263,0.8365641236305237,-0.07028640806674957,0.9991342425346375,0.4323892593383789,0.9195876121520996,-0.18600575625896454,0.9984157085418701
125,4.166666666666667,0.5169718265533447,0.2014916092157364,-0.2358974665403366,0.9999993443489075,0.555292546749115,0.2946010231971741,-0.03770282119512558,0.9999966621398926,0.47132858633995056,0.30372968316078186,-0.13084107637405396,0.9999951124191284,0.6063915491104126,0.3398739993572235,-0.019783686846494675,0.9987254738807678,0.42617636919021606,0.3916907012462616,-0.18517740070819855,0.9995662569999695,0.6514426469802856,0.369268536567688,-0.11885976791381836,0.9991974830627441,0.3743186593055725,0.4607422649860382,-0.31956368684768677,0.9988684058189392,0.5463128089904785,0.533355176448822,0.04348273575305939,0.9999940991401672,0.5036276578903198,0.5376670360565186,-0.043688155710697174,0.9999922513961792,0.6218869090080261,0.6535148024559021,0.014949770644307137,0.9976343512535095,0.4915902018547058,0.7059687376022339,-0.15852642059326172,0.9997183084487915,0.6917341947555542,0.8019794821739197,0.06809913367033005,0.9989362359046936,0.4153934419155121,0.8345915675163269,-0.07154137641191483,0.9988192319869995,0.7347122430801392,0.8366324305534363,-0.06742072105407715,0.9991555213928223,0.43241387605667114,0.9195845127105713,-0.18517324328422546,0.9984729290008545
126,4.2,0.5165497660636902,0.20141758024692535,-0.23506779968738556,0.9999993443489075,0.5553276538848877,0.294593870639801,-0.0370442233979702,0.9999967217445374,0.47137850522994995,0.3037213087081909,-0.13010857999324799,0.9999951124191284,0.6063793897628784,0.3397983908653259,-0.019613636657595634,0.9987547993659973,0.42620259523391724,0.3916487395763397,-0.1848367154598236,0.9995647072792053,0.6514113545417786,0.36917778849601746,-0.11906185001134872,0.9992174506187439,0.3743417263031006,0.46070370078086853,-0.3191515803337097,0.9988389611244202,0.5463287234306335,0.5332874059677124,0.04348525032401085,0.9999942183494568,0.5036519765853882,0.5375423431396484,-0.04369040206074715,0.9999924302101135,0.6219250559806824,0.6535220742225647,0.015080256387591362,0.997644305229187,0.491599977016449,0.705959677696228,-0.15948070585727692,0.9997286200523376,0.6917742490768433,0.8020212054252625,0.06924279034137726,0.9989560842514038,0.415377676486969,0.8346115350723267,-0.07206612080335617,0.9988515973091125,0.7347714304924011,0.8366971611976624,-0.06623757630586624,0.9991738200187683,0.43243223428726196,0.9195894002914429,-0.18565593659877777,0.998525083065033
127,4.233333333333333,0.5162948369979858,0.20143570005893707,-0.2333051860332489,0.9999993443489075,0.555354654788971,0.29458796977996826,-0.03549331799149513,0.9999967813491821,0.4714309275150299,0.30370277166366577,-0.1262793242931366,0.9999950528144836,0.606331467628479,0.339722216129303,-0.018827825784683228,0.9987779259681702,0.42628103494644165,0.39152759313583374,-0.18097327649593353,0.9995590448379517,0.6513794660568237,0.3690929114818573,-0.11901533603668213,0.9992360472679138,0.3743863105773926,0.46059802174568176,-0.3181183934211731,0.9987994432449341,0.5463382601737976,0.5332573056221008,0.04348813742399216,0.9999942779541016,0.5036589503288269,0.5375006198883057,-0.04369300976395607,0.9999924898147583,0.6219671368598938,0.6535680294036865,0.015069328248500824,0.9976485371589661,0.49159151315689087,0.7059721350669861,-0.15919774770736694,0.9997369647026062,0.6918098330497742,0.8020708560943604,0.07014016062021255,0.9989718794822693,0.4153638780117035,0.834626317024231,-0.07127641141414642,0.9988754987716675,0.7348247170448303,0.8366988301277161,-0.06542397290468216,0.9991874098777771,0.4325215220451355,0.9195934534072876,-0.1849936693906784,0.9985642433166504
128,4.266666666666667,0.5160802602767944,0.2013968974351883,-0.2302318513393402,0.9999993443489075,0.5553550124168396,0.2945837378501892,-0.032985620200634,0.9999968409538269,0.4714856743812561,0.3036772906780243,-0.12349642813205719,0.9999949932098389,0.6062790751457214,0.33965662121772766,-0.016976825892925262,0.9987968802452087,0.4263390600681305,0.39146316051483154,-0.178397998213768,0.9995531439781189,0.6513062715530396,0.3690122961997986,-0.11818967014551163,0.9992520809173584,0.3744193911552429,0.46052709221839905,-0.31694310903549194,0.9987574815750122,0.5463330745697021,0.5331493616104126,0.043499063700437546,0.9999943375587463,0.503665566444397,0.537416398525238,-0.043703343719244,0.9999926090240479,0.6219855546951294,0.6535542607307434,0.015025225467979908,0.997637927532196,0.491599977016449,0.7059664130210876,-0.16018995642662048,0.9997441172599792,0.6918305158615112,0.8020936846733093,0.0698074996471405,0.9989797472953796,0.41535359621047974,0.8346415162086487,-0.07224421203136444,0.9988940954208374,0.7348612546920776,0.8366811275482178,-0.06566036492586136,0.9991954565048218,0.4325844645500183,0.9196042418479919,-0.18584975600242615,0.9985968470573425
129,4.3,0.5159909725189209,0.20142187178134918,-0.2293228656053543,0.9999993443489075,0.5553748607635498,0.29457929730415344,-0.03201672062277794,0.9999969005584717,0.47152695059776306,0.3036496341228485,-0.12203073501586914,0.9999949336051941,0.6062556505203247,0.33960720896720886,-0.01680503599345684,0.9988071322441101,0.42640796303749084,0.39140191674232483,-0.17631244659423828,0.9995444416999817,0.6512413024902344,0.36896124482154846,-0.11864948272705078,0.9992620944976807,0.3744555115699768,0.4604857563972473,-0.31482642889022827,0.9987100958824158,0.5463393926620483,0.5331028699874878,0.04349658638238907,0.9999943971633911,0.5036641359329224,0.5373689532279968,-0.04370066896080971,0.9999926686286926,0.6220072507858276,0.6535431146621704,0.014996352605521679,0.9976113438606262,0.49159544706344604,0.7059729099273682,-0.1602247655391693,0.9997488856315613,0.6918560266494751,0.8021250367164612,0.06981824338436127,0.9989802241325378,0.4153490662574768,0.8346756100654602,-0.07259757816791534,0.9989039897918701,0.7348815202713013,0.8366684913635254,-0.06558298319578171,0.9991973042488098,0.4326457977294922,0.9196139574050903,-0.1863984316587448,0.9986178278923035
130,4.333333333333333,0.5158997774124146,0.20144382119178772,-0.22885005176067352,0.9999993443489075,0.5553890466690063,0.2945742607116699,-0.031481221318244934,0.9999969005584717,0.47155871987342834,0.3036293387413025,-0.12098655849695206,0.9999948740005493,0.6062363386154175,0.3395732641220093,-0.016726600006222725,0.9988157749176025,0.4264538884162903,0.3913784325122833,-0.1747974455356598,0.9995333552360535,0.6511672735214233,0.36891970038414,-0.11907490342855453,0.9992707967758179,0.37447935342788696,0.46046698093414307,-0.31282418966293335,0.9986535906791687,0.54634028673172,0.5330541133880615,0.04348904639482498,0.9999944567680359,0.5036614537239075,0.5373229384422302,-0.043692927807569504,0.9999927282333374,0.6220256686210632,0.6535336971282959,0.014968800358474255,0.9975798726081848,0.49159374833106995,0.7059741020202637,-0.16039250791072845,0.999752402305603,0.6918720006942749,0.802135705947876,0.06978311389684677,0.9989767074584961,0.4153413772583008,0.8347033262252808,-0.0731767863035202,0.9989089965820312,0.7348998785018921,0.8366638422012329,-0.06555502116680145,0.9991955161094666,0.4327015280723572,0.9196239113807678,-0.18714262545108795,0.9986319541931152
131,4.366666666666666,0.5157771110534668,0.20145341753959656,-0.22757801413536072,0.9999993443489075,0.5553984642028809,0.2945705056190491,-0.0302995927631855,0.9999969005584717,0.4715921878814697,0.3036044239997864,-0.11929329484701157,0.9999947547912598,0.6062170267105103,0.3395424783229828,-0.016186103224754333,0.9988200664520264,0.42649537324905396,0.39135363698005676,-0.1730349361896515,0.9995216131210327,0.6510761976242065,0.3688868284225464,-0.11907253414392471,0.9992777109146118,0.374519944190979,0.46043315529823303,-0.3110406696796417,0.9985986351966858,0.5463404059410095,0.5330105423927307,0.043474726378917694,0.9999944567680359,0.5036631226539612,0.5372973680496216,-0.043678414076566696,0.9999927282333374,0.6220353841781616,0.6535250544548035,0.014949451200664043,0.9975439310073853,0.4915967583656311,0.7059749364852905,-0.1606174111366272,0.9997549653053284,0.6918829083442688,0.8021466732025146,0.06963979452848434,0.998971700668335,0.4153349995613098,0.8347221612930298,-0.07353070378303528,0.9989099502563477,0.7349127531051636,0.8366767764091492,-0.06573229283094406,0.9991918206214905,0.43273377418518066,0.919629693031311,-0.18753594160079956,0.9986401796340942
132,4.4,0.5157500505447388,0.2014664113521576,-0.22763028740882874,0.9999993443489075,0.5554797053337097,0.29456648230552673,-0.030330702662467957,0.9999969005584717,0.47159600257873535,0.30357667803764343,-0.1196671575307846,0.999994695186615,0.6062482595443726,0.33951249718666077,-0.016483422368764877,0.9988120198249817,0.4264884889125824,0.3914242684841156,-0.173606276512146,0.9995088577270508,0.6510123610496521,0.3688602149486542,-0.12043557316064835,0.9992727041244507,0.374528706073761,0.4604487121105194,-0.31170710921287537,0.9985350966453552,0.5463479161262512,0.5329981446266174,0.04346933215856552,0.9999945163726807,0.5036720633506775,0.537264883518219,-0.04367271438241005,0.9999927878379822,0.6220707297325134,0.65353924036026,0.015893857926130295,0.9974696636199951,0.4916872978210449,0.7060150504112244,-0.16490599513053894,0.9997575879096985,0.6919066309928894,0.8022052049636841,0.07017235457897186,0.9989565014839172,0.41543301939964294,0.834647536277771,-0.08179479092359543,0.9989076256752014,0.7349463701248169,0.8366540670394897,-0.0645677000284195,0.9991810321807861,0.43307384848594666,0.9196307063102722,-0.19540347158908844,0.9986458420753479
133,4.433333333333334,0.5157259702682495,0.20142976939678192,-0.22593697905540466,0.9999993443489075,0.5554792284965515,0.29454857110977173,-0.03007214330136776,0.9999969005584717,0.4716029763221741,0.3035429120063782,-0.11889159679412842,0.9999946355819702,0.6062562465667725,0.3394871950149536,-0.01627098023891449,0.998813271522522,0.4264841079711914,0.3914860188961029,-0.1729036271572113,0.9994959831237793,0.6509425044059753,0.36883535981178284,-0.12016884982585907,0.9992762207984924,0.3745456337928772,0.46046698093414307,-0.3109791874885559,0.9984694123268127,0.546355128288269,0.5329524278640747,0.04344237595796585,0.9999945759773254,0.5036765336990356,0.5371607542037964,-0.043644979596138,0.999992847442627,0.6220759749412537,0.6535347700119019,0.016441278159618378,0.9974208474159241,0.4917299151420593,0.7060194611549377,-0.16701176762580872,0.9997609257698059,0.6919165849685669,0.8022428750991821,0.07085482776165009,0.998950719833374,0.4155034124851227,0.8346100449562073,-0.08326902985572815,0.9989108443260193,0.7349717020988464,0.8366360068321228,-0.06354476511478424,0.9991776943206787,0.43322810530662537,0.9196694493293762,-0.19631627202033997,0.9986584782600403
134,4.466666666666667,0.5157124400138855,0.201426699757576,-0.22856250405311584,0.9999993443489075,0.5554848313331604,0.29453298449516296,-0.0325716957449913,0.9999969005584717,0.47161945700645447,0.30352073907852173,-0.1198643296957016,0.9999945759773254,0.6062602400779724,0.33947286009788513,-0.018246246501803398,0.9988189339637756,0.4264833331108093,0.3915131986141205,-0.17336758971214294,0.9994848966598511,0.6509141325950623,0.3688139319419861,-0.12145950645208359,0.9992802739143372,0.37455570697784424,0.46047765016555786,-0.3114442825317383,0.9984087944030762,0.5463573932647705,0.5328868627548218,0.04339705780148506,0.9999946355819702,0.5036807060241699,0.5370638966560364,-0.04359975829720497,0.9999929070472717,0.6220830678939819,0.6534867882728577,0.016423646360635757,0.9973675608634949,0.49177780747413635,0.7060225009918213,-0.16747310757637024,0.999762773513794,0.6919201612472534,0.8022675514221191,0.07059454172849655,0.9989423751831055,0.4155694842338562,0.8345775008201599,-0.08411137759685516,0.9989104866981506,0.7349877953529358,0.8366275429725647,-0.0639704018831253,0.9991729855537415,0.4334127902984619,0.9196994304656982,-0.1974094808101654,0.9986670613288879
135,4.5,0.5156957507133484,0.20143423974514008,-0.23370587825775146,0.9999993443489075,0.5554940700531006,0.29451867938041687,-0.03575010597705841,0.9999969005584717,0.47163867950439453,0.30350181460380554,-0.12192671000957489,0.9999945163726807,0.6062598824501038,0.33945903182029724,-0.021149657666683197,0.9988268613815308,0.4264845848083496,0.39154404401779175,-0.17431259155273438,0.9994741082191467,0.6508781313896179,0.36879727244377136,-0.12460974603891373,0.9992868304252625,0.37456682324409485,0.4604894518852234,-0.31203532218933105,0.9983527660369873,0.5463587045669556,0.5328047871589661,0.043337542563676834,0.9999946355819702,0.5036845803260803,0.5369919538497925,-0.04354105889797211,0.9999929070472717,0.6220849752426147,0.6534211039543152,0.016414137557148933,0.9973106980323792,0.49181222915649414,0.7060239911079407,-0.16733220219612122,0.9997634291648865,0.6919224858283997,0.8022840619087219,0.07045933604240417,0.9989333748817444,0.415627658367157,0.8345473408699036,-0.08351699262857437,0.9989067316055298,0.7350009679794312,0.8366143703460693,-0.06425443291664124,0.9991675615310669,0.4335559010505676,0.9197322130203247,-0.19708415865898132,0.9986709356307983
136,4.533333333333333,0.5156672596931458,0.20143944025039673,-0.23374083638191223,0.9999993443489075,0.5555022954940796,0.29450523853302,-0.03584183752536774,0.9999969005584717,0.47165003418922424,0.30348801612854004,-0.12195023149251938,0.9999944567680359,0.6062583923339844,0.3394477963447571,-0.02132943645119667,0.9988341331481934,0.426487535238266,0.39157116413116455,-0.17436985671520233,0.9994640350341797,0.6508275270462036,0.36878305673599243,-0.12477622926235199,0.9992932677268982,0.37457460165023804,0.4604986011981964,-0.31167396903038025,0.9983043670654297,0.5463606119155884,0.5327456593513489,0.04329320043325424,0.999994695186615,0.5036842823028564,0.5369311571121216,-0.043497197329998016,0.9999929070472717,0.6220874786376953,0.6533660292625427,0.01639993116259575,0.9972578287124634,0.49183782935142517,0.7060259580612183,-0.1678268164396286,0.9997644424438477,0.6919249892234802,0.8023017644882202,0.07033369690179825,0.9989244341850281,0.41567474603652954,0.8345075845718384,-0.08434067666530609,0.998903751373291,0.7350156307220459,0.8366034030914307,-0.06445121020078659,0.9991621375083923,0.4336490035057068,0.919754683971405,-0.19794206321239471,0.9986751079559326
137,4.566666666666666,0.515641450881958,0.20152702927589417,-0.23547931015491486,0.9999993443489075,0.5555117130279541,0.29450085759162903,-0.03712758421897888,0.9999969005584717,0.47165951132774353,0.30348116159439087,-0.12268705666065216,0.9999943971633911,0.6062567234039307,0.3394366502761841,-0.022751223295927048,0.9988391399383545,0.4264896512031555,0.39159736037254333,-0.1744062751531601,0.9994546175003052,0.6507787704467773,0.36877182126045227,-0.12636426091194153,0.9992968440055847,0.374581515789032,0.46050697565078735,-0.3117075562477112,0.9982590675354004,0.5463630557060242,0.5326898694038391,0.043238021433353424,0.999994695186615,0.5036848187446594,0.5368723273277283,-0.043442580848932266,0.9999929070472717,0.6220920085906982,0.6533392071723938,0.016381757333874702,0.9972088932991028,0.4918629229068756,0.7060263156890869,-0.16800037026405334,0.9997649788856506,0.6919307708740234,0.8023113012313843,0.07024110853672028,0.9989158511161804,0.41570648550987244,0.8344770073890686,-0.08468472212553024,0.9988997578620911,0.7350214123725891,0.8365940451622009,-0.0645427405834198,0.9991568922996521,0.4336862564086914,0.9197685122489929,-0.19857163727283478,0.9986778497695923
138,4.6,0.5155818462371826,0.20162230730056763,-0.23519030213356018,0.9999993443489075,0.5555164217948914,0.2944960296154022,-0.03700864687561989,0.9999969005584717,0.47166895866394043,0.30347028374671936,-0.1226944699883461,0.9999943375587463,0.6062544584274292,0.33942610025405884,-0.022672783583402634,0.9988431930541992,0.42649245262145996,0.3916173279285431,-0.17451131343841553,0.9994460940361023,0.6507176756858826,0.36876195669174194,-0.12618672847747803,0.9993005394935608,0.3745880722999573,0.46051445603370667,-0.3116413354873657,0.9982187747955322,0.5463635325431824,0.5326193571090698,0.043203242123126984,0.999994695186615,0.503684937953949,0.5368042588233948,-0.04340820014476776,0.9999929070472717,0.6220937967300415,0.6532859206199646,0.016362035647034645,0.997151792049408,0.4918951094150543,0.706023097038269,-0.16846445202827454,0.9997650384902954,0.691935658454895,0.8023169040679932,0.06985575705766678,0.9989033341407776,0.41571831703186035,0.8344504237174988,-0.08605901896953583,0.9988928437232971,0.7350286841392517,0.8365849256515503,-0.06509502232074738,0.9991486072540283,0.43369060754776,0.919773519039154,-0.19998928904533386,0.9986767768859863
139,4.633333333333334,0.5155555009841919,0.20186194777488708,-0.23685863614082336,0.9999993443489075,0.5555189847946167,0.2944895327091217,-0.03800942748785019,0.9999969005584717,0.47167596220970154,0.30346348881721497,-0.12356950342655182,0.9999942779541016,0.6062525510787964,0.33941778540611267,-0.023226531222462654,0.9988484382629395,0.42649444937705994,0.3916395306587219,-0.17488543689250946,0.9994393587112427,0.6506874561309814,0.36875462532043457,-0.12623225152492523,0.9993042945861816,0.3745923936367035,0.4605216979980469,-0.3116576075553894,0.9981867671012878,0.5463637113571167,0.5325772762298584,0.04315986484289169,0.999994695186615,0.5036855936050415,0.5367543697357178,-0.04336537793278694,0.9999929070472717,0.622096061706543,0.6532490849494934,0.016346022486686707,0.9971050024032593,0.49191761016845703,0.706022322177887,-0.1685222089290619,0.9997648000717163,0.6919470429420471,0.8023260235786438,0.069339320063591,0.9988948106765747,0.415731281042099,0.8344255089759827,-0.08616043627262115,0.9988859295845032,0.7350336313247681,0.8365709185600281,-0.06595517694950104,0.9991428852081299,0.4336940348148346,0.9197811484336853,-0.20010724663734436,0.9986749887466431
140,4.666666666666667,0.5155391693115234,0.20244765281677246,-0.2378857582807541,0.9999993443489075,0.5555230379104614,0.294485867023468,-0.03866196423768997,0.9999969005584717,0.47168198227882385,0.3034605383872986,-0.12445513159036636,0.9999942183494568,0.6062450408935547,0.3394029140472412,-0.023566260933876038,0.9988535642623901,0.4264954924583435,0.3916599750518799,-0.17544645071029663,0.999433696269989,0.6506500244140625,0.368747740983963,-0.12624666094779968,0.9993082880973816,0.3745984435081482,0.46052688360214233,-0.31174325942993164,0.9981592297554016,0.5463637113571167,0.5325430631637573,0.04313885420560837,0.999994695186615,0.5036855340003967,0.5367189049720764,-0.043344657868146896,0.9999929070472717,0.6220965385437012,0.6532109379768372,0.016329586505889893,0.9970619082450867,0.49193280935287476,0.7060233354568481,-0.16842497885227203,0.9997644424438477,0.6919530034065247,0.8023322820663452,0.06864456832408905,0.9988865256309509,0.41573619842529297,0.8344072699546814,-0.08617862313985825,0.9988788962364197,0.7350406646728516,0.8365464806556702,-0.06694277375936508,0.999137282371521,0.4336951673030853,0.9197849631309509,-0.20020441710948944,0.9986721277236938
141,4.7,0.5155255198478699,0.20287176966667175,-0.2390322983264923,0.9999993443489075,0.555526614189148,0.29447898268699646,-0.039346348494291306,0.9999969005584717,0.4716860353946686,0.30345773696899414,-0.12536264955997467,0.999994158744812,0.6062427759170532,0.33939093351364136,-0.024217704311013222,0.998855710029602,0.4264957010746002,0.39167943596839905,-0.1762591451406479,0.9994281530380249,0.650620698928833,0.36874181032180786,-0.12696686387062073,0.9993104934692383,0.3746030032634735,0.46053141355514526,-0.3122568726539612,0.9981340765953064,0.5463632941246033,0.5324987769126892,0.043110691010951996,0.999994695186615,0.5036851167678833,0.5366859436035156,-0.043316856026649475,0.9999929070472717,0.6220967173576355,0.6531792283058167,0.01627490296959877,0.9970201253890991,0.49194639921188354,0.706024169921875,-0.16843879222869873,0.9997637271881104,0.6919592618942261,0.8023372888565063,0.06818805634975433,0.9988792538642883,0.41574302315711975,0.8343857526779175,-0.0859728530049324,0.9988715648651123,0.735046923160553,0.8365205526351929,-0.0676117017865181,0.999132513999939,0.43369922041893005,0.9197917580604553,-0.1999596804380417,0.9986690282821655
142,4.733333333333333,0.5155107975006104,0.2031674087047577,-0.23974260687828064,0.9999993443489075,0.5555283427238464,0.2944701015949249,-0.03990478068590164,0.9999969005584717,0.4716893136501312,0.3034548759460449,-0.12609001994132996,0.9999940991401672,0.6062352657318115,0.33937326073646545,-0.02471153438091278,0.9988593459129333,0.42649561166763306,0.39170125126838684,-0.17698699235916138,0.9994228482246399,0.6505798101425171,0.3687366545200348,-0.1274922788143158,0.9993137121200562,0.37460991740226746,0.46054476499557495,-0.3127393126487732,0.9981073141098022,0.5463622212409973,0.5324586033821106,0.04308776184916496,0.999994695186615,0.5036845803260803,0.5366589426994324,-0.043294213712215424,0.9999929070472717,0.6220969557762146,0.653149425983429,0.016224803403019905,0.9969878792762756,0.491959810256958,0.7060250639915466,-0.16834856569766998,0.9997633695602417,0.6919659972190857,0.8023418188095093,0.06789988279342651,0.9988744854927063,0.4157474637031555,0.8343658447265625,-0.08578357100486755,0.9988669753074646,0.7350518703460693,0.8365000486373901,-0.06807760894298553,0.9991295337677002,0.4337005615234375,0.9197953939437866,-0.19979114830493927,0.9986684322357178
143,4.766666666666667,0.515498697757721,0.20321033895015717,-0.23977473378181458,0.9999993443489075,0.5555322170257568,0.2944600284099579,-0.04006205499172211,0.9999969005584717,0.4716917872428894,0.30345168709754944,-0.12632553279399872,0.9999940395355225,0.6062266826629639,0.3393610715866089,-0.024976404383778572,0.9988606572151184,0.4264957904815674,0.39171817898750305,-0.17724359035491943,0.9994171261787415,0.6505440473556519,0.3687325417995453,-0.12785106897354126,0.9993148446083069,0.3746154010295868,0.46055465936660767,-0.31285610795021057,0.9980784058570862,0.5463618040084839,0.5324319005012512,0.04306540638208389,0.999994695186615,0.5036841630935669,0.5366425514221191,-0.0432719923555851,0.9999929070472717,0.6220976114273071,0.6531336903572083,0.01612142100930214,0.9969584941864014,0.49197274446487427,0.7060264348983765,-0.16830883920192719,0.9997628927230835,0.691973090171814,0.8023474216461182,0.0675228089094162,0.9988698959350586,0.41575542092323303,0.8343485593795776,-0.08571518957614899,0.9988618493080139,0.7350560426712036,0.8364734053611755,-0.0685647577047348,0.9991264939308167,0.43370166420936584,0.9197986125946045,-0.1997436136007309,0.9986666440963745
144,4.8,0.5154885649681091,0.2036069631576538,-0.2385769635438919,0.9999993443489075,0.555549144744873,0.2944183647632599,-0.038087524473667145,0.9999969005584717,0.4716920256614685,0.3034399747848511,-0.1256871223449707,0.9999939799308777,0.6061164140701294,0.3392702639102936,-0.02318136766552925,0.9988531470298767,0.4264950156211853,0.39173606038093567,-0.17756076157093048,0.9994100332260132,0.6504735946655273,0.3687115013599396,-0.12676693499088287,0.9993137121200562,0.37460052967071533,0.4605857729911804,-0.31555643677711487,0.9980466961860657,0.5463645458221436,0.5324141383171082,0.04306040331721306,0.999994695186615,0.5037022829055786,0.5366359949111938,-0.04326696693897247,0.999992847442627,0.6221004724502563,0.6531710028648376,0.015294638462364674,0.9969515800476074,0.49201351404190063,0.7060266137123108,-0.1669560670852661,0.9997624754905701,0.6920209527015686,0.8023684024810791,0.0659232884645462,0.9988720417022705,0.4158579409122467,0.834010899066925,-0.08341795206069946,0.9988575577735901,0.7350596189498901,0.8364716172218323,-0.07058867067098618,0.9991267323493958,0.43373236060142517,0.9197322130203247,-0.1972368359565735,0.9986624121665955
145,4.833333333333333,0.5154699087142944,0.20376114547252655,-0.2350933998823166,0.9999993443489075,0.555549681186676,0.2943095564842224,-0.034864526242017746,0.9999969005584717,0.4716924726963043,0.30341944098472595,-0.12474501132965088,0.9999938607215881,0.6059583425521851,0.3391587734222412,-0.018541622906923294,0.9988390803337097,0.4264960289001465,0.39174604415893555,-0.1776324063539505,0.9994062185287476,0.6504205465316772,0.368693470954895,-0.12007956206798553,0.9993083477020264,0.3745967745780945,0.46059450507164,-0.3160765767097473,0.998030424118042,0.5463723540306091,0.5324031114578247,0.04310407489538193,0.9999946355819702,0.5037211179733276,0.5366373658180237,-0.0433102548122406,0.9999927282333374,0.6220995783805847,0.6532022953033447,0.015331173315644264,0.9969374537467957,0.4920242726802826,0.7059910297393799,-0.16562393307685852,0.9997620582580566,0.6920464038848877,0.8023714423179626,0.06594761461019516,0.9988719820976257,0.41590937972068787,0.8336763381958008,-0.0812637060880661,0.9988534450531006,0.7350627183914185,0.8364681601524353,-0.07053743302822113,0.9991245269775391,0.43341851234436035,0.9196329712867737,-0.1945790946483612,0.998656690120697
146,4.866666666666666,0.5154585838317871,0.20403724908828735,-0.23411217331886292,0.9999993443489075,0.5555494427680969,0.2942277193069458,-0.033871401101350784,0.9999968409538269,0.4716934263706207,0.3034090995788574,-0.12385793775320053,0.9999937415122986,0.6057732701301575,0.3390132188796997,-0.018722014501690865,0.9988235831260681,0.4264967441558838,0.3917529284954071,-0.17740730941295624,0.9994003176689148,0.6503010988235474,0.36864471435546875,-0.12073829025030136,0.999304473400116,0.3745890259742737,0.46060213446617126,-0.31599587202072144,0.9980140924453735,0.5463762283325195,0.532394289970398,0.043112363666296005,0.9999945163726807,0.5037266612052917,0.5366384983062744,-0.04331854730844498,0.9999926090240479,0.6220983862876892,0.6532168984413147,0.015143622644245625,0.9969161152839661,0.49202775955200195,0.7059712409973145,-0.16486117243766785,0.9997602105140686,0.6920590996742249,0.8023727536201477,0.0654289647936821,0.9988698959350586,0.41593512892723083,0.8334360122680664,-0.08037294447422028,0.998843252658844,0.7350655794143677,0.8364688158035278,-0.07117610424757004,0.999120831489563,0.43324312567710876,0.9195665717124939,-0.19386082887649536,0.9986439347267151
147,4.9,0.5424115657806396,0.20978069305419922,-0.20478205382823944,0.9999993443489075,0.5769093632698059,0.3075418770313263,0.026465002447366714,0.9999969005584717,0.49614429473876953,0.303798109292984,-0.12108087539672852,0.9999935030937195,0.6165181398391724,0.38063743710517883,0.10746496915817261,0.9983804821968079,0.43812355399131775,0.3638307452201843,-0.18460340797901154,0.9994174242019653,0.6585965752601624,0.4292649030685425,0.0768829807639122,0.9992504119873047,0.37548303604125977,0.40283656120300293,-0.3134303092956543,0.9980593323707581,0.5623161196708679,0.5381181836128235,0.05522147938609123,0.999994695186615,0.5234256982803345,0.5381141304969788,-0.05542547628283501,0.9999927282333374,0.6291917562484741,0.6767702102661133,0.04002126306295395,0.9969149231910706,0.5058215260505676,0.705591082572937,-0.2162274420261383,0.9997771382331848,0.69146329164505,0.8344159722328186,0.09055022150278091,0.9989350438117981,0.42616137862205505,0.8220377564430237,-0.11194168031215668,0.9989219307899475,0.7346006035804749,0.8770553469657898,-0.021743355318903923,0.9991697669029236,0.43170419335365295,0.9177440404891968,-0.19399234652519226,0.9987402558326721
148,4.933333333333334,0.5456896424293518,0.2094728648662567,-0.17880643904209137,0.9999993443489075,0.5805025696754456,0.3099532723426819,0.03804688900709152,0.9999969005584717,0.4977112412452698,0.3043915033340454,-0.09256640076637268,0.9999934434890747,0.6183837652206421,0.388308048248291,0.0644819587469101,0.9980403780937195,0.44026169180870056,0.35852012038230896,-0.16163761913776398,0.999427855014801,0.6606020331382751,0.4372258484363556,-0.02937207743525505,0.9991411566734314,0.37649017572402954,0.39701229333877563,-0.2964629828929901,0.9980993866920471,0.5652746558189392,0.5400754809379578,0.05454340577125549,0.9999949336051941,0.5257480144500732,0.5392220616340637,-0.05473523586988449,0.9999930262565613,0.6309037804603577,0.6806164383888245,0.03629397600889206,0.9970486164093018,0.5094578862190247,0.7057281136512756,-0.2047359198331833,0.9997949004173279,0.6911131739616394,0.8403205871582031,0.09143231809139252,0.9990077018737793,0.4275396466255188,0.8204616904258728,-0.10489349067211151,0.9990037083625793,0.7339134812355042,0.8857966065406799,-0.025260379537940025,0.9992251396179199,0.4312707483768463,0.9167616367340088,-0.19191856682300568,0.9988353848457336
149,4.966666666666667,0.545049250125885,0.2097989171743393,-0.1903136521577835,0.9999993443489075,0.5824064016342163,0.3116077780723572,0.017050964757800102,0.9999967813491821,0.49901747703552246,0.3043501675128937,-0.10158438980579376,0.999993085861206,0.6209701895713806,0.3908480703830719,0.03803687542676926,0.9977547526359558,0.4408847391605377,0.35631701350212097,-0.16539901494979858,0.9994246959686279,0.6635810732841492,0.44228145480155945,-0.055715955793857574,0.9989991188049316,0.37755608558654785,0.3947828412055969,-0.30051177740097046,0.9980361461639404,0.5662823915481567,0.5401217937469482,0.053568653762340546,0.9999951124191284,0.5265532732009888,0.5392151474952698,-0.0537492111325264,0.9999932050704956,0.6318597197532654,0.6810383796691895,0.04048733413219452,0.9971275329589844,0.5095299482345581,0.7060245275497437,-0.203553706407547,0.9998099207878113,0.6910442113876343,0.8414778709411621,0.09638352692127228,0.999074399471283,0.42898210883140564,0.818916380405426,-0.10142829269170761,0.9990737438201904,0.7337888479232788,0.8868529200553894,-0.022998418658971786,0.9992738366127014,0.4302520155906677,0.9147128462791443,-0.18919923901557922,0.9989161491394043
150,5.0,0.5460156798362732,0.20974572002887726,-0.19460523128509521,0.9999993443489075,0.5827010869979858,0.3125022351741791,0.010635213926434517,0.9999967217445374,0.4996316432952881,0.30475613474845886,-0.0987776666879654,0.9999925494194031,0.6210658550262451,0.39083588123321533,0.029999906197190285,0.9975841045379639,0.43995198607444763,0.3570270240306854,-0.1588669717311859,0.9993998408317566,0.6630605459213257,0.4414997100830078,-0.08502736687660217,0.9989450573921204,0.3774241805076599,0.3953549265861511,-0.29147469997406006,0.9979113936424255,0.5669748783111572,0.542073667049408,0.052778951823711395,0.9999951124191284,0.5262978672981262,0.5408023595809937,-0.05296748876571655,0.9999931454658508,0.6328074932098389,0.684816837310791,0.036578550934791565,0.997054934501648,0.5084412097930908,0.7074645161628723,-0.1968385875225067,0.9998143911361694,0.6910542249679565,0.842680811882019,0.0990740954875946,0.9990876913070679,0.42785415053367615,0.820029616355896,-0.08766709268093109,0.9990801215171814,0.7336719632148743,0.8866695761680603,-0.022026196122169495,0.999281108379364,0.4295915961265564,0.9130693078041077,-0.17645302414894104,0.9989270567893982
151,5.033333333333333,0.5469266176223755,0.21069346368312836,-0.19864089787006378,0.9999993443489075,0.5827614068984985,0.312651664018631,0.013203208334743977,0.9999967217445374,0.5009148120880127,0.30471271276474,-0.10067163407802582,0.9999921321868896,0.6207056045532227,0.38929617404937744,0.03376984968781471,0.9974662661552429,0.44031304121017456,0.35652077198028564,-0.15999531745910645,0.9993948340415955,0.662578821182251,0.4406775236129761,-0.07420317083597183,0.9989304542541504,0.37724313139915466,0.3948245644569397,-0.28864923119544983,0.9978339076042175,0.5674559473991394,0.5420113801956177,0.05230875685811043,0.9999951124191284,0.5263220071792603,0.5410380363464355,-0.05249860882759094,0.999993085861206,0.6325777769088745,0.683915913105011,0.035024046897888184,0.9970433712005615,0.5087664127349854,0.7077974677085876,-0.2008775770664215,0.9998239278793335,0.6910821199417114,0.8412134051322937,0.09704726934432983,0.9991261959075928,0.4281541407108307,0.8184816241264343,-0.09367669373750687,0.9991225600242615,0.7329310774803162,0.8862780332565308,-0.029514309018850327,0.9993097186088562,0.42952871322631836,0.9124167561531067,-0.17771349847316742,0.9989778399467468
152,5.066666666666666,0.5475510358810425,0.2111116647720337,-0.20152398943901062,0.9999993443489075,0.5830077528953552,0.31267452239990234,0.014890996739268303,0.9999967813491821,0.5014575719833374,0.30448824167251587,-0.10288859903812408,0.9999918341636658,0.6207959055900574,0.3890760540962219,0.0370444655418396,0.9973099827766418,0.4412361979484558,0.3559073507785797,-0.1623249500989914,0.9993829727172852,0.6620603799819946,0.4402950406074524,-0.070072703063488,0.9989114999771118,0.3771888017654419,0.39448851346969604,-0.29235535860061646,0.9977490305900574,0.5677288770675659,0.541763961315155,0.05269017815589905,0.9999951720237732,0.5264521241188049,0.5409859418869019,-0.05288022756576538,0.9999931454658508,0.6324024200439453,0.6833401322364807,0.03434997797012329,0.9970229864120483,0.5086835622787476,0.7078083753585815,-0.20648667216300964,0.999832272529602,0.6910077333450317,0.8414786458015442,0.09240985661745071,0.9991630911827087,0.42879319190979004,0.8180776834487915,-0.09532985836267471,0.9991596937179565,0.7326022982597351,0.8851961493492126,-0.033904463052749634,0.9993390440940857,0.4295949935913086,0.9122018814086914,-0.1789712905883789,0.9990237951278687
153,5.1,0.5462841391563416,0.2108512818813324,-0.21561792492866516,0.9999992847442627,0.5828866958618164,0.31245991587638855,0.004216502886265516,0.9999966621398926,0.5015230774879456,0.3042445182800293,-0.11283208429813385,0.999991238117218,0.6207028031349182,0.38859760761260986,0.027140548452734947,0.9970894455909729,0.4418187737464905,0.35586538910865784,-0.17167732119560242,0.9993728995323181,0.6615861058235168,0.43910446763038635,-0.0755518227815628,0.998822808265686,0.3771669268608093,0.3941293954849243,-0.29593580961227417,0.9976688623428345,0.5677483677864075,0.5415736436843872,0.052337706089019775,0.999995231628418,0.5261203050613403,0.5409398674964905,-0.05252819135785103,0.9999931454658508,0.6324741840362549,0.6843121647834778,0.03874598816037178,0.9970305562019348,0.5087915062904358,0.707800030708313,-0.2035224884748459,0.9998401403427124,0.6910091638565063,0.8409948348999023,0.0979110524058342,0.9992085695266724,0.42954811453819275,0.8163095116615295,-0.08396872133016586,0.9991940855979919,0.7323288917541504,0.883908748626709,-0.02644195221364498,0.9993719458580017,0.42964619398117065,0.9119439721107483,-0.16757065057754517,0.9990659356117249
154,5.133333333333334,0.5455019474029541,0.21062849462032318,-0.23310092091560364,0.9999992847442627,0.5828781127929688,0.31256163120269775,-0.01204872690141201,0.9999964833259583,0.5019193887710571,0.30410778522491455,-0.12723667919635773,0.9999907612800598,0.6211594939231873,0.38971278071403503,0.011022524908185005,0.9968684315681458,0.44210633635520935,0.35584890842437744,-0.18536153435707092,0.9993687272071838,0.6613514423370361,0.4387381374835968,-0.08961568772792816,0.9987135529518127,0.3770466446876526,0.394427627325058,-0.31133565306663513,0.9976133704185486,0.5676867961883545,0.5414663553237915,0.05215901881456375,0.9999952912330627,0.5261050462722778,0.5409172177314758,-0.05234997719526291,0.9999931454658508,0.6327463388442993,0.6853795647621155,0.0429399348795414,0.9970176219940186,0.5090633034706116,0.7076632976531982,-0.20134511590003967,0.9998466372489929,0.6910134553909302,0.8409484028816223,0.10541842877864838,0.9992481470108032,0.42977824807167053,0.81556236743927,-0.07479274272918701,0.9992226362228394,0.7321537137031555,0.8835928440093994,-0.019815076142549515,0.9994004964828491,0.4295505881309509,0.9115126132965088,-0.1603824645280838,0.9991015791893005
155,5.166666666666667,0.5451013445854187,0.20963574945926666,-0.22717180848121643,0.9999992847442627,0.5829411149024963,0.31274768710136414,-0.010108105838298798,0.9999963641166687,0.5021803975105286,0.30405330657958984,-0.1247185617685318,0.9999903440475464,0.6213933229446411,0.3900218605995178,0.012477046810090542,0.9966843724250793,0.44214075803756714,0.355783075094223,-0.18363089859485626,0.999366283416748,0.6611515283584595,0.438456654548645,-0.08774445205926895,0.9986307621002197,0.3769053816795349,0.394575834274292,-0.31115686893463135,0.9975667595863342,0.5675190091133118,0.5414196252822876,0.052113644778728485,0.9999953508377075,0.526124894618988,0.5408892631530762,-0.052302420139312744,0.9999932050704956,0.6327527761459351,0.6856168508529663,0.046655137091875076,0.9970473647117615,0.5092270970344543,0.7074221968650818,-0.19998124241828918,0.9998540282249451,0.6910035610198975,0.8407490849494934,0.11040110886096954,0.9992887377738953,0.42986637353897095,0.815236508846283,-0.07090527564287186,0.9992555379867554,0.7320274114608765,0.8835306167602539,-0.013167458586394787,0.99942946434021,0.4295275807380676,0.9112505316734314,-0.15580534934997559,0.9991394877433777
156,5.2,0.546671986579895,0.2088756114244461,-0.2263171374797821,0.9999992847442627,0.5831257700920105,0.31309887766838074,-0.009635980241000652,0.9999963641166687,0.5023206472396851,0.30391842126846313,-0.12268414348363876,0.9999902248382568,0.6215332746505737,0.39035874605178833,0.013057823292911053,0.9966070055961609,0.4421288073062897,0.35517504811286926,-0.18182766437530518,0.9993734955787659,0.6610097885131836,0.43864139914512634,-0.08677995949983597,0.99860680103302,0.3767860531806946,0.39426425099372864,-0.31028932332992554,0.9976017475128174,0.5672661066055298,0.5413380265235901,0.051875628530979156,0.9999954700469971,0.5258585214614868,0.5406329035758972,-0.05206121876835823,0.9999933838844299,0.6326120495796204,0.6851869821548462,0.045650504529476166,0.9971358776092529,0.5095286965370178,0.707112729549408,-0.20232459902763367,0.9998623132705688,0.6910158395767212,0.8407912254333496,0.10921747982501984,0.9993332624435425,0.42984479665756226,0.8150759935379028,-0.07037422060966492,0.9992923140525818,0.731998085975647,0.8841580748558044,-0.012636424973607063,0.9994625449180603,0.4295019209384918,0.9112791419029236,-0.15101918578147888,0.999183177947998
157,5.233333333333333,0.5468592047691345,0.2087441384792328,-0.22113101184368134,0.9999992847442627,0.5832104086875916,0.3132076561450958,-0.008859146386384964,0.9999963641166687,0.5019403696060181,0.30391421914100647,-0.1211901307106018,0.9999902844429016,0.6215082406997681,0.39037302136421204,0.01364954374730587,0.9965037107467651,0.4418603777885437,0.35516244173049927,-0.17926175892353058,0.9993858337402344,0.6609796285629272,0.43853873014450073,-0.08241573721170425,0.9985763430595398,0.37655311822891235,0.3941609263420105,-0.30541107058525085,0.9976626634597778,0.5672203898429871,0.5412743091583252,0.051087427884340286,0.9999955892562866,0.5255653858184814,0.540553092956543,-0.05127204582095146,0.9999935626983643,0.6325008869171143,0.6846620440483093,0.0435519777238369,0.9972051978111267,0.5097078084945679,0.7070174217224121,-0.20445747673511505,0.9998697638511658,0.6910613775253296,0.8407137393951416,0.1056479811668396,0.9993723630905151,0.429844468832016,0.8149042725563049,-0.0730537548661232,0.9993262887001038,0.7319775223731995,0.884425938129425,-0.015744656324386597,0.9994918704032898,0.4295155107975006,0.9113214015960693,-0.1534806191921234,0.9992241859436035
158,5.266666666666667,0.5467135906219482,0.20857715606689453,-0.21881425380706787,0.9999992847442627,0.5832289457321167,0.3132159411907196,-0.008425994776189327,0.9999963641166687,0.5017164349555969,0.3039281666278839,-0.1199631467461586,0.9999903440475464,0.6214824914932251,0.39040663838386536,0.01369620393961668,0.9964128136634827,0.4416883587837219,0.3552820384502411,-0.1785348504781723,0.999397337436676,0.6609422564506531,0.4384688138961792,-0.08245758712291718,0.9985522627830505,0.3762683868408203,0.3940844237804413,-0.30491137504577637,0.9977198839187622,0.567180871963501,0.5412331223487854,0.05034511163830757,0.9999957084655762,0.5253883600234985,0.5405371189117432,-0.050529975444078445,0.9999937415122986,0.6324299573898315,0.6843036413192749,0.042799003422260284,0.9972543716430664,0.509822428226471,0.7069032788276672,-0.20437774062156677,0.9998759031295776,0.6911013722419739,0.84058678150177,0.10388318449258804,0.9994058012962341,0.4298897683620453,0.8147992491722107,-0.07412626594305038,0.9993545413017273,0.7319663763046265,0.8846083879470825,-0.01843619905412197,0.9995171427726746,0.4295209050178528,0.9113491773605347,-0.1542452871799469,0.9992590546607971
159,5.3,0.5468431711196899,0.20833057165145874,-0.21027787029743195,0.9999992847442627,0.5831857919692993,0.3131949007511139,-0.003816623240709305,0.9999963641166687,0.5016112327575684,0.3039535582065582,-0.11313273012638092,0.9999904036521912,0.621426522731781,0.39037975668907166,0.01604567840695381,0.9963064193725586,0.4415508210659027,0.3554103970527649,-0.173593670129776,0.9994035959243774,0.6608760952949524,0.43836510181427,-0.08163666725158691,0.9985302686691284,0.376067191362381,0.3941413462162018,-0.3021168112754822,0.9977597594261169,0.5671268701553345,0.541211724281311,0.04996884614229202,0.9999958276748657,0.5252853631973267,0.5405147671699524,-0.05015401169657707,0.9999939203262329,0.6323824524879456,0.6840471625328064,0.04272923618555069,0.9973045587539673,0.5098909735679626,0.7068134546279907,-0.20545825362205505,0.9998816251754761,0.6911345720291138,0.840484619140625,0.10290341079235077,0.9994356036186218,0.4299747347831726,0.8146791458129883,-0.07503075152635574,0.9993798136711121,0.7319506406784058,0.8846702575683594,-0.01949152536690235,0.9995394349098206,0.42952919006347656,0.9113679528236389,-0.15474830567836761,0.9992898106575012
160,5.333333333333333,0.546913206577301,0.2079022228717804,-0.19943104684352875,0.9999992847442627,0.5831705331802368,0.3132418990135193,0.006840507499873638,0.9999964237213135,0.5014759302139282,0.30402669310569763,-0.10400108247995377,0.9999905228614807,0.6213836073875427,0.3903506398200989,0.019880328327417374,0.9962254166603088,0.4414446949958801,0.35553276538848877,-0.16960163414478302,0.9994117021560669,0.6608229875564575,0.4383130371570587,-0.08480321615934372,0.9985283613204956,0.37605711817741394,0.39403876662254333,-0.30246129631996155,0.9978112578392029,0.5670315623283386,0.5413014888763428,0.04996092617511749,0.9999959468841553,0.5252494215965271,0.5405229330062866,-0.05014616996049881,0.9999940991401672,0.6323407292366028,0.6839283108711243,0.04014081507921219,0.9973707795143127,0.5098031759262085,0.7067983150482178,-0.20652873814105988,0.999888002872467,0.6911702156066895,0.8404006361961365,0.10245426744222641,0.9994625449180603,0.4299601912498474,0.814798891544342,-0.07557372748851776,0.9994090795516968,0.7319203615188599,0.8847030401229858,-0.01969880983233452,0.9995601177215576,0.42953604459762573,0.9114241003990173,-0.15719598531723022,0.9993236660957336
161,5.366666666666666,0.5469413995742798,0.20742276310920715,-0.19318319857120514,0.9999992847442627,0.5831464529037476,0.3132639527320862,0.012516018934547901,0.9999964833259583,0.5014190077781677,0.304050475358963,-0.09901370108127594,0.9999906420707703,0.6213318705558777,0.3902720510959625,0.025069186463952065,0.9961521625518799,0.44135579466819763,0.3556041419506073,-0.16550099849700928,0.9994193911552429,0.6607158184051514,0.4381655752658844,-0.08442817628383636,0.9985299110412598,0.3760426342487335,0.3940262794494629,-0.301983505487442,0.997860312461853,0.5669493675231934,0.5413455367088318,0.04996507242321968,0.9999960660934448,0.5252076387405396,0.5405166745185852,-0.05015013739466667,0.9999942779541016,0.6323084831237793,0.6838293075561523,0.03858165070414543,0.9974333643913269,0.5097663402557373,0.7067565321922302,-0.2078825682401657,0.9998940229415894,0.6912024617195129,0.8403473496437073,0.10191817581653595,0.9994873404502869,0.42996644973754883,0.8148912191390991,-0.07677443325519562,0.9994361996650696,0.7319096326828003,0.884816586971283,-0.020209025591611862,0.9995791912078857,0.42954301834106445,0.9114342331886292,-0.15797732770442963,0.9993550181388855
162,5.4,0.5469192862510681,0.20712678134441376,-0.19301804900169373,0.9999992847442627,0.5831245183944702,0.31327325105667114,0.013273106887936592,0.999996542930603,0.5013900399208069,0.30407077074050903,-0.09805353730916977,0.9999907612800598,0.621289074420929,0.3901887536048889,0.026845091953873634,0.9960934519767761,0.44128912687301636,0.3556425869464874,-0.1644105315208435,0.9994259476661682,0.6605321168899536,0.43803679943084717,-0.08359409868717194,0.9985339045524597,0.37602874636650085,0.39401975274086,-0.30203312635421753,0.99790358543396,0.5668867826461792,0.5413497686386108,0.049966517835855484,0.9999961853027344,0.5251705050468445,0.5405019521713257,-0.050151556730270386,0.9999944567680359,0.6322842836380005,0.6837391257286072,0.036038778722286224,0.9974956512451172,0.5097635388374329,0.7066935300827026,-0.20920300483703613,0.9998995661735535,0.6912326812744141,0.8403352499008179,0.10145828872919083,0.9995101690292358,0.4299643039703369,0.81496262550354,-0.0788390189409256,0.9994612336158752,0.7319104671478271,0.8848755955696106,-0.020346254110336304,0.9995970129966736,0.429548978805542,0.911446213722229,-0.15964403748512268,0.9993842840194702
163,5.433333333333334,0.5685361623764038,0.21985411643981934,-0.18154244124889374,0.9999992847442627,0.6020704507827759,0.3266894221305847,0.016423122957348824,0.9999964833259583,0.5275635719299316,0.3028394877910614,-0.1000632494688034,0.9999894499778748,0.6244175434112549,0.4218669533729553,0.013190294615924358,0.9953234791755676,0.46506524085998535,0.3177330493927002,-0.17574910819530487,0.9993814826011658,0.6617947220802307,0.48734793066978455,-0.1110144853591919,0.9983253479003906,0.3953392207622528,0.3145778477191925,-0.29648154973983765,0.9974536895751953,0.5781797766685486,0.5476779937744141,0.0523410364985466,0.9999962449073792,0.5480809211730957,0.542794942855835,-0.05248376727104187,0.9999944567680359,0.635915219783783,0.6983010768890381,0.06411460041999817,0.9973630309104919,0.5234314799308777,0.7061454653739929,-0.21348612010478973,0.9999051094055176,0.6901968717575073,0.853810727596283,0.10681959241628647,0.999535322189331,0.44130316376686096,0.8123941421508789,-0.10283521562814713,0.9994922876358032,0.7329975962638855,0.896938145160675,-0.01124636922031641,0.9996166229248047,0.43071413040161133,0.9100341200828552,-0.18020710349082947,0.999419629573822
164,5.466666666666667,0.5771299600601196,0.22002610564231873,-0.11027906090021133,0.9999991655349731,0.6070395708084106,0.3291949927806854,0.03711151331663132,0.9999963641166687,0.5298796892166138,0.30005788803100586,-0.0838681012392044,0.9999887347221375,0.6260362863540649,0.4270389676094055,0.010966507717967033,0.9922623634338379,0.46811532974243164,0.3119482100009918,-0.16106070578098297,0.9992668628692627,0.6616561412811279,0.49183595180511475,-0.11616573482751846,0.9965290427207947,0.40029725432395935,0.3071073293685913,-0.2587569057941437,0.9960925579071045,0.5792074799537659,0.5484611392021179,0.052481066435575485,0.9999963045120239,0.5529543161392212,0.5427623987197876,-0.05260957032442093,0.9999946355819702,0.636079728603363,0.6994253993034363,0.061866335570812225,0.9961187839508057,0.5249541997909546,0.7061468362808228,-0.19133029878139496,0.9998980760574341,0.689158022403717,0.8581197261810303,0.09069719910621643,0.9994614720344543,0.4419556260108948,0.8123006224632263,-0.10647895187139511,0.999474287033081,0.733688235282898,0.899908721446991,-0.020568763837218285,0.9995608329772949,0.4332513213157654,0.9093941450119019,-0.18783137202262878,0.9993909597396851
165,5.5,0.5750976800918579,0.22570744156837463,0.15477409958839417,0.9999950528144836,0.5356782674789429,0.30974096059799194,0.08594717085361481,0.9999963641166687,0.5954098701477051,0.3145431578159332,-0.04863442853093147,0.9999890923500061,0.4738157391548157,0.32420146465301514,0.04342460259795189,0.9929776191711426,0.6224104166030884,0.419197678565979,-0.11434517055749893,0.9991028308868408,0.40154212713241577,0.31933659315109253,-0.02007601037621498,0.9968090653419495,0.6531059741973877,0.4772636294364929,-0.13100163638591766,0.9895886778831482,0.5779350399971008,0.548921525478363,0.06753658503293991,0.9999966025352478,0.5611529350280762,0.5450863838195801,-0.06772854924201965,0.9999950528144836,0.6358242034912109,0.7005049586296082,0.07627008855342865,0.9944459795951843,0.5252915620803833,0.7060242295265198,-0.126604825258255,0.9998846650123596,0.6889375448226929,0.8597434759140015,0.1337115466594696,0.9992311596870422,0.4426131844520569,0.8118975162506104,-0.0707969218492508,0.9992678165435791,0.7336597442626953,0.899273157119751,0.07630003988742828,0.9993223547935486,0.43326812982559204,0.9074225425720215,-0.11467937380075455,0.9990885257720947
166,5.533333333333333,0.5764982104301453,0.22356510162353516,-0.041640300303697586,0.9999953508377075,0.5970817804336548,0.32437849044799805,0.05215511471033096,0.9999961853027344,0.5618830919265747,0.307558536529541,-0.06708650290966034,0.999988317489624,0.6086947917938232,0.41108575463294983,0.023550432175397873,0.9904206991195679,0.5233354568481445,0.32882240414619446,-0.13698337972164154,0.9989836812019348,0.6356109380722046,0.4713119864463806,-0.10124944150447845,0.9955689311027527,0.43314558267593384,0.3225648105144501,-0.21256224811077118,0.9890888333320618,0.5808226466178894,0.5487648248672485,0.06025126576423645,0.9999966025352478,0.5566206574440002,0.544732391834259,-0.060370128601789474,0.9999950528144836,0.6357683539390564,0.7011446356773376,0.06997238844633102,0.9934187531471252,0.5263772010803223,0.7058599591255188,-0.15822166204452515,0.9998749494552612,0.6889955997467041,0.8615505695343018,0.09462609142065048,0.9991623759269714,0.44309186935424805,0.8114712834358215,-0.09585539996623993,0.9992419481277466,0.7343176007270813,0.8999698162078857,-0.004169105552136898,0.9992801547050476,0.43347233533859253,0.9075374007225037,-0.16334891319274902,0.9990662336349487
167,5.566666666666666,0.5762588381767273,0.22233159840106964,-0.1272544264793396,0.9999956488609314,0.6056619882583618,0.32737016677856445,0.00770519208163023,0.9999963045120239,0.5465947389602661,0.3037550747394562,-0.11582385003566742,0.9999880194664001,0.6247485876083374,0.423408180475235,-0.0138657595962286,0.9897531867027283,0.48659199476242065,0.31474706530570984,-0.19041971862316132,0.9989979267120361,0.6576664447784424,0.4896393120288849,-0.13256320357322693,0.9953847527503967,0.4026440978050232,0.30824652314186096,-0.29033154249191284,0.9894871711730957,0.5798130035400391,0.5486856698989868,0.06007198244333267,0.999996542930603,0.5577326416969299,0.544582724571228,-0.06027599424123764,0.9999949932098389,0.6356365084648132,0.7005376219749451,0.06449518352746964,0.9931517839431763,0.526710569858551,0.7053756713867188,-0.1770319640636444,0.9998763799667358,0.689024806022644,0.8618720173835754,0.09486023336648941,0.9991680979728699,0.44376736879348755,0.8101271986961365,-0.0953189805150032,0.9992560744285583,0.7347947359085083,0.900486409664154,-0.011477378197014332,0.9992926120758057,0.4336211085319519,0.9062138199806213,-0.16566616296768188,0.9990882277488708
168,5.6,0.5806346535682678,0.22152628004550934,-0.15695925056934357,0.9999958276748657,0.6072574853897095,0.3284335732460022,0.012579384259879589,0.9999961256980896,0.5396504402160645,0.30116209387779236,-0.10794887691736221,0.9999861121177673,0.6276529431343079,0.42802026867866516,-0.0021963713224977255,0.9889645576477051,0.4756702482700348,0.31308338046073914,-0.18017719686031342,0.9988664984703064,0.6619507074356079,0.49443554878234863,-0.11440204083919525,0.9951428771018982,0.39730632305145264,0.30709660053253174,-0.29202204942703247,0.9885833859443665,0.5827072858810425,0.5485314726829529,0.05840063840150833,0.9999963045120239,0.5542539954185486,0.5440022945404053,-0.05858200043439865,0.9999946355819702,0.6355026960372925,0.6996564865112305,0.0623803548514843,0.9919021129608154,0.5273956060409546,0.7053502202033997,-0.18999552726745605,0.9998638033866882,0.6890684366226196,0.8622076511383057,0.09592466056346893,0.9990801811218262,0.4431785047054291,0.8102529048919678,-0.10864140838384628,0.9992256760597229,0.7350265383720398,0.900969386100769,-0.015335217118263245,0.9992395043373108,0.4337237477302551,0.905995786190033,-0.19234368205070496,0.999064028263092
169,5.633333333333334,0.6102326512336731,0.22709596157073975,-0.050689369440078735,0.9999960064888,0.62592613697052,0.3447132706642151,0.10761336982250214,0.9999959468841553,0.564699113368988,0.29956015944480896,-0.052396517246961594,0.9999866485595703,0.6344012022018433,0.4694099426269531,0.07281608879566193,0.9591391682624817,0.5001522302627563,0.26209756731987,-0.11988683044910431,0.9988468885421753,0.6672843098640442,0.5347414016723633,-0.06294890493154526,0.9827408790588379,0.4364125728607178,0.22177690267562866,-0.1922151893377304,0.9883341789245605,0.593553900718689,0.5484100580215454,0.061603836715221405,0.9999964833259583,0.5661592483520508,0.537629246711731,-0.061637215316295624,0.9999950528144836,0.6355441212654114,0.701180100440979,0.08158604800701141,0.987846314907074,0.5421581864356995,0.7054407596588135,-0.1909882128238678,0.9998729825019836,0.6862338185310364,0.8610665798187256,0.12069427967071533,0.9988868832588196,0.4509279131889343,0.8130656480789185,-0.1658887267112732,0.9992898106575012,0.7350023984909058,0.9007379412651062,0.01668979600071907,0.999174952507019,0.4498074948787689,0.9117457270622253,-0.26875820755958557,0.999140202999115
170,5.666666666666667,0.6180044412612915,0.230320543050766,-0.044309429824352264,0.9999963045120239,0.6292130351066589,0.34838610887527466,0.11565234512090683,0.9999960064888,0.5694552063941956,0.2989678978919983,-0.05929235368967056,0.9999871850013733,0.6360403299331665,0.476237028837204,0.11773183196783066,0.9528515338897705,0.5095673203468323,0.25864720344543457,-0.1670733392238617,0.9988491535186768,0.6721025109291077,0.5455712080001831,0.03479273244738579,0.9808589220046997,0.4477223753929138,0.21743819117546082,-0.2979159653186798,0.98804771900177,0.5940049290657043,0.5499528050422668,0.06708991527557373,0.9999966025352478,0.5669410228729248,0.5369697213172913,-0.06704054772853851,0.9999954104423523,0.6355417370796204,0.7022892832756042,0.11326327174901962,0.9847582578659058,0.5468143820762634,0.7052922248840332,-0.20839783549308777,0.9998822808265686,0.6830755472183228,0.8606783747673035,0.16056859493255615,0.9987612366676331,0.4537442624568939,0.8134613037109375,-0.20253244042396545,0.9993529319763184,0.7318752408027649,0.9006872177124023,0.05422794818878174,0.9991351366043091,0.45321255922317505,0.9129801988601685,-0.3179745376110077,0.9992149472236633
171,5.7,0.6203141212463379,0.23390839993953705,-0.07360605895519257,0.9999966025352478,0.6288449764251709,0.3507114052772522,0.1112930029630661,0.9999960064888,0.5687332153320312,0.29751652479171753,-0.06467282027006149,0.9999880194664001,0.6361286044120789,0.4769335091114044,0.13395527005195618,0.9471197128295898,0.5092435479164124,0.25840359926223755,-0.19857054948806763,0.9989057779312134,0.6723983287811279,0.5477159023284912,0.06619353592395782,0.979822039604187,0.44952574372291565,0.22480924427509308,-0.3342113494873047,0.9887568950653076,0.594542920589447,0.5516827702522278,0.0720534473657608,0.9999966621398926,0.5675570368766785,0.537117063999176,-0.07200637459754944,0.9999957084655762,0.6357889771461487,0.7057063579559326,0.12980884313583374,0.9826951622962952,0.5468654036521912,0.705280065536499,-0.22608625888824463,0.9998917579650879,0.6827812194824219,0.8602797389030457,0.1953808069229126,0.9986457228660583,0.452909380197525,0.814872145652771,-0.22224107384681702,0.999411940574646,0.731609046459198,0.9006350040435791,0.0931655615568161,0.9991007447242737,0.4515892565250397,0.9147133827209473,-0.3430100381374359,0.999285101890564
172,5.733333333333333,0.6200699806213379,0.23312009871006012,-0.07920806109905243,0.9999969005584717,0.6289933323860168,0.3514271080493927,0.09728670865297318,0.9999961853027344,0.568995475769043,0.2974913716316223,-0.07747700065374374,0.9999887347221375,0.6356545090675354,0.47810274362564087,0.11027516424655914,0.9456664323806763,0.5068947076797485,0.2581864297389984,-0.1947244554758072,0.9989646077156067,0.6722533702850342,0.5471978783607483,0.027724523097276688,0.9800941944122314,0.4478519856929779,0.223907470703125,-0.31567028164863586,0.9893700480461121,0.5943461656570435,0.5516507625579834,0.07186999917030334,0.9999967217445374,0.5683773756027222,0.537131130695343,-0.07182413339614868,0.9999959468841553,0.6359351873397827,0.7060026526451111,0.1257888674736023,0.9805921316146851,0.547000527381897,0.7052570581436157,-0.21591588854789734,0.9998995065689087,0.6827839612960815,0.8592773675918579,0.18139179050922394,0.9985420107841492,0.45333343744277954,0.8162721991539001,-0.19515623152256012,0.9994634389877319,0.7301831245422363,0.9002773761749268,0.07365523278713226,0.9990821480751038,0.4517157971858978,0.9149384498596191,-0.31297141313552856,0.9993466138839722
173,5.766666666666667,0.6164706349372864,0.23192352056503296,-0.08337943255901337,0.9999971389770508,0.6297775506973267,0.3513849973678589,0.10077250003814697,0.9999961853027344,0.5690309405326843,0.2972019612789154,-0.07475154846906662,0.9999892115592957,0.6356807947158813,0.4782670736312866,0.10876165330410004,0.9425621628761292,0.506225049495697,0.25665393471717834,-0.18443450331687927,0.9989937543869019,0.6729622483253479,0.5460562705993652,0.014492645859718323,0.9801961183547974,0.4476372301578522,0.22308194637298584,-0.3013036847114563,0.9897410869598389,0.5942665338516235,0.551723837852478,0.07070119678974152,0.9999967217445374,0.5683287382125854,0.537141740322113,-0.07067234814167023,0.9999961256980896,0.6361421942710876,0.7069568037986755,0.11739280074834824,0.9781612753868103,0.5465929508209229,0.7053365111351013,-0.21256867051124573,0.9999057054519653,0.6829091310501099,0.8590199947357178,0.1841507852077484,0.9983628392219543,0.4531978666782379,0.8166343569755554,-0.18042181432247162,0.9995071887969971,0.7298287153244019,0.9000195860862732,0.0790882557630539,0.9990218877792358,0.45223578810691833,0.9156395792961121,-0.2958741784095764,0.9993983507156372
174,5.8,0.6161863803863525,0.2311474084854126,-0.075041264295578,0.9999973773956299,0.62948077917099,0.351049542427063,0.10875967890024185,0.9999962449073792,0.5689005851745605,0.29711422324180603,-0.06884042918682098,0.9999896883964539,0.6359471678733826,0.4777444303035736,0.11796432733535767,0.940825879573822,0.5066671371459961,0.2569020092487335,-0.17987492680549622,0.999021589756012,0.6736978888511658,0.5463607311248779,0.0267963670194149,0.9804792404174805,0.4480832517147064,0.223479226231575,-0.2954109311103821,0.9902142286300659,0.5952321290969849,0.5519571900367737,0.07049796730279922,0.9999967217445374,0.5682331323623657,0.5370743870735168,-0.07046988606452942,0.9999963045120239,0.6362702250480652,0.7088484168052673,0.11747109889984131,0.9758408069610596,0.5470272302627563,0.7053341269493103,-0.2138434201478958,0.9999111294746399,0.6829943060874939,0.8588634729385376,0.18214352428913116,0.9981704950332642,0.45363131165504456,0.8166216611862183,-0.19089020788669586,0.9995455741882324,0.7296741008758545,0.8998180627822876,0.07780489325523376,0.9989508390426636,0.45291733741760254,0.9158235192298889,-0.30734458565711975,0.9994434118270874
175,5.833333333333333,0.6162914037704468,0.23076334595680237,-0.05800408869981766,0.9999975562095642,0.629282534122467,0.35109469294548035,0.12043996900320053,0.9999963045120239,0.5687675476074219,0.2970736622810364,-0.06153125315904617,0.9999901652336121,0.6357048749923706,0.4778364300727844,0.13141688704490662,0.9402236342430115,0.5061956644058228,0.2561894655227661,-0.1788211464881897,0.9990425109863281,0.6737818717956543,0.5459714531898499,0.044117897748947144,0.980858564376831,0.4481864869594574,0.22433346509933472,-0.29843100905418396,0.9905152320861816,0.5952175259590149,0.5519087314605713,0.07105221599340439,0.9999967217445374,0.5679344534873962,0.5368143320083618,-0.07101959735155106,0.9999964237213135,0.6362531781196594,0.7087001204490662,0.1153649091720581,0.9727410078048706,0.5473088026046753,0.7052688002586365,-0.21576979756355286,0.9999150633811951,0.6827623844146729,0.8587144017219543,0.1700519174337387,0.9979032278060913,0.45396727323532104,0.8166457414627075,-0.20446765422821045,0.9995771646499634,0.7294420599937439,0.8993055820465088,0.06382501125335693,0.9988434910774231,0.45377907156944275,0.9163551330566406,-0.32269322872161865,0.9994798302650452
176,5.866666666666666,0.61622154712677,0.23049189150333405,-0.037940267473459244,0.9999977350234985,0.629328727722168,0.3512168526649475,0.13990840315818787,0.9999963045120239,0.5688685178756714,0.2970021665096283,-0.04856611043214798,0.9999905228614807,0.6355541348457336,0.4779888093471527,0.15302270650863647,0.9381754994392395,0.5061001777648926,0.25594910979270935,-0.17335261404514313,0.9990370869636536,0.6737257242202759,0.5455095767974854,0.06703934073448181,0.9809015989303589,0.4484923481941223,0.22422531247138977,-0.3036704659461975,0.9906448125839233,0.5952906012535095,0.5518754124641418,0.07219544053077698,0.9999967217445374,0.5676862001419067,0.5365699529647827,-0.07216311246156693,0.999996542930603,0.6362530589103699,0.7094611525535583,0.11701636016368866,0.969433605670929,0.5471256971359253,0.7050654292106628,-0.21468086540699005,0.9999184012413025,0.682883083820343,0.8584518432617188,0.1685141921043396,0.9975948333740234,0.4537968635559082,0.8168443441390991,-0.20915517210960388,0.999605119228363,0.72951740026474,0.8990846276283264,0.06387664377689362,0.9987107515335083,0.45436400175094604,0.9167776107788086,-0.32690683007240295,0.9995110630989075
177,5.9,0.615695595741272,0.2303396463394165,-0.05249467492103577,0.9999979138374329,0.6295033693313599,0.35166794061660767,0.12666179239749908,0.9999963045120239,0.5691279172897339,0.29700967669487,-0.054163139313459396,0.9999908208847046,0.6354297399520874,0.4786248505115509,0.13588570058345795,0.9370554685592651,0.5064224004745483,0.25620004534721375,-0.17518125474452972,0.9990450739860535,0.6738196015357971,0.5457216501235962,0.0462561659514904,0.981156051158905,0.4487752914428711,0.22422721982002258,-0.3151995539665222,0.9908959865570068,0.5958101153373718,0.5519995093345642,0.07161072641611099,0.9999966621398926,0.5675886869430542,0.5363950729370117,-0.0715845599770546,0.9999966025352478,0.6362752318382263,0.7099860906600952,0.11669503152370453,0.9676092863082886,0.5471002459526062,0.7048268914222717,-0.21340839564800262,0.999921977519989,0.6829181909561157,0.8582685589790344,0.17400579154491425,0.9974311590194702,0.4537527561187744,0.816815197467804,-0.19977237284183502,0.9996320009231567,0.7295740246772766,0.8988721966743469,0.07036230713129044,0.9986349940299988,0.4540835916996002,0.9168714880943298,-0.3159570097923279,0.9995416402816772
178,5.933333333333334,0.6154602766036987,0.23039613664150238,-0.058306772261857986,0.9999980330467224,0.6297873854637146,0.3519078195095062,0.11606087535619736,0.9999963045120239,0.5690337419509888,0.2970242202281952,-0.058585017919540405,0.9999909996986389,0.6353304982185364,0.4789533019065857,0.12327943742275238,0.9365851283073425,0.5062304735183716,0.25621160864830017,-0.17642606794834137,0.9990599155426025,0.6736471056938171,0.545617938041687,0.031997427344322205,0.9814559817314148,0.44842877984046936,0.22452670335769653,-0.31332477927207947,0.991122841835022,0.5961440205574036,0.5520607233047485,0.0712866336107254,0.9999966025352478,0.5674354434013367,0.5362195372581482,-0.0712750107049942,0.9999966621398926,0.6362975835800171,0.7098767757415771,0.11517001688480377,0.9663572907447815,0.5470848083496094,0.7044558525085449,-0.2124367207288742,0.9999250769615173,0.6829275488853455,0.8581183552742004,0.1749422401189804,0.9973337650299072,0.4539860785007477,0.8163414597511292,-0.19220688939094543,0.999655544757843,0.729613184928894,0.8987269997596741,0.07031810283660889,0.9985908269882202,0.45348280668258667,0.9166756272315979,-0.3059765100479126,0.9995690584182739
179,5.966666666666667,0.6154904961585999,0.23053239285945892,-0.05446720868349075,0.999998152256012,0.6297954320907593,0.35188978910446167,0.1208403930068016,0.9999962449073792,0.5690344572067261,0.29704010486602783,-0.05174196511507034,0.9999911189079285,0.6352325081825256,0.4789999723434448,0.12415013462305069,0.9347982406616211,0.5061986446380615,0.2562728226184845,-0.16891014575958252,0.9990556240081787,0.6735288500785828,0.5455374121665955,0.03028297796845436,0.9812725782394409,0.4482034146785736,0.22465504705905914,-0.311766654253006,0.9911230206489563,0.596009373664856,0.5520466566085815,0.07098489999771118,0.999996542930603,0.5673071146011353,0.5359914898872375,-0.07097969949245453,0.9999967217445374,0.6364626884460449,0.7100917100906372,0.11352958530187607,0.9645434617996216,0.5471343994140625,0.7042236924171448,-0.21221932768821716,0.9999276399612427,0.6829793453216553,0.8581422567367554,0.17478618025779724,0.9972045421600342,0.4544914662837982,0.8159346580505371,-0.19825057685375214,0.9996766448020935,0.7298201322555542,0.8986055254936218,0.06896956264972687,0.998529851436615,0.45315879583358765,0.9166556596755981,-0.3135719299316406,0.9995932579040527
180,6.0,0.6151160001754761,0.23061203956604004,-0.04517337679862976,0.9999982118606567,0.6300755739212036,0.35167449712753296,0.1302037537097931,0.9999960660934448,0.5690277218818665,0.2970539629459381,-0.04069466143846512,0.9999911189079285,0.635482132434845,0.478789746761322,0.13267502188682556,0.9283782243728638,0.5062578916549683,0.2570997178554535,-0.15259751677513123,0.9990165829658508,0.6736278533935547,0.5457977056503296,0.03969575837254524,0.9791441559791565,0.4484066367149353,0.2255532443523407,-0.2853110134601593,0.9907573461532593,0.5959261655807495,0.5519235134124756,0.07087494432926178,0.9999964833259583,0.567184329032898,0.5355465412139893,-0.0708744078874588,0.9999967813491821,0.6364789605140686,0.7099454402923584,0.1052098274230957,0.9621517658233643,0.547522246837616,0.7040084600448608,-0.21308700740337372,0.9999294281005859,0.6829286813735962,0.8582290410995483,0.14874783158302307,0.9970376491546631,0.454610675573349,0.8152828812599182,-0.20759078860282898,0.9996946454048157,0.729838490486145,0.8985010981559753,0.04287732020020485,0.9984487295150757,0.45290255546569824,0.9162095785140991,-0.3224264085292816,0.9996131658554077
181,6.033333333333333,0.6149237155914307,0.23061662912368774,-0.048973485827445984,0.9999982714653015,0.6302093863487244,0.35147103667259216,0.12659648060798645,0.9999958872795105,0.5690836906433105,0.2971007227897644,-0.04290209710597992,0.9999911189079285,0.6355603933334351,0.47853028774261475,0.12895436584949493,0.9231373071670532,0.5065101385116577,0.2576158940792084,-0.15378333628177643,0.9989923238754272,0.673664391040802,0.5458507537841797,0.035546377301216125,0.9774842858314514,0.4487474858760834,0.22583571076393127,-0.2855992317199707,0.9905434846878052,0.5959070920944214,0.5518249273300171,0.07076095044612885,0.9999964237213135,0.5671544075012207,0.535298764705658,-0.07075638324022293,0.9999968409538269,0.6364701986312866,0.7099219560623169,0.10240133851766586,0.9600324630737305,0.5477848649024963,0.7039651870727539,-0.21277563273906708,0.9999309182167053,0.6829015016555786,0.8581928610801697,0.14652878046035767,0.996890127658844,0.45458871126174927,0.8150854110717773,-0.2061469852924347,0.9997107982635498,0.729849100112915,0.8984307050704956,0.04046691954135895,0.9983808398246765,0.4527432918548584,0.9161055088043213,-0.3216155469417572,0.9996315240859985
182,6.066666666666666,0.6149961948394775,0.23059996962547302,-0.05198691412806511,0.9999983310699463,0.6302341222763062,0.3513244092464447,0.1239299401640892,0.999995768070221,0.569183349609375,0.29717856645584106,-0.04476580396294594,0.9999911785125732,0.6356592774391174,0.4781478941440582,0.12711113691329956,0.9184426069259644,0.5067897439002991,0.25795841217041016,-0.1548781841993332,0.998974084854126,0.6736937761306763,0.5458561182022095,0.034713469445705414,0.9760090112686157,0.44898390769958496,0.226002499461174,-0.2863365411758423,0.9904312491416931,0.5958815217018127,0.5516765713691711,0.0705704540014267,0.9999964237213135,0.5671391487121582,0.5350647568702698,-0.07056248188018799,0.9999969005584717,0.6364673376083374,0.7098776698112488,0.10129594802856445,0.9582043290138245,0.5478525757789612,0.7038970589637756,-0.21253558993339539,0.9999324679374695,0.6828771829605103,0.858150839805603,0.14639584720134735,0.9967685341835022,0.4547367990016937,0.8147820234298706,-0.20694021880626678,0.9997261166572571,0.7298661470413208,0.8983958959579468,0.040297266095876694,0.9983274936676025,0.4527054727077484,0.915867805480957,-0.3228113651275635,0.9996492266654968
183,6.1,0.6150804162025452,0.23057928681373596,-0.052537642419338226,0.9999983906745911,0.6302400231361389,0.3512249290943146,0.12355826050043106,0.9999956488609314,0.5692466497421265,0.2972390949726105,-0.045335084199905396,0.9999911785125732,0.6357595324516296,0.4778915047645569,0.12783759832382202,0.9145787954330444,0.5069237947463989,0.2582195997238159,-0.1558333933353424,0.9989564418792725,0.6737493872642517,0.5460044145584106,0.03697310388088226,0.9748764634132385,0.4491502344608307,0.2262720912694931,-0.28741878271102905,0.9903501868247986,0.5958728790283203,0.5515639185905457,0.07053754478693008,0.9999964237213135,0.567135214805603,0.534893810749054,-0.07052666693925858,0.9999969601631165,0.6364649534225464,0.709829568862915,0.10158753395080566,0.956787109375,0.5478736162185669,0.7038543224334717,-0.21249035000801086,0.9999342560768127,0.6828632354736328,0.8581154942512512,0.148456871509552,0.9966833591461182,0.4547683596611023,0.8145783543586731,-0.20651960372924805,0.9997408390045166,0.7299166321754456,0.8983503580093384,0.04242488369345665,0.9982882142066956,0.4526737332344055,0.9156450629234314,-0.32201021909713745,0.9996662735939026
184,6.133333333333334,0.6150692701339722,0.230549618601799,-0.053923945873975754,0.9999984502792358,0.6302536725997925,0.35116681456565857,0.12241742759943008,0.9999955892562866,0.5693654417991638,0.297285258769989,-0.04715084284543991,0.999991238117218,0.635850191116333,0.477701872587204,0.1287885159254074,0.9117590188980103,0.507003128528595,0.25839969515800476,-0.15841975808143616,0.9989534020423889,0.6737701892852783,0.5460928678512573,0.04079275205731392,0.9740894436836243,0.44917839765548706,0.2264244109392166,-0.2954781651496887,0.9903993010520935,0.5958560705184937,0.5515227317810059,0.07029877603054047,0.9999964237213135,0.5671144127845764,0.53482586145401,-0.07028912007808685,0.9999970197677612,0.6364695429801941,0.70976322889328,0.1024332046508789,0.9560171961784363,0.54786217212677,0.7038304805755615,-0.2124466896057129,0.9999364018440247,0.682850182056427,0.8580872416496277,0.14960816502571106,0.9966387748718262,0.45477014780044556,0.8144876956939697,-0.206247016787529,0.9997554421424866,0.7299833297729492,0.8983210325241089,0.04457595571875572,0.9982687830924988,0.45267707109451294,0.9155042767524719,-0.3218391239643097,0.9996834397315979
185,6.166666666666667,0.6149925589561462,0.23052753508090973,-0.052193813025951385,0.9999985098838806,0.6302188634872437,0.3511504530906677,0.12729790806770325,0.9999954700469971,0.5694676637649536,0.29733192920684814,-0.04604000598192215,0.9999912977218628,0.6359208822250366,0.4774945080280304,0.13602550327777863,0.9073758721351624,0.5070415139198303,0.25856098532676697,-0.15850621461868286,0.9989437460899353,0.6738002300262451,0.5461375117301941,0.04953927546739578,0.9728682637214661,0.4492012560367584,0.22668969631195068,-0.2952892780303955,0.9904272556304932,0.5958467721939087,0.5514526963233948,0.07011933624744415,0.9999964237213135,0.5671047568321228,0.5347489714622498,-0.0701085552573204,0.999997079372406,0.6364681720733643,0.709704577922821,0.1025640144944191,0.9544726610183716,0.547873854637146,0.7038029432296753,-0.21375493705272675,0.9999379515647888,0.6828540563583374,0.8580641150474548,0.14968281984329224,0.9965300559997559,0.4547674059867859,0.8144283890724182,-0.2116517722606659,0.9997674226760864,0.7301190495491028,0.8982726335525513,0.044823139905929565,0.9982196092605591,0.45269298553466797,0.9154133200645447,-0.3275424540042877,0.999697208404541
186,6.2,0.6149004697799683,0.230508491396904,-0.05574715882539749,0.9999985694885254,0.6302264928817749,0.35117483139038086,0.12568610906600952,0.9999954104423523,0.5695003867149353,0.2973773181438446,-0.046547066420316696,0.9999913573265076,0.6359587907791138,0.47736552357673645,0.1329585313796997,0.9042069315910339,0.5070500373840332,0.25864657759666443,-0.15943144261837006,0.9989389777183533,0.6738095283508301,0.5461869835853577,0.04532165452837944,0.9719801545143127,0.44913262128829956,0.2267789989709854,-0.2967901825904846,0.9904465675354004,0.5958293676376343,0.5514048337936401,0.0700102299451828,0.9999964237213135,0.5670832395553589,0.5347115397453308,-0.06999995559453964,0.9999971389770508,0.6364672780036926,0.7096490859985352,0.10265053808689117,0.9536886811256409,0.5478693246841431,0.7037792801856995,-0.2137007713317871,0.9999396204948425,0.6828550100326538,0.8580467104911804,0.1502569615840912,0.9964851140975952,0.45476484298706055,0.8143835067749023,-0.20977094769477844,0.9997790455818176,0.7302115559577942,0.8982275128364563,0.04521521180868149,0.9982019662857056,0.45270413160324097,0.915340781211853,-0.3257027268409729,0.9997109770774841
187,6.233333333333333,0.6148266792297363,0.2304975986480713,-0.06293953210115433,0.9999986290931702,0.6302207708358765,0.3511768877506256,0.12265749275684357,0.9999952912330627,0.5695091485977173,0.29741573333740234,-0.04869389906525612,0.9999914169311523,0.6359856128692627,0.47725749015808105,0.1312807947397232,0.9006497859954834,0.5070741176605225,0.25872334837913513,-0.16234645247459412,0.9989284873008728,0.6737936735153198,0.5462150573730469,0.04456891864538193,0.9708714485168457,0.44910794496536255,0.2268926054239273,-0.29978182911872864,0.9903988242149353,0.5958199501037598,0.5513328909873962,0.06999318301677704,0.9999964237213135,0.5670676231384277,0.5346572995185852,-0.06998343020677567,0.9999971985816956,0.6364661455154419,0.7095910906791687,0.10273219645023346,0.9530088305473328,0.5478764772415161,0.7037543058395386,-0.21360385417938232,0.9999409914016724,0.6828582286834717,0.8580360412597656,0.1503072828054428,0.9964543581008911,0.45477572083473206,0.8143447041511536,-0.20826101303100586,0.9997894167900085,0.7303062081336975,0.8981883525848389,0.0454743355512619,0.9981903433799744,0.4527343213558197,0.9152739644050598,-0.32437723875045776,0.9997233748435974
188,6.266666666666667,0.6147855520248413,0.23048557341098785,-0.06717129796743393,0.9999986886978149,0.6301963329315186,0.3511786460876465,0.12100706994533539,0.9999951720237732,0.5695393085479736,0.29744938015937805,-0.051654696464538574,0.9999914765357971,0.635993480682373,0.4771895110607147,0.13048437237739563,0.8966809511184692,0.5071609616279602,0.2587975263595581,-0.16552481055259705,0.9989242553710938,0.67378830909729,0.5462321639060974,0.042392030358314514,0.9697161316871643,0.4490783214569092,0.22695696353912354,-0.3028717041015625,0.9904197454452515,0.5958150029182434,0.5512973666191101,0.06989254802465439,0.9999963641166687,0.5670561790466309,0.5346406102180481,-0.06988254934549332,0.9999971985816956,0.6364660263061523,0.709534764289856,0.10286831855773926,0.9524881839752197,0.5478874444961548,0.7037372589111328,-0.21357432007789612,0.9999424815177917,0.6828593611717224,0.8580275774002075,0.15127989649772644,0.9964331984519958,0.45478424429893494,0.8143264651298523,-0.20755240321159363,0.9997993111610413,0.730356752872467,0.898157000541687,0.04637693613767624,0.9981834292411804,0.452751487493515,0.9152520298957825,-0.32365357875823975,0.9997351765632629
189,6.3,0.6147716045379639,0.23048625886440277,-0.06884858012199402,0.9999987483024597,0.6301974058151245,0.35119307041168213,0.1191544309258461,0.9999950528144836,0.5695687532424927,0.2975007891654968,-0.052205346524715424,0.9999915361404419,0.6359996199607849,0.47712910175323486,0.12896138429641724,0.8936551213264465,0.5072063207626343,0.2588544487953186,-0.16553333401679993,0.9989181160926819,0.6737590432167053,0.5462242364883423,0.04148036241531372,0.9689059853553772,0.44905027747154236,0.22702708840370178,-0.3021175265312195,0.9904130101203918,0.5958117246627808,0.5512634515762329,0.06976412236690521,0.9999963045120239,0.5670454502105713,0.5346234440803528,-0.06975360214710236,0.9999971985816956,0.6364661455154419,0.7094908952713013,0.10285855829715729,0.951941967010498,0.5478813648223877,0.7037166953086853,-0.21354445815086365,0.9999434947967529,0.6828583478927612,0.858029842376709,0.15145590901374817,0.9964026808738708,0.4547734260559082,0.8143198490142822,-0.20697101950645447,0.9998073577880859,0.7304030656814575,0.898130476474762,0.046501524746418,0.9981724619865417,0.45275554060935974,0.9152215123176575,-0.3228234052658081,0.9997448921203613
190,6.333333333333333,0.6147156357765198,0.2304867058992386,-0.07123984396457672,0.9999987483024597,0.6301893591880798,0.3512227237224579,0.11745055019855499,0.9999949932098389,0.5696037411689758,0.2975533902645111,-0.053386371582746506,0.9999915957450867,0.6360087394714355,0.47707825899124146,0.12725163996219635,0.8905996680259705,0.5072644352912903,0.25890403985977173,-0.1658349335193634,0.998914897441864,0.6737455129623413,0.546228289604187,0.0394725538790226,0.9680520296096802,0.4490269720554352,0.22711215913295746,-0.30202025175094604,0.9904395937919617,0.5958176851272583,0.5512142181396484,0.06970150768756866,0.9999962449073792,0.5670363903045654,0.5345938205718994,-0.0696902722120285,0.9999971985816956,0.6364666819572449,0.7094488739967346,0.10287123918533325,0.9515411257743835,0.5478768944740295,0.7036938667297363,-0.21353082358837128,0.9999446272850037,0.6828557848930359,0.8580278158187866,0.15177440643310547,0.9963772892951965,0.4547650218009949,0.8143149614334106,-0.20663456618785858,0.9998149871826172,0.7304362058639526,0.8981084227561951,0.0469120591878891,0.9981638193130493,0.452763170003891,0.9151922464370728,-0.32230687141418457,0.9997540712356567
191,6.366666666666666,0.6146871447563171,0.2305097132921219,-0.07401420176029205,0.9999987483024597,0.6301776170730591,0.3512420654296875,0.11488904058933258,0.9999949336051941,0.5696121454238892,0.29761803150177,-0.055897414684295654,0.9999915957450867,0.6360160708427429,0.477042019367218,0.12490787357091904,0.8880296945571899,0.5072736144065857,0.25894221663475037,-0.16717572510242462,0.9989164471626282,0.6737306118011475,0.5462262034416199,0.03716812655329704,0.9672958254814148,0.44900813698768616,0.2271736115217209,-0.3029909133911133,0.9904847741127014,0.5958141088485718,0.5511341094970703,0.06965552270412445,0.9999962449073792,0.5670288801193237,0.534563422203064,-0.0696435272693634,0.9999971985816956,0.636465847492218,0.7094331383705139,0.10289692878723145,0.9513859152793884,0.5478757619857788,0.7036721706390381,-0.2131437361240387,0.9999457597732544,0.6828494668006897,0.8580296635627747,0.15242327749729156,0.9963693618774414,0.4547579288482666,0.8143101930618286,-0.2059946358203888,0.9998222589492798,0.7304468154907227,0.8980901837348938,0.04761999100446701,0.998163104057312,0.45276370644569397,0.915170431137085,-0.32198387384414673,0.999762773513794
192,6.4,0.6145769953727722,0.23070691525936127,-0.07244151830673218,0.9999988079071045,0.630160927772522,0.3512411415576935,0.1167096272110939,0.9999948143959045,0.5696085691452026,0.2976495027542114,-0.05365002155303955,0.9999916553497314,0.6360225677490234,0.476969450712204,0.12573955953121185,0.882544755935669,0.5072838068008423,0.2589731216430664,-0.16369178891181946,0.9989050626754761,0.6737132668495178,0.5461885333061218,0.03755190968513489,0.9652078747749329,0.4489993453025818,0.22721384465694427,-0.29757100343704224,0.9904049038887024,0.5958248972892761,0.5508540272712708,0.06955569982528687,0.9999962449073792,0.5670226216316223,0.5344114899635315,-0.06954450160264969,0.9999972581863403,0.6364775896072388,0.7093990445137024,0.10108436644077301,0.9514544606208801,0.5478700399398804,0.7036095857620239,-0.2128804624080658,0.9999469518661499,0.6828469038009644,0.8581320643424988,0.14860063791275024,0.9963805079460144,0.4547582268714905,0.814355731010437,-0.20720987021923065,0.9998298287391663,0.7305024862289429,0.8981009721755981,0.042676132172346115,0.9981720447540283,0.4527602195739746,0.915274977684021,-0.32449328899383545,0.9997719526290894
193,6.433333333333334,0.6145384311676025,0.2307763248682022,-0.07734354585409164,0.9999988079071045,0.6301535367965698,0.351253479719162,0.11205883324146271,0.999994695186615,0.5696278214454651,0.2976924777030945,-0.06068432331085205,0.9999916553497314,0.6360173225402832,0.47693637013435364,0.12163162231445312,0.8791947364807129,0.50729900598526,0.25899630784988403,-0.17359036207199097,0.9989050030708313,0.6737026572227478,0.5461697578430176,0.034834813326597214,0.9638862609863281,0.4489806294441223,0.22700083255767822,-0.3101457953453064,0.9903337955474854,0.5958212018013,0.5508317947387695,0.06949224323034286,0.9999962449073792,0.5670170783996582,0.5344085097312927,-0.06948129832744598,0.9999972581863403,0.6364796757698059,0.7093665599822998,0.10305403172969818,0.9517481327056885,0.5478792786598206,0.7035996913909912,-0.21126672625541687,0.9999482035636902,0.6828455924987793,0.8581717014312744,0.15343229472637177,0.9964186549186707,0.45475465059280396,0.8144412636756897,-0.20440280437469482,0.9998369812965393,0.730522096157074,0.8980921506881714,0.047437891364097595,0.9981893301010132,0.4527643322944641,0.9154327511787415,-0.3223106265068054,0.9997804164886475
194,6.466666666666667,0.6145142316818237,0.23083139955997467,-0.07975836098194122,0.9999988079071045,0.6301468014717102,0.3512714207172394,0.10963074862957001,0.9999945759773254,0.5696353912353516,0.29773393273353577,-0.0628509670495987,0.9999916553497314,0.6360130310058594,0.4769110381603241,0.11933831125497818,0.8764795660972595,0.5073080062866211,0.2590133547782898,-0.17580409348011017,0.9989050626754761,0.6737074255943298,0.5461665391921997,0.03297186642885208,0.9628304839134216,0.4489668011665344,0.226827010512352,-0.3127336800098419,0.9902840852737427,0.5958179235458374,0.5508179068565369,0.06946439296007156,0.9999961853027344,0.5670129656791687,0.5344076156616211,-0.06945409625768661,0.9999972581863403,0.6364805698394775,0.7093445062637329,0.10371296107769012,0.9520614147186279,0.547886073589325,0.7035907506942749,-0.21059556305408478,0.9999493360519409,0.682845950126648,0.8582125902175903,0.15490950644016266,0.9964573383331299,0.45475053787231445,0.8145285844802856,-0.20326527953147888,0.9998433589935303,0.7305427193641663,0.8980873823165894,0.04863329231739044,0.9982079863548279,0.45277443528175354,0.9155823588371277,-0.3216400742530823,0.9997880458831787
195,6.5,0.6144731640815735,0.2308923453092575,-0.0830039232969284,0.9999988079071045,0.6301440000534058,0.3512779772281647,0.107576385140419,0.9999944567680359,0.5696414709091187,0.2977641522884369,-0.064617820084095,0.9999915957450867,0.6360097527503967,0.4768897294998169,0.1174134761095047,0.8735844492912292,0.5073208212852478,0.25902876257896423,-0.17730076611042023,0.9989047050476074,0.6737087965011597,0.5461648106575012,0.030955255031585693,0.9617375135421753,0.44895634055137634,0.22672408819198608,-0.31437790393829346,0.9902194738388062,0.5958150625228882,0.550804853439331,0.06943352520465851,0.9999961256980896,0.5670101046562195,0.5344054102897644,-0.06942190229892731,0.9999972581863403,0.6364805102348328,0.7093340158462524,0.1039678081870079,0.9524162411689758,0.5478875637054443,0.7035824060440063,-0.20966751873493195,0.9999503493309021,0.6828458309173584,0.858248233795166,0.1558331698179245,0.9964972734451294,0.45474544167518616,0.8146013617515564,-0.20089562237262726,0.9998490810394287,0.7305596470832825,0.8980845212936401,0.049487099051475525,0.9982272982597351,0.45278462767601013,0.9156694412231445,-0.31906479597091675,0.9997949004173279
196,6.533333333333333,0.6144287586212158,0.23091928660869598,-0.08289794623851776,0.9999988079071045,0.6301387548446655,0.35128629207611084,0.10753077268600464,0.9999943971633911,0.5696456432342529,0.29779961705207825,-0.06466814130544662,0.9999915361404419,0.6360071301460266,0.47687169909477234,0.11732219159603119,0.8709235191345215,0.5073366165161133,0.259040892124176,-0.17713478207588196,0.9989035129547119,0.6737083196640015,0.5461674332618713,0.03065027855336666,0.9608010649681091,0.4489441514015198,0.2266545593738556,-0.31411534547805786,0.990167498588562,0.5958124995231628,0.550790548324585,0.06941952556371689,0.9999961256980896,0.5670074224472046,0.5344034433364868,-0.06940852105617523,0.9999972581863403,0.6364798545837402,0.709322988986969,0.10412411391735077,0.952597439289093,0.5478891134262085,0.7035753726959229,-0.20931211113929749,0.999951183795929,0.6828445196151733,0.85826575756073,0.156198188662529,0.9965218901634216,0.4547416567802429,0.8146476745605469,-0.20010852813720703,0.9998539686203003,0.7305735349655151,0.8980799913406372,0.04989323765039444,0.9982395172119141,0.4527956545352936,0.9157173037528992,-0.3180428147315979,0.9998007416725159
197,6.566666666666666,0.6143718361854553,0.23093760013580322,-0.08477585017681122,0.9999988079071045,0.6301341652870178,0.3512885868549347,0.10641521215438843,0.9999943375587463,0.5696486234664917,0.2978220283985138,-0.06589911133050919,0.9999915361404419,0.6360049843788147,0.4768567383289337,0.11661992222070694,0.8688573837280273,0.5073433518409729,0.25904953479766846,-0.17826484143733978,0.9989075064659119,0.6737109422683716,0.5461757183074951,0.03005603887140751,0.960101306438446,0.4489380717277527,0.2266189306974411,-0.31550532579421997,0.9901627898216248,0.5958102941513062,0.5507756471633911,0.06940650939941406,0.9999960660934448,0.5670038461685181,0.5344021916389465,-0.0693945437669754,0.9999972581863403,0.6364790201187134,0.7093036770820618,0.10426390171051025,0.9529536366462708,0.5478883385658264,0.7035713791847229,-0.20858339965343475,0.9999520778656006,0.6828436255455017,0.8582845330238342,0.15681830048561096,0.9965581893920898,0.4547388553619385,0.8146874904632568,-0.19823360443115234,0.9998587369918823,0.7305833697319031,0.898076057434082,0.05064220353960991,0.9982575178146362,0.45280104875564575,0.9157544374465942,-0.3156570494174957,0.9998065233230591
198,6.6,0.6143530607223511,0.23096683621406555,-0.08386723697185516,0.9999988079071045,0.6301301717758179,0.3512905240058899,0.10665524005889893,0.9999942779541016,0.5696520209312439,0.2978340983390808,-0.06531734764575958,0.9999915361404419,0.6360031962394714,0.47684329748153687,0.11683497577905655,0.8671831488609314,0.5073487162590027,0.25905609130859375,-0.17760831117630005,0.9989088773727417,0.673714280128479,0.5461843013763428,0.030225258320569992,0.9595786929130554,0.4489317536354065,0.2265787273645401,-0.31477034091949463,0.990146279335022,0.5958084464073181,0.5507520437240601,0.06933987885713577,0.9999960660934448,0.5670007467269897,0.5344006419181824,-0.06932681053876877,0.9999972581863403,0.636478841304779,0.709290087223053,0.10427029430866241,0.9532551765441895,0.5478906035423279,0.7035666704177856,-0.2085321843624115,0.9999528527259827,0.6828427314758301,0.8583004474639893,0.1567511111497879,0.9965891242027283,0.45473527908325195,0.814709484577179,-0.19830603897571564,0.9998629093170166,0.7305951118469238,0.8980728387832642,0.05060514807701111,0.9982737302780151,0.4528025686740875,0.915783166885376,-0.31554684042930603,0.9998116493225098
199,6.633333333333334,0.6143162846565247,0.2309938669204712,-0.08327125757932663,0.9999988079071045,0.6301267743110657,0.3512915074825287,0.10702718794345856,0.9999942183494568,0.5696536302566528,0.2978476285934448,-0.06486086547374725,0.9999915361404419,0.636001467704773,0.4768322706222534,0.11703409999608994,0.8652970194816589,0.507360577583313,0.259064644575119,-0.17704716324806213,0.9989098906517029,0.6737146377563477,0.5461878180503845,0.03027605637907982,0.9590166807174683,0.448920339345932,0.22654403746128082,-0.3139628469944,0.990134596824646,0.5958068370819092,0.5507344007492065,0.06930292397737503,0.9999960660934448,0.566997766494751,0.5343990921974182,-0.06928930431604385,0.9999972581863403,0.6364787817001343,0.7092801332473755,0.10427159070968628,0.9534708857536316,0.5478920936584473,0.7035625576972961,-0.20851632952690125,0.9999535083770752,0.6828420758247375,0.8583151698112488,0.1567074954509735,0.9966145753860474,0.4547325074672699,0.8147366046905518,-0.1983262598514557,0.9998666644096375,0.7306041717529297,0.8980698585510254,0.050614602863788605,0.9982869029045105,0.45280322432518005,0.9158180952072144,-0.3153690695762634,0.9998162388801575
200,6.666666666666667,0.6142897605895996,0.23101122677326202,-0.0825609490275383,0.9999988079071045,0.6301229596138,0.35129624605178833,0.10707668215036392,0.999994158744812,0.5696564316749573,0.2978593409061432,-0.06451140344142914,0.9999915361404419,0.635999858379364,0.47682249546051025,0.11787334829568863,0.8636043071746826,0.5073636174201965,0.2590735852718353,-0.17666520178318024,0.9989120364189148,0.6737146973609924,0.5461971163749695,0.03180641308426857,0.9585338234901428,0.44889941811561584,0.22650878131389618,-0.31350207328796387,0.9901472330093384,0.5958050489425659,0.5507259964942932,0.06926462054252625,0.9999960660934448,0.5669952630996704,0.5343976616859436,-0.06925075501203537,0.9999972581863403,0.6364787817001343,0.7092693448066711,0.10432977974414825,0.9535765051841736,0.5478919744491577,0.7035590410232544,-0.20855799317359924,0.9999541640281677,0.6828411817550659,0.8583306074142456,0.15668706595897675,0.9966294765472412,0.45473065972328186,0.8147495985031128,-0.198576882481575,0.9998700022697449,0.7306146621704102,0.8980688452720642,0.050594817847013474,0.9982948303222656,0.45280519127845764,0.9158401489257812,-0.3156201243400574,0.9998202323913574
201,6.7,0.6142679452896118,0.23104742169380188,-0.08238236606121063,0.9999988079071045,0.6301140785217285,0.3513016104698181,0.10737671703100204,0.9999940991401672,0.5696603059768677,0.2978717088699341,-0.06455273181200027,0.9999915361404419,0.6359984874725342,0.4768148958683014,0.11815445125102997,0.8620960116386414,0.5073692202568054,0.25907978415489197,-0.17680737376213074,0.9989146590232849,0.6737135648727417,0.5462056994438171,0.03270996734499931,0.9580385684967041,0.4488605856895447,0.22647327184677124,-0.3138454556465149,0.9901562929153442,0.5958014726638794,0.5507129430770874,0.06923030316829681,0.9999960660934448,0.5669928789138794,0.5343960523605347,-0.06921617686748505,0.9999972581863403,0.6364787220954895,0.709259569644928,0.10440407693386078,0.9537029266357422,0.5478919744491577,0.7035537958145142,-0.20857402682304382,0.9999547600746155,0.6828406453132629,0.8583470582962036,0.15666638314723969,0.9966445565223694,0.45473089814186096,0.8147566318511963,-0.1986462026834488,0.9998729825019836,0.7306254506111145,0.8980681300163269,0.05058810114860535,0.9983028769493103,0.452805757522583,0.9158468246459961,-0.31572777032852173,0.999823808670044
202,6.733333333333333,0.6142508387565613,0.231081023812294,-0.08237302303314209,0.9999988079071045,0.6301035284996033,0.35130542516708374,0.10758479684591293,0.9999940395355225,0.5696646571159363,0.29788315296173096,-0.06452563405036926,0.9999915361404419,0.6359969973564148,0.4768088161945343,0.11833982169628143,0.8603999614715576,0.5073757171630859,0.25908738374710083,-0.17671187222003937,0.9989155530929565,0.6737127900123596,0.5462120175361633,0.03312868997454643,0.9574663043022156,0.44883280992507935,0.22645170986652374,-0.31363412737846375,0.9901496767997742,0.5957972407341003,0.5506970286369324,0.0692029818892479,0.9999960660934448,0.5669898390769958,0.5343935489654541,-0.06918860971927643,0.9999972581863403,0.6364789009094238,0.7092500329017639,0.10451646894216537,0.9537661075592041,0.5478920340538025,0.7035498023033142,-0.20858609676361084,0.9999552369117737,0.6828399300575256,0.8583574295043945,0.15664775669574738,0.9966546297073364,0.4547296166419983,0.8147637844085693,-0.19870981574058533,0.9998756051063538,0.7306345105171204,0.898066520690918,0.05063719302415848,0.9983082413673401,0.45280542969703674,0.9158535599708557,-0.31575536727905273,0.999826967716217
203,6.766666666666667,0.6142430901527405,0.23110294342041016,-0.08237313479185104,0.9999988079071045,0.6300948858261108,0.3513096570968628,0.10773935168981552,0.9999939799308777,0.5696678161621094,0.2978956997394562,-0.06446373462677002,0.9999915361404419,0.6359951496124268,0.47680336236953735,0.11839701980352402,0.8588793277740479,0.5073784589767456,0.259093701839447,-0.17665362358093262,0.9989158511161804,0.673711895942688,0.5462173223495483,0.033297277987003326,0.9569337964057922,0.44880908727645874,0.22643062472343445,-0.31355050206184387,0.9901402592658997,0.5957938432693481,0.5506880283355713,0.06918429583311081,0.9999960660934448,0.566987156867981,0.534391462802887,-0.06916976720094681,0.9999972581863403,0.6364801526069641,0.7092362642288208,0.10461191833019257,0.9538202285766602,0.5478919744491577,0.7035450339317322,-0.20860247313976288,0.9999556541442871,0.682839572429657,0.8583670854568481,0.15666528046131134,0.9966635704040527,0.45472845435142517,0.8147737979888916,-0.1988755315542221,0.9998779892921448,0.7306433320045471,0.8980650901794434,0.05071317031979561,0.9983128905296326,0.45280542969703674,0.9158660173416138,-0.31595292687416077,0.999829888343811
204,6.8,0.6141360402107239,0.2311585545539856,-0.07967288047075272,0.9999988675117493,0.6300836205482483,0.3513094484806061,0.11043014377355576,0.9999939203262329,0.5696636438369751,0.2979125678539276,-0.059402547776699066,0.9999915957450867,0.6359983086585999,0.4767458736896515,0.11968977749347687,0.8568512201309204,0.5073778033256531,0.2591218650341034,-0.16851425170898438,0.9989118576049805,0.6736916303634644,0.5462145805358887,0.033441510051488876,0.9561041593551636,0.4487987458705902,0.22656983137130737,-0.30172550678253174,0.9901473522186279,0.5958024263381958,0.5505408048629761,0.06899486482143402,0.9999960660934448,0.5669836401939392,0.5343058109283447,-0.06898137927055359,0.9999973177909851,0.6364977955818176,0.7092334032058716,0.10343746840953827,0.9540022015571594,0.5478664636611938,0.7035083770751953,-0.20875413715839386,0.9999560713768005,0.6828390955924988,0.858385443687439,0.15444879233837128,0.9966757893562317,0.4547376036643982,0.814770519733429,-0.19966253638267517,0.999880313873291,0.7306731343269348,0.8980716466903687,0.04849434271454811,0.998320996761322,0.4527822434902191,0.9158543944358826,-0.316697359085083,0.9998328685760498
205,6.833333333333333,0.6140958070755005,0.2311844527721405,-0.08208239823579788,0.999998927116394,0.6300797462463379,0.3513120412826538,0.10900195688009262,0.9999939203262329,0.5696688890457153,0.2979242205619812,-0.061093319207429886,0.9999915361404419,0.6359976530075073,0.47673967480659485,0.11897852271795273,0.8561927080154419,0.5073797106742859,0.25913235545158386,-0.17093655467033386,0.9989123344421387,0.6736904382705688,0.5462202429771423,0.032903678715229034,0.955924928188324,0.44876688718795776,0.2265450805425644,-0.3053686320781708,0.9901094436645508,0.5957869291305542,0.5505297183990479,0.06893952190876007,0.9999960660934448,0.5669777393341064,0.534309446811676,-0.06892513483762741,0.9999973177909851,0.6364995837211609,0.7092231512069702,0.10371220111846924,0.9541450142860413,0.5478638410568237,0.7035044431686401,-0.20875677466392517,0.9999564290046692,0.6828388571739197,0.8583890199661255,0.15581223368644714,0.9966893196105957,0.4547366499900818,0.8147806525230408,-0.19898469746112823,0.9998822212219238,0.7306891083717346,0.8980668187141418,0.05031413584947586,0.9983271360397339,0.45278215408325195,0.9158570170402527,-0.3155210614204407,0.999835193157196
206,6.866666666666666,0.6140741109848022,0.23120497167110443,-0.08240632712841034,0.999998927116394,0.6300764083862305,0.35132062435150146,0.10878898203372955,0.9999938607215881,0.5696706175804138,0.2979443371295929,-0.06186568737030029,0.9999915361404419,0.6359974145889282,0.4767308831214905,0.11906971782445908,0.855780839920044,0.5073798894882202,0.25913989543914795,-0.17233078181743622,0.9989137649536133,0.6736931800842285,0.5462389588356018,0.03390006348490715,0.9557517170906067,0.44871020317077637,0.22648932039737701,-0.30800673365592957,0.9900976419448853,0.5957820415496826,0.550514280796051,0.06892671436071396,0.9999960064888,0.5669716000556946,0.5343104600906372,-0.06891249120235443,0.9999973177909851,0.6364992260932922,0.7092030644416809,0.10391321033239365,0.9542168974876404,0.5478527545928955,0.7035006880760193,-0.20954737067222595,0.9999568462371826,0.6828387975692749,0.8583926558494568,0.1558198630809784,0.9967002272605896,0.4547346234321594,0.814792811870575,-0.2006016969680786,0.9998840689659119,0.7306986451148987,0.8980614542961121,0.05028388649225235,0.9983324408531189,0.45279043912887573,0.9158668518066406,-0.31771859526634216,0.9998374581336975
207,6.9,0.6140658855438232,0.23121236264705658,-0.08278552442789078,0.999998927116394,0.6300734281539917,0.3513287305831909,0.1084253340959549,0.9999938607215881,0.5696719884872437,0.2979513704776764,-0.06228814646601677,0.9999915361404419,0.6359968185424805,0.47672325372695923,0.11901088804006577,0.8554879426956177,0.5073798894882202,0.25914615392684937,-0.17266270518302917,0.9989163279533386,0.6736937165260315,0.5462498664855957,0.03388497978448868,0.9556964039802551,0.44866251945495605,0.22642570734024048,-0.308433473110199,0.9901124238967896,0.5957788228988647,0.5505014061927795,0.06888487190008163,0.9999959468841553,0.5669636726379395,0.5343111753463745,-0.06886995583772659,0.9999973177909851,0.6364997625350952,0.7091918587684631,0.10397502034902573,0.9543140530586243,0.5478388071060181,0.7034969925880432,-0.2096262276172638,0.9999571442604065,0.6828385591506958,0.8583959937095642,0.1559179574251175,0.9967100024223328,0.45472922921180725,0.8148126602172852,-0.20059983432292938,0.9998855590820312,0.7307049036026001,0.8980560898780823,0.050345730036497116,0.9983373284339905,0.4527933597564697,0.9158743023872375,-0.31770792603492737,0.9998393058776855
208,6.933333333333334,0.6140505075454712,0.23121754825115204,-0.08326499164104462,0.999998927116394,0.6300709843635559,0.3513316512107849,0.1079602837562561,0.9999938607215881,0.5696720480918884,0.29796135425567627,-0.06277158111333847,0.9999915361404419,0.6359961628913879,0.4767173230648041,0.1188700795173645,0.8552927374839783,0.5073796510696411,0.25915268063545227,-0.17281201481819153,0.9989210963249207,0.673693060874939,0.5462640523910522,0.03378138691186905,0.9556659460067749,0.4486292898654938,0.22640453279018402,-0.3084975481033325,0.9901487827301025,0.5957770347595215,0.5504899621009827,0.06884697079658508,0.9999959468841553,0.5669577717781067,0.5343132615089417,-0.06883126497268677,0.9999973177909851,0.6365100741386414,0.7091785669326782,0.10420751571655273,0.9544038772583008,0.5478312373161316,0.7034941911697388,-0.2097872495651245,0.9999575018882751,0.6828430891036987,0.858397364616394,0.15672558546066284,0.9967136979103088,0.4547281265258789,0.8148215413093567,-0.2005978524684906,0.9998869299888611,0.7307153344154358,0.8980467319488525,0.051299743354320526,0.9983392953872681,0.4527949392795563,0.9158756732940674,-0.317676842212677,0.999841034412384
209,6.966666666666667,0.6140384674072266,0.23122304677963257,-0.08320533484220505,0.999998927116394,0.6300685405731201,0.3513334393501282,0.10787315666675568,0.9999938607215881,0.5696716904640198,0.29796987771987915,-0.06290411949157715,0.9999915361404419,0.6359955072402954,0.4767119586467743,0.11883844435214996,0.8551658391952515,0.5073748230934143,0.25916144251823425,-0.1728445291519165,0.9989242553710938,0.6736933588981628,0.5462735295295715,0.0337371900677681,0.9556503891944885,0.4485815465450287,0.22638435661792755,-0.30859237909317017,0.9901726841926575,0.5957756638526917,0.550479531288147,0.06882209330797195,0.9999959468841553,0.5669538974761963,0.5343148112297058,-0.068805992603302,0.9999973177909851,0.636515736579895,0.709166407585144,0.10427816957235336,0.9543845057487488,0.5478251576423645,0.7034915685653687,-0.20981013774871826,0.9999577403068542,0.6828474402427673,0.8583993911743164,0.15674948692321777,0.9967107176780701,0.454728901386261,0.8148249983787537,-0.20059438049793243,0.9998879432678223,0.7307256460189819,0.8980449438095093,0.05130792781710625,0.9983376264572144,0.45280003547668457,0.915875256061554,-0.317630410194397,0.9998421669006348
210,7.0,0.6140196323394775,0.23123013973236084,-0.08318116515874863,0.999998927116394,0.6300597786903381,0.3513367176055908,0.1077989712357521,0.9999938607215881,0.5696704387664795,0.2979772984981537,-0.06322838366031647,0.9999915361404419,0.6359946727752686,0.47670572996139526,0.11884133517742157,0.8550519943237305,0.5073729753494263,0.2591683566570282,-0.17297545075416565,0.9989290833473206,0.6736937761306763,0.5462809205055237,0.03372613340616226,0.9556219577789307,0.4485705494880676,0.22637011110782623,-0.30870717763900757,0.9902046918869019,0.5957742929458618,0.5504699349403381,0.06881378591060638,0.9999959468841553,0.5669498443603516,0.5343157649040222,-0.06879736483097076,0.9999973177909851,0.6365211009979248,0.7091559767723083,0.10436125099658966,0.9544697403907776,0.5478212833404541,0.7034887075424194,-0.20981571078300476,0.9999580383300781,0.6828504800796509,0.8584014177322388,0.1567770391702652,0.9967146515846252,0.45472878217697144,0.8148287534713745,-0.2005051076412201,0.9998890161514282,0.7307354211807251,0.898043155670166,0.05132945626974106,0.9983393549919128,0.4528043270111084,0.9158729314804077,-0.31738558411598206,0.999843418598175
211,7.033333333333333,0.6140076518058777,0.23124192655086517,-0.0835459753870964,0.999998927116394,0.6300548315048218,0.35134291648864746,0.10767142474651337,0.9999938607215881,0.5696698427200317,0.2979867160320282,-0.06352081149816513,0.9999915361404419,0.6359935998916626,0.47670045495033264,0.11885466426610947,0.8547170162200928,0.5073703527450562,0.25917327404022217,-0.17301252484321594,0.9989336729049683,0.6736934781074524,0.5462833642959595,0.03381676226854324,0.9555618166923523,0.4485322833061218,0.22635529935359955,-0.3088081479072571,0.9902482628822327,0.5957735776901245,0.5504607558250427,0.0687970295548439,0.9999959468841553,0.5669471025466919,0.5343209505081177,-0.06878028064966202,0.9999973177909851,0.6365276575088501,0.7091492414474487,0.10445444285869598,0.9544782042503357,0.5478188991546631,0.7034858465194702,-0.20982083678245544,0.9999582171440125,0.6828529834747314,0.8584033250808716,0.15686485171318054,0.9967100620269775,0.45472830533981323,0.8148317337036133,-0.20043770968914032,0.9998897314071655,0.7307471036911011,0.8980410099029541,0.05143456906080246,0.9983370900154114,0.4528069496154785,0.9158732891082764,-0.31723642349243164,0.9998442530632019
212,7.066666666666666,0.6139691472053528,0.23124681413173676,-0.0842038094997406,0.999998927116394,0.630052387714386,0.3513442873954773,0.10759685188531876,0.9999938011169434,0.5696696043014526,0.2979985475540161,-0.06370101869106293,0.9999915361404419,0.6359935998916626,0.4766922891139984,0.11887504905462265,0.8545702695846558,0.5073710083961487,0.2591758370399475,-0.1731014847755432,0.9989414811134338,0.6736944913864136,0.546291708946228,0.03383779525756836,0.9555930495262146,0.4484707713127136,0.22634673118591309,-0.3086741864681244,0.9903450012207031,0.5957840085029602,0.5504600405693054,0.06878586113452911,0.9999959468841553,0.5669442415237427,0.5343379974365234,-0.06876900792121887,0.9999973177909851,0.6365479230880737,0.7091937065124512,0.10486938804388046,0.954555094242096,0.5478172302246094,0.7034828662872314,-0.2101939171552658,0.9999585747718811,0.6828585863113403,0.8584078550338745,0.15894213318824768,0.9967089295387268,0.45472630858421326,0.8148360252380371,-0.2004368007183075,0.9998907446861267,0.7307603359222412,0.8980377316474915,0.05414948612451553,0.9983354210853577,0.45280760526657104,0.9158710837364197,-0.3171879053115845,0.9998455047607422
213,7.1,0.6139218211174011,0.23125343024730682,-0.08438591659069061,0.999998927116394,0.6300479173660278,0.3513457179069519,0.10770131647586823,0.9999937415122986,0.5696668028831482,0.2980055809020996,-0.06370202451944351,0.9999915361404419,0.6359938383102417,0.4766729474067688,0.11985804885625839,0.853928804397583,0.5073581337928772,0.25916552543640137,-0.17284633219242096,0.9989485144615173,0.6736979484558105,0.5463005900382996,0.03533000126481056,0.9554774165153503,0.4482719302177429,0.22630420327186584,-0.3076725900173187,0.9904493093490601,0.595794141292572,0.5504552721977234,0.06877399235963821,0.9999958872795105,0.5669410824775696,0.5343464612960815,-0.06875684857368469,0.9999973177909851,0.6365647315979004,0.7092230319976807,0.1050553098320961,0.9545571804046631,0.5478140115737915,0.7034801840782166,-0.2104523628950119,0.999958872795105,0.6828694939613342,0.858414888381958,0.15936961770057678,0.996703565120697,0.45472607016563416,0.8148364424705505,-0.20042356848716736,0.9998915195465088,0.7307807207107544,0.8980359435081482,0.054810356348752975,0.9983311891555786,0.4528018832206726,0.9158415794372559,-0.3169483542442322,0.9998462796211243
214,7.133333333333334,0.6139138340950012,0.23113693296909332,-0.07721663266420364,0.999998927116394,0.6300453543663025,0.35133033990859985,0.1125621646642685,0.9999937415122986,0.5696597695350647,0.2980211079120636,-0.05920861288905144,0.9999915957450867,0.6359893679618835,0.4766700267791748,0.1253763735294342,0.852681577205658,0.5073498487472534,0.2591592073440552,-0.16585813462734222,0.9989567399024963,0.6736897230148315,0.5463034510612488,0.04104137793183327,0.9552401900291443,0.4479753375053406,0.22627177834510803,-0.2977106273174286,0.9905704855918884,0.59583580493927,0.5504518151283264,0.06875380128622055,0.9999958872795105,0.5669369101524353,0.5343355536460876,-0.06873708963394165,0.9999973177909851,0.6365512609481812,0.7092043161392212,0.10532903671264648,0.954072892665863,0.5478121638298035,0.7034780383110046,-0.210250586271286,0.9999589920043945,0.6828709840774536,0.8584170937538147,0.15899719297885895,0.9966660737991333,0.45482856035232544,0.8148339986801147,-0.20044708251953125,0.9998918771743774,0.730786919593811,0.8980299234390259,0.05462479591369629,0.9983142614364624,0.4528511166572571,0.9158624410629272,-0.316362202167511,0.9998466372489929
215,7.166666666666667,0.613908052444458,0.2310163527727127,-0.07685144245624542,0.999998927116394,0.6300440430641174,0.35132482647895813,0.11285010725259781,0.9999937415122986,0.5696583986282349,0.2980351150035858,-0.05926971882581711,0.9999916553497314,0.6359853148460388,0.47666627168655396,0.12615028023719788,0.8521853089332581,0.5073400735855103,0.2591485381126404,-0.16613082587718964,0.9989703893661499,0.6736757755279541,0.5463059544563293,0.042277731001377106,0.9552204012870789,0.44773387908935547,0.22625136375427246,-0.2985338866710663,0.9907389283180237,0.5958651304244995,0.5504480004310608,0.06873990595340729,0.9999958872795105,0.5669316649436951,0.5343335866928101,-0.06872300803661346,0.9999973177909851,0.636523425579071,0.7091549634933472,0.10587622970342636,0.953743577003479,0.5478109121322632,0.703483521938324,-0.20969772338867188,0.9999591708183289,0.6828718185424805,0.8584052920341492,0.15896017849445343,0.996634304523468,0.45482730865478516,0.8148598670959473,-0.20043115317821503,0.9998922944068909,0.7307993173599243,0.898019552230835,0.05459079146385193,0.9983009696006775,0.4528675079345703,0.9158797264099121,-0.31593501567840576,0.9998471140861511
216,7.2,0.6138585209846497,0.23025290668010712,-0.05909024924039841,0.999998927116394,0.6299756765365601,0.3513210117816925,0.12460581958293915,0.9999935626983643,0.5696654915809631,0.2980451285839081,-0.0429241769015789,0.9999915957450867,0.6359902024269104,0.4765571653842926,0.1320614516735077,0.8443847298622131,0.5073165893554688,0.2591119706630707,-0.14699307084083557,0.9989351034164429,0.6737020611763,0.5463743209838867,0.04466386139392853,0.9522473812103271,0.4473433494567871,0.22616888582706451,-0.2749173641204834,0.9906129837036133,0.5959200263023376,0.5503461360931396,0.06832315027713776,0.9999958872795105,0.5669298768043518,0.5341845750808716,-0.0683138370513916,0.9999973177909851,0.6362822651863098,0.7084380388259888,0.10464060306549072,0.9501247406005859,0.5478082299232483,0.703438937664032,-0.2083519995212555,0.9999563694000244,0.6828219890594482,0.8584322333335876,0.1486872136592865,0.996371865272522,0.454875648021698,0.8149285912513733,-0.20451350510120392,0.9998864531517029,0.7308104038238525,0.8980320692062378,0.045200660824775696,0.9981794357299805,0.45293793082237244,0.916256308555603,-0.31942886114120483,0.9998389482498169
217,7.233333333333333,0.6138501167297363,0.22974610328674316,-0.0482901930809021,0.999998927116394,0.6297897100448608,0.35094404220581055,0.13936705887317657,0.9999935030937195,0.5696707963943481,0.29797446727752686,-0.041789598762989044,0.9999917149543762,0.6359807252883911,0.4763322174549103,0.1604907214641571,0.8417755365371704,0.5074005126953125,0.2591044306755066,-0.15391682088375092,0.9989359378814697,0.6737273931503296,0.546445906162262,0.08857317268848419,0.9515489339828491,0.4472777247428894,0.22598880529403687,-0.27583739161491394,0.9908102750778198,0.5959281325340271,0.5503295063972473,0.06961825489997864,0.9999958872795105,0.5669320225715637,0.534153401851654,-0.06960897147655487,0.9999973773956299,0.6362712383270264,0.7083561420440674,0.10772891342639923,0.9484658241271973,0.5477909445762634,0.7034381628036499,-0.21469447016716003,0.9999562501907349,0.6827268600463867,0.8584380149841309,0.1500905454158783,0.9962261319160461,0.45482388138771057,0.8151986002922058,-0.22113899886608124,0.9998859167098999,0.7308158278465271,0.8980448246002197,0.046119607985019684,0.9981120228767395,0.4533851146697998,0.9167978763580322,-0.33752501010894775,0.9998374581336975
218,7.266666666666667,0.6138432025909424,0.2290865182876587,-0.05017044395208359,0.999998927116394,0.629676103591919,0.3508393466472626,0.13870540261268616,0.9999934434890747,0.5696836709976196,0.2979317009449005,-0.043894924223423004,0.9999918341636658,0.6359703540802002,0.47617006301879883,0.16276045143604279,0.8384134769439697,0.5074352025985718,0.25905120372772217,-0.1562831550836563,0.9989330172538757,0.6737591028213501,0.546501636505127,0.0949215441942215,0.9504274129867554,0.4471125602722168,0.2257671356201172,-0.2904638946056366,0.9909438490867615,0.5959237813949585,0.550324022769928,0.07042768597602844,0.9999958872795105,0.5669300556182861,0.5341501235961914,-0.07041572034358978,0.9999973773956299,0.6362480521202087,0.7081722021102905,0.11263369023799896,0.9463828802108765,0.5477719902992249,0.7034362554550171,-0.21742376685142517,0.9999560713768005,0.6825734376907349,0.858380138874054,0.1544359177350998,0.996059000492096,0.4547506272792816,0.8154722452163696,-0.22616252303123474,0.9998853802680969,0.730823278427124,0.8980417847633362,0.05287206918001175,0.9980349540710449,0.4536643624305725,0.9171441197395325,-0.34326738119125366,0.9998360872268677
219,7.3,0.6138492822647095,0.2286539524793625,-0.04769609868526459,0.999998927116394,0.6295979022979736,0.3507910668849945,0.14087718725204468,0.9999934434890747,0.5696879625320435,0.29790258407592773,-0.04290978983044624,0.9999919533729553,0.6359590291976929,0.4760932922363281,0.16556629538536072,0.8369155526161194,0.507444441318512,0.25900042057037354,-0.15797880291938782,0.9989308714866638,0.6737738847732544,0.5465448498725891,0.09725822508335114,0.9500346779823303,0.44697657227516174,0.22563536465168,-0.290956050157547,0.991086483001709,0.5959244966506958,0.5503239035606384,0.07095520198345184,0.9999958872795105,0.5669282674789429,0.5341490507125854,-0.07094292342662811,0.9999973773956299,0.6362361907958984,0.7081483006477356,0.1142418384552002,0.9448161721229553,0.5477567911148071,0.7034459114074707,-0.21831440925598145,0.999955952167511,0.6825059652328491,0.8583238124847412,0.15743008255958557,0.9959203600883484,0.4546709954738617,0.8155867457389832,-0.2256891280412674,0.9998849034309387,0.7308292984962463,0.898037314414978,0.05646318197250366,0.997968316078186,0.4538431763648987,0.9172957539558411,-0.3426501154899597,0.9998347163200378
220,7.333333333333333,0.613865315914154,0.22830788791179657,-0.048610106110572815,0.999998927116394,0.629555344581604,0.35077768564224243,0.13855358958244324,0.9999934434890747,0.569688618183136,0.2978783845901489,-0.04280533641576767,0.9999920129776001,0.6359506845474243,0.4760608673095703,0.16091972589492798,0.836322546005249,0.5074480772018433,0.25896936655044556,-0.15858499705791473,0.9989256262779236,0.6737832427024841,0.5465874075889587,0.09010215103626251,0.9499555826187134,0.44688791036605835,0.22555001080036163,-0.2915153503417969,0.9911962747573853,0.5959252119064331,0.5503209233283997,0.07094874978065491,0.9999958872795105,0.5669268369674683,0.5341483950614929,-0.07093597203493118,0.9999973773956299,0.6362194418907166,0.7080768942832947,0.11529546976089478,0.9433754086494446,0.547722578048706,0.7034783959388733,-0.21773231029510498,0.9999556541442871,0.6824148297309875,0.8582257032394409,0.16038087010383606,0.9958041906356812,0.4545716643333435,0.8156663775444031,-0.22345349192619324,0.9998844265937805,0.7308323979377747,0.8980187177658081,0.05918087437748909,0.9979113340377808,0.4539618492126465,0.917362630367279,-0.34063002467155457,0.9998334646224976
221,7.366666666666666,0.6138826608657837,0.2281542420387268,-0.046998973935842514,0.999998927116394,0.629522442817688,0.350766658782959,0.13891920447349548,0.9999935030937195,0.5696914792060852,0.2978690266609192,-0.04237521067261696,0.9999921321868896,0.6359493136405945,0.476054847240448,0.16128291189670563,0.8368241786956787,0.5074488520622253,0.25889214873313904,-0.15862442553043365,0.9989347457885742,0.6738177537918091,0.5466482043266296,0.09105437248945236,0.9503101706504822,0.4468762278556824,0.22518810629844666,-0.29297587275505066,0.9913853406906128,0.5959257483482361,0.5503265857696533,0.07097535580396652,0.9999959468841553,0.5669253468513489,0.5341611504554749,-0.07096213847398758,0.9999974370002747,0.6361595392227173,0.7079085111618042,0.11446110904216766,0.9424581527709961,0.5477004647254944,0.7034778594970703,-0.21751078963279724,0.9999557137489319,0.6821948885917664,0.8580756187438965,0.15753260254859924,0.9957273006439209,0.4545365869998932,0.815712034702301,-0.2260848581790924,0.9998847842216492,0.730837345123291,0.8980138897895813,0.05571147799491882,0.9978810548782349,0.4541047215461731,0.9173829555511475,-0.3439449369907379,0.9998337030410767
222,7.4,0.6138966083526611,0.22793181240558624,-0.045632101595401764,0.999998927116394,0.6294746398925781,0.3507389426231384,0.13824142515659332,0.9999935626983643,0.5696930885314941,0.2978401482105255,-0.042284511029720306,0.9999921917915344,0.6359442472457886,0.47605443000793457,0.15871837735176086,0.8372780084609985,0.507456362247467,0.25881579518318176,-0.1586766242980957,0.9989352226257324,0.6738516092300415,0.5467089414596558,0.08625124394893646,0.9505588412284851,0.44685569405555725,0.22476215660572052,-0.29414671659469604,0.9914692044258118,0.5959280729293823,0.5503544807434082,0.07094462215900421,0.9999959468841553,0.566923975944519,0.5341813564300537,-0.07093102484941483,0.9999974370002747,0.6360944509506226,0.7076680660247803,0.11396030336618423,0.9415678977966309,0.5476816892623901,0.7034777402877808,-0.21739263832569122,0.9999555945396423,0.6821568608283997,0.858020544052124,0.15650661289691925,0.995664119720459,0.45451220870018005,0.815761923789978,-0.2244119644165039,0.9998846650123596,0.7308359742164612,0.8980017900466919,0.054019104689359665,0.9978530406951904,0.4542740285396576,0.9174007773399353,-0.34222644567489624,0.9998331069946289
223,7.433333333333334,0.613904595375061,0.22775132954120636,-0.0450688898563385,0.999998927116394,0.6294418573379517,0.3507223427295685,0.13919445872306824,0.9999935626983643,0.5696972608566284,0.29781872034072876,-0.04212000593543053,0.9999922513961792,0.6359395384788513,0.4760552644729614,0.16063307225704193,0.8377270698547363,0.5074964761734009,0.25873443484306335,-0.15899530053138733,0.9989376068115234,0.6738795638084412,0.5467618107795715,0.08963841944932938,0.9508801698684692,0.44685396552085876,0.2243831604719162,-0.2958400845527649,0.9915609955787659,0.5959285497665405,0.5503857731819153,0.07098497450351715,0.9999959468841553,0.5669189691543579,0.5342063307762146,-0.07097092270851135,0.9999974370002747,0.6360495090484619,0.707527220249176,0.11364801228046417,0.940636396408081,0.5476648807525635,0.7034779787063599,-0.2170950174331665,0.9999554753303528,0.6821297407150269,0.8579655885696411,0.1558622419834137,0.9955861568450928,0.45449137687683105,0.8158100843429565,-0.22470588982105255,0.999884307384491,0.7308334112167358,0.8979893326759338,0.05321396514773369,0.9978181719779968,0.45445355772972107,0.9174126386642456,-0.34255796670913696,0.9998322129249573
224,7.466666666666667,0.6139143705368042,0.22756706178188324,-0.04583423212170601,0.999998927116394,0.6294388175010681,0.3507077097892761,0.13834556937217712,0.9999935626983643,0.5696972012519836,0.2977913022041321,-0.0425107516348362,0.999992311000824,0.6359344720840454,0.4760631024837494,0.15886446833610535,0.838743269443512,0.5074914693832397,0.25865623354911804,-0.1591266244649887,0.9989457726478577,0.6738845705986023,0.5468071103096008,0.08643843233585358,0.9514493942260742,0.446819007396698,0.22409595549106598,-0.2985529601573944,0.9917072653770447,0.5959292054176331,0.5504189133644104,0.07096479833126068,0.9999959468841553,0.5669133067131042,0.5342321991920471,-0.07095054537057877,0.9999974370002747,0.6360071301460266,0.7074428796768188,0.11355738341808319,0.9399752020835876,0.547653079032898,0.7034794092178345,-0.2164435088634491,0.9999552965164185,0.6821097135543823,0.8579232096672058,0.15518666803836823,0.9955334067344666,0.45447593927383423,0.815860390663147,-0.22356989979743958,0.9998840689659119,0.7308169007301331,0.8979710340499878,0.052246540784835815,0.997793972492218,0.45454901456832886,0.9174089431762695,-0.34116867184638977,0.99983149766922
225,7.5,0.6139141321182251,0.22737735509872437,-0.04710479825735092,0.999998927116394,0.6294350028038025,0.35069888830184937,0.13783466815948486,0.999993622303009,0.5696939826011658,0.2977689206600189,-0.04286062344908714,0.9999923706054688,0.6359319686889648,0.4760826528072357,0.15833783149719238,0.8395189046859741,0.5074847340583801,0.2585611939430237,-0.1610380858182907,0.9989582300186157,0.6738948225975037,0.546857476234436,0.08583377301692963,0.9519574046134949,0.44680365920066833,0.22383607923984528,-0.30360180139541626,0.9918612837791443,0.5959351062774658,0.5504516959190369,0.07099036872386932,0.9999959468841553,0.5669077634811401,0.5342521071434021,-0.07097529619932175,0.9999974370002747,0.635959267616272,0.7073858380317688,0.11203767359256744,0.9394648671150208,0.5476492643356323,0.7034792304039001,-0.21631935238838196,0.9999552369117737,0.682107150554657,0.8579199314117432,0.15169915556907654,0.9954884648323059,0.4544515013694763,0.8158910870552063,-0.22332918643951416,0.9998838305473328,0.7308017015457153,0.8979686498641968,0.047736458480358124,0.9977778196334839,0.4546169638633728,0.9173760414123535,-0.3410298228263855,0.9998310804367065
