frame,timestamp,nose_x,nose_y,nose_z,nose_visibility,left_shoulder_x,left_shoulder_y,left_shoulder_z,left_shoulder_visibility,right_shoulder_x,right_shoulder_y,right_shoulder_z,right_shoulder_visibility,left_elbow_x,left_elbow_y,left_elbow_z,left_elbow_visibility,right_elbow_x,right_elbow_y,right_elbow_z,right_elbow_visibility,left_wrist_x,left_wrist_y,left_wrist_z,left_wrist_visibility,right_wrist_x,right_wrist_y,right_wrist_z,right_wrist_visibility,left_hip_x,left_hip_y,left_hip_z,left_hip_visibility,right_hip_x,right_hip_y,right_hip_z,right_hip_visibility,left_knee_x,left_knee_y,left_knee_z,left_knee_visibility,right_knee_x,right_knee_y,right_knee_z,right_knee_visibility,left_ankle_x,left_ankle_y,left_ankle_z,left_ankle_visibility,right_ankle_x,right_ankle_y,right_ankle_z,right_ankle_visibility,left_foot_x,left_foot_y,left_foot_z,left_foot_visibility,right_foot_x,right_foot_y,right_foot_z,right_foot_visibility
359,11.966666666666667,0.4684739112854004,0.37561750411987305,-0.03747394680976868,0.9998619556427002,0.4823160171508789,0.3813173174858093,-0.017116574570536613,0.9998972415924072,0.46671468019485474,0.395732581615448,0.020558949559926987,0.999853253364563,0.4835175573825836,0.38802364468574524,-0.024369893595576286,0.8702138066291809,0.4632793068885803,0.4199601411819458,-0.010585503652691841,0.8592632412910461,0.47904443740844727,0.3726387023925781,-0.024122651666402817,0.7703471183776855,0.4643529951572418,0.3906724750995636,-0.06926378607749939,0.8611451983451843,0.4895818829536438,0.44982364773750305,-0.01404076348990202,0.9997578263282776,0.4807797372341156,0.45708054304122925,0.013975212350487709,0.9998667240142822,0.4731099009513855,0.447499543428421,-0.0915958434343338,0.9871100187301636,0.473792165517807,0.4920068383216858,-0.03563789278268814,0.967303991317749,0.47618478536605835,0.5000870823860168,-0.0971364825963974,0.9892402291297913,0.4760759472846985,0.5580186247825623,-0.04803546890616417,0.994001567363739,0.4713548719882965,0.5131290555000305,-0.13322056829929352,0.9933505654335022,0.4761947989463806,0.5803635716438293,-0.08839382231235504,0.9932239055633545
360,12.0,0.47287625074386597,0.36561521887779236,-0.011477652005851269,0.9998478889465332,0.4828561842441559,0.38116371631622314,0.01100645586848259,0.9998956918716431,0.4666827619075775,0.39612698554992676,0.029240161180496216,0.999863862991333,0.48312893509864807,0.3617837131023407,0.016821417957544327,0.8191680312156677,0.4630996584892273,0.4222179055213928,-0.010612217709422112,0.8308368921279907,0.47431254386901855,0.3382062613964081,0.025095781311392784,0.7327407002449036,0.46403345465660095,0.39108845591545105,-0.07848857343196869,0.8550411462783813,0.4889393448829651,0.4481255114078522,-0.009066888131201267,0.999775767326355,0.47736263275146484,0.4532567858695984,0.008974028751254082,0.9998761415481567,0.47312697768211365,0.4474922716617584,-0.09217966347932816,0.9498936533927917,0.4736381471157074,0.49987173080444336,-0.027333300560712814,0.896626889705658,0.4760743975639343,0.5008795261383057,-0.1116926521062851,0.9438758492469788,0.4759611189365387,0.5584690570831299,-0.041909653693437576,0.9610651731491089,0.47133979201316833,0.5126094818115234,-0.1573973149061203,0.9658292531967163,0.476196825504303,0.580953061580658,-0.08795755356550217,0.9597407579421997
361,12.033333333333333,0.47340917587280273,0.36373811960220337,-0.014310894533991814,0.999842643737793,0.48322588205337524,0.38130074739456177,0.013720931485295296,0.9998895525932312,0.46635499596595764,0.3963842988014221,0.026359492912888527,0.9998729228973389,0.4812050461769104,0.356911838054657,0.012071252800524235,0.7764895558357239,0.4630897045135498,0.42307862639427185,-0.0233861543238163,0.8170914053916931,0.47300824522972107,0.3312535881996155,0.007400610484182835,0.7105690836906433,0.4637001156806946,0.3918198347091675,-0.09524080157279968,0.858439028263092,0.48844414949417114,0.44790446758270264,-0.004908091388642788,0.999794065952301,0.47615480422973633,0.45209094882011414,0.004803018644452095,0.9998859167098999,0.4731859564781189,0.4475213289260864,-0.10009989887475967,0.9361629486083984,0.47363361716270447,0.5065397620201111,-0.030059844255447388,0.8629566431045532,0.4759904444217682,0.5011921525001526,-0.1207047551870346,0.9171258807182312,0.4759683609008789,0.5599310994148254,-0.042623717337846756,0.9496607184410095,0.4712643623352051,0.5125249624252319,-0.16903671622276306,0.9523096084594727,0.47625917196273804,0.5828276872634888,-0.09452320635318756,0.9477091431617737
362,12.066666666666666,0.47327589988708496,0.36340630054473877,-0.009790422394871712,0.9998148083686829,0.4837048649787903,0.38177159428596497,0.012121936306357384,0.999885082244873,0.46632832288742065,0.3961944878101349,0.03095179796218872,0.9998812675476074,0.48117151856422424,0.35838767886161804,0.010265969671308994,0.7512359023094177,0.4629709720611572,0.4244250953197479,-0.015084108337759972,0.7957655191421509,0.4731983244419098,0.3311859667301178,0.006275749299675226,0.7028691172599792,0.4634428918361664,0.3950733542442322,-0.08618943393230438,0.860462486743927,0.48818546533584595,0.4479239284992218,-0.007100650109350681,0.9998061060905457,0.475816547870636,0.4522945284843445,0.007000739220529795,0.9998917579650879,0.47319841384887695,0.44732216000556946,-0.09998582303524017,0.9083331227302551,0.4736084043979645,0.5101122260093689,-0.026820745319128036,0.8065733909606934,0.4754049777984619,0.5027225613594055,-0.12324638664722443,0.8832179307937622,0.47591906785964966,0.5621483325958252,-0.041047170758247375,0.922644317150116,0.46954917907714844,0.5125890970230103,-0.17377987504005432,0.9343217611312866,0.47611865401268005,0.5866632461547852,-0.09364203363656998,0.9230361580848694
363,12.1,0.47275862097740173,0.3652578890323639,0.005970682017505169,0.9998210668563843,0.48403143882751465,0.3835706114768982,0.025346487760543823,0.9998865723609924,0.46651291847229004,0.39693883061408997,0.04341495782136917,0.9998907446861267,0.4801613688468933,0.35781043767929077,0.023605164140462875,0.7455160617828369,0.4631783962249756,0.4242687523365021,-0.0019919746555387974,0.7896364331245422,0.4729534685611725,0.32761672139167786,0.021346990019083023,0.7098520994186401,0.4631693959236145,0.39729928970336914,-0.0824277251958847,0.8688076734542847,0.48818182945251465,0.44900742173194885,-0.007184998132288456,0.9998207688331604,0.47546204924583435,0.4526028633117676,0.007078251801431179,0.999899685382843,0.4738615155220032,0.4468078911304474,-0.10114862769842148,0.9067268967628479,0.47360944747924805,0.5105082988739014,-0.028593052178621292,0.7936240434646606,0.47474804520606995,0.5035342574119568,-0.12610659003257751,0.8685365915298462,0.47564584016799927,0.5625553727149963,-0.04434286057949066,0.9144169092178345,0.46782422065734863,0.5139065980911255,-0.1758650541305542,0.927768349647522,0.47558337450027466,0.5888230800628662,-0.09662932902574539,0.9149066805839539
364,12.133333333333333,0.4726595878601074,0.36509260535240173,-0.0037611215375363827,0.9998269081115723,0.4842251241207123,0.3834828734397888,0.014137607999145985,0.9998911023139954,0.4669351577758789,0.3966369330883026,0.03839264437556267,0.9998997449874878,0.47996941208839417,0.35802799463272095,0.015473797917366028,0.7515208721160889,0.4639790952205658,0.4237154722213745,-0.004070894327014685,0.7916380763053894,0.47289663553237915,0.3273543417453766,0.01666378602385521,0.726141631603241,0.4630258083343506,0.39754393696784973,-0.08618931472301483,0.8782864212989807,0.4882314205169678,0.4493706226348877,-0.007973067462444305,0.9998319745063782,0.4759552478790283,0.45283448696136475,0.007883520796895027,0.9999056458473206,0.47386375069618225,0.4468819499015808,-0.10731921344995499,0.9072953462600708,0.473511278629303,0.510464072227478,-0.02759135141968727,0.7794128060340881,0.473737895488739,0.5054596662521362,-0.13879750669002533,0.8644154071807861,0.47531938552856445,0.5644640922546387,-0.044379375874996185,0.908262312412262,0.46627697348594666,0.5139075517654419,-0.1919737607240677,0.9283885955810547,0.47526293992996216,0.5902010798454285,-0.09707509726285934,0.9116005301475525
365,12.166666666666666,0.47239503264427185,0.365490585565567,-0.0071047088131308556,0.9998345971107483,0.4841432571411133,0.3841216564178467,0.008433608338236809,0.9998970031738281,0.467246949672699,0.3966211974620819,0.038085564970970154,0.9999074339866638,0.4798029363155365,0.3591296374797821,0.006740529090166092,0.7646609544754028,0.4646456241607666,0.4208458662033081,-0.0024963468313217163,0.7906811237335205,0.4726741909980774,0.32693764567375183,0.00402398407459259,0.7474333643913269,0.46291470527648926,0.39966490864753723,-0.08543901145458221,0.8866931796073914,0.48803362250328064,0.44950294494628906,-0.011200550943613052,0.9998387694358826,0.47633427381515503,0.45357128977775574,0.011079668998718262,0.9999075531959534,0.4738495349884033,0.45222264528274536,-0.11343256384134293,0.9118465781211853,0.47352680563926697,0.5123454332351685,-0.015984687954187393,0.7597124576568604,0.47318607568740845,0.5092694759368896,-0.15835431218147278,0.8694325685501099,0.4750553071498871,0.5654401779174805,-0.031150678172707558,0.898377537727356,0.4642632007598877,0.5139783620834351,-0.21696138381958008,0.9325658679008484,0.47498345375061035,0.5909039974212646,-0.0808081328868866,0.9068434238433838
366,12.2,0.472235769033432,0.36600062251091003,-0.006272409111261368,0.9998401999473572,0.48409199714660645,0.38490062952041626,0.006385616958141327,0.9999026656150818,0.46784892678260803,0.3966110348701477,0.037421368062496185,0.9999123811721802,0.4796861708164215,0.36061233282089233,-0.004976356867700815,0.7803777456283569,0.46647143363952637,0.4132422208786011,-0.0015234060119837523,0.776861846446991,0.47273755073547363,0.32740485668182373,-0.021207410842180252,0.7691650986671448,0.46289125084877014,0.40147462487220764,-0.08332709968090057,0.8888009786605835,0.4877993166446686,0.45038115978240967,-0.011723221279680729,0.999845564365387,0.4765402674674988,0.4554186165332794,0.011601084843277931,0.9999079704284668,0.4738377630710602,0.4553356468677521,-0.11353302001953125,0.917600691318512,0.47336116433143616,0.5137502551078796,-0.01990964636206627,0.7566801905632019,0.4725058078765869,0.5100790858268738,-0.16227291524410248,0.878006100654602,0.47495007514953613,0.5670413374900818,-0.03540199249982834,0.8960155248641968,0.4626917243003845,0.5143185257911682,-0.2241934984922409,0.9376699328422546,0.4748184084892273,0.591413676738739,-0.08452345430850983,0.9068838953971863
367,12.233333333333333,0.4721180498600006,0.3663392663002014,-0.016584832221269608,0.9998178482055664,0.4826008379459381,0.3854215443134308,-0.00966493971645832,0.9999068379402161,0.46836692094802856,0.39651501178741455,0.025615552440285683,0.9999133944511414,0.4793456196784973,0.3616648316383362,-0.010602024383842945,0.7883597612380981,0.46761995553970337,0.4142279028892517,-0.008613049983978271,0.7393007278442383,0.47291216254234314,0.3277227580547333,-0.014497317373752594,0.7832844257354736,0.46285128593444824,0.4043140411376953,-0.08459022641181946,0.8732119202613831,0.4858763813972473,0.452483594417572,-0.012224572710692883,0.9998545050621033,0.4763803482055664,0.4573633372783661,0.012093761935830116,0.9999099373817444,0.4773736000061035,0.47142738103866577,-0.11743254959583282,0.922627866268158,0.473346084356308,0.5123124718666077,-0.01815848983824253,0.7460947632789612,0.47183752059936523,0.5110876560211182,-0.15776413679122925,0.8849793672561646,0.47479599714279175,0.5689557194709778,-0.03176034614443779,0.8960877060890198,0.46217116713523865,0.5145260095596313,-0.21513669192790985,0.9414631128311157,0.4746333658695221,0.5912387371063232,-0.0805574506521225,0.9069139361381531
368,12.266666666666667,0.47232070565223694,0.366517037153244,0.008784428238868713,0.9998255372047424,0.4665815830230713,0.39738476276397705,-0.01293848641216755,0.9999104142189026,0.47924646735191345,0.3903515636920929,0.017726413905620575,0.9999037981033325,0.46548858284950256,0.41754573583602905,-0.017394142225384712,0.7543349266052246,0.4772111475467682,0.36193928122520447,0.020162716507911682,0.7286286950111389,0.46578559279441833,0.406960666179657,-0.017655063420534134,0.7780643105506897,0.4716970920562744,0.32929694652557373,0.022767504677176476,0.8810590505599976,0.4774153232574463,0.45366957783699036,-0.012670522555708885,0.9998518824577332,0.48448389768600464,0.45732617378234863,0.012558596208691597,0.9999028444290161,0.477163165807724,0.4838179647922516,-0.058988798409700394,0.9199950098991394,0.47542184591293335,0.5027706027030945,-0.003965406212955713,0.7195833921432495,0.47108250856399536,0.5134248733520508,-0.09129851311445236,0.8899741172790527,0.4731476902961731,0.5441968441009521,-0.01703820750117302,0.8832628726959229,0.46653467416763306,0.5421203970909119,-0.12130365520715714,0.9386659264564514,0.46838197112083435,0.55461186170578,-0.04024386405944824,0.88493412733078
369,12.3,0.4723323881626129,0.36667630076408386,0.007995612919330597,0.9998341202735901,0.4668387472629547,0.39933958649635315,-0.011560684069991112,0.999915599822998,0.47944384813308716,0.38818129897117615,0.015628043562173843,0.9998970031738281,0.4641607403755188,0.4171737730503082,-0.016119876876473427,0.7187283635139465,0.4779556393623352,0.35988086462020874,0.009613416157662868,0.7223851680755615,0.46290549635887146,0.41282302141189575,0.00020101363770663738,0.7724276185035706,0.4740196168422699,0.3254643976688385,-0.001377810607664287,0.8857686519622803,0.4760056138038635,0.4553409516811371,-0.012733155861496925,0.9998565912246704,0.48427122831344604,0.458402156829834,0.01262345165014267,0.9999027848243713,0.4775134027004242,0.485603928565979,-0.07179202139377594,0.9203230142593384,0.47533541917800903,0.5085865259170532,-0.008083927445113659,0.6978769302368164,0.469672292470932,0.5148501396179199,-0.09794319421052933,0.8939456343650818,0.4732111990451813,0.5631057024002075,-0.016169654205441475,0.8760620355606079,0.46468883752822876,0.5308791399002075,-0.12872254848480225,0.9354480504989624,0.4694487154483795,0.5649316310882568,-0.040931254625320435,0.8678557872772217
370,12.333333333333334,0.47243303060531616,0.37081578373908997,0.007600641343742609,0.9998482465744019,0.4639855921268463,0.4030788540840149,-0.024034906178712845,0.9999222159385681,0.4807395040988922,0.38923290371894836,-0.0003693629405461252,0.9998955726623535,0.4627569317817688,0.42649582028388977,0.009500407613813877,0.6876659393310547,0.4782077372074127,0.35918328166007996,-0.010220845229923725,0.7298341393470764,0.46575626730918884,0.4231371283531189,0.06353293359279633,0.7549934983253479,0.4746857285499573,0.32634201645851135,-0.02780497446656227,0.8897327780723572,0.47543811798095703,0.4580914378166199,-0.015155891887843609,0.9998610019683838,0.4849478602409363,0.4590321481227875,0.015080587938427925,0.9998966455459595,0.47561344504356384,0.5148980617523193,-0.04862479493021965,0.927685022354126,0.4748591482639313,0.4800030291080475,0.02042137086391449,0.6676496863365173,0.47311705350875854,0.5692142844200134,-0.07802027463912964,0.9039136171340942,0.4679846167564392,0.5151246190071106,0.025735020637512207,0.8764728903770447,0.47228479385375977,0.5864828824996948,-0.11285152286291122,0.9409173727035522,0.46021977066993713,0.5179492831230164,0.007551130838692188,0.8673819899559021
371,12.366666666666667,0.4718681871891022,0.3715774118900299,0.001630056998692453,0.9998607039451599,0.4650614857673645,0.4031450152397156,-0.023540308699011803,0.9999275803565979,0.4814196527004242,0.38979458808898926,0.007522101514041424,0.9998972415924072,0.46103987097740173,0.42454952001571655,0.008348960429430008,0.6714252829551697,0.477872759103775,0.35776999592781067,-0.009539997205138206,0.739262044429779,0.46714502573013306,0.4182266592979431,0.058687299489974976,0.7548121213912964,0.4752293527126312,0.32518860697746277,-0.03645215183496475,0.8979892730712891,0.47496137022972107,0.46048110723495483,-0.01788586564362049,0.9998655915260315,0.4858296513557434,0.46082034707069397,0.017805393785238266,0.9998936653137207,0.47457465529441833,0.5156304240226746,-0.05198870971798897,0.9341117143630981,0.4748463034629822,0.477082222700119,0.022722119465470314,0.6422198414802551,0.47444814443588257,0.5724829435348511,-0.08953563868999481,0.9128026962280273,0.46605125069618225,0.514594554901123,0.020846838131546974,0.8764675855636597,0.4736083447933197,0.5900775790214539,-0.12674450874328613,0.9457197189331055,0.458565890789032,0.5170045495033264,0.002157526556402445,0.8667847514152527
372,12.4,0.4728134274482727,0.37489381432533264,0.017194487154483795,0.9998723864555359,0.46583396196365356,0.40473830699920654,-0.005190686788409948,0.9999332427978516,0.4813043475151062,0.39229801297187805,-0.001380230882205069,0.99989914894104,0.46067148447036743,0.428729385137558,0.030636608600616455,0.6617550849914551,0.4788033366203308,0.362169086933136,-0.025779347866773605,0.7579942941665649,0.46738624572753906,0.4292580783367157,0.07867708802223206,0.7492677569389343,0.4764500558376312,0.3302144408226013,-0.04115823283791542,0.9037286639213562,0.47485432028770447,0.463045597076416,-0.008665351197123528,0.9998741149902344,0.48467350006103516,0.46287357807159424,0.008609410375356674,0.9998965263366699,0.4734649062156677,0.5205784440040588,-0.03417133167386055,0.9403142333030701,0.4747372269630432,0.4805282652378082,-0.006320419255644083,0.6616106629371643,0.4752751886844635,0.5746860504150391,-0.06625369936227798,0.9209644794464111,0.4639984667301178,0.5136352181434631,-0.027015110477805138,0.8845177888870239,0.47271499037742615,0.5927494764328003,-0.09638608992099762,0.9497970938682556,0.45698466897010803,0.5185814499855042,-0.03183910250663757,0.8735615015029907
373,12.433333333333334,0.47344478964805603,0.37442606687545776,0.03022405132651329,0.999884307384491,0.46536746621131897,0.4047258198261261,-0.0018985175993293524,0.9999390840530396,0.4830874502658844,0.3927823305130005,0.004583259578794241,0.9999038577079773,0.4606977105140686,0.434903085231781,0.03429105505347252,0.6605057120323181,0.4794606566429138,0.3645373582839966,-0.01711868867278099,0.777405858039856,0.4680534899234772,0.4275865852832794,0.08815929293632507,0.7375879883766174,0.47678637504577637,0.3330889046192169,-0.026048947125673294,0.9076732397079468,0.47501540184020996,0.46534204483032227,-0.00968796294182539,0.9998830556869507,0.48558902740478516,0.4648781716823578,0.009614985436201096,0.9999008774757385,0.47296857833862305,0.5216028690338135,-0.028313148766756058,0.9460942149162292,0.4746631979942322,0.48090603947639465,0.013303752057254314,0.6715289354324341,0.47551316022872925,0.5759247541427612,-0.05649099498987198,0.9284403324127197,0.46255651116371155,0.513173520565033,0.004754944704473019,0.8911845684051514,0.47219938039779663,0.5940737724304199,-0.08169028908014297,0.9538614153862,0.45558294653892517,0.5181570053100586,-0.00549198966473341,0.8797214031219482
374,12.466666666666667,0.47361570596694946,0.3762993812561035,0.04404890537261963,0.9998952746391296,0.46520328521728516,0.4055415391921997,0.008778280578553677,0.9999445676803589,0.4823635518550873,0.3940031826496124,0.015154605731368065,0.9999094605445862,0.46106863021850586,0.43837568163871765,0.03903060033917427,0.674285888671875,0.47883814573287964,0.36508315801620483,-0.0005649220547638834,0.7956341505050659,0.46658357977867126,0.4285809099674225,0.08637156337499619,0.7466657757759094,0.4763292670249939,0.3339836895465851,-0.005073038395494223,0.9138210415840149,0.4748934805393219,0.4675648510456085,-0.01023709587752819,0.9998907446861267,0.4854136109352112,0.46669405698776245,0.010160757228732109,0.9999039173126221,0.47275441884994507,0.5234012007713318,-0.030225271359086037,0.9513357281684875,0.4743470549583435,0.478733092546463,0.01155744306743145,0.6874234080314636,0.4757917523384094,0.5778371691703796,-0.06264252960681915,0.9352355003356934,0.46192026138305664,0.5135888457298279,-0.0025814606342464685,0.8980115056037903,0.4717558026313782,0.5963612794876099,-0.08798405528068542,0.9576196074485779,0.45506444573402405,0.5189288854598999,-0.01591310277581215,0.8858414888381958
375,12.5,0.4739566445350647,0.3792107105255127,0.051938652992248535,0.9999048709869385,0.46509480476379395,0.40677109360694885,0.02206556871533394,0.9999495148658752,0.48152637481689453,0.39566585421562195,0.019436130300164223,0.999914824962616,0.4608073830604553,0.43995174765586853,0.0568089485168457,0.6650388836860657,0.47926026582717896,0.3662034273147583,-0.0007093273452483118,0.8091425895690918,0.4670882225036621,0.4307410418987274,0.10929246991872787,0.7359455227851868,0.47701287269592285,0.3350903391838074,-0.008474983274936676,0.9164644479751587,0.4745963215827942,0.4692152142524719,-0.0077716512605547905,0.9998975992202759,0.48515748977661133,0.46807533502578735,0.007701860275119543,0.9999072551727295,0.47220101952552795,0.5233093500137329,-0.026607370004057884,0.9557170271873474,0.47388285398483276,0.4817237854003906,-0.003083205781877041,0.6968238353729248,0.47622498869895935,0.576534628868103,-0.0603499598801136,0.9403305649757385,0.46013474464416504,0.5159101486206055,-0.032670579850673676,0.9001513719558716,0.47209447622299194,0.5976210832595825,-0.08253095299005508,0.9590851068496704,0.45438152551651,0.5193793773651123,-0.045252468436956406,0.8863078355789185
376,12.533333333333333,0.47402024269104004,0.37874871492385864,0.039803214371204376,0.9999142289161682,0.4651819169521332,0.4075101315975189,0.01172499917447567,0.9999544024467468,0.4813571870326996,0.39721158146858215,0.01640583947300911,0.9999204277992249,0.4610753059387207,0.4432242810726166,0.04967480152845383,0.6821458339691162,0.47893714904785156,0.36753955483436584,0.004159354139119387,0.8205788135528564,0.46421074867248535,0.4372543394565582,0.10657397657632828,0.7526738047599792,0.47651395201683044,0.3382466435432434,0.009186066687107086,0.9172571897506714,0.47490233182907104,0.4714058041572571,-0.007744678761810064,0.9999058842658997,0.4848739206790924,0.4701042175292969,0.007677128072828054,0.9999123811721802,0.47161048650741577,0.5253072381019592,-0.027902990579605103,0.9598061442375183,0.4734007716178894,0.4839702546596527,-0.003038812894374132,0.7122856974601746,0.4769006371498108,0.57802814245224,-0.05789252370595932,0.9454726576805115,0.45777779817581177,0.5188890099525452,-0.027409378439188004,0.9042154550552368,0.4718194901943207,0.598131537437439,-0.0795971006155014,0.9615961909294128,0.4525141716003418,0.5176445245742798,-0.044131357222795486,0.8905721306800842
377,12.566666666666666,0.47218602895736694,0.3810027539730072,0.015926610678434372,0.9999088048934937,0.4748346209526062,0.4072367250919342,0.0014875654596835375,0.9999582171440125,0.46972760558128357,0.40936246514320374,0.05441828444600105,0.9999221563339233,0.4722878336906433,0.3779101073741913,-0.00984202977269888,0.7109007239341736,0.4675076901912689,0.4416305124759674,0.03109627403318882,0.760593831539154,0.4717094302177429,0.34544384479522705,-0.017478806897997856,0.7762603759765625,0.4619373679161072,0.44296345114707947,-0.027143070474267006,0.8964186906814575,0.47765785455703735,0.4692598879337311,-0.018069468438625336,0.9999141097068787,0.47817912697792053,0.4721795916557312,0.017944667488336563,0.9999180436134338,0.47513681650161743,0.5181112289428711,-0.10234759747982025,0.9629221558570862,0.46671849489212036,0.5048384666442871,-0.03585601598024368,0.7204296588897705,0.4772377014160156,0.576071560382843,-0.125106543302536,0.944951057434082,0.4569903314113617,0.5208459496498108,-0.08212267607450485,0.8995885252952576,0.4703901410102844,0.5911081433296204,-0.165583536028862,0.9592227935791016,0.4521609842777252,0.5239035487174988,-0.1204385980963707,0.8895137310028076
378,12.6,0.4718499779701233,0.38124898076057434,0.03656361252069473,0.999914824962616,0.46678876876831055,0.4114270806312561,-0.0003708406293299049,0.9999617338180542,0.4767347276210785,0.4069136679172516,0.04096683859825134,0.9999091029167175,0.4677426218986511,0.44401130080223083,0.0033609860111027956,0.7048625946044922,0.4734594225883484,0.373826801776886,0.045334942638874054,0.7358038425445557,0.46190348267555237,0.44443634152412415,0.02304217219352722,0.7814453840255737,0.4712732434272766,0.35440903902053833,0.05650336667895317,0.864409863948822,0.47633904218673706,0.47485804557800293,-0.019820140674710274,0.9999185800552368,0.48019498586654663,0.4732246398925781,0.01972873881459236,0.9999163746833801,0.47243374586105347,0.5271033644676208,-0.04719304293394089,0.9649675488471985,0.46853533387184143,0.49778926372528076,0.0229925736784935,0.6918827295303345,0.47775983810424805,0.5790532231330872,-0.06726416945457458,0.947998046875,0.45565325021743774,0.521819531917572,0.015064725652337074,0.889149010181427,0.4706730246543884,0.598992645740509,-0.09438728541135788,0.9590681195259094,0.4501873552799225,0.5180243849754333,0.0021241013891994953,0.8786200284957886
379,12.633333333333333,0.47116294503211975,0.3826909363269806,0.009869802743196487,0.9999139308929443,0.4658309817314148,0.41257163882255554,-0.014633660204708576,0.9999634623527527,0.4767639636993408,0.40412136912345886,0.038781262934207916,0.9998855590820312,0.46601635217666626,0.44940057396888733,-0.006891685537993908,0.6897574067115784,0.47367048263549805,0.369522362947464,0.027037763968110085,0.7217180728912354,0.46057701110839844,0.4543948173522949,0.009677962400019169,0.7845261096954346,0.4725450873374939,0.3437030613422394,0.023686809465289116,0.8611997961997986,0.47592979669570923,0.47662854194641113,-0.019492559134960175,0.9999156594276428,0.48039454221725464,0.4739721119403839,0.01939828135073185,0.9999058246612549,0.47117623686790466,0.5280511379241943,-0.0429297611117363,0.9638173580169678,0.46935543417930603,0.48921093344688416,0.02465602569282055,0.6493474245071411,0.47803574800491333,0.5807554721832275,-0.060997605323791504,0.9486375451087952,0.4553593695163727,0.5222581028938293,0.019067253917455673,0.8731352686882019,0.4708649516105652,0.6005783677101135,-0.09187092632055283,0.9564967751502991,0.449794203042984,0.5193125009536743,0.0014494528295472264,0.8646549582481384
380,12.666666666666666,0.47080880403518677,0.38359910249710083,-0.001945260213688016,0.9998897910118103,0.4661427438259125,0.4110809862613678,-0.032210491597652435,0.9999648332595825,0.4743950366973877,0.4073348045349121,0.03218895196914673,0.9998826384544373,0.46710601449012756,0.42329567670822144,-0.050815097987651825,0.678828775882721,0.46912264823913574,0.43966296315193176,0.026726359501481056,0.6533529162406921,0.46209555864334106,0.4334862232208252,-0.06158328801393509,0.7593221664428711,0.4606166481971741,0.45866304636001587,0.004301114939153194,0.8014202117919922,0.47556179761886597,0.47707173228263855,-0.02147284522652626,0.999921441078186,0.4799915850162506,0.4746617078781128,0.02137398160994053,0.9999110698699951,0.46991509199142456,0.5280472040176392,-0.027017125859856606,0.9589337110519409,0.4672391414642334,0.49201637506484985,0.013031664304435253,0.6207644939422607,0.47827276587486267,0.5807009935379028,-0.03002927079796791,0.9441054463386536,0.4541305899620056,0.5225031971931458,0.01662609353661537,0.858251690864563,0.4710008502006531,0.5996565222740173,-0.054690271615982056,0.9449498057365417,0.4490675926208496,0.5208742618560791,-0.014598309993743896,0.8531962633132935
381,12.7,0.4707314372062683,0.38442131876945496,-0.0012529011582955718,0.9997665286064148,0.47471490502357483,0.40963393449783325,-0.018350789323449135,0.9999656677246094,0.4658612310886383,0.41410118341445923,0.058909039944410324,0.9998751878738403,0.47183260321617126,0.38364389538764954,-0.04700126498937607,0.7045188546180725,0.4655473828315735,0.4496479332447052,0.07087536156177521,0.5923197865486145,0.4692293703556061,0.35245537757873535,-0.07674364745616913,0.7777746319770813,0.45869818329811096,0.46906742453575134,0.04699020832777023,0.7373464107513428,0.47799453139305115,0.475106418132782,-0.021684523671865463,0.9999281167984009,0.47647660970687866,0.4762811064720154,0.0215795636177063,0.9999174475669861,0.4693481922149658,0.524806559085846,-0.08448655158281326,0.9603530168533325,0.4679521918296814,0.5008203983306885,-0.057478684931993484,0.644303023815155,0.47813883423805237,0.5795264840126038,-0.08535319566726685,0.9336512088775635,0.453871488571167,0.5227255821228027,-0.13170817494392395,0.864963173866272,0.4708540439605713,0.5974034667015076,-0.11985842138528824,0.9357157945632935,0.4487592279911041,0.5191507339477539,-0.1788158118724823,0.8621713519096375
382,12.733333333333333,0.4705798029899597,0.38565361499786377,0.0005433956393972039,0.9997865557670593,0.4764820635318756,0.40956640243530273,-0.0078379912301898,0.9999678730964661,0.464251846075058,0.416552871465683,0.05881636589765549,0.9998794198036194,0.4731554090976715,0.38299310207366943,-0.0410165935754776,0.725827693939209,0.4648308753967285,0.4512924253940582,0.06444615870714188,0.5370951890945435,0.47028571367263794,0.3508453965187073,-0.07789884507656097,0.7950546145439148,0.45871585607528687,0.473768949508667,0.03969421982765198,0.6727598905563354,0.4785439074039459,0.47507986426353455,-0.02140435017645359,0.9999312162399292,0.4751843810081482,0.47868630290031433,0.02128184214234352,0.9999170303344727,0.4685289263725281,0.52299565076828,-0.11997246742248535,0.962173342704773,0.46800294518470764,0.5189347267150879,-0.028024574741721153,0.6151331067085266,0.4644787907600403,0.5582011938095093,-0.17386527359485626,0.9324260354042053,0.46481403708457947,0.5561114549636841,-0.06040958687663078,0.8181571364402771,0.45070338249206543,0.5551823377609253,-0.22784271836280823,0.93879634141922,0.4598589837551117,0.5549768805503845,-0.09824519604444504,0.8347591757774353
383,12.766666666666667,0.47059616446495056,0.38811194896698,-0.006249560974538326,0.9998062252998352,0.4786740243434906,0.40890324115753174,0.00141052040271461,0.9999656081199646,0.4631185531616211,0.41836389899253845,0.05220874026417732,0.999883770942688,0.47370561957359314,0.3831457793712616,-0.04275532066822052,0.7514027953147888,0.4642356038093567,0.4542246162891388,0.05042469501495361,0.5120533108711243,0.4701053202152252,0.3518124222755432,-0.08897252380847931,0.8119180798530579,0.4590216279029846,0.480135440826416,0.027791153639554977,0.6723697185516357,0.4805530607700348,0.4755041301250458,-0.020437855273485184,0.9999300241470337,0.47370806336402893,0.4806120991706848,0.020312564447522163,0.9999172687530518,0.4688306450843811,0.5007284879684448,-0.14763659238815308,0.9654080271720886,0.46742337942123413,0.5286599397659302,0.00371340848505497,0.6468197703361511,0.4533969759941101,0.5324856042861938,-0.2378479242324829,0.9373734593391418,0.4768036901950836,0.5807397365570068,0.03762321546673775,0.8324691653251648,0.44330310821533203,0.5227461457252502,-0.29672789573669434,0.9448577165603638,0.4699276089668274,0.5997884273529053,0.006119041703641415,0.8494206070899963
384,12.8,0.4706633985042572,0.38794735074043274,-0.008327240124344826,0.9998221397399902,0.4781448245048523,0.40850672125816345,0.00045075066736899316,0.999962568283081,0.4633001685142517,0.4189385175704956,0.048931706696748734,0.9998852014541626,0.47376203536987305,0.38437619805336,-0.04865728318691254,0.7739427089691162,0.4644263684749603,0.45553818345069885,0.044691912829875946,0.484430730342865,0.4697481095790863,0.35389310121536255,-0.10118736326694489,0.8249536156654358,0.45914262533187866,0.4840947389602661,0.020700085908174515,0.6567042469978333,0.4812941551208496,0.47566160559654236,-0.019940370693802834,0.9999295473098755,0.47376585006713867,0.48121821880340576,0.01981194131076336,0.9999181032180786,0.46849995851516724,0.5018645524978638,-0.1442885547876358,0.9678902626037598,0.46723031997680664,0.5300038456916809,0.00874505564570427,0.6718291640281677,0.4520036280155182,0.5326195359230042,-0.2323307991027832,0.940342128276825,0.477848619222641,0.5804450511932373,0.03852194547653198,0.8441293835639954,0.4437186121940613,0.5233126282691956,-0.2897133529186249,0.950244128704071,0.47103291749954224,0.6003195643424988,0.0068287318572402,0.861479640007019
385,12.833333333333334,0.47059178352355957,0.38893458247184753,-0.007933037355542183,0.9998390674591064,0.4773331582546234,0.4082706570625305,-0.0011514757061377168,0.9999629259109497,0.46303635835647583,0.4206235706806183,0.047352176159620285,0.99989253282547,0.4735943675041199,0.38670578598976135,-0.05963291972875595,0.7959980964660645,0.46407708525657654,0.45796945691108704,0.04389681667089462,0.47996005415916443,0.4694367051124573,0.357066810131073,-0.1184966117143631,0.8414817452430725,0.45921358466148376,0.48737624287605286,0.02297244779765606,0.673276424407959,0.481968492269516,0.4764944612979889,-0.019784383475780487,0.9999324679374695,0.47377753257751465,0.4822557270526886,0.019648650661110878,0.9999226331710815,0.46829214692115784,0.502784013748169,-0.1408247947692871,0.970978856086731,0.466919481754303,0.532443642616272,0.010195450857281685,0.7021827697753906,0.4515492916107178,0.534669816493988,-0.21632656455039978,0.9456982612609863,0.47847238183021545,0.5815098881721497,0.044950444251298904,0.8583277463912964,0.4435933530330658,0.5238279700279236,-0.2686251103878021,0.9551895260810852,0.4705581068992615,0.6005401611328125,0.01636287197470665,0.8744280934333801
386,12.866666666666667,0.469829797744751,0.38842159509658813,-0.02968999184668064,0.9998540878295898,0.4769398272037506,0.40859031677246094,-0.0341813787817955,0.9999637603759766,0.4637869894504547,0.4209480285644531,0.03067859634757042,0.9999016523361206,0.4731261134147644,0.3888697326183319,-0.09269197285175323,0.8162001967430115,0.4641517102718353,0.45918160676956177,0.04037723317742348,0.4956335723400116,0.4689443111419678,0.36015331745147705,-0.1489400416612625,0.8569228649139404,0.45946407318115234,0.4907516539096832,0.021265532821416855,0.701705813407898,0.4818612039089203,0.4770023226737976,-0.02096334658563137,0.9999371767044067,0.47392672300338745,0.48206502199172974,0.020839782431721687,0.999928891658783,0.46808868646621704,0.5087511539459229,-0.12187530100345612,0.9738366007804871,0.46691060066223145,0.5314725041389465,0.02645063027739525,0.7311131954193115,0.45096006989479065,0.5388484597206116,-0.17454984784126282,0.9508132934570312,0.47792649269104004,0.5797804594039917,0.06885654479265213,0.8722588419914246,0.44116130471229553,0.5392877459526062,-0.2591199278831482,0.9596377611160278,0.4717298448085785,0.5989751815795898,0.04024522006511688,0.886584997177124
387,12.9,0.4699043333530426,0.38848623633384705,-0.03725852817296982,0.9998673796653748,0.47643858194351196,0.4095308184623718,-0.04018687456846237,0.9999629855155945,0.4635314345359802,0.42036858201026917,0.025692645460367203,0.9999094605445862,0.4714767336845398,0.3905259370803833,-0.09021516889333725,0.8344074487686157,0.46349844336509705,0.45919063687324524,0.03821679204702377,0.5043016076087952,0.4678526818752289,0.3614640533924103,-0.13479496538639069,0.8706676363945007,0.4598711431026459,0.49356377124786377,0.02464936301112175,0.7239102125167847,0.48199591040611267,0.4779631793498993,-0.021909501403570175,0.9999420642852783,0.473172664642334,0.48250812292099,0.021798089146614075,0.99993497133255,0.4682820439338684,0.5091855525970459,-0.12448251247406006,0.9764402508735657,0.46662992238998413,0.532030463218689,0.029447823762893677,0.7575415372848511,0.4509454667568207,0.5403349995613098,-0.16218799352645874,0.955655038356781,0.47787147760391235,0.5789942741394043,0.08018357306718826,0.8849117755889893,0.4438094198703766,0.5335785150527954,-0.22185733914375305,0.9636649489402771,0.4733811318874359,0.59867924451828,0.052638184279203415,0.8977303504943848
388,12.933333333333334,0.46973925828933716,0.39067769050598145,-0.03101871907711029,0.9998805522918701,0.4765221178531647,0.41033726930618286,-0.03036600910127163,0.9999648928642273,0.463183730840683,0.42073342204093933,0.02724548615515232,0.9999168515205383,0.4713740348815918,0.39196738600730896,-0.09160800278186798,0.8508320450782776,0.4631597399711609,0.4597082734107971,0.03586084023118019,0.48926854133605957,0.46732836961746216,0.36493122577667236,-0.15289714932441711,0.8832957148551941,0.4600878357887268,0.495015025138855,0.02706919237971306,0.725790798664093,0.4823947548866272,0.4789104461669922,-0.0209298487752676,0.9999457001686096,0.4728754162788391,0.48326027393341064,0.02082442119717598,0.9999397993087769,0.468320369720459,0.5073397159576416,-0.12824033200740814,0.9787701964378357,0.4664522111415863,0.5328723192214966,0.004540303722023964,0.7812394499778748,0.4514325261116028,0.5410107970237732,-0.21019761264324188,0.9599761366844177,0.4780386984348297,0.579731822013855,0.06469635665416718,0.8961582183837891,0.44360774755477905,0.5227749943733215,-0.26181674003601074,0.9672926664352417,0.4725823402404785,0.5965696573257446,0.01545607578009367,0.907724142074585
389,12.966666666666667,0.46978408098220825,0.3903083801269531,-0.03575563430786133,0.9998914003372192,0.4766072630882263,0.41054877638816833,-0.030605193227529526,0.9999608993530273,0.4629974365234375,0.4203953742980957,0.027581170201301575,0.9999213218688965,0.47047004103660583,0.39111289381980896,-0.07866546511650085,0.8654598593711853,0.46326446533203125,0.4597448706626892,0.03318881243467331,0.4847329556941986,0.4666919708251953,0.366428405046463,-0.12425490468740463,0.8933118581771851,0.4603615403175354,0.49649861454963684,0.018341124057769775,0.7323737144470215,0.48248475790023804,0.4797452390193939,-0.020801957696676254,0.9999490976333618,0.4725942611694336,0.48310503363609314,0.020692452788352966,0.9999443888664246,0.4683261513710022,0.5077365040779114,-0.12653744220733643,0.9808614253997803,0.46630868315696716,0.5331279039382935,0.013874907977879047,0.8025575876235962,0.45115822553634644,0.5422350764274597,-0.19498656690120697,0.9638636708259583,0.4780440926551819,0.5797114968299866,0.061586152762174606,0.9063740968704224,0.44432124495506287,0.526653528213501,-0.24270489811897278,0.9705564975738525,0.47294965386390686,0.5975162386894226,0.03411906212568283,0.9167159199714661
390,13.0,0.4696353077888489,0.38985753059387207,-0.03781912475824356,0.9999021887779236,0.4764932692050934,0.4109020531177521,-0.03350352868437767,0.9999619722366333,0.4629364609718323,0.42098304629325867,0.0317690335214138,0.9999276399612427,0.4700079560279846,0.39122503995895386,-0.07156679034233093,0.8788864612579346,0.46350765228271484,0.460851788520813,0.04156901687383652,0.5006226897239685,0.4658587574958801,0.3673512041568756,-0.108751080930233,0.9036566615104675,0.46050339937210083,0.49861228466033936,0.026934701949357986,0.7469995617866516,0.48254767060279846,0.48215463757514954,-0.022863397374749184,0.9999535083770752,0.47255903482437134,0.4848881959915161,0.022752704098820686,0.9999493956565857,0.4681643545627594,0.5092763304710388,-0.13305653631687164,0.9827739000320435,0.465538889169693,0.5340620875358582,0.01576044410467148,0.8222584128379822,0.45133495330810547,0.5440152287483215,-0.2129642516374588,0.9674682021141052,0.4782593250274658,0.5796023607254028,0.06366749852895737,0.9157145023345947,0.44495195150375366,0.5276662111282349,-0.2616720497608185,0.9735004901885986,0.4730347692966461,0.5975216627120972,0.03919617086648941,0.9250224828720093
391,13.033333333333333,0.4691529870033264,0.3905969262123108,-0.050167035311460495,0.999911904335022,0.476499080657959,0.4125727415084839,-0.045776110142469406,0.9999623894691467,0.4629896283149719,0.4214528501033783,0.024396829307079315,0.9999333024024963,0.4704785943031311,0.3941909074783325,-0.08669298142194748,0.890862762928009,0.46378153562545776,0.46065962314605713,0.029955336824059486,0.508786141872406,0.4658845365047455,0.3763888478279114,-0.12026403844356537,0.912098228931427,0.4606015682220459,0.502176821231842,0.010357622057199478,0.7581139802932739,0.4824298024177551,0.48395487666130066,-0.023153752088546753,0.9999574422836304,0.4724334180355072,0.48603761196136475,0.023050058633089066,0.9999539256095886,0.46816596388816833,0.5102089643478394,-0.12703251838684082,0.9844931960105896,0.4654368460178375,0.5340230464935303,0.017131851986050606,0.8399021625518799,0.45155173540115356,0.5475977659225464,-0.18571226298809052,0.970705509185791,0.47800201177597046,0.5794468522071838,0.07622846961021423,0.9240731596946716,0.44541501998901367,0.5302375555038452,-0.23147490620613098,0.9761486053466797,0.4732631742954254,0.5970339775085449,0.05339108034968376,0.9324144721031189
392,13.066666666666666,0.46851181983947754,0.3890315294265747,-0.05320213362574577,0.9999207258224487,0.47641831636428833,0.4131425619125366,-0.0604853518307209,0.999966025352478,0.4632874131202698,0.42152732610702515,0.01284920983016491,0.9999397397041321,0.4704769253730774,0.3990645110607147,-0.1260048747062683,0.9017735123634338,0.4645663797855377,0.4618145823478699,0.01804155483841896,0.5072521567344666,0.46402430534362793,0.37785622477531433,-0.1864616870880127,0.9208802580833435,0.460807740688324,0.5021954774856567,0.00815206952393055,0.770483672618866,0.4820067882537842,0.4848322570323944,-0.02271622233092785,0.9999615550041199,0.47184428572654724,0.4879101514816284,0.02260410226881504,0.9999583959579468,0.46804365515708923,0.5109201073646545,-0.12071797996759415,0.9860436320304871,0.4648895263671875,0.5360813140869141,0.02434220165014267,0.8558972477912903,0.45220327377319336,0.5498098134994507,-0.16060985624790192,0.9736323952674866,0.4781607687473297,0.5794603824615479,0.0878506451845169,0.931657612323761,0.44582563638687134,0.5319485664367676,-0.19888940453529358,0.9785335659980774,0.47329527139663696,0.5979433059692383,0.06704217940568924,0.9391622543334961
393,13.1,0.4681169092655182,0.38708969950675964,-0.04907151311635971,0.9999286532402039,0.4763835370540619,0.4129994809627533,-0.0554133839905262,0.9999692440032959,0.46339744329452515,0.4213002622127533,0.017803747206926346,0.9999451637268066,0.4701994061470032,0.40116721391677856,-0.12126580625772476,0.9115912914276123,0.4669175148010254,0.4593019187450409,0.020172713324427605,0.473997563123703,0.4629839062690735,0.3811866343021393,-0.18447858095169067,0.9287768006324768,0.46300095319747925,0.49681293964385986,0.006684913299977779,0.7401202321052551,0.4816698431968689,0.4839199185371399,-0.02252138964831829,0.999965250492096,0.47179895639419556,0.4871712028980255,0.02239457331597805,0.999962329864502,0.467822402715683,0.5110417008399963,-0.1188061386346817,0.987438440322876,0.46473678946495056,0.536451518535614,0.017743999138474464,0.8702757358551025,0.45263558626174927,0.5519747138023376,-0.16677232086658478,0.976263701915741,0.4785628914833069,0.5798577070236206,0.06652246415615082,0.9384782314300537,0.44613733887672424,0.5330450534820557,-0.20669572055339813,0.9806799292564392,0.4737655520439148,0.5982443690299988,0.04078012332320213,0.9452295303344727
394,13.133333333333333,0.46766337752342224,0.3869844675064087,-0.057824648916721344,0.9999358057975769,0.47621864080429077,0.413091242313385,-0.058778904378414154,0.9999722838401794,0.4636339247226715,0.42139843106269836,0.006851510144770145,0.9999502301216125,0.4719617962837219,0.4074253439903259,-0.1285088062286377,0.9204307198524475,0.468641996383667,0.45844587683677673,0.012619413435459137,0.4403192698955536,0.4635826647281647,0.39098742604255676,-0.20072653889656067,0.9358959197998047,0.4675537645816803,0.4966215491294861,0.00915333442389965,0.6974524855613708,0.4809788167476654,0.4853886067867279,-0.019640110433101654,0.9999685883522034,0.4711269736289978,0.48803579807281494,0.0195759329944849,0.9999659061431885,0.46777135133743286,0.5124346017837524,-0.11184783279895782,0.9886939525604248,0.4646368622779846,0.5372790098190308,0.02157669886946678,0.883215069770813,0.4529014229774475,0.5545013546943665,-0.1521720290184021,0.9786337614059448,0.4784161448478699,0.5797571539878845,0.0797373503446579,0.9446136951446533,0.4459981322288513,0.5345010757446289,-0.1934775710105896,0.9826117753982544,0.474133163690567,0.5993837118148804,0.05486024543642998,0.9506906867027283
395,13.166666666666666,0.467745304107666,0.3869971036911011,-0.07317637652158737,0.9999422430992126,0.4761596620082855,0.41312214732170105,-0.07234813272953033,0.9999750256538391,0.46380680799484253,0.4215557873249054,0.0009489402291364968,0.9999549984931946,0.4720277786254883,0.4090476632118225,-0.13655030727386475,0.9283851385116577,0.4685182571411133,0.4588741362094879,0.005323532968759537,0.4285872280597687,0.4632788300514221,0.3932170867919922,-0.19983810186386108,0.94230055809021,0.46613413095474243,0.49530601501464844,-0.007209320552647114,0.6940471529960632,0.4802982211112976,0.4866146445274353,-0.020350676029920578,0.9999716281890869,0.47069770097732544,0.48900094628334045,0.020304271951317787,0.9999692440032959,0.46682968735694885,0.5188090205192566,-0.10735751688480377,0.989824116230011,0.46448278427124023,0.5383897423744202,0.033856101334095,0.8948661684989929,0.45300015807151794,0.5608233213424683,-0.12070944160223007,0.9807671308517456,0.4783101975917816,0.580231249332428,0.10169551521539688,0.950138509273529,0.44648241996765137,0.5407209396362305,-0.15730248391628265,0.984350323677063,0.47411075234413147,0.5999660491943359,0.07904309779405594,0.9556071758270264
396,13.2,0.467679500579834,0.38751330971717834,-0.07945103198289871,0.9999480247497559,0.47586289048194885,0.4130711555480957,-0.0745137482881546,0.9999774098396301,0.463894784450531,0.4213962256908417,-0.0028053310234099627,0.9999591708183289,0.4725809097290039,0.41249075531959534,-0.13652801513671875,0.9355236887931824,0.4684334695339203,0.45829251408576965,0.0025238902308046818,0.4145415723323822,0.4634861350059509,0.40109705924987793,-0.19802594184875488,0.9480077028274536,0.4662655293941498,0.4932279884815216,-0.011234902776777744,0.6815266609191895,0.4797820448875427,0.486776739358902,-0.021139351651072502,0.9999743700027466,0.47034281492233276,0.48839104175567627,0.021089453250169754,0.9999722242355347,0.4668726325035095,0.528384268283844,-0.10662051290273666,0.9908392429351807,0.4644186496734619,0.539157509803772,0.032450102269649506,0.9052162766456604,0.45314890146255493,0.565375030040741,-0.09887129813432693,0.9826726913452148,0.47817716002464294,0.5802247524261475,0.10427314043045044,0.9550251960754395,0.44672712683677673,0.5583270788192749,-0.13351188600063324,0.9859127402305603,0.4737182557582855,0.6000653505325317,0.08292848616838455,0.9599528908729553
397,13.233333333333333,0.467761367559433,0.388531357049942,-0.06929158419370651,0.9999532103538513,0.4756259322166443,0.4134185016155243,-0.06889097392559052,0.999979555606842,0.4641377329826355,0.4212859570980072,0.0057362960651516914,0.9999629259109497,0.47245344519615173,0.41524457931518555,-0.1289597600698471,0.9419644474983215,0.468726247549057,0.4588077664375305,0.006776904221624136,0.42020323872566223,0.4626534879207611,0.405366986989975,-0.18333280086517334,0.9531844854354858,0.46580439805984497,0.49349892139434814,-0.013711990788578987,0.6996222138404846,0.47870689630508423,0.4875777065753937,-0.022346582263708115,0.9999768733978271,0.4700860381126404,0.4885181784629822,0.022287245839834213,0.9999749064445496,0.4662812650203705,0.5305052995681763,-0.1080644279718399,0.9917546510696411,0.4642721712589264,0.539912760257721,0.02879416011273861,0.9146624803543091,0.4531324803829193,0.5745326280593872,-0.11925019323825836,0.9844015836715698,0.4781583845615387,0.5801429152488708,0.09095952659845352,0.9595090746879578,0.4474337100982666,0.5588564276695251,-0.15514269471168518,0.9873210787773132,0.47364577651023865,0.6000147461891174,0.0688994973897934,0.9639409184455872
398,13.266666666666667,0.46787652373313904,0.38942772150039673,-0.06871627271175385,0.9999579191207886,0.4756242334842682,0.41460517048835754,-0.06691387295722961,0.9999814033508301,0.46418124437332153,0.4202243685722351,0.008218888193368912,0.9999650120735168,0.47093063592910767,0.41719555854797363,-0.12527737021446228,0.947731077671051,0.46879059076309204,0.4569387137889862,0.011043297126889229,0.38734114170074463,0.46263688802719116,0.41057735681533813,-0.1817706972360611,0.9577657580375671,0.4674232006072998,0.48852527141571045,-0.006681028753519058,0.6457544565200806,0.47795242071151733,0.48781687021255493,-0.02283005602657795,0.9999790787696838,0.46928438544273376,0.48822253942489624,0.022770781069993973,0.9999772310256958,0.4658146798610687,0.5332983732223511,-0.10024251788854599,0.992573618888855,0.46419209241867065,0.5392083525657654,0.020109456032514572,0.9227263331413269,0.453155517578125,0.579831063747406,-0.10765422880649567,0.9859448671340942,0.4780999720096588,0.5798684358596802,0.07384609431028366,0.9633636474609375,0.4448069930076599,0.580540657043457,-0.14598348736763,0.9885854721069336,0.4734829068183899,0.6002753973007202,0.05181114003062248,0.9673742055892944
399,13.3,0.46792054176330566,0.3897132873535156,-0.046245504170656204,0.9999620914459229,0.4755879342556,0.4153949022293091,-0.04889592528343201,0.9999830722808838,0.4641661047935486,0.4167732298374176,0.02490084432065487,0.9999645352363586,0.472135454416275,0.41898638010025024,-0.10477469116449356,0.952937126159668,0.47305232286453247,0.444233775138855,0.035451747477054596,0.350956529378891,0.46365565061569214,0.4188164472579956,-0.16687949001789093,0.9618875980377197,0.4728658199310303,0.46960246562957764,0.031018689274787903,0.5837640166282654,0.4777180552482605,0.48735225200653076,-0.022684838622808456,0.9999809861183167,0.46901360154151917,0.48804551362991333,0.02263198420405388,0.9999790787696838,0.4659295082092285,0.530262291431427,-0.1025407686829567,0.993306577205658,0.4642488360404968,0.5385688543319702,-0.0013331032823771238,0.9296116828918457,0.45372310280799866,0.5797333717346191,-0.10827729851007462,0.987312912940979,0.4780314564704895,0.5798810720443726,0.02632918395102024,0.9667688012123108,0.4479840397834778,0.5647309422492981,-0.16688434779644012,0.9897215366363525,0.4726640582084656,0.6003797054290771,-0.0027198640163987875,0.9703904986381531
400,13.333333333333334,0.4679822325706482,0.38972020149230957,-0.036785710602998734,0.9999657869338989,0.4751560091972351,0.41521155834198,-0.04567190632224083,0.9999840259552002,0.465941846370697,0.4151390492916107,0.03442005068063736,0.9999634027481079,0.4723138213157654,0.42339998483657837,-0.0985552966594696,0.9562872648239136,0.47173744440078735,0.43986812233924866,0.05547880381345749,0.3177284598350525,0.4658127427101135,0.4293555021286011,-0.15344280004501343,0.9618038535118103,0.470702588558197,0.4542147219181061,0.058274585753679276,0.5287070274353027,0.4767659306526184,0.4870440661907196,-0.024981681257486343,0.9999824166297913,0.4689863324165344,0.48744505643844604,0.024919956922531128,0.9999803900718689,0.46562379598617554,0.5332280397415161,-0.08531780540943146,0.99384605884552,0.46419471502304077,0.5384784936904907,0.0015500381123274565,0.9202017188072205,0.4545131325721741,0.5823268890380859,-0.09948841482400894,0.9884058237075806,0.478382408618927,0.5796846747398376,0.028016414493322372,0.9636203050613403,0.44796666502952576,0.5746077299118042,-0.13481798768043518,0.9906169176101685,0.4726574420928955,0.6001272201538086,0.008897555992007256,0.96778804063797
401,13.366666666666667,0.46809297800064087,0.38966432213783264,-0.02651326358318329,0.9999691247940063,0.47499290108680725,0.4142634868621826,-0.04330016300082207,0.9999852776527405,0.467948853969574,0.41454577445983887,0.04878082498908043,0.9999617338180542,0.47224968671798706,0.43008333444595337,-0.08789028227329254,0.9605099558830261,0.4730418622493744,0.44300177693367004,0.06023900955915451,0.28743770718574524,0.46140068769454956,0.4295828938484192,-0.1275588572025299,0.9648880958557129,0.4722274839878082,0.4656813442707062,0.04231926426291466,0.47811391949653625,0.4761067032814026,0.4868409037590027,-0.028725046664476395,0.9999837279319763,0.4692256450653076,0.48661476373672485,0.028650471940636635,0.9999812245368958,0.4656606614589691,0.5336295366287231,-0.08188026398420334,0.9943379759788513,0.4644090533256531,0.538193941116333,0.00813392736017704,0.9133612513542175,0.45567193627357483,0.5845813751220703,-0.10807106643915176,0.9894285202026367,0.4791082739830017,0.5797151327133179,0.038121297955513,0.9624117016792297,0.44925379753112793,0.574842095375061,-0.14487221837043762,0.9914678931236267,0.47262173891067505,0.5999491214752197,0.020041000097990036,0.9661257863044739
402,13.4,0.46810904145240784,0.38963836431503296,-0.026772871613502502,0.9999721050262451,0.4747644364833832,0.4148898124694824,-0.04551571235060692,0.9999864101409912,0.4685293734073639,0.41474443674087524,0.05118216201663017,0.9999597072601318,0.4717525839805603,0.4326211214065552,-0.08653799444437027,0.9644330143928528,0.47218745946884155,0.44419416785240173,0.05703529715538025,0.261704683303833,0.46095332503318787,0.4337977170944214,-0.11961232125759125,0.9681915044784546,0.4717439115047455,0.4683263599872589,0.031244773417711258,0.43623092770576477,0.4755646586418152,0.4879966676235199,-0.030087321996688843,0.9999848008155823,0.4691261649131775,0.4866652488708496,0.03002583049237728,0.9999817609786987,0.46555447578430176,0.5356783270835876,-0.08651715517044067,0.9948716759681702,0.46454620361328125,0.538276731967926,0.009761557914316654,0.9186502695083618,0.4567943513393402,0.588756799697876,-0.11829155683517456,0.9904115796089172,0.4792681336402893,0.5796132683753967,0.034722622483968735,0.9652429819107056,0.4498697817325592,0.5781162977218628,-0.15632638335227966,0.9922959804534912,0.4726831316947937,0.5998530983924866,0.013216935098171234,0.9683862924575806
403,13.433333333333334,0.4681166708469391,0.38969337940216064,-0.03040197119116783,0.9999749064445496,0.47436681389808655,0.4155469238758087,-0.04715064913034439,0.9999876618385315,0.4694351553916931,0.41489458084106445,0.05107263848185539,0.9999598860740662,0.4724421501159668,0.4395962059497833,-0.0908871740102768,0.9679492712020874,0.4754468500614166,0.44741421937942505,0.061338890343904495,0.237136110663414,0.4594210684299469,0.44056379795074463,-0.12647315859794617,0.9711241126060486,0.4714791774749756,0.4696539640426636,0.03801263868808746,0.39674919843673706,0.47430357336997986,0.48976224660873413,-0.031648900359869,0.9999857544898987,0.46922120451927185,0.48752596974372864,0.03158649802207947,0.9999819397926331,0.46539440751075745,0.5371816158294678,-0.07753822952508926,0.9953277707099915,0.4647432267665863,0.5394939184188843,0.018562253564596176,0.9136757850646973,0.4576655924320221,0.5927921533584595,-0.10483916103839874,0.9912996888160706,0.47935691475868225,0.5795503258705139,0.04483801871538162,0.964561939239502,0.45051655173301697,0.5858599543571472,-0.14105865359306335,0.9930241703987122,0.4726324677467346,0.5998111963272095,0.024104278534650803,0.9677634835243225
404,13.466666666666667,0.4681616425514221,0.3899426758289337,-0.028551552444696426,0.9999774098396301,0.474161297082901,0.41639381647109985,-0.04743397235870361,0.999988853931427,0.4689529836177826,0.4161840081214905,0.04731319472193718,0.9999620914459229,0.4733148217201233,0.44310277700424194,-0.08568503707647324,0.9711516499519348,0.4757756292819977,0.448606014251709,0.057722993195056915,0.22188085317611694,0.45945730805397034,0.4485629200935364,-0.1181051954627037,0.9739823937416077,0.47120022773742676,0.46997880935668945,0.03750329464673996,0.3791172206401825,0.4744759202003479,0.4904819428920746,-0.030875006690621376,0.999987006187439,0.4676007330417633,0.48867616057395935,0.030823593959212303,0.9999831914901733,0.4654586911201477,0.5373926162719727,-0.08435684442520142,0.9957937598228455,0.46474581956863403,0.539778470993042,0.03201825171709061,0.9217010736465454,0.45853862166404724,0.5947668552398682,-0.12546665966510773,0.9921665191650391,0.4796019494533539,0.5793754458427429,0.07429853826761246,0.9678183794021606,0.45137840509414673,0.5916324853897095,-0.16554513573646545,0.9937206506729126,0.47374624013900757,0.5993381142616272,0.05816531926393509,0.9707092046737671
405,13.5,0.46835392713546753,0.39032551646232605,-0.03203723952174187,0.9999796748161316,0.47384557127952576,0.4180219769477844,-0.04975350946187973,0.999989926815033,0.46874818205833435,0.41793543100357056,0.04153600335121155,0.9999650120735168,0.47364768385887146,0.4457007646560669,-0.08798374980688095,0.974035918712616,0.47552984952926636,0.4496944546699524,0.05734317749738693,0.22585096955299377,0.4593144357204437,0.4538581073284149,-0.12147350609302521,0.9765770435333252,0.471294105052948,0.47230902314186096,0.018951257690787315,0.3914482295513153,0.4743691086769104,0.49187833070755005,-0.03065190277993679,0.9999881982803345,0.4666081368923187,0.49028366804122925,0.030611202120780945,0.9999844431877136,0.4653399884700775,0.5372471809387207,-0.09458623826503754,0.9962142109870911,0.4647505283355713,0.539982259273529,0.05084228515625,0.929388701915741,0.4589305520057678,0.5973236560821533,-0.12966637313365936,0.9929491877555847,0.4795800745487213,0.5785407423973083,0.10844782739877701,0.9709573984146118,0.4518623948097229,0.5976887345314026,-0.1685686707496643,0.994348406791687,0.4736103415489197,0.5967416763305664,0.09448015689849854,0.9735687971115112
406,13.533333333333333,0.46875816583633423,0.3905726671218872,-0.034635961055755615,0.999981701374054,0.4738461375236511,0.41918179392814636,-0.05044879764318466,0.9999909400939941,0.4684770107269287,0.4191027283668518,0.0445777103304863,0.999967098236084,0.47365617752075195,0.44863930344581604,-0.08453407138586044,0.976630687713623,0.47410210967063904,0.4511662423610687,0.053098369389772415,0.21930991113185883,0.4596777856349945,0.45910826325416565,-0.11387628316879272,0.9789012670516968,0.471413791179657,0.4783079922199249,0.020561877638101578,0.3871365785598755,0.47420889139175415,0.4932247996330261,-0.03201695904135704,0.9999892711639404,0.4655342996120453,0.4918076694011688,0.03197953850030899,0.9999855756759644,0.4653807580471039,0.5388830304145813,-0.09466387331485748,0.9965924620628357,0.4646831452846527,0.5408002138137817,0.04981909692287445,0.9360904097557068,0.4592943787574768,0.6002902984619141,-0.12366466224193573,0.9936533570289612,0.4795188307762146,0.5778359174728394,0.10650379955768585,0.9736548662185669,0.45224136114120483,0.6015440821647644,-0.1626066118478775,0.9949132204055786,0.4741860032081604,0.5967292189598083,0.09303177893161774,0.9760404229164124
407,13.566666666666666,0.4693671762943268,0.390881210565567,-0.04355301707983017,0.9999834895133972,0.47383660078048706,0.41971147060394287,-0.05485288426280022,0.9999917149543762,0.46850624680519104,0.4198155403137207,0.04791013151407242,0.9999618530273438,0.47368723154067993,0.4528525769710541,-0.08342242985963821,0.9788771867752075,0.4722052216529846,0.45401379466056824,0.05613093450665474,0.19958272576332092,0.46002259850502014,0.4644608795642853,-0.103739894926548,0.9802464246749878,0.47105520963668823,0.48230594396591187,0.021401964128017426,0.3527236878871918,0.47375187277793884,0.49478772282600403,-0.03587877005338669,0.9999898076057434,0.46547800302505493,0.49298757314682007,0.035824697464704514,0.9999847412109375,0.4654026925563812,0.5456765294075012,-0.0705815777182579,0.9968787431716919,0.46490049362182617,0.5431807041168213,0.0505407378077507,0.9038844704627991,0.45984363555908203,0.6029277443885803,-0.08766454458236694,0.994261622428894,0.4796653389930725,0.5789129734039307,0.0965391993522644,0.9622112512588501,0.4519472122192383,0.6037613749504089,-0.12761113047599792,0.9953939318656921,0.47419142723083496,0.5975810885429382,0.0844988003373146,0.9694032073020935
408,13.6,0.46992674469947815,0.3912426829338074,-0.055611155927181244,0.9999850988388062,0.4738473892211914,0.4203333258628845,-0.060534656047821045,0.999992311000824,0.4684462547302246,0.42091140151023865,0.04488930478692055,0.9999547004699707,0.47434210777282715,0.45306846499443054,-0.08712287247180939,0.9805300235748291,0.4715043604373932,0.45637238025665283,0.05232648923993111,0.18100696802139282,0.4622102379798889,0.46839484572410583,-0.1140960082411766,0.9797894954681396,0.47066688537597656,0.4833698272705078,0.01997319422662258,0.32036206126213074,0.47335028648376465,0.4965182840824127,-0.03561855107545853,0.9999901056289673,0.46520161628723145,0.4950840473175049,0.035561930388212204,0.9999834895133972,0.46542301774024963,0.5495384931564331,-0.0576443076133728,0.9970953464508057,0.4649319648742676,0.5446767807006836,0.06044600158929825,0.8614427447319031,0.46039921045303345,0.6067248582839966,-0.05904479697346687,0.994795560836792,0.4796321988105774,0.5787745714187622,0.11330850422382355,0.9477013945579529,0.45186057686805725,0.6120484471321106,-0.09621025621891022,0.9958012104034424,0.4741002023220062,0.59800124168396,0.10332472622394562,0.9607629179954529
409,13.633333333333333,0.47041600942611694,0.3918936550617218,-0.06553660333156586,0.9999865889549255,0.47389450669288635,0.4220529794692993,-0.06650671362876892,0.9999929070472717,0.46832403540611267,0.4222624897956848,0.025563767179846764,0.9999570846557617,0.4752449095249176,0.45587146282196045,-0.10591815412044525,0.9818596243858337,0.4712402820587158,0.4580208659172058,0.04033205658197403,0.16591139137744904,0.46835723519325256,0.4686468839645386,-0.14968109130859375,0.9788755774497986,0.46960583329200745,0.48336318135261536,0.017964597791433334,0.2972249388694763,0.4734005928039551,0.4978201687335968,-0.0340341255068779,0.9999909400939941,0.464857816696167,0.49677008390426636,0.033973630517721176,0.9999847412109375,0.4654397964477539,0.5503732562065125,-0.06051064655184746,0.9973704218864441,0.46495550870895386,0.5464566349983215,0.05611918121576309,0.8681468963623047,0.4607847332954407,0.608664870262146,-0.05724376440048218,0.9953048229217529,0.47961926460266113,0.5784549713134766,0.1160079687833786,0.9503496885299683,0.4489332139492035,0.6241375207901001,-0.09215693175792694,0.9962106943130493,0.4761219620704651,0.5998132824897766,0.10571570694446564,0.9629888534545898
410,13.666666666666666,0.47100314497947693,0.3923707604408264,-0.07563894987106323,0.9999746084213257,0.4739818572998047,0.42353516817092896,-0.07242853194475174,0.9999926686286926,0.46827831864356995,0.42346298694610596,0.02693067118525505,0.9999400973320007,0.47593435645103455,0.4611447751522064,-0.09103359282016754,0.9799768924713135,0.47065800428390503,0.45978543162345886,0.04176827892661095,0.1497594267129898,0.4666559100151062,0.4799893796443939,-0.10426416248083115,0.9602702856063843,0.46818941831588745,0.4876484274864197,0.006975118070840836,0.26841676235198975,0.4733128547668457,0.4989788830280304,-0.0337444469332695,0.9999910593032837,0.46444931626319885,0.49857330322265625,0.03367004916071892,0.9999849200248718,0.4657897353172302,0.550611674785614,-0.02939670905470848,0.9937483668327332,0.46475309133529663,0.5494533181190491,0.03538259118795395,0.8596652746200562,0.47360292077064514,0.5870640277862549,0.027550259605050087,0.9906703233718872,0.4633313715457916,0.6059284210205078,0.05537746474146843,0.9526717662811279,0.4627820551395416,0.6102056503295898,0.004817401058971882,0.9906817674636841,0.45818227529525757,0.616048276424408,0.02588442526757717,0.9636080265045166
411,13.7,0.47151464223861694,0.3928613066673279,-0.07768332958221436,0.9999769926071167,0.4750005602836609,0.42584165930747986,-0.07665373384952545,0.9999931454658508,0.4682425856590271,0.4243479371070862,0.026637449860572815,0.9999344348907471,0.47608691453933716,0.4681411683559418,-0.08763770759105682,0.9817739129066467,0.46975165605545044,0.462911993265152,0.03410722315311432,0.1398412585258484,0.4627264142036438,0.48534443974494934,-0.09351612627506256,0.9624074697494507,0.46626266837120056,0.4926905035972595,-0.011378709226846695,0.24937918782234192,0.47311076521873474,0.5013210773468018,-0.03593411296606064,0.9999912977218628,0.4640868306159973,0.500679075717926,0.035881925374269485,0.9999837875366211,0.46582984924316406,0.5548056960105896,-0.0368591845035553,0.9942907691001892,0.4646069407463074,0.5499750971794128,0.06571133434772491,0.8270043134689331,0.46935468912124634,0.6162195205688477,-0.029657775536179543,0.991570234298706,0.4717242121696472,0.592878520488739,0.12675423920154572,0.9390935301780701,0.45819205045700073,0.6251057982444763,-0.10721292346715927,0.9915735125541687,0.4696071147918701,0.6107354760169983,0.10984331369400024,0.9559118747711182
412,13.733333333333333,0.4723656177520752,0.39312753081321716,-0.081366166472435,0.9999792575836182,0.47590190172195435,0.4284646809101105,-0.07740417122840881,0.9999937415122986,0.4682132601737976,0.4248533546924591,0.019968830049037933,0.9999322891235352,0.47663742303848267,0.47036415338516235,-0.08833502978086472,0.9834985136985779,0.4691181778907776,0.46431422233581543,0.024736324325203896,0.1339150220155716,0.46249327063560486,0.4886578917503357,-0.09972582012414932,0.9654750823974609,0.46353816986083984,0.492747962474823,-0.020861342549324036,0.2409372627735138,0.47315335273742676,0.502672553062439,-0.034834057092666626,0.999991774559021,0.46401524543762207,0.5008132457733154,0.03478553518652916,0.9999834299087524,0.46617212891578674,0.5584208965301514,-0.05902320146560669,0.9948126673698425,0.4633185863494873,0.548502504825592,0.07214896380901337,0.8146511912345886,0.4660518169403076,0.6225979924201965,-0.06917964667081833,0.9923983812332153,0.47543883323669434,0.5791054368019104,0.15175777673721313,0.927386999130249,0.4572974145412445,0.6285218000411987,-0.1311143934726715,0.9924037456512451,0.4765614867210388,0.6057466864585876,0.14017131924629211,0.9513294100761414
413,13.766666666666667,0.4729636311531067,0.3936717212200165,-0.09626563638448715,0.9999812841415405,0.4766388535499573,0.4302366077899933,-0.09283430129289627,0.9999943375587463,0.4681932330131531,0.42541244626045227,0.00497462460771203,0.9999359846115112,0.4766658842563629,0.47418928146362305,-0.09639366716146469,0.9850326776504517,0.46924370527267456,0.46669286489486694,0.012178135104477406,0.1324634850025177,0.4621864855289459,0.49426597356796265,-0.10378006845712662,0.9676504135131836,0.4623917043209076,0.49422377347946167,-0.031851641833782196,0.24197325110435486,0.47294217348098755,0.5046452283859253,-0.035022586584091187,0.999992311000824,0.4637379050254822,0.5027614831924438,0.03497270494699478,0.9999837875366211,0.4663017690181732,0.5615463852882385,-0.06051862984895706,0.9952622652053833,0.46348658204078674,0.5497713088989258,0.10027167946100235,0.7949709892272949,0.4649679660797119,0.6258640289306641,-0.07381834834814072,0.9931208491325378,0.47725462913513184,0.5784636735916138,0.19003009796142578,0.9099484086036682,0.45755529403686523,0.6324900984764099,-0.12679633498191833,0.9931373596191406,0.4773840010166168,0.6033859252929688,0.18106408417224884,0.943324863910675
414,13.8,0.47349539399147034,0.39518997073173523,-0.10788720846176147,0.9999831318855286,0.47755423188209534,0.4319833517074585,-0.09996933490037918,0.9999948740005493,0.4681796431541443,0.4249359667301178,-0.004768185317516327,0.9999386668205261,0.4771648943424225,0.4771442711353302,-0.10177954286336899,0.9864245653152466,0.4696992337703705,0.46778053045272827,0.007908185012638569,0.12835125625133514,0.46191638708114624,0.4998699724674225,-0.10828407108783722,0.9699990153312683,0.46238476037979126,0.4956270754337311,-0.02727827988564968,0.23533427715301514,0.4730103015899658,0.5063626766204834,-0.03476690873503685,0.999992847442627,0.46368008852005005,0.5045581459999084,0.03471735492348671,0.9999839663505554,0.46639910340309143,0.5635679960250854,-0.06685756146907806,0.9956717491149902,0.4635249674320221,0.5522289276123047,0.10468184947967529,0.7680210471153259,0.4645497798919678,0.6290723085403442,-0.07487331330776215,0.9937838315963745,0.4783669114112854,0.5777717232704163,0.1985708773136139,0.8778313398361206,0.4570465087890625,0.6378905773162842,-0.1252179741859436,0.9938021302223206,0.4788079261779785,0.6020106673240662,0.19074249267578125,0.9292290806770325
415,13.833333333333334,0.4742884039878845,0.3972882032394409,-0.11661891639232635,0.9999848008155823,0.47869691252708435,0.4334390461444855,-0.10585792362689972,0.9999952912330627,0.46812987327575684,0.42462578415870667,-0.009269965812563896,0.9999370574951172,0.47759419679641724,0.47941291332244873,-0.10652618110179901,0.9876203536987305,0.46889424324035645,0.4663534462451935,0.004767799284309149,0.12193270027637482,0.461712121963501,0.5042157769203186,-0.11062280088663101,0.9718574285507202,0.46326470375061035,0.49662500619888306,-0.030156385153532028,0.2215607613325119,0.4730373024940491,0.5076772570610046,-0.03461841493844986,0.9999932050704956,0.4635847508907318,0.5058721303939819,0.03456812724471092,0.9999831914901733,0.4665558338165283,0.5659911632537842,-0.06638534367084503,0.9959603548049927,0.46386855840682983,0.5538937449455261,0.10170666873455048,0.7347527742385864,0.4644447863101959,0.6304800510406494,-0.06315600126981735,0.9943640828132629,0.4783243238925934,0.5765673518180847,0.1985873281955719,0.8422657251358032,0.4575026035308838,0.6425478458404541,-0.11420919001102448,0.9943773150444031,0.4784640371799469,0.6020598411560059,0.19146521389484406,0.9100545644760132
416,13.866666666666667,0.4757312834262848,0.39885708689689636,-0.1311291605234146,0.9999862909317017,0.4799431264400482,0.43717247247695923,-0.11439118534326553,0.999995768070221,0.46810951828956604,0.42455029487609863,-0.018443642184138298,0.9999387860298157,0.47795718908309937,0.4845878481864929,-0.11051970720291138,0.9888328909873962,0.46873193979263306,0.46536844968795776,0.010675646364688873,0.11885377764701843,0.46171221137046814,0.5084932446479797,-0.11233028024435043,0.9745361804962158,0.46357297897338867,0.4949585795402527,-0.007920362986624241,0.20945796370506287,0.4730645716190338,0.508532702922821,-0.03440214321017265,0.9999936819076538,0.46304839849472046,0.5052657127380371,0.034352608025074005,0.9999833106994629,0.46737584471702576,0.5683119297027588,-0.06547784805297852,0.996340274810791,0.46403199434280396,0.5542725920677185,0.10137941688299179,0.7371538281440735,0.4642002582550049,0.6330385804176331,-0.058742303401231766,0.9949203729629517,0.47857505083084106,0.5767627954483032,0.20142407715320587,0.8411476612091064,0.4585522711277008,0.6487243175506592,-0.10929466784000397,0.9949309229850769,0.4787427484989166,0.602477490901947,0.19375190138816833,0.91143399477005
417,13.9,0.47722500562667847,0.4012862741947174,-0.135970801115036,0.9999875426292419,0.4811996817588806,0.440137654542923,-0.11321969330310822,0.9999960660934448,0.4680829644203186,0.42385804653167725,-0.023695234209299088,0.9999343752861023,0.47895413637161255,0.48680660128593445,-0.10694073140621185,0.9898806214332581,0.46854013204574585,0.46182334423065186,0.014077654108405113,0.11856705695390701,0.46260419487953186,0.5105060935020447,-0.11182314157485962,0.9768680334091187,0.4639929234981537,0.49262818694114685,0.010152251459658146,0.20226480066776276,0.4737621247768402,0.5082328915596008,-0.032134972512722015,0.9999939799308777,0.46243637800216675,0.5042960047721863,0.032101020216941833,0.999982476234436,0.46854525804519653,0.5662040710449219,-0.05730761960148811,0.9966421723365784,0.4636363089084625,0.553331732749939,0.08736149966716766,0.7342864274978638,0.46415138244628906,0.6346527934074402,-0.04326410964131355,0.9954139590263367,0.47919926047325134,0.5759859085083008,0.18475055694580078,0.8365478515625,0.45971909165382385,0.6538990139961243,-0.09385666251182556,0.9954197406768799,0.4804988503456116,0.6026601195335388,0.17460846900939941,0.9098443388938904
418,13.933333333333334,0.4787246286869049,0.40244340896606445,-0.145453542470932,0.9999885559082031,0.4824633002281189,0.4413049817085266,-0.12084422260522842,0.9999963641166687,0.4683399796485901,0.4233936667442322,-0.025772130116820335,0.9999270439147949,0.48001790046691895,0.4889788329601288,-0.11439821869134903,0.9908291697502136,0.4686504006385803,0.46105608344078064,0.012396810576319695,0.11667515337467194,0.4629126191139221,0.5130338668823242,-0.12002291530370712,0.9789945483207703,0.46405643224716187,0.4901081919670105,0.005363317672163248,0.19419318437576294,0.4739992022514343,0.5100723505020142,-0.03203768655657768,0.9999942183494568,0.46197932958602905,0.505164623260498,0.03200829029083252,0.999981701374054,0.46908634901046753,0.5708765387535095,-0.05157402902841568,0.9969063997268677,0.4631010890007019,0.5533501505851746,0.08988367766141891,0.742206335067749,0.4649931490421295,0.6363990306854248,-0.022567901760339737,0.9958533048629761,0.47923579812049866,0.5747597217559814,0.19946464896202087,0.8356559872627258,0.4597558081150055,0.6583974361419678,-0.07213729619979858,0.995853066444397,0.480764240026474,0.6010656356811523,0.18982884287834167,0.9096081256866455
419,13.966666666666667,0.48004746437072754,0.4032802879810333,-0.1446436047554016,0.9999895691871643,0.4835488200187683,0.44390177726745605,-0.11654962599277496,0.9999966621398926,0.46843862533569336,0.4222780466079712,-0.026996219530701637,0.999920666217804,0.48099908232688904,0.49166810512542725,-0.10958240181207657,0.9916925430297852,0.468618243932724,0.4590258300304413,0.015302521176636219,0.11285196989774704,0.46327337622642517,0.5159627199172974,-0.11567416042089462,0.9809199571609497,0.46429282426834106,0.48429879546165466,0.034185782074928284,0.18183262646198273,0.47449445724487305,0.5112317800521851,-0.03070322796702385,0.9999943375587463,0.46197372674942017,0.5067369341850281,0.030680740252137184,0.9999800324440002,0.46965351700782776,0.5713497400283813,-0.051738105714321136,0.997155487537384,0.46313905715942383,0.5540793538093567,0.09959240257740021,0.7451783418655396,0.4658365845680237,0.6376789808273315,-0.02303960919380188,0.996246337890625,0.47949400544166565,0.5740811824798584,0.21572618186473846,0.8263859748840332,0.4610143303871155,0.6597133874893188,-0.07141439616680145,0.996242105960846,0.48181796073913574,0.6002708673477173,0.20899493992328644,0.9051476716995239
420,14.0,0.4811409115791321,0.40440046787261963,-0.15295465290546417,0.9999906420707703,0.48498398065567017,0.4463290274143219,-0.12205429375171661,0.9999969601631165,0.46914204955101013,0.4208875000476837,-0.03541930392384529,0.9999248385429382,0.4817168712615967,0.4941946566104889,-0.11480589956045151,0.992512583732605,0.46951594948768616,0.4563629925251007,0.03291533514857292,0.10951215028762817,0.46418800950050354,0.5177868604660034,-0.1179724708199501,0.982809841632843,0.4660729765892029,0.48016947507858276,0.0854896605014801,0.17460636794567108,0.47500354051589966,0.513667643070221,-0.02924456261098385,0.9999945759773254,0.4621562063694,0.5077300667762756,0.029238518327474594,0.9999792575836182,0.4699477553367615,0.5719556212425232,-0.04863795265555382,0.9974315166473389,0.46467605233192444,0.5544745922088623,0.11253198236227036,0.7637858986854553,0.46657052636146545,0.6371920704841614,-0.022146496921777725,0.996617317199707,0.48077574372291565,0.5727577805519104,0.23182173073291779,0.8315684795379639,0.46246153116226196,0.6593562364578247,-0.06463306397199631,0.996613621711731,0.48296990990638733,0.5964006781578064,0.2319505512714386,0.9095719456672668
421,14.033333333333333,0.4824214577674866,0.4045456051826477,-0.14557304978370667,0.9999915957450867,0.4859044551849365,0.4489557147026062,-0.11515213549137115,0.9999972581863403,0.4704815745353699,0.4200142025947571,-0.03699854761362076,0.9999281167984009,0.482058584690094,0.4969436526298523,-0.11241845786571503,0.993248462677002,0.4747702479362488,0.4242370128631592,0.04526025429368019,0.13372735679149628,0.46419888734817505,0.5211130976676941,-0.117802694439888,0.9845176935195923,0.47207897901535034,0.4108964800834656,0.1285756677389145,0.22144761681556702,0.4753393530845642,0.5149819850921631,-0.026444513350725174,0.9999933242797852,0.4622494578361511,0.5087406039237976,0.026440709829330444,0.9999676942825317,0.4703981876373291,0.572490394115448,-0.04659058526158333,0.9976659417152405,0.4672899842262268,0.555633008480072,0.11083021014928818,0.7769488096237183,0.46771129965782166,0.6365252733230591,-0.028326714411377907,0.9969456195831299,0.48054400086402893,0.570305347442627,0.22300377488136292,0.8271394968032837,0.46319499611854553,0.6598244309425354,-0.0689816027879715,0.9969452619552612,0.4821808338165283,0.5905109643936157,0.2246345728635788,0.9108531475067139
422,14.066666666666666,0.48371249437332153,0.4045965373516083,-0.1362202763557434,0.9999924302101135,0.4870983958244324,0.45102450251579285,-0.10969673097133636,0.9999974966049194,0.47147995233535767,0.419775128364563,-0.030782684683799744,0.9999338388442993,0.48255157470703125,0.4983837902545929,-0.10337422043085098,0.9939144253730774,0.4737652838230133,0.4080483615398407,0.05189064145088196,0.19282861053943634,0.46454063057899475,0.5228770971298218,-0.10830821096897125,0.986060380935669,0.47415465116500854,0.4001217782497406,0.1326310932636261,0.29171058535575867,0.47571152448654175,0.5160331726074219,-0.025893816724419594,0.9999927878379822,0.4623412489891052,0.509846031665802,0.0258717630058527,0.9999637007713318,0.470804363489151,0.5706610679626465,-0.05137060955166817,0.9978784918785095,0.46921080350875854,0.5594369769096375,0.10110511630773544,0.7939675450325012,0.4682750105857849,0.6365492343902588,-0.046372827142477036,0.9972415566444397,0.48177504539489746,0.5712352395057678,0.20210886001586914,0.8303513526916504,0.46433156728744507,0.6604982018470764,-0.08607303351163864,0.9972457885742188,0.4865698218345642,0.5920012593269348,0.20064397156238556,0.9155174493789673
423,14.1,0.48541802167892456,0.40841564536094666,-0.1405567079782486,0.9999932050704956,0.4885810315608978,0.4529333710670471,-0.10593771934509277,0.9999977350234985,0.47216010093688965,0.4198445677757263,-0.03668788820505142,0.9999381303787231,0.4836226999759674,0.4994068443775177,-0.09826396405696869,0.9944687485694885,0.47320637106895447,0.40286338329315186,0.041738562285900116,0.2521943151950836,0.4649348855018616,0.5238283276557922,-0.103964664041996,0.9874126315116882,0.4746301770210266,0.3924269378185272,0.1125272735953331,0.35380086302757263,0.4763515889644623,0.516979992389679,-0.024206820875406265,0.9999921917915344,0.46258482336997986,0.5115664601325989,0.02417156472802162,0.9999608993530273,0.47106918692588806,0.5704798698425293,-0.05026014894247055,0.9980493187904358,0.46918219327926636,0.5616039037704468,0.10361075401306152,0.8083469271659851,0.4684056341648102,0.6359807252883911,-0.032642073929309845,0.9974973797798157,0.4833809435367584,0.5717867612838745,0.22048112750053406,0.8321757912635803,0.4647301137447357,0.6608507633209229,-0.07475043088197708,0.9975097179412842,0.4868454933166504,0.5957554578781128,0.22105452418327332,0.9175980091094971
424,14.133333333333333,0.4863322675228119,0.4103752672672272,-0.14211049675941467,0.9999938607215881,0.4894181787967682,0.4551811218261719,-0.10268865525722504,0.9999979138374329,0.47243207693099976,0.41990232467651367,-0.04209590703248978,0.9999428391456604,0.4843035340309143,0.5016925930976868,-0.09777124226093292,0.9949772357940674,0.47289103269577026,0.3956265449523926,0.029912326484918594,0.3174997568130493,0.4650815427303314,0.5247907638549805,-0.10709840059280396,0.9886378645896912,0.4747103750705719,0.38499802350997925,0.09374520182609558,0.41529855132102966,0.4769168794155121,0.5190819501876831,-0.02241361327469349,0.9999917149543762,0.46261709928512573,0.5133066177368164,0.02237951196730137,0.9999596476554871,0.4714800715446472,0.5705835223197937,-0.0519249364733696,0.9982167482376099,0.46860188245773315,0.5605602264404297,0.10836217552423477,0.8239060640335083,0.46882691979408264,0.636121392250061,-0.037754159420728683,0.9977357387542725,0.48325076699256897,0.5721577405929565,0.23169295489788055,0.8358215093612671,0.4657491147518158,0.6605706810951233,-0.08111336082220078,0.9977527856826782,0.4858013987541199,0.5958516597747803,0.2322254180908203,0.9209542870521545
425,14.166666666666666,0.4875625967979431,0.41270118951797485,-0.14092549681663513,0.9999944567680359,0.49035006761550903,0.45769521594047546,-0.09656919538974762,0.9999980926513672,0.47269773483276367,0.41999807953834534,-0.045029234141111374,0.9999470114707947,0.4849487841129303,0.5041459798812866,-0.0932590514421463,0.9954164028167725,0.4722488522529602,0.39226463437080383,0.011268552392721176,0.38124150037765503,0.46551957726478577,0.5244844555854797,-0.10732760280370712,0.9897211194038391,0.4739746153354645,0.37792450189590454,0.06659134477376938,0.47176650166511536,0.4773023724555969,0.519777238368988,-0.020669592544436455,0.9999914765357971,0.46279221773147583,0.5140042901039124,0.02063685841858387,0.9999596476554871,0.47187286615371704,0.5706209540367126,-0.05903680995106697,0.9983662366867065,0.4712621569633484,0.5646424889564514,0.10614378750324249,0.837920606136322,0.46904101967811584,0.63645339012146,-0.04832003265619278,0.9979525208473206,0.48431462049484253,0.5736367106437683,0.22662167251110077,0.8425787687301636,0.46656179428100586,0.6598957777023315,-0.09790237247943878,0.9979726672172546,0.4868369698524475,0.5982100367546082,0.22296759486198425,0.9251744151115417
426,14.2,0.48852577805519104,0.41416135430336,-0.12548483908176422,0.9999949932098389,0.4912087023258209,0.4602869153022766,-0.0794975608587265,0.999998152256012,0.47289127111434937,0.42032817006111145,-0.038469571620225906,0.9999503493309021,0.48554176092147827,0.5056235790252686,-0.08180852234363556,0.9957942366600037,0.47156086564064026,0.3931761384010315,0.002891597803682089,0.4407602548599243,0.4657212197780609,0.524327278137207,-0.10460637509822845,0.9906871914863586,0.4735715985298157,0.3728351891040802,0.04191548004746437,0.5238750576972961,0.4776820242404938,0.5203730463981628,-0.017959170043468475,0.9999902844429016,0.46281132102012634,0.514611005783081,0.017919030040502548,0.9999560713768005,0.47227710485458374,0.570482611656189,-0.09216825664043427,0.9985035061836243,0.4706900715827942,0.5634626746177673,0.09142536669969559,0.8459526896476746,0.46936172246932983,0.6365540027618408,-0.08923715353012085,0.9981417655944824,0.48383384943008423,0.5728532671928406,0.21710629761219025,0.8344639539718628,0.4667927622795105,0.6614946126937866,-0.14257413148880005,0.9981683492660522,0.48688945174217224,0.5962633490562439,0.20495739579200745,0.9245346784591675
427,14.233333333333333,0.48986881971359253,0.4157088100910187,-0.12625500559806824,0.9999954700469971,0.492314875125885,0.4629724323749542,-0.07538991421461105,0.9999978542327881,0.4729222357273102,0.4221818149089813,-0.042125143110752106,0.9999483823776245,0.4859384000301361,0.5068849921226501,-0.07793747633695602,0.9953486919403076,0.4707537591457367,0.3953195810317993,-0.030298147350549698,0.49262383580207825,0.46594366431236267,0.5248550176620483,-0.10466708987951279,0.9908823370933533,0.4734850823879242,0.36754363775253296,-0.02794778347015381,0.5701903700828552,0.47824376821517944,0.5203387141227722,-0.01580299809575081,0.9999849200248718,0.4628617763519287,0.5149626135826111,0.01573544554412365,0.9999361634254456,0.47235554456710815,0.5688958764076233,-0.11409387737512589,0.9977290034294128,0.46997445821762085,0.5621947646141052,0.0825047567486763,0.7917625308036804,0.46984022855758667,0.6366228461265564,-0.11050795018672943,0.9978987574577332,0.48354482650756836,0.5716111660003662,0.21253366768360138,0.762308657169342,0.4674203395843506,0.660910964012146,-0.17095398902893066,0.9981889724731445,0.48745912313461304,0.5954720973968506,0.19877561926841736,0.8659505248069763
428,14.266666666666667,0.49079465866088867,0.4178590476512909,-0.15397556126117706,0.9999958276748657,0.4926978647708893,0.46545082330703735,-0.08290092647075653,0.9999973773956299,0.4728650152683258,0.42433780431747437,-0.054850704967975616,0.999941885471344,0.486153781414032,0.5080894231796265,-0.08432300388813019,0.9943312406539917,0.4695625901222229,0.39412587881088257,-0.049830835312604904,0.5384485721588135,0.46620845794677734,0.5254619121551514,-0.1057819351553917,0.9906753897666931,0.4721503257751465,0.36232253909111023,-0.06744272261857986,0.6111710667610168,0.4785537123680115,0.5198207497596741,-0.01665675826370716,0.9999799728393555,0.4630791246891022,0.5148667693138123,0.01659710891544819,0.9999198317527771,0.47249022126197815,0.5688427686691284,-0.09785416722297668,0.9956511855125427,0.46939921379089355,0.5630306601524353,0.07978051900863647,0.7445188760757446,0.4707309305667877,0.6366904377937317,-0.08717367053031921,0.9973421692848206,0.48431187868118286,0.5714873671531677,0.20762617886066437,0.6990517973899841,0.4683133661746979,0.660383939743042,-0.15030716359615326,0.9980363845825195,0.48871979117393494,0.5948553085327148,0.18863636255264282,0.8131616115570068
429,14.3,0.4913631081581116,0.42011865973472595,-0.15935233235359192,0.9999958872795105,0.4931650161743164,0.4663459062576294,-0.08719499409198761,0.9999958276748657,0.4728918969631195,0.4245670437812805,-0.07541529834270477,0.9999258518218994,0.486650288105011,0.5084118843078613,-0.08560369163751602,0.9923418760299683,0.46897584199905396,0.39275041222572327,-0.11393082141876221,0.5793789029121399,0.46625128388404846,0.5258411169052124,-0.11464682966470718,0.9904745221138,0.4698212742805481,0.3590635061264038,-0.1799718290567398,0.6488518118858337,0.47903260588645935,0.5193018317222595,-0.009142735041677952,0.9999642968177795,0.46350178122520447,0.514383852481842,0.009104091674089432,0.9998757839202881,0.47266387939453125,0.5686929821968079,-0.058928124606609344,0.9875437617301941,0.46824756264686584,0.5644266605377197,0.04016808792948723,0.7026963829994202,0.471362441778183,0.6364843845367432,-0.05304541066288948,0.9962717890739441,0.48407182097435,0.5716443657875061,0.14724016189575195,0.6513946056365967,0.467987060546875,0.6600900292396545,-0.13879510760307312,0.9975956082344055,0.4887096881866455,0.5950031876564026,0.12295643985271454,0.7784060835838318
430,14.333333333333334,0.49188417196273804,0.42132046818733215,-0.16321365535259247,0.999995768070221,0.49375662207603455,0.4692617952823639,-0.094879150390625,0.9999942183494568,0.47301483154296875,0.4255151152610779,-0.06967942416667938,0.9999074339866638,0.48669615387916565,0.5097861289978027,-0.09538571536540985,0.990302562713623,0.4685412049293518,0.3897833824157715,-0.09446002542972565,0.6127901673316956,0.4664227366447449,0.5262013077735901,-0.12963859736919403,0.9897158741950989,0.4676881432533264,0.35354307293891907,-0.14929762482643127,0.681370198726654,0.47948694229125977,0.5190227627754211,-0.011391173116862774,0.9999498128890991,0.4637988209724426,0.5141433477401733,0.011350462213158607,0.9998400807380676,0.4730817675590515,0.5684077739715576,-0.06096493452787399,0.9796621203422546,0.46759033203125,0.5663871765136719,0.02697337046265602,0.6582099199295044,0.47189050912857056,0.63694828748703,-0.056196920573711395,0.993726372718811,0.4864622950553894,0.5792286992073059,0.12876799702644348,0.60184645652771,0.4684113562107086,0.6605641841888428,-0.1286865472793579,0.9963520169258118,0.48935461044311523,0.5972216129302979,0.10381606966257095,0.7357998490333557
431,14.366666666666667,0.49236828088760376,0.42341363430023193,-0.18457545340061188,0.9999960064888,0.49395981431007385,0.4716908633708954,-0.11024840921163559,0.9999934434890747,0.47304195165634155,0.42643845081329346,-0.08296521008014679,0.999900758266449,0.48645979166030884,0.5111448764801025,-0.10551543533802032,0.9880712628364563,0.467958927154541,0.38754114508628845,-0.10249127447605133,0.6439890265464783,0.46638941764831543,0.5265233516693115,-0.13682687282562256,0.9879635572433472,0.4660201668739319,0.34784725308418274,-0.15146242082118988,0.7102101445198059,0.4801693558692932,0.5186824798583984,-0.013002890162169933,0.9999454617500305,0.46415266394615173,0.5141026377677917,0.012962311506271362,0.9998319745063782,0.4737180173397064,0.5679047703742981,-0.09122052043676376,0.9775935411453247,0.4673821032047272,0.5664288997650146,0.044986791908741,0.6175414323806763,0.4723307490348816,0.6367476582527161,-0.08386190980672836,0.9931173920631409,0.4880710542201996,0.5801033973693848,0.15510913729667664,0.5547736287117004,0.468820720911026,0.6602526903152466,-0.1537000685930252,0.9961459040641785,0.49105262756347656,0.5992021560668945,0.13045485317707062,0.6958358287811279
432,14.4,0.49326905608177185,0.42422807216644287,-0.19028080999851227,0.9999963045120239,0.4940820634365082,0.4727563261985779,-0.12511183321475983,0.9999933838844299,0.47307926416397095,0.42684364318847656,-0.08440746366977692,0.9998986124992371,0.4862407147884369,0.511976957321167,-0.1321006715297699,0.9866310954093933,0.46752429008483887,0.3876214325428009,-0.09375331550836563,0.6682969927787781,0.4664389193058014,0.5263933539390564,-0.1739012897014618,0.9873719811439514,0.4641779363155365,0.3470790386199951,-0.13260206580162048,0.7351397275924683,0.4808718264102936,0.5178936123847961,-0.01368359662592411,0.9999439120292664,0.4648481011390686,0.5140278935432434,0.01365660410374403,0.9998313784599304,0.47423702478408813,0.5661196112632751,-0.08647765219211578,0.973942220211029,0.4675865173339844,0.5656214356422424,0.045400701463222504,0.5774022936820984,0.4724426865577698,0.6366074085235596,-0.08011282980442047,0.9923174381256104,0.48902612924575806,0.580898642539978,0.14844462275505066,0.5153820514678955,0.46909016370773315,0.6599727869033813,-0.14751306176185608,0.9958792924880981,0.4905795156955719,0.5991272330284119,0.12346688657999039,0.6655964851379395
433,14.433333333333334,0.4935815930366516,0.4262132942676544,-0.2152906209230423,0.9999966025352478,0.4941774010658264,0.47207382321357727,-0.14181874692440033,0.9999936819076538,0.4731108248233795,0.4280247092247009,-0.10567425191402435,0.9999011158943176,0.4862692952156067,0.5110574960708618,-0.14564910531044006,0.9859018921852112,0.46678298711776733,0.38664162158966064,-0.12242263555526733,0.6925411224365234,0.4667544364929199,0.5259087085723877,-0.1877594292163849,0.9871283769607544,0.4627687931060791,0.3430159389972687,-0.1703490912914276,0.757042407989502,0.48158401250839233,0.5169722437858582,-0.01475130021572113,0.9999455809593201,0.465536892414093,0.5138519406318665,0.01471765898168087,0.9998379945755005,0.47443443536758423,0.5639633536338806,-0.09464872628450394,0.9739550948143005,0.4686559736728668,0.5654209852218628,0.05155997350811958,0.5509894490242004,0.47249966859817505,0.636557936668396,-0.0759551003575325,0.9923211336135864,0.4894711971282959,0.5832591652870178,0.1519182175397873,0.48672324419021606,0.4692395329475403,0.6599822044372559,-0.14067421853542328,0.9959571361541748,0.4903373122215271,0.6002943515777588,0.1451984941959381,0.6491118669509888
434,14.466666666666667,0.49421101808547974,0.429200142621994,-0.22816145420074463,0.9999969005584717,0.49442005157470703,0.47202953696250916,-0.15077510476112366,0.9999940991401672,0.47318166494369507,0.42941394448280334,-0.11784011125564575,0.9999073147773743,0.48617076873779297,0.5103287100791931,-0.15737108886241913,0.985379695892334,0.4660114347934723,0.38483861088752747,-0.14188088476657867,0.7176933288574219,0.46673721075057983,0.5255481600761414,-0.20250093936920166,0.9865634441375732,0.4611818790435791,0.3374929130077362,-0.19199998676776886,0.7777234315872192,0.4824996590614319,0.5167376399040222,-0.01503617875277996,0.9999467134475708,0.4663723409175873,0.5135306715965271,0.014990530908107758,0.9998419284820557,0.47492536902427673,0.5609415173530579,-0.1220681220293045,0.9753217697143555,0.4701310992240906,0.5643197894096375,0.061584196984767914,0.5215093493461609,0.47254109382629395,0.6358513832092285,-0.09114103019237518,0.9923436045646667,0.4871912896633148,0.5806037783622742,0.21022018790245056,0.4520646631717682,0.4698559641838074,0.659843385219574,-0.1549091637134552,0.9960554242134094,0.48981204628944397,0.6021697521209717,0.19268114864826202,0.6201840043067932
435,14.5,0.49390801787376404,0.4303086996078491,-0.23048186302185059,0.9999971389770508,0.4946299195289612,0.4719429016113281,-0.15021656453609467,0.9999942779541016,0.47327104210853577,0.429434597492218,-0.12660221755504608,0.9999109506607056,0.48608651757240295,0.5096947550773621,-0.16248704493045807,0.9823894500732422,0.46514686942100525,0.38458481431007385,-0.15786167979240417,0.7378578186035156,0.4666922688484192,0.5252925157546997,-0.21591894328594208,0.9847112894058228,0.4593037962913513,0.33364057540893555,-0.21861448884010315,0.7944237589836121,0.4822225570678711,0.5161837935447693,-0.010299237444996834,0.9999460577964783,0.46646150946617126,0.5135067701339722,0.010207818821072578,0.9998425841331482,0.47499433159828186,0.5596818327903748,-0.11181497573852539,0.9668930172920227,0.47342509031295776,0.5651007294654846,0.019733287394046783,0.4959132969379425,0.47288307547569275,0.6349828243255615,-0.05749588459730148,0.9876865744590759,0.4836346209049225,0.5810698866844177,0.14272475242614746,0.42602500319480896,0.47013264894485474,0.6597341299057007,-0.11637067794799805,0.9937772154808044,0.4860653877258301,0.6059038639068604,0.12184085696935654,0.5928552150726318
436,14.533333333333333,0.49421367049217224,0.4337286651134491,-0.23311829566955566,0.9999974370002747,0.4948601722717285,0.4713636636734009,-0.15291956067085266,0.999994695186615,0.47330451011657715,0.4298991858959198,-0.1243586540222168,0.9999161958694458,0.48604464530944824,0.509573757648468,-0.16616344451904297,0.9831299781799316,0.4641742706298828,0.3857536017894745,-0.15779490768909454,0.7595955729484558,0.46657896041870117,0.5251504182815552,-0.22049537301063538,0.9855211973190308,0.4575779438018799,0.3331773281097412,-0.2188410758972168,0.8121946454048157,0.4819522798061371,0.5161768198013306,-0.011645731516182423,0.9999444484710693,0.4663381576538086,0.5135608911514282,0.011571167968213558,0.9998375177383423,0.475249707698822,0.5595719814300537,-0.11119172722101212,0.9675546288490295,0.4752238690853119,0.5731733441352844,0.038361627608537674,0.4783702492713928,0.4731837213039398,0.6340113878250122,-0.08446451276540756,0.987550675868988,0.4829074442386627,0.5806851387023926,0.16118621826171875,0.4000541865825653,0.4702976644039154,0.6596826910972595,-0.14761583507061005,0.993848979473114,0.48537158966064453,0.6069496870040894,0.13722197711467743,0.5727380514144897
437,14.566666666666666,0.49427253007888794,0.43443459272384644,-0.22527363896369934,0.9999976754188538,0.4950442910194397,0.4720134735107422,-0.14084739983081818,0.9999948143959045,0.47341102361679077,0.4304833710193634,-0.12051598727703094,0.9999188184738159,0.4860517084598541,0.5094151496887207,-0.1505557894706726,0.9808133840560913,0.4635264277458191,0.3857458233833313,-0.15364930033683777,0.7764495015144348,0.46677476167678833,0.5250120162963867,-0.20447859168052673,0.9847237467765808,0.456160306930542,0.3321859836578369,-0.21792301535606384,0.8273075819015503,0.4817846715450287,0.5160128474235535,-0.008422987535595894,0.9999390244483948,0.46632251143455505,0.5135281085968018,0.008333739824593067,0.9998247027397156,0.47578853368759155,0.5597478151321411,-0.10298411548137665,0.9607132077217102,0.47408732771873474,0.5728696584701538,0.013132440857589245,0.4574565291404724,0.4735497832298279,0.6336306929588318,-0.08424131572246552,0.983670711517334,0.48305544257164,0.5990114808082581,0.13129229843616486,0.37443771958351135,0.4704228937625885,0.659263551235199,-0.14855839312076569,0.992176353931427,0.48314937949180603,0.6232243180274963,0.10746173560619354,0.5450700521469116
438,14.6,0.49452319741249084,0.4375007748603821,-0.24766846001148224,0.9999978542327881,0.4952031075954437,0.47320929169654846,-0.1500546634197235,0.9999949336051941,0.47355374693870544,0.43074867129325867,-0.14832310378551483,0.999920129776001,0.4860247075557709,0.5090081691741943,-0.14903579652309418,0.9750807881355286,0.46261534094810486,0.38610056042671204,-0.18678221106529236,0.7898019552230835,0.4675370156764984,0.5248958468437195,-0.1980895698070526,0.983514666557312,0.4546697735786438,0.33174991607666016,-0.2547765374183655,0.8390074968338013,0.4816629886627197,0.5159468054771423,-0.0036784722469747066,0.9999300241470337,0.4663495123386383,0.5137931108474731,0.0035899090580642223,0.999801516532898,0.47607484459877014,0.5600859522819519,-0.06573975831270218,0.9396419525146484,0.4736742079257965,0.5727732181549072,0.011264344677329063,0.42845863103866577,0.4741292893886566,0.6335316896438599,-0.051671456545591354,0.9765095710754395,0.48283320665359497,0.5986596941947937,0.12497486919164658,0.34709081053733826,0.47090691328048706,0.6590146422386169,-0.11619216203689575,0.9886548519134521,0.48193925619125366,0.6212952733039856,0.1018882617354393,0.5121733546257019
439,14.633333333333333,0.4946225583553314,0.4386141896247864,-0.19877572357654572,0.9999979734420776,0.49622827768325806,0.4741002917289734,-0.11393660306930542,0.9999944567680359,0.4739803671836853,0.43163689970970154,-0.10330541431903839,0.9999140501022339,0.4859987795352936,0.5085783004760742,-0.12627485394477844,0.970339298248291,0.46285495162010193,0.3891795575618744,-0.15533404052257538,0.8014499545097351,0.46761417388916016,0.5248097777366638,-0.1902996450662613,0.9811687469482422,0.45501595735549927,0.3321966826915741,-0.1990301012992859,0.8508433103561401,0.48158591985702515,0.5198673009872437,-0.005817039869725704,0.9999156594276428,0.46630749106407166,0.5179386734962463,0.005739239044487476,0.9997551441192627,0.4774297773838043,0.5615885257720947,-0.09763585776090622,0.9354117512702942,0.47297152876853943,0.5773049592971802,0.02648473158478737,0.4012894630432129,0.47435903549194336,0.6338469982147217,-0.10164539515972137,0.9743545055389404,0.4805517792701721,0.5954759120941162,0.14396251738071442,0.31762027740478516,0.4714178144931793,0.6590001583099365,-0.1703915297985077,0.9878529906272888,0.48008617758750916,0.6172217726707458,0.12294216454029083,0.4756813049316406
440,14.666666666666666,0.4956665635108948,0.44212380051612854,-0.200950026512146,0.9999980330467224,0.4967878758907318,0.47393789887428284,-0.11805035918951035,0.9999943375587463,0.47451090812683105,0.4330641031265259,-0.10620603710412979,0.9999083280563354,0.4859934449195862,0.5082024335861206,-0.12954211235046387,0.9607020020484924,0.4629046320915222,0.39412620663642883,-0.13964854180812836,0.8104350566864014,0.46802854537963867,0.5247607827186584,-0.19078579545021057,0.9768185615539551,0.4539708197116852,0.3386411964893341,-0.19188901782035828,0.860520601272583,0.48156508803367615,0.520736038684845,-0.005916660651564598,0.9998947978019714,0.46627646684646606,0.5179870128631592,0.0058534760028123856,0.9996870160102844,0.4788040220737457,0.5652909874916077,-0.08740747720003128,0.9286677837371826,0.46817079186439514,0.5763505697250366,0.027052387595176697,0.37784653902053833,0.4749530255794525,0.6346014142036438,-0.09279358386993408,0.9727398753166199,0.47053590416908264,0.5855165719985962,0.14970840513706207,0.28977450728416443,0.4719517230987549,0.6591432094573975,-0.1603945642709732,0.987118124961853,0.4688200056552887,0.6037458777427673,0.12656086683273315,0.4400429427623749
441,14.7,0.49554944038391113,0.4434953033924103,-0.1943199187517166,0.999998152256012,0.4973309636116028,0.47437870502471924,-0.11636845767498016,0.9999940991401672,0.47476544976234436,0.4343738853931427,-0.09572373330593109,0.9999006390571594,0.4859367311000824,0.5081119537353516,-0.12992867827415466,0.9565574526786804,0.4631268084049225,0.39797472953796387,-0.12310955673456192,0.8213011622428894,0.46834349632263184,0.5246436595916748,-0.18784482777118683,0.9749146699905396,0.4542570114135742,0.353903204202652,-0.18341408669948578,0.870742678642273,0.4815468192100525,0.5217106938362122,-0.00706810737028718,0.9998847842216492,0.46626368165016174,0.5181884169578552,0.007028474006801844,0.9996518492698669,0.47980284690856934,0.5688292980194092,-0.07638727128505707,0.9289324283599854,0.4610566198825836,0.5711195468902588,0.0511692650616169,0.36372971534729004,0.47547444701194763,0.6362605094909668,-0.07565528899431229,0.9733693599700928,0.46796122193336487,0.5737057328224182,0.19067969918251038,0.266864538192749,0.47213879227638245,0.660112202167511,-0.14150020480155945,0.9873130917549133,0.4662744998931885,0.5892884135246277,0.18013599514961243,0.41312211751937866
442,14.733333333333333,0.49583086371421814,0.44479209184646606,-0.18730483949184418,0.9999982714653015,0.49846744537353516,0.4748094379901886,-0.10653221607208252,0.9999937415122986,0.47494587302207947,0.4369317889213562,-0.09092270582914352,0.999900221824646,0.485964834690094,0.507578432559967,-0.11750678718090057,0.9483000040054321,0.46314936876296997,0.40392565727233887,-0.11961810290813446,0.8324407935142517,0.4690914750099182,0.5237748026847839,-0.17075717449188232,0.9707980155944824,0.45365458726882935,0.36647897958755493,-0.18269118666648865,0.8815494179725647,0.48179763555526733,0.5214091539382935,-0.007093024905771017,0.9998811483383179,0.46623197197914124,0.517909049987793,0.007048950996249914,0.9996446967124939,0.4800194203853607,0.5698083639144897,-0.07562964409589767,0.9283715486526489,0.46047624945640564,0.5705476999282837,0.017787713557481766,0.35561108589172363,0.4759449362754822,0.6375807523727417,-0.07341991364955902,0.9725707769393921,0.4699949622154236,0.5748444199562073,0.1471288502216339,0.2455723136663437,0.47239866852760315,0.6607056260108948,-0.1344384104013443,0.986591637134552,0.4686647355556488,0.5911971926689148,0.13960345089435577,0.38621270656585693
443,14.766666666666667,0.4961000978946686,0.4471510052680969,-0.18519678711891174,0.9999984502792358,0.4991813600063324,0.4750656187534332,-0.09687839448451996,0.9999939799308777,0.47517627477645874,0.4388859272003174,-0.09571292251348495,0.9999061226844788,0.48644962906837463,0.5066627264022827,-0.1029144749045372,0.9417641162872314,0.46328696608543396,0.4095630347728729,-0.1517367660999298,0.8473937511444092,0.4699001908302307,0.5232016444206238,-0.15024681389331818,0.9688666462898254,0.45375150442123413,0.3782331645488739,-0.22690169513225555,0.8925991058349609,0.481839656829834,0.5202687382698059,-0.004313682205975056,0.999875545501709,0.46621936559677124,0.515446126461029,0.004263383336365223,0.9996207356452942,0.47956281900405884,0.5687140822410583,-0.0916687399148941,0.9316853284835815,0.45939525961875916,0.5667926073074341,0.021484486758708954,0.3486182391643524,0.476290225982666,0.6385462284088135,-0.10168001800775528,0.9732258319854736,0.46249476075172424,0.5510283708572388,0.17159882187843323,0.22407852113246918,0.4722471833229065,0.6608453392982483,-0.1649703085422516,0.9868226051330566,0.45872220396995544,0.5670074224472046,0.16795381903648376,0.3575694262981415
444,14.8,0.4968678057193756,0.4492016136646271,-0.20106622576713562,0.9999986290931702,0.4997262954711914,0.47540009021759033,-0.10708292573690414,0.9999943375587463,0.47543472051620483,0.4405119717121124,-0.11633990705013275,0.9999103546142578,0.48662957549095154,0.5059036612510681,-0.10295306146144867,0.9228575229644775,0.4633336663246155,0.41495802998542786,-0.1404021829366684,0.8525547981262207,0.470470666885376,0.5232038497924805,-0.13583776354789734,0.9579136371612549,0.4541243016719818,0.3907955586910248,-0.17221364378929138,0.8924195766448975,0.48213261365890503,0.5185819268226624,-0.0030476374085992575,0.9998770952224731,0.46621841192245483,0.5123063325881958,0.00301184831187129,0.9996201992034912,0.4793500304222107,0.5695757269859314,-0.06794078648090363,0.9289566874504089,0.4579230844974518,0.5661237835884094,0.02428913675248623,0.3318302035331726,0.4767359793186188,0.6392348408699036,-0.07950521260499954,0.9709952473640442,0.4610637128353119,0.551181435585022,0.16388846933841705,0.20298515260219574,0.47278276085853577,0.6615791320800781,-0.13674578070640564,0.9849751591682434,0.45735636353492737,0.5648491978645325,0.15960006415843964,0.32625770568847656
445,14.833333333333334,0.4972173571586609,0.45028579235076904,-0.2235545665025711,0.9999987483024597,0.5002582669258118,0.475263774394989,-0.12185811996459961,0.9999946355819702,0.47549647092819214,0.440139502286911,-0.1470036804676056,0.999916136264801,0.48698514699935913,0.5048032402992249,-0.10464228689670563,0.9100725054740906,0.463392436504364,0.4181100130081177,-0.20215363800525665,0.8649253249168396,0.47148412466049194,0.5231998562812805,-0.15559306740760803,0.9503477215766907,0.4544059634208679,0.405683696269989,-0.2761602997779846,0.896786630153656,0.4825870990753174,0.5176175236701965,0.0010435699950903654,0.9998738169670105,0.46621236205101013,0.5110491514205933,-0.001069112797267735,0.9996110200881958,0.47935351729393005,0.5706645846366882,-0.04765292629599571,0.9301611185073853,0.4577876925468445,0.5648742914199829,0.023931920528411865,0.32805848121643066,0.4773624837398529,0.6402868628501892,-0.046322524547576904,0.9716294407844543,0.46264806389808655,0.550659716129303,0.16434796154499054,0.18513549864292145,0.472937673330307,0.6626772284507751,-0.10533462464809418,0.984503984451294,0.45893293619155884,0.5656054019927979,0.15980997681617737,0.2995181381702423
446,14.866666666666667,0.4973304867744446,0.45098814368247986,-0.25582823157310486,0.9999988079071045,0.5010808706283569,0.4751463532447815,-0.14946909248828888,0.9999943971633911,0.475355327129364,0.4397575855255127,-0.17444327473640442,0.9999228119850159,0.4869348406791687,0.5042317509651184,-0.140430748462677,0.850583553314209,0.45583391189575195,0.4200666546821594,-0.22549083828926086,0.8760035037994385,0.47217923402786255,0.5233736634254456,-0.17573806643486023,0.8804730176925659,0.45452651381492615,0.4191657304763794,-0.29891008138656616,0.8964328169822693,0.48284053802490234,0.5155195593833923,0.0016375510022044182,0.9998718500137329,0.4659099578857422,0.5085405707359314,-0.0016685320297256112,0.999621570110321,0.4793858528137207,0.5703032612800598,-0.057267121970653534,0.9066564440727234,0.45708680152893066,0.5650961399078369,0.025942936539649963,0.30018141865730286,0.4779636263847351,0.6400816440582275,-0.039241522550582886,0.9629291296005249,0.46195927262306213,0.5512704849243164,0.18092939257621765,0.1670713871717453,0.47340092062950134,0.6631229519844055,-0.09843198210000992,0.9760138392448425,0.45804014801979065,0.5630722641944885,0.17466434836387634,0.27070313692092896
447,14.9,0.4976244866847992,0.4524613320827484,-0.2614842355251312,0.999998927116394,0.5017768144607544,0.475046843290329,-0.15054422616958618,0.9999945163726807,0.4751211702823639,0.4405997693538666,-0.16270752251148224,0.9999280571937561,0.487084299325943,0.5031184554100037,-0.1071033924818039,0.7777199745178223,0.45767098665237427,0.43142861127853394,-0.11608414351940155,0.8601033091545105,0.4738801121711731,0.523375928401947,-0.0931217223405838,0.8003599047660828,0.4556330144405365,0.43354204297065735,-0.0734563022851944,0.8489622473716736,0.483548104763031,0.5130150318145752,0.00028819593717344105,0.9998778700828552,0.4659111499786377,0.5061733722686768,-0.00029995967634022236,0.9996422529220581,0.4799326956272125,0.5710555911064148,-0.046792302280664444,0.8872138261795044,0.4572165012359619,0.565132737159729,0.04077433794736862,0.2806883752346039,0.47835201025009155,0.6398923397064209,-0.030601417645812035,0.9581577777862549,0.4616492688655853,0.5509288907051086,0.190175399184227,0.1512814462184906,0.4735793471336365,0.6636051535606384,-0.08190416544675827,0.972480058670044,0.4585527777671814,0.5664346218109131,0.19008669257164001,0.24630357325077057
448,14.933333333333334,0.497493177652359,0.4533335268497467,-0.2865489423274994,0.9999989867210388,0.5024110078811646,0.47454211115837097,-0.1650882214307785,0.9999945759773254,0.47390279173851013,0.4417668282985687,-0.1883350908756256,0.9999350309371948,0.4870486855506897,0.5025313496589661,-0.11457929760217667,0.71329665184021,0.45605331659317017,0.4534209370613098,-0.12412873655557632,0.8723083138465881,0.47358983755111694,0.5238180160522461,-0.12728530168533325,0.7280562520027161,0.45141810178756714,0.5039668679237366,-0.13502122461795807,0.8594326376914978,0.48424023389816284,0.5105494856834412,0.00139499525539577,0.9998875856399536,0.46596288681030273,0.5035827159881592,-0.0014053179183974862,0.9996752142906189,0.4801238179206848,0.5720754861831665,-0.0301060788333416,0.885550320148468,0.45679545402526855,0.5651640295982361,0.04046082869172096,0.273471474647522,0.47903770208358765,0.6406368613243103,0.010389289818704128,0.9569335579872131,0.46089282631874084,0.5546072125434875,0.2068042755126953,0.1372917741537094,0.4745979905128479,0.6648032069206238,-0.03552187979221344,0.9706621170043945,0.4586524963378906,0.5703145861625671,0.20918934047222137,0.22468136250972748
449,14.966666666666667,0.49739161133766174,0.4533463716506958,-0.2997285723686218,0.9999990463256836,0.5027204751968384,0.47419118881225586,-0.17363324761390686,0.9999947547912598,0.47271376848220825,0.44385826587677,-0.19079744815826416,0.999941349029541,0.48709121346473694,0.5018859505653381,-0.13831207156181335,0.6707291007041931,0.4572965204715729,0.46118929982185364,-0.13906921446323395,0.8842728137969971,0.4742276072502136,0.5241028666496277,-0.1549433469772339,0.6772165298461914,0.4508596360683441,0.5063309073448181,-0.136690154671669,0.8726736903190613,0.4844646453857422,0.507734477519989,0.0005617834394797683,0.9998965859413147,0.46596646308898926,0.5022194981575012,-0.0005745742237195373,0.9997053742408752,0.48049601912498474,0.5719684958457947,-0.03663673251867294,0.8900114893913269,0.4572065770626068,0.5636793375015259,0.03841874748468399,0.2803455889225006,0.47952786087989807,0.640513002872467,0.0068098148331046104,0.9577796459197998,0.46223777532577515,0.5565845966339111,0.20805001258850098,0.12561264634132385,0.4749307632446289,0.6646535992622375,-0.04033195227384567,0.9707826972007751,0.459759384393692,0.5691192150115967,0.20938463509082794,0.2075069546699524
450,15.0,0.49731820821762085,0.453756719827652,-0.2781451642513275,0.9999991059303284,0.5032614469528198,0.4740216135978699,-0.15753409266471863,0.9999947547912598,0.4727734625339508,0.44760841131210327,-0.17731256783008575,0.9999468326568604,0.4869616627693176,0.5018672347068787,-0.13313870131969452,0.6115111112594604,0.4603916108608246,0.4731181263923645,-0.14269907772541046,0.8896779417991638,0.4738543629646301,0.5259095430374146,-0.1558741182088852,0.6142958998680115,0.4510200619697571,0.5044177174568176,-0.1418532431125641,0.8781077265739441,0.4845193326473236,0.5075358748435974,0.0013493557926267385,0.9999023079872131,0.46589499711990356,0.5027518272399902,-0.001371176214888692,0.9997290968894958,0.48102545738220215,0.5694283246994019,-0.06677775084972382,0.8788958787918091,0.4572983384132385,0.5630480051040649,0.022792255505919456,0.2653733193874359,0.4800778329372406,0.6410431265830994,-0.015126466751098633,0.9446210861206055,0.46267539262771606,0.5575267672538757,0.19786210358142853,0.1134636327624321,0.47532838582992554,0.6648679375648499,-0.07764483243227005,0.9605093598365784,0.459245502948761,0.5693690180778503,0.18958401679992676,0.18788856267929077
451,15.033333333333333,0.4972967207431793,0.45383551716804504,-0.2883821129798889,0.9999989867210388,0.5042117834091187,0.47352510690689087,-0.16926053166389465,0.9999937415122986,0.4734671711921692,0.4489397704601288,-0.17359192669391632,0.9999498724937439,0.4877796769142151,0.49850040674209595,-0.10749844461679459,0.5521070957183838,0.4646068215370178,0.4789113700389862,-0.10846927016973495,0.8302267789840698,0.4742271304130554,0.5248575806617737,-0.06429203599691391,0.5533823370933533,0.45948997139930725,0.5053364038467407,-0.0553678460419178,0.8055849671363831,0.4852170944213867,0.5066862106323242,-0.0017092416528612375,0.9999054670333862,0.466752290725708,0.49985286593437195,0.001727550057694316,0.9997432231903076,0.4813591539859772,0.5663859844207764,-0.0866415873169899,0.8650468587875366,0.4575725197792053,0.5495796799659729,0.05793803185224533,0.2426697313785553,0.4803692698478699,0.6409106850624084,-0.05336662009358406,0.9360881447792053,0.4576641917228699,0.5455157160758972,0.22174175083637238,0.10270588099956512,0.47578588128089905,0.6647531986236572,-0.10750588029623032,0.9529165029525757,0.45242634415626526,0.5601274967193604,0.21857278048992157,0.17056548595428467
452,15.066666666666666,0.49708208441734314,0.45361757278442383,-0.29110273718833923,0.9999988079071045,0.5047876238822937,0.4727208912372589,-0.16164717078208923,0.9999925494194031,0.4744955599308014,0.4490891396999359,-0.1883241981267929,0.9999527931213379,0.4877077639102936,0.4979914426803589,-0.1273358315229416,0.5034689903259277,0.4653488099575043,0.48950305581092834,-0.17618441581726074,0.8152496218681335,0.4694903492927551,0.524848461151123,-0.1436203569173813,0.49966707825660706,0.45873579382896423,0.519687294960022,-0.195140540599823,0.7560913562774658,0.48528963327407837,0.505333662033081,0.0038359693717211485,0.9999092221260071,0.4674108028411865,0.49518150091171265,-0.0038321875035762787,0.9997614026069641,0.4811955988407135,0.5612682700157166,-0.08559645712375641,0.8738287687301636,0.4576205313205719,0.537787675857544,-0.044974081218242645,0.2586132884025574,0.48070088028907776,0.6400299668312073,-0.052515409886837006,0.9393219351768494,0.45895105600357056,0.5499728322029114,0.10928042232990265,0.09722976386547089,0.476693332195282,0.664103627204895,-0.10937484353780746,0.9538370370864868,0.4545253813266754,0.5645221471786499,0.09798765182495117,0.16154734790325165
453,15.1,0.4970523715019226,0.4538532793521881,-0.28299203515052795,0.9999983310699463,0.5053013563156128,0.47116076946258545,-0.15688097476959229,0.9999918341636658,0.47476592659950256,0.45189785957336426,-0.19213351607322693,0.9999554753303528,0.48797377943992615,0.4956705868244171,-0.1125703677535057,0.45752838253974915,0.46591514348983765,0.49496811628341675,-0.1793164610862732,0.816052258014679,0.47298556566238403,0.5181681513786316,-0.1281392127275467,0.45138394832611084,0.46270614862442017,0.5419227480888367,-0.18953552842140198,0.706394374370575,0.4855092465877533,0.5058605670928955,0.007720662746578455,0.9999155402183533,0.4675068259239197,0.49660149216651917,-0.007739494554698467,0.9997811913490295,0.48110899329185486,0.5622103214263916,-0.07102172821760178,0.8801349997520447,0.4588484764099121,0.5462020635604858,-0.021358152851462364,0.26527538895606995,0.48073333501815796,0.6396995186805725,-0.02170364372432232,0.9380703568458557,0.4545760154724121,0.5257647633552551,0.1181773766875267,0.09396917372941971,0.47744226455688477,0.6637653708457947,-0.06742352247238159,0.9490212202072144,0.4506163001060486,0.5333682298660278,0.11337395012378693,0.15492254495620728
454,15.133333333333333,0.4970325827598572,0.45374128222465515,-0.2803185284137726,0.9999984502792358,0.5058718919754028,0.4694158732891083,-0.15259598195552826,0.9999917149543762,0.47494006156921387,0.45445793867111206,-0.1879173219203949,0.9999594688415527,0.48920994997024536,0.49475571513175964,-0.08419473469257355,0.42650461196899414,0.46744197607040405,0.4928053617477417,-0.17097780108451843,0.8321742415428162,0.4754107594490051,0.5230321884155273,-0.06223366782069206,0.42407819628715515,0.4660055637359619,0.5330016613006592,-0.14445069432258606,0.7327658534049988,0.4857609272003174,0.5047701597213745,0.008441692218184471,0.9999212622642517,0.467794269323349,0.49491944909095764,-0.008455540984869003,0.9998000264167786,0.4815347194671631,0.5629615187644958,-0.03328460454940796,0.8877931237220764,0.46245652437210083,0.5491316914558411,-0.02794746495783329,0.3206387162208557,0.4809958338737488,0.6395339369773865,0.005020163953304291,0.9410090446472168,0.4524926245212555,0.5225507020950317,0.08314863592386246,0.12127301096916199,0.47795385122299194,0.663472592830658,-0.03572850301861763,0.9503881931304932,0.4488181173801422,0.5264130234718323,0.08001174032688141,0.1888791173696518
457,15.233333333333333,0.4867789149284363,0.5212810039520264,-0.14958664774894714,0.9999828934669495,0.47705918550491333,0.5030456185340881,-0.15427978336811066,0.9999291300773621,0.4694790840148926,0.5171905755996704,-0.1006261482834816,0.9999604225158691,0.48752355575561523,0.5578656792640686,-0.1965349316596985,0.4254256784915924,0.47008413076400757,0.559563159942627,-0.1066325455904007,0.7519034147262573,0.4830947816371918,0.6255396008491516,-0.21581542491912842,0.42312243580818176,0.4761119484901428,0.592144787311554,-0.12930093705654144,0.6638759970664978,0.48714834451675415,0.46981894969940186,-0.009019897319376469,0.9999253749847412,0.48530635237693787,0.4777599275112152,0.008887403644621372,0.9998188614845276,0.47606778144836426,0.4838355481624603,-0.13568876683712006,0.8298158049583435,0.47028979659080505,0.5017383098602295,-0.11295546591281891,0.3152085840702057,0.47572365403175354,0.517386794090271,-0.0964743047952652,0.8549168705940247,0.482557475566864,0.5128032565116882,-0.13833333551883698,0.14214079082012177,0.47253352403640747,0.5386803150177002,-0.12387170642614365,0.8866814970970154,0.4755402207374573,0.5315345525741577,-0.18197479844093323,0.23359619081020355
458,15.266666666666667,0.4864273965358734,0.5224143266677856,-0.17734064161777496,0.999983549118042,0.4828871190547943,0.5147454142570496,-0.17282238602638245,0.999910295009613,0.46614503860473633,0.5083242058753967,-0.1559770703315735,0.9999591708183289,0.48731231689453125,0.5712649822235107,-0.19386258721351624,0.39979028701782227,0.4624597430229187,0.5542438626289368,-0.1577237993478775,0.6839273571968079,0.48309484124183655,0.6341204047203064,-0.19374516606330872,0.3922283947467804,0.4736900329589844,0.5798437595367432,-0.15477028489112854,0.5981981754302979,0.48691707849502563,0.4784350097179413,-0.0019115451723337173,0.9999322295188904,0.4779667854309082,0.4776933491230011,0.001723074121400714,0.9998366236686707,0.48391062021255493,0.5002211928367615,-0.08450550585985184,0.8196633458137512,0.47059735655784607,0.5412866473197937,-0.08003857731819153,0.31678885221481323,0.48576346039772034,0.5175207257270813,-0.028277907520532608,0.8157967925071716,0.47678089141845703,0.5884742140769958,-0.06862659752368927,0.15008027851581573,0.48657822608947754,0.5295177102088928,-0.045472122728824615,0.8481002449989319,0.47120627760887146,0.611813485622406,-0.09239950031042099,0.24022652208805084
459,15.3,0.4817797541618347,0.5251873135566711,-0.22005391120910645,0.9999849796295166,0.4841465353965759,0.5269853472709656,-0.17598377168178558,0.9999033212661743,0.46260643005371094,0.5018921494483948,-0.17373135685920715,0.9999568462371826,0.48727503418922424,0.5766585469245911,-0.17547747492790222,0.43871864676475525,0.4605814814567566,0.5377787947654724,-0.15577450394630432,0.685204803943634,0.48309245705604553,0.6362883448600769,-0.17757976055145264,0.4153859615325928,0.4724327623844147,0.5617747902870178,-0.14670439064502716,0.545911967754364,0.483628511428833,0.4967993497848511,0.002548789605498314,0.9999363422393799,0.47097912430763245,0.4783364534378052,-0.002720415126532316,0.9998514652252197,0.4827738404273987,0.5471621751785278,0.0017305563669651747,0.799444854259491,0.4616130292415619,0.5237959027290344,-0.05863353610038757,0.3636903166770935,0.48249611258506775,0.5594123601913452,0.06214165687561035,0.7914478778839111,0.46479612588882446,0.5826264023780823,-0.015450065955519676,0.17314843833446503,0.4812978208065033,0.5695534944534302,0.03632406145334244,0.822799026966095,0.45790767669677734,0.6066709160804749,-0.04187221825122833,0.2649858593940735
461,15.366666666666667,0.49821144342422485,0.45349743962287903,-0.2588590979576111,0.999986469745636,0.5044336318969727,0.4581778943538666,-0.14708545804023743,0.9999129772186279,0.47880369424819946,0.46298637986183167,-0.21546538174152374,0.9999611377716064,0.4980987012386322,0.4964384436607361,-0.09733258187770844,0.49483823776245117,0.475786030292511,0.5519320368766785,-0.240009143948555,0.7166842222213745,0.49953693151474,0.5349266529083252,-0.06809133291244507,0.47375720739364624,0.4832773804664612,0.6203774213790894,-0.2633003890514374,0.5913196802139282,0.4856216013431549,0.5039064884185791,0.018720760941505432,0.9999427199363708,0.4691622853279114,0.500037431716919,-0.018763035535812378,0.9998663067817688,0.4795452952384949,0.5576286911964417,0.10806248337030411,0.8189212083816528,0.46167927980422974,0.5585578680038452,0.0319279283285141,0.42650943994522095,0.4745057225227356,0.5457007884979248,0.24822501838207245,0.783399760723114,0.45855769515037537,0.5290268063545227,0.17723527550697327,0.2164342850446701,0.47211307287216187,0.5541813969612122,0.25945740938186646,0.8331974744796753,0.45609647035598755,0.5450929999351501,0.18968942761421204,0.3283994197845459
462,15.4,0.4991900324821472,0.45349761843681335,-0.25425589084625244,0.9999878406524658,0.5044330954551697,0.45785170793533325,-0.14203546941280365,0.9999216794967651,0.47883233428001404,0.4638483226299286,-0.19434784352779388,0.9999649524688721,0.499750554561615,0.4949140250682831,-0.08460898697376251,0.5453059673309326,0.48116952180862427,0.5332663059234619,-0.20699286460876465,0.7450118660926819,0.5018378496170044,0.5338999629020691,-0.06011911481618881,0.5262560844421387,0.4879979193210602,0.5809664130210876,-0.2354864627122879,0.6321520805358887,0.4855272173881531,0.5038615465164185,0.014711474068462849,0.9999484419822693,0.4688211977481842,0.5020368099212646,-0.014764079824090004,0.9998796582221985,0.4863301217556,0.5689066052436829,0.032914865761995316,0.8369315266609192,0.46153193712234497,0.560196578502655,0.004861623514443636,0.4832536578178406,0.47920888662338257,0.582246720790863,0.15677091479301453,0.7954763770103455,0.45862993597984314,0.5284063816070557,0.15183420479297638,0.24603858590126038,0.477417528629303,0.5957698225975037,0.15861180424690247,0.8463560342788696,0.4565836489200592,0.5389582514762878,0.16454850137233734,0.3756265938282013
463,15.433333333333334,0.500516951084137,0.4529244005680084,-0.2797108292579651,0.9999890327453613,0.504534900188446,0.45756834745407104,-0.15676507353782654,0.9999294877052307,0.47878003120422363,0.46636962890625,-0.19684579968452454,0.9999683499336243,0.5011343955993652,0.49498802423477173,-0.09740126132965088,0.5907534956932068,0.48226404190063477,0.5338132381439209,-0.2226492464542389,0.7705093622207642,0.5042633414268494,0.5336857438087463,-0.08089327812194824,0.5735310912132263,0.488386869430542,0.5751726627349854,-0.24769382178783417,0.6689139008522034,0.4854164719581604,0.5035551190376282,0.013152065686881542,0.99995356798172,0.46860170364379883,0.5023417472839355,-0.0132282180711627,0.9998916387557983,0.48639512062072754,0.5701501369476318,0.01454326044768095,0.8529535531997681,0.4615327715873718,0.560163140296936,0.005958850495517254,0.5320406556129456,0.4827672839164734,0.6251721978187561,0.12851408123970032,0.8082289695739746,0.4592108726501465,0.5327252745628357,0.16384628415107727,0.24693921208381653,0.47748318314552307,0.6325982809066772,0.11411364376544952,0.8591350317001343,0.4587949216365814,0.5450325608253479,0.175148144364357,0.3993646800518036
464,15.466666666666667,0.5016903281211853,0.4527748227119446,-0.2903057932853699,0.9999901056289673,0.5046728253364563,0.45726141333580017,-0.16675184667110443,0.9999365210533142,0.47843948006629944,0.4710567593574524,-0.2227223813533783,0.999971330165863,0.502616286277771,0.49325498938560486,-0.10296593606472015,0.6315910816192627,0.48310327529907227,0.5367192029953003,-0.23824849724769592,0.7934376001358032,0.5067394971847534,0.5327215790748596,-0.08017236739397049,0.6157364845275879,0.49078887701034546,0.5774961113929749,-0.2695358991622925,0.7017078995704651,0.48520827293395996,0.5027894377708435,0.013447885401546955,0.9999582171440125,0.4683815836906433,0.5024858117103577,-0.01349391508847475,0.9999024868011475,0.4861845374107361,0.5708473324775696,0.04284895211458206,0.8656465411186218,0.46151599287986755,0.561215877532959,-0.0018004837911576033,0.5720973014831543,0.48178911209106445,0.5879759192466736,0.1853036731481552,0.7691561579704285,0.4606528878211975,0.5420427322387695,0.16745337843894958,0.23358577489852905,0.4771447777748108,0.5981765985488892,0.18258251249790192,0.853310763835907,0.46270042657852173,0.5497446060180664,0.17790642380714417,0.40231242775917053
465,15.5,0.5024591684341431,0.45286238193511963,-0.32002493739128113,0.9999911189079285,0.5048350095748901,0.4571149945259094,-0.17520180344581604,0.9999428987503052,0.47844186425209045,0.4746081829071045,-0.2333674132823944,0.9999741315841675,0.5041020512580872,0.493272989988327,-0.10200144350528717,0.6684058904647827,0.4834652543067932,0.5354946851730347,-0.2485179603099823,0.8140925765037537,0.5095909833908081,0.5323468446731567,-0.06341086328029633,0.6539204716682434,0.4918603003025055,0.5758312940597534,-0.282290518283844,0.7315108180046082,0.4852040410041809,0.5028144717216492,0.014402464032173157,0.9999623894691467,0.468300998210907,0.5023907423019409,-0.014467045664787292,0.9999122023582458,0.48680534958839417,0.5718895196914673,0.015836574137210846,0.8766472935676575,0.46163925528526306,0.5615187883377075,-0.006174716632813215,0.5908268094062805,0.48422718048095703,0.6323975920677185,0.13379599153995514,0.7614807486534119,0.4618946611881256,0.5509065389633179,0.16878490149974823,0.2145610898733139,0.47740960121154785,0.6418989896774292,0.10879075527191162,0.8600450754165649,0.4660138189792633,0.5584799647331238,0.17146626114845276,0.390213280916214
466,15.533333333333333,0.503075897693634,0.4528730511665344,-0.31566670536994934,0.9999920129776001,0.5050031542778015,0.45689642429351807,-0.16871081292629242,0.9999485611915588,0.48003625869750977,0.4730690121650696,-0.2111961841583252,0.9999725818634033,0.5059575438499451,0.4928482174873352,-0.08432745188474655,0.6760983467102051,0.4762607216835022,0.5159507989883423,-0.15521496534347534,0.8184956312179565,0.5115975141525269,0.5311969518661499,-0.03125084191560745,0.6531980037689209,0.46246138215065,0.5198044180870056,-0.10147218406200409,0.6966102719306946,0.48520737886428833,0.5017118453979492,0.011555412784218788,0.9999645948410034,0.4680755138397217,0.5006959438323975,-0.01162581704556942,0.9999106526374817,0.48643189668655396,0.5701396465301514,-0.017772044986486435,0.8029569387435913,0.46167927980422974,0.5614904761314392,-0.00513522420078516,0.5322351455688477,0.4862252175807953,0.6363016366958618,0.04602748900651932,0.7037973999977112,0.46712374687194824,0.5584116578102112,0.18026182055473328,0.19313348829746246,0.4846648573875427,0.660376250743866,0.0017458830261602998,0.8080832958221436,0.46749168634414673,0.5752081274986267,0.17568127810955048,0.35133516788482666
467,15.566666666666666,0.5039262771606445,0.4528343975543976,-0.33027833700180054,0.9999927878379822,0.5055112838745117,0.4568752348423004,-0.1749849170446396,0.9999536871910095,0.4800177216529846,0.4773676097393036,-0.23092977702617645,0.9999744892120361,0.5081199407577515,0.49292221665382385,-0.09422598034143448,0.7068672180175781,0.48170867562294006,0.5221360325813293,-0.24023310840129852,0.8365946412086487,0.5145578980445862,0.5294407606124878,-0.05762811750173569,0.6771097779273987,0.49221616983413696,0.5605180263519287,-0.2711944878101349,0.7253828048706055,0.48544079065322876,0.5011069178581238,0.012549144215881824,0.9999680519104004,0.46809300780296326,0.5005022883415222,-0.012639613822102547,0.9999192357063293,0.48782673478126526,0.5692906379699707,-0.03870474919676781,0.786177933216095,0.46193352341651917,0.5614283084869385,-0.012700704857707024,0.4833788275718689,0.48703306913375854,0.6375942826271057,0.041987981647253036,0.6797305345535278,0.46726495027542114,0.5549412369728088,0.16450773179531097,0.17394854128360748,0.48696985840797424,0.6612356901168823,-0.0029866877011954784,0.7968310117721558,0.468158096075058,0.5701176524162292,0.15715494751930237,0.317025363445282
468,15.6,0.5046733617782593,0.4534797668457031,-0.3051064908504486,0.9999935030937195,0.5058206915855408,0.45751479268074036,-0.1607353389263153,0.9999582767486572,0.4799399971961975,0.4810079336166382,-0.217571422457695,0.9999752044677734,0.5096291303634644,0.493036687374115,-0.07704516500234604,0.7322617769241333,0.4845374524593353,0.5293066501617432,-0.21961155533790588,0.8526889681816101,0.5170871019363403,0.5285183191299438,-0.04293345287442207,0.7035346627235413,0.49798187613487244,0.5634269118309021,-0.2448503077030182,0.7513595819473267,0.48550835251808167,0.5019688010215759,0.012376559898257256,0.9999706745147705,0.46805429458618164,0.5020570158958435,-0.012472313828766346,0.9999245405197144,0.48759517073631287,0.56876540184021,-0.05804133415222168,0.793398916721344,0.46263211965560913,0.5626394748687744,-0.004456405062228441,0.4472852647304535,0.4872772693634033,0.6358022093772888,0.007955196313560009,0.6851722598075867,0.4680177569389343,0.5583454370498657,0.16195857524871826,0.15744557976722717,0.4883107542991638,0.6614158153533936,-0.031982745975255966,0.8024041652679443,0.4679306447505951,0.5739192366600037,0.15971708297729492,0.2883300185203552
469,15.633333333333333,0.5054374933242798,0.45553067326545715,-0.3115440607070923,0.999994158744812,0.5058431625366211,0.45751312375068665,-0.15669561922550201,0.9999623894691467,0.48052048683166504,0.4791184365749359,-0.2134624719619751,0.999975860118866,0.5099970102310181,0.4887785315513611,-0.06603431701660156,0.7493808269500732,0.485759973526001,0.5286491513252258,-0.20952510833740234,0.8671051263809204,0.5187344551086426,0.5220068693161011,-0.019039439037442207,0.7254706025123596,0.49793940782546997,0.5584402084350586,-0.21909913420677185,0.772817850112915,0.48550939559936523,0.5022245049476624,0.011959689669311047,0.9999730587005615,0.4680544435977936,0.5021071434020996,-0.012061400339007378,0.9999295473098755,0.48762956261634827,0.567284882068634,-0.0791742354631424,0.787335216999054,0.4634322226047516,0.5631205439567566,-0.004886459559202194,0.4087972342967987,0.48793333768844604,0.6375365257263184,-0.010500247590243816,0.6838866472244263,0.46815991401672363,0.5586950778961182,0.15594172477722168,0.1417861431837082,0.4890781342983246,0.6613885164260864,-0.05553088337182999,0.7931529879570007,0.46893763542175293,0.5737802386283875,0.14910052716732025,0.25988155603408813
470,15.666666666666666,0.5052149295806885,0.4554001986980438,-0.3368242681026459,0.9999947547912598,0.5071399807929993,0.4572097361087799,-0.16486775875091553,0.9999661445617676,0.48124438524246216,0.4775967597961426,-0.21462687849998474,0.9999778866767883,0.5117852687835693,0.48787039518356323,-0.07779273390769958,0.7741678953170776,0.4868446886539459,0.5264537334442139,-0.21590390801429749,0.8803791403770447,0.5210519433021545,0.5193930864334106,-0.033757466822862625,0.7528350949287415,0.4993000030517578,0.5554460883140564,-0.23135323822498322,0.7953104972839355,0.48622244596481323,0.5022411942481995,0.010190216824412346,0.9999756813049316,0.468343585729599,0.5021812915802002,-0.010309392586350441,0.9999359846115112,0.4883444905281067,0.5623669624328613,-0.12007077038288116,0.8076544404029846,0.46404585242271423,0.5631003379821777,-0.0017420841613784432,0.43852463364601135,0.48830646276474,0.6367371082305908,-0.0551563985645771,0.7151710987091064,0.4686940610408783,0.5583105087280273,0.17098435759544373,0.1276300847530365,0.4891086220741272,0.65849369764328,-0.11407715082168579,0.8130184412002563,0.46887555718421936,0.5704221725463867,0.16014142334461212,0.23417507112026215
471,15.7,0.505194365978241,0.4552958905696869,-0.3307819962501526,0.9999952912330627,0.5081957578659058,0.45700234174728394,-0.16388055682182312,0.9999695420265198,0.48213881254196167,0.4769524037837982,-0.21453118324279785,0.9999796152114868,0.5130577683448792,0.48361706733703613,-0.06452300399541855,0.7952551245689392,0.48767465353012085,0.5250234007835388,-0.20816051959991455,0.8922440409660339,0.5234044790267944,0.5161900520324707,-0.0013027009554207325,0.7771847248077393,0.4998934268951416,0.5506394505500793,-0.20717112720012665,0.8149387836456299,0.4867595136165619,0.5021637678146362,0.010250440798699856,0.9999780058860779,0.46873635053634644,0.5020352005958557,-0.010354120284318924,0.9999415874481201,0.488313764333725,0.5603023767471313,-0.10052697360515594,0.822679340839386,0.4643086791038513,0.5629886388778687,0.009935090318322182,0.44219323992729187,0.4888087213039398,0.6351740956306458,-0.032249607145786285,0.7420487403869629,0.46898627281188965,0.5579804182052612,0.179081529378891,0.11488870531320572,0.4892956614494324,0.6570824980735779,-0.08489072322845459,0.828946590423584,0.47301679849624634,0.5713624358177185,0.1696370393037796,0.21099862456321716
472,15.733333333333333,0.5048900246620178,0.4552675485610962,-0.3541932702064514,0.999995768070221,0.5091372728347778,0.455985426902771,-0.17866027355194092,0.9999725818634033,0.4826347827911377,0.47876298427581787,-0.2238219678401947,0.9999811053276062,0.5141880512237549,0.4786374866962433,-0.06585834175348282,0.8145866394042969,0.4886302053928375,0.525281548500061,-0.19021202623844147,0.9029677510261536,0.5245915651321411,0.5112413167953491,0.017284493893384933,0.7981579899787903,0.501654326915741,0.5474459528923035,-0.15016509592533112,0.8323264122009277,0.4873049855232239,0.5013803839683533,0.009650357998907566,0.999980092048645,0.46943798661231995,0.5017115473747253,-0.009746154770255089,0.9999467134475708,0.4891393780708313,0.5603105425834656,-0.07689733058214188,0.8390949964523315,0.46469250321388245,0.5625050067901611,0.00907774455845356,0.4728242754936218,0.4890289902687073,0.6360558271408081,0.006828385405242443,0.7670228481292725,0.46909967064857483,0.5604273676872253,0.18845072388648987,0.10368905961513519,0.48951220512390137,0.6571155786514282,-0.045955587178468704,0.845242977142334,0.47401636838912964,0.575082540512085,0.17964236438274384,0.19297648966312408
473,15.766666666666667,0.5049499273300171,0.4552250802516937,-0.3476303219795227,0.9999961853027344,0.5111334919929504,0.4542916715145111,-0.1742764115333557,0.9999752640724182,0.4844338297843933,0.47851112484931946,-0.22433587908744812,0.9999805092811584,0.5155307054519653,0.4757002592086792,-0.054768048226833344,0.8108709454536438,0.4919726848602295,0.5268073081970215,-0.17495793104171753,0.9117761254310608,0.5258344411849976,0.5069530010223389,0.037359245121479034,0.751769483089447,0.5012600421905518,0.5423174500465393,-0.11138339340686798,0.8155878782272339,0.4879782795906067,0.5012633204460144,0.010225328616797924,0.999981164932251,0.4700867235660553,0.49998125433921814,-0.01031482219696045,0.9999462962150574,0.4902499318122864,0.560923159122467,-0.06444700807332993,0.843275249004364,0.4646576941013336,0.5624924302101135,-0.004058323800563812,0.436251163482666,0.49005788564682007,0.6366186141967773,0.013869335874915123,0.7650739550590515,0.4684239327907562,0.5636076927185059,0.17971321940422058,0.09345385432243347,0.4903302788734436,0.6555022597312927,-0.03781130164861679,0.8498424887657166,0.4734521806240082,0.5753781795501709,0.16569863259792328,0.17493049800395966
474,15.8,0.5050448179244995,0.4555761516094208,-0.3332006335258484,0.999996542930603,0.5123502612113953,0.45445773005485535,-0.16868679225444794,0.9999776482582092,0.48558515310287476,0.4780128002166748,-0.21623139083385468,0.9999804496765137,0.516678512096405,0.4742729067802429,-0.04584750160574913,0.7971755266189575,0.49021440744400024,0.5211271643638611,-0.16145512461662292,0.9187271595001221,0.5278733968734741,0.5030079483985901,0.041838839650154114,0.7183340787887573,0.5032647848129272,0.5366964340209961,-0.10103367269039154,0.808129072189331,0.4888518750667572,0.5014863014221191,0.010431749746203423,0.9999817609786987,0.4707620143890381,0.49943187832832336,-0.010513214394450188,0.9999451637268066,0.4907969534397125,0.5610246062278748,-0.058938950300216675,0.8457592725753784,0.4647199511528015,0.5625063180923462,-0.006243840791285038,0.40325653553009033,0.4908565878868103,0.6345810294151306,0.009102319367229939,0.762841522693634,0.4721478521823883,0.5623560547828674,0.16112825274467468,0.08439043164253235,0.491180419921875,0.6576617360115051,-0.04054785892367363,0.8555264472961426,0.47316083312034607,0.5755322575569153,0.15239331126213074,0.159674271941185
475,15.833333333333334,0.504923403263092,0.4562106728553772,-0.3346642553806305,0.9999969005584717,0.5133835673332214,0.4544314444065094,-0.16831272840499878,0.9999797940254211,0.4857409596443176,0.4778699278831482,-0.21103021502494812,0.9999806880950928,0.5177887678146362,0.4713646471500397,-0.05044960975646973,0.7956852912902832,0.4911603033542633,0.5183022022247314,-0.15086273849010468,0.9249267578125,0.529897153377533,0.4971613883972168,0.035265132784843445,0.7062025666236877,0.503709614276886,0.5327339768409729,-0.08378203213214874,0.81120365858078,0.48922404646873474,0.5013827085494995,0.009359770454466343,0.9999822974205017,0.4711477756500244,0.49868693947792053,-0.009432164020836353,0.999944269657135,0.4916594624519348,0.5612481832504272,-0.058621447533369064,0.8551346063613892,0.46510687470436096,0.5628067255020142,-0.011133705265820026,0.38494211435317993,0.4920880198478699,0.6346420049667358,-0.003831689478829503,0.776634931564331,0.4735748767852783,0.5615711808204651,0.15033452212810516,0.0766860768198967,0.4923427999019623,0.657243549823761,-0.057696618139743805,0.866498589515686,0.4772648215293884,0.573810875415802,0.141697496175766,0.14877161383628845
476,15.866666666666667,0.5049455165863037,0.45708656311035156,-0.3378836512565613,0.9999971985816956,0.5137242674827576,0.4542198181152344,-0.16701146960258484,0.9999817609786987,0.48629140853881836,0.47770029306411743,-0.2125004529953003,0.9999811053276062,0.5177007913589478,0.46997320652008057,-0.047413863241672516,0.7943059802055359,0.49149250984191895,0.5174503922462463,-0.15137597918510437,0.9306585788726807,0.5302411913871765,0.4963419735431671,0.04052557051181793,0.7006022930145264,0.5039375424385071,0.5319998860359192,-0.07931214570999146,0.8143376111984253,0.4894464612007141,0.5011933445930481,0.00965052004903555,0.9999825954437256,0.4715113639831543,0.4985535144805908,-0.009721962735056877,0.9999426007270813,0.4920159876346588,0.561439037322998,-0.05857998877763748,0.8642873764038086,0.4653509259223938,0.5630713105201721,-0.015127083286643028,0.37646955251693726,0.49220162630081177,0.6342072486877441,-0.008021918125450611,0.7924037575721741,0.47570961713790894,0.5620546340942383,0.14668232202529907,0.07024543732404709,0.49263930320739746,0.6559976935386658,-0.06366829574108124,0.8773468136787415,0.47865214943885803,0.5729715824127197,0.13792464137077332,0.1407523900270462
477,15.9,0.5069872140884399,0.4619697630405426,-0.3361922800540924,0.9999974966049194,0.5145448446273804,0.45264732837677,-0.16932323575019836,0.9999833703041077,0.4893198609352112,0.4849824607372284,-0.22033527493476868,0.9999785423278809,0.5184751749038696,0.4634656310081482,-0.05336533114314079,0.7540086507797241,0.49770984053611755,0.5232037901878357,-0.16216178238391876,0.9307719469070435,0.5324791669845581,0.4858859181404114,0.036995403468608856,0.6701837182044983,0.5075936317443848,0.5237752795219421,-0.08670122176408768,0.8002140522003174,0.4911401867866516,0.5011318325996399,0.011319284327328205,0.9999831318855286,0.4735463261604309,0.4997712969779968,-0.011405693367123604,0.9999427199363708,0.49373188614845276,0.5606667995452881,-0.05413702130317688,0.8484556674957275,0.46708935499191284,0.5630452632904053,-0.009973174892365932,0.35088929533958435,0.49457651376724243,0.6353371739387512,0.010139698162674904,0.7951424717903137,0.4750986695289612,0.5626215934753418,0.15507125854492188,0.06421132385730743,0.49586567282676697,0.6557525992393494,-0.03682786226272583,0.8805458545684814,0.47629016637802124,0.5736058354377747,0.14615502953529358,0.13025695085525513
478,15.933333333333334,0.5068643093109131,0.46273159980773926,-0.3197554051876068,0.9999977350234985,0.516724169254303,0.45288196206092834,-0.1543993055820465,0.999984622001648,0.4906272888183594,0.48328158259391785,-0.21229800581932068,0.999974250793457,0.5193350315093994,0.45994359254837036,-0.041547682136297226,0.7144285440444946,0.4953942894935608,0.5209223628044128,-0.1585594266653061,0.9322679042816162,0.5337485074996948,0.4817047417163849,0.04184526577591896,0.6731421947479248,0.5113030672073364,0.5192862749099731,-0.09726588428020477,0.8081983327865601,0.4919005036354065,0.5014461278915405,0.01317777018994093,0.999981701374054,0.4745231568813324,0.5000561475753784,-0.013270338997244835,0.9999366402626038,0.49441295862197876,0.5607999563217163,-0.035401009023189545,0.8310002088546753,0.4684688150882721,0.5636637806892395,-0.015075035393238068,0.3348662853240967,0.49550873041152954,0.6355792284011841,0.007423529867082834,0.8065630793571472,0.473457008600235,0.5651363730430603,0.1421627700328827,0.06048494949936867,0.4981798529624939,0.6581141352653503,-0.039189841598272324,0.8878291845321655,0.47556638717651367,0.5766209363937378,0.14309334754943848,0.124725341796875
479,15.966666666666667,0.507634162902832,0.46458056569099426,-0.33381813764572144,0.9999979734420776,0.5182770490646362,0.45299220085144043,-0.158321350812912,0.9999857544898987,0.49204009771347046,0.4829098582267761,-0.2228056937456131,0.9999697208404541,0.5206607580184937,0.45745086669921875,-0.04368133470416069,0.6803791522979736,0.49595484137535095,0.517069399356842,-0.16658011078834534,0.9312798380851746,0.5337792038917542,0.4756726026535034,0.04876052960753441,0.6658679842948914,0.5111739039421082,0.5152003169059753,-0.09918740391731262,0.7969551086425781,0.49262362718582153,0.5033181309700012,0.015719491988420486,0.999981164932251,0.475041002035141,0.5000005960464478,-0.015801889821887016,0.9999340176582336,0.495706170797348,0.5643548369407654,-0.014054959639906883,0.8020958304405212,0.46977463364601135,0.5638155341148376,-0.01802622154355049,0.3227594196796417,0.4972739815711975,0.6352201104164124,0.0507500097155571,0.8040249347686768,0.47291359305381775,0.5654281973838806,0.14788216352462769,0.05685144662857056,0.49988022446632385,0.6581286191940308,0.00964878685772419,0.8870705366134644,0.4754471778869629,0.5769662857055664,0.1488245576620102,0.11924923211336136
480,16.0,0.5079219937324524,0.46601566672325134,-0.33259814977645874,0.999998152256012,0.5201844573020935,0.45301276445388794,-0.15906274318695068,0.999986469745636,0.49049991369247437,0.478377103805542,-0.2216126173734665,0.9999608397483826,0.5231932401657104,0.454067200422287,-0.034749362617731094,0.6283825039863586,0.49666744470596313,0.5151093602180481,-0.16304618120193481,0.9246969819068909,0.5365728139877319,0.465805321931839,0.06522286683320999,0.6358286142349243,0.5122463703155518,0.5114969611167908,-0.09045290946960449,0.7663065195083618,0.4937599301338196,0.5039823651313782,0.016498293727636337,0.9999776482582092,0.47596535086631775,0.49995213747024536,-0.016577672213315964,0.9999208450317383,0.49626460671424866,0.5664400458335876,-0.005318937823176384,0.7496362328529358,0.4704430103302002,0.5657318830490112,-0.016659226268529892,0.2996426522731781,0.498730331659317,0.6358219385147095,0.05697042867541313,0.7805866003036499,0.4726000428199768,0.5565510988235474,0.14923837780952454,0.05207911506295204,0.5013206005096436,0.659199595451355,0.019821442663669586,0.8712756037712097,0.46956855058670044,0.5710535049438477,0.15538789331912994,0.1102200523018837
481,16.033333333333335,0.5083856582641602,0.46714353561401367,-0.3315499424934387,0.9999983310699463,0.5197798013687134,0.45396190881729126,-0.1590685248374939,0.999987006187439,0.4936347007751465,0.4796055257320404,-0.22162620723247528,0.999953031539917,0.5236040353775024,0.4560603201389313,-0.0376037135720253,0.5799945592880249,0.49742960929870605,0.515274167060852,-0.1637575775384903,0.9194194674491882,0.5361982583999634,0.4663979709148407,0.05658308416604996,0.6076099872589111,0.5132089853286743,0.5112915635108948,-0.09198366850614548,0.7522455453872681,0.49389591813087463,0.5040009617805481,0.016704339534044266,0.9999731183052063,0.476240336894989,0.4999474883079529,-0.016785385087132454,0.9999036192893982,0.4966021180152893,0.5667011737823486,-0.013854560442268848,0.7009475827217102,0.4706745147705078,0.5658815503120422,-0.014209248125553131,0.2766256630420685,0.4990433156490326,0.6366187930107117,0.048648662865161896,0.7676968574523926,0.47287511825561523,0.5556626915931702,0.15140213072299957,0.047733206301927567,0.5011807084083557,0.6584399938583374,0.005234739743173122,0.8649753332138062,0.4692029356956482,0.5712355375289917,0.15850381553173065,0.10201919823884964
482,16.066666666666666,0.510225236415863,0.46743130683898926,-0.35790109634399414,0.9999984502792358,0.5224989652633667,0.45514705777168274,-0.1786859780550003,0.9999863505363464,0.49203842878341675,0.47865062952041626,-0.2287311851978302,0.9998899102210999,0.5332551598548889,0.4532652497291565,-0.04139622300863266,0.5257169604301453,0.5000296831130981,0.5157666802406311,-0.16259703040122986,0.8738428950309753,0.5406436324119568,0.4546251595020294,0.06260593235492706,0.5478776693344116,0.5139514207839966,0.5006338953971863,-0.07431989908218384,0.6781736016273499,0.4956854283809662,0.5047078132629395,0.016244802623987198,0.9999669194221497,0.4777100086212158,0.49947088956832886,-0.016330238431692123,0.9998737573623657,0.49812906980514526,0.5675448775291443,0.00019636191427707672,0.6400786638259888,0.47335582971572876,0.5657761693000793,0.005209391005337238,0.2503744661808014,0.5004749298095703,0.6374638676643372,0.06985016167163849,0.7212671637535095,0.4722744822502136,0.5554561018943787,0.17986270785331726,0.04319711774587631,0.5037856698036194,0.6597298383712769,0.0261607114225626,0.8267096877098083,0.469559907913208,0.5694655776023865,0.18283112347126007,0.09277711808681488
483,16.1,0.5129016041755676,0.470326691865921,-0.3565099239349365,0.9999985098838806,0.5231443643569946,0.4564073383808136,-0.18493880331516266,0.9999866485595703,0.4935190677642822,0.48236796259880066,-0.2408619374036789,0.9998911023139954,0.528626024723053,0.45497626066207886,-0.052630167454481125,0.4735146760940552,0.48580899834632874,0.5163789987564087,-0.18143585324287415,0.8075231313705444,0.5289416909217834,0.46701541543006897,0.05241712927818298,0.49318885803222656,0.47996750473976135,0.5291826725006104,-0.08511622995138168,0.6106433868408203,0.4970424771308899,0.5059117078781128,0.017655830830335617,0.9999677538871765,0.4792900085449219,0.4994540214538574,-0.017741790041327477,0.9998801350593567,0.49989596009254456,0.5685909986495972,0.022863302379846573,0.5770650506019592,0.4750064015388489,0.5656511783599854,0.01868515834212303,0.22548258304595947,0.501591145992279,0.6378121972084045,0.11395971477031708,0.652611494064331,0.47218236327171326,0.5564324855804443,0.20190545916557312,0.03891417011618614,0.5058494806289673,0.6598013639450073,0.07324834913015366,0.7543777823448181,0.4696398377418518,0.5706316828727722,0.2008553445339203,0.0836896300315857
484,16.133333333333333,0.5142441987991333,0.47422683238983154,-0.37358278036117554,0.9999986290931702,0.524276614189148,0.4587150514125824,-0.20680348575115204,0.9999875426292419,0.4942459166049957,0.48815566301345825,-0.2636789083480835,0.9998800754547119,0.5321048498153687,0.4520930349826813,-0.08447418361902237,0.4378829598426819,0.4851311147212982,0.5268137454986572,-0.269401490688324,0.7392779588699341,0.5387203097343445,0.4477929472923279,0.006341729313135147,0.44852516055107117,0.48395848274230957,0.538683295249939,-0.28432172536849976,0.5497526526451111,0.49774956703186035,0.507332980632782,0.019220853224396706,0.9999691843986511,0.48034748435020447,0.5000466108322144,-0.019343506544828415,0.9998841881752014,0.5009217858314514,0.569499135017395,0.032397884875535965,0.5195572376251221,0.47710171341896057,0.563782274723053,0.030371930450201035,0.20294855535030365,0.503140389919281,0.6379929184913635,0.12296652793884277,0.5880686640739441,0.47202882170677185,0.5592032670974731,0.19668333232402802,0.03504344820976257,0.5080047845840454,0.6592408418655396,0.08021277189254761,0.6805831789970398,0.4697844386100769,0.5761592388153076,0.18729999661445618,0.07537563145160675
485,16.166666666666668,0.5143563151359558,0.47469356656074524,-0.37334269285202026,0.9999987483024597,0.525488018989563,0.45984140038490295,-0.20415322482585907,0.9999886155128479,0.4935973286628723,0.4835406541824341,-0.26154178380966187,0.9998854994773865,0.5331547856330872,0.45116692781448364,-0.08530910313129425,0.4316673278808594,0.4844767451286316,0.5323448777198792,-0.2796171307563782,0.7030174136161804,0.5439849495887756,0.44362667202949524,0.001532065449282527,0.42591872811317444,0.4838019907474518,0.5459903478622437,-0.31312862038612366,0.49589791893959045,0.4987736642360687,0.5079585313796997,0.019729260355234146,0.9999709725379944,0.4810914099216461,0.5001645088195801,-0.0198514424264431,0.9998905658721924,0.5022807717323303,0.5698330402374268,0.018113357946276665,0.46926456689834595,0.4785420298576355,0.5637366771697998,0.015221623703837395,0.18279246985912323,0.5044741630554199,0.6382676959037781,0.10469526052474976,0.5345563888549805,0.4719553589820862,0.5620900392532349,0.17507629096508026,0.03171740099787712,0.5098255276679993,0.6597994565963745,0.06117859482765198,0.6230567097663879,0.46988701820373535,0.5823026895523071,0.15763574838638306,0.06828402727842331
486,16.2,0.5160613059997559,0.47686707973480225,-0.38701361417770386,0.9999988675117493,0.5275174379348755,0.4589788317680359,-0.2146766185760498,0.9999896883964539,0.4934539198875427,0.4818701148033142,-0.2919241487979889,0.9998966455459595,0.5385274291038513,0.4466528296470642,-0.09418745338916779,0.46316978335380554,0.48516830801963806,0.520828902721405,-0.3330153822898865,0.7325103282928467,0.5473746657371521,0.4405843913555145,-0.002566586248576641,0.4423394799232483,0.48923319578170776,0.5297146439552307,-0.38203558325767517,0.5418958067893982,0.49969324469566345,0.5076822638511658,0.022843237966299057,0.9999737739562988,0.4817466139793396,0.5002023577690125,-0.02305363304913044,0.9999012351036072,0.5032950043678284,0.569950520992279,0.02604510448873043,0.43066129088401794,0.48019394278526306,0.5641493797302246,0.018826499581336975,0.16478081047534943,0.5053096413612366,0.6386615037918091,0.11904501914978027,0.5019302368164062,0.47187718749046326,0.565036416053772,0.19201871752738953,0.028808215633034706,0.5105035901069641,0.6606571674346924,0.07351222634315491,0.6194187998771667,0.46995338797569275,0.5884473919868469,0.17618145048618317,0.06325522810220718
487,16.233333333333334,0.5167521834373474,0.47764289379119873,-0.36879584193229675,0.9999988675117493,0.5285266041755676,0.4594348967075348,-0.2040596753358841,0.9999892711639404,0.49311867356300354,0.48094889521598816,-0.2632167935371399,0.999876081943512,0.537842869758606,0.4447699785232544,-0.0651271715760231,0.4177556037902832,0.4865829050540924,0.5321939587593079,-0.28800052404403687,0.6632975935935974,0.5494384169578552,0.43661338090896606,0.04203321412205696,0.39875322580337524,0.4894973635673523,0.5506300330162048,-0.23056599497795105,0.4877574145793915,0.5004920363426208,0.5085449814796448,0.023725805804133415,0.9999707937240601,0.4824787974357605,0.5003661513328552,-0.023847438395023346,0.9998931884765625,0.5048166513442993,0.5707956552505493,0.013416595757007599,0.3879050612449646,0.48233866691589355,0.5649142861366272,-0.008214603178203106,0.14836080372333527,0.506697416305542,0.638511598110199,0.10136387497186661,0.45276421308517456,0.4718007445335388,0.5668336153030396,0.13259372115135193,0.026014462113380432,0.5119464993476868,0.6614530682563782,0.06142893433570862,0.5594515204429626,0.4699563980102539,0.5925890207290649,0.11804500967264175,0.057126179337501526
488,16.266666666666666,0.521386981010437,0.48159176111221313,-0.36577993631362915,0.9999986290931702,0.5318317413330078,0.45990896224975586,-0.19712361693382263,0.9999867081642151,0.4970749020576477,0.48141539096832275,-0.2559141516685486,0.9998628497123718,0.5356472730636597,0.4411117434501648,-0.05519880726933479,0.37631747126579285,0.4919368624687195,0.5403047800064087,-0.21102753281593323,0.6100363731384277,0.5476757287979126,0.4264698326587677,0.06199253723025322,0.35907620191574097,0.49151745438575745,0.5573136806488037,-0.13578328490257263,0.4391797184944153,0.5028815269470215,0.5087982416152954,0.02346700057387352,0.9999668002128601,0.48550158739089966,0.50240159034729,-0.023575326427817345,0.9998871088027954,0.5080808401107788,0.5719765424728394,0.008856947533786297,0.34967198967933655,0.4865388870239258,0.5664822459220886,-0.003978257067501545,0.13363449275493622,0.5101503133773804,0.6423454880714417,0.09377358108758926,0.40982362627983093,0.4725218415260315,0.5751773715019226,0.13998204469680786,0.023592159152030945,0.5160757899284363,0.6633738875389099,0.04981251433491707,0.5086531639099121,0.46964484453201294,0.6058326959609985,0.1201818585395813,0.051848117262125015
489,16.3,0.5241814255714417,0.4857145845890045,-0.3616302013397217,0.9999973177909851,0.5346975326538086,0.4613267779350281,-0.18702559173107147,0.9999797940254211,0.5011765956878662,0.48149579763412476,-0.25381988286972046,0.9998424053192139,0.53610759973526,0.43951326608657837,-0.05540250986814499,0.3388424217700958,0.4963182508945465,0.5382270216941833,-0.20064333081245422,0.5535053610801697,0.5464965105056763,0.42137840390205383,0.05539125204086304,0.32329314947128296,0.4968412518501282,0.5578340291976929,-0.13060730695724487,0.3953627645969391,0.5056646466255188,0.5104066729545593,0.02375415898859501,0.9999638199806213,0.4880290627479553,0.5042651295661926,-0.023844420909881592,0.9998866319656372,0.5102470517158508,0.572940468788147,0.0075761424377560616,0.3150310218334198,0.4894176423549652,0.5683794617652893,-0.011150083504617214,0.12039337307214737,0.5125010013580322,0.6426246762275696,0.09398451447486877,0.37086325883865356,0.47332850098609924,0.5841407179832458,0.12002833187580109,0.021629204973578453,0.5177307724952698,0.6630764603614807,0.04843713343143463,0.46197131276130676,0.4698023796081543,0.6155357956886292,0.09389187395572662,0.047367457300424576
490,16.333333333333332,0.5278887748718262,0.48739203810691833,-0.3641493618488312,0.999994695186615,0.5377169847488403,0.4609552025794983,-0.18938103318214417,0.9999684691429138,0.5049263834953308,0.48334410786628723,-0.2573266625404358,0.9997250437736511,0.5387259721755981,0.4333347678184509,-0.05725451558828354,0.3053435981273651,0.49843335151672363,0.5353078842163086,-0.1919758915901184,0.49977758526802063,0.5478572249412537,0.4125800132751465,0.04731399938464165,0.29141414165496826,0.5032528638839722,0.5461755394935608,-0.10683268308639526,0.3558580279350281,0.5079190731048584,0.5115988254547119,0.025394540280103683,0.9999594688415527,0.49139609932899475,0.5073385238647461,-0.025461722165346146,0.9998805522918701,0.5134631395339966,0.5747842192649841,0.03784177079796791,0.2837279140949249,0.4936061501502991,0.5701860785484314,0.0015507425414398313,0.10846856236457825,0.5155510306358337,0.6434133648872375,0.13126365840435028,0.3384586572647095,0.47582998871803284,0.5944910049438477,0.13396300375461578,0.02138454094529152,0.521996796131134,0.6653248071670532,0.08601507544517517,0.420684278011322,0.4718058109283447,0.629883348941803,0.1053769588470459,0.04381609708070755
491,16.366666666666667,0.5294715166091919,0.48938268423080444,-0.3771412670612335,0.9999949932098389,0.5404311418533325,0.46202415227890015,-0.21188613772392273,0.9999697804450989,0.5066331028938293,0.48523271083831787,-0.28635650873184204,0.9997487664222717,0.5405880212783813,0.4312243163585663,-0.09686452895402908,0.3015502095222473,0.4993433356285095,0.5248568058013916,-0.30470797419548035,0.5366475582122803,0.5489839315414429,0.40859219431877136,-0.014309239573776722,0.28353002667427063,0.5021337270736694,0.5336649417877197,-0.3305779993534088,0.35567811131477356,0.5104017853736877,0.5125513076782227,0.02594016119837761,0.9999629855155945,0.49403372406959534,0.5092448592185974,-0.02603239193558693,0.9998915791511536,0.5153955221176147,0.5768136382102966,0.02123735472559929,0.27827972173690796,0.4967620372772217,0.572599470615387,-0.03549627587199211,0.10844150930643082,0.5180468559265137,0.6442860960960388,0.10941360145807266,0.370951384305954,0.47758060693740845,0.6038381457328796,0.08244115859270096,0.05025207996368408,0.525107741355896,0.6673927903175354,0.06345392763614655,0.458234041929245,0.4734131693840027,0.6404867768287659,0.042012669146060944,0.08418509364128113
492,16.4,0.5365268588066101,0.4915533661842346,-0.3922680914402008,0.9999954700469971,0.5451866388320923,0.4624127745628357,-0.22272849082946777,0.9999724626541138,0.5156462788581848,0.4916357398033142,-0.31209176778793335,0.999773383140564,0.5448092222213745,0.4298066794872284,-0.11403949558734894,0.35599854588508606,0.5088963508605957,0.5230948328971863,-0.34986382722854614,0.5827430486679077,0.550808310508728,0.3979704678058624,-0.04160398617386818,0.3369104266166687,0.5130442976951599,0.5272331833839417,-0.39062604308128357,0.4179272949695587,0.5159299969673157,0.5168183445930481,0.030852237716317177,0.9999665021896362,0.5000249743461609,0.5117682814598083,-0.03098093532025814,0.9999021887779236,0.5196647644042969,0.5835132002830505,0.043842852115631104,0.276069700717926,0.5021273493766785,0.5788366198539734,-0.05213465541601181,0.139240562915802,0.5243516564369202,0.6456616520881653,0.15608403086662292,0.41162481904029846,0.4828604757785797,0.6268846988677979,0.07136820256710052,0.11021678894758224,0.5303896069526672,0.6712998151779175,0.1074608787894249,0.5011761784553528,0.47957658767700195,0.6592955589294434,0.029717162251472473,0.1537439078092575
493,16.433333333333334,0.5406020283699036,0.49517038464546204,-0.3906071186065674,0.9999959468841553,0.5510483384132385,0.4632429778575897,-0.22427181899547577,0.9999750852584839,0.5260160565376282,0.49586233496665955,-0.2925531566143036,0.9997944831848145,0.5490700006484985,0.42729324102401733,-0.18877531588077545,0.42033693194389343,0.5298178791999817,0.5415868163108826,-0.3597892224788666,0.6244016885757446,0.5522230267524719,0.38777080178260803,-0.1841883659362793,0.4031059145927429,0.5522792935371399,0.5199102759361267,-0.43697166442871094,0.47572770714759827,0.522585928440094,0.519769549369812,0.028531085699796677,0.9999696612358093,0.5064079165458679,0.5166960954666138,-0.028630143031477928,0.9999117255210876,0.5296925902366638,0.5842157006263733,0.028821978718042374,0.3471711277961731,0.5088987946510315,0.5871568322181702,-0.09530781954526901,0.22528040409088135,0.5312080979347229,0.6453021168708801,0.15373843908309937,0.46993497014045715,0.48994573950767517,0.6535186171531677,-0.010507313534617424,0.19914793968200684,0.5377335548400879,0.6728388667106628,0.11220995336771011,0.5507222414016724,0.4887520670890808,0.687280535697937,-0.06438092142343521,0.23830686509609222
494,16.466666666666665,0.5459097623825073,0.49670568108558655,-0.38172632455825806,0.9999963641166687,0.5570449233055115,0.4653036296367645,-0.21814629435539246,0.9999774694442749,0.5320044755935669,0.49982863664627075,-0.28085067868232727,0.9998145699501038,0.5525566935539246,0.4242418110370636,-0.17373579740524292,0.47806090116500854,0.5367417931556702,0.5440882444381714,-0.33966562151908875,0.6619152426719666,0.5539644360542297,0.3828481435775757,-0.1586378812789917,0.462487131357193,0.5625764727592468,0.5247589349746704,-0.4172722399234772,0.5280728936195374,0.5282146334648132,0.5222598314285278,0.027386974543333054,0.9999720454216003,0.5123496651649475,0.5219943523406982,-0.02749638818204403,0.999920129776001,0.5352420806884766,0.584181547164917,0.050597358494997025,0.3971233367919922,0.5139635801315308,0.5972664952278137,-0.10412862151861191,0.30268147587776184,0.5359498262405396,0.6432048082351685,0.19452765583992004,0.5161046385765076,0.49638161063194275,0.6750559210777283,-0.032054562121629715,0.2791067361831665,0.5421125888824463,0.6711025834083557,0.1712207943201065,0.5914074182510376,0.49452537298202515,0.7133923768997192,-0.07732512056827545,0.3143061697483063
495,16.5,0.558140754699707,0.4969432055950165,-0.41044682264328003,0.9999967217445374,0.5673853754997253,0.4656634032726288,-0.25041478872299194,0.9999797344207764,0.5397047400474548,0.5159475803375244,-0.30405905842781067,0.9998331069946289,0.5607273578643799,0.42401477694511414,-0.2680818438529968,0.5302543640136719,0.5474624037742615,0.5570355653762817,-0.392572283744812,0.6957236528396606,0.5583032369613647,0.3758770525455475,-0.3078923225402832,0.5162368416786194,0.5769124627113342,0.5655553340911865,-0.4824872612953186,0.5752654075622559,0.5408414602279663,0.5270372629165649,0.027019742876291275,0.9999748468399048,0.5250564217567444,0.5351353287696838,-0.02715597115457058,0.9999281167984009,0.5521090626716614,0.5851935744285583,0.07046230137348175,0.45702823996543884,0.5241928100585938,0.6176245212554932,-0.13569079339504242,0.3724130690097809,0.5470035076141357,0.6307717561721802,0.24700236320495605,0.5641239285469055,0.5136371850967407,0.7110529541969299,-0.06801002472639084,0.3511958420276642,0.549925684928894,0.669992983341217,0.21949322521686554,0.6321424841880798,0.5167475938796997,0.7444594502449036,-0.12823304533958435,0.3828752040863037
496,16.533333333333335,0.5616188049316406,0.49643298983573914,-0.36543574929237366,0.9999970197677612,0.5726500153541565,0.4729311168193817,-0.22702643275260925,0.9999816417694092,0.5457381010055542,0.5257912278175354,-0.2933341860771179,0.9998496770858765,0.5660325288772583,0.4274851083755493,-0.18388214707374573,0.5769780874252319,0.5535988807678223,0.5679057240486145,-0.3192228078842163,0.7260684370994568,0.5606175661087036,0.3777458965778351,-0.17483200132846832,0.5640262365341187,0.5816022753715515,0.591846227645874,-0.4002555012702942,0.6175169944763184,0.5467397570610046,0.5385313034057617,0.02755788527429104,0.9999771118164062,0.5299193859100342,0.5508071780204773,-0.027603119611740112,0.9999352693557739,0.5608856081962585,0.5870583653450012,0.0841154009103775,0.4520355761051178,0.529961109161377,0.6335217952728271,-0.11638082563877106,0.4351373612880707,0.5517767667770386,0.6214733719825745,0.24386894702911377,0.5592621564865112,0.5201767086982727,0.7219228148460388,-0.08545157313346863,0.4160324037075043,0.5526387095451355,0.6508004665374756,0.24262650310993195,0.6408345699310303,0.5243006348609924,0.7510175108909607,-0.13142448663711548,0.44449588656425476
497,16.566666666666666,0.564924418926239,0.49871954321861267,-0.3719913363456726,0.9999972581863403,0.5798671841621399,0.48623085021972656,-0.22362323105335236,0.9999832510948181,0.5458873510360718,0.5314288139343262,-0.2799932360649109,0.9998644590377808,0.5709671378135681,0.43999183177948,-0.19114670157432556,0.617635190486908,0.5525917410850525,0.5922698378562927,-0.2838849723339081,0.7523571848869324,0.5638982057571411,0.38949471712112427,-0.20137600600719452,0.6052060723304749,0.5758434534072876,0.6332381963729858,-0.3183944821357727,0.6534058451652527,0.555278480052948,0.5505094528198242,0.02708970010280609,0.9999787211418152,0.5351580381393433,0.5587998032569885,-0.027150481939315796,0.9999415278434753,0.5740207433700562,0.6101400256156921,0.0576322004199028,0.4127424955368042,0.5406002998352051,0.6432977914810181,-0.11098112910985947,0.4900669753551483,0.5789420008659363,0.62516188621521,0.20422640442848206,0.5206109285354614,0.5297147631645203,0.7234415411949158,-0.067408487200737,0.47364649176597595,0.591010570526123,0.6441328525543213,0.19076067209243774,0.6096318364143372,0.5337164998054504,0.7605944275856018,-0.1182500571012497,0.49833643436431885
498,16.6,0.5663291215896606,0.4975343346595764,-0.41505885124206543,0.9999974966049194,0.5850677490234375,0.4900822639465332,-0.23276133835315704,0.9999848008155823,0.5449574589729309,0.5279810428619385,-0.2851114571094513,0.9998778104782104,0.5770004391670227,0.4561620056629181,-0.12749269604682922,0.6550464630126953,0.5441433191299438,0.5933345556259155,-0.28580597043037415,0.7769232988357544,0.5704458951950073,0.4148777425289154,-0.03306972235441208,0.642791211605072,0.5663853287696838,0.6429238319396973,-0.3123423755168915,0.6874089241027832,0.5601750612258911,0.5519922971725464,0.025651928037405014,0.9999803900718689,0.5374866724014282,0.5573751926422119,-0.02565303072333336,0.9999471306800842,0.5635372400283813,0.6045224666595459,0.0983736664056778,0.3886658549308777,0.5448480844497681,0.6448583006858826,-0.08833660185337067,0.5398324728012085,0.5682432651519775,0.6498002409934998,0.2807644009590149,0.5332945585250854,0.5352306365966797,0.724734902381897,-0.012082279659807682,0.5257864594459534,0.5739284157752991,0.6699255108833313,0.26602745056152344,0.6262302994728088,0.5390852689743042,0.7560577392578125,-0.056241195648908615,0.5480186939239502
499,16.633333333333333,0.5677846074104309,0.49528563022613525,-0.42019781470298767,0.9999976754188538,0.58805912733078,0.49122822284698486,-0.24584481120109558,0.9999861121177673,0.5471702814102173,0.525189220905304,-0.28693872690200806,0.9998893141746521,0.584653377532959,0.48174232244491577,-0.13655397295951843,0.6886441707611084,0.54427170753479,0.5948110222816467,-0.2917250692844391,0.7981446981430054,0.577999472618103,0.43866026401519775,-0.059073030948638916,0.673754870891571,0.5597602128982544,0.6361237168312073,-0.333588570356369,0.7101707458496094,0.5628356337547302,0.5570566654205322,0.021987300366163254,0.9999822378158569,0.5394459962844849,0.558778703212738,-0.021964171901345253,0.9999523162841797,0.5608513355255127,0.6113570928573608,0.11636900901794434,0.4103977680206299,0.5469462275505066,0.642818033695221,-0.025549594312906265,0.5847143530845642,0.5657376050949097,0.6597343683242798,0.298198938369751,0.5705446004867554,0.5389891862869263,0.7232218384742737,0.07439236342906952,0.5727391242980957,0.5669717788696289,0.6884226202964783,0.26784002780914307,0.6576485633850098,0.541123628616333,0.7550365924835205,0.022266017273068428,0.5927718281745911
500,16.666666666666668,0.572502076625824,0.48289161920547485,-0.4080362915992737,0.9999979138374329,0.5947498083114624,0.48566314578056335,-0.24148932099342346,0.9999874234199524,0.5482484102249146,0.5206465721130371,-0.26702016592025757,0.9999003410339355,0.5876032710075378,0.49448877573013306,-0.08101904392242432,0.7097489833831787,0.5443931818008423,0.5926448702812195,-0.2520694136619568,0.8182765245437622,0.5798724889755249,0.5315285325050354,0.027303269132971764,0.6790654063224792,0.5637454390525818,0.6430515050888062,-0.28671425580978394,0.739101767539978,0.5684649348258972,0.5505276322364807,0.018579766154289246,0.9999838471412659,0.5428885221481323,0.5509488582611084,-0.01855594292283058,0.9999570250511169,0.5621507167816162,0.6205371022224426,0.09683755785226822,0.4313015341758728,0.5476769208908081,0.6365423202514648,0.026889104396104813,0.6220514178276062,0.5580294132232666,0.6672559380531311,0.283254474401474,0.5707681775093079,0.5424955487251282,0.7134026288986206,0.13588446378707886,0.611840009689331,0.561191201210022,0.679159939289093,0.26436275243759155,0.6672799587249756,0.5471365451812744,0.7497299909591675,0.09236488491296768,0.6307260990142822
501,16.7,0.5760582089424133,0.4730481803417206,-0.3807124197483063,0.9999980926513672,0.598903238773346,0.4813600182533264,-0.22241170704364777,0.9999885559082031,0.5512040853500366,0.5168654918670654,-0.26582226157188416,0.999910295009613,0.5942302942276001,0.48689377307891846,-0.06885280460119247,0.710498571395874,0.5463712215423584,0.5861728191375732,-0.25174012780189514,0.8362213969230652,0.5900818705558777,0.524919867515564,0.04358268156647682,0.6557705998420715,0.5654852390289307,0.6434052586555481,-0.2804660201072693,0.7649941444396973,0.5705784559249878,0.5470779538154602,0.019258838146924973,0.9999850988388062,0.5446394681930542,0.547065794467926,-0.019242465496063232,0.9999611973762512,0.5693435072898865,0.6141529679298401,0.08810073137283325,0.4237753748893738,0.5480905771255493,0.6328228116035461,0.02813519909977913,0.6518266201019287,0.5595120191574097,0.6377734541893005,0.283020943403244,0.5289153456687927,0.5453335046768188,0.7113649845123291,0.132833793759346,0.6415761709213257,0.5590695142745972,0.6370130181312561,0.2777886688709259,0.6330499053001404,0.5521787405014038,0.7490870952606201,0.09515473246574402,0.6598660349845886
502,16.733333333333334,0.5816487073898315,0.45771461725234985,-0.381676584482193,0.9999982118606567,0.6048039197921753,0.4566541314125061,-0.2191530168056488,0.9999896287918091,0.5531198978424072,0.49921008944511414,-0.25676822662353516,0.999919056892395,0.6043997406959534,0.4748438894748688,-0.07923658192157745,0.7352640628814697,0.5511870384216309,0.5770337581634521,-0.22220925986766815,0.8522744178771973,0.6054011583328247,0.5107438564300537,0.0214072298258543,0.6859215497970581,0.5680252909660339,0.6251023411750793,-0.23087306320667267,0.7881776690483093,0.574074387550354,0.545373260974884,0.019193468615412712,0.9999862909317017,0.5467448234558105,0.5395196676254272,-0.019196007400751114,0.9999648332595825,0.5740464925765991,0.6202322840690613,0.02589912712574005,0.4618584215641022,0.5480068325996399,0.6228575110435486,-0.013806812465190887,0.6845564246177673,0.5645212531089783,0.6564180850982666,0.20679262280464172,0.5481515526771545,0.5489881038665771,0.7017139196395874,0.08240876346826553,0.6752477884292603,0.5601861476898193,0.6909778118133545,0.18618568778038025,0.652937114238739,0.5575953722000122,0.7416994571685791,0.04072348400950432,0.69158935546875
503,16.766666666666666,0.5876955389976501,0.44378218054771423,-0.381897509098053,0.9999983906745911,0.6118832230567932,0.4463740587234497,-0.20578093826770782,0.9999906420707703,0.5569279193878174,0.4860650897026062,-0.2629563808441162,0.9999268054962158,0.6121535301208496,0.47269487380981445,-0.06495789438486099,0.7606614828109741,0.5572446584701538,0.5704459547996521,-0.24830381572246552,0.866951048374176,0.6116754412651062,0.511902928352356,0.021351810544729233,0.7163769602775574,0.5789426565170288,0.6190961003303528,-0.270440012216568,0.809019923210144,0.5789130926132202,0.5396620631217957,0.022233329713344574,0.9999875426292419,0.551493763923645,0.5323675274848938,-0.022261958569288254,0.9999681711196899,0.5794004201889038,0.6163758039474487,0.13038799166679382,0.5081247091293335,0.5543482899665833,0.6125510334968567,0.08977733552455902,0.7137985229492188,0.5702394843101501,0.6620944142341614,0.309675395488739,0.5896682739257812,0.5559031367301941,0.6817916631698608,0.2562233805656433,0.7063729166984558,0.5739389657974243,0.7045783996582031,0.27496451139450073,0.6855098009109497,0.5641227960586548,0.7272926568984985,0.21967916190624237,0.7211224436759949
504,16.8,0.5896493196487427,0.43775656819343567,-0.383232057094574,0.9999985098838806,0.6158458590507507,0.4443226158618927,-0.20463216304779053,0.9999914765357971,0.5603853464126587,0.4807901084423065,-0.2545336186885834,0.9999337792396545,0.6145216226577759,0.4805312156677246,-0.07320588827133179,0.7823984622955322,0.5577970743179321,0.5676199793815613,-0.23393912613391876,0.8800406455993652,0.6199036836624146,0.529466986656189,0.006343451794236898,0.7428784370422363,0.5822840929031372,0.6190638542175293,-0.26262399554252625,0.8277920484542847,0.5831221342086792,0.536101758480072,0.021897628903388977,0.9999884963035583,0.5544750094413757,0.5292898416519165,-0.021928612142801285,0.9999710321426392,0.5823678970336914,0.625489354133606,0.0941859781742096,0.5535004138946533,0.5568244457244873,0.6117323040962219,0.0746794044971466,0.7399309277534485,0.5727113485336304,0.6802420020103455,0.26461151242256165,0.628127932548523,0.5597267150878906,0.6787616014480591,0.23382484912872314,0.7345790266990662,0.5745640993118286,0.7287276387214661,0.23609185218811035,0.7151039838790894,0.560539960861206,0.7264482378959656,0.19328051805496216,0.747718870639801
505,16.833333333333332,0.5947626233100891,0.43528419733047485,-0.38089388608932495,0.9999985694885254,0.6255685091018677,0.44511011242866516,-0.20587432384490967,0.9999920129776001,0.5651997327804565,0.47756797075271606,-0.24957557022571564,0.9999381899833679,0.6202682852745056,0.4878190755844116,-0.07843758910894394,0.7793541550636292,0.5662039518356323,0.5667716264724731,-0.2419714629650116,0.8913082480430603,0.6268924474716187,0.5384262800216675,0.008047637529671192,0.7446768879890442,0.5923610925674438,0.6174114942550659,-0.270959734916687,0.8430642485618591,0.590566873550415,0.540301501750946,0.011760726571083069,0.9999872446060181,0.5600560903549194,0.5294373631477356,-0.011869323439896107,0.9999692440032959,0.584500253200531,0.6410930752754211,0.0036162466276437044,0.5887781381607056,0.5605588555335999,0.6117205023765564,0.12294242531061172,0.7047159075737,0.5775623917579651,0.7415459752082825,0.09133113920688629,0.6611250638961792,0.5625895261764526,0.6526051163673401,0.3305318057537079,0.6896321177482605,0.5776972770690918,0.7988271117210388,0.03820106387138367,0.7400333881378174,0.5643289685249329,0.6961843371391296,0.3315311372280121,0.711667537689209
506,16.866666666666667,0.5989294052124023,0.4306580722332001,-0.3811434209346771,0.999998152256012,0.6270697116851807,0.4459890127182007,-0.2084447592496872,0.999992311000824,0.5667689442634583,0.48061251640319824,-0.2545251250267029,0.9999392628669739,0.6195293664932251,0.49030131101608276,-0.07459033280611038,0.7189925312995911,0.569523811340332,0.5653060674667358,-0.24961194396018982,0.8968309164047241,0.6266122460365295,0.5424091219902039,0.014178385958075523,0.6866210103034973,0.5943887233734131,0.6199071407318115,-0.2707647979259491,0.8441814184188843,0.591597318649292,0.5516138076782227,0.011624893173575401,0.9999848008155823,0.5600919127464294,0.544687032699585,-0.011682716198265553,0.999965250492096,0.5830124616622925,0.6585448980331421,0.009145421907305717,0.5883108377456665,0.5615035891532898,0.6080798506736755,0.1893925964832306,0.6416027545928955,0.5778895616531372,0.771263062953949,0.10814398527145386,0.675000011920929,0.5609208941459656,0.6393173933029175,0.4092051088809967,0.6261504292488098,0.5742496252059937,0.8297985792160034,0.04982420429587364,0.752185583114624,0.5640699863433838,0.6786006093025208,0.4048635959625244,0.6515042185783386
507,16.9,0.595595121383667,0.4352055490016937,-0.40052348375320435,0.9999983310699463,0.6297371983528137,0.45015984773635864,-0.21850009262561798,0.999993085861206,0.5654889345169067,0.48493602871894836,-0.2556430697441101,0.9999452233314514,0.6241459250450134,0.49897003173828125,-0.08387980610132217,0.7462576627731323,0.5656114220619202,0.5669637322425842,-0.28744634985923767,0.9071112871170044,0.6289414167404175,0.5561164617538452,0.013882244937121868,0.7135152816772461,0.5982650518417358,0.6272181868553162,-0.35127025842666626,0.8595938086509705,0.5922768712043762,0.5762819647789001,0.0004307568015065044,0.9999860525131226,0.561407208442688,0.5661599636077881,-0.0005004542181268334,0.9999675750732422,0.5855678915977478,0.6857200264930725,-0.0871872678399086,0.6294764876365662,0.5621646046638489,0.608849823474884,0.23569269478321075,0.6739928722381592,0.5764522552490234,0.825109601020813,-0.03447260707616806,0.7074968814849854,0.5560959577560425,0.6258457899093628,0.4924628734588623,0.5737496018409729,0.5730156302452087,0.8609293699264526,-0.11635663360357285,0.7769632339477539,0.5607541799545288,0.652531623840332,0.5003817677497864,0.638547420501709
508,16.933333333333334,0.5926836133003235,0.4424566924571991,-0.3980482220649719,0.9999985098838806,0.6269652843475342,0.4678778648376465,-0.21576949954032898,0.9999937415122986,0.5622010231018066,0.49485817551612854,-0.25772008299827576,0.9999498724937439,0.627318263053894,0.5194420218467712,-0.08787976205348969,0.7709449529647827,0.5605750679969788,0.580604612827301,-0.2765880525112152,0.9160474538803101,0.6301026940345764,0.5897492170333862,0.003641324583441019,0.7325065732002258,0.596566379070282,0.6393308639526367,-0.33259207010269165,0.8723322153091431,0.5930134057998657,0.6064285039901733,0.00037440418964251876,0.99998539686203,0.5616660118103027,0.5966182351112366,-0.00045333904563449323,0.9999622702598572,0.5840276479721069,0.7222464680671692,-0.019738703966140747,0.6662213802337646,0.5613517761230469,0.6268476247787476,0.21389122307300568,0.6410548090934753,0.5737416744232178,0.8561391234397888,0.045588526874780655,0.7361509203910828,0.563379168510437,0.6269974112510681,0.4616858959197998,0.5201573371887207,0.5706948041915894,0.8804841637611389,-0.0222383551299572,0.7987769246101379,0.5628893375396729,0.6389936804771423,0.48083704710006714,0.59188312292099
509,16.966666666666665,0.589694082736969,0.4461124539375305,-0.4115718901157379,0.9999986290931702,0.6281686425209045,0.4830740690231323,-0.2345879077911377,0.9999942779541016,0.559630274772644,0.5019393563270569,-0.25954902172088623,0.9999463558197021,0.6269924640655518,0.5423041582107544,-0.10708000510931015,0.7896229028701782,0.5584245920181274,0.5936413407325745,-0.27456361055374146,0.9130237698554993,0.6310149431228638,0.6052827835083008,-0.0403001494705677,0.7475131750106812,0.5966759920120239,0.6487957239151001,-0.33600080013275146,0.8402796387672424,0.5961865186691284,0.6208685636520386,-0.004393880255520344,0.9999850988388062,0.5634601712226868,0.6121270656585693,0.004289977252483368,0.9999541640281677,0.5835363268852234,0.7440592646598816,-0.010921686887741089,0.6972669959068298,0.5625526905059814,0.6498695611953735,0.21112582087516785,0.5839727520942688,0.5728441476821899,0.8715810179710388,0.05264197662472725,0.7596234679222107,0.5714604258537292,0.6307617425918579,0.45725980401039124,0.4693765640258789,0.5694306492805481,0.9156025648117065,-0.02506551705300808,0.8161818385124207,0.5694119334220886,0.6453774571418762,0.47277918457984924,0.5379915237426758
510,17.0,0.5878301858901978,0.4469738006591797,-0.38045766949653625,0.9999985098838806,0.6362558603286743,0.5042800903320312,-0.22867389023303986,0.9999944567680359,0.5582463145256042,0.5109897255897522,-0.23609021306037903,0.9999403357505798,0.6363881826400757,0.576994776725769,-0.12037517875432968,0.8082470297813416,0.5574913024902344,0.6110848188400269,-0.24347548186779022,0.9123462438583374,0.6362112760543823,0.6448476910591125,-0.08110427856445312,0.7677842974662781,0.5937846899032593,0.6726908683776855,-0.3264179229736328,0.8355863690376282,0.6026993989944458,0.6420556306838989,-0.006961675826460123,0.9999854564666748,0.5674866437911987,0.631915807723999,0.006846391595900059,0.9999525547027588,0.5888093709945679,0.7674850225448608,-0.008417624048888683,0.7263284921646118,0.5608975887298584,0.7024313807487488,0.19049225747585297,0.5588093400001526,0.5821627378463745,0.8786600828170776,0.08767852932214737,0.7812267541885376,0.5756134986877441,0.6369917392730713,0.459785133600235,0.4288742244243622,0.5702419877052307,0.9335869550704956,0.018956944346427917,0.8321322798728943,0.573306679725647,0.6518239378929138,0.48490267992019653,0.5016562938690186
511,17.033333333333335,0.5866221189498901,0.44488903880119324,-0.43112072348594666,0.9999984502792358,0.6381820440292358,0.5104614496231079,-0.257994145154953,0.9999943375587463,0.5557450652122498,0.5149596929550171,-0.254916250705719,0.9999414086341858,0.6404397487640381,0.592754602432251,-0.18233492970466614,0.8265438079833984,0.5568419098854065,0.6193431615829468,-0.2588547468185425,0.9197518825531006,0.6364451050758362,0.6694425344467163,-0.19399452209472656,0.789387583732605,0.5901393294334412,0.6825504899024963,-0.35387545824050903,0.8511411547660828,0.6047619581222534,0.6485709547996521,-0.0055135018192231655,0.999984860420227,0.5672656297683716,0.6378099918365479,0.005398582201451063,0.9999505281448364,0.5919235944747925,0.7754369974136353,0.0172935351729393,0.7529658079147339,0.558486819267273,0.7252952456474304,0.17140057682991028,0.5772457122802734,0.5860172510147095,0.88151615858078,0.17331752181053162,0.8000385165214539,0.5733101963996887,0.644801914691925,0.4794968068599701,0.4022578299045563,0.5718185305595398,0.9377138614654541,0.10710857063531876,0.8453917503356934,0.5717072486877441,0.6630657315254211,0.5042657852172852,0.48138999938964844
