frame,timestamp,nose_x,nose_y,nose_z,nose_visibility,left_shoulder_x,left_shoulder_y,left_shoulder_z,left_shoulder_visibility,right_shoulder_x,right_shoulder_y,right_shoulder_z,right_shoulder_visibility,left_elbow_x,left_elbow_y,left_elbow_z,left_elbow_visibility,right_elbow_x,right_elbow_y,right_elbow_z,right_elbow_visibility,left_wrist_x,left_wrist_y,left_wrist_z,left_wrist_visibility,right_wrist_x,right_wrist_y,right_wrist_z,right_wrist_visibility,left_hip_x,left_hip_y,left_hip_z,left_hip_visibility,right_hip_x,right_hip_y,right_hip_z,right_hip_visibility,left_knee_x,left_knee_y,left_knee_z,left_knee_visibility,right_knee_x,right_knee_y,right_knee_z,right_knee_visibility,left_ankle_x,left_ankle_y,left_ankle_z,left_ankle_visibility,right_ankle_x,right_ankle_y,right_ankle_z,right_ankle_visibility,left_foot_x,left_foot_y,left_foot_z,left_foot_visibility,right_foot_x,right_foot_y,right_foot_z,right_foot_visibility
41,1.3666666666666667,0.5405672192573547,0.015522614121437073,-0.19974520802497864,0.9936819672584534,0.5584779977798462,0.023892657831311226,-0.1005508080124855,0.9999807476997375,0.5136058926582336,0.0285636018961668,-0.11432857811450958,0.9999663829803467,0.5581348538398743,0.08655959367752075,-0.13738033175468445,0.5857935547828674,0.50700443983078,0.08937999606132507,-0.1725149005651474,0.9329110980033875,0.5569353103637695,0.08456356823444366,-0.237921804189682,0.5033689737319946,0.5317521691322327,0.0668220967054367,-0.277161568403244,0.9143115282058716,0.544472336769104,0.12747329473495483,-0.0005693536368198693,0.999980092048645,0.5214200615882874,0.1298513114452362,0.00050908955745399,0.9999753832817078,0.5326665043830872,0.1781025379896164,-0.09266207367181778,0.7743992805480957,0.5222532749176025,0.21501381695270538,-0.022033676505088806,0.6501639485359192,0.5389325618743896,0.21361187100410461,0.07226350903511047,0.8666554093360901,0.5309030413627625,0.3041518032550812,0.052158743143081665,0.7700223922729492,0.5372706055641174,0.2537726163864136,0.058301109820604324,0.8980114459991455,0.5275157690048218,0.32383090257644653,0.0027820311952382326,0.774668276309967
42,1.4,0.54384845495224,0.01828308403491974,-0.2399369180202484,0.9941278100013733,0.5584776997566223,0.02100946009159088,-0.1352597177028656,0.9999788999557495,0.5137993693351746,0.028563611209392548,-0.1544492542743683,0.9999661445617676,0.5610605478286743,0.07570944726467133,-0.1844620257616043,0.5942884087562561,0.5062858462333679,0.089710533618927,-0.2314731776714325,0.9388658404350281,0.5579836964607239,0.08289922028779984,-0.3020539879798889,0.5206933617591858,0.529346764087677,0.0676480159163475,-0.34676703810691833,0.9220969080924988,0.5445072054862976,0.127438023686409,-0.00174427661113441,0.9999791979789734,0.5214178562164307,0.1291934996843338,0.001669937395490706,0.999976396560669,0.5327848196029663,0.179299458861351,-0.07689981907606125,0.7894660234451294,0.5219568610191345,0.21682830154895782,2.2988931959844194e-05,0.6806594133377075,0.5389211773872375,0.21361176669597626,0.08589556813240051,0.8391876220703125,0.5308600068092346,0.30436328053474426,0.07719150185585022,0.7913718819618225,0.5372812747955322,0.25487250089645386,0.06915830075740814,0.8749121427536011,0.5261977910995483,0.3248189091682434,0.02989882603287697,0.7935822010040283
43,1.4333333333333333,0.5453876852989197,0.018213553354144096,-0.23864659667015076,0.9945452809333801,0.5583545565605164,0.01783716306090355,-0.1294095814228058,0.9999778270721436,0.5139951705932617,0.028547411784529686,-0.1537168025970459,0.9999660849571228,0.5629214644432068,0.06150465086102486,-0.14232149720191956,0.598362147808075,0.506079375743866,0.08993389457464218,-0.22263813018798828,0.9444652795791626,0.5587556958198547,0.08118552714586258,-0.20690646767616272,0.5240779519081116,0.5290248990058899,0.06783273816108704,-0.32915955781936646,0.9291614294052124,0.544524073600769,0.1273292452096939,-0.0018149856477975845,0.9999791979789734,0.5214179754257202,0.12886056303977966,0.0017421770608052611,0.9999776482582092,0.5328508615493774,0.17969773709774017,-0.07765135169029236,0.808006227016449,0.521767258644104,0.2180909961462021,0.010408195666968822,0.7102328538894653,0.5389026403427124,0.21361224353313446,0.09170721471309662,0.8253061771392822,0.5308195352554321,0.3044133186340332,0.08809595555067062,0.8112943768501282,0.5372755527496338,0.25539520382881165,0.07929328829050064,0.859381914138794,0.525393545627594,0.32532182335853577,0.043201375752687454,0.8119022846221924
44,1.4666666666666666,0.548165500164032,0.01805468462407589,-0.22021456062793732,0.9947678446769714,0.5588825941085815,0.014998087659478188,-0.11291304975748062,0.9999743700027466,0.5154098272323608,0.023897448554635048,-0.13911452889442444,0.9999617338180542,0.5622513294219971,0.06856552511453629,-0.14218881726264954,0.5893862843513489,0.5060743093490601,0.08600140362977982,-0.2152741700410843,0.9475561380386353,0.5577495098114014,0.07784426212310791,-0.21349987387657166,0.5253311991691589,0.5292028188705444,0.05901530012488365,-0.3250204622745514,0.9338436126708984,0.5448415875434875,0.11542686074972153,-0.0023499801754951477,0.999946117401123,0.5222989320755005,0.11918241530656815,0.002256233710795641,0.9999527931213379,0.5307223796844482,0.1718803346157074,-0.11589014530181885,0.8067659735679626,0.5254703164100647,0.21192288398742676,-0.009469837881624699,0.6872904896736145,0.5357154607772827,0.24628473818302155,-0.05131075531244278,0.7944209575653076,0.5307012796401978,0.2972208559513092,0.027774477377533913,0.8054429888725281,0.5337504744529724,0.28052863478660583,-0.10199755430221558,0.8334785103797913,0.5253633260726929,0.3247899115085602,-0.03133716061711311,0.8009233474731445
45,1.5,0.5481771230697632,0.012683306820690632,-0.20196962356567383,0.9949162602424622,0.5584763884544373,0.010063708759844303,-0.09863537549972534,0.9999696612358093,0.5155056715011597,0.022355590015649796,-0.13641370832920074,0.9999573826789856,0.5620380640029907,0.06758725643157959,-0.11875196546316147,0.5643433332443237,0.506226658821106,0.08405464142560959,-0.21103012561798096,0.9507952928543091,0.5572066307067871,0.07658570259809494,-0.20014822483062744,0.5097452402114868,0.5293052792549133,0.05499744415283203,-0.3156217336654663,0.9396161437034607,0.5448464155197144,0.11138559877872467,-0.0013116797199472785,0.9999074935913086,0.5225525498390198,0.11533061414957047,0.001203696010634303,0.9999250769615173,0.5303405523300171,0.16878759860992432,-0.10603362321853638,0.7898341417312622,0.5265072584152222,0.2082788646221161,-0.014739391393959522,0.6535603404045105,0.5342932343482971,0.25017526745796204,-0.04675187170505524,0.7512047290802002,0.5306162238121033,0.2931021451950073,0.013088303618133068,0.7879591584205627,0.532326340675354,0.2851162552833557,-0.09494186192750931,0.7946736216545105,0.5254167914390564,0.32382532954216003,-0.04466167837381363,0.779452383518219
46,1.5333333333333334,0.5472925901412964,0.002877638442441821,-0.19849766790866852,0.994792640209198,0.5569604635238647,0.007724916096776724,-0.10016362369060516,0.9999634027481079,0.5158470869064331,0.01978376880288124,-0.13502366840839386,0.999950647354126,0.559961199760437,0.0667308047413826,-0.12165860831737518,0.5314146876335144,0.5066490173339844,0.08238521218299866,-0.20407815277576447,0.9475556015968323,0.5569474101066589,0.07773297280073166,-0.19463025033473969,0.48063260316848755,0.5293387770652771,0.05396744981408119,-0.2896040380001068,0.9422911405563354,0.5448461771011353,0.10876547545194626,-0.001419363310560584,0.999870240688324,0.5232800245285034,0.11251020431518555,0.0013139521470293403,0.9999005794525146,0.5329367518424988,0.17721083760261536,-0.07848938554525375,0.7547701597213745,0.5274652242660522,0.2054777592420578,-0.014704430475831032,0.6144130229949951,0.5359252691268921,0.26846736669540405,-0.023551542311906815,0.7103757858276367,0.5306042432785034,0.29112908244132996,0.014993476681411266,0.7670175433158875,0.5304445028305054,0.30200085043907166,-0.07019425928592682,0.7542251944541931,0.5254747867584229,0.32155272364616394,-0.03797723352909088,0.7543352246284485
47,1.5666666666666667,0.548879861831665,0.008216788060963154,-0.183292418718338,0.995089054107666,0.5567823052406311,0.005472436081618071,-0.08280166983604431,0.9999629855155945,0.5158138275146484,0.0206230990588665,-0.12502560019493103,0.9999472498893738,0.5605329871177673,0.05837139114737511,-0.08397811651229858,0.5132116079330444,0.506619393825531,0.08294160664081573,-0.19789309799671173,0.9507088661193848,0.557156503200531,0.0739966332912445,-0.14562982320785522,0.47758767008781433,0.5294586420059204,0.051983948796987534,-0.2916644215583801,0.9472877979278564,0.5448873043060303,0.10978297889232635,-0.0007526233093813062,0.9998495578765869,0.5232123136520386,0.11400110274553299,0.0006574419094249606,0.9998806715011597,0.5324291586875916,0.16935224831104279,-0.09279949218034744,0.7510682940483093,0.5269526243209839,0.20632551610469818,-0.014750679954886436,0.5972822308540344,0.5347078442573547,0.2560482323169708,-0.03209318220615387,0.6801607608795166,0.5305875539779663,0.2917672097682953,0.023943793028593063,0.7554155588150024,0.5312677025794983,0.28803858160972595,-0.07602198421955109,0.7286277413368225,0.5255048274993896,0.3216458559036255,-0.028067920356988907,0.742374062538147
48,1.6,0.5489460229873657,0.009119881317019463,-0.15268376469612122,0.9951432347297668,0.5572805404663086,0.005760359112173319,-0.06668660789728165,0.9999566674232483,0.5156651735305786,0.021088827401399612,-0.09558246284723282,0.9999455809593201,0.558735728263855,0.07159919291734695,-0.09955619275569916,0.48897886276245117,0.5065535306930542,0.08333476632833481,-0.16369128227233887,0.9504908919334412,0.5565596222877502,0.07463664561510086,-0.18903951346874237,0.4721507132053375,0.5291264653205872,0.051947806030511856,-0.26112979650497437,0.9515727162361145,0.5448958873748779,0.11018053442239761,-0.0011674761772155762,0.9997866749763489,0.5228433609008789,0.11373040080070496,0.0010661587584763765,0.999836266040802,0.5322327613830566,0.16436442732810974,-0.11494531482458115,0.7255517244338989,0.5266121625900269,0.2068215310573578,-0.014885708689689636,0.557648777961731,0.5339303016662598,0.25429680943489075,-0.07867207378149033,0.638067364692688,0.5305755734443665,0.2929340600967407,0.006821820978075266,0.7249287962913513,0.5313692688941956,0.2876000702381134,-0.12972459197044373,0.6952524781227112,0.5256534218788147,0.3216383457183838,-0.04952297359704971,0.7146559357643127
49,1.6333333333333333,0.5492638945579529,0.009341128170490265,-0.19957555830478668,0.9954173564910889,0.557303786277771,-0.0010254147928208113,-0.10828592628240585,0.9999586939811707,0.5150983929634094,0.01848183386027813,-0.14391012489795685,0.9999409914016724,0.5595883727073669,0.045065756887197495,-0.1313302367925644,0.5149877071380615,0.5046240091323853,0.08046925067901611,-0.20715346932411194,0.9540514945983887,0.5576818585395813,0.06811761111021042,-0.2208302766084671,0.5122525095939636,0.5290541052818298,0.050021104514598846,-0.298549622297287,0.9560145735740662,0.5453265905380249,0.10712246596813202,0.0014997280668467283,0.9997867345809937,0.5227285027503967,0.11066913604736328,-0.0015878431731835008,0.9998260736465454,0.5333085656166077,0.1684931069612503,-0.05725898593664169,0.7274582982063293,0.5264250636100769,0.19386963546276093,-0.0020015593618154526,0.560932993888855,0.5334183573722839,0.2614639699459076,0.010123731568455696,0.6426113843917847,0.52828449010849,0.2768537402153015,0.05187271162867546,0.7300560474395752,0.5316445231437683,0.29374194145202637,-0.04182926565408707,0.7025173306465149,0.5256918668746948,0.3132422864437103,0.003939865157008171,0.7207818031311035
50,1.6666666666666667,0.5488362312316895,0.009838803671300411,-0.2140721082687378,0.9950136542320251,0.5573301315307617,0.00013870862312614918,-0.11979407072067261,0.9999572038650513,0.5147668719291687,0.01794653944671154,-0.1534830778837204,0.9999337196350098,0.5595827698707581,0.0473766103386879,-0.15935823321342468,0.5116536617279053,0.5036981701850891,0.07957218587398529,-0.22071246802806854,0.9558519124984741,0.5580047369003296,0.06899804621934891,-0.26828739047050476,0.5217893719673157,0.5288224816322327,0.050370942801237106,-0.3188776671886444,0.9596784114837646,0.5453461408615112,0.10746169835329056,0.002238606568425894,0.9997735619544983,0.522677481174469,0.11108124256134033,-0.0023287315852940083,0.999809205532074,0.5338237881660461,0.17190442979335785,-0.060736387968063354,0.7023328542709351,0.526385486125946,0.1939510703086853,-0.005725194700062275,0.5370925068855286,0.5331029295921326,0.26394569873809814,0.01323041319847107,0.6229813694953918,0.5269837975502014,0.27703583240509033,0.04592599347233772,0.718992292881012,0.5319154858589172,0.29349103569984436,-0.03878619894385338,0.6888338327407837,0.5257355570793152,0.3113531768321991,0.0014905136777088046,0.7096847891807556
51,1.7,0.5493091940879822,0.010185128077864647,-0.20898719131946564,0.9949457049369812,0.5573462247848511,0.0003217828052584082,-0.11446527391672134,0.9999576807022095,0.5145575404167175,0.017709830775856972,-0.14805647730827332,0.9999276995658875,0.5595945715904236,0.047888144850730896,-0.14950691163539886,0.5173526406288147,0.5032497644424438,0.0795554667711258,-0.2136489450931549,0.9579657316207886,0.5583929419517517,0.06937409192323685,-0.2542129456996918,0.5436832904815674,0.5286794900894165,0.05037253722548485,-0.3108557164669037,0.963064968585968,0.5453513860702515,0.10780572146177292,0.002631735522300005,0.9997674822807312,0.5226479172706604,0.11139754205942154,-0.002716510556638241,0.999797523021698,0.5340732932090759,0.17410771548748016,-0.0560859814286232,0.6856479644775391,0.5263246297836304,0.1939709335565567,-0.005258409772068262,0.5236694812774658,0.5328369736671448,0.26347726583480835,0.020516540855169296,0.6095500588417053,0.5265331864356995,0.2771233320236206,0.046197135001420975,0.7147027254104614,0.532037615776062,0.29344865679740906,-0.027763471007347107,0.6805962920188904,0.5257788896560669,0.3109341263771057,-0.004821724258363247,0.7053754329681396
52,1.7333333333333334,0.5479493737220764,0.011520948261022568,-0.1943887621164322,0.9948737025260925,0.5565732717514038,-0.0009140931651927531,-0.11739377677440643,0.9999572038650513,0.5140813589096069,0.015301305800676346,-0.14945577085018158,0.9999099969863892,0.5592297315597534,0.046743832528591156,-0.16381214559078217,0.5298062562942505,0.5023221373558044,0.07686436176300049,-0.22097305953502655,0.9567779302597046,0.5583704710006714,0.06540320813655853,-0.27114397287368774,0.5702405571937561,0.5287271738052368,0.05125934258103371,-0.31743374466896057,0.9660578966140747,0.5447814464569092,0.10863810777664185,0.0023679016157984734,0.9997488856315613,0.5228131413459778,0.11206592619419098,-0.0024535164702683687,0.9997314214706421,0.5348461270332336,0.18128831684589386,-0.008942374028265476,0.6783514022827148,0.5273119211196899,0.18978630006313324,0.04046642780303955,0.4851149618625641,0.5330530405044556,0.27172547578811646,0.022988753393292427,0.6329960227012634,0.5283503532409668,0.2587067782878876,0.13158264756202698,0.6738563776016235,0.5319997072219849,0.2999189496040344,-0.028487563133239746,0.7008492946624756,0.5265734195709229,0.2805618643760681,0.10673271119594574,0.6721035242080688
53,1.7666666666666666,0.5473779439926147,0.016057204455137253,-0.20526215434074402,0.9950850009918213,0.5563671588897705,-0.0003125406801700592,-0.1281578242778778,0.9999582767486572,0.5138282775878906,0.014915723353624344,-0.1620667278766632,0.9999012351036072,0.5595782995223999,0.039834439754486084,-0.1771976351737976,0.5523737072944641,0.5017350316047668,0.07576194405555725,-0.23767423629760742,0.9588507413864136,0.5584280490875244,0.06442074477672577,-0.28832751512527466,0.6031566858291626,0.5287806391716003,0.05141761153936386,-0.33812275528907776,0.9691317081451416,0.5446030497550964,0.10876519232988358,0.0023639569990336895,0.9997332692146301,0.5228356122970581,0.11272545158863068,-0.002448412822559476,0.9996748566627502,0.5350756645202637,0.18284380435943604,-0.004182794131338596,0.6784024238586426,0.527793288230896,0.18985144793987274,0.043540436774492264,0.4567398428916931,0.5331536531448364,0.2728196680545807,0.03460118919610977,0.6580895185470581,0.5297555327415466,0.258098304271698,0.14342091977596283,0.6447855830192566,0.5318993330001831,0.298124223947525,-0.01943534053862095,0.7216999530792236,0.5272709131240845,0.2780913710594177,0.11750117689371109,0.6488319039344788
54,1.8,0.5490836501121521,0.019484225660562515,-0.18534614145755768,0.995184600353241,0.5561640858650208,0.0045430320315063,-0.10872641950845718,0.999956488609314,0.5136832594871521,0.01524821761995554,-0.15175747871398926,0.9998667240142822,0.5606868863105774,0.0396239198744297,-0.15968433022499084,0.5669440627098083,0.4995419979095459,0.07236596941947937,-0.21396999061107635,0.9595893025398254,0.5585522055625916,0.06585002690553665,-0.2726137936115265,0.6105989217758179,0.5285462141036987,0.061997417360544205,-0.30461105704307556,0.9701438546180725,0.5442032814025879,0.11796870827674866,0.002735789632424712,0.9997222423553467,0.521009087562561,0.12100954353809357,-0.0028201346285641193,0.9995743632316589,0.5370127558708191,0.1983717530965805,-0.01966935582458973,0.6963255405426025,0.5276495218276978,0.19522158801555634,0.04477958381175995,0.4364841878414154,0.5331335067749023,0.2889086604118347,0.000684513826854527,0.6883136034011841,0.5306702852249146,0.2211756855249405,0.20132772624492645,0.5883246660232544,0.5319665670394897,0.31259459257125854,-0.06063375622034073,0.7453643083572388,0.5273177623748779,0.24439245462417603,0.19898287951946259,0.5960213541984558
55,1.8333333333333333,0.5499150156974792,0.02117694541811943,-0.18842658400535583,0.9949243664741516,0.5558913946151733,0.011606897227466106,-0.10660278797149658,0.9999479055404663,0.513685941696167,0.015993058681488037,-0.14607231318950653,0.9997988939285278,0.5608513355255127,0.040338803082704544,-0.15401390194892883,0.5694753527641296,0.49864476919174194,0.07111024856567383,-0.2064501792192459,0.9592192769050598,0.558538556098938,0.06660722196102142,-0.2587704062461853,0.603219211101532,0.5272106528282166,0.06607262045145035,-0.30065539479255676,0.9705204963684082,0.5442157983779907,0.1234009638428688,0.003039794508367777,0.9997003078460693,0.5205423831939697,0.12665891647338867,-0.003123715054243803,0.9994418025016785,0.5381417870521545,0.20426814258098602,-0.01954711601138115,0.7073476314544678,0.5274425745010376,0.19745376706123352,0.04675450176000595,0.41234225034713745,0.5330410599708557,0.29278239607810974,0.0027444588486105204,0.7144027948379517,0.5303889513015747,0.20610414445400238,0.21235191822052002,0.534271240234375,0.5320109128952026,0.3159281611442566,-0.05692530423402786,0.7650815844535828,0.5273536443710327,0.22488825023174286,0.21164247393608093,0.5435845255851746
56,1.8666666666666667,0.5511043667793274,0.020725367590785027,-0.18273130059242249,0.9949163794517517,0.5559388399124146,0.013966352678835392,-0.09693826735019684,0.9999433159828186,0.5136803388595581,0.016248714178800583,-0.13800843060016632,0.9997668266296387,0.5609337091445923,0.04154156893491745,-0.13735301792621613,0.5621296167373657,0.4984089732170105,0.0709799975156784,-0.19905760884284973,0.9594959020614624,0.5585317611694336,0.0666780024766922,-0.24253182113170624,0.5923221111297607,0.5268102884292603,0.06729337573051453,-0.2925945520401001,0.9716016054153442,0.5442221760749817,0.12416639178991318,0.003299710573628545,0.9996839165687561,0.5204624533653259,0.12746264040470123,-0.003379032714292407,0.9993456602096558,0.538610577583313,0.2031426727771759,-0.02475457824766636,0.7151439189910889,0.5273321866989136,0.1986495405435562,0.049735505133867264,0.38906294107437134,0.5330272912979126,0.29232490062713623,-0.008353492245078087,0.7384594678878784,0.5303523540496826,0.21543703973293304,0.21192459762096405,0.48586228489875793,0.532046377658844,0.3133217990398407,-0.07184549421072006,0.7840215563774109,0.5272954702377319,0.23520931601524353,0.20778778195381165,0.49740830063819885
65,2.1666666666666665,0.5393867492675781,0.026019951328635216,-0.21156029403209686,0.9948875308036804,0.5568702220916748,0.04129326343536377,-0.11400661617517471,0.9999328851699829,0.5133313536643982,0.03469616174697876,-0.09274542331695557,0.99977046251297,0.5694409608840942,0.10027387738227844,-0.152547225356102,0.5919357538223267,0.4885598123073578,0.06070154160261154,0.0028233297634869814,0.954043447971344,0.5527617335319519,0.10042845457792282,-0.24683336913585663,0.6272017359733582,0.5031636357307434,0.1125805526971817,0.0520271435379982,0.9727566838264465,0.5442603230476379,0.15709468722343445,-0.004889880772680044,0.9996629953384399,0.5198635458946228,0.1572287380695343,0.004890213720500469,0.9993274807929993,0.5425208806991577,0.24253465235233307,-0.008908170275390148,0.7347479462623596,0.5252590179443359,0.2402750849723816,-0.021323639899492264,0.4171895682811737,0.5316597819328308,0.33181077241897583,0.050927840173244476,0.7618810534477234,0.5331224203109741,0.2257789820432663,0.1643753945827484,0.4430316686630249,0.5326484441757202,0.3567366600036621,-0.0013398810988292098,0.8020002245903015,0.5362251996994019,0.24065591394901276,0.16590070724487305,0.45654550194740295
66,2.2,0.5394922494888306,0.016595957800745964,-0.1924392282962799,0.9924579858779907,0.5567657351493835,0.04128938168287277,-0.09656104445457458,0.9999068975448608,0.5135636329650879,0.03469706326723099,-0.07029823213815689,0.9997284412384033,0.5683717131614685,0.09951838105916977,-0.13777349889278412,0.5939962863922119,0.48864203691482544,0.06060454621911049,0.012759150937199593,0.9308397173881531,0.5523334741592407,0.09950627386569977,-0.24026639759540558,0.633014440536499,0.5031926035881042,0.11312609910964966,0.04543449729681015,0.9644647240638733,0.5446271300315857,0.15724384784698486,-0.0042955451644957066,0.9996340870857239,0.5199576616287231,0.15726402401924133,0.00427750451490283,0.9992714524269104,0.5430482625961304,0.2445400208234787,-0.007095865905284882,0.7374774813652039,0.5252723693847656,0.23963138461112976,-0.03246014192700386,0.41794443130493164,0.5316864252090454,0.3320930302143097,0.05703170225024223,0.780488133430481,0.5311031341552734,0.22117796540260315,0.17245247960090637,0.4030414819717407,0.5326005220413208,0.35809147357940674,0.00044759581214748323,0.8133201003074646,0.5321731567382812,0.2366582453250885,0.17783857882022858,0.4165543019771576
67,2.2333333333333334,0.5395854115486145,0.014166981913149357,-0.19403256475925446,0.9901532530784607,0.556685745716095,0.041278205811977386,-0.0975637212395668,0.9998829364776611,0.5136634111404419,0.03469815477728844,-0.07089930772781372,0.9996906518936157,0.5678995251655579,0.09904588758945465,-0.13914905488491058,0.5968879461288452,0.48870497941970825,0.06054893508553505,0.013176331296563148,0.9098417162895203,0.5520838499069214,0.09900625795125961,-0.2415091097354889,0.6394303441047668,0.5032063722610474,0.11346383392810822,0.04377882555127144,0.9575294256210327,0.5448305010795593,0.1573113054037094,-0.0040930090472102165,0.9996062517166138,0.5200179219245911,0.15727180242538452,0.004069083370268345,0.99921715259552,0.5433040857315063,0.24553640186786652,-0.0064771524630486965,0.7405616641044617,0.5252735614776611,0.23910506069660187,-0.034237056970596313,0.41873079538345337,0.5317085981369019,0.3322490155696869,0.058817893266677856,0.7973735928535461,0.5302016735076904,0.21949030458927155,0.17495127022266388,0.36704692244529724,0.5325677990913391,0.3588534891605377,0.0013246776070445776,0.8237552046775818,0.5307790637016296,0.23505912721157074,0.1805107593536377,0.3805502653121948
68,2.2666666666666666,0.5392789244651794,0.01602265052497387,-0.1546417772769928,0.9840827584266663,0.5555137395858765,0.04116031900048256,-0.07087737321853638,0.9998083114624023,0.5139904022216797,0.03523015230894089,-0.04686746373772621,0.9996315836906433,0.566963791847229,0.09617225080728531,-0.10003658384084702,0.5595306754112244,0.489838182926178,0.05590549483895302,0.03298703953623772,0.8589840531349182,0.5517640709877014,0.08703511208295822,-0.17477570474147797,0.5920237898826599,0.5030373930931091,0.10892704874277115,0.06998135894536972,0.9196629524230957,0.5448256731033325,0.1597425639629364,-0.004210450686514378,0.9995866417884827,0.5198330283164978,0.15876130759716034,0.004177096299827099,0.9992018938064575,0.5432969331741333,0.24647590517997742,-0.008023373782634735,0.7233403325080872,0.5253280401229858,0.2338675558567047,-0.03260625898838043,0.3961889147758484,0.5317115187644958,0.33156633377075195,0.04865138605237007,0.7991207242012024,0.5285916924476624,0.2055981308221817,0.15956343710422516,0.3317810595035553,0.5324693918228149,0.3589370846748352,-0.0041237627156078815,0.8124818801879883,0.5309935212135315,0.22788529098033905,0.16795070469379425,0.34436947107315063
69,2.3,0.5390235185623169,0.014756378717720509,-0.15294566750526428,0.9774454832077026,0.5551276206970215,0.041054222732782364,-0.06991448253393173,0.9997445344924927,0.5141834020614624,0.03543040156364441,-0.042171090841293335,0.9995617866516113,0.566550612449646,0.09560512751340866,-0.10229776799678802,0.5288422107696533,0.49021396040916443,0.054648227989673615,0.038325510919094086,0.8067060112953186,0.5515019297599792,0.08451845496892929,-0.18151137232780457,0.5526082515716553,0.5029054880142212,0.10793593525886536,0.0737813413143158,0.8784089684486389,0.5448347926139832,0.16073915362358093,-0.004878971725702286,0.9995716214179993,0.5197669267654419,0.15943218767642975,0.004838412627577782,0.9991881251335144,0.5432921051979065,0.24714285135269165,-0.007911935448646545,0.7101919651031494,0.5253254771232605,0.23178473114967346,-0.031219130381941795,0.3776732087135315,0.5317036509513855,0.3312293589115143,0.049165982753038406,0.8041511178016663,0.5290383100509644,0.21019874513149261,0.16093888878822327,0.3003453016281128,0.5322821736335754,0.3589845895767212,-0.004190845414996147,0.8069977164268494,0.5310148000717163,0.2279459685087204,0.16795840859413147,0.3121977746486664
70,2.3333333333333335,0.5376961827278137,0.006634308956563473,-0.16680210828781128,0.9750062823295593,0.5551854968070984,0.03852538391947746,-0.08339323848485947,0.9997404217720032,0.5141620635986328,0.03369970992207527,-0.058003801852464676,0.9995685815811157,0.5663246512413025,0.09438741207122803,-0.11611457169055939,0.5492083430290222,0.4913014769554138,0.05076903849840164,0.027261361479759216,0.7927343845367432,0.547385573387146,0.08030228316783905,-0.2045472413301468,0.5565981268882751,0.5021959543228149,0.10348610579967499,0.061003219336271286,0.8632705211639404,0.5425196886062622,0.15123556554317474,-0.005807043518871069,0.9995662569999695,0.5186064839363098,0.14894916117191315,0.005758239887654781,0.9992192983627319,0.5412963628768921,0.23864851891994476,-0.02136719599366188,0.7113029360771179,0.5254112482070923,0.22112561762332916,-0.030555587261915207,0.3973843455314636,0.5324949026107788,0.32887881994247437,0.028442025184631348,0.8161849975585938,0.5235339999198914,0.2751273810863495,0.10857615619897842,0.3123742341995239,0.5307368636131287,0.3587838411331177,-0.03236307576298714,0.8163742423057556,0.5226737856864929,0.3161415457725525,0.08159603178501129,0.32119303941726685
71,2.3666666666666667,0.537879467010498,0.009578273631632328,-0.16411787271499634,0.9708091020584106,0.5551503300666809,0.03820771723985672,-0.08493173122406006,0.9997244477272034,0.5143101811408997,0.032590657472610474,-0.060128819197416306,0.9995768070220947,0.5663716197013855,0.0944446250796318,-0.12254371494054794,0.5675995349884033,0.49171358346939087,0.04875067248940468,0.02339766174554825,0.7855996489524841,0.5464283227920532,0.07881183177232742,-0.2049674689769745,0.5638242959976196,0.5016988515853882,0.10254684835672379,0.06031668931245804,0.8608430027961731,0.5420493483543396,0.14983400702476501,-0.005650414153933525,0.9995485544204712,0.5182012319564819,0.14717940986156464,0.0055952128022909164,0.9992354512214661,0.5404988527297974,0.23755143582820892,-0.0211280919611454,0.7153394222259521,0.5255569815635681,0.2182067483663559,-0.047978706657886505,0.426791250705719,0.5327481627464294,0.3286530673503876,0.027887310832738876,0.8282237648963928,0.5223236680030823,0.2776101231575012,0.08589513599872589,0.32712018489837646,0.5305076241493225,0.35876214504241943,-0.030662059783935547,0.8260133266448975,0.5213193297386169,0.31960514187812805,0.06205933541059494,0.33300524950027466
72,2.4,0.5379156470298767,0.009667029604315758,-0.15878836810588837,0.9703569412231445,0.5551567077636719,0.038238149136304855,-0.08409447222948074,0.999724805355072,0.5137678384780884,0.03226638585329056,-0.057315874844789505,0.999580979347229,0.566301167011261,0.09459646791219711,-0.12166173756122589,0.5823812484741211,0.49302053451538086,0.047827817499637604,0.021821705624461174,0.7693864703178406,0.5446192026138306,0.07961376756429672,-0.19943849742412567,0.5650057792663574,0.5009711980819702,0.10066895186901093,0.06564618647098541,0.8397076725959778,0.5420061349868774,0.1489173322916031,-0.0057439738884568214,0.9995549917221069,0.5180431008338928,0.14667464792728424,0.00568780954927206,0.9992678165435791,0.540420651435852,0.23669278621673584,-0.023072484880685806,0.7207908034324646,0.5258066654205322,0.21908555924892426,-0.03124907985329628,0.44291529059410095,0.5331624746322632,0.3282853960990906,0.02503516897559166,0.8383824229240417,0.5222720503807068,0.2782334089279175,0.10875535011291504,0.33644458651542664,0.5302702188491821,0.3588606119155884,-0.034784696996212006,0.8341585397720337,0.5212604999542236,0.3203096389770508,0.08479093015193939,0.33960309624671936
73,2.433333333333333,0.5345426797866821,0.03972684592008591,-0.1878359615802765,0.9726976752281189,0.5553684234619141,0.03802674263715744,-0.13630631566047668,0.9997512102127075,0.5126966238021851,0.03411243483424187,-0.09281366318464279,0.9996195435523987,0.5677127242088318,0.09430088102817535,-0.17761309444904327,0.598404586315155,0.49285203218460083,0.0549287423491478,-0.022540640085935593,0.7065802812576294,0.5419741868972778,0.08157195895910263,-0.2439635545015335,0.5409533381462097,0.5014832019805908,0.1023869439959526,0.019972996786236763,0.7593091130256653,0.5416384935379028,0.1494051218032837,-0.0020828391425311565,0.9995975494384766,0.5176054239273071,0.1466739922761917,0.0020670383237302303,0.9993401765823364,0.5374945402145386,0.23200657963752747,0.060936760157346725,0.6539390683174133,0.5227035880088806,0.2195720225572586,-0.031614623963832855,0.4833226203918457,0.5350233912467957,0.2648625671863556,0.22121477127075195,0.7568709254264832,0.5213841795921326,0.3244095742702484,-0.02421434596180916,0.38993534445762634,0.5313061475753784,0.30718448758125305,0.2134913206100464,0.7558043599128723,0.522949755191803,0.3504723906517029,-0.08806545287370682,0.3890115022659302
74,2.466666666666667,0.533436119556427,0.04515376687049866,-0.18764951825141907,0.9748438000679016,0.5553769469261169,0.03790038824081421,-0.137260302901268,0.9997750520706177,0.512096643447876,0.03566935285925865,-0.09770500659942627,0.9996541142463684,0.5682289004325867,0.09370143711566925,-0.17473885416984558,0.6057645678520203,0.49321073293685913,0.05796831473708153,-0.029537668451666832,0.6472026109695435,0.5411446690559387,0.08246072381734848,-0.23813292384147644,0.5113453269004822,0.5019998550415039,0.10292695462703705,0.01368241012096405,0.6856127977371216,0.5414509177207947,0.14931561052799225,-0.0003942469193134457,0.9996359348297119,0.5174063444137573,0.1463921070098877,0.0003819292760454118,0.9994053244590759,0.5365154147148132,0.23057971894741058,0.061761386692523956,0.5918903946876526,0.5214813947677612,0.22066262364387512,-0.03306955844163895,0.513283908367157,0.5358507633209229,0.26200082898139954,0.21276816725730896,0.6827517747879028,0.5211889743804932,0.32685232162475586,-0.03320758789777756,0.43197527527809143,0.5318387746810913,0.30300188064575195,0.20431368052959442,0.6836530566215515,0.523565411567688,0.35191360116004944,-0.09611751139163971,0.4265172779560089
75,2.5,0.5331421494483948,0.0420532263815403,-0.1892044097185135,0.9769014716148376,0.5554810762405396,0.037871722131967545,-0.13382326066493988,0.999796450138092,0.5117722749710083,0.03638879582285881,-0.09170796722173691,0.9996852874755859,0.5684927105903625,0.09353602677583694,-0.17338547110557556,0.6213776469230652,0.49312394857406616,0.05923447012901306,-0.023679587990045547,0.5959491729736328,0.5409058332443237,0.08277883380651474,-0.24011461436748505,0.4936147928237915,0.5022830963134766,0.10402420163154602,0.015023705549538136,0.6198381185531616,0.5414028167724609,0.14929406344890594,-0.0005745711969211698,0.9996705651283264,0.5172045826911926,0.14609959721565247,0.0005652558756992221,0.9994640350341797,0.5363454818725586,0.23086439073085785,0.052878670394420624,0.5381621718406677,0.5208638906478882,0.2214597761631012,-0.04469134286046028,0.5479306578636169,0.5362172722816467,0.2619365155696869,0.20989477634429932,0.6165169477462769,0.5212783217430115,0.327901154756546,-0.04856418818235397,0.4765460789203644,0.5320581197738647,0.30258840322494507,0.20096680521965027,0.6194637417793274,0.5235553979873657,0.3514840304851532,-0.1152837872505188,0.4671660363674164
76,2.533333333333333,0.5308946371078491,0.03820465877652168,-0.18739134073257446,0.9791145324707031,0.5535430908203125,0.04409795254468918,-0.11098972707986832,0.9998148679733276,0.5073586702346802,0.05020769312977791,-0.08932080119848251,0.9997140169143677,0.5700734853744507,0.09361883997917175,-0.0786033421754837,0.631936252117157,0.49276819825172424,0.10281055420637131,-0.038822680711746216,0.6071274876594543,0.5434197187423706,0.11610884964466095,-0.0924438089132309,0.47700369358062744,0.5091574192047119,0.13290490210056305,-0.027711087837815285,0.613602340221405,0.5417036414146423,0.15711382031440735,-0.0006127474480308592,0.9997015595436096,0.5171991586685181,0.15686172246932983,0.0006193434237502515,0.9995169639587402,0.5347373485565186,0.2490520030260086,0.015632066875696182,0.522041380405426,0.5184078812599182,0.2511434555053711,-0.0073136514984071255,0.5806933045387268,0.5304083228111267,0.24984702467918396,0.18351665139198303,0.5580198168754578,0.5217882394790649,0.3526287078857422,0.01836479641497135,0.5216036438941956,0.5193036794662476,0.2645436227321625,0.19074192643165588,0.5626105666160583,0.51738440990448,0.37851324677467346,-0.030223216861486435,0.5061119198799133
77,2.566666666666667,0.5318452715873718,0.047419559210538864,-0.19980910420417786,0.9811835885047913,0.5527516603469849,0.04649951308965683,-0.11371006816625595,0.9998329281806946,0.5061416029930115,0.05378316342830658,-0.10750710964202881,0.9997413754463196,0.5706482529640198,0.09369421005249023,-0.06698820739984512,0.6553742289543152,0.49256086349487305,0.10644970834255219,-0.05464048311114311,0.6236127018928528,0.5454603433609009,0.11887802183628082,-0.06319583207368851,0.4894728660583496,0.5103874802589417,0.13708153367042542,-0.03849535807967186,0.6059598326683044,0.54193514585495,0.15986816585063934,-0.0005580708966590464,0.9997286200523376,0.517195999622345,0.16026034951210022,0.0005460455431602895,0.9995641112327576,0.5341082215309143,0.2524508237838745,0.006901015527546406,0.49867281317710876,0.5184060335159302,0.25599417090415955,-0.007312036119401455,0.6065031290054321,0.5277339816093445,0.2360231876373291,0.1759454905986786,0.5032681822776794,0.5221421718597412,0.3520925045013428,0.018444988876581192,0.5523155331611633,0.5182069540023804,0.2475896030664444,0.18805034458637238,0.5087120532989502,0.5194681286811829,0.37232542037963867,-0.02763059362769127,0.5292148590087891
78,2.6,0.5323452353477478,0.04377431422472,-0.2271086871623993,0.9830474853515625,0.5520861148834229,0.04716061055660248,-0.12941311299800873,0.9998490214347839,0.5056506395339966,0.0547809936106205,-0.12553106248378754,0.9997657537460327,0.5705859661102295,0.09390414506196976,-0.08726894110441208,0.6715538501739502,0.49249473214149475,0.10648418962955475,-0.06444285809993744,0.634064257144928,0.5460275411605835,0.12071637809276581,-0.09516482800245285,0.4894024431705475,0.5104568600654602,0.13707365095615387,-0.040940675884485245,0.5908006429672241,0.5419930815696716,0.1601024568080902,0.000548899348359555,0.9997519850730896,0.5171869993209839,0.16009515523910522,-0.0005711358971893787,0.9996062517166138,0.533779501914978,0.2530228793621063,0.004173388238996267,0.46913301944732666,0.5183693170547485,0.255727082490921,-0.007541748695075512,0.6227213144302368,0.5274566411972046,0.24148836731910706,0.17432726919651031,0.4537912905216217,0.5223514437675476,0.35086554288864136,0.022471517324447632,0.574715256690979,0.5162441730499268,0.2515229880809784,0.17854228615760803,0.4598262906074524,0.5203344821929932,0.37076178193092346,-0.03012334182858467,0.5424992442131042
79,2.6333333333333333,0.5326125025749207,0.043287329375743866,-0.23370866477489471,0.9847162365913391,0.5518990755081177,0.046977508813142776,-0.13045044243335724,0.9998630881309509,0.5055443048477173,0.05477416142821312,-0.12572413682937622,0.9997873902320862,0.5705000758171082,0.09408032894134521,-0.08977480232715607,0.678591787815094,0.492470920085907,0.1069394126534462,-0.0657447874546051,0.6401469707489014,0.5462476015090942,0.12121280282735825,-0.10193485021591187,0.47459250688552856,0.511219322681427,0.13575993478298187,-0.047696713358163834,0.5755756497383118,0.5421713590621948,0.15977826714515686,0.0010047073010355234,0.9997724890708923,0.5171374082565308,0.15951253473758698,-0.0010302618611603975,0.9996441602706909,0.5336966514587402,0.25269100069999695,0.005188719369471073,0.44076329469680786,0.5184137225151062,0.25513821840286255,-0.007987451739609241,0.6367836594581604,0.5272682905197144,0.24462176859378815,0.18475620448589325,0.40925413370132446,0.522470235824585,0.35249242186546326,0.022542424499988556,0.5981807708740234,0.5164980888366699,0.2575017511844635,0.18640613555908203,0.4156262278556824,0.5204662084579468,0.37151187658309937,-0.03564128652215004,0.5562855005264282
80,2.6666666666666665,0.5327707529067993,0.04220246896147728,-0.23500223457813263,0.9861971139907837,0.5516496896743774,0.04700010269880295,-0.13667872548103333,0.9998754262924194,0.5056248307228088,0.05461366847157478,-0.1308923065662384,0.9998067021369934,0.5704147815704346,0.09409685432910919,-0.07659710943698883,0.6812818646430969,0.49245110154151917,0.10653282701969147,-0.06613856554031372,0.6457961797714233,0.5463394522666931,0.12091401219367981,-0.05485149472951889,0.44725608825683594,0.5121724605560303,0.13559482991695404,-0.0396563820540905,0.5571883320808411,0.5422354936599731,0.15989574790000916,0.0007900778437033296,0.9997900724411011,0.5170837640762329,0.15953558683395386,-0.0008137643453665078,0.9996779561042786,0.5334638357162476,0.25426244735717773,0.005280268844217062,0.42027267813682556,0.5182865262031555,0.2561235725879669,-0.003151914104819298,0.652251124382019,0.5271576046943665,0.24541518092155457,0.1809271275997162,0.3698188066482544,0.5225573182106018,0.3507482409477234,0.02894209697842598,0.6222643256187439,0.5167269110679626,0.2573775053024292,0.18204323947429657,0.3770071566104889,0.5209668278694153,0.37122201919555664,-0.024867001920938492,0.5729253888130188
81,2.7,0.5263431668281555,0.030013686046004295,-0.153905987739563,0.9872429370880127,0.550929605960846,0.05396823212504387,-0.050501175224781036,0.9998860955238342,0.5054901838302612,0.0650305449962616,-0.05308467149734497,0.9998190999031067,0.5713710188865662,0.09494836628437042,0.007471191231161356,0.698391854763031,0.4927334189414978,0.12561103701591492,-0.03955332189798355,0.6474446654319763,0.550544798374176,0.1350199431180954,0.006852033082395792,0.48469433188438416,0.5147832632064819,0.14342057704925537,-0.05902283638715744,0.5651710033416748,0.54156893491745,0.1732679158449173,0.0020804537925869226,0.9998076558113098,0.5159468054771423,0.1729416698217392,-0.002126862294971943,0.9997084736824036,0.5335313081741333,0.2692485451698303,-0.006294015794992447,0.43800657987594604,0.5177773237228394,0.2708750069141388,-0.001716092461720109,0.6784758567810059,0.5284608602523804,0.24760322272777557,0.1977657675743103,0.33746472001075745,0.5234934091567993,0.36568722128868103,0.04773518443107605,0.6540426015853882,0.524552047252655,0.2612328827381134,0.2083943784236908,0.345675528049469,0.5240799784660339,0.38630515336990356,-0.004754338413476944,0.5998847484588623
82,2.7333333333333334,0.5255947113037109,0.02314787171781063,-0.1615387499332428,0.9884070754051208,0.5507280826568604,0.05465341731905937,-0.06299744546413422,0.9998968839645386,0.5052233934402466,0.0669415295124054,-0.062216054648160934,0.9998326301574707,0.5721401572227478,0.09645868837833405,-0.011538898572325706,0.724716067314148,0.4931008219718933,0.12833894789218903,-0.05450016260147095,0.6573981046676636,0.5513364672660828,0.13705086708068848,-0.0256377961486578,0.5306339263916016,0.5155644416809082,0.14294670522212982,-0.10484423488378525,0.575241208076477,0.5408695340156555,0.17593257129192352,0.0017645703628659248,0.9998239278793335,0.5153423547744751,0.17538128793239594,-0.0017959953984245658,0.9997358322143555,0.5336591005325317,0.2689671516418457,-0.008942268788814545,0.4551889896392822,0.5177057981491089,0.27270758152008057,-0.00566656980663538,0.6990737318992615,0.5286674499511719,0.25023746490478516,0.19649340212345123,0.30563968420028687,0.5244743824005127,0.36975952982902527,0.04329264536499977,0.6808842420578003,0.5278337597846985,0.2603100836277008,0.21096503734588623,0.3143131136894226,0.5240030884742737,0.38829368352890015,-0.007925217039883137,0.6214974522590637
83,2.7666666666666666,0.5251947045326233,0.022059570997953415,-0.15426424145698547,0.9893578290939331,0.5502726435661316,0.054969772696495056,-0.054275572299957275,0.9999058842658997,0.5049118399620056,0.06804859638214111,-0.05884746462106705,0.9998437762260437,0.572067141532898,0.09645234048366547,-0.010070365853607655,0.7444748282432556,0.49350523948669434,0.12887880206108093,-0.05656369403004646,0.6623120307922363,0.5522090792655945,0.13501450419425964,-0.03563800826668739,0.5666100382804871,0.515000581741333,0.14333103597164154,-0.11317157745361328,0.5951966047286987,0.5405775904655457,0.17622941732406616,0.0026427239645272493,0.9998361468315125,0.515261709690094,0.17547450959682465,-0.0027068809140473604,0.999759316444397,0.5337892174720764,0.26944223046302795,-0.005996872670948505,0.4502096176147461,0.517400860786438,0.27211710810661316,-0.007701055146753788,0.7101640105247498,0.5280395150184631,0.25405460596084595,0.18941238522529602,0.2775086462497711,0.5248066186904907,0.3696320950984955,0.033398933708667755,0.7004343271255493,0.5277236104011536,0.2667434811592102,0.1960541158914566,0.28625383973121643,0.5243450403213501,0.38873058557510376,-0.020027417689561844,0.6319931745529175
84,2.8,0.52386075258255,0.02248661033809185,-0.1447625607252121,0.9903836250305176,0.5486404895782471,0.05930904299020767,-0.043945811688899994,0.9999147653579712,0.5038080811500549,0.07773688435554504,-0.057685814797878265,0.9998567700386047,0.572006106376648,0.09602455794811249,0.015844669193029404,0.7655266523361206,0.4958694577217102,0.14225150644779205,-0.08942144364118576,0.6861192584037781,0.5575423240661621,0.1406020224094391,0.012847344391047955,0.6055792570114136,0.5247244238853455,0.13439227640628815,-0.17040684819221497,0.6318705081939697,0.5398580431938171,0.1829933524131775,0.0025148559361696243,0.9998498558998108,0.5148503184318542,0.18307681381702423,-0.0026293450500816107,0.9997817277908325,0.5329185724258423,0.27438539266586304,-0.022312555462121964,0.46574243903160095,0.5172478556632996,0.27968665957450867,-0.0007999283261597157,0.721904993057251,0.5309714078903198,0.247304305434227,0.18557435274124146,0.2513163089752197,0.5270566344261169,0.37339290976524353,0.049007102847099304,0.7175063490867615,0.5287047028541565,0.2594045102596283,0.192986860871315,0.2605763077735901,0.523171603679657,0.38981103897094727,0.012167999520897865,0.6436153650283813
85,2.8333333333333335,0.5239408612251282,0.023344192653894424,-0.1412663459777832,0.9912927746772766,0.5484374761581421,0.06005106493830681,-0.035890839993953705,0.9999221563339233,0.5036224126815796,0.0789070725440979,-0.04991871863603592,0.9998680949211121,0.57188481092453,0.09542082995176315,0.020550819113850594,0.7826462984085083,0.49657130241394043,0.14323103427886963,-0.07727354019880295,0.7099930047988892,0.5586348176002502,0.1414365917444229,0.011836095713078976,0.6385751366615295,0.5273197889328003,0.13236059248447418,-0.15137778222560883,0.6654089093208313,0.5396618843078613,0.18307837843894958,0.0017462971154600382,0.9998623728752136,0.5147901773452759,0.18397076427936554,-0.00188731518574059,0.9998022317886353,0.5323668122291565,0.2761083245277405,-0.023285750299692154,0.48890048265457153,0.5170475244522095,0.2794070839881897,0.00489049032330513,0.7376821637153625,0.5309283137321472,0.2444666177034378,0.18135321140289307,0.2283206284046173,0.5279995203018188,0.37464994192123413,0.058974772691726685,0.7372800707817078,0.5283884406089783,0.26064547896385193,0.19794292747974396,0.23816651105880737,0.5224816203117371,0.3904586434364319,0.02157367393374443,0.6604589819908142
86,2.8666666666666667,0.5247082710266113,0.024258587509393692,-0.152406245470047,0.9917250275611877,0.5487476587295532,0.05991648510098457,-0.04805400222539902,0.9999209642410278,0.5039040446281433,0.07912448793649673,-0.05850229784846306,0.9998735189437866,0.5664845108985901,0.08544518798589706,-0.0169636532664299,0.773257315158844,0.4985000491142273,0.14235210418701172,-0.11980041116476059,0.7348324060440063,0.5567349195480347,0.1360170543193817,-0.03589358925819397,0.6191157102584839,0.5275802612304688,0.11744406074285507,-0.22871296107769012,0.6971966028213501,0.5397785902023315,0.18078328669071198,-0.0008935576188378036,0.9998742938041687,0.5150154829025269,0.18224786221981049,0.0007679307600483298,0.99982088804245,0.5277308821678162,0.25946852564811707,-0.10622207075357437,0.537434995174408,0.516388475894928,0.27564793825149536,0.0025300215929746628,0.75941002368927,0.5337744355201721,0.2830900251865387,0.08749693632125854,0.2557000517845154,0.5276526212692261,0.3662564158439636,0.07614148408174515,0.7615445256233215,0.5356034636497498,0.325974702835083,0.07815586775541306,0.2622712552547455,0.5224992036819458,0.39164844155311584,0.026554975658655167,0.6888867616653442
87,2.9,0.5250323414802551,0.025280136615037918,-0.1407569944858551,0.9920399785041809,0.5488782525062561,0.05965692177414894,-0.03743639588356018,0.999921441078186,0.5041056275367737,0.07888946682214737,-0.05433425307273865,0.9998775720596313,0.5654997825622559,0.08214090764522552,0.008744101040065289,0.7742614150047302,0.49904805421829224,0.14208146929740906,-0.11249150335788727,0.7573965191841125,0.5560992360115051,0.1341559886932373,0.0009544818894937634,0.6204049587249756,0.5271110534667969,0.11449994891881943,-0.21403494477272034,0.7262171506881714,0.5398478507995605,0.1801949441432953,-0.0009041989105753601,0.9998843669891357,0.515173077583313,0.18234428763389587,0.0007811846444383264,0.9998371005058289,0.5273885726928711,0.2528389096260071,-0.10618338733911514,0.5805957913398743,0.5161325931549072,0.27488285303115845,0.0008304130169562995,0.778028666973114,0.534607470035553,0.28718796372413635,0.07778090983629227,0.2756623923778534,0.5274757742881775,0.36285698413848877,0.065746009349823,0.7830296754837036,0.5368553400039673,0.33045244216918945,0.07103735953569412,0.278857558965683,0.522434413433075,0.3919142484664917,0.01732136309146881,0.7135257720947266
88,2.933333333333333,0.5252931118011475,0.026342550292611122,-0.13783672451972961,0.9922422170639038,0.5489429235458374,0.05977024883031845,-0.036266569048166275,0.9999197721481323,0.5042296648025513,0.07880725711584091,-0.05092893913388252,0.9998793601989746,0.565159022808075,0.08137542009353638,0.0015964570920914412,0.7706945538520813,0.499342679977417,0.14225426316261292,-0.10828038305044174,0.7770945429801941,0.5556434988975525,0.1316474825143814,-0.017812777310609818,0.6037158966064453,0.5263333916664124,0.11478645354509354,-0.2108558863401413,0.7504814267158508,0.5399049520492554,0.1795022338628769,-0.00118824967648834,0.9998939037322998,0.5153346061706543,0.18180450797080994,0.001066229771822691,0.9998520612716675,0.5273686051368713,0.24871009588241577,-0.1188780665397644,0.620621919631958,0.5160068273544312,0.27435410022735596,0.000274365913355723,0.7958457469940186,0.5349720120429993,0.288083016872406,0.06375223398208618,0.29435378313064575,0.5274466872215271,0.3615088164806366,0.06239559128880501,0.802645206451416,0.5367957353591919,0.33167821168899536,0.055153988301754,0.29295477271080017,0.5221041440963745,0.39231541752815247,0.01322199683636427,0.7361487746238708
89,2.966666666666667,0.5253601670265198,0.025885581970214844,-0.17911142110824585,0.9929587244987488,0.5488919019699097,0.05916383117437363,-0.0448959544301033,0.999923050403595,0.5043427348136902,0.07691549509763718,-0.08580529689788818,0.9998809695243835,0.5634140968322754,0.07907561957836151,0.0051213279366493225,0.7745162844657898,0.49919772148132324,0.1401667594909668,-0.16546081006526947,0.7969683408737183,0.5553763508796692,0.12583407759666443,-0.00848460290580988,0.6110166907310486,0.5253771543502808,0.11211884021759033,-0.2866055369377136,0.7726611495018005,0.5399222373962402,0.17913462221622467,0.0029267517384141684,0.9998995661735535,0.5158528089523315,0.18087854981422424,-0.003073594067245722,0.9998608231544495,0.5270378589630127,0.23372729122638702,-0.1516980677843094,0.6548289060592651,0.5201207399368286,0.2734808921813965,-0.015554879792034626,0.7898723483085632,0.5324528217315674,0.316272109746933,-0.04651491716504097,0.34747177362442017,0.525774359703064,0.3605521023273468,0.059699393808841705,0.8155664205551147,0.5351827144622803,0.3513781428337097,-0.10279090702533722,0.3458542227745056,0.5216712951660156,0.39031708240509033,-0.008443235419690609,0.7512820959091187
90,3.0,0.5254719257354736,0.025507241487503052,-0.18956780433654785,0.9936092495918274,0.5488240718841553,0.058777760714292526,-0.0500231608748436,0.9999260306358337,0.5044170618057251,0.07605955004692078,-0.0954071432352066,0.9998825192451477,0.5625971555709839,0.07835201919078827,0.0018182132625952363,0.7756500244140625,0.4989277720451355,0.13946358859539032,-0.1729630082845688,0.8144575953483582,0.5551945567131042,0.12256386876106262,-0.008685226552188396,0.6118483543395996,0.5247443914413452,0.11107858270406723,-0.2930533289909363,0.7918819189071655,0.5399958491325378,0.17872324585914612,0.003916542045772076,0.999904215335846,0.516121506690979,0.18035998940467834,-0.004062220454216003,0.9998683929443359,0.5267676115036011,0.23205667734146118,-0.15058138966560364,0.684437096118927,0.52139812707901,0.27302286028862,-0.017473606392741203,0.7785337567329407,0.5311592817306519,0.31861260533332825,-0.04697123542428017,0.39059606194496155,0.524997889995575,0.36006584763526917,0.05886232852935791,0.8257727026939392,0.534393846988678,0.35277244448661804,-0.10353682935237885,0.3895679712295532,0.5213886499404907,0.38969558477401733,-0.012556838802993298,0.7631950974464417
91,3.033333333333333,0.5255899429321289,0.02495899237692356,-0.19071057438850403,0.9942028522491455,0.5488203763961792,0.05851888284087181,-0.05158858746290207,0.9999290108680725,0.5044679641723633,0.07562293112277985,-0.0944468155503273,0.9998853206634521,0.5621904730796814,0.07863784581422806,-0.0006141727790236473,0.7757145762443542,0.4988553524017334,0.13942381739616394,-0.17105954885482788,0.8302861452102661,0.5550699234008789,0.12143135070800781,-0.014618828892707825,0.612158477306366,0.5239266753196716,0.1108778864145279,-0.29290294647216797,0.809633195400238,0.5400201082229614,0.1784062683582306,0.004171398933976889,0.9999089241027832,0.5162870287895203,0.18005570769309998,-0.004311404190957546,0.9998759627342224,0.5267236828804016,0.23167505860328674,-0.15161684155464172,0.7110258936882019,0.5219785571098328,0.27261459827423096,-0.017625842243433,0.7694491744041443,0.5304610133171082,0.3186613619327545,-0.04591471701860428,0.4306773245334625,0.5245436429977417,0.359762966632843,0.05864425748586655,0.8351423740386963,0.5339633822441101,0.3530696928501129,-0.10339101403951645,0.43047165870666504,0.5212913751602173,0.38969239592552185,-0.010668398812413216,0.7743460536003113
92,3.066666666666667,0.5257018804550171,0.024542370811104774,-0.19787511229515076,0.9947459101676941,0.5488467216491699,0.05833650752902031,-0.05449678376317024,0.9999318718910217,0.5045067071914673,0.07541723549365997,-0.09861710667610168,0.9998889565467834,0.5619149804115295,0.07899422943592072,-0.004768877290189266,0.7734049558639526,0.4987832009792328,0.13939210772514343,-0.17539973556995392,0.8445674777030945,0.5550276041030884,0.12089292705059052,-0.01775958016514778,0.6072375774383545,0.5233346819877625,0.11091997474431992,-0.2985323667526245,0.8255106806755066,0.5400575995445251,0.17799296975135803,0.004198637790977955,0.9999134540557861,0.5164088010787964,0.17978627979755402,-0.004336426965892315,0.9998833537101746,0.526667594909668,0.23138628900051117,-0.15276481211185455,0.7347043752670288,0.522300124168396,0.2725588381290436,-0.017971385270357132,0.7612032294273376,0.5299618244171143,0.31817513704299927,-0.04307315871119499,0.4658909738063812,0.524333119392395,0.35953912138938904,0.06097022444009781,0.8435357213020325,0.5337129831314087,0.35362115502357483,-0.10079318284988403,0.4668894410133362,0.5212813019752502,0.3893871009349823,-0.008207025937736034,0.784406840801239
93,3.1,0.5259801745414734,0.02472367323935032,-0.20491532981395721,0.9941291809082031,0.5488715171813965,0.05822525545954704,-0.0731012299656868,0.9999227523803711,0.5044263005256653,0.07526309043169022,-0.10580935329198837,0.9998653531074524,0.5603774785995483,0.07924561202526093,-0.041817694902420044,0.7308270931243896,0.4980860650539398,0.13887591660022736,-0.16184712946414948,0.8504009246826172,0.5542819499969482,0.11861489713191986,-0.08246807754039764,0.5643662810325623,0.5231664776802063,0.11164441704750061,-0.27171581983566284,0.8358423113822937,0.5400773286819458,0.1725563406944275,0.005021986551582813,0.9998952150344849,0.5163944959640503,0.17463281750679016,-0.005120895337313414,0.9998630285263062,0.5273801684379578,0.23470333218574524,-0.08844994008541107,0.7395187020301819,0.522011399269104,0.25994935631752014,-0.027163591235876083,0.7266632318496704,0.5293019413948059,0.330331027507782,0.027461018413305283,0.4800685942173004,0.5243591666221619,0.3268950283527374,0.1118091568350792,0.8043821454048157,0.5304456353187561,0.3667350709438324,-0.02658367156982422,0.47351154685020447,0.5233127474784851,0.3611125648021698,0.06553352624177933,0.7417761087417603
94,3.1333333333333333,0.5262508392333984,0.024469269439578056,-0.197557270526886,0.9939321279525757,0.5488612651824951,0.05816509947180748,-0.0681467205286026,0.9999167919158936,0.5043964982032776,0.07513226568698883,-0.0984388142824173,0.9998551607131958,0.5594359040260315,0.07965292036533356,-0.04016968980431557,0.6972413659095764,0.49751049280166626,0.1386805921792984,-0.15189123153686523,0.8572562336921692,0.5537976026535034,0.1173456609249115,-0.08823727071285248,0.5350355505943298,0.5228902697563171,0.11171278357505798,-0.26143887639045715,0.8484818339347839,0.5400980710983276,0.1716202050447464,0.005857271607965231,0.9998819828033447,0.5164305567741394,0.1741858720779419,-0.0059415604919195175,0.9998537302017212,0.5280557870864868,0.23633024096488953,-0.0684625655412674,0.7390370965003967,0.5220249891281128,0.25784385204315186,-0.026977529749274254,0.7030548453330994,0.5279392004013062,0.3266531825065613,0.06534672528505325,0.48523929715156555,0.524543821811676,0.32666319608688354,0.0969591811299324,0.7844830751419067,0.5283969640731812,0.3633362948894501,0.013178259134292603,0.4750853478908539,0.5252504348754883,0.36188164353370667,0.04532461613416672,0.716535210609436
95,3.1666666666666665,0.5264276266098022,0.024326391518115997,-0.19225367903709412,0.9937530159950256,0.5487751960754395,0.05806220322847366,-0.06638923287391663,0.9999122023582458,0.5043399930000305,0.07502123713493347,-0.094534732401371,0.9998473525047302,0.5593965649604797,0.08017607033252716,-0.03139176592230797,0.6674615144729614,0.49715858697891235,0.13854023814201355,-0.1466894894838333,0.8638015389442444,0.5537025928497314,0.11669258773326874,-0.0691702738404274,0.5105010271072388,0.5227163434028625,0.11148309707641602,-0.2533178925514221,0.8603705763816833,0.5401110649108887,0.17118540406227112,0.00598747655749321,0.9998713135719299,0.5164531469345093,0.17419983446598053,-0.006073472090065479,0.9998467564582825,0.5283492803573608,0.2374727725982666,-0.07273893803358078,0.7392829656600952,0.5221756100654602,0.25770142674446106,-0.02335605025291443,0.6798796057701111,0.5274387001991272,0.3227185904979706,0.0674717128276825,0.4855668842792511,0.5247786045074463,0.3275764286518097,0.1003461629152298,0.7682170271873474,0.5272279977798462,0.3607772886753082,0.02101612463593483,0.47278669476509094,0.5260133147239685,0.36207813024520874,0.04967866465449333,0.6942344307899475
96,3.2,0.5264672636985779,0.024638885632157326,-0.21682171523571014,0.9933966994285583,0.5493204593658447,0.057987965643405914,-0.08739776164293289,0.9999025464057922,0.5040804147720337,0.07493922114372253,-0.10862161219120026,0.9998329877853394,0.5586884617805481,0.08569986373186111,-0.09966589510440826,0.646779477596283,0.49691033363342285,0.1390395164489746,-0.17429710924625397,0.8699135184288025,0.5532572269439697,0.11707386374473572,-0.19002971053123474,0.47594496607780457,0.5220845341682434,0.11185239255428314,-0.29783502221107483,0.8631731271743774,0.54012131690979,0.17126107215881348,0.005577771458774805,0.9998628497123718,0.5164540410041809,0.17473535239696503,-0.005659361835569143,0.9998389482498169,0.5285945534706116,0.23808319866657257,-0.13445690274238586,0.7493917942047119,0.5222950577735901,0.2585798501968384,-0.02824663557112217,0.6604582071304321,0.5275982618331909,0.32666003704071045,0.010621743276715279,0.4840177297592163,0.5248026847839355,0.32820412516593933,0.12346581369638443,0.7378695607185364,0.5271673798561096,0.36103999614715576,-0.04783305153250694,0.4747648537158966,0.5258394479751587,0.36143553256988525,0.07012882828712463,0.6621478199958801
97,3.2333333333333334,0.5265000462532043,0.025462808087468147,-0.19611766934394836,0.993607759475708,0.5501195192337036,0.06055280193686485,-0.07626821100711823,0.9998927712440491,0.5040833950042725,0.07309141010046005,-0.085377037525177,0.9997456669807434,0.5570806264877319,0.09854394197463989,-0.09686537086963654,0.6393573880195618,0.49337130784988403,0.13593323528766632,-0.11754133552312851,0.8602113127708435,0.5522540807723999,0.1193801686167717,-0.1997838318347931,0.4656190276145935,0.5220885276794434,0.11735718697309494,-0.20969223976135254,0.8564267754554749,0.5394426584243774,0.17862384021282196,-0.0019832339603453875,0.9998654723167419,0.5154788494110107,0.17934569716453552,0.0019283409928902984,0.999825656414032,0.5308362245559692,0.26518791913986206,-0.039460666477680206,0.7699545621871948,0.5212610960006714,0.2575721740722656,0.08455894142389297,0.6561727523803711,0.5271091461181641,0.3587970733642578,0.025468189269304276,0.5346954464912415,0.5243768692016602,0.27561721205711365,0.28891831636428833,0.6939983367919922,0.5251280069351196,0.3896617591381073,-0.035639189183712006,0.5260843634605408,0.5214604735374451,0.29847845435142517,0.2755354642868042,0.6345091462135315
98,3.2666666666666666,0.5265249013900757,0.02591961808502674,-0.1833113729953766,0.9936710000038147,0.5504189729690552,0.06114969402551651,-0.0675588920712471,0.9998781681060791,0.504082441329956,0.07236918807029724,-0.07594608515501022,0.9996654391288757,0.5569685697555542,0.09694243222475052,-0.07465719431638718,0.6249890923500061,0.4918276369571686,0.13496407866477966,-0.10526075214147568,0.8577136397361755,0.552101731300354,0.12058770656585693,-0.16279250383377075,0.4534475803375244,0.5229006409645081,0.11946786940097809,-0.194782555103302,0.8574081659317017,0.5392722487449646,0.1806921362876892,-0.002651793649420142,0.9998652338981628,0.5150588750839233,0.18159088492393494,0.0025953042786568403,0.9998090863227844,0.531844973564148,0.26856330037117004,-0.035240013152360916,0.787534773349762,0.5206600427627563,0.2579933702945709,0.07773701846599579,0.6515923738479614,0.5268956422805786,0.36254027485847473,0.031641148030757904,0.5801738500595093,0.5243297815322876,0.27069559693336487,0.28644269704818726,0.6493524312973022,0.5246521830558777,0.39341986179351807,-0.03586529940366745,0.5719519853591919,0.5208761096000671,0.2934746742248535,0.27514415979385376,0.6022864580154419
99,3.3,0.5265449285507202,0.026441682130098343,-0.18374624848365784,0.9935697317123413,0.5507772564888,0.06160486489534378,-0.06683799624443054,0.9998643398284912,0.5040484666824341,0.07228255271911621,-0.07832691073417664,0.9995923042297363,0.5567960739135742,0.09728498756885529,-0.07902014255523682,0.613142192363739,0.4910103678703308,0.13462601602077484,-0.10936613380908966,0.8557783365249634,0.5518901944160461,0.12241356074810028,-0.17496004700660706,0.44428324699401855,0.5231366753578186,0.12130385637283325,-0.20050355792045593,0.8604220151901245,0.5392310619354248,0.1818542331457138,-0.0019851939287036657,0.9998630285263062,0.5147264003753662,0.1829991638660431,0.0019248981261625886,0.9997890591621399,0.5324910283088684,0.2700658142566681,-0.034813836216926575,0.8044590353965759,0.5206128358840942,0.2585510015487671,0.07391726225614548,0.6536633372306824,0.5267943143844604,0.36366796493530273,0.03881201893091202,0.6211221814155579,0.524210512638092,0.26958397030830383,0.29157528281211853,0.6104800701141357,0.5244026780128479,0.3943656384944916,-0.027081478387117386,0.6132301092147827,0.5205491781234741,0.2943144142627716,0.2832017242908478,0.5738091468811035
100,3.3333333333333335,0.5268137454986572,0.02855292707681656,-0.15129081904888153,0.9940645694732666,0.5507527589797974,0.06456358730792999,-0.04257086291909218,0.9998708963394165,0.5040678977966309,0.07211993634700775,-0.04999455809593201,0.9995439052581787,0.5570172667503357,0.10608349740505219,-0.04025261849164963,0.6002176403999329,0.4886035919189453,0.13345903158187866,-0.04089781269431114,0.8225411176681519,0.5519809126853943,0.13089986145496368,-0.12144440412521362,0.4532347619533539,0.5152831673622131,0.1407884806394577,-0.08900344371795654,0.8149170875549316,0.538760244846344,0.1868966668844223,-0.0014584772288799286,0.9998607635498047,0.5144156217575073,0.18722328543663025,0.0013948010746389627,0.9997507929801941,0.534774899482727,0.2842597961425781,-0.008417265489697456,0.7883495092391968,0.5211168527603149,0.272142231464386,0.011333107948303223,0.6079556345939636,0.526897132396698,0.37569350004196167,0.03168490529060364,0.6501071453094482,0.5243045091629028,0.2551368772983551,0.27767646312713623,0.5526997447013855,0.5234884023666382,0.40377315878868103,-0.0321011058986187,0.6379901170730591,0.5247753858566284,0.2694995105266571,0.17839060723781586,0.5216619968414307
101,3.3666666666666667,0.526999294757843,0.029562825337052345,-0.14696992933750153,0.9945189356803894,0.5507622361183167,0.06616894155740738,-0.04368744418025017,0.9998751282691956,0.5040315389633179,0.07201525568962097,-0.05155674368143082,0.9995185136795044,0.5574585199356079,0.11009018123149872,-0.04149274155497551,0.5968398451805115,0.487947553396225,0.13259418308734894,-0.044698260724544525,0.8057330846786499,0.5519018769264221,0.134268656373024,-0.13386783003807068,0.47382238507270813,0.5118288397789001,0.14561526477336884,-0.09708692878484726,0.8016734719276428,0.5383849143981934,0.1885007917881012,-0.0011187174823135138,0.9998528361320496,0.5140641927719116,0.18974721431732178,0.0010490939021110535,0.9997038245201111,0.53550785779953,0.28604695200920105,-0.011364893987774849,0.779234766960144,0.5212648510932922,0.2761429250240326,0.015205524861812592,0.5666603446006775,0.5269743800163269,0.37784427404403687,0.011128924787044525,0.6789802312850952,0.5247744917869568,0.2624027132987976,0.20019283890724182,0.5015621185302734,0.5237278342247009,0.40245869755744934,-0.05799929425120354,0.6657886505126953,0.527000904083252,0.27856147289276123,0.17635111510753632,0.4763246774673462
102,3.4,0.5283910632133484,0.04544217884540558,-0.1322205513715744,0.9950399994850159,0.5508212447166443,0.08927644044160843,-0.031592123210430145,0.9998852014541626,0.5034044981002808,0.0843801200389862,-0.029955456033349037,0.9995537400245667,0.5593496561050415,0.14247442781925201,-0.03242354840040207,0.631714940071106,0.48348602652549744,0.13262039422988892,-0.000533943297341466,0.8128406405448914,0.5508836507797241,0.15883557498455048,-0.11431274563074112,0.5244361162185669,0.501067042350769,0.17200972139835358,-0.037313252687454224,0.8144171237945557,0.5382503271102905,0.2087211012840271,-0.000621718936599791,0.9998573660850525,0.5124820470809937,0.209236279129982,0.0005562118021771312,0.9997051954269409,0.5375500917434692,0.3085840344429016,-0.005749318283051252,0.7919375896453857,0.5187010169029236,0.30373987555503845,-0.04790376499295235,0.593281090259552,0.5259869694709778,0.39923617243766785,0.05271826311945915,0.7038457989692688,0.5251352787017822,0.27194562554359436,0.13902536034584045,0.4695079028606415,0.5239542126655579,0.42657196521759033,0.0039795273914933205,0.6885842084884644,0.5310157537460327,0.2934614419937134,0.15676870942115784,0.4501744210720062
103,3.433333333333333,0.5292827486991882,0.047501787543296814,-0.12096385657787323,0.9955269694328308,0.5509216785430908,0.09178417176008224,-0.029089590534567833,0.9998953342437744,0.5031666159629822,0.0869833305478096,-0.012789514847099781,0.9995871186256409,0.559861958026886,0.1456078737974167,-0.03844674304127693,0.6649221777915955,0.4827203154563904,0.13269652426242828,0.012163684703409672,0.818403959274292,0.5503403544425964,0.16213853657245636,-0.12522999942302704,0.570807695388794,0.49761587381362915,0.17353412508964539,-0.030801713466644287,0.8239213228225708,0.5381172895431519,0.20964045822620392,-0.0016492083668708801,0.9998641014099121,0.5119421482086182,0.2087501734495163,0.001576522714458406,0.9997119903564453,0.5375328660011292,0.30889999866485596,-0.007663923315703869,0.801857054233551,0.5175191164016724,0.30374932289123535,-0.048585906624794006,0.6139775514602661,0.5258069634437561,0.4001408517360687,0.055169861763715744,0.7254079580307007,0.525206446647644,0.2804664969444275,0.12892529368400574,0.44245821237564087,0.52422696352005,0.43079817295074463,0.007990289479494095,0.7085113525390625,0.5303827524185181,0.3032679557800293,0.13905134797096252,0.42922070622444153
104,3.466666666666667,0.5294475555419922,0.049026668071746826,-0.1402088850736618,0.9959681034088135,0.5512653589248657,0.09270778298377991,-0.03697679564356804,0.9999040961265564,0.5030613541603088,0.08863349258899689,-0.029143625870347023,0.9996199607849121,0.5601515173912048,0.14647918939590454,-0.05296924710273743,0.6903432607650757,0.4826717972755432,0.1332177370786667,0.002926961984485388,0.8253334760665894,0.5503771901130676,0.1621379256248474,-0.13782626390457153,0.6103841662406921,0.4976719915866852,0.17398783564567566,-0.03404600918292999,0.8364253044128418,0.5379123687744141,0.21119952201843262,-0.0018957130378112197,0.9998648166656494,0.511406421661377,0.21084435284137726,0.0018177807796746492,0.9997095465660095,0.5376213192939758,0.3097914457321167,-0.008932630531489849,0.7945117950439453,0.5172863006591797,0.30335307121276855,-0.04943430423736572,0.6032711863517761,0.5254645943641663,0.40158817172050476,0.04645558446645737,0.7400962114334106,0.525222897529602,0.28307825326919556,0.12346035242080688,0.40509364008903503,0.5243715047836304,0.43104082345962524,0.004884029738605022,0.7228167057037354,0.5306348204612732,0.30499598383903503,0.12915483117103577,0.39750227332115173
105,3.5,0.5297136306762695,0.05434436351060867,-0.1465427726507187,0.9963603019714355,0.5516238808631897,0.10256257653236389,-0.050138361752033234,0.9999121427536011,0.5030839443206787,0.0936337262392044,-0.02899641916155815,0.9996458292007446,0.5622548460960388,0.1628776490688324,-0.07421384006738663,0.7185355424880981,0.4825286865234375,0.1331418752670288,0.010022386908531189,0.828007161617279,0.5489488244056702,0.16780558228492737,-0.16298608481884003,0.6484324336051941,0.49611663818359375,0.17446491122245789,-0.021222565323114395,0.8453843593597412,0.5380377173423767,0.219013512134552,-0.0037223617546260357,0.9998636841773987,0.511599063873291,0.21843108534812927,0.0036566939670592546,0.9996999502182007,0.5372070074081421,0.3205077350139618,-0.0040704417042434216,0.7922018766403198,0.5159828066825867,0.3088729977607727,-0.05081218481063843,0.6036956310272217,0.5244892835617065,0.40328243374824524,0.06186896562576294,0.7543076276779175,0.525367021560669,0.29112565517425537,0.12991146743297577,0.37417489290237427,0.5245128870010376,0.4322058856487274,0.014278223738074303,0.7364969849586487,0.5300788283348083,0.3106794059276581,0.13254708051681519,0.37218430638313293
106,3.533333333333333,0.5297318696975708,0.05698902904987335,-0.14765006303787231,0.9967038035392761,0.5518699884414673,0.10304578393697739,-0.05247605964541435,0.9999189376831055,0.5031032562255859,0.09534544497728348,-0.029222682118415833,0.9996650815010071,0.5634530782699585,0.16503646969795227,-0.07794677466154099,0.7428678870201111,0.4817880094051361,0.13209620118141174,0.003651376347988844,0.8283778429031372,0.547501802444458,0.16940413415431976,-0.17094005644321442,0.6822108626365662,0.49603042006492615,0.17534977197647095,-0.03438930958509445,0.849604070186615,0.5380662679672241,0.22066572308540344,-0.003807925386354327,0.9998570680618286,0.511654257774353,0.22008977830410004,0.003741007763892412,0.9996764063835144,0.5369100570678711,0.32196152210235596,-0.005667380057275295,0.7840923070907593,0.5156213045120239,0.30860471725463867,-0.05296201631426811,0.5926938652992249,0.5239108800888062,0.40478986501693726,0.06131436675786972,0.7627249360084534,0.5253339409828186,0.29798623919487,0.13134361803531647,0.34241941571235657,0.5249716639518738,0.43216943740844727,0.01212728675454855,0.7425360679626465,0.5298188924789429,0.3141389787197113,0.1340557187795639,0.3434648811817169
107,3.566666666666667,0.5298218131065369,0.057854730635881424,-0.15350164473056793,0.9970183968544006,0.5520840883255005,0.10345589369535446,-0.06183590739965439,0.9999251961708069,0.5031181573867798,0.09614753723144531,-0.03291037678718567,0.9996845722198486,0.5636414289474487,0.16527804732322693,-0.08716680854558945,0.7643182873725891,0.48087796568870544,0.13120388984680176,0.0022412631660699844,0.8254804611206055,0.546630859375,0.17001226544380188,-0.17558498680591583,0.7121016979217529,0.4957686960697174,0.1759263128042221,-0.03249461203813553,0.8515889048576355,0.5381010174751282,0.22092898190021515,-0.004896833561360836,0.9998487830162048,0.5117415189743042,0.22080326080322266,0.004833758808672428,0.9996537566184998,0.5367140769958496,0.3222975432872772,-0.003839068813249469,0.7655360698699951,0.5154398679733276,0.3088894784450531,-0.053012751042842865,0.572385847568512,0.5238438248634338,0.40369072556495667,0.06480732560157776,0.765453577041626,0.5254398584365845,0.29804977774620056,0.1304466873407364,0.312470406293869,0.5251224040985107,0.43137240409851074,0.016676174476742744,0.7441995143890381,0.5295026302337646,0.31955716013908386,0.13370965421199799,0.316202849149704
108,3.6,0.5297983884811401,0.05831228196620941,-0.1738797277212143,0.997306227684021,0.5523832440376282,0.10308007150888443,-0.07802371680736542,0.9999310374259949,0.5033469200134277,0.09549431502819061,-0.040465451776981354,0.9997068047523499,0.5635924339294434,0.16603828966617584,-0.10276554524898529,0.7852206230163574,0.48071447014808655,0.13077309727668762,-0.0035202237777411938,0.8314850330352783,0.5459669828414917,0.1700626015663147,-0.19287808239459991,0.7397531270980835,0.49614912271499634,0.1763971894979477,-0.037532106041908264,0.8612094521522522,0.5381081700325012,0.2203545719385147,-0.006418962962925434,0.999841570854187,0.5117856860160828,0.22015856206417084,0.0063658044673502445,0.9996398091316223,0.5365774631500244,0.3222538232803345,-0.004032067954540253,0.7614842057228088,0.5152627229690552,0.30843034386634827,-0.048813335597515106,0.5688014626502991,0.5239078998565674,0.403289258480072,0.06878257542848587,0.7749089598655701,0.5267317891120911,0.29807159304618835,0.1344001740217209,0.28795287013053894,0.5252450108528137,0.43129807710647583,0.019139094278216362,0.7534357309341431,0.5298777222633362,0.3212221562862396,0.13990238308906555,0.2954229712486267
109,3.6333333333333333,0.5297902226448059,0.05762812867760658,-0.16713553667068481,0.9975582957267761,0.5524691939353943,0.10293848067522049,-0.07303750514984131,0.9999359846115112,0.503351092338562,0.09513744711875916,-0.04000227525830269,0.999722957611084,0.5634828805923462,0.16636869311332703,-0.10029242187738419,0.8042831420898438,0.48060640692710876,0.1306365728378296,-0.0018334903288632631,0.8334760069847107,0.5457155108451843,0.16976244747638702,-0.19077196717262268,0.7648478746414185,0.4964090883731842,0.1764664351940155,-0.0348588302731514,0.8678774833679199,0.5381279587745667,0.22116169333457947,-0.0066949971951544285,0.999835729598999,0.5118153691291809,0.22096019983291626,0.00664607435464859,0.9996266961097717,0.5364809036254883,0.3220985531806946,-0.0025412708055227995,0.7540026903152466,0.5152643322944641,0.30812618136405945,-0.0565589964389801,0.5651480555534363,0.5239642858505249,0.4029964804649353,0.06484752893447876,0.7848573923110962,0.5283025503158569,0.2983549237251282,0.12256163358688354,0.267032653093338,0.5253635048866272,0.43118658661842346,0.013663175515830517,0.7635432481765747,0.5318228602409363,0.323868066072464,0.12302293628454208,0.27867013216018677
110,3.6666666666666665,0.5295897722244263,0.05839413404464722,-0.16591224074363708,0.9977666139602661,0.552030622959137,0.10260983556509018,-0.07947325706481934,0.9999390840530396,0.5033549070358276,0.09605851769447327,-0.04047926887869835,0.9997260570526123,0.5634292364120483,0.1649838387966156,-0.11711655557155609,0.8192247748374939,0.4844607412815094,0.1271979957818985,-0.0014100789558142424,0.8073707818984985,0.5435016751289368,0.1664075255393982,-0.20484685897827148,0.7853128910064697,0.49655070900917053,0.1732339709997177,-0.02432437799870968,0.8564586639404297,0.5377489924430847,0.22384501993656158,-0.008784228004515171,0.9998297095298767,0.5114527940750122,0.2211557775735855,0.00874507986009121,0.9996060132980347,0.5361208915710449,0.31966400146484375,-0.00561212282627821,0.754715621471405,0.5160328149795532,0.29967719316482544,-0.05655618757009506,0.5493069887161255,0.5238580703735352,0.4021848142147064,0.05661613866686821,0.7995348572731018,0.5225493311882019,0.2795540690422058,0.11517642438411713,0.2479514181613922,0.5253772139549255,0.43129763007164,-0.002672807080671191,0.7794434428215027,0.5270313620567322,0.30228233337402344,0.1108761802315712,0.26583102345466614
111,3.7,0.529319703578949,0.058695681393146515,-0.16519774496555328,0.9979560971260071,0.5516356825828552,0.10266722738742828,-0.07948769629001617,0.9999414086341858,0.5033506155014038,0.09650517255067825,-0.04077952355146408,0.9997351765632629,0.563346266746521,0.16471758484840393,-0.11735816299915314,0.8334911465644836,0.48490771651268005,0.1249781996011734,0.0014025752898305655,0.7987762093544006,0.5433379411697388,0.1658594012260437,-0.20515401661396027,0.8043290972709656,0.496107816696167,0.17175640165805817,-0.018163662403821945,0.8596622347831726,0.5376065969467163,0.22500529885292053,-0.009047364816069603,0.999822735786438,0.5113205313682556,0.22194646298885345,0.00901254452764988,0.9995924830436707,0.5358657240867615,0.3193016052246094,-0.004911811091005802,0.7596718668937683,0.516425609588623,0.29419124126434326,-0.06753690540790558,0.5493419170379639,0.52377849817276,0.4023512005805969,0.05642257258296013,0.8143777251243591,0.5213484764099121,0.2819509506225586,0.10292232036590576,0.23467542231082916,0.5254032611846924,0.4318070411682129,-0.0021508163772523403,0.7954586148262024,0.5240039229393005,0.30468517541885376,0.09673118591308594,0.26029539108276367
112,3.7333333333333334,0.5292248725891113,0.059043269604444504,-0.16478466987609863,0.9981197118759155,0.5514522790908813,0.10305723547935486,-0.08076458424329758,0.999944269657135,0.5033186674118042,0.0967230573296547,-0.040833305567502975,0.9997411370277405,0.5633237957954407,0.16525255143642426,-0.11745072901248932,0.8467897176742554,0.48639243841171265,0.1253392994403839,-0.0008987053297460079,0.7805273532867432,0.5420214533805847,0.1656312346458435,-0.20246997475624084,0.821590006351471,0.49631375074386597,0.1707376092672348,-0.025764882564544678,0.8556657433509827,0.5375605225563049,0.22544506192207336,-0.009441129863262177,0.9998170733451843,0.5112072229385376,0.22220240533351898,0.00941170658916235,0.9995771050453186,0.5355377793312073,0.3195476233959198,-0.004784897901117802,0.7621743679046631,0.5164703130722046,0.2923318147659302,-0.07336284965276718,0.5468757152557373,0.5237091779708862,0.4030359983444214,0.059596769511699677,0.827159583568573,0.5211134552955627,0.2837570011615753,0.09718135744333267,0.22288081049919128,0.5254111886024475,0.43193376064300537,-7.691828068345785e-05,0.8092225790023804,0.5240934491157532,0.3062325119972229,0.08911018073558807,0.25560903549194336
113,3.7666666666666666,0.5281930565834045,0.05853789672255516,-0.180411696434021,0.9982894062995911,0.5511447787284851,0.1026473268866539,-0.09176589548587799,0.9999473094940186,0.503277599811554,0.0955466479063034,-0.054164011031389236,0.9997591972351074,0.56333327293396,0.1647414267063141,-0.12888960540294647,0.8609397411346436,0.48632940649986267,0.11947677284479141,0.008641988039016724,0.7800016403198242,0.5403531193733215,0.15089456737041473,-0.20574243366718292,0.8378492593765259,0.49480587244033813,0.16613486409187317,0.026254525408148766,0.8505911827087402,0.5346819162368774,0.2205420583486557,-0.007956414483487606,0.9998162388801575,0.5101947784423828,0.2159714549779892,0.007966926321387291,0.9995954036712646,0.5345583558082581,0.31134751439094543,-0.0031197716016322374,0.7754198312759399,0.5164970755577087,0.28462594747543335,-0.10058621317148209,0.5864272713661194,0.5242506265640259,0.4018227756023407,0.06392837315797806,0.8419433832168579,0.5159373879432678,0.34331634640693665,0.022689443081617355,0.284425288438797,0.5253811478614807,0.43152496218681335,0.004558998625725508,0.825273871421814,0.5160087943077087,0.38394537568092346,-0.013039588928222656,0.3146059215068817
114,3.8,0.5276747941970825,0.05812179297208786,-0.17669224739074707,0.9984405636787415,0.5507354736328125,0.10214215517044067,-0.08719180524349213,0.9999495148658752,0.5031854510307312,0.09509176760911942,-0.05148163437843323,0.9997721314430237,0.5632921457290649,0.16409189999103546,-0.12500883638858795,0.8736730217933655,0.48623591661453247,0.11753319948911667,0.015935370698571205,0.774861752986908,0.5404616594314575,0.14787448942661285,-0.20307819545269012,0.8524406552314758,0.49430471658706665,0.16255980730056763,0.03714560717344284,0.8425955176353455,0.5338019728660583,0.22043222188949585,-0.007217158563435078,0.9998166561126709,0.509762167930603,0.2146379053592682,0.007247683592140675,0.999611496925354,0.5342069864273071,0.3103400766849518,-0.0020361326169222593,0.7890611886978149,0.5165215730667114,0.28436678647994995,-0.1020897850394249,0.6225559115409851,0.524479329586029,0.40089142322540283,0.0678137019276619,0.8558501601219177,0.5148844122886658,0.34827885031700134,0.02683563157916069,0.34142279624938965,0.5253102779388428,0.43137821555137634,0.00884532742202282,0.8403370976448059,0.5139585137367249,0.38971683382987976,-0.007387465797364712,0.3689531683921814
115,3.8333333333333335,0.5273206233978271,0.057898130267858505,-0.17656680941581726,0.9985654950141907,0.550534188747406,0.10185371339321136,-0.08828835934400558,0.9999509453773499,0.5031778216362,0.09488828480243683,-0.05051854997873306,0.999779462814331,0.5632702112197876,0.16386853158473969,-0.12560869753360748,0.8849484324455261,0.48624300956726074,0.11685366928577423,0.015948306769132614,0.7595850825309753,0.5401738882064819,0.1473354697227478,-0.20149049162864685,0.8650240898132324,0.49421635270118713,0.16093851625919342,0.03539147973060608,0.8213974833488464,0.5336361527442932,0.21972234547138214,-0.007094232831150293,0.9998157620429993,0.5096361637115479,0.21347929537296295,0.00714016193524003,0.9996238946914673,0.5341319441795349,0.30965524911880493,-0.0018032453954219818,0.7987304329872131,0.5165406465530396,0.2829061448574066,-0.10415671765804291,0.6540424227714539,0.5248068571090698,0.40025749802589417,0.06682450324296951,0.8680872917175293,0.5148082971572876,0.3498173654079437,0.017074717208743095,0.39299649000167847,0.5253204703330994,0.4309881925582886,0.00785590149462223,0.8535593748092651,0.5129350423812866,0.3892724812030792,-0.022169336676597595,0.4178634583950043
116,3.8666666666666667,0.5265276432037354,0.0578908696770668,-0.18198135495185852,0.9987043142318726,0.550039529800415,0.10146015882492065,-0.09126206487417221,0.9999549984931946,0.5024577379226685,0.09379628300666809,-0.056300658732652664,0.9997968077659607,0.5630615949630737,0.1634075939655304,-0.12193462997674942,0.8949683904647827,0.4885351061820984,0.11771237105131149,0.009524684399366379,0.7447221279144287,0.5389829277992249,0.1447545737028122,-0.19771526753902435,0.8758044838905334,0.49426236748695374,0.16136004030704498,0.032410867512226105,0.7741512656211853,0.5338342189788818,0.2106262594461441,-0.006883831229060888,0.9998297691345215,0.5097161531448364,0.20751407742500305,0.006911519914865494,0.9996566772460938,0.5328285098075867,0.2992757558822632,0.004482809919863939,0.8035548329353333,0.5161729454994202,0.2839016020298004,-0.02461320534348488,0.6795768737792969,0.5258748531341553,0.382226824760437,0.0802522525191307,0.870538592338562,0.5150296688079834,0.37985870242118835,0.01969360187649727,0.4491231441497803,0.5253209471702576,0.41392195224761963,0.02692294493317604,0.8586394786834717,0.5127878189086914,0.41087421774864197,-0.0429016575217247,0.47030213475227356
117,3.9,0.5260757803916931,0.057892851531505585,-0.1833299994468689,0.9988283514976501,0.5497983694076538,0.10142215341329575,-0.09393248707056046,0.9999585747718811,0.5020095705986023,0.09350902587175369,-0.05960158258676529,0.9998134970664978,0.5630189180374146,0.16311773657798767,-0.12284721434116364,0.9039040207862854,0.4884454607963562,0.11824695020914078,0.00831817276775837,0.7384814620018005,0.5382649898529053,0.14303360879421234,-0.1965414434671402,0.8852183818817139,0.49446338415145874,0.1614522635936737,0.037031106650829315,0.7423356771469116,0.5340116620063782,0.20879967510700226,-0.00684270728379488,0.9998424053192139,0.5097291469573975,0.20619145035743713,0.006865269038826227,0.9996867179870605,0.5321699380874634,0.298147588968277,0.003067337442189455,0.8079749941825867,0.5157300233840942,0.28459101915359497,-0.018319910392165184,0.7026423215866089,0.5265833139419556,0.37885501980781555,0.07911059260368347,0.8722593784332275,0.5150464773178101,0.3808983564376831,0.021356448531150818,0.4997088611125946,0.5253264307975769,0.41129547357559204,0.026300493627786636,0.8628934621810913,0.5126792788505554,0.41177359223365784,-0.04228462278842926,0.5176038146018982
118,3.933333333333333,0.5231045484542847,0.06046672537922859,-0.14075562357902527,0.9989416599273682,0.5492833852767944,0.10173580050468445,-0.05454450100660324,0.9999622702598572,0.49943289160728455,0.10063258558511734,-0.02923997864127159,0.9998314380645752,0.5633535385131836,0.16266648471355438,-0.057885341346263885,0.9118949770927429,0.48802247643470764,0.14584530889987946,-0.0031156393233686686,0.7492442727088928,0.5380825996398926,0.1625918447971344,-0.12674888968467712,0.894324541091919,0.4968411326408386,0.18221257627010345,-0.047976892441511154,0.746827244758606,0.5345035791397095,0.21984972059726715,-0.005080529488623142,0.9998556971549988,0.5097424387931824,0.2178378850221634,0.0050070327706635,0.9997171759605408,0.5292802453041077,0.3116314709186554,-0.005115748383104801,0.7576334476470947,0.5134307146072388,0.3096039593219757,-0.010286163538694382,0.71382737159729,0.5246859788894653,0.30060508847236633,0.1511901617050171,0.7861977815628052,0.5141924619674683,0.41060689091682434,0.007688845042139292,0.5331977605819702,0.5200695395469666,0.3108682930469513,0.15608921647071838,0.7792596817016602,0.5130478143692017,0.4306350350379944,-0.04598820582032204,0.5383453965187073
119,3.966666666666667,0.5221108198165894,0.06123833730816841,-0.12993143498897552,0.9990443587303162,0.5488494634628296,0.1016983762383461,-0.04329913854598999,0.9999656081199646,0.49847835302352905,0.1025407612323761,-0.0209487434476614,0.9998476505279541,0.5638306736946106,0.16176539659500122,-0.04454568773508072,0.9189916253089905,0.4878540635108948,0.15038853883743286,-0.0033745230175554752,0.7600048780441284,0.5385759472846985,0.16533009707927704,-0.11243672668933868,0.9027152061462402,0.4980769753456116,0.18631675839424133,-0.05148424580693245,0.7538230419158936,0.5349090099334717,0.22267156839370728,-0.004015700425952673,0.9998676776885986,0.509771466255188,0.2214919775724411,0.003901395248249173,0.9997445940971375,0.5283749103546143,0.31508275866508484,-0.009266631677746773,0.7112157940864563,0.5126444697380066,0.3145619034767151,-0.008765038102865219,0.7233197093009949,0.5247030854225159,0.2902127802371979,0.14990466833114624,0.708570659160614,0.5139129757881165,0.41327011585235596,0.00861108023673296,0.5617865324020386,0.5201969146728516,0.29817745089530945,0.1566881239414215,0.7037388682365417,0.5132240056991577,0.43133753538131714,-0.042584873735904694,0.554884135723114
120,4.0,0.5219776630401611,0.06104642525315285,-0.1239834800362587,0.999129056930542,0.5484955310821533,0.10161508619785309,-0.04174869507551193,0.9999682903289795,0.4982084333896637,0.10314696282148361,-0.016064902767539024,0.9998619556427002,0.5641186237335205,0.15950167179107666,-0.050223685801029205,0.9234310984611511,0.48771247267723083,0.15225903689861298,-0.003140850458294153,0.7579506635665894,0.5388253927230835,0.16454508900642395,-0.12401530891656876,0.9048332571983337,0.4985824227333069,0.18703459203243256,-0.05644837021827698,0.7425093650817871,0.5350430011749268,0.2241324931383133,-0.003945524804294109,0.999879002571106,0.509792149066925,0.22280453145503998,0.0038272510282695293,0.9997695088386536,0.5280924439430237,0.3172331154346466,-0.012710893526673317,0.6630074381828308,0.5120012760162354,0.3141515851020813,-0.009743466041982174,0.7261393666267395,0.5245432257652283,0.29069364070892334,0.15885445475578308,0.6383765935897827,0.5136873126029968,0.41270750761032104,0.008435821160674095,0.5838775038719177,0.5190691351890564,0.30192312598228455,0.16672183573246002,0.6348285675048828,0.5133011341094971,0.43212488293647766,-0.0452655628323555,0.5628203749656677
121,4.033333333333333,0.5201832056045532,0.06667062640190125,-0.13476978242397308,0.9992120862007141,0.5479356050491333,0.10486862063407898,-0.05312303826212883,0.9999709129333496,0.49769502878189087,0.11289362609386444,-0.04173111915588379,0.9998747110366821,0.5648360848426819,0.1606910228729248,-0.05326928570866585,0.9291632175445557,0.48765820264816284,0.1713583767414093,-0.04288914054632187,0.7684078812599182,0.5388514995574951,0.18101149797439575,-0.12361619621515274,0.9103060364723206,0.5013247728347778,0.19781360030174255,-0.10406938940286636,0.7459189295768738,0.5350710153579712,0.22892072796821594,-0.0005163514288142323,0.9998888373374939,0.5095693469047546,0.2272230088710785,0.00039159617153927684,0.99979168176651,0.5274577140808105,0.3289792835712433,-0.01214529387652874,0.6354542374610901,0.5106128454208374,0.32975873351097107,-0.015162007883191109,0.7380387187004089,0.5233210325241089,0.29774412512779236,0.1673353761434555,0.5756562352180481,0.5141271352767944,0.43134748935699463,0.016069207340478897,0.60943603515625,0.5181754231452942,0.30671510100364685,0.1760793775320053,0.5736153721809387,0.5136057138442993,0.450728178024292,-0.0348600409924984,0.5767009258270264
122,4.066666666666666,0.5196375250816345,0.06796043366193771,-0.156417116522789,0.99928879737854,0.5471947193145752,0.1062256470322609,-0.056953657418489456,0.999973475933075,0.4975697100162506,0.11490674316883087,-0.050428472459316254,0.9998865723609924,0.5654284358024597,0.16136589646339417,-0.05407186225056648,0.9343820214271545,0.4875826835632324,0.17390182614326477,-0.05097389221191406,0.7776522040367126,0.5389525890350342,0.1846853494644165,-0.1255582571029663,0.9152540564537048,0.5019797086715698,0.19962535798549652,-0.11693225055932999,0.7470338940620422,0.5350603461265564,0.2308730036020279,0.0012245717225596309,0.999898374080658,0.5093625783920288,0.22922025620937347,-0.001341618481092155,0.9998118877410889,0.527267575263977,0.33011001348495483,-0.011120863258838654,0.6124683022499084,0.5103277564048767,0.3318885266780853,-0.016455132514238358,0.7492824196815491,0.5234153270721436,0.3042226731777191,0.18881291151046753,0.5191507339477539,0.5143941640853882,0.4330299496650696,0.023086002096533775,0.6341066360473633,0.5189205408096313,0.3121735155582428,0.19873134791851044,0.5185343027114868,0.5139109492301941,0.45223334431648254,-0.02979656495153904,0.5923646092414856
123,4.1,0.5195776224136353,0.06854148209095001,-0.15923336148262024,0.9993572235107422,0.5467437505722046,0.10651620477437973,-0.05850972607731819,0.9999758005142212,0.4975903630256653,0.11454291641712189,-0.051184214651584625,0.9998969435691833,0.5658495426177979,0.16161468625068665,-0.05577909201383591,0.9397405385971069,0.48754629492759705,0.17357458174228668,-0.053765274584293365,0.7870354056358337,0.5390585660934448,0.18531592190265656,-0.1274821013212204,0.9216234683990479,0.5020471811294556,0.19776935875415802,-0.12219461053609848,0.749674916267395,0.5349870324134827,0.23090951144695282,0.0009946185164153576,0.9999064803123474,0.5091959238052368,0.2288772612810135,-0.0011100444244220853,0.9998297691345215,0.5269138216972351,0.3306068778038025,-0.011613264679908752,0.5963722467422485,0.5100783109664917,0.331257700920105,-0.017652686685323715,0.760063648223877,0.5233521461486816,0.3064040541648865,0.17672675848007202,0.4686780273914337,0.5145686864852905,0.4338954985141754,0.017800530418753624,0.6574157476425171,0.519239068031311,0.31755679845809937,0.1857558637857437,0.4695138931274414,0.5131118297576904,0.4540398418903351,-0.03466285020112991,0.6081835031509399
124,4.133333333333334,0.5195833444595337,0.06857369840145111,-0.1589825451374054,0.9994179606437683,0.5467310547828674,0.10672641545534134,-0.057436924427747726,0.9999778270721436,0.49749326705932617,0.1143624410033226,-0.0513460710644722,0.9999062418937683,0.5658441185951233,0.16165918111801147,-0.052001792937517166,0.944363534450531,0.48750385642051697,0.17376093566417694,-0.05486481636762619,0.7957935929298401,0.5392037630081177,0.18581093847751617,-0.12189050018787384,0.9270426630973816,0.5027374625205994,0.19795924425125122,-0.12305408716201782,0.7531397342681885,0.5349830985069275,0.2315838485956192,0.0012768805027008057,0.9999136328697205,0.5090913772583008,0.2293207347393036,-0.0013942158548161387,0.9998458623886108,0.5268912315368652,0.3318467140197754,-0.012212298810482025,0.5798947811126709,0.5100666880607605,0.33157140016555786,-0.015892822295427322,0.7692943215370178,0.5231945514678955,0.30606868863105774,0.17525866627693176,0.42310166358947754,0.5146856904029846,0.4341687858104706,0.017874810844659805,0.6783322095870972,0.5193346738815308,0.3186951279640198,0.18510808050632477,0.4251920282840729,0.5130913257598877,0.45399466156959534,-0.03437866270542145,0.6220502853393555
125,4.166666666666667,0.5196117162704468,0.06851494312286377,-0.16137740015983582,0.9994717240333557,0.5467550158500671,0.10664722323417664,-0.05847543478012085,0.999979555606842,0.4974389970302582,0.11455078423023224,-0.053553272038698196,0.9999145269393921,0.5658766627311707,0.1615796983242035,-0.056698691099882126,0.9487926959991455,0.48748284578323364,0.17463171482086182,-0.06043291836977005,0.8072484731674194,0.5392247438430786,0.18530991673469543,-0.12909796833992004,0.9323368072509766,0.5039106607437134,0.19840645790100098,-0.13089071214199066,0.7601413130760193,0.5349926948547363,0.23236948251724243,0.0008212908869609237,0.9999203681945801,0.5090374946594238,0.23018023371696472,-0.0009329403983429074,0.9998604655265808,0.5268427133560181,0.3321413993835449,-0.012466906569898129,0.5916972756385803,0.5100311040878296,0.33171573281288147,-0.015938637778162956,0.7836611270904541,0.5232272744178772,0.3028998374938965,0.1802537590265274,0.3822419345378876,0.5147287845611572,0.43448761105537415,0.019852684810757637,0.7049520611763,0.5194200873374939,0.3198518455028534,0.18885895609855652,0.386310338973999,0.5126320123672485,0.4541758596897125,-0.03432347625494003,0.6481577754020691
126,4.2,0.5176451206207275,0.07589536905288696,-0.14625103771686554,0.9995177388191223,0.5449125170707703,0.11239840090274811,-0.03392012044787407,0.9999809265136719,0.4970496594905853,0.12812012434005737,-0.04873649403452873,0.9999212622642517,0.565841555595398,0.16153386235237122,0.014203747734427452,0.9489015340805054,0.4879487454891205,0.19283300638198853,-0.04802605137228966,0.8116568922996521,0.5437610149383545,0.19449575245380402,-0.011068555526435375,0.9320151209831238,0.5082440376281738,0.20532169938087463,-0.10363709926605225,0.7643870115280151,0.5347310304641724,0.24427418410778046,0.0028592427261173725,0.9999262690544128,0.507947564125061,0.24294114112854004,-0.0029882309027016163,0.9998733401298523,0.5262638330459595,0.3461291491985321,-0.02227681502699852,0.5922372937202454,0.5099590420722961,0.3468896746635437,-0.00443833414465189,0.787708580493927,0.5227953195571899,0.3063199818134308,0.1681668758392334,0.34547385573387146,0.5166148543357849,0.4425746500492096,0.037188850343227386,0.7212589383125305,0.5192736387252808,0.3305884301662445,0.17563524842262268,0.3507702946662903,0.5185081958770752,0.4646412432193756,-0.014259153977036476,0.6570915579795837
127,4.233333333333333,0.5165504217147827,0.07806020975112915,-0.1424488127231598,0.9995602369308472,0.5443671941757202,0.11347760260105133,-0.03541072830557823,0.9999822974205017,0.4968540072441101,0.1290101706981659,-0.04418572038412094,0.9999276399612427,0.5657848119735718,0.1614786684513092,0.003915923181921244,0.9500325918197632,0.48834484815597534,0.19421564042568207,-0.04746290668845177,0.8152909278869629,0.5453766584396362,0.19548586010932922,-0.031097447499632835,0.9326373934745789,0.5100592970848083,0.20563416182994843,-0.11077427864074707,0.7695614695549011,0.5344191789627075,0.2452526092529297,0.0026244916953146458,0.9999316334724426,0.5073565244674683,0.24252881109714508,-0.00275363284163177,0.9998850226402283,0.5258281826972961,0.3477807343006134,-0.022611385211348534,0.584761917591095,0.5098986625671387,0.3485305607318878,-0.0026772241108119488,0.7892748117446899,0.5223090648651123,0.30919790267944336,0.17011848092079163,0.31190261244773865,0.5180338621139526,0.4453634023666382,0.037683188915252686,0.7330017685890198,0.5182451009750366,0.33529379963874817,0.18039703369140625,0.317857563495636,0.5192580223083496,0.46688324213027954,-0.013193288818001747,0.6609005928039551
128,4.266666666666667,0.5161734819412231,0.07907721400260925,-0.14610297977924347,0.9995959997177124,0.5444215536117554,0.11420965194702148,-0.04216592758893967,0.9999834299087524,0.4969504475593567,0.12852127850055695,-0.0456579364836216,0.9999333024024963,0.5657361745834351,0.16186976432800293,-0.005423910450190306,0.950764536857605,0.48839014768600464,0.19368845224380493,-0.050794024020433426,0.8140220642089844,0.5461657047271729,0.19786301255226135,-0.0418257936835289,0.9312772750854492,0.509338915348053,0.20665645599365234,-0.11788381636142731,0.7690517902374268,0.5341903567314148,0.24432045221328735,0.0031011593528091908,0.9999362826347351,0.5072149038314819,0.2419760376214981,-0.003227299777790904,0.999895453453064,0.5259191393852234,0.3462963402271271,-0.01986510492861271,0.5621935725212097,0.5099574327468872,0.34815850853919983,-0.004163545556366444,0.7857956290245056,0.5216241478919983,0.32150593400001526,0.1730264276266098,0.28176793456077576,0.5187181234359741,0.4466007649898529,0.03637581318616867,0.7367773652076721,0.5181350111961365,0.34321245551109314,0.18084904551506042,0.2881307005882263,0.5194302201271057,0.4674490988254547,-0.01869342289865017,0.6554633378982544
129,4.3,0.5161251425743103,0.08528050035238266,-0.1406402289867401,0.9996346831321716,0.5426613092422485,0.12183741480112076,-0.03030734322965145,0.999984622001648,0.4962025284767151,0.1390713006258011,-0.037936728447675705,0.9999390840530396,0.565294086933136,0.16183528304100037,0.006357371807098389,0.9530850052833557,0.48864707350730896,0.20711663365364075,-0.0742386132478714,0.8281044960021973,0.5488035678863525,0.20222210884094238,-0.031144727021455765,0.9355551600456238,0.5143471956253052,0.2050943374633789,-0.17334213852882385,0.7907726168632507,0.533873438835144,0.24920831620693207,0.0003534801653586328,0.999941349029541,0.5070459246635437,0.2490336298942566,-0.0004994467599317431,0.9999052286148071,0.5251363515853882,0.34495478868484497,-0.0377960167825222,0.591092050075531,0.5100032091140747,0.3487187922000885,0.005806976463645697,0.7971522808074951,0.5219421982765198,0.32545438408851624,0.16708031296730042,0.25691649317741394,0.5209158658981323,0.4463173449039459,0.056403689086437225,0.7566519975662231,0.5187183618545532,0.3453387916088104,0.17612650990486145,0.26656487584114075,0.5190373659133911,0.46757715940475464,0.011703476309776306,0.6770147681236267
130,4.333333333333333,0.5156320333480835,0.08704686909914017,-0.14268317818641663,0.999670147895813,0.5422239303588867,0.1232532486319542,-0.03538241609930992,0.9999858140945435,0.49571657180786133,0.1412927359342575,-0.0392187163233757,0.9999445676803589,0.5645564198493958,0.1623343527317047,-0.005262976977974176,0.9559605121612549,0.4886130392551422,0.2101622223854065,-0.08530302345752716,0.8415999412536621,0.54949951171875,0.20435863733291626,-0.0520346462726593,0.9405349493026733,0.5143173933029175,0.20319582521915436,-0.18990036845207214,0.810863196849823,0.5336702466011047,0.2505263686180115,0.0003221622609999031,0.9999460577964783,0.5069480538368225,0.2512357234954834,-0.0004670768103096634,0.9999141097068787,0.5247693061828613,0.34463292360305786,-0.03398578613996506,0.6197183728218079,0.5100236535072327,0.34802404046058655,0.005001171957701445,0.810712993144989,0.5220006704330444,0.329045832157135,0.17511619627475739,0.2363927662372589,0.5212445259094238,0.4458877146244049,0.06189814209938049,0.7766862511634827,0.5187711715698242,0.35182613134384155,0.1854788362979889,0.25130516290664673,0.5190334916114807,0.46691933274269104,0.014222612604498863,0.7005547881126404
131,4.366666666666666,0.5156964063644409,0.08659875392913818,-0.15168744325637817,0.9997021555900574,0.5420635938644409,0.12367454171180725,-0.03799635171890259,0.999987006187439,0.4957341253757477,0.1411249190568924,-0.04808877035975456,0.9999495148658752,0.5642293691635132,0.16222423315048218,0.001757039688527584,0.9589002132415771,0.48858213424682617,0.21045829355716705,-0.09285078197717667,0.8534168601036072,0.5502588152885437,0.20423105359077454,-0.0336962565779686,0.9451621174812317,0.5151606798171997,0.20236000418663025,-0.1952618807554245,0.8283044099807739,0.5336495637893677,0.25088703632354736,0.0005260049365460873,0.9999504089355469,0.5069034695625305,0.2521054446697235,-0.0006645538378506899,0.9999220967292786,0.5248199701309204,0.345083087682724,-0.032488372176885605,0.647051215171814,0.5100852847099304,0.3476428687572479,0.003002081299200654,0.823754072189331,0.5220293998718262,0.33025139570236206,0.1813589632511139,0.218158558011055,0.521291196346283,0.4449825584888458,0.06508093327283859,0.7951865196228027,0.5188146233558655,0.35121920704841614,0.19221505522727966,0.23784923553466797,0.5194448232650757,0.46630415320396423,0.01769798994064331,0.7224966883659363
132,4.4,0.5157684087753296,0.08718522638082504,-0.17675939202308655,0.9997296929359436,0.542253851890564,0.12526161968708038,-0.0576007179915905,0.9999878406524658,0.49580851197242737,0.14088574051856995,-0.06338788568973541,0.9999529123306274,0.562683641910553,0.15598797798156738,-0.004150762222707272,0.9601463079452515,0.4885657727718353,0.20866872370243073,-0.13042576611042023,0.8631315231323242,0.5511121153831482,0.2015683948993683,-0.013860413804650307,0.944153904914856,0.5121077299118042,0.19888803362846375,-0.2578653395175934,0.8371073007583618,0.5335955023765564,0.24962030351161957,-0.0036620195023715496,0.9999547600746155,0.5070997476577759,0.2516210973262787,0.003532440634444356,0.9999293684959412,0.5194423794746399,0.32415151596069336,-0.1091340035200119,0.6810731887817383,0.510116696357727,0.3476124405860901,0.0039545395411551,0.8383529782295227,0.5265792608261108,0.3391447961330414,0.08693943917751312,0.23441091179847717,0.5217260718345642,0.44372469186782837,0.06698931753635406,0.8145546913146973,0.5257498025894165,0.3775881826877594,0.0816321074962616,0.26033443212509155,0.5180305242538452,0.467669814825058,0.014103795401751995,0.7476274371147156
133,4.433333333333334,0.515859067440033,0.08803999423980713,-0.18297435343265533,0.9997549057006836,0.5421802401542664,0.1251145750284195,-0.06355919688940048,0.9999886155128479,0.4960179924964905,0.14067572355270386,-0.07174146175384521,0.9999562501907349,0.5619640946388245,0.1533651500940323,-0.0040126983076334,0.9609468579292297,0.4885494112968445,0.2083749771118164,-0.13947728276252747,0.8723535537719727,0.5513510704040527,0.20066769421100616,-0.0051677473820745945,0.9438143372535706,0.5100216269493103,0.19534125924110413,-0.2647409439086914,0.8482761383056641,0.533568263053894,0.24852894246578217,-0.00406802399083972,0.9999585747718811,0.507266104221344,0.2504968047142029,0.003942124545574188,0.9999358654022217,0.5189329385757446,0.3203491270542145,-0.09941603988409042,0.7106195092201233,0.5101503729820251,0.34735172986984253,0.004107242915779352,0.85048508644104,0.5279731154441833,0.3413105309009552,0.09431206434965134,0.24297603964805603,0.5219439268112183,0.443187415599823,0.06477607786655426,0.8316241502761841,0.5274568200111389,0.3805692493915558,0.09089561551809311,0.27494004368782043,0.5174496173858643,0.4680134654045105,0.012331442907452583,0.7695617079734802
134,4.466666666666667,0.5163675546646118,0.08714787662029266,-0.1288178414106369,0.9997740983963013,0.5416492223739624,0.12391924113035202,-0.02020956203341484,0.9999880194664001,0.4960433840751648,0.13974562287330627,-0.03690696880221367,0.9999529719352722,0.5575094819068909,0.15109683573246002,-0.006165603641420603,0.9547843337059021,0.4864586889743805,0.20513929426670074,-0.10485915094614029,0.879887044429779,0.5497342944145203,0.19285839796066284,-0.07834725081920624,0.9356346726417542,0.5078166723251343,0.1814650595188141,-0.20831497013568878,0.8547976016998291,0.5332225561141968,0.24350175261497498,-0.002885436173528433,0.9999564290046692,0.5071786642074585,0.24855908751487732,0.002732450608164072,0.9999329447746277,0.5190137028694153,0.30879250168800354,-0.14027062058448792,0.7298253774642944,0.5109508633613586,0.3370402753353119,-0.00836624763906002,0.8154599070549011,0.5230668187141418,0.39355337619781494,-0.07289984822273254,0.2749153971672058,0.5188754796981812,0.42677178978919983,0.03671567142009735,0.8216177821159363,0.5273445844650269,0.4236922264099121,-0.13061287999153137,0.3107086718082428,0.5174631476402283,0.456790953874588,-0.0278277900069952,0.759567379951477
135,4.5,0.5166980028152466,0.0865236222743988,-0.12083293497562408,0.9997915029525757,0.5414565801620483,0.12291312962770462,-0.01043465081602335,0.9999874234199524,0.4960792064666748,0.13920272886753082,-0.028602803125977516,0.9999502301216125,0.556519627571106,0.15007485449314117,-0.0016665837028995156,0.9487723708152771,0.48630672693252563,0.20466549694538116,-0.09657929837703705,0.8867183327674866,0.5490709543228149,0.18998268246650696,-0.06649357825517654,0.926943838596344,0.506738007068634,0.17829449474811554,-0.19989581406116486,0.8607795834541321,0.5330861806869507,0.24096640944480896,-0.001723452820442617,0.9999547600746155,0.5071589350700378,0.24668250977993011,0.0015628185356035829,0.9999309778213501,0.5190610289573669,0.30720067024230957,-0.13976314663887024,0.7486621737480164,0.511130690574646,0.33258575201034546,-0.015261359512805939,0.7902058959007263,0.5214525461196899,0.39755457639694214,-0.0715222880244255,0.30718883872032166,0.5177090167999268,0.42300909757614136,0.02616126462817192,0.8170185089111328,0.5272279977798462,0.4260006844997406,-0.1285509318113327,0.34449610114097595,0.5174672603607178,0.45299196243286133,-0.03899907320737839,0.7546452879905701
136,4.533333333333333,0.5169718265533447,0.08607498556375504,-0.11968036741018295,0.9998067021369934,0.5413666367530823,0.1222427561879158,-0.01195576786994934,0.9999868869781494,0.49610862135887146,0.13846448063850403,-0.027442503720521927,0.9999471306800842,0.5563837289810181,0.14939403533935547,-0.00501973694190383,0.9440830945968628,0.4861904978752136,0.20356962084770203,-0.09344718605279922,0.8928893804550171,0.5488489270210266,0.18838737905025482,-0.06812484562397003,0.9202821254730225,0.5064197778701782,0.17704521119594574,-0.19790706038475037,0.8667607307434082,0.5330449938774109,0.2398073971271515,-0.001711765886284411,0.9999527931213379,0.5071561932563782,0.24565529823303223,0.001553496578708291,0.9999284148216248,0.5191764235496521,0.306250661611557,-0.13927046954631805,0.765006422996521,0.5111581683158875,0.3308156728744507,-0.01732769049704075,0.7667332887649536,0.5207912921905518,0.3972778618335724,-0.07256018370389938,0.33533352613449097,0.5173618793487549,0.4222257435321808,0.021547963842749596,0.8127979040145874,0.5270369052886963,0.4249591827392578,-0.1288580447435379,0.37384024262428284,0.5172996520996094,0.45177289843559265,-0.042567528784275055,0.7502977252006531
137,4.566666666666666,0.5174330472946167,0.08581002801656723,-0.1292833536863327,0.9998128414154053,0.5414664149284363,0.12172098457813263,-0.012225624173879623,0.9999863505363464,0.49612507224082947,0.13679641485214233,-0.03176289051771164,0.9999458193778992,0.5557587146759033,0.15040212869644165,-0.059123408049345016,0.9411216378211975,0.4844822287559509,0.20276616513729095,-0.09372527152299881,0.8962036371231079,0.5475902557373047,0.18861298263072968,-0.15860699117183685,0.9171234369277954,0.5051137208938599,0.17813988029956818,-0.20602676272392273,0.8735729455947876,0.5325316190719604,0.23888248205184937,-0.0028065270744264126,0.9999523162841797,0.5065091252326965,0.24350589513778687,0.002664049156010151,0.9999292492866516,0.5192633271217346,0.30996766686439514,-0.10743945837020874,0.7646148204803467,0.5114168524742126,0.3297135531902313,-0.014822443015873432,0.7425200939178467,0.5205671787261963,0.39063844084739685,-0.013289988040924072,0.34003525972366333,0.5185433626174927,0.4206266701221466,0.030140597373247147,0.8041446208953857,0.5218597650527954,0.42359694838523865,-0.06152721121907234,0.3810916543006897,0.5183422565460205,0.45074811577796936,-0.029602497816085815,0.7417171001434326
138,4.6,0.5176824331283569,0.08573473989963531,-0.13389326632022858,0.9998223781585693,0.5415371060371399,0.12144745886325836,-0.029057860374450684,0.9999861717224121,0.4961283802986145,0.1357494294643402,-0.035012297332286835,0.9999455809593201,0.5555822849273682,0.15124891698360443,-0.06782867759466171,0.9387555718421936,0.4834774136543274,0.20189520716667175,-0.100627101957798,0.8994653224945068,0.5467208623886108,0.1885526031255722,-0.16935768723487854,0.9144222140312195,0.5048576593399048,0.17831096053123474,-0.21821801364421844,0.8793189525604248,0.5322453379631042,0.238709956407547,-0.003194322343915701,0.9999508261680603,0.5062679648399353,0.24270465970039368,0.0030583362095057964,0.9999289512634277,0.5195519328117371,0.3100351095199585,-0.10641713440418243,0.7594882845878601,0.5121131539344788,0.3294767141342163,-0.01512526161968708,0.7140080332756042,0.5202062129974365,0.3855160176753998,-0.014784510247409344,0.33323565125465393,0.5191174745559692,0.4206579327583313,0.030468765646219254,0.7894006967544556,0.5196057558059692,0.42158856987953186,-0.06376387178897858,0.37775641679763794,0.5188947916030884,0.45047271251678467,-0.031123286113142967,0.7273783683776855
139,4.633333333333334,0.5178171992301941,0.085494264960289,-0.12825047969818115,0.9998307228088379,0.5415732860565186,0.12128767371177673,-0.029205966740846634,0.999985933303833,0.49613767862319946,0.13474208116531372,-0.029135217890143394,0.9999446868896484,0.5555907487869263,0.15133441984653473,-0.0566365122795105,0.937026858329773,0.48328104615211487,0.2016650289297104,-0.09634103626012802,0.901557445526123,0.546273410320282,0.1884746551513672,-0.15280698239803314,0.9130275249481201,0.5045450329780579,0.17831312119960785,-0.20726525783538818,0.884081244468689,0.5319818258285522,0.23864032328128815,-0.0033270628191530704,0.9999505877494812,0.5061543583869934,0.24223728477954865,0.0031944275833666325,0.9999298453330994,0.5198215842247009,0.3104514181613922,-0.10150686651468277,0.7592998147010803,0.5125816464424133,0.32968267798423767,-0.016346069052815437,0.697097659111023,0.5200043320655823,0.38423287868499756,-0.0099580567330122,0.3350486159324646,0.5195223093032837,0.4213767945766449,0.02628243900835514,0.7841195464134216,0.5191673636436462,0.42191314697265625,-0.05726330354809761,0.3824598491191864,0.5190945267677307,0.45082199573516846,-0.034795816987752914,0.7224841713905334
140,4.666666666666667,0.5178911089897156,0.08528751134872437,-0.12895578145980835,0.9998384118080139,0.5416081547737122,0.1211460679769516,-0.028887098655104637,0.9999857544898987,0.4961417317390442,0.13396844267845154,-0.029128815978765488,0.9999437928199768,0.555676281452179,0.15166975557804108,-0.04995999112725258,0.9358747601509094,0.48345422744750977,0.20140822231769562,-0.09214671701192856,0.9031235575675964,0.5459458827972412,0.1884758025407791,-0.14240819215774536,0.9128469228744507,0.5043211579322815,0.17823264002799988,-0.20351195335388184,0.8878646492958069,0.5318086743354797,0.23867546021938324,-0.0032204247545450926,0.9999504685401917,0.5061078071594238,0.24193409085273743,0.003087698481976986,0.9999308586120605,0.5200130343437195,0.31086060404777527,-0.09502232074737549,0.7593429088592529,0.5131301283836365,0.330086886882782,-0.018184997141361237,0.6876651644706726,0.5197588205337524,0.383116751909256,0.0033480103593319654,0.3356454074382782,0.5198442339897156,0.4221366345882416,0.02229883335530758,0.783033013343811,0.5187192559242249,0.421352356672287,-0.04066562280058861,0.38540562987327576,0.5192471146583557,0.4511268734931946,-0.038477085530757904,0.7218201160430908
141,4.7,0.5179612040519714,0.08512159436941147,-0.1312650591135025,0.9998459219932556,0.5416356921195984,0.12105470150709152,-0.029559383168816566,0.9999855756759644,0.4961492419242859,0.13346107304096222,-0.03107355907559395,0.9999434351921082,0.5557107925415039,0.15195097029209137,-0.04830455034971237,0.9347440600395203,0.48352599143981934,0.2011394053697586,-0.09199593961238861,0.9056556820869446,0.5457701683044434,0.18849961459636688,-0.140092134475708,0.9126501083374023,0.5042539834976196,0.1781773716211319,-0.2040317952632904,0.892375111579895,0.5317133665084839,0.23874299228191376,-0.003143712179735303,0.9999497532844543,0.5060794949531555,0.24184247851371765,0.0030139959417283535,0.999931275844574,0.520142138004303,0.31113773584365845,-0.09486852586269379,0.7610462307929993,0.5134838223457336,0.33036258816719055,-0.017854902893304825,0.680073618888855,0.5195960998535156,0.3826412260532379,0.005640801507979631,0.3349717855453491,0.5200234651565552,0.42237502336502075,0.024660952389240265,0.7817865014076233,0.5183985233306885,0.4201262891292572,-0.03811820596456528,0.3871992826461792,0.5193785429000854,0.4512753486633301,-0.03586209565401077,0.7208349108695984
142,4.733333333333333,0.5182087421417236,0.08475209027528763,-0.12775009870529175,0.9998584985733032,0.5417066216468811,0.12480853497982025,-0.023036882281303406,0.9999852776527405,0.49603334069252014,0.13339842855930328,-0.02418043091893196,0.9999272227287292,0.5553706288337708,0.16137562692165375,-0.031174728646874428,0.9345111846923828,0.4820266366004944,0.200927272439003,-0.05888363718986511,0.906732439994812,0.5460535287857056,0.19387416541576385,-0.11233337968587875,0.9165253639221191,0.5065703988075256,0.1883959174156189,-0.15669366717338562,0.897064208984375,0.5310685038566589,0.24741418659687042,-0.003890668973326683,0.9999454021453857,0.5052237510681152,0.2483246922492981,0.003795190481469035,0.9999038577079773,0.5214127898216248,0.33914270997047424,-0.034357648342847824,0.7811902165412903,0.512304425239563,0.34384050965309143,0.004985147155821323,0.684682309627533,0.5201264023780823,0.43946292996406555,0.009845083579421043,0.39961567521095276,0.5199664831161499,0.3462459444999695,0.2025643289089203,0.7205381989479065,0.5170272588729858,0.4700298607349396,-0.0465238131582737,0.44583192467689514,0.5198045372962952,0.3676591217517853,0.20778557658195496,0.6742632985115051
143,4.766666666666667,0.5183772444725037,0.08454899489879608,-0.1331939399242401,0.9998694062232971,0.541725754737854,0.12638019025325775,-0.024512063711881638,0.9999849796295166,0.4958963394165039,0.13322538137435913,-0.02645416557788849,0.9999096393585205,0.555191159248352,0.16335107386112213,-0.02100394293665886,0.9308687448501587,0.48116570711135864,0.20046710968017578,-0.06458429992198944,0.9055877923965454,0.5462663173675537,0.19565118849277496,-0.0890689566731453,0.916353702545166,0.5067986845970154,0.19222113490104675,-0.16064871847629547,0.8972287178039551,0.5305494070053101,0.2505270540714264,-0.003773381933569908,0.9999402761459351,0.5046339631080627,0.2510870099067688,0.00367230037227273,0.999872624874115,0.5219417214393616,0.34444206953048706,-0.030501728877425194,0.7986488342285156,0.5119947195053101,0.3472003638744354,0.008582355454564095,0.6813490390777588,0.5204465389251709,0.44456279277801514,0.012130757793784142,0.45777618885040283,0.5198401808738708,0.340187132358551,0.21060064435005188,0.661090612411499,0.5162540674209595,0.4737771451473236,-0.051339857280254364,0.49846014380455017,0.519753098487854,0.35961663722991943,0.21676750481128693,0.6271453499794006
144,4.8,0.5184868574142456,0.08438419550657272,-0.13337776064872742,0.9998792409896851,0.541781485080719,0.12679174542427063,-0.023344021290540695,0.999984860420227,0.4957670271396637,0.13312241435050964,-0.028500866144895554,0.9998910427093506,0.5552788972854614,0.16411137580871582,-0.01880430430173874,0.9258779287338257,0.48121270537376404,0.19989609718322754,-0.06526125967502594,0.9016825556755066,0.5463923811912537,0.19648034870624542,-0.08789148926734924,0.9140800833702087,0.5068641304969788,0.19304291903972626,-0.15966299176216125,0.8928660154342651,0.5304498672485352,0.25083252787590027,-0.0036855656653642654,0.9999350905418396,0.5045133829116821,0.25112369656562805,0.003584453370422125,0.9998381733894348,0.5224541425704956,0.3429171144962311,-0.04336182028055191,0.8130348324775696,0.5119146108627319,0.3481849730014801,0.017444005236029625,0.6653050184249878,0.5206035375595093,0.44549259543418884,-0.01294118445366621,0.5095966458320618,0.5194854736328125,0.3398420214653015,0.219655841588974,0.6017136573791504,0.516135573387146,0.4731743633747101,-0.08450926095247269,0.5453935265541077,0.5196122527122498,0.3590812385082245,0.22489988803863525,0.5770546793937683
145,4.833333333333333,0.518821120262146,0.08731382340192795,-0.09794589877128601,0.9998893141746521,0.5421704053878784,0.13190799951553345,-0.006517475005239248,0.9999852776527405,0.4952181875705719,0.13539035618305206,-0.0035459387581795454,0.9998872876167297,0.5552283525466919,0.181279718875885,-0.010894556529819965,0.9229815006256104,0.47978121042251587,0.20004308223724365,-0.006393021438270807,0.889279842376709,0.5457562804222107,0.20323722064495087,-0.08557043969631195,0.9155868291854858,0.5031703114509583,0.21356883645057678,-0.0740920752286911,0.8852303624153137,0.5300927758216858,0.2603653371334076,-0.00416721124202013,0.9999329447746277,0.5040751695632935,0.2588708698749542,0.004095556680113077,0.999821126461029,0.5227987766265869,0.3578405976295471,-0.01775314472615719,0.8233461976051331,0.5116358399391174,0.35997694730758667,-0.011675538495182991,0.6509948372840881,0.5205405950546265,0.46341997385025024,-0.00037961843190714717,0.5544604063034058,0.5174535512924194,0.34062957763671875,0.15175926685333252,0.5476039052009583,0.5145580768585205,0.4846680164337158,-0.06481765955686569,0.5844843983650208,0.5171659588813782,0.3482229709625244,0.15363310277462006,0.5311020016670227
146,4.866666666666666,0.5190133452415466,0.08934313803911209,-0.08327516168355942,0.9998986124992371,0.5425772070884705,0.13289926946163177,0.002171475673094392,0.9999856948852539,0.49507570266723633,0.13635100424289703,0.006865573115646839,0.9998887181282043,0.5548049211502075,0.18467716872692108,-0.002205024240538478,0.9146804213523865,0.47874385118484497,0.1998630166053772,0.008126860484480858,0.8796916604042053,0.545448899269104,0.20656605064868927,-0.0738135501742363,0.9158679842948914,0.5003752708435059,0.21749265491962433,-0.05317152664065361,0.8834487795829773,0.5298681855201721,0.2603308856487274,-0.004353653639554977,0.9999297261238098,0.5038671493530273,0.2590020000934601,0.004286234732717276,0.9998047351837158,0.5229561924934387,0.35969313979148865,-0.013565702363848686,0.8276010155677795,0.51156085729599,0.3616373836994171,-0.02033357322216034,0.6244232654571533,0.5205190777778625,0.46355316042900085,0.0014032517792657018,0.5918857455253601,0.5163084268569946,0.3372666537761688,0.139289990067482,0.4965803921222687,0.5140818357467651,0.48719924688339233,-0.060575228184461594,0.6156620383262634,0.5155897736549377,0.3438948392868042,0.14747339487075806,0.48562610149383545
147,4.9,0.5190708637237549,0.09014033526182175,-0.08982844650745392,0.9999069571495056,0.5428513884544373,0.13361980020999908,-0.0020285146310925484,0.9999860525131226,0.4949299693107605,0.1369456648826599,0.005934356711804867,0.9998867511749268,0.5545799732208252,0.18524138629436493,-0.00638806214556098,0.9076102375984192,0.47818318009376526,0.1996602565050125,0.008243413642048836,0.8630185127258301,0.5450770258903503,0.20756012201309204,-0.07889262586832047,0.914699912071228,0.4990557134151459,0.21796301007270813,-0.05378735065460205,0.8709205389022827,0.529811441898346,0.2608453631401062,-0.004831344820559025,0.999926745891571,0.5036569833755493,0.2596396505832672,0.00476729404181242,0.9997866153717041,0.5231367349624634,0.36097076535224915,-0.01778993010520935,0.8307996392250061,0.5113071799278259,0.3618713319301605,-0.02005590870976448,0.5981118679046631,0.520374596118927,0.4640108644962311,-0.002231983933597803,0.6259337663650513,0.5155150890350342,0.3375708758831024,0.1485319286584854,0.4501296877861023,0.5140544176101685,0.4867709279060364,-0.06753413379192352,0.644066333770752,0.5149356722831726,0.3454116880893707,0.1580864042043686,0.44356098771095276
148,4.933333333333334,0.5173478722572327,0.11323431879281998,-0.19487527012825012,0.9997831583023071,0.5427551865577698,0.159385547041893,-0.09503360837697983,0.9999821782112122,0.49472731351852417,0.15304289758205414,-0.05294378846883774,0.9998399615287781,0.5546517372131348,0.22576312720775604,-0.1446969360113144,0.9129336476325989,0.47859421372413635,0.19632220268249512,-0.005673694424331188,0.8221845030784607,0.5302630662918091,0.2154247909784317,-0.2534005045890808,0.9174289107322693,0.48752984404563904,0.22980897128582,-0.01941794529557228,0.8172711730003357,0.5275833010673523,0.2810196876525879,-0.00593993766233325,0.9999027252197266,0.5026060342788696,0.2778873145580292,0.005886303726583719,0.9997374415397644,0.5235462188720703,0.3749154508113861,-0.018807614222168922,0.8293966054916382,0.5094107389450073,0.35827404260635376,-0.0609334297478199,0.6018356084823608,0.5184665322303772,0.47399601340293884,0.04309483617544174,0.6586357355117798,0.5067158937454224,0.4014636278152466,0.10672638565301895,0.446359783411026,0.514182984828949,0.502413272857666,-0.031727273017168045,0.6738653182983398,0.5038154125213623,0.44043299555778503,0.07646065950393677,0.44437339901924133
149,4.966666666666667,0.5168641805648804,0.11465424299240112,-0.20270606875419617,0.9997174143791199,0.542344331741333,0.16176706552505493,-0.09652819484472275,0.9999790191650391,0.4946289658546448,0.15554355084896088,-0.06014571711421013,0.9998243451118469,0.554608941078186,0.22806359827518463,-0.14474859833717346,0.9192774295806885,0.4775997996330261,0.195323184132576,-0.008244269527494907,0.8074047565460205,0.5288739800453186,0.219013974070549,-0.252658486366272,0.9221550226211548,0.486128032207489,0.23505628108978271,-0.019260240718722343,0.8020696043968201,0.5272319316864014,0.28282630443573,-0.004684089217334986,0.9998762607574463,0.502287745475769,0.2791455388069153,0.0046562012284994125,0.9996981620788574,0.5244042873382568,0.3742597699165344,-0.010303566232323647,0.8236832022666931,0.5094489455223083,0.3565629720687866,-0.11355142295360565,0.6229291558265686,0.5176123380661011,0.4742397665977478,0.06297751516103745,0.6876958012580872,0.5051040053367615,0.4103148281574249,0.04523783177137375,0.45550331473350525,0.5146911144256592,0.5058080554008484,-0.006257235072553158,0.7001169919967651,0.5040322542190552,0.45173364877700806,0.01310016494244337,0.4569110572338104
150,5.0,0.5165261030197144,0.1153777539730072,-0.21119561791419983,0.9996880292892456,0.5421943664550781,0.1631961464881897,-0.10809741169214249,0.9999777674674988,0.4945294260978699,0.1564868986606598,-0.07059342414140701,0.9998162388801575,0.5546484589576721,0.23011957108974457,-0.16105280816555023,0.9252392053604126,0.4769865870475769,0.19437769055366516,-0.016795266419649124,0.8020020723342896,0.5280776619911194,0.21845921874046326,-0.2742762565612793,0.927367627620697,0.48561421036720276,0.2364751547574997,-0.027412092313170433,0.7931238412857056,0.5272419452667236,0.2824918329715729,-0.0045133368112146854,0.9998477101325989,0.5018726587295532,0.2792420983314514,0.004488461650907993,0.9996484518051147,0.5250056982040405,0.37514638900756836,-0.014221997931599617,0.8145126104354858,0.5093830227851868,0.3561916649341583,-0.08439351618289948,0.6235396265983582,0.5171767473220825,0.47359827160835266,0.05297510698437691,0.7116582989692688,0.5040137767791748,0.409643292427063,0.07692806422710419,0.44471052289009094,0.5147495865821838,0.5053560137748718,-0.015545161440968513,0.7219631671905518,0.503623366355896,0.4522325396537781,0.04928349703550339,0.45134437084198
151,5.033333333333333,0.5161518454551697,0.11430800706148148,-0.1953323632478714,0.9996699690818787,0.5422276258468628,0.1630031019449234,-0.09912754595279694,0.9999768733978271,0.49454551935195923,0.15617042779922485,-0.062085770070552826,0.9998061656951904,0.5546414852142334,0.2295950949192047,-0.15007182955741882,0.9259046912193298,0.47713813185691833,0.19315052032470703,-0.01809537224471569,0.7835803627967834,0.5280630588531494,0.21687668561935425,-0.2612389326095581,0.9275075197219849,0.4853048324584961,0.23566722869873047,-0.03548178821802139,0.7616072297096252,0.5272440910339355,0.2821055054664612,-0.005550490692257881,0.9998289346694946,0.5015079975128174,0.27852267026901245,0.005487534217536449,0.9996122121810913,0.5252874493598938,0.37497252225875854,-0.02219509705901146,0.7927590012550354,0.5087502002716064,0.35577061772346497,-0.03969452530145645,0.5849086046218872,0.51694655418396,0.47279319167137146,0.022432204335927963,0.7281078696250916,0.5042234659194946,0.4085223376750946,0.12817983329296112,0.4135395586490631,0.5150924324989319,0.505090057849884,-0.05472078174352646,0.7374852299690247,0.5034705400466919,0.45272505283355713,0.10234574228525162,0.4242932200431824
152,5.066666666666666,0.5161350965499878,0.11438523232936859,-0.1899721324443817,0.9996611475944519,0.5422500967979431,0.16258573532104492,-0.09065715968608856,0.9999759197235107,0.49456650018692017,0.1560085117816925,-0.05522115156054497,0.9998039603233337,0.554639458656311,0.2291119396686554,-0.14147470891475677,0.9291970133781433,0.4771662652492523,0.19190485775470734,-0.008823258802294731,0.7777787446975708,0.5282111763954163,0.2163638472557068,-0.2534445822238922,0.9305611252784729,0.4850572645664215,0.23571647703647614,-0.024214968085289,0.7523196935653687,0.5273815393447876,0.2822161018848419,-0.005486467387527227,0.9998108744621277,0.5015267729759216,0.2789359986782074,0.0054223667830228806,0.9995834827423096,0.5256235003471375,0.3747299611568451,-0.021291378885507584,0.7861733436584473,0.5088101625442505,0.35580286383628845,-0.058909822255373,0.5773268342018127,0.5166248679161072,0.47314560413360596,0.02760281227529049,0.7482666373252869,0.5048772692680359,0.4079541862010956,0.11787251383066177,0.3978976905345917,0.5152729153633118,0.5057845115661621,-0.048205651342868805,0.7562456130981445,0.503876805305481,0.4525540769100189,0.0879596397280693,0.4140978753566742
153,5.1,0.5152731537818909,0.11248249560594559,-0.21989324688911438,0.9996693134307861,0.5421450138092041,0.16108113527297974,-0.11818961799144745,0.9999764561653137,0.4939398765563965,0.15500998497009277,-0.06536933034658432,0.9998089075088501,0.5538331270217896,0.2268570363521576,-0.17519010603427887,0.9346815347671509,0.4813145697116852,0.19205930829048157,-0.01413352508097887,0.7360042929649353,0.5239232778549194,0.21528589725494385,-0.281913697719574,0.9330803155899048,0.4870093762874603,0.23500517010688782,-0.027495935559272766,0.6974937915802002,0.527367115020752,0.27912449836730957,-0.007016965188086033,0.9998233318328857,0.5010423064231873,0.2763613164424896,0.006983027793467045,0.9996159672737122,0.5255779027938843,0.3712799549102783,-0.01589822955429554,0.7936316728591919,0.5082086324691772,0.3553595542907715,-0.08173799514770508,0.6116100549697876,0.5170741677284241,0.46799781918525696,0.06816407293081284,0.7677210569381714,0.5056489706039429,0.4378984272480011,0.015285590663552284,0.44925814867019653,0.5153534412384033,0.501194953918457,-0.006639027502387762,0.7751672863960266,0.5034596920013428,0.4748419523239136,-0.050350286066532135,0.46344974637031555
154,5.133333333333334,0.5149667859077454,0.11176075041294098,-0.22562770545482635,0.9996715784072876,0.5420519113540649,0.16049312055110931,-0.12212105840444565,0.9999768733978271,0.49358850717544556,0.15457703173160553,-0.06892626732587814,0.9998103380203247,0.5533350110054016,0.2258908748626709,-0.17637960612773895,0.9392821788787842,0.48243483901023865,0.19224238395690918,-0.01635049656033516,0.6923869252204895,0.5230838060379028,0.21473808586597443,-0.2815343141555786,0.9341208934783936,0.48785465955734253,0.23399865627288818,-0.028124582022428513,0.6418671607971191,0.5274022221565247,0.2775137424468994,-0.007543912623077631,0.9998348951339722,0.500886082649231,0.2750001549720764,0.00752065097913146,0.9996455311775208,0.525605320930481,0.36963891983032227,-0.012999367900192738,0.7996429204940796,0.5080894231796265,0.35479357838630676,-0.08487652987241745,0.6426712870597839,0.5174729228019714,0.46546030044555664,0.07429701834917068,0.7853713631629944,0.5059612393379211,0.44128715991973877,0.009393609128892422,0.4963764250278473,0.515426754951477,0.4997977316379547,-0.0002400576340733096,0.7921582460403442,0.5033961534500122,0.47863659262657166,-0.05744241923093796,0.5084601640701294
155,5.166666666666667,0.5148735642433167,0.111662857234478,-0.2210300862789154,0.9996613264083862,0.5419683456420898,0.16009171307086945,-0.11771352589130402,0.9999769330024719,0.49330979585647583,0.15446291863918304,-0.06617753207683563,0.999810516834259,0.5530998110771179,0.22562994062900543,-0.1711854189634323,0.9434689879417419,0.48282232880592346,0.19231340289115906,-0.015228455886244774,0.6562556624412537,0.5228935480117798,0.2143823802471161,-0.2766667604446411,0.9355854988098145,0.4881053864955902,0.2338184118270874,-0.026479875668883324,0.5954720377922058,0.5274220705032349,0.27677029371261597,-0.007522961590439081,0.9998447299003601,0.500821590423584,0.27436113357543945,0.007500901818275452,0.9996715188026428,0.5257073044776917,0.36933434009552,-0.011928322724997997,0.8069606423377991,0.5080045461654663,0.3547598123550415,-0.09074550867080688,0.6721763610839844,0.5175865888595581,0.46400558948516846,0.07829324156045914,0.8021494150161743,0.5060449838638306,0.4407444894313812,0.009807699359953403,0.5394307971000671,0.5154842138290405,0.49964603781700134,0.004771198146045208,0.8080417513847351,0.5031806826591492,0.4796387255191803,-0.05482664704322815,0.5493749976158142
156,5.2,0.5143080949783325,0.11196322739124298,-0.2046463042497635,0.9996703863143921,0.5417103171348572,0.16064609587192535,-0.10764571279287338,0.9999784827232361,0.49270981550216675,0.15554998815059662,-0.06169336289167404,0.9998258948326111,0.5531474947929382,0.22641286253929138,-0.16424408555030823,0.9471610188484192,0.4825839102268219,0.20040075480937958,-0.020222431048750877,0.6297640204429626,0.5229867696762085,0.2143409550189972,-0.2788068354129791,0.9366740584373474,0.48822250962257385,0.24092251062393188,-0.05644702911376953,0.5585496425628662,0.5274220705032349,0.27791574597358704,-0.008123661391437054,0.9998573660850525,0.5007003545761108,0.276032954454422,0.008081136271357536,0.9997020363807678,0.5227307677268982,0.368781715631485,0.019576145336031914,0.7596107125282288,0.505078911781311,0.3599642813205719,-0.05892596393823624,0.6859288811683655,0.5180274844169617,0.44554436206817627,0.14772295951843262,0.7441645264625549,0.5058594942092896,0.46726107597351074,-0.04767865687608719,0.5767304301261902,0.5156314373016357,0.4719337522983551,0.10345631837844849,0.7555612325668335,0.5017141103744507,0.486366868019104,-0.13162991404533386,0.5834237933158875
157,5.233333333333333,0.5140573382377625,0.11219282448291779,-0.199977844953537,0.9996829628944397,0.5414789915084839,0.16082680225372314,-0.10537119209766388,0.9999799728393555,0.49225062131881714,0.15577001869678497,-0.05882243067026138,0.999840497970581,0.5531719326972961,0.22679239511489868,-0.16211242973804474,0.9507004618644714,0.4823932647705078,0.20250451564788818,-0.022111283615231514,0.6144799590110779,0.5229545831680298,0.2144080549478531,-0.2764990031719208,0.9383965134620667,0.4881170392036438,0.24315768480300903,-0.06089586764574051,0.534369707107544,0.5274324417114258,0.2785016894340515,-0.008372829295694828,0.9998685121536255,0.5005645751953125,0.2765648365020752,0.008320778608322144,0.9997295141220093,0.5213273763656616,0.368490606546402,0.02038734033703804,0.7158949971199036,0.5041957497596741,0.3615367114543915,-0.05153398588299751,0.6977546215057373,0.5183659195899963,0.4395359456539154,0.15266749262809753,0.6879127621650696,0.5057673454284668,0.4691230356693268,-0.04459696263074875,0.6090324521064758,0.5156673192977905,0.46760445833206177,0.11204405128955841,0.7037434577941895,0.501360297203064,0.48704099655151367,-0.126003697514534,0.6124568581581116
158,5.266666666666667,0.5130726099014282,0.11376660317182541,-0.1506819874048233,0.9997033476829529,0.5413103103637695,0.16315941512584686,-0.06574808806180954,0.9999815821647644,0.49229317903518677,0.16012707352638245,-0.015379163436591625,0.9998553395271301,0.5530887842178345,0.23040099442005157,-0.11111309379339218,0.9539178609848022,0.4823428988456726,0.2045825570821762,-0.020784668624401093,0.6009230613708496,0.5217456221580505,0.2221682369709015,-0.21290500462055206,0.9410251975059509,0.4868260324001312,0.24940599501132965,-0.10086341947317123,0.5105952620506287,0.5274497270584106,0.2855069637298584,-0.007889238186180592,0.9998793601989746,0.5005664229393005,0.2837207019329071,0.00782584398984909,0.9997555613517761,0.5207517147064209,0.3782762885093689,0.03431866317987442,0.6589231491088867,0.5031113624572754,0.37590837478637695,-0.0642339438199997,0.712393045425415,0.5181268453598022,0.41056251525878906,0.23148123919963837,0.6202138066291809,0.5057008266448975,0.4821093678474426,-0.07399095594882965,0.6374845504760742,0.513827919960022,0.44475582242012024,0.21737007796764374,0.6355335712432861,0.5008370876312256,0.4937617778778076,-0.15609818696975708,0.6382501125335693
159,5.3,0.5127008557319641,0.11391700059175491,-0.15438207983970642,0.999721884727478,0.5410609245300293,0.16375832259655,-0.06860865652561188,0.9999830722808838,0.4923374652862549,0.16165342926979065,-0.01646694354712963,0.9998685121536255,0.5530752539634705,0.23134201765060425,-0.1141304150223732,0.9567592144012451,0.4823126196861267,0.20544764399528503,-0.020656948909163475,0.5875725150108337,0.5217088460922241,0.22484828531742096,-0.21594710648059845,0.9427951574325562,0.486328661441803,0.25042882561683655,-0.10058432817459106,0.48428210616111755,0.527462363243103,0.2870784401893616,-0.007774568162858486,0.999889075756073,0.5005357265472412,0.2857261896133423,0.007712407968938351,0.9997789859771729,0.5202843546867371,0.38311538100242615,0.029736557975411415,0.6087442636489868,0.5026164054870605,0.3785252869129181,-0.07226475328207016,0.725616455078125,0.5180357694625854,0.40985924005508423,0.2228650599718094,0.5593954920768738,0.5057650804519653,0.48412764072418213,-0.08379589766263962,0.6635215282440186,0.5137709379196167,0.4472692608833313,0.20598280429840088,0.5743335485458374,0.5004924535751343,0.4946539103984833,-0.16747672855854034,0.662182092666626
160,5.333333333333333,0.5126680135726929,0.11379972845315933,-0.13752010464668274,0.9997376203536987,0.5409470796585083,0.1637401431798935,-0.05677302926778793,0.9999843239784241,0.49255427718162537,0.16179265081882477,-0.0033888122998178005,0.9998804330825806,0.5530655980110168,0.2314574122428894,-0.10373260825872421,0.9590069651603699,0.48251670598983765,0.20443490147590637,-0.010755396448075771,0.5711519718170166,0.5217116475105286,0.2260088175535202,-0.20364944636821747,0.9430975317955017,0.48635220527648926,0.2519213855266571,-0.09089496731758118,0.4587365686893463,0.5274783372879028,0.2872864603996277,-0.007725869305431843,0.9998981952667236,0.5005511045455933,0.28621214628219604,0.007665811572223902,0.9998002648353577,0.5203554034233093,0.38405364751815796,0.02930242195725441,0.5625612735748291,0.502510666847229,0.3791157305240631,-0.07476839423179626,0.7372023463249207,0.5179523229598999,0.4097081422805786,0.22343137860298157,0.5044988393783569,0.5057651996612549,0.4845358431339264,-0.08753225207328796,0.6860642433166504,0.5130811929702759,0.4467293918132782,0.20799455046653748,0.5189271569252014,0.5004161596298218,0.4943964183330536,-0.17133350670337677,0.6824000477790833
161,5.366666666666666,0.5102625489234924,0.12385298311710358,-0.10844923555850983,0.9997494220733643,0.5395666360855103,0.17524965107440948,-0.02054153010249138,0.9999851584434509,0.49059468507766724,0.1800849735736847,0.002783742733299732,0.9998887777328491,0.5514358282089233,0.2412429004907608,-0.03572014719247818,0.958586573600769,0.48299580812454224,0.23569948971271515,-0.05004795268177986,0.5407617688179016,0.5211478471755981,0.25158607959747314,-0.11564354598522186,0.9427359104156494,0.49054965376853943,0.26359373331069946,-0.17989353835582733,0.43997955322265625,0.5261870622634888,0.30603164434432983,-0.00458834134042263,0.9999074339866638,0.4981824457645416,0.30705416202545166,0.004495595581829548,0.9998197555541992,0.5197882056236267,0.4119338095188141,-0.02163754031062126,0.5567126274108887,0.5027512311935425,0.416069358587265,-0.01378200389444828,0.7473462820053101,0.5177016854286194,0.37756258249282837,0.1931537389755249,0.45576441287994385,0.5089192390441895,0.5187347531318665,0.036778826266527176,0.7057668566703796,0.5110461711883545,0.3882359266281128,0.20124289393424988,0.47081637382507324,0.5030285716056824,0.5395950078964233,-0.018788132816553116,0.6905348300933838
162,5.4,0.5098323822021484,0.12577885389328003,-0.09244446456432343,0.9997541904449463,0.5388538241386414,0.17712998390197754,-0.004447865299880505,0.9999845623970032,0.4902907907962799,0.18117152154445648,0.0058499653823673725,0.9998946785926819,0.5508260130882263,0.24347957968711853,-0.015071061439812183,0.9474918246269226,0.4847750663757324,0.2312539666891098,-0.0733000710606575,0.541010320186615,0.5212619304656982,0.2561191916465759,-0.07972697913646698,0.9327265024185181,0.5113531947135925,0.20091843605041504,-0.2006188929080963,0.48047909140586853,0.5255614519119263,0.3086020052433014,-0.003055764827877283,0.9999141097068787,0.4978958070278168,0.3087669014930725,0.0029427402187138796,0.9998366236686707,0.5198366641998291,0.41389358043670654,-0.02526049315929413,0.5160967707633972,0.5029411911964417,0.417127788066864,-0.01690349355340004,0.723247766494751,0.5177562832832336,0.37841758131980896,0.1837942749261856,0.4108496308326721,0.510189950466156,0.5213509202003479,0.02739904448390007,0.7052986025810242,0.5113911628723145,0.3942728638648987,0.19646528363227844,0.425255686044693,0.503239631652832,0.5437842607498169,-0.023584337905049324,0.6743496656417847
163,5.433333333333334,0.509727954864502,0.12788093090057373,-0.11160768568515778,0.9997715353965759,0.5385701656341553,0.17614036798477173,-0.02051413804292679,0.9999851584434509,0.4903407692909241,0.1831127107143402,0.0006692703464068472,0.9999022483825684,0.5507489442825317,0.24213097989559174,-0.03197791427373886,0.9443928003311157,0.48450809717178345,0.23882947862148285,-0.06261470168828964,0.5316737294197083,0.5214198231697083,0.25739166140556335,-0.10234023630619049,0.924318253993988,0.5042946338653564,0.2368217408657074,-0.19132262468338013,0.48344096541404724,0.5254076719284058,0.306827187538147,-0.0031623258255422115,0.9999211430549622,0.49793729186058044,0.3071913719177246,0.003058631205931306,0.9998522400856018,0.5199947953224182,0.409962922334671,-0.02054016664624214,0.4964676797389984,0.5031213760375977,0.4138164520263672,-0.02286357618868351,0.7235007882118225,0.5175052881240845,0.39021724462509155,0.18953187763690948,0.3710710108280182,0.5107855200767517,0.5214577317237854,0.015490037389099598,0.7163076400756836,0.5096772909164429,0.40961286425590515,0.196588933467865,0.3851621150970459,0.5045579075813293,0.5442221164703369,-0.04279119521379471,0.6751432418823242
164,5.466666666666667,0.509219765663147,0.13344323635101318,-0.11381258815526962,0.9997925162315369,0.5375727415084839,0.18429188430309296,-0.023132527247071266,0.9999858736991882,0.4892725944519043,0.1937965601682663,0.005277560092508793,0.999911367893219,0.5503289103507996,0.24883821606636047,-0.03636280819773674,0.94645756483078,0.4824469983577728,0.2523815929889679,-0.01666322536766529,0.5691657066345215,0.5253991484642029,0.2718089818954468,-0.12187758833169937,0.9275943040847778,0.4916169047355652,0.2927415072917938,-0.12013955414295197,0.5299498438835144,0.5252938270568848,0.31720060110092163,-0.006903217174112797,0.9999281764030457,0.4974009096622467,0.3180273175239563,0.006754734553396702,0.9998667240142822,0.518304705619812,0.42264479398727417,-0.041032761335372925,0.5124685168266296,0.5027390718460083,0.4238324761390686,0.003162732347846031,0.7380375862121582,0.5178714990615845,0.38680681586265564,0.1841808408498764,0.33608564734458923,0.5119978189468384,0.5251696109771729,0.05678460747003555,0.7310083508491516,0.5112663507461548,0.3956742286682129,0.1825503408908844,0.3509572744369507,0.5045502185821533,0.5471893548965454,0.01766878552734852,0.6837249398231506
165,5.5,0.5091620683670044,0.1352798342704773,-0.12368025630712509,0.9998098611831665,0.537075400352478,0.18481460213661194,-0.03488118574023247,0.9999866485595703,0.48931884765625,0.19410084187984467,0.006306011229753494,0.999918520450592,0.5501951575279236,0.25008949637413025,-0.04914785176515579,0.9491410851478577,0.48151955008506775,0.25136080384254456,-0.007211396936327219,0.5822920203208923,0.5253697633743286,0.2747567594051361,-0.12398364394903183,0.9299031496047974,0.48841172456741333,0.2962312400341034,-0.10274305194616318,0.5437307953834534,0.5251079201698303,0.3183375597000122,-0.012666292488574982,0.9999342560768127,0.4971865713596344,0.3175092339515686,0.012522466480731964,0.9998795986175537,0.5176730751991272,0.4234531819820404,-0.04090029001235962,0.5220928192138672,0.5024762153625488,0.4232991635799408,0.003780826460570097,0.7494283318519592,0.5182774066925049,0.384858101606369,0.17399367690086365,0.304438978433609,0.5125742554664612,0.5263673663139343,0.052149929106235504,0.745539128780365,0.5114176273345947,0.395053893327713,0.18304917216300964,0.31948763132095337,0.5040860176086426,0.5488662123680115,0.011184660717844963,0.6921368837356567
166,5.533333333333333,0.5090751647949219,0.13583078980445862,-0.13069874048233032,0.9998264908790588,0.5369089841842651,0.1850893646478653,-0.05067744851112366,0.9999874234199524,0.48936566710472107,0.19451592862606049,-4.839938264922239e-05,0.9999256134033203,0.5498241186141968,0.2501983940601349,-0.059595994651317596,0.9524338841438293,0.48068028688430786,0.2526892125606537,-0.007106324192136526,0.6070936918258667,0.5252636671066284,0.27625614404678345,-0.13620750606060028,0.933800995349884,0.4870201051235199,0.2968766391277313,-0.09563268721103668,0.5743092894554138,0.5249515771865845,0.3185898959636688,-0.015361784026026726,0.9999398589134216,0.4971259534358978,0.3177588880062103,0.015221704728901386,0.9998912811279297,0.5173935294151306,0.4240722954273224,-0.04137132689356804,0.5445675253868103,0.5022803544998169,0.424020379781723,0.006273114588111639,0.7660015821456909,0.5187298059463501,0.38563239574432373,0.17107883095741272,0.2778429687023163,0.5130067467689514,0.526324450969696,0.0589749813079834,0.7633587121963501,0.5115669965744019,0.39466720819473267,0.18148714303970337,0.2944357395172119,0.5038116574287415,0.5488145351409912,0.020361876115202904,0.7081227898597717
167,5.566666666666666,0.5090084671974182,0.13565219938755035,-0.1283414363861084,0.9998404383659363,0.5366034507751465,0.18509402871131897,-0.051401447504758835,0.9999881386756897,0.48947373032569885,0.19386345148086548,0.012209698557853699,0.9999319314956665,0.5497724413871765,0.2500680685043335,-0.061369769275188446,0.9550731778144836,0.48009878396987915,0.2496408224105835,0.00911604706197977,0.6192876100540161,0.5246477723121643,0.2769886553287506,-0.1321275383234024,0.9364071488380432,0.48630958795547485,0.2953488528728485,-0.08161627501249313,0.594518780708313,0.5247219800949097,0.31866392493247986,-0.018792899325489998,0.9999448657035828,0.4969053864479065,0.31713199615478516,0.01865331456065178,0.9999017715454102,0.5171621441841125,0.4246368706226349,-0.04540996998548508,0.5603224635124207,0.5019881129264832,0.4241020679473877,0.010732809081673622,0.7784903645515442,0.5188749432563782,0.3861020803451538,0.16225767135620117,0.25328537821769714,0.5131450891494751,0.526343047618866,0.06473679840564728,0.7778419256210327,0.511117160320282,0.390213280916214,0.1760384738445282,0.2709277868270874,0.5033777952194214,0.5491709113121033,0.02620474062860012,0.7200632095336914
168,5.6,0.5086551904678345,0.13540199398994446,-0.157510906457901,0.9998540282249451,0.5363550186157227,0.18524841964244843,-0.07367686927318573,0.999988853931427,0.48940497636795044,0.1955808699131012,-0.006689908914268017,0.9999377727508545,0.5495514273643494,0.2506505846977234,-0.08835090696811676,0.9584536552429199,0.47923651337623596,0.25558915734291077,-0.0013820233289152384,0.6447691917419434,0.5237230062484741,0.2776910960674286,-0.1707581877708435,0.9410734176635742,0.48589468002319336,0.30013301968574524,-0.09946393221616745,0.6258858442306519,0.5245664715766907,0.31854191422462463,-0.019129522144794464,0.9999492168426514,0.4968351423740387,0.3174842298030853,0.019001130014657974,0.9999111294746399,0.5169802904129028,0.4243354797363281,-0.045627396553754807,0.579943060874939,0.5018249750137329,0.424696147441864,0.011677778325974941,0.7914591431617737,0.5188888311386108,0.38786613941192627,0.16767361760139465,0.2316596359014511,0.513175368309021,0.5260612368583679,0.07677650451660156,0.7915591597557068,0.5106701254844666,0.39552661776542664,0.18476521968841553,0.2507207691669464,0.5031874179840088,0.5487558841705322,0.037190087139606476,0.7324466705322266
169,5.633333333333334,0.5087615251541138,0.1388121098279953,-0.17184647917747498,0.9998647570610046,0.5360780954360962,0.18866227567195892,-0.08725974708795547,0.9999893307685852,0.48933663964271545,0.19944928586483002,-0.02903177961707115,0.9999417066574097,0.5495961904525757,0.2540513277053833,-0.10348125547170639,0.9621351361274719,0.4793194830417633,0.2580983638763428,-0.04091053456068039,0.6765947341918945,0.5252097845077515,0.28565698862075806,-0.18406033515930176,0.9457199573516846,0.48412156105041504,0.30021366477012634,-0.13091203570365906,0.657818078994751,0.5238583087921143,0.3206263482570648,-0.02160569280385971,0.9999536275863647,0.4967879354953766,0.3203757107257843,0.02148105949163437,0.9999194741249084,0.5102784037590027,0.41222816705703735,-0.12797769904136658,0.6214457750320435,0.50149005651474,0.4224615693092346,0.019291317090392113,0.8107302784919739,0.5196824073791504,0.4284715950489044,0.06421065330505371,0.2812330722808838,0.5147184729576111,0.5217565298080444,0.0856270119547844,0.811600387096405,0.5214235186576843,0.4820878207683563,0.05699016898870468,0.30000320076942444,0.5032516717910767,0.548344612121582,0.0368601493537426,0.7574183344841003
170,5.666666666666667,0.5086649656295776,0.13965103030204773,-0.17776605486869812,0.9998713135719299,0.5360544919967651,0.18981511890888214,-0.09128265827894211,0.9999897480010986,0.48930448293685913,0.20031483471393585,-0.034201912581920624,0.9999440312385559,0.5495690703392029,0.2545646131038666,-0.10408802330493927,0.9653898477554321,0.47937026619911194,0.25721362233161926,-0.046543288975954056,0.7028881907463074,0.5264049768447876,0.28642913699150085,-0.18120822310447693,0.9496946930885315,0.4839661121368408,0.30099615454673767,-0.1330336034297943,0.6773432493209839,0.5235636234283447,0.32042330503463745,-0.021700235083699226,0.9999576210975647,0.4967227876186371,0.32032060623168945,0.02157704159617424,0.9999269247055054,0.5090831518173218,0.40701431035995483,-0.13339510560035706,0.6587414741516113,0.5013290643692017,0.4220668077468872,0.01799982786178589,0.8278988003730774,0.5201764702796936,0.43325433135032654,0.06054345518350601,0.3247833549976349,0.5152111053466797,0.5203558802604675,0.08743526041507721,0.8296173810958862,0.5235471129417419,0.4872606098651886,0.05096902325749397,0.3421071767807007,0.5032811164855957,0.5481071472167969,0.03679385781288147,0.7797034382820129
171,5.7,0.5086069703102112,0.1404004693031311,-0.18008890748023987,0.9998757839202881,0.5360252857208252,0.19039705395698547,-0.09325722604990005,0.9999901056289673,0.4893415570259094,0.20048077404499054,-0.03296530619263649,0.9999457001686096,0.549411416053772,0.2546408772468567,-0.10824332386255264,0.9682171940803528,0.47941726446151733,0.2561785578727722,-0.04273386672139168,0.7238574624061584,0.5273436903953552,0.28580787777900696,-0.18769803643226624,0.9529877305030823,0.48434361815452576,0.30156588554382324,-0.12797659635543823,0.6880464553833008,0.5232925415039062,0.3202454745769501,-0.022507285699248314,0.9999611973762512,0.49666827917099,0.3199520409107208,0.022385772317647934,0.999933660030365,0.508851945400238,0.4051896035671234,-0.12912818789482117,0.6922383308410645,0.5013260841369629,0.42175862193107605,0.01833237148821354,0.8433584570884705,0.5205428600311279,0.4338967204093933,0.06405128538608551,0.36531126499176025,0.5154111981391907,0.5197884440422058,0.08830691874027252,0.8458685278892517,0.5238479971885681,0.4880139231681824,0.05364380404353142,0.3809422552585602,0.5032739639282227,0.5483591556549072,0.0373966321349144,0.7998325824737549
172,5.733333333333333,0.5087321996688843,0.14025112986564636,-0.15937267243862152,0.9998829364776611,0.5361692905426025,0.19078856706619263,-0.07346782088279724,0.9999904036521912,0.48947960138320923,0.19910630583763123,-0.016788749024271965,0.9999433755874634,0.5494281053543091,0.2537922263145447,-0.10026799142360687,0.9704275131225586,0.48119649291038513,0.2545992434024811,-0.047997184097766876,0.7280502319335938,0.5302566289901733,0.2871948778629303,-0.1846010386943817,0.9550692439079285,0.4847429692745209,0.298056960105896,-0.16027972102165222,0.6739603281021118,0.5230997204780579,0.3190154433250427,-0.022585470229387283,0.9999632835388184,0.49668368697166443,0.3186441659927368,0.022467395290732384,0.9999375939369202,0.5063186883926392,0.3955881893634796,-0.16821028292179108,0.7221376299858093,0.5005905032157898,0.4138300120830536,-0.004896876402199268,0.8509755730628967,0.518402636051178,0.46953102946281433,-0.06286677718162537,0.42021703720092773,0.5151211023330688,0.5161693096160889,0.05760490149259567,0.8587598204612732,0.5201413035392761,0.5112282633781433,-0.11932399123907089,0.435064435005188,0.5036269426345825,0.546714186668396,-0.012152930721640587,0.8160621523857117
173,5.766666666666667,0.508873462677002,0.14014822244644165,-0.15591725707054138,0.9998900294303894,0.5362316370010376,0.1908784806728363,-0.07016468048095703,0.999990701675415,0.48959070444107056,0.19841761887073517,-0.013179789297282696,0.9999418258666992,0.5494389533996582,0.2534371018409729,-0.09639719128608704,0.9724684357643127,0.48230475187301636,0.24935758113861084,-0.052066266536712646,0.7325176000595093,0.5307299494743347,0.28812098503112793,-0.17346177995204926,0.9570891857147217,0.48453348875045776,0.2970857620239258,-0.17077317833900452,0.665908932685852,0.5229494571685791,0.3182763457298279,-0.022952605038881302,0.9999651312828064,0.4966896176338196,0.3179641366004944,0.022839002311229706,0.9999410510063171,0.5057235956192017,0.39341381192207336,-0.17096219956874847,0.7490567564964294,0.5001894235610962,0.41068893671035767,-0.010203479789197445,0.8574678301811218,0.5174568891525269,0.4730638861656189,-0.06407854706048965,0.46933186054229736,0.5148216485977173,0.5139490962028503,0.05115813761949539,0.8703045845031738,0.5180482864379883,0.5137453675270081,-0.12137143313884735,0.483686625957489,0.5038939714431763,0.5459128618240356,-0.01830713264644146,0.8306834697723389
174,5.8,0.5099058747291565,0.13961021602153778,-0.16906464099884033,0.9998944401741028,0.5365482568740845,0.19119974970817566,-0.07093857228755951,0.9999908208847046,0.4884103834629059,0.19764921069145203,-0.033950913697481155,0.9999392032623291,0.5514006614685059,0.25380027294158936,-0.08332662284374237,0.9720126390457153,0.4818110466003418,0.24958936870098114,-0.08333659917116165,0.7307132482528687,0.5328823328018188,0.28587138652801514,-0.1562485247850418,0.9532872438430786,0.47952786087989807,0.27226144075393677,-0.21096329391002655,0.6573975682258606,0.522083044052124,0.31784218549728394,-0.019683606922626495,0.9999651312828064,0.49596914649009705,0.3175356686115265,0.019562790170311928,0.9999412894248962,0.5043798685073853,0.3910084664821625,-0.1746124029159546,0.7711103558540344,0.5002421140670776,0.4100472629070282,-0.013368736021220684,0.8440861701965332,0.5137778520584106,0.48518362641334534,-0.08464042842388153,0.49395519495010376,0.5120733976364136,0.5140843987464905,0.04022654518485069,0.8726417422294617,0.5151041746139526,0.5230222940444946,-0.14493167400360107,0.5109617114067078,0.5037118792533875,0.5451712012290955,-0.03144318610429764,0.8325372338294983
175,5.833333333333333,0.5103737711906433,0.1393202692270279,-0.1796957105398178,0.9998979568481445,0.5369011163711548,0.19163468480110168,-0.07626484334468842,0.9999908208847046,0.48790162801742554,0.19721004366874695,-0.04332631081342697,0.9999348521232605,0.5522016286849976,0.25447511672973633,-0.08310073614120483,0.9717594385147095,0.4813663065433502,0.2500948905944824,-0.10203234851360321,0.7260202169418335,0.5330904722213745,0.285402774810791,-0.15419964492321014,0.9499838352203369,0.48017024993896484,0.26550814509391785,-0.24139758944511414,0.648360550403595,0.5216696262359619,0.31760287284851074,-0.018422093242406845,0.9999644756317139,0.49549761414527893,0.3172050714492798,0.018307138234376907,0.999940037727356,0.5043965578079224,0.3916166424751282,-0.17188088595867157,0.7898997664451599,0.5002568960189819,0.40983855724334717,-0.012190792709589005,0.8223445415496826,0.5123436450958252,0.48705533146858215,-0.07513517886400223,0.5114085078239441,0.510604739189148,0.5140916705131531,0.045499302446842194,0.8713525533676147,0.5136736631393433,0.5244710445404053,-0.13601090013980865,0.5313709378242493,0.5033038854598999,0.5449898838996887,-0.02471868321299553,0.8307124972343445
176,5.866666666666666,0.5105873942375183,0.13916003704071045,-0.17706313729286194,0.9998980760574341,0.537217378616333,0.1919221729040146,-0.07575763761997223,0.9999905228614807,0.48768195509910583,0.19706991314888,-0.04536876082420349,0.9999275803565979,0.5525774955749512,0.25470343232154846,-0.07616294920444489,0.9711805582046509,0.4812893271446228,0.25068265199661255,-0.10720866918563843,0.7215569615364075,0.5332841277122498,0.28491219878196716,-0.14681699872016907,0.9469254016876221,0.4804196357727051,0.26292482018470764,-0.2471589297056198,0.6385077238082886,0.5215229988098145,0.31749171018600464,-0.014972840435802937,0.9999634027481079,0.49523991346359253,0.31701573729515076,0.014859737828373909,0.9999378323554993,0.505011260509491,0.39134398102760315,-0.16901151835918427,0.8069518804550171,0.500322163105011,0.40947631001472473,-0.015321793965995312,0.8039941191673279,0.5121055841445923,0.4887332618236542,-0.07015958428382874,0.5284410715103149,0.5099109411239624,0.5140072703361511,0.044398222118616104,0.8709620833396912,0.5134432315826416,0.5252197980880737,-0.13214541971683502,0.550716757774353,0.5029275417327881,0.5448694229125977,-0.028714120388031006,0.8294897079467773
177,5.9,0.5117284059524536,0.14021699130535126,-0.0949249416589737,0.9998937845230103,0.5371443629264832,0.19345831871032715,-0.02937391772866249,0.9999895691871643,0.48779258131980896,0.1935240626335144,0.026239927858114243,0.9998597502708435,0.5509135723114014,0.25650325417518616,-0.06754949688911438,0.9705237150192261,0.4765172004699707,0.24468396604061127,-0.01701033115386963,0.6894152164459229,0.5303269624710083,0.27862274646759033,-0.15185114741325378,0.9502124786376953,0.47127851843833923,0.23157106339931488,-0.1406964212656021,0.6413360834121704,0.5184362530708313,0.32338497042655945,-0.015065954998135567,0.9999574422836304,0.49378055334091187,0.32209715247154236,0.014993757009506226,0.9999061226844788,0.5084277391433716,0.42171138525009155,-0.04025376960635185,0.8198663592338562,0.4987758696079254,0.42746615409851074,-0.027164166793227196,0.8029608726501465,0.5109230279922485,0.5277134776115417,0.01866735890507698,0.5707024931907654,0.5098427534103394,0.4496687054634094,0.15568675100803375,0.8239739537239075,0.5069296956062317,0.5636129379272461,-0.11720391362905502,0.5885936617851257,0.5070641040802002,0.49976852536201477,0.15347908437252045,0.7893521189689636
178,5.933333333333334,0.5123685598373413,0.1407136768102646,-0.09741785377264023,0.9998942017555237,0.5369607210159302,0.1939883530139923,-0.02575685642659664,0.99998939037323,0.4878633916378021,0.19175158441066742,0.022729534655809402,0.9997520446777344,0.5501335859298706,0.2572067379951477,-0.06168511509895325,0.9718321561813354,0.47624149918556213,0.23922592401504517,0.008626056835055351,0.6473201513290405,0.5302800536155701,0.27507057785987854,-0.15416203439235687,0.953991174697876,0.47178277373313904,0.2477782964706421,-0.075281523168087,0.593320369720459,0.5173105001449585,0.3259614408016205,-0.014457261189818382,0.9999512434005737,0.4928184151649475,0.3243638873100281,0.014396781101822853,0.9998663067817688,0.5114644765853882,0.42803627252578735,-0.0312839038670063,0.8293665647506714,0.49890008568763733,0.4307539761066437,-0.030678626149892807,0.7906185984611511,0.5105908513069153,0.5319000482559204,0.0244857557117939,0.6080626845359802,0.5095959305763245,0.45074033737182617,0.1368052065372467,0.773872971534729,0.5063095092773438,0.5664467215538025,-0.060052353888750076,0.6216514706611633,0.5066310167312622,0.5004280209541321,0.1269269436597824,0.7471056580543518
179,5.966666666666667,0.5127021074295044,0.14099857211112976,-0.09624436497688293,0.9998993873596191,0.5367410182952881,0.19439633190631866,-0.028995031490921974,0.9999891519546509,0.48790836334228516,0.19067266583442688,0.02793700620532036,0.9997327923774719,0.5498858690261841,0.2579338550567627,-0.060462482273578644,0.971119225025177,0.4749367833137512,0.2387332022190094,-0.004122316371649504,0.618953287601471,0.5283552408218384,0.27477753162384033,-0.14463374018669128,0.9550987482070923,0.4694834351539612,0.23173855245113373,-0.11554795503616333,0.58127760887146,0.516829252243042,0.32686883211135864,-0.015111705288290977,0.9999428391456604,0.4923495650291443,0.3252023458480835,0.015066422522068024,0.9998472929000854,0.5120346546173096,0.42638126015663147,-0.04366659000515938,0.8179072737693787,0.49902182817459106,0.4305970072746277,-0.027682164683938026,0.7435948252677917,0.5105123519897461,0.527550995349884,0.02067757211625576,0.6210299730300903,0.5099876523017883,0.48888999223709106,0.10557107627391815,0.7211757898330688,0.5058897733688354,0.5639677047729492,-0.047849737107753754,0.6343140602111816,0.506625235080719,0.5285896062850952,0.07219351828098297,0.7028735280036926
180,6.0,0.5127562284469604,0.1441185474395752,-0.07178474962711334,0.9998563528060913,0.5367342233657837,0.19910921156406403,-0.01841525174677372,0.9999840259552002,0.48850178718566895,0.19173969328403473,0.04902190715074539,0.9996817111968994,0.5396233797073364,0.25820934772491455,-0.06382755190134048,0.9551680684089661,0.47034305334091187,0.2454710602760315,0.00430625956505537,0.5906995534896851,0.5081509947776794,0.26160427927970886,-0.1490783989429474,0.9475424885749817,0.4669416546821594,0.2219679057598114,-0.12902840971946716,0.5955374240875244,0.5165622234344482,0.3315471410751343,-0.015237674117088318,0.9999375939369202,0.4909680485725403,0.32702749967575073,0.015183296985924244,0.9998250007629395,0.512334942817688,0.4400295615196228,-0.019191419705748558,0.8120366334915161,0.48962274193763733,0.4389444887638092,-0.02252819575369358,0.7054807543754578,0.509103000164032,0.5462833642959595,0.04407787322998047,0.6409854888916016,0.5041785836219788,0.41674354672431946,0.17775453627109528,0.6531787514686584,0.5041950941085815,0.5767483115196228,-0.015708815306425095,0.6460909843444824,0.5049468874931335,0.4432710111141205,0.18612231314182281,0.6388570070266724
181,6.033333333333333,0.512705385684967,0.14530421793460846,-0.06998854875564575,0.9998148679733276,0.5368775725364685,0.20108678936958313,-0.019078725948929787,0.9999793171882629,0.4889707565307617,0.19256466627120972,0.050501734018325806,0.9996321201324463,0.5365040302276611,0.25894537568092346,-0.06356021016836166,0.9393961429595947,0.46945467591285706,0.2482912689447403,0.0069193304516375065,0.5637855529785156,0.5052145719528198,0.25982850790023804,-0.14762753248214722,0.9398425817489624,0.4667690396308899,0.22035132348537445,-0.1297709047794342,0.60673588514328,0.516584038734436,0.33420678973197937,-0.015405218116939068,0.9999336004257202,0.49014490842819214,0.32836630940437317,0.015344354324042797,0.9998072385787964,0.5123074650764465,0.4426708519458771,-0.02007935382425785,0.8047869205474854,0.4880094528198242,0.440588116645813,-0.021487433463335037,0.6703057885169983,0.508292555809021,0.5479485392570496,0.04057319462299347,0.6568275690078735,0.5026130676269531,0.42347216606140137,0.17571385204792023,0.5916024446487427,0.5038631558418274,0.578619658946991,-0.016202609986066818,0.6543346643447876,0.5048094987869263,0.443181574344635,0.18554189801216125,0.5806441903114319
182,6.066666666666666,0.5126599073410034,0.14591632783412933,-0.06414730846881866,0.9997680187225342,0.5369455814361572,0.20187312364578247,-0.011719021946191788,0.9999741315841675,0.4893001914024353,0.19288776814937592,0.06012963503599167,0.9995986819267273,0.5357064008712769,0.25935491919517517,-0.058178216218948364,0.9228938817977905,0.4690020978450775,0.24940164387226105,0.014927016571164131,0.5396353602409363,0.5046547651290894,0.2594115436077118,-0.14505226910114288,0.9315307140350342,0.4668254256248474,0.2208119034767151,-0.1268215924501419,0.6211451292037964,0.5166282653808594,0.3346405029296875,-0.015806755051016808,0.9999313950538635,0.4896864891052246,0.3287290930747986,0.015747856348752975,0.999798595905304,0.5122644305229187,0.4433009624481201,-0.02389037050306797,0.8011912107467651,0.4868476390838623,0.4417724609375,-0.02012009173631668,0.6452614068984985,0.5082061290740967,0.5476537942886353,0.04053201526403427,0.6737041473388672,0.503909707069397,0.4177134335041046,0.1805098056793213,0.5382469296455383,0.5035935640335083,0.5779982805252075,-0.01792217418551445,0.6654553413391113,0.507212221622467,0.446382999420166,0.18671591579914093,0.5308364629745483
183,6.1,0.5126582384109497,0.1459399163722992,-0.06352528929710388,0.9997196197509766,0.5369539856910706,0.20175576210021973,-0.013102504424750805,0.9999690651893616,0.4895176291465759,0.1929309368133545,0.06170409917831421,0.9995657205581665,0.535451352596283,0.25973623991012573,-0.055826593190431595,0.9056193828582764,0.46893510222435,0.2501107454299927,0.019686220213770866,0.5159483551979065,0.5031282305717468,0.25939688086509705,-0.13659349083900452,0.9192702770233154,0.4666524827480316,0.22184056043624878,-0.11963953077793121,0.6312999725341797,0.5166281461715698,0.3341157138347626,-0.016349496319890022,0.9999280571937561,0.4893721640110016,0.32814162969589233,0.01628912426531315,0.9997878670692444,0.5124483704566956,0.44412681460380554,-0.022712931036949158,0.7916786670684814,0.4865747392177582,0.44184252619743347,-0.019739490002393723,0.6107505559921265,0.5085651874542236,0.5468505024909973,0.04256129264831543,0.6823490262031555,0.5046187043190002,0.4167758524417877,0.17965936660766602,0.48772796988487244,0.5036176443099976,0.5776892304420471,-0.01504797488451004,0.6668161153793335,0.5069955587387085,0.44487521052360535,0.18611125648021698,0.48267862200737
184,6.133333333333334,0.5126553773880005,0.14605361223220825,-0.06731684505939484,0.9996895790100098,0.5370154976844788,0.2019800841808319,-0.015809133648872375,0.9999648332595825,0.48967844247817993,0.19302138686180115,0.05769389867782593,0.9995395541191101,0.5351216793060303,0.2601727247238159,-0.05572336167097092,0.890234112739563,0.4690321087837219,0.2506474554538727,0.016914991661906242,0.4955924451351166,0.5029205679893494,0.25900334119796753,-0.13345327973365784,0.9088629484176636,0.4669247567653656,0.22258445620536804,-0.12029459327459335,0.6396136283874512,0.5166112780570984,0.3338596224784851,-0.016506517305970192,0.9999255537986755,0.4892040193080902,0.3277781009674072,0.016446428373456,0.9997801780700684,0.5124953985214233,0.4431917071342468,-0.021067937836050987,0.7859470844268799,0.4865778088569641,0.4420652687549591,-0.019167469814419746,0.5832007527351379,0.5087267160415649,0.5461934208869934,0.04099753499031067,0.6932514905929565,0.5048525929450989,0.41726285219192505,0.17638522386550903,0.44281184673309326,0.5037268400192261,0.5769304633140564,-0.015899673104286194,0.6717802286148071,0.5068779587745667,0.4454256594181061,0.18330183625221252,0.4401390850543976
185,6.166666666666667,0.5129634141921997,0.14644359052181244,-0.05333705618977547,0.9992297291755676,0.5374586582183838,0.20256689190864563,-0.01094886101782322,0.9999004602432251,0.49166035652160645,0.19553419947624207,0.05985419824719429,0.9993684887886047,0.5259352922439575,0.2452733814716339,-0.08830603212118149,0.8164075016975403,0.47368377447128296,0.2506100833415985,0.01733594574034214,0.45634832978248596,0.5163049101829529,0.24537135660648346,-0.21269354224205017,0.8384591341018677,0.46737995743751526,0.22126419842243195,-0.11527611315250397,0.6223078966140747,0.5167126059532166,0.33760887384414673,-0.016521155834197998,0.9999197125434875,0.4893213212490082,0.3306177258491516,0.016458507627248764,0.999771773815155,0.512462317943573,0.4529804289340973,-0.02216257154941559,0.763460099697113,0.48441481590270996,0.4404788911342621,-0.024440128356218338,0.5532947182655334,0.5075477361679077,0.5488474369049072,0.04863521084189415,0.6864096522331238,0.495414674282074,0.4110596477985382,0.17626848816871643,0.40052226185798645,0.5033099055290222,0.5786423087120056,-0.005540083162486553,0.6532099843025208,0.49580660462379456,0.425393670797348,0.18975785374641418,0.3987463712692261
186,6.2,0.5133928060531616,0.14719873666763306,-0.056204717606306076,0.9988176226615906,0.537730872631073,0.20385798811912537,-0.010559667833149433,0.9998319149017334,0.4924863874912262,0.19712083041667938,0.05579284578561783,0.9992135167121887,0.523472011089325,0.24289092421531677,-0.08913401514291763,0.7476239800453186,0.4754038453102112,0.25041794776916504,0.013187619857490063,0.42119577527046204,0.5202075242996216,0.23840321600437164,-0.2124231606721878,0.7718680500984192,0.4679202437400818,0.22220486402511597,-0.11843806505203247,0.6066213250160217,0.5167548656463623,0.3390623927116394,-0.016144603490829468,0.9999129176139832,0.48930540680885315,0.33190983533859253,0.01607951708137989,0.9997618794441223,0.5124133825302124,0.45507654547691345,-0.019282974302768707,0.7422872185707092,0.4838436245918274,0.439725786447525,-0.025538170710206032,0.5247326493263245,0.506981611251831,0.5500228404998779,0.048082295805215836,0.6805881261825562,0.49335598945617676,0.4089492857456207,0.1742396056652069,0.3622841536998749,0.503396213054657,0.5791168212890625,-0.006318783853203058,0.6364953517913818,0.49334731698036194,0.4210960268974304,0.18796667456626892,0.36125561594963074
187,6.233333333333333,0.5136731863021851,0.14848358929157257,-0.05930232256650925,0.9985470175743103,0.5378413200378418,0.2051292061805725,-0.012865154072642326,0.9997789263725281,0.4930572509765625,0.197458416223526,0.052347730845212936,0.9990727305412292,0.5226327776908875,0.2427395135164261,-0.089837446808815,0.6856371760368347,0.47610634565353394,0.2503756284713745,0.00979213509708643,0.38997992873191833,0.5218899250030518,0.2378709614276886,-0.20967607200145721,0.7114521861076355,0.4679962694644928,0.22177797555923462,-0.12100167572498322,0.5896279811859131,0.5168039202690125,0.33956432342529297,-0.015961740165948868,0.9999066591262817,0.4892745912075043,0.332094669342041,0.015895701944828033,0.9997523427009583,0.5123750567436218,0.4554857611656189,-0.018570590764284134,0.7209962606430054,0.48346608877182007,0.43924322724342346,-0.025076040998101234,0.49635833501815796,0.5069050788879395,0.5501607060432434,0.044709473848342896,0.6754377484321594,0.4923291802406311,0.40707075595855713,0.17197437584400177,0.3276771903038025,0.5034537315368652,0.5789215564727783,-0.009872591122984886,0.6222190856933594,0.49231576919555664,0.41812241077423096,0.18537452816963196,0.32737597823143005
188,6.266666666666667,0.5136398077011108,0.14699535071849823,-0.037958890199661255,0.9986638426780701,0.5354200005531311,0.19566009938716888,-0.03169211000204086,0.9997952580451965,0.4956660270690918,0.1936018019914627,0.07194891571998596,0.9989316463470459,0.5174152851104736,0.21755249798297882,-0.085924431681633,0.7094359993934631,0.48762932419776917,0.24787375330924988,0.03914576396346092,0.35893651843070984,0.4823957085609436,0.21291106939315796,-0.11953788995742798,0.7325631380081177,0.47426167130470276,0.22220271825790405,-0.07339420914649963,0.5541135668754578,0.516022264957428,0.336863249540329,-0.02258443646132946,0.9999126195907593,0.48878663778305054,0.32665491104125977,0.022526312619447708,0.9997592568397522,0.5117560625076294,0.45133888721466064,-0.025948116555809975,0.7438475489616394,0.4825912415981293,0.4116058349609375,-0.028775189071893692,0.5091462135314941,0.5066168904304504,0.5505128502845764,0.014671768061816692,0.7021172642707825,0.4913906157016754,0.385349303483963,0.1710505336523056,0.3002558648586273,0.5035997033119202,0.5785358548164368,-0.03566034510731697,0.6490734815597534,0.49091488122940063,0.39958491921424866,0.18082237243652344,0.30348968505859375
189,6.3,0.5135477781295776,0.14538607001304626,-0.03912496194243431,0.9987567663192749,0.5345777273178101,0.19280244410037994,-0.038541149348020554,0.9998077154159546,0.496540367603302,0.191885307431221,0.07165466994047165,0.9987741708755493,0.5163027048110962,0.21412713825702667,-0.08390779793262482,0.7299782037734985,0.48918238282203674,0.24606853723526,0.040104467421770096,0.33045244216918945,0.4794793725013733,0.209235280752182,-0.12030503898859024,0.7500734329223633,0.47578033804893494,0.22189892828464508,-0.07003293931484222,0.5224404335021973,0.5157396793365479,0.3352571129798889,-0.02428297884762287,0.9999182224273682,0.48865842819213867,0.32422399520874023,0.024226631969213486,0.9997677803039551,0.5112687945365906,0.4495723247528076,-0.028756925836205482,0.7646197080612183,0.48231440782546997,0.4072701632976532,-0.03465918451547623,0.5260230898857117,0.5063521862030029,0.550627589225769,0.0159476138651371,0.7263125777244568,0.49286454916000366,0.3894375264644623,0.1576373279094696,0.276615172624588,0.5036929845809937,0.5785297751426697,-0.03336194530129433,0.6733072400093079,0.4912526607513428,0.40002310276031494,0.17510101199150085,0.28334730863571167
190,6.333333333333333,0.5129611492156982,0.13787947595119476,-0.05203670263290405,0.998741626739502,0.5313507318496704,0.18452660739421844,-0.04452944174408913,0.9997674822807312,0.4982280135154724,0.1837424635887146,0.06305059790611267,0.9986883401870728,0.5128458142280579,0.18861891329288483,-0.10558728128671646,0.7377532720565796,0.48613205552101135,0.2192608267068863,0.012431046925485134,0.31369659304618835,0.48697584867477417,0.19440293312072754,-0.13667559623718262,0.738933801651001,0.4870072901248932,0.2220008671283722,-0.10054482519626617,0.5128731727600098,0.5149357318878174,0.323091983795166,-0.0264198686927557,0.999919593334198,0.4889596104621887,0.3142825663089752,0.02636181190609932,0.9997797608375549,0.5107882618904114,0.43000560998916626,-0.041891906410455704,0.7824372053146362,0.48233598470687866,0.36972856521606445,-0.11827874183654785,0.56586754322052,0.5062708258628845,0.5466418862342834,-0.010218202136456966,0.7522746324539185,0.4904854893684387,0.41349709033966064,0.0014691839460283518,0.31933078169822693,0.5032404661178589,0.5765869617462158,-0.07634864002466202,0.7034407258033752,0.48372045159339905,0.45150643587112427,-0.016086073592305183,0.3331078886985779
191,6.366666666666666,0.5125303268432617,0.13650822639465332,-0.05878240615129471,0.9985899925231934,0.5296307802200317,0.18171656131744385,-0.05441398546099663,0.9997158646583557,0.49933290481567383,0.18168312311172485,0.06186410039663315,0.9985306262969971,0.5080609321594238,0.18506154417991638,-0.11609349399805069,0.7421026825904846,0.48557180166244507,0.21728117763996124,0.010207160376012325,0.2930958867073059,0.4856647849082947,0.1916772425174713,-0.14448389410972595,0.7231782078742981,0.4864572584629059,0.22259169816970825,-0.11348321288824081,0.4965567886829376,0.514640748500824,0.31959298253059387,-0.029832903295755386,0.9999204277992249,0.48936232924461365,0.31167712807655334,0.029773810878396034,0.999789834022522,0.5103110671043396,0.42447933554649353,-0.048333968967199326,0.8004657626152039,0.482462078332901,0.3670687675476074,-0.1152837723493576,0.6044924259185791,0.5061928629875183,0.5436302423477173,-0.0076997168362140656,0.7760788202285767,0.4897114634513855,0.4213600158691406,0.0067017413675785065,0.36882394552230835,0.5025272965431213,0.5754753351211548,-0.07490981370210648,0.731146514415741,0.4824461042881012,0.45975416898727417,-0.013182161375880241,0.38485637307167053
192,6.4,0.5121153593063354,0.13472843170166016,-0.06861937046051025,0.9981353878974915,0.5291443467140198,0.18175417184829712,-0.057373981922864914,0.9995775818824768,0.4990905821323395,0.18254896998405457,0.05990514159202576,0.9982321262359619,0.5065544843673706,0.1829620748758316,-0.11288195848464966,0.7293781042098999,0.48181694746017456,0.21516966819763184,0.010226355865597725,0.2728448212146759,0.48719996213912964,0.187515527009964,-0.13485589623451233,0.6844591498374939,0.48721224069595337,0.22142957150936127,-0.10993918031454086,0.4686417579650879,0.5142925977706909,0.31967610120773315,-0.02955867350101471,0.9999158382415771,0.48964738845825195,0.3126327097415924,0.029501378536224365,0.9997938275337219,0.5098018050193787,0.42579397559165955,-0.04525896534323692,0.8115508556365967,0.4827902913093567,0.36577436327934265,-0.131393164396286,0.6367053389549255,0.5060880184173584,0.5423448085784912,7.558120705652982e-05,0.7966664433479309,0.48992419242858887,0.4236100912094116,-0.018595490604639053,0.40793535113334656,0.5025114417076111,0.5748410224914551,-0.06632103025913239,0.7544426321983337,0.4823387563228607,0.4615134298801422,-0.04282684251666069,0.42648908495903015
193,6.433333333333334,0.5110997557640076,0.12034504860639572,-0.09991957247257233,0.9983065724372864,0.5267702341079712,0.16540606319904327,-0.0764637142419815,0.9995937347412109,0.4985538125038147,0.1664983183145523,0.01612330786883831,0.9983380436897278,0.5111048817634583,0.15758700668811798,-0.18679481744766235,0.7476965188980103,0.4806288182735443,0.15558089315891266,-0.08722005784511566,0.2944329082965851,0.4963556230068207,0.1538809984922409,-0.2612704634666443,0.6952627897262573,0.49342209100723267,0.16503819823265076,-0.22490783035755157,0.47254833579063416,0.5135359168052673,0.30826738476753235,-0.02809034287929535,0.9999186396598816,0.4895944595336914,0.3028111457824707,0.02803685888648033,0.9998100996017456,0.5094988346099854,0.3992215096950531,-0.007834398187696934,0.7928438782691956,0.4805259704589844,0.3588316738605499,-0.10222510993480682,0.6634629368782043,0.5145244002342224,0.46547380089759827,0.10460305213928223,0.7768943309783936,0.4877961575984955,0.4473922848701477,-0.048340387642383575,0.453655868768692,0.5080064535140991,0.503036618232727,0.06643303483724594,0.741896390914917,0.47605714201927185,0.47938334941864014,-0.09314440935850143,0.47336211800575256
194,6.466666666666667,0.5107142329216003,0.11753857880830765,-0.09296029061079025,0.9984672665596008,0.5260693430900574,0.16494135558605194,-0.07549265027046204,0.9996136426925659,0.49832600355148315,0.16395695507526398,0.021338891237974167,0.9984708428382874,0.5129530429840088,0.15784962475299835,-0.18203628063201904,0.7667645812034607,0.4799021780490875,0.15062843263149261,-0.07393846660852432,0.3287283778190613,0.5076293349266052,0.1535429060459137,-0.24871595203876495,0.7108519673347473,0.49332165718078613,0.15781627595424652,-0.20604415237903595,0.49767592549324036,0.51334148645401,0.3063499331474304,-0.027143755927681923,0.9999232888221741,0.48966240882873535,0.30195707082748413,0.0270859245210886,0.9998269081115723,0.5093634724617004,0.3953121304512024,-0.007282572332769632,0.7882691025733948,0.47976288199424744,0.35691097378730774,-0.10945309698581696,0.6923726201057434,0.516302227973938,0.4616472125053406,0.10728608071804047,0.7673447132110596,0.4873773455619812,0.4511510729789734,-0.060021720826625824,0.500435471534729,0.5097836256027222,0.49767935276031494,0.07060207426548004,0.7393455505371094,0.4749961793422699,0.48222729563713074,-0.10352601110935211,0.5205140709877014
195,6.5,0.5105058550834656,0.11680411547422409,-0.08564510196447372,0.998613178730011,0.5256556868553162,0.16438506543636322,-0.0694747343659401,0.9996213316917419,0.4986008107662201,0.1638825237751007,0.02776171639561653,0.9985776543617249,0.5125406384468079,0.15730108320713043,-0.15200957655906677,0.7822866439819336,0.4799060821533203,0.1520727425813675,-0.05852609872817993,0.3511846363544464,0.5064934492111206,0.15674977004528046,-0.1931033879518509,0.7168891429901123,0.49361830949783325,0.15644660592079163,-0.18080583214759827,0.5154517292976379,0.5130781531333923,0.30517420172691345,-0.026656299829483032,0.9999255537986755,0.4899040758609772,0.3011794686317444,0.026592236012220383,0.9998405575752258,0.50929856300354,0.3938114643096924,-0.006620708853006363,0.7724692225456238,0.4793153703212738,0.3547784984111786,-0.10503160953521729,0.7141661643981934,0.5165882706642151,0.4613558351993561,0.09856636077165604,0.7503809928894043,0.487393319606781,0.4502924084663391,-0.0633237212896347,0.5349059700965881,0.5102005004882812,0.49781087040901184,0.0664905235171318,0.7282760143280029,0.4745657444000244,0.481662780046463,-0.10298465192317963,0.5582498908042908
196,6.533333333333333,0.5103750824928284,0.11609870195388794,-0.09098832309246063,0.998742938041687,0.5253657102584839,0.16455385088920593,-0.07426051795482635,0.9996335506439209,0.4985378384590149,0.16480205953121185,0.022881653159856796,0.9986808896064758,0.5132103562355042,0.15930750966072083,-0.18053105473518372,0.7981551885604858,0.47978290915489197,0.15298858284950256,-0.07271413505077362,0.3822549879550934,0.5081632733345032,0.1568550020456314,-0.2450953722000122,0.7316938042640686,0.49330711364746094,0.15550261735916138,-0.20360049605369568,0.5387272834777832,0.5130290389060974,0.3044072389602661,-0.026315992698073387,0.999929666519165,0.48998624086380005,0.30067282915115356,0.02625465951859951,0.999854564666748,0.5092712640762329,0.3926449716091156,0.0027609379030764103,0.7684246897697449,0.4792582392692566,0.3555431365966797,-0.1137438639998436,0.7387475371360779,0.5168598890304565,0.45971179008483887,0.11034629493951797,0.7461338043212891,0.4873160719871521,0.45104798674583435,-0.07250723242759705,0.5750963091850281,0.511111319065094,0.4955427944660187,0.07231097668409348,0.7284289598464966,0.4749031066894531,0.4814927875995636,-0.11703795194625854,0.5981189608573914
197,6.566666666666666,0.5102096199989319,0.11588995158672333,-0.08966247737407684,0.9988614916801453,0.5253162980079651,0.16384953260421753,-0.07618729770183563,0.9996515512466431,0.49848514795303345,0.1650247424840927,0.023316355422139168,0.9987810254096985,0.5135446786880493,0.15922865271568298,-0.19194351136684418,0.8145410418510437,0.47958144545555115,0.15296053886413574,-0.07640216499567032,0.4197762906551361,0.5063720941543579,0.15510216355323792,-0.2640569806098938,0.749652087688446,0.49264925718307495,0.15572476387023926,-0.2101527452468872,0.5668924450874329,0.5130795240402222,0.3043130338191986,-0.026460086926817894,0.9999328851699829,0.49026504158973694,0.30031850934028625,0.026398461312055588,0.9998670220375061,0.5092620253562927,0.39305558800697327,0.0035683109890669584,0.7647802829742432,0.4791223406791687,0.35379478335380554,-0.1184036135673523,0.7612818479537964,0.5170007944107056,0.46062028408050537,0.11232583224773407,0.7381857633590698,0.4870641231536865,0.45119136571884155,-0.08000318706035614,0.612142026424408,0.5108849406242371,0.49506115913391113,0.07212898135185242,0.7254236340522766,0.47388285398483276,0.4815502464771271,-0.12675011157989502,0.634705126285553
198,6.6,0.5104728937149048,0.11192435026168823,-0.06678012758493423,0.9989502429962158,0.5253846049308777,0.1569858342409134,-0.05909975618124008,0.9996768832206726,0.4983313977718353,0.16552406549453735,0.06976719945669174,0.9988816380500793,0.5150729417800903,0.1504630148410797,-0.16490955650806427,0.826012134552002,0.4832700788974762,0.19398000836372375,-0.02092161774635315,0.40115469694137573,0.5063124895095825,0.13657058775424957,-0.22763283550739288,0.7618427872657776,0.4924270510673523,0.15586866438388824,-0.18001407384872437,0.5777106881141663,0.5125561356544495,0.3010566234588623,-0.031668148934841156,0.9999385476112366,0.48994213342666626,0.2969546318054199,0.031575266271829605,0.9998798966407776,0.5055223703384399,0.39516326785087585,-0.026085013523697853,0.7644018530845642,0.47721248865127563,0.3601061999797821,-0.11755402386188507,0.7825646996498108,0.5194138288497925,0.41305723786354065,0.1628025621175766,0.6705309748649597,0.4869752526283264,0.46961653232574463,-0.09632045775651932,0.6485711336135864,0.5229372382164001,0.4570777416229248,0.1652497798204422,0.6660020351409912,0.47093215584754944,0.49257609248161316,-0.14490371942520142,0.6690177917480469
199,6.633333333333334,0.5105586051940918,0.11155838519334793,-0.05587376281619072,0.9990373849868774,0.5254760384559631,0.1550437957048416,-0.04661189019680023,0.9996989965438843,0.4977889657020569,0.1654563546180725,0.0753774642944336,0.9989739656448364,0.5147275924682617,0.14678733050823212,-0.1358969807624817,0.8373083472251892,0.4839096963405609,0.19984683394432068,-0.011049449443817139,0.38508057594299316,0.49999576807022095,0.1329299658536911,-0.17945650219917297,0.7682448625564575,0.49162715673446655,0.15645186603069305,-0.15764930844306946,0.5839512944221497,0.5122132897377014,0.300222784280777,-0.03145359829068184,0.9999436736106873,0.489551842212677,0.296051025390625,0.031365081667900085,0.999891459941864,0.5035969018936157,0.39773598313331604,-0.033274728804826736,0.7593266367912292,0.4762779772281647,0.36293280124664307,-0.11966504156589508,0.8008031845092773,0.5203467011451721,0.4080585539340973,0.15498551726341248,0.608531653881073,0.4867773950099945,0.4730680584907532,-0.10152770578861237,0.6800459623336792,0.524325966835022,0.4534391164779663,0.16018953919410706,0.6103623509407043,0.4695717394351959,0.4957987070083618,-0.14810313284397125,0.6987910270690918
200,6.666666666666667,0.5109647512435913,0.11183992773294449,-0.054255567491054535,0.9991171360015869,0.5254489183425903,0.15452681481838226,-0.04669022932648659,0.9997209906578064,0.49775704741477966,0.16527342796325684,0.07823106646537781,0.999057412147522,0.5147929787635803,0.14691774547100067,-0.1380038559436798,0.8462713956832886,0.48478469252586365,0.19931179285049438,-0.00873009953647852,0.36588191986083984,0.4992406368255615,0.13349567353725433,-0.18970955908298492,0.7751225233078003,0.49100804328918457,0.15742143988609314,-0.1560414582490921,0.5841150283813477,0.5120089054107666,0.2997457683086395,-0.03200482204556465,0.9999485015869141,0.4894430637359619,0.29533106088638306,0.03191182762384415,0.9999018907546997,0.5033339858055115,0.39916160702705383,-0.03576384857296944,0.7482677698135376,0.47610950469970703,0.3643665015697479,-0.11530973762273788,0.8159967660903931,0.5210001468658447,0.40824851393699646,0.1511356234550476,0.5517430901527405,0.48675793409347534,0.4733402729034424,-0.0977090373635292,0.7071881890296936,0.5249746441841125,0.4542368948459625,0.1560741811990738,0.558276891708374,0.46898341178894043,0.49617800116539,-0.14473582804203033,0.7243960499763489
201,6.7,0.511407732963562,0.10888456553220749,-0.04424905404448509,0.99919593334198,0.5255115032196045,0.15105600655078888,-0.04761410877108574,0.9997419118881226,0.49831289052963257,0.16448207199573517,0.09675119072198868,0.9991468191146851,0.5116643905639648,0.12797220051288605,-0.07502477616071701,0.8535792827606201,0.47604838013648987,0.1976858526468277,0.03787270560860634,0.3568425178527832,0.4964708387851715,0.11783105134963989,-0.04156593605875969,0.7364993691444397,0.48368120193481445,0.1421937495470047,-0.09755580127239227,0.5926374197006226,0.5113507509231567,0.2954567074775696,-0.04418356344103813,0.9999532103538513,0.4890859127044678,0.2938847243785858,0.04403344541788101,0.9999115467071533,0.5019435286521912,0.40133136510849,-0.06959045678377151,0.758104145526886,0.4763650894165039,0.3797362446784973,0.016575364395976067,0.8206436038017273,0.5213485360145569,0.383564293384552,0.12791001796722412,0.5079646706581116,0.48678451776504517,0.48869383335113525,0.053672581911087036,0.7326024770736694,0.5289711356163025,0.41359829902648926,0.147220641374588,0.518871009349823,0.4661669135093689,0.5074161887168884,0.023902378976345062,0.7459654211997986
202,6.733333333333333,0.5119566321372986,0.10843215882778168,-0.04571930691599846,0.9992698431015015,0.5256353616714478,0.1505744457244873,-0.048232197761535645,0.9997617602348328,0.4983787536621094,0.16362103819847107,0.098647840321064,0.99922776222229,0.5117406249046326,0.1294846385717392,-0.08297962695360184,0.8586511015892029,0.47360700368881226,0.19667550921440125,0.03735389560461044,0.3509349524974823,0.49670156836509705,0.11634799838066101,-0.06599707901477814,0.7126621603965759,0.48215198516845703,0.13936199247837067,-0.09861478209495544,0.6053298711776733,0.5111328959465027,0.2945297360420227,-0.04631898179650307,0.9999575614929199,0.48875942826271057,0.2931565046310425,0.04615352302789688,0.9999203085899353,0.501202404499054,0.40261557698249817,-0.07391896843910217,0.7645159959793091,0.4765450954437256,0.38602516055107117,0.02069035917520523,0.8227179050445557,0.521480917930603,0.3825524151325226,0.12755610048770905,0.4655688405036926,0.4868399202823639,0.49062401056289673,0.06580506265163422,0.7548234462738037,0.5291280746459961,0.4119689464569092,0.15071961283683777,0.48100417852401733,0.465798944234848,0.5091438889503479,0.035733480006456375,0.764627993106842
203,6.766666666666667,0.5125882029533386,0.10788093507289886,-0.04607895761728287,0.9993370771408081,0.5257045030593872,0.15082156658172607,-0.04781773313879967,0.9997808933258057,0.4984131455421448,0.16321855783462524,0.0998172014951706,0.9993017315864563,0.5120421648025513,0.13083434104919434,-0.08000282198190689,0.8655006885528564,0.4727010726928711,0.1964256316423416,0.03815829008817673,0.34952837228775024,0.4965360760688782,0.11569121479988098,-0.05808510258793831,0.6974440813064575,0.4819376468658447,0.1382833868265152,-0.09955034404993057,0.6258836984634399,0.5109525918960571,0.29491525888442993,-0.0466206930577755,0.9999614953994751,0.4885597825050354,0.2930634915828705,0.04645846411585808,0.9999281764030457,0.5006314516067505,0.4033603370189667,-0.07291503250598907,0.7719553709030151,0.4765338897705078,0.387704074382782,0.01564355380833149,0.8272185325622559,0.5216888785362244,0.3845963478088379,0.1282537579536438,0.4299273192882538,0.48701849579811096,0.4907636046409607,0.05880500748753548,0.7757098078727722,0.5297571420669556,0.41186049580574036,0.15106287598609924,0.45052939653396606,0.46591973304748535,0.5092819929122925,0.027214866131544113,0.7827154994010925
204,6.8,0.513281524181366,0.10864876955747604,-0.05109911039471626,0.9993917942047119,0.5257653594017029,0.1511845737695694,-0.04851434379816055,0.9997966289520264,0.4970070719718933,0.1628696471452713,0.08949996531009674,0.9993645548820496,0.5101858377456665,0.13218411803245544,-0.07844915241003036,0.8742766380310059,0.46626120805740356,0.17942745983600616,0.022320706397294998,0.349544495344162,0.4928138852119446,0.10903269797563553,-0.05372215062379837,0.6862632036209106,0.4798385202884674,0.12475507706403732,-0.11273549497127533,0.6203817129135132,0.5105721950531006,0.29609793424606323,-0.0438988171517849,0.9999651312828064,0.48854488134384155,0.2939665615558624,0.04374256730079651,0.9999352693557739,0.4983222484588623,0.4032391905784607,-0.06437239795923233,0.7830926775932312,0.4766330122947693,0.3943949341773987,0.014056260697543621,0.8353304266929626,0.5217676162719727,0.37608370184898376,0.13440443575382233,0.4026263654232025,0.4875585436820984,0.5044329166412354,0.04622608795762062,0.7964597940444946,0.5333312749862671,0.40518540143966675,0.15554538369178772,0.42989590764045715,0.4660581946372986,0.5258260369300842,0.007855741307139397,0.8015735149383545
205,6.833333333333333,0.5132943391799927,0.10882585495710373,-0.052694033831357956,0.9994389414787292,0.5258044600486755,0.15122327208518982,-0.04908221960067749,0.999811589717865,0.49697303771972656,0.16251324117183685,0.09101046621799469,0.9994217753410339,0.5097121596336365,0.13095465302467346,-0.08201880753040314,0.8828361630439758,0.4657367169857025,0.17419499158859253,0.026922041550278664,0.35023102164268494,0.492169052362442,0.10737442225217819,-0.0597585067152977,0.6802241802215576,0.4796537458896637,0.12357474118471146,-0.10585138946771622,0.6172909140586853,0.5103186368942261,0.2966923713684082,-0.04405392333865166,0.999968409538269,0.4885634779930115,0.294531911611557,0.043892763555049896,0.9999416470527649,0.4977024495601654,0.4030880331993103,-0.06482792645692825,0.7931967973709106,0.4766944944858551,0.39571890234947205,0.015515357255935669,0.8430331945419312,0.5217975974082947,0.3755873739719391,0.131846085190773,0.3780684471130371,0.4878746569156647,0.5060749053955078,0.04519777372479439,0.8150440454483032,0.533672571182251,0.4041484296321869,0.15283414721488953,0.4108715355396271,0.465972363948822,0.5284103155136108,0.007688899524509907,0.8184185028076172
206,6.866666666666666,0.5133606791496277,0.10919377207756042,-0.04563178867101669,0.9994535446166992,0.5258104205131531,0.15218956768512726,-0.04926159232854843,0.9998200535774231,0.4930732250213623,0.1615401804447174,0.10086248070001602,0.9994623064994812,0.5114923119544983,0.12897783517837524,-0.11674580723047256,0.8878543376922607,0.4573286473751068,0.16502439975738525,0.03952258080244064,0.3516881763935089,0.49184101819992065,0.09937102347612381,-0.15475580096244812,0.6907997131347656,0.47254863381385803,0.11235309392213821,-0.08267636597156525,0.6176010370254517,0.5101650357246399,0.2981165647506714,-0.04619697853922844,0.999971330165863,0.4883997440338135,0.3010050356388092,0.04601406306028366,0.9999474287033081,0.49181699752807617,0.40342792868614197,-0.06617909669876099,0.7987061738967896,0.4767390191555023,0.40704163908958435,0.012988591566681862,0.848534345626831,0.5221500992774963,0.38640546798706055,0.12794092297554016,0.3714055120944977,0.49018827080726624,0.5200502872467041,0.03901803866028786,0.8313757181167603,0.5362119078636169,0.42080870270729065,0.1431911140680313,0.4068250358104706,0.46733903884887695,0.5490767359733582,-0.0017800338100641966,0.8324787020683289
207,6.9,0.5133571624755859,0.10962608456611633,-0.04871981590986252,0.9994321465492249,0.5257977247238159,0.1528395116329193,-0.053366731852293015,0.9998239278793335,0.4919288754463196,0.16143932938575745,0.09885261952877045,0.9994948506355286,0.5127103328704834,0.12870199978351593,-0.12080775201320648,0.894273579120636,0.4564182758331299,0.16261783242225647,0.04392363876104355,0.3633749186992645,0.49197307229042053,0.09792598336935043,-0.15424717962741852,0.7048836350440979,0.47294241189956665,0.11021430790424347,-0.07127033919095993,0.6228310465812683,0.5101413130760193,0.29887041449546814,-0.04779239371418953,0.9999738931655884,0.4883476197719574,0.30253738164901733,0.04761192947626114,0.9999525547027588,0.490608274936676,0.4034528434276581,-0.06722766906023026,0.8104403018951416,0.47665053606033325,0.40790048241615295,0.01405255775898695,0.8560731410980225,0.5221083760261536,0.38882604241371155,0.12643499672412872,0.3691474497318268,0.49139857292175293,0.5203953385353088,0.03973117843270302,0.8467155694961548,0.5368919968605042,0.42461803555488586,0.14032749831676483,0.4078153073787689,0.4677657186985016,0.5513321161270142,-0.001446287496946752,0.8463674187660217
208,6.933333333333334,0.5135174989700317,0.10983755439519882,-0.050432492047548294,0.9994376301765442,0.5257460474967957,0.15326814353466034,-0.05511738732457161,0.9998298287391663,0.4912879467010498,0.16103120148181915,0.095433309674263,0.9995284676551819,0.5134502649307251,0.12836700677871704,-0.12658074498176575,0.9002108573913574,0.45598888397216797,0.16170071065425873,0.03147757425904274,0.3723827302455902,0.4919423460960388,0.09777343273162842,-0.1618092656135559,0.7173462510108948,0.4722076952457428,0.11017844080924988,-0.09422056376934052,0.6333847045898438,0.5101162791252136,0.2994682192802429,-0.046960487961769104,0.9999762177467346,0.488214910030365,0.30320996046066284,0.046784237027168274,0.9999572038650513,0.49086475372314453,0.40347811579704285,-0.06657540798187256,0.8213461637496948,0.476658433675766,0.40838170051574707,0.012381543405354023,0.8647948503494263,0.5220666527748108,0.3892696499824524,0.1258862316608429,0.37605682015419006,0.4920109808444977,0.5199596881866455,0.036623504012823105,0.8609344363212585,0.537020742893219,0.4256259799003601,0.1382671445608139,0.4181534945964813,0.46800678968429565,0.5518190264701843,-0.00546822976320982,0.859616756439209
209,6.966666666666667,0.5095537304878235,0.1147599145770073,-0.026329398155212402,0.9994262456893921,0.5217215418815613,0.1616225689649582,-0.06081226468086243,0.9998300671577454,0.49109989404678345,0.1661040037870407,0.10057296603918076,0.9995461702346802,0.5128838419914246,0.130713552236557,-0.12178550660610199,0.9088924527168274,0.4531432092189789,0.16216614842414856,0.09107842296361923,0.4059835970401764,0.49573224782943726,0.08925926685333252,-0.14956586062908173,0.7428539991378784,0.46656209230422974,0.11091111600399017,0.03808479756116867,0.6523479223251343,0.5117862820625305,0.3183309733867645,-0.05144695192575455,0.9999773502349854,0.49359092116355896,0.3261847496032715,0.05130988359451294,0.999960720539093,0.4811137318611145,0.37993353605270386,-0.1813076287508011,0.8385046124458313,0.4767332673072815,0.43169254064559937,0.011661160737276077,0.8583641052246094,0.5126108527183533,0.44464415311813354,-0.09652962535619736,0.43332648277282715,0.499565988779068,0.5412917733192444,0.02957744337618351,0.8697466850280762,0.5141743421554565,0.4997696280479431,-0.11420414596796036,0.47218358516693115,0.48680034279823303,0.5793967247009277,-0.019757509231567383,0.8680012226104736
210,7.0,0.5040758848190308,0.11335290223360062,-0.020273465663194656,0.9994480013847351,0.5197658538818359,0.16209004819393158,-0.07000879943370819,0.9998387694358826,0.49111074209213257,0.17019695043563843,0.10188928991556168,0.9995712041854858,0.5119038820266724,0.12671545147895813,-0.12263262271881104,0.9176724553108215,0.45321744680404663,0.1623031347990036,0.08398446440696716,0.44958022236824036,0.496232807636261,0.08761876076459885,-0.1234898567199707,0.76729816198349,0.46469467878341675,0.11565043032169342,0.018565140664577484,0.6771796345710754,0.5128085017204285,0.32177722454071045,-0.05338292196393013,0.9999791979789734,0.4950018525123596,0.33041396737098694,0.05326899141073227,0.9999643564224243,0.4808804988861084,0.3786033093929291,-0.2002371996641159,0.8546075820922852,0.47675490379333496,0.4351055920124054,0.007955963723361492,0.8708799481391907,0.5109964609146118,0.45186182856559753,-0.07452977448701859,0.48938971757888794,0.500002384185791,0.5420742034912109,0.02866727113723755,0.8823506236076355,0.5108124613761902,0.5089737772941589,-0.0801333338022232,0.524321973323822,0.4877793788909912,0.5902650356292725,-0.015115411952137947,0.8806606531143188
211,7.033333333333333,0.5008991956710815,0.1115553230047226,-0.008002090267837048,0.9994615316390991,0.519379198551178,0.16262824833393097,-0.0705459713935852,0.9998391270637512,0.49145784974098206,0.17273998260498047,0.10653649270534515,0.999584972858429,0.503829836845398,0.12859676778316498,-0.12146786600351334,0.9250746369361877,0.4537571370601654,0.16436590254306793,0.09236066043376923,0.4796604812145233,0.4961557388305664,0.08522503823041916,-0.1161826103925705,0.7886123061180115,0.4640675485134125,0.11872407048940659,0.029072990640997887,0.6969770193099976,0.5133129358291626,0.32052382826805115,-0.05470462888479233,0.9999805092811584,0.49634742736816406,0.3290194272994995,0.05459614843130112,0.9999673366546631,0.48013290762901306,0.37668949365615845,-0.20067784190177917,0.8690707683563232,0.47677212953567505,0.43542593717575073,0.00406175572425127,0.8799368143081665,0.5102170705795288,0.4546359181404114,-0.11601372063159943,0.5400764346122742,0.5015385150909424,0.5398375391960144,0.022920599207282066,0.8932194113731384,0.5108544230461121,0.5118849277496338,-0.1368069350719452,0.5715239644050598,0.48897552490234375,0.5896376371383667,-0.01979709044098854,0.8916921615600586
212,7.066666666666666,0.5005691647529602,0.11084697395563126,-0.01473431009799242,0.9993276596069336,0.5195437073707581,0.16289860010147095,-0.07118073105812073,0.9998192191123962,0.49138468503952026,0.17217709124088287,0.10312557220458984,0.9995709657669067,0.5048843026161194,0.12243323773145676,-0.1312980353832245,0.9298651814460754,0.45358753204345703,0.1642412394285202,0.06878886371850967,0.5023804903030396,0.4961492121219635,0.08473049104213715,-0.13696113228797913,0.8039156794548035,0.46374011039733887,0.12022878974676132,-0.020999107509851456,0.7103447318077087,0.5138529539108276,0.31949207186698914,-0.05381447821855545,0.9999812841415405,0.4966159462928772,0.328060120344162,0.053679585456848145,0.9999697208404541,0.4806930124759674,0.37723976373672485,-0.20913180708885193,0.8818817734718323,0.4767913818359375,0.4356716275215149,0.0037531661801040173,0.8875279426574707,0.5104833245277405,0.4540993571281433,-0.10979733616113663,0.5842334032058716,0.5018188953399658,0.5391218066215515,0.01812511868774891,0.9026269316673279,0.5111348628997803,0.5126764178276062,-0.13333211839199066,0.6124904155731201,0.4894922375679016,0.5884981751441956,-0.027546629309654236,0.9008851051330566
213,7.1,0.49955111742019653,0.11084609478712082,-0.013986092992126942,0.9992777109146118,0.5193179845809937,0.16313689947128296,-0.07400798052549362,0.9998020529747009,0.4915536344051361,0.17311978340148926,0.10285703837871552,0.9995593428611755,0.5061779618263245,0.12017427384853363,-0.12714926898479462,0.9351188540458679,0.45380887389183044,0.16430486738681793,0.09443111717700958,0.5225203037261963,0.49614280462265015,0.08431079983711243,-0.1177997812628746,0.8194500803947449,0.46410346031188965,0.12114647030830383,0.04137834161520004,0.7225330471992493,0.5138944983482361,0.31933245062828064,-0.054233551025390625,0.9999813437461853,0.49680233001708984,0.3283942937850952,0.05411627143621445,0.9999713897705078,0.48073920607566833,0.37746649980545044,-0.20301933586597443,0.8935080170631409,0.47679758071899414,0.43459880352020264,0.0009429025230929255,0.8948681950569153,0.510007381439209,0.45396241545677185,-0.10176312923431396,0.6246432065963745,0.5017761588096619,0.5397729873657227,0.01838361658155918,0.911170244216919,0.5111266374588013,0.5145488977432251,-0.11963243782520294,0.6500753164291382,0.48955291509628296,0.5875405669212341,-0.02537747286260128,0.9093793630599976
214,7.133333333333334,0.5011346936225891,0.12532536685466766,0.03906003385782242,0.9992889761924744,0.5135493278503418,0.16422243416309357,-0.021516751497983932,0.9998058080673218,0.49352574348449707,0.18939776718616486,0.1203455775976181,0.999579668045044,0.503652811050415,0.10197126865386963,-0.020132603123784065,0.931570291519165,0.45472463965415955,0.1885521560907364,0.09127369523048401,0.5050907135009766,0.49744343757629395,0.06625282019376755,0.01833203434944153,0.8254535794258118,0.4654137194156647,0.14892444014549255,0.002285027178004384,0.707653284072876,0.5138401985168457,0.32534733414649963,-0.05013067647814751,0.9999802112579346,0.5018114447593689,0.3394342064857483,0.0499974861741066,0.9999719262123108,0.4809304177761078,0.37004774808883667,-0.18810085952281952,0.8997067213058472,0.47752636671066284,0.4378964602947235,-0.00898031610995531,0.8499889969825745,0.491671085357666,0.4738853871822357,-0.2392394244670868,0.6569215059280396,0.5065557360649109,0.5460783839225769,-0.06462184339761734,0.8865351676940918,0.48692241311073303,0.5153141021728516,-0.30345019698143005,0.6817973256111145,0.49641942977905273,0.5960256457328796,-0.1256120800971985,0.8918501138687134
215,7.166666666666667,0.5019182562828064,0.13035792112350464,0.03624337539076805,0.9993216395378113,0.5118763446807861,0.1647990494966507,-0.004246068652719259,0.9998056888580322,0.4943368434906006,0.1932053416967392,0.11687817424535751,0.9995952844619751,0.5024797916412354,0.1015142947435379,0.0012702976819127798,0.9202983975410461,0.45522379875183105,0.19170106947422028,0.06370465457439423,0.49970778822898865,0.49851998686790466,0.06572762876749039,0.04010455682873726,0.8214691281318665,0.4666775166988373,0.1546526849269867,-0.06726419925689697,0.696776807308197,0.5138083696365356,0.3232709467411041,-0.04474112018942833,0.9999783635139465,0.5049189329147339,0.3401618003845215,0.044560689479112625,0.999971866607666,0.4811757504940033,0.3681441843509674,-0.19709447026252747,0.9024038910865784,0.4777175784111023,0.43648576736450195,-0.0182565376162529,0.7984318137168884,0.4896930754184723,0.4744635224342346,-0.2818230390548706,0.68538498878479,0.5078862309455872,0.5489330887794495,-0.07394610345363617,0.8580681085586548,0.48349013924598694,0.5160969495773315,-0.36654430627822876,0.7102610468864441,0.49807634949684143,0.5977855920791626,-0.14517724514007568,0.8711615800857544
216,7.2,0.50206458568573,0.13229404389858246,0.04969713091850281,0.9993676543235779,0.5126514434814453,0.16545796394348145,0.0021163939964026213,0.999814510345459,0.4941079020500183,0.19467444717884064,0.13287857174873352,0.9996178150177002,0.5028985142707825,0.10433829575777054,0.006546761840581894,0.9201487302780151,0.4551934599876404,0.1928287297487259,0.09246919304132462,0.4977235794067383,0.4990014433860779,0.06579210609197617,0.04722031205892563,0.8275452256202698,0.46725621819496155,0.15309862792491913,-0.008750519715249538,0.686427116394043,0.5138025879859924,0.32270103693008423,-0.045032158493995667,0.9999755024909973,0.5040522813796997,0.34082144498825073,0.04486216604709625,0.9999707341194153,0.48141351342201233,0.36832696199417114,-0.19224539399147034,0.9067233800888062,0.4775521755218506,0.438455194234848,-0.016070837154984474,0.7509207725524902,0.4902562201023102,0.4783739447593689,-0.2898041009902954,0.7122948169708252,0.5080999732017517,0.5489627122879028,-0.0760650560259819,0.8251128196716309,0.48373445868492126,0.5182839632034302,-0.3767147660255432,0.736709475517273,0.49824294447898865,0.5969486236572266,-0.14621447026729584,0.8505943417549133
217,7.233333333333333,0.49662867188453674,0.15758289396762848,0.026706555858254433,0.9992225766181946,0.5072735548019409,0.1979762762784958,-0.04535207897424698,0.9998255968093872,0.49842777848243713,0.20977964997291565,0.12126260995864868,0.999459445476532,0.5036489963531494,0.12485760450363159,-0.11751887947320938,0.9260954260826111,0.49977555871009827,0.2755603492259979,0.13785356283187866,0.44819357991218567,0.5013366937637329,0.07020054757595062,-0.14923632144927979,0.8382178544998169,0.5009621977806091,0.31943562626838684,0.11459594964981079,0.6180425882339478,0.5121297836303711,0.3535301983356476,-0.05512278154492378,0.9999756217002869,0.5068230628967285,0.3579134941101074,0.054923366755247116,0.9999651312828064,0.4804973602294922,0.46463653445243835,-0.12027474492788315,0.9152415990829468,0.4783164858818054,0.4202330708503723,0.08224396407604218,0.6936413645744324,0.5010878443717957,0.573584258556366,-0.17478594183921814,0.7399572134017944,0.46360650658607483,0.49808111786842346,0.07954401522874832,0.8034159541130066,0.49248868227005005,0.6201843023300171,-0.24179525673389435,0.7617502808570862,0.4449180066585541,0.4886348247528076,0.045934464782476425,0.833947479724884
218,7.266666666666667,0.49590104818344116,0.16265423595905304,0.018880074843764305,0.9990141987800598,0.5069751739501953,0.20160618424415588,-0.05621563270688057,0.9998335838317871,0.4999254643917084,0.21514034271240234,0.11673444509506226,0.9993214011192322,0.5040140748023987,0.13035908341407776,-0.1326216757297516,0.9321448802947998,0.5022438168525696,0.2853100895881653,0.1433826982975006,0.40389013290405273,0.5021241903305054,0.07162360846996307,-0.17353519797325134,0.8512819409370422,0.4956550598144531,0.31995880603790283,0.12089022248983383,0.5573248267173767,0.5120046734809875,0.3568519949913025,-0.0574357807636261,0.9999734163284302,0.506930410861969,0.3627234697341919,0.057256899774074554,0.999954104423523,0.4802984297275543,0.46836307644844055,-0.12044332176446915,0.9227411150932312,0.4787217080593109,0.4102805256843567,0.042716607451438904,0.6538198590278625,0.5050443410873413,0.5806341171264648,-0.16984441876411438,0.7643026113510132,0.4604588449001312,0.4876546263694763,0.028404612094163895,0.7857860326766968,0.49433526396751404,0.6243229508399963,-0.23806318640708923,0.78363436460495,0.4422489106655121,0.4836631417274475,-0.01693011447787285,0.8211635947227478
219,7.3,0.49544376134872437,0.1633894145488739,0.018325727432966232,0.9990105628967285,0.5070565342903137,0.20317362248897552,-0.05570819228887558,0.9998440742492676,0.5000857710838318,0.2193002700805664,0.11489687860012054,0.9992455244064331,0.5042082667350769,0.13175716996192932,-0.1243201270699501,0.936854362487793,0.5035820007324219,0.2902580499649048,0.13763459026813507,0.36417868733406067,0.5025912523269653,0.07170142978429794,-0.15692874789237976,0.8603197932243347,0.5040526390075684,0.3332120478153229,0.10999367386102676,0.5022717714309692,0.511509358882904,0.3585861623287201,-0.06011442467570305,0.999971866607666,0.506442666053772,0.3650089204311371,0.05989818647503853,0.9999440908432007,0.48050984740257263,0.46843817830085754,-0.1311577707529068,0.9298713207244873,0.4787651002407074,0.41209885478019714,0.10463149845600128,0.5995350480079651,0.5070388913154602,0.5785679817199707,-0.20817387104034424,0.786864161491394,0.4591432511806488,0.48605966567993164,0.12305758148431778,0.7478803396224976,0.49249720573425293,0.6237252354621887,-0.2835168242454529,0.8041751980781555,0.4427965581417084,0.4841620624065399,0.09865565598011017,0.7891858816146851
220,7.333333333333333,0.4918743669986725,0.1814531534910202,0.007986262440681458,0.9991080164909363,0.5046501159667969,0.21915706992149353,-0.0018117500003427267,0.9998536705970764,0.4900548458099365,0.24385501444339752,0.12619367241859436,0.9993001222610474,0.5022786855697632,0.15748438239097595,-0.05539695546030998,0.9426859021186829,0.49180740118026733,0.31515270471572876,0.14683449268341064,0.34215256571769714,0.502996563911438,0.10199017077684402,-0.13428863883018494,0.872992753982544,0.4917619228363037,0.37408697605133057,0.10882647335529327,0.4731060862541199,0.5115413665771484,0.3718668520450592,-0.05347069352865219,0.999966025352478,0.5056047439575195,0.38219770789146423,0.05309184268116951,0.9999358057975769,0.48869165778160095,0.4563373625278473,-0.24094590544700623,0.9368105530738831,0.48658379912376404,0.4747191071510315,0.025675613433122635,0.6317176222801208,0.4607411026954651,0.5045136213302612,-0.4227026402950287,0.8078484535217285,0.5075119137763977,0.5890812277793884,0.10209541022777557,0.7693281173706055,0.4439964294433594,0.46749576926231384,-0.5262174010276794,0.8237156867980957,0.48945993185043335,0.6208527684211731,0.04352930933237076,0.8075883984565735
221,7.366666666666666,0.49086055159568787,0.1839209944009781,0.01889599859714508,0.9991960525512695,0.5039960145950317,0.22159741818904877,-0.021268758922815323,0.9998658299446106,0.4904050827026367,0.2434285432100296,0.11997158825397491,0.9993441700935364,0.501617431640625,0.1665998101234436,-0.09319580346345901,0.9483157396316528,0.4920339584350586,0.3122166395187378,0.13665319979190826,0.3129545748233795,0.5036404132843018,0.10788535326719284,-0.1762888878583908,0.8853383660316467,0.4898781180381775,0.36872509121894836,0.11483348906040192,0.433212548494339,0.5115430355072021,0.3720288872718811,-0.04973018169403076,0.9999602437019348,0.5053731203079224,0.3837916851043701,0.04942547529935837,0.9999184608459473,0.4885512888431549,0.46200960874557495,-0.2055998146533966,0.9430954456329346,0.4870785176753998,0.4567888081073761,0.040720146149396896,0.6435032486915588,0.4577910900115967,0.4973655641078949,-0.39750152826309204,0.826903760433197,0.5012931823730469,0.5622968077659607,0.08134358376264572,0.7639963626861572,0.44162240624427795,0.46199339628219604,-0.4982989728450775,0.8413175940513611,0.48959651589393616,0.5634158253669739,0.05143875628709793,0.8112883567810059
222,7.4,0.48907002806663513,0.22232486307621002,-0.016776783391833305,0.9992736577987671,0.5000712871551514,0.26968589425086975,-0.024895569309592247,0.9998380541801453,0.4920262396335602,0.27500054240226746,0.11707933247089386,0.9993965029716492,0.491278737783432,0.26861676573753357,-0.08844325691461563,0.9454582929611206,0.48942723870277405,0.34620222449302673,0.12665387988090515,0.29721295833587646,0.4969973564147949,0.23621304333209991,-0.156807079911232,0.8701339364051819,0.47272834181785583,0.40559500455856323,0.08142219483852386,0.454184889793396,0.5040685534477234,0.41051173210144043,-0.04978877305984497,0.999954342842102,0.503827691078186,0.41501495242118835,0.049501631408929825,0.9999199509620667,0.4810563623905182,0.4742911756038666,-0.19575145840644836,0.9487109184265137,0.4886013865470886,0.5154711604118347,0.03850746154785156,0.6753491163253784,0.46103399991989136,0.5344641804695129,-0.33550629019737244,0.8441255688667297,0.5156484246253967,0.6042390465736389,0.07984490692615509,0.7855530381202698,0.4469117522239685,0.48026639223098755,-0.42472872138023376,0.8571598529815674,0.4991658329963684,0.6368234157562256,0.014700551517307758,0.8285007476806641
223,7.433333333333334,0.48782864212989807,0.22361624240875244,-0.031135141849517822,0.9993451237678528,0.49878087639808655,0.27653852105140686,-0.0570903941988945,0.9998394846916199,0.4928215444087982,0.2853977680206299,0.09360343217849731,0.9994492530822754,0.49162107706069946,0.27139344811439514,-0.14826026558876038,0.9467207193374634,0.48606330156326294,0.3572452664375305,0.09914711862802505,0.2743379473686218,0.49660244584083557,0.23444175720214844,-0.22984738647937775,0.8696266412734985,0.4599763751029968,0.42204055190086365,0.04549487680196762,0.45335742831230164,0.5028966069221497,0.4177677631378174,-0.04917193949222565,0.9999540448188782,0.5031875967979431,0.4223334491252899,0.04891404137015343,0.9999244213104248,0.4800645411014557,0.47949832677841187,-0.18862289190292358,0.9534132480621338,0.48957639932632446,0.5173360109329224,0.037986237555742264,0.7023205757141113,0.46471458673477173,0.5378922820091248,-0.31146949529647827,0.8591268062591553,0.5164986848831177,0.6055164337158203,0.06324725598096848,0.8054684400558472,0.45206600427627563,0.49466949701309204,-0.39384257793426514,0.8713797926902771,0.5020222663879395,0.6397987604141235,0.0032766859512776136,0.8442557454109192
224,7.466666666666667,0.4862951338291168,0.22338417172431946,-0.06141022965312004,0.9994105100631714,0.49903303384780884,0.2804630696773529,-0.08378127962350845,0.9998539090156555,0.49220824241638184,0.2841675281524658,0.08748074620962143,0.999502420425415,0.4936361312866211,0.32086941599845886,-0.12091176211833954,0.9516448378562927,0.4816572070121765,0.36084800958633423,0.09669774025678635,0.2722335755825043,0.49678176641464233,0.35797470808029175,-0.1465560793876648,0.8758838176727295,0.4603944420814514,0.4193909466266632,0.03511161357164383,0.47421693801879883,0.5038760900497437,0.41624513268470764,-0.054999422281980515,0.9999552965164185,0.5006366968154907,0.4199824035167694,0.05479223653674126,0.999929666519165,0.48033061623573303,0.4692041277885437,-0.23489852249622345,0.9580685496330261,0.4888303875923157,0.5282586216926575,0.04335177689790726,0.7319137454032898,0.46580639481544495,0.5365737676620483,-0.4056709408760071,0.8731971383094788,0.5174197554588318,0.6081187129020691,0.09831683337688446,0.824856698513031,0.4544244408607483,0.502613365650177,-0.4851878583431244,0.8842405676841736,0.5005345344543457,0.6423864364624023,0.06822527945041656,0.859736442565918
225,7.5,0.49069398641586304,0.2386261224746704,-0.07561101019382477,0.9994692802429199,0.5002564191818237,0.2825349271297455,-0.08747722953557968,0.9998677968978882,0.4936200976371765,0.2867460548877716,0.09265591204166412,0.9995195865631104,0.4948282837867737,0.33513712882995605,-0.15745265781879425,0.9559832811355591,0.4901873469352722,0.3484207093715668,0.1081252321600914,0.24585586786270142,0.4715202748775482,0.36773067712783813,-0.21038301289081573,0.8870382905006409,0.47920531034469604,0.39346686005592346,0.06548949331045151,0.43150436878204346,0.49835237860679626,0.4265446960926056,-0.05764288455247879,0.9999564290046692,0.49649542570114136,0.42381715774536133,0.05749228596687317,0.9999259114265442,0.4704630970954895,0.5036768317222595,-0.14221055805683136,0.9594568014144897,0.4731079041957855,0.5274539589881897,0.01848871074616909,0.6932499408721924,0.46945056319236755,0.586955189704895,-0.15903159976005554,0.8850312829017639,0.5121752619743347,0.596520721912384,0.07217608392238617,0.7973716855049133,0.4558138847351074,0.6219184994697571,-0.21749389171600342,0.8952001333236694,0.4996951222419739,0.6379003524780273,0.03686792403459549,0.8427582383155823
226,7.533333333333333,0.4921537935733795,0.24105393886566162,-0.07568927109241486,0.9995220899581909,0.500702440738678,0.28835228085517883,-0.08745485544204712,0.9998804330825806,0.4936336576938629,0.28866350650787354,0.09330647438764572,0.9995232820510864,0.49483489990234375,0.34137246012687683,-0.15605631470680237,0.9598954916000366,0.4915710389614105,0.3464403450489044,0.1105617880821228,0.22195619344711304,0.4618013799190521,0.3794735372066498,-0.2089499980211258,0.8971282839775085,0.48695260286331177,0.39390072226524353,0.07003264874219894,0.390523225069046,0.4980553686618805,0.4311784505844116,-0.056905847042798996,0.9999589323997498,0.49176573753356934,0.4257831275463104,0.05675624683499336,0.9999260306358337,0.4719943106174469,0.4944554269313812,-0.16374923288822174,0.9625731706619263,0.46887722611427307,0.5343306064605713,0.008334839716553688,0.6826227903366089,0.47105908393859863,0.5885343551635742,-0.16106581687927246,0.8959577083587646,0.5099654793739319,0.5959196090698242,0.07836128771305084,0.7861586213111877,0.45726966857910156,0.627526044845581,-0.21701963245868683,0.9052019119262695,0.5004143118858337,0.6389662623405457,0.05277326703071594,0.8337541222572327
227,7.566666666666666,0.49266260862350464,0.24079939723014832,-0.08359942585229874,0.9995697736740112,0.5010279417037964,0.28806307911872864,-0.09354622662067413,0.9998918175697327,0.49412742257118225,0.28942039608955383,0.08518607914447784,0.9995437264442444,0.4950634837150574,0.3385145366191864,-0.16557398438453674,0.9631091952323914,0.49154558777809143,0.34532371163368225,0.1045597642660141,0.20069091022014618,0.46895045042037964,0.372618705034256,-0.22199814021587372,0.9050933718681335,0.48404479026794434,0.3908475637435913,0.06693294644355774,0.35507696866989136,0.49608248472213745,0.4306145906448364,-0.056446623057127,0.9999598860740662,0.4916740357875824,0.4252775311470032,0.05629291012883186,0.9999232888221741,0.47221437096595764,0.5052840709686279,-0.16622836887836456,0.9651685953140259,0.4712098240852356,0.5243920683860779,0.015589863061904907,0.6631266474723816,0.4716860353946686,0.5904293060302734,-0.17621393501758575,0.9056668877601624,0.5092830657958984,0.5937676429748535,0.07988502085208893,0.772447943687439,0.4585169851779938,0.6271531581878662,-0.2349187582731247,0.9141595363616943,0.4996162950992584,0.6355501413345337,0.05354622006416321,0.8224633932113647
228,7.6,0.4928567409515381,0.23968234658241272,-0.0836954191327095,0.99961256980896,0.5010989904403687,0.285990834236145,-0.09387834370136261,0.999902069568634,0.4961196780204773,0.28832006454467773,0.08358749002218246,0.9995583295822144,0.4948044419288635,0.34119945764541626,-0.15422144532203674,0.9661460518836975,0.49172884225845337,0.3435121178627014,0.10556904226541519,0.1814366728067398,0.46536898612976074,0.3772658109664917,-0.1970413625240326,0.9130595326423645,0.4829308092594147,0.38828831911087036,0.06890105456113815,0.3231621980667114,0.4944274425506592,0.4278731942176819,-0.05618903040885925,0.9999597668647766,0.4929807782173157,0.42386186122894287,0.056037068367004395,0.9999175071716309,0.4715673327445984,0.5063422322273254,-0.14874109625816345,0.9671420454978943,0.47179117798805237,0.516139566898346,0.018502017483115196,0.6439347267150879,0.47694239020347595,0.5919082164764404,-0.1461731493473053,0.9141240119934082,0.5030239224433899,0.5934268832206726,0.07514733821153641,0.7662354111671448,0.4587560296058655,0.6270062923431396,-0.19941897690296173,0.9218690991401672,0.4954293370246887,0.6316498517990112,0.04161306470632553,0.818556547164917
229,7.633333333333334,0.49307888746261597,0.23928110301494598,-0.08068247139453888,0.9996511936187744,0.5009304881095886,0.28579026460647583,-0.09115830063819885,0.9999114274978638,0.4972384572029114,0.2868506610393524,0.08285162597894669,0.9995740652084351,0.49439939856529236,0.3417738676071167,-0.14428865909576416,0.969042181968689,0.49237337708473206,0.34194669127464294,0.10565916448831558,0.1642034947872162,0.46235838532447815,0.3809773027896881,-0.17581596970558167,0.9207410216331482,0.4861297011375427,0.38695192337036133,0.06748272478580475,0.29477909207344055,0.4931942820549011,0.4249787926673889,-0.055954743176698685,0.9999576807022095,0.4937525689601898,0.42256027460098267,0.0558006577193737,0.999905526638031,0.4711701273918152,0.5051697492599487,-0.13496649265289307,0.9666470885276794,0.4743874967098236,0.5141920447349548,0.01866663061082363,0.6064976453781128,0.4779767096042633,0.5899701714515686,-0.15552467107772827,0.9208465814590454,0.5022333860397339,0.5934433341026306,0.0500592403113842,0.7388845086097717,0.46118712425231934,0.6257902979850769,-0.21183983981609344,0.9281689524650574,0.4879036545753479,0.6275947690010071,0.02171878144145012,0.7997686862945557
230,7.666666666666667,0.5000223517417908,0.25444871187210083,-0.10435386002063751,0.9996860027313232,0.5042073130607605,0.3082704544067383,-0.11112181842327118,0.9999200105667114,0.498574435710907,0.30290597677230835,0.07025862485170364,0.9996070265769958,0.49879440665245056,0.3848715126514435,-0.14410512149333954,0.971118688583374,0.476701557636261,0.3395315706729889,0.11716341972351074,0.1540067493915558,0.4651450514793396,0.439315527677536,-0.15625731647014618,0.9269458651542664,0.45297494530677795,0.3289545774459839,0.10063350200653076,0.3290729522705078,0.4845266342163086,0.45208537578582764,-0.05498219653964043,0.9999454617500305,0.49423226714134216,0.4520510733127594,0.05488190799951553,0.9998871088027954,0.4655490815639496,0.5379839539527893,-0.055117733776569366,0.9303659200668335,0.47621339559555054,0.5373066663742065,0.054152555763721466,0.5658040046691895,0.4803805947303772,0.6145223379135132,-0.02891361713409424,0.8983875513076782,0.4836246371269226,0.6242296695709229,0.06770768016576767,0.7034912705421448,0.4724558889865875,0.6511476635932922,-0.05691724270582199,0.9137780666351318,0.4752849042415619,0.6531689763069153,0.040820248425006866,0.7690833806991577
231,7.7,0.5004439949989319,0.25632286071777344,-0.11894960701465607,0.9997174143791199,0.5056971907615662,0.31275248527526855,-0.1269420087337494,0.9999278783798218,0.4997275769710541,0.30656734108924866,0.05865035578608513,0.9996437430381775,0.5005940198898315,0.3892088532447815,-0.15942758321762085,0.9734145998954773,0.47689661383628845,0.3380110561847687,0.1329185515642166,0.14947664737701416,0.4665493965148926,0.44614389538764954,-0.16131284832954407,0.9336027503013611,0.4501320719718933,0.3252483904361725,0.15370219945907593,0.37856191396713257,0.48384422063827515,0.455045610666275,-0.05324463173747063,0.999943196773529,0.4939478933811188,0.4556295573711395,0.053184788674116135,0.9998893141746521,0.4611002504825592,0.5311972498893738,-0.02587628737092018,0.9073000550270081,0.4790664315223694,0.54808109998703,0.0594935342669487,0.5659156441688538,0.4873043894767761,0.5968459844589233,0.034845974296331406,0.8729463815689087,0.4781150817871094,0.6411786675453186,0.06721906363964081,0.7065593004226685,0.4849240779876709,0.6466140151023865,0.02752295508980751,0.9003429412841797,0.4676206111907959,0.6684380173683167,0.04343903064727783,0.7732061743736267
232,7.733333333333333,0.501079261302948,0.25739413499832153,-0.11084526777267456,0.9997456669807434,0.5060712099075317,0.3107289671897888,-0.11717219650745392,0.9999348521232605,0.5018925666809082,0.3065531849861145,0.06370774656534195,0.9996755123138428,0.5012384653091431,0.38665351271629333,-0.15115328133106232,0.9745911955833435,0.47670778632164,0.3370205760002136,0.13855209946632385,0.1429401934146881,0.46888667345046997,0.44521763920783997,-0.15772195160388947,0.9385527968406677,0.4512633681297302,0.3259710371494293,0.15711984038352966,0.4214489758014679,0.481699138879776,0.4557529091835022,-0.05119027569890022,0.9999393224716187,0.4933412969112396,0.45727360248565674,0.0511239655315876,0.9998895525932312,0.45928651094436646,0.5323659777641296,-0.024879414588212967,0.8709971308708191,0.47979336977005005,0.5556743741035461,0.05277281999588013,0.561272919178009,0.4869821071624756,0.5961815118789673,0.02907658740878105,0.8413986563682556,0.4775477945804596,0.6420971155166626,0.05139805004000664,0.7054604291915894,0.4837430417537689,0.6375505328178406,0.02161019667983055,0.8805090188980103,0.4663756489753723,0.6716899871826172,0.029905084520578384,0.772784948348999
233,7.766666666666667,0.5112990736961365,0.2781298756599426,-0.1523926705121994,0.9997704029083252,0.5160619020462036,0.34725427627563477,-0.12618432939052582,0.9999402165412903,0.49772506952285767,0.3113953173160553,0.00237864488735795,0.999668300151825,0.5069367289543152,0.43240728974342346,-0.1377168446779251,0.9766585230827332,0.47518324851989746,0.30292919278144836,0.05795476958155632,0.19481831789016724,0.4717563986778259,0.4854041635990143,-0.1485253870487213,0.944456160068512,0.4579368531703949,0.25880923867225647,0.06708957254886627,0.4769183397293091,0.4849623143672943,0.4677487313747406,-0.039482053369283676,0.9999131560325623,0.4779723584651947,0.4616912007331848,0.03944247588515282,0.9998157620429993,0.479848712682724,0.5609986186027527,-0.029268667101860046,0.8549910187721252,0.4705386161804199,0.5446045398712158,0.05135810375213623,0.5271225571632385,0.4816121459007263,0.644792914390564,0.004907465074211359,0.8477074503898621,0.48352617025375366,0.6273049712181091,0.13906310498714447,0.6597214937210083,0.4734305739402771,0.6654547452926636,-0.04824719578027725,0.8851972818374634,0.46871787309646606,0.6660555005073547,0.11861864477396011,0.7362446188926697
234,7.8,0.5122329592704773,0.2810017764568329,-0.15725377202033997,0.9997928738594055,0.5179380178451538,0.3527829945087433,-0.12321849167346954,0.9999454021453857,0.495866060256958,0.3123345673084259,-0.006928299553692341,0.9996728897094727,0.5085175633430481,0.4368646740913391,-0.12743066251277924,0.9785478115081787,0.4741392135620117,0.296142041683197,0.04712453857064247,0.24055495858192444,0.47369885444641113,0.48681652545928955,-0.14246061444282532,0.9497769474983215,0.46055421233177185,0.2552858889102936,0.05460050702095032,0.5261049866676331,0.4870631694793701,0.4679121673107147,-0.03299958258867264,0.9998928904533386,0.4724324345588684,0.4617755115032196,0.03294701501727104,0.9997577667236328,0.4841839373111725,0.5498278141021729,-0.042685382068157196,0.8435373306274414,0.4701550006866455,0.5470863580703735,0.047517675906419754,0.4981117248535156,0.47915926575660706,0.6487792730331421,-0.01799165830016136,0.8536498546600342,0.48441773653030396,0.6269887089729309,0.12620142102241516,0.6289387345314026,0.47222843766212463,0.6632594466209412,-0.07848972082138062,0.8903363943099976,0.4731625020503998,0.6548170447349548,0.09634704887866974,0.7146567106246948
235,7.833333333333333,0.5119496583938599,0.28030380606651306,-0.1341327577829361,0.9998127818107605,0.5185760259628296,0.3561418354511261,-0.11418521404266357,0.9999498128890991,0.49509716033935547,0.3132339119911194,0.010114947333931923,0.9996382594108582,0.5084530115127563,0.4384610056877136,-0.11713653802871704,0.9801309704780579,0.4735143184661865,0.2953187823295593,0.06410615146160126,0.2595846652984619,0.4747765064239502,0.4867154359817505,-0.13535639643669128,0.9545184969902039,0.461510568857193,0.25341713428497314,0.06912356615066528,0.5618225932121277,0.4881124496459961,0.46998071670532227,-0.03249527886509895,0.999882161617279,0.46968263387680054,0.4620913565158844,0.03244936466217041,0.9997071027755737,0.48514968156814575,0.5512691736221313,-0.05631040409207344,0.8476736545562744,0.46439409255981445,0.550291895866394,0.0458793006837368,0.48083606362342834,0.47843751311302185,0.6528463363647461,-0.03508923202753067,0.8647112250328064,0.4854070246219635,0.6175891160964966,0.14334991574287415,0.5991648435592651,0.47096166014671326,0.6651768088340759,-0.09817922115325928,0.8985576033592224,0.47524696588516235,0.6537785530090332,0.12129499018192291,0.6937214732170105
236,7.866666666666666,0.5201712250709534,0.30463707447052,-0.17916211485862732,0.9998289942741394,0.5222688913345337,0.3828444480895996,-0.1119784265756607,0.9999526739120483,0.49392375349998474,0.3223843276500702,-0.06111855059862137,0.999634861946106,0.5093590021133423,0.4627887010574341,-0.1124383956193924,0.9770295023918152,0.47444596886634827,0.27428123354911804,-0.08417423069477081,0.3114902675151825,0.4743964672088623,0.4998180866241455,-0.14607757329940796,0.9553310871124268,0.475529283285141,0.20237420499324799,-0.14995360374450684,0.5986192226409912,0.48817911744117737,0.4733848571777344,-0.01087105367332697,0.9998795986175537,0.4672022759914398,0.4653421640396118,0.010791139677166939,0.9997075796127319,0.4848211407661438,0.5667311549186707,-0.039299603551626205,0.8108400106430054,0.4646891951560974,0.5695103406906128,-0.023069195449352264,0.4524463415145874,0.47126832604408264,0.6535962224006653,-0.0011583624873310328,0.8520141839981079,0.48023590445518494,0.6301727890968323,0.09581281244754791,0.5578244924545288,0.4710763990879059,0.6760838627815247,-0.07233895361423492,0.8881862759590149,0.4753390848636627,0.661549985408783,0.04773901030421257,0.6506009697914124
237,7.9,0.5237671136856079,0.30776673555374146,-0.16147908568382263,0.9998423457145691,0.5237425565719604,0.38541820645332336,-0.10578425228595734,0.9999562501907349,0.4928973615169525,0.32229506969451904,-0.052026014775037766,0.9996227622032166,0.5098651051521301,0.4613018035888672,-0.10903052985668182,0.9772515296936035,0.4747072160243988,0.26745954155921936,-0.08187752962112427,0.3549119532108307,0.4742162227630615,0.5003237724304199,-0.14922089874744415,0.9583560228347778,0.4792654514312744,0.20118029415607452,-0.1462831199169159,0.6289067268371582,0.48872169852256775,0.4733368456363678,-0.008416617289185524,0.9998758435249329,0.46589845418930054,0.46535080671310425,0.008319445885717869,0.9996997117996216,0.48594433069229126,0.5638654828071594,-0.03805956989526749,0.7767348885536194,0.4668329656124115,0.5585024952888489,-0.03079659305512905,0.4264684319496155,0.4696151614189148,0.6511371731758118,-0.009045729413628578,0.8344646096229553,0.48126745223999023,0.6355867385864258,0.03186275064945221,0.5299479961395264,0.4710170328617096,0.6748225092887878,-0.07613871246576309,0.8760353326797485,0.4806026816368103,0.6599866151809692,-0.018980083987116814,0.6256550550460815
238,7.933333333333334,0.5245252847671509,0.37534019351005554,-0.09220391511917114,0.9997143745422363,0.5223160982131958,0.3816583454608917,0.012500678189098835,0.9999532699584961,0.49232253432273865,0.3495282530784607,-0.07655492424964905,0.9996505975723267,0.5042979717254639,0.43707275390625,0.04093911498785019,0.9105648398399353,0.4820379614830017,0.39149442315101624,-0.11275358498096466,0.412873774766922,0.495246946811676,0.47916221618652344,0.0025603962130844593,0.9091330766677856,0.4963008463382721,0.4300217926502228,-0.15016834437847137,0.6567487716674805,0.48668399453163147,0.47607141733169556,0.023156551644206047,0.9998867511749268,0.46516337990760803,0.4670880138874054,-0.023261945694684982,0.9997268319129944,0.4842589795589447,0.5584855079650879,-0.020203057676553726,0.798262357711792,0.4648199677467346,0.5538275241851807,-0.059661902487277985,0.48185446858406067,0.47013530135154724,0.647797167301178,0.0017509165918454528,0.8504458665847778,0.45928144454956055,0.6286153197288513,0.02668643556535244,0.5734677314758301,0.47487884759902954,0.679776668548584,-0.04558464512228966,0.887756884098053,0.4546113610267639,0.657225489616394,0.00219577900134027,0.6586276292800903
239,7.966666666666667,0.5260025858879089,0.3747471570968628,-0.021625449880957603,0.9994733929634094,0.5214524269104004,0.38338524103164673,0.05224563926458359,0.9999545812606812,0.49233895540237427,0.3508419394493103,-0.04079010337591171,0.9996627569198608,0.5017956495285034,0.43397292494773865,0.08293825387954712,0.8634659647941589,0.49192652106285095,0.39584892988204956,-0.08479923009872437,0.4589514434337616,0.5009382963180542,0.47766271233558655,0.05829533189535141,0.8735884428024292,0.5142756104469299,0.3999515175819397,-0.11826952546834946,0.6682745814323425,0.4867098927497864,0.4731500446796417,0.023728063330054283,0.999897301197052,0.4653743803501129,0.4655211567878723,-0.023803051561117172,0.9997518062591553,0.4833986759185791,0.5598068833351135,-0.01122334785759449,0.8175020217895508,0.4643840193748474,0.5539901256561279,-0.05955599620938301,0.5311167240142822,0.470262348651886,0.6493384838104248,0.002134602749720216,0.8648605942726135,0.45789599418640137,0.6185370683670044,0.032594721764326096,0.6103352308273315,0.47800740599632263,0.6821202635765076,-0.04084154963493347,0.8983051180839539,0.45417243242263794,0.6569380164146423,0.016110260039567947,0.6855460405349731
240,8.0,0.5264126062393188,0.37508684396743774,-0.02431410178542137,0.9993038177490234,0.5198653936386108,0.38006922602653503,0.04343409463763237,0.9999573230743408,0.4917678236961365,0.352649062871933,-0.052977316081523895,0.9996833801269531,0.5007885694503784,0.4297481179237366,0.06891511380672455,0.8114904165267944,0.4911722242832184,0.4039898216724396,-0.09228719770908356,0.4989467263221741,0.4996607303619385,0.47724419832229614,0.03620315343141556,0.8337516784667969,0.509567141532898,0.4157508909702301,-0.11658070236444473,0.6677635908126831,0.48685675859451294,0.470572829246521,0.02665996178984642,0.9999070763587952,0.4651819169521332,0.46414172649383545,-0.026727769523859024,0.9997750520706177,0.48302310705184937,0.5580384731292725,-0.007358604110777378,0.8341007232666016,0.46406760811805725,0.5524024963378906,-0.06524620205163956,0.5755714774131775,0.47076383233070374,0.6504012942314148,0.002401635516434908,0.8776564598083496,0.4547220766544342,0.6147091388702393,0.019940663129091263,0.6438513994216919,0.47779417037963867,0.681682825088501,-0.04023343324661255,0.9076860547065735,0.4512118399143219,0.6558219790458679,0.006666353903710842,0.7107034921646118
241,8.033333333333333,0.5237358808517456,0.38267093896865845,-0.030575355514883995,0.9993571043014526,0.5173839926719666,0.37372148036956787,-0.006011503282934427,0.9999607801437378,0.49191221594810486,0.3498165011405945,-0.11991225183010101,0.9997146725654602,0.5094601511955261,0.426130473613739,0.03849100321531296,0.8104566335678101,0.4906080365180969,0.4155612885951996,-0.13365238904953003,0.5489736199378967,0.5129615664482117,0.47170498967170715,0.03426005318760872,0.8391757607460022,0.501125693321228,0.47906917333602905,-0.1379028707742691,0.7009146809577942,0.4849965572357178,0.4588974118232727,0.02725558541715145,0.9999153017997742,0.46496644616127014,0.44941943883895874,-0.02736739255487919,0.9997957944869995,0.4820680022239685,0.5475439429283142,-0.022380618378520012,0.847842276096344,0.4609663486480713,0.5290398001670837,-0.07231981307268143,0.6136893033981323,0.4710945188999176,0.6490927934646606,-0.040335580706596375,0.8873921036720276,0.44670796394348145,0.5881292819976807,-0.0025603536050766706,0.6583157181739807,0.4773004651069641,0.6781607270240784,-0.08618485927581787,0.9147258996963501,0.4457685947418213,0.6252902746200562,-0.015443925745785236,0.7220445275306702
242,8.066666666666666,0.522402286529541,0.38249319791793823,-0.03573437035083771,0.999405562877655,0.5164473056793213,0.3727668225765228,-0.010534079745411873,0.9999639987945557,0.4919477105140686,0.349396675825119,-0.1240144744515419,0.9997427463531494,0.511257529258728,0.4233745038509369,0.04243311658501625,0.8141345381736755,0.4907341003417969,0.41464775800704956,-0.13793762028217316,0.5940064787864685,0.5144603848457336,0.46976110339164734,0.04478263109922409,0.8486981987953186,0.49703893065452576,0.4776492714881897,-0.14310802519321442,0.7307560443878174,0.48446035385131836,0.4566228985786438,0.029038716107606888,0.999922513961792,0.4651031494140625,0.4468102753162384,-0.029149413108825684,0.9998138546943665,0.48062795400619507,0.5463868975639343,-0.013974574394524097,0.8592930436134338,0.45971760153770447,0.5275081992149353,-0.07383565604686737,0.6475753784179688,0.4712461531162262,0.6483954787254333,-0.03600018471479416,0.8958832621574402,0.44572028517723083,0.5802217721939087,0.00912333745509386,0.6622668504714966,0.47740086913108826,0.6788693070411682,-0.08417697250843048,0.9209463596343994,0.4445419907569885,0.6216607689857483,0.0011171756777912378,0.7251428365707397
243,8.1,0.5216976404190063,0.3817438781261444,-0.0690598413348198,0.9994494915008545,0.5157162547111511,0.3722684979438782,-0.012904840521514416,0.9999668598175049,0.492053747177124,0.3500341773033142,-0.1264236867427826,0.9997680187225342,0.5117650628089905,0.4225304424762726,0.037961699068546295,0.8210369944572449,0.49061518907546997,0.41432318091392517,-0.1398453414440155,0.6345487236976624,0.5148569345474243,0.46897193789482117,0.03597107529640198,0.8589001893997192,0.4946223199367523,0.4779388904571533,-0.14595690369606018,0.7576295137405396,0.48416653275489807,0.4553801119327545,0.02972673438489437,0.9999289512634277,0.4655175805091858,0.44586339592933655,-0.02983633056282997,0.9998299479484558,0.47921544313430786,0.5463986396789551,-0.008073868229985237,0.8704692721366882,0.4598928987979889,0.5274931788444519,-0.07446099817752838,0.6795661449432373,0.4713784158229828,0.6483749747276306,-0.025247802957892418,0.9042076468467712,0.4447624683380127,0.5818367004394531,0.016340043395757675,0.6702538132667542,0.4779989719390869,0.6803977489471436,-0.06846939772367477,0.927097737789154,0.4437265396118164,0.6204846501350403,0.0022598430514335632,0.7316110134124756
244,8.133333333333333,0.5213176012039185,0.3809953033924103,-0.0785321444272995,0.9994786977767944,0.5154142379760742,0.3711806833744049,-0.006595938466489315,0.9999691843986511,0.4920963644981384,0.34975168108940125,-0.11801173537969589,0.9997907280921936,0.5116881132125854,0.41988083720207214,0.044413238763809204,0.8247170448303223,0.4911491870880127,0.4149611294269562,-0.13087198138237,0.6710018515586853,0.5149799585342407,0.46817630529403687,0.04351286217570305,0.8668370246887207,0.4933508038520813,0.48222267627716064,-0.13670524954795837,0.7817984819412231,0.4838511347770691,0.45464858412742615,0.02958233281970024,0.9999346137046814,0.4653521478176117,0.4440998136997223,-0.029684338718652725,0.9998444318771362,0.47864994406700134,0.5464099645614624,-0.017493071034550667,0.8787126541137695,0.4600040018558502,0.5259650349617004,-0.09464270621538162,0.7075555324554443,0.47146719694137573,0.6476980447769165,-0.03213416785001755,0.9100074768066406,0.44488540291786194,0.5835277438163757,-0.012718345038592815,0.6727514863014221,0.47792425751686096,0.680085301399231,-0.07327945530414581,0.9315227270126343,0.4432279169559479,0.6230219006538391,-0.020471561700105667,0.7359444499015808
245,8.166666666666666,0.5210487842559814,0.38048651814460754,-0.07899933308362961,0.9995052814483643,0.5153070688247681,0.371628999710083,-0.002437763614580035,0.9999710917472839,0.49214425683021545,0.3501877188682556,-0.11712642759084702,0.9998111724853516,0.511752724647522,0.41913554072380066,0.049402810633182526,0.8274329304695129,0.49142518639564514,0.4169647693634033,-0.13046100735664368,0.7038387060165405,0.5147725343704224,0.46791160106658936,0.04799924045801163,0.8750874996185303,0.49280858039855957,0.48295700550079346,-0.13916447758674622,0.8035773634910583,0.48344331979751587,0.4551375210285187,0.031048918142914772,0.9999397397041321,0.46502596139907837,0.4443762004375458,-0.03113972581923008,0.9998577237129211,0.47845229506492615,0.5465341806411743,-0.025384049862623215,0.8874330520629883,0.4598689675331116,0.5266765356063843,-0.11134854704141617,0.7347724437713623,0.4715260863304138,0.6473737359046936,-0.041480902582407,0.916868269443512,0.44513291120529175,0.5871405005455017,-0.02532046101987362,0.6867998838424683,0.478586345911026,0.6803520321846008,-0.08795599639415741,0.9368358254432678,0.4440120756626129,0.6221155524253845,-0.035548821091651917,0.7494101524353027
246,8.2,0.5219868421554565,0.38425412774086,-0.19363413751125336,0.9995390772819519,0.5154638886451721,0.36971214413642883,-0.09030361473560333,0.9999737739562988,0.49159565567970276,0.3482227921485901,-0.18566027283668518,0.9998142719268799,0.49884533882141113,0.4392559826374054,-0.053500205278396606,0.8123592138290405,0.4860268533229828,0.4258769154548645,-0.19532093405723572,0.7229285836219788,0.4987777769565582,0.5088016390800476,-0.0785209909081459,0.8647252917289734,0.48727360367774963,0.47458797693252563,-0.1817268431186676,0.7752787470817566,0.4827865660190582,0.4421185255050659,0.02579556778073311,0.9999452829360962,0.462289035320282,0.4346889853477478,-0.025900382548570633,0.9998677968978882,0.4781187176704407,0.5271234512329102,-0.05949798971414566,0.8963831067085266,0.4466537535190582,0.5352323055267334,-0.022229842841625214,0.7509027719497681,0.4715561270713806,0.6468571424484253,-0.06131036952137947,0.9236186146736145,0.4456324577331543,0.5279085040092468,0.1498883217573166,0.6392253041267395,0.47841519117355347,0.6801201701164246,-0.10782772302627563,0.9419393539428711,0.44007664918899536,0.5575370192527771,0.1754530370235443,0.7110731601715088
247,8.233333333333333,0.523820698261261,0.38322168588638306,-0.1915484368801117,0.9995537400245667,0.5154390335083008,0.3638794720172882,-0.09739807993173599,0.9999750256538391,0.4911026358604431,0.3571314215660095,-0.20631523430347443,0.9998316764831543,0.4971400201320648,0.43299537897109985,-0.06576079875230789,0.745742917060852,0.48638778924942017,0.43829014897346497,-0.21330082416534424,0.7501527070999146,0.4832192063331604,0.49724146723747253,-0.08518797159194946,0.7829623818397522,0.4901185631752014,0.5088545680046082,-0.20319700241088867,0.7958901524543762,0.482260137796402,0.4342104196548462,0.026903575286269188,0.9999502897262573,0.4620082378387451,0.42821770906448364,-0.026985418051481247,0.9998801350593567,0.47749003767967224,0.5251497030258179,-0.006854457315057516,0.9013695120811462,0.44991254806518555,0.5094775557518005,-0.040684983134269714,0.7659130096435547,0.47160714864730835,0.6465051174163818,0.006147165782749653,0.9289952516555786,0.4464483857154846,0.5246303081512451,0.10932867228984833,0.6139412522315979,0.4781331419944763,0.6794076561927795,-0.035195574164390564,0.9453958868980408,0.43895643949508667,0.5620890855789185,0.1277197003364563,0.6895325779914856
248,8.266666666666667,0.523715615272522,0.3827415108680725,-0.20747201144695282,0.9995944499969482,0.5154613256454468,0.35980185866355896,-0.10514171421527863,0.9999763369560242,0.4891580641269684,0.3589423596858978,-0.21242651343345642,0.9998480081558228,0.49824661016464233,0.43143144249916077,-0.07150647044181824,0.6978462338447571,0.485988050699234,0.4442402422428131,-0.21526534855365753,0.7750420570373535,0.4811773896217346,0.4801831841468811,-0.09168702363967896,0.713310182094574,0.49142879247665405,0.5151200294494629,-0.20877718925476074,0.8161119222640991,0.4810110032558441,0.4325945973396301,0.026954105123877525,0.9999548196792603,0.45870041847229004,0.4258875548839569,-0.027037348598241806,0.999891459941864,0.47707700729370117,0.5289514064788818,0.021077271550893784,0.9087719917297363,0.4533085227012634,0.5066338181495667,-0.027643034234642982,0.7849981784820557,0.47163206338882446,0.6461999416351318,0.042630456387996674,0.934871256351471,0.44623199105262756,0.5227838158607483,0.13505104184150696,0.6118468046188354,0.4764768183231354,0.6791919469833374,0.0050234184600412846,0.9496978521347046,0.4384683072566986,0.5584331750869751,0.15498772263526917,0.6897854804992676
249,8.3,0.5337944626808167,0.3859129548072815,-0.2137480080127716,0.9995772242546082,0.528126060962677,0.3528954088687897,-0.11238504946231842,0.9999762773513794,0.4891985058784485,0.3558061718940735,-0.19507113099098206,0.9998538494110107,0.5068918466567993,0.37629780173301697,-0.040398892015218735,0.6297729015350342,0.4584188461303711,0.40941619873046875,-0.18456916511058807,0.7922156453132629,0.4854764938354492,0.40738680958747864,-0.0015084585174918175,0.6431211829185486,0.45616817474365234,0.4896472990512848,-0.17027470469474792,0.7744568586349487,0.4839816689491272,0.42701035737991333,0.025464098900556564,0.999958336353302,0.4601666033267975,0.415738046169281,-0.02555207349359989,0.9998998641967773,0.4754018783569336,0.5273244380950928,0.007872043177485466,0.9005315899848938,0.448219358921051,0.5018119215965271,-0.014091852121055126,0.760830819606781,0.470472514629364,0.6461732983589172,0.01909419521689415,0.9361414313316345,0.44220441579818726,0.5056803226470947,0.13604652881622314,0.5681391358375549,0.47507864236831665,0.6795153021812439,-0.021774787455797195,0.9487946629524231,0.4307689070701599,0.5323394536972046,0.1522483229637146,0.6428511738777161
250,8.333333333333334,0.5367047786712646,0.383762389421463,-0.20025348663330078,0.9996037483215332,0.5285801291465759,0.35333365201950073,-0.09615878760814667,0.9999769330024719,0.49435457587242126,0.3542047441005707,-0.18496911227703094,0.9998658895492554,0.5062812566757202,0.3846224844455719,-0.037926532328128815,0.5759869813919067,0.4599911570549011,0.40405192971229553,-0.18283498287200928,0.8118754029273987,0.4882116913795471,0.4250207245349884,-0.008978954516351223,0.5876380801200867,0.4517247676849365,0.47702711820602417,-0.1793646514415741,0.7874836325645447,0.48498305678367615,0.42726829648017883,0.025724312290549278,0.9999611377716064,0.4609443247318268,0.4166043996810913,-0.025794822722673416,0.9999074935913086,0.47401198744773865,0.528648316860199,0.006875848863273859,0.9084286689758301,0.4488568902015686,0.4964759349822998,-0.08377816528081894,0.7819463610649109,0.4703305661678314,0.6454200148582458,0.011567166075110435,0.941750705242157,0.4433416724205017,0.49590861797332764,0.05159321427345276,0.5745677947998047,0.47474807500839233,0.6792826056480408,-0.032635580748319626,0.9529522061347961,0.4332457184791565,0.5186382532119751,0.06210522726178169,0.6473677754402161
251,8.366666666666667,0.5359731912612915,0.3830849826335907,-0.2024930715560913,0.9996148943901062,0.52809739112854,0.35404253005981445,-0.08612124621868134,0.999975860118866,0.4950166344642639,0.3536936342716217,-0.17122460901737213,0.9998746514320374,0.5039271116256714,0.37526464462280273,-0.03304046019911766,0.5221288800239563,0.4577440321445465,0.40163880586624146,-0.17092974483966827,0.8231353759765625,0.4850284159183502,0.4061805009841919,-0.018809214234352112,0.5323747396469116,0.4519249498844147,0.47156214714050293,-0.1740931123495102,0.76493901014328,0.48498111963272095,0.42676302790641785,0.027071991935372353,0.9999627470970154,0.4613057076931,0.4146133065223694,-0.027099275961518288,0.9999135732650757,0.47399386763572693,0.5292240381240845,0.0052919164299964905,0.9078918695449829,0.4506811499595642,0.45462721586227417,-0.15751692652702332,0.8006274700164795,0.47012487053871155,0.6453168392181396,0.03947575390338898,0.9442402124404907,0.4440040588378906,0.49521082639694214,-0.03315017744898796,0.5787421464920044,0.47484999895095825,0.6795074939727783,-0.00408126087859273,0.9534710645675659,0.4343357980251312,0.5234754681587219,-0.03846322372555733,0.6495054960250854
252,8.4,0.5368796586990356,0.3888323903083801,-0.19422613084316254,0.9996428489685059,0.525981605052948,0.32736629247665405,-0.09816315025091171,0.9999758005142212,0.5096150636672974,0.36256349086761475,-0.16332975029945374,0.999792754650116,0.5274216532707214,0.2683652937412262,-0.06666445732116699,0.5383887887001038,0.4967363774776459,0.38666513562202454,-0.1656106561422348,0.8097695708274841,0.5363950133323669,0.2110781967639923,-0.07478982210159302,0.5694626569747925,0.5047756433486938,0.37286970019340515,-0.16420724987983704,0.7167242765426636,0.4831032156944275,0.40213653445243835,0.026569554582238197,0.999965250492096,0.46340861916542053,0.4019964337348938,-0.026643192395567894,0.9999164938926697,0.4728810787200928,0.5174806118011475,0.0378810353577137,0.901638388633728,0.4583219885826111,0.48452186584472656,-0.01377820409834385,0.812060534954071,0.46607622504234314,0.6446598768234253,0.0781816691160202,0.9455081820487976,0.4417111277580261,0.4895104169845581,0.1092492938041687,0.5914891362190247,0.46166810393333435,0.6572981476783752,0.04384506866335869,0.9524238705635071,0.43613380193710327,0.507080078125,0.12073758989572525,0.6534631252288818
253,8.433333333333334,0.5415652990341187,0.38601019978523254,-0.08613573014736176,0.9996746182441711,0.5248731374740601,0.3220354914665222,-0.061527155339717865,0.9999772310256958,0.5175042152404785,0.37288984656333923,-0.10429098457098007,0.9998103976249695,0.5295788049697876,0.2648070156574249,-0.06054822355508804,0.5661973357200623,0.5194820165634155,0.3511958718299866,-0.1402183473110199,0.8031696677207947,0.5384828448295593,0.20702682435512543,-0.09074391424655914,0.6060585379600525,0.5251226425170898,0.31486544013023376,-0.16326799988746643,0.7201088070869446,0.47280603647232056,0.39426982402801514,0.03092277981340885,0.999968409538269,0.47246748208999634,0.41134464740753174,-0.03101552650332451,0.9999246597290039,0.45043468475341797,0.4499821066856384,0.13382616639137268,0.838728129863739,0.4704654812812805,0.5057663917541504,-0.07442988455295563,0.8308318853378296,0.4446255564689636,0.4679773151874542,0.24616973102092743,0.8893980383872986,0.46133869886398315,0.6387649774551392,-0.1083802580833435,0.6323195695877075,0.4359434247016907,0.48973575234413147,0.27058109641075134,0.9104952216148376,0.46602192521095276,0.6689165234565735,-0.13422664999961853,0.6880437731742859
254,8.466666666666667,0.54072505235672,0.3843477964401245,-0.2902161180973053,0.9993626475334167,0.5299263596534729,0.3241652548313141,-0.17407825589179993,0.9998709559440613,0.5138598680496216,0.367483526468277,-0.25590386986732483,0.9987674355506897,0.5365356206893921,0.25296610593795776,-0.1557728350162506,0.5212674140930176,0.5077444314956665,0.33740338683128357,-0.27518007159233093,0.7947685718536377,0.5508119463920593,0.17886203527450562,-0.19112130999565125,0.5718492269515991,0.5289081931114197,0.3105735778808594,-0.29002419114112854,0.6560112833976746,0.474283367395401,0.40190666913986206,0.03562255948781967,0.9999626874923706,0.4687037467956543,0.3992093503475189,-0.03574954718351364,0.999902606010437,0.4524148404598236,0.4818003475666046,0.05814005807042122,0.8130961060523987,0.46637097001075745,0.4998323619365692,-0.04697496443986893,0.831890881061554,0.45430898666381836,0.5779094696044922,0.12869007885456085,0.8924024105072021,0.4231203496456146,0.4581418037414551,0.06905428320169449,0.6250388026237488,0.45572629570961,0.6505693793296814,0.07930169254541397,0.9090790748596191,0.3987678587436676,0.4821806252002716,0.07098575681447983,0.6646882891654968
255,8.5,0.5415690541267395,0.38345617055892944,-0.21642613410949707,0.9980581998825073,0.5302214026451111,0.3228853642940521,-0.1328195333480835,0.9998570084571838,0.5126162767410278,0.3660609722137451,-0.2125457525253296,0.9985414147377014,0.5374227166175842,0.2512304484844208,-0.12460082769393921,0.4789620339870453,0.5002050399780273,0.35156938433647156,-0.2609657347202301,0.7556532025337219,0.5513253808021545,0.1771661639213562,-0.15867368876934052,0.538203239440918,0.5094751715660095,0.3378114402294159,-0.3141569495201111,0.5935767292976379,0.4766576886177063,0.40237173438072205,0.03699425235390663,0.9999613761901855,0.46622616052627563,0.39964935183525085,-0.037123460322618484,0.9998930096626282,0.45323190093040466,0.49793094396591187,0.038954708725214005,0.7779011130332947,0.464412122964859,0.5003564953804016,-0.0474192276597023,0.8281740546226501,0.4564153254032135,0.6119717955589294,0.06039024516940117,0.8948526978492737,0.4199725091457367,0.4516467750072479,0.08337084949016571,0.60618656873703,0.4647863805294037,0.6747757196426392,0.00032195314997807145,0.9070079922676086,0.3939492106437683,0.4703270494937897,0.09683816134929657,0.6338969469070435
256,8.533333333333333,0.5439268946647644,0.3797414004802704,-0.11414948850870132,0.9971888661384583,0.5291885137557983,0.3173378109931946,-0.07925377786159515,0.9998612999916077,0.5166434645652771,0.369832307100296,-0.1436275690793991,0.9984622001647949,0.5371966361999512,0.24859409034252167,-0.08904911577701569,0.44486844539642334,0.5001077055931091,0.35862281918525696,-0.21793751418590546,0.7032911777496338,0.5523146390914917,0.17358070611953735,-0.11975787580013275,0.5222768783569336,0.5138854384422302,0.33811646699905396,-0.285208523273468,0.538154661655426,0.4748157858848572,0.4002733528614044,0.03673159331083298,0.9999608993530273,0.4647704064846039,0.4035283923149109,-0.03685038909316063,0.9998913407325745,0.4573623239994049,0.5053104758262634,0.03891771659255028,0.7212698459625244,0.4635620713233948,0.4983556568622589,-0.04336366802453995,0.8244501352310181,0.4567086100578308,0.6252747178077698,0.03927803784608841,0.8855826258659363,0.418680340051651,0.4521293342113495,0.027207544073462486,0.6176098585128784,0.46937498450279236,0.6795573234558105,-0.009160829707980156,0.8956036567687988,0.39301228523254395,0.47003552317619324,0.022413328289985657,0.6351170539855957
257,8.566666666666666,0.5452380180358887,0.3770400285720825,-0.11875079572200775,0.9966414570808411,0.5284346342086792,0.3132632374763489,-0.0813463032245636,0.999866247177124,0.5187799334526062,0.3726606070995331,-0.14517095685005188,0.998367428779602,0.5372499227523804,0.24502523243427277,-0.08788149058818817,0.4200042486190796,0.499138742685318,0.3628368675708771,-0.21306800842285156,0.6541270017623901,0.5522698163986206,0.17360042035579681,-0.12284719944000244,0.5094038844108582,0.5142495036125183,0.33989667892456055,-0.27495935559272766,0.48568016290664673,0.47285255789756775,0.3982638418674469,0.03643416240811348,0.9999611973762512,0.4639829695224762,0.4051007926464081,-0.0365506112575531,0.9998921155929565,0.45897597074508667,0.5086439251899719,0.04366332292556763,0.6773605346679688,0.46295565366744995,0.4991269111633301,-0.038259975612163544,0.8200613856315613,0.4571148455142975,0.629172682762146,0.04140719398856163,0.8795014023780823,0.41900405287742615,0.4525947868824005,0.02892269752919674,0.6309608817100525,0.4709460735321045,0.6797017455101013,-0.0037300169933587313,0.8866609930992126,0.39358463883399963,0.4713112711906433,0.0235137976706028,0.6373234391212463
258,8.6,0.5455809235572815,0.3760126233100891,-0.13816460967063904,0.9957208037376404,0.5281460881233215,0.31230828166007996,-0.09534677863121033,0.9998704791069031,0.5191212296485901,0.3721908926963806,-0.16215261816978455,0.9983391165733337,0.5368736386299133,0.24610744416713715,-0.10244450718164444,0.39589476585388184,0.4971865117549896,0.36582115292549133,-0.258596807718277,0.6167203187942505,0.5524567365646362,0.17454607784748077,-0.14059117436408997,0.48778843879699707,0.509303092956543,0.3435162305831909,-0.3551405966281891,0.43858602643013,0.47282713651657104,0.39837074279785156,0.037235014140605927,0.9999606013298035,0.46326738595962524,0.4045308530330658,-0.03735573589801788,0.9998903870582581,0.45931729674339294,0.5107571482658386,0.04654654115438461,0.6302040219306946,0.4618305563926697,0.4981200397014618,-0.03656831011176109,0.809214174747467,0.45736217498779297,0.6306630969047546,0.05253716558218002,0.8682832717895508,0.41895946860313416,0.45166248083114624,0.0416145958006382,0.6344249248504639,0.471579372882843,0.6802838444709778,0.010828429833054543,0.8734222054481506,0.39406079053878784,0.4707508385181427,0.035658322274684906,0.6297646760940552
259,8.633333333333333,0.5456691384315491,0.37561118602752686,-0.18069903552532196,0.9957669973373413,0.5284318923950195,0.3135738670825958,-0.12649570405483246,0.9998767375946045,0.5178486108779907,0.36987990140914917,-0.20021454989910126,0.9983920454978943,0.5369584560394287,0.24700626730918884,-0.13126233220100403,0.3812725841999054,0.49713367223739624,0.3656025826931,-0.29285016655921936,0.6054890751838684,0.5525906085968018,0.17505145072937012,-0.17018266022205353,0.4763675630092621,0.5086219906806946,0.34682533144950867,-0.3896562159061432,0.3986595869064331,0.47384515404701233,0.4001055955886841,0.03753194212913513,0.9999594688415527,0.46287408471107483,0.40367862582206726,-0.03765402361750603,0.9998869299888611,0.46012869477272034,0.5119268894195557,0.04373731464147568,0.5961096882820129,0.46038585901260376,0.4967197775840759,-0.03307642787694931,0.8029544353485107,0.4574211537837982,0.6311753392219543,0.04915454238653183,0.8575261235237122,0.4192582964897156,0.45163723826408386,0.07592201977968216,0.6300753355026245,0.47176700830459595,0.6804270148277283,0.00867463555186987,0.8631284236907959,0.3948027789592743,0.47053951025009155,0.0804734081029892,0.6161999106407166
260,8.666666666666666,0.5470787286758423,0.37006571888923645,0.009281010366976261,0.9959461092948914,0.5268207788467407,0.3039543032646179,-0.009811478666961193,0.9998877048492432,0.5205680131912231,0.3728196918964386,-0.07741015404462814,0.9985179305076599,0.5402846932411194,0.24108825623989105,-0.017791815102100372,0.4328114688396454,0.5081406831741333,0.36695611476898193,-0.16732138395309448,0.6172926425933838,0.563503623008728,0.19030572474002838,-0.04115293547511101,0.508531928062439,0.529748797416687,0.33299654722213745,-0.23418161273002625,0.36418861150741577,0.47010087966918945,0.39829638600349426,0.03789719566702843,0.999962329864502,0.4646607041358948,0.40854161977767944,-0.03801777958869934,0.9998950362205505,0.46189388632774353,0.5080404281616211,0.044691890478134155,0.6192203760147095,0.46489542722702026,0.5028595328330994,-0.04338435083627701,0.8220757842063904,0.4519733786582947,0.6292465925216675,0.03338051214814186,0.8700080513954163,0.4155716300010681,0.45769327878952026,-0.023040499538183212,0.6665337681770325,0.4646351933479309,0.6780283451080322,-0.007043486926704645,0.8741469979286194,0.3939518332481384,0.4973156452178955,-0.03824206814169884,0.6530899405479431
261,8.7,0.5472841858863831,0.36869016289711,0.00481930049136281,0.9961283802986145,0.5265587568283081,0.3018704652786255,-0.010474825277924538,0.999897837638855,0.5213698744773865,0.37221547961235046,-0.08056070655584335,0.9986331462860107,0.5414150953292847,0.23842565715312958,-0.014704476110637188,0.48010700941085815,0.5074225068092346,0.3691216707229614,-0.17304834723472595,0.633438766002655,0.5648279786109924,0.1912197768688202,-0.03652435541152954,0.5418421626091003,0.5319703817367554,0.3359173536300659,-0.2419043332338333,0.33489739894866943,0.4700237810611725,0.3977477252483368,0.038433559238910675,0.9999644756317139,0.4655954837799072,0.40924131870269775,-0.038548003882169724,0.9999008774757385,0.4643319547176361,0.5075092911720276,0.04108485206961632,0.6428041458129883,0.46572962403297424,0.5048115849494934,-0.043680720031261444,0.8391797542572021,0.45082059502601624,0.6277346611022949,0.021799292415380478,0.8814460039138794,0.4143979549407959,0.4581672251224518,-0.011131302453577518,0.6991933584213257,0.46229544281959534,0.6770275831222534,-0.017679156735539436,0.8844939470291138,0.3934382200241089,0.5071768164634705,-0.020899469032883644,0.6859766840934753
262,8.733333333333333,0.5484088659286499,0.3611151874065399,-0.03061799146234989,0.9964993000030518,0.526161253452301,0.2984636723995209,-0.015983354300260544,0.9999065399169922,0.5201662182807922,0.37149879336357117,-0.08879188448190689,0.9987449049949646,0.5456219911575317,0.24253368377685547,0.011283138766884804,0.5153496861457825,0.5125755071640015,0.37673208117485046,-0.10676366090774536,0.6568713784217834,0.5754465460777283,0.20428892970085144,0.006530236452817917,0.5769200325012207,0.5414674878120422,0.3427899479866028,-0.0904151052236557,0.3472867012023926,0.46706557273864746,0.39939677715301514,0.03830352798104286,0.9999659061431885,0.4682915210723877,0.41745078563690186,-0.03842335194349289,0.9999068975448608,0.46492987871170044,0.5084195733070374,0.05350364372134209,0.6666234731674194,0.47265705466270447,0.5117104649543762,-0.05272423103451729,0.8547583818435669,0.43965333700180054,0.6180042624473572,0.049336157739162445,0.891258955001831,0.4161766469478607,0.5305948257446289,-0.026944991201162338,0.7285972237586975,0.4487476348876953,0.6561253666877747,0.02076711133122444,0.8929342031478882,0.39958158135414124,0.5752041339874268,-0.036196108907461166,0.7153282165527344
263,8.766666666666667,0.5476576685905457,0.35839980840682983,-0.006109144538640976,0.9968235492706299,0.5257023572921753,0.2986913323402405,0.003990436438471079,0.9999139904975891,0.5194401741027832,0.3707016408443451,-0.06651445478200912,0.9988388419151306,0.546736478805542,0.24686817824840546,0.03009946271777153,0.5480921268463135,0.5176154971122742,0.37865185737609863,-0.021696601063013077,0.661323070526123,0.576607882976532,0.2074848860502243,0.027800550684332848,0.605644166469574,0.5431018471717834,0.3443267345428467,0.07350976765155792,0.33582618832588196,0.46618586778640747,0.3998258709907532,0.036614999175071716,0.9999669790267944,0.46920186281204224,0.42241615056991577,-0.036759380251169205,0.9999110102653503,0.4664232134819031,0.509292483329773,0.04890487343072891,0.6910824775695801,0.47431737184524536,0.5142554044723511,-0.04955399036407471,0.8683809638023376,0.43913498520851135,0.6147357821464539,0.04654345661401749,0.8998980522155762,0.4170912802219391,0.5401104688644409,-0.018302071839571,0.7545037865638733,0.44890379905700684,0.655835747718811,0.017362317070364952,0.90044766664505,0.40380221605300903,0.5831905603408813,-0.027037974447011948,0.7403225302696228
264,8.8,0.5476254224777222,0.35671594738960266,0.011468387208878994,0.997109591960907,0.5256913900375366,0.29838627576828003,0.0031141203362494707,0.9999217391014099,0.5198702216148376,0.36963361501693726,-0.07653704285621643,0.9989393353462219,0.5482162237167358,0.24709860980510712,0.015919603407382965,0.5864027142524719,0.5178776979446411,0.38046374917030334,-0.09903661161661148,0.6892624497413635,0.5772939920425415,0.21394909918308258,-0.004411266651004553,0.6390994191169739,0.5452529191970825,0.3516588807106018,-0.08535082638263702,0.352726548910141,0.4662342667579651,0.40221813321113586,0.03762570768594742,0.9999679327011108,0.4703369140625,0.42329657077789307,-0.03775651380419731,0.9999150633811951,0.46704262495040894,0.5095070600509644,0.055738579481840134,0.7117574214935303,0.47364920377731323,0.5148109197616577,-0.06268291920423508,0.8810349702835083,0.4382147789001465,0.612780749797821,0.04801694303750992,0.9078715443611145,0.41736942529678345,0.543226420879364,-0.04273543506860733,0.7782853245735168,0.44809818267822266,0.652477502822876,0.01840948686003685,0.9072617292404175,0.40552932024002075,0.5840330123901367,-0.054358284920454025,0.7639148831367493
265,8.833333333333334,0.5448248982429504,0.34861356019973755,-0.17629124224185944,0.9973582029342651,0.5269841551780701,0.3046039044857025,-0.0869220644235611,0.9999251961708069,0.512165367603302,0.3675539791584015,-0.1911618709564209,0.9989862442016602,0.5563830137252808,0.2524429261684418,-0.05806141346693039,0.5589950680732727,0.5159246325492859,0.39111360907554626,-0.24838168919086456,0.6799260377883911,0.583730161190033,0.26214712858200073,-0.09787778556346893,0.6627537608146667,0.5432406663894653,0.391813188791275,-0.3045024573802948,0.38324952125549316,0.47516345977783203,0.41068407893180847,0.041334036737680435,0.9999474287033081,0.4701455533504486,0.4232215881347656,-0.04142140597105026,0.9998824000358582,0.4778694212436676,0.5169240832328796,0.037610672414302826,0.6579990386962891,0.4743382930755615,0.5186684727668762,-0.08996357768774033,0.8603392839431763,0.43559783697128296,0.5967255234718323,0.055281490087509155,0.8631157279014587,0.4289308488368988,0.5928769707679749,-0.05888516828417778,0.7762560844421387,0.43682822585105896,0.6358615756034851,0.019762594252824783,0.8707959055900574,0.4332655966281891,0.6437059044837952,-0.08692902326583862,0.7568724155426025
266,8.866666666666667,0.5437215566635132,0.3468562960624695,-0.19854794442653656,0.9975777864456177,0.5280547142028809,0.30886051058769226,-0.10551530122756958,0.9999287724494934,0.5089771747589111,0.36539000272750854,-0.2066679447889328,0.9990274310112,0.5583352446556091,0.2536435127258301,-0.07520436495542526,0.5392391681671143,0.5137217044830322,0.3916836082935333,-0.26233088970184326,0.6794471144676208,0.5859529972076416,0.26852166652679443,-0.11194302141666412,0.6861834526062012,0.5430361032485962,0.3984065055847168,-0.31845739483833313,0.41478830575942993,0.4794594645500183,0.41445639729499817,0.04217277094721794,0.999932587146759,0.47014766931533813,0.4225444495677948,-0.04225979000329971,0.999858558177948,0.48430687189102173,0.5223837494850159,0.021972842514514923,0.6132090091705322,0.47393932938575745,0.5191712975502014,-0.09482954442501068,0.8416209816932678,0.43656259775161743,0.591684877872467,0.05558968335390091,0.8254904747009277,0.4314187467098236,0.5940095782279968,-0.051005102694034576,0.7749735713005066,0.43540963530540466,0.6326965689659119,0.017981650307774544,0.8416128158569336,0.4347350597381592,0.6445506811141968,-0.08193932473659515,0.7519447207450867
267,8.9,0.5434378385543823,0.34636062383651733,-0.19188562035560608,0.9977729916572571,0.5288246870040894,0.30922624468803406,-0.1012200266122818,0.9999318718910217,0.50864577293396,0.3622012734413147,-0.20628567039966583,0.9990634322166443,0.5598496794700623,0.2553548514842987,-0.07679025828838348,0.5264973640441895,0.5130980610847473,0.39160147309303284,-0.26414284110069275,0.6840401291847229,0.5878690481185913,0.2709677815437317,-0.12063789367675781,0.7079272270202637,0.5431352853775024,0.39885494112968445,-0.32009753584861755,0.4454783499240875,0.48051685094833374,0.41580092906951904,0.04267076402902603,0.9999174475669861,0.47009068727493286,0.42218419909477234,-0.042751245200634,0.9998326301574707,0.4849573075771332,0.5255895853042603,0.018561985343694687,0.5724369883537292,0.4738536775112152,0.519225537776947,-0.09573277831077576,0.8224717378616333,0.4364018440246582,0.5922092795372009,0.054359130561351776,0.7881064414978027,0.4315055012702942,0.5959365367889404,-0.050179772078990936,0.7681708931922913,0.43519824743270874,0.6345190405845642,0.013524157926440239,0.8122544288635254,0.4354795515537262,0.6483907699584961,-0.07989216595888138,0.7412175536155701
268,8.933333333333334,0.5369120836257935,0.3377554714679718,-0.18303599953651428,0.9979767799377441,0.5286963582038879,0.31374070048332214,-0.08113391697406769,0.999936044216156,0.5073872208595276,0.3631139397621155,-0.1837015450000763,0.9991160035133362,0.562300980091095,0.27776941657066345,-0.03343398496508598,0.5268476009368896,0.5049141049385071,0.3967862129211426,-0.24559465050697327,0.676092267036438,0.5859166979789734,0.2948971092700958,-0.04834551736712456,0.7266007661819458,0.5314201712608337,0.42606866359710693,-0.30496928095817566,0.4432752728462219,0.47950997948646545,0.4280174672603607,0.04550644010305405,0.9999162554740906,0.4710962176322937,0.4335990846157074,-0.04557979851961136,0.9998350739479065,0.4714975953102112,0.5195140838623047,0.13003085553646088,0.5288035273551941,0.48196738958358765,0.5338964462280273,-0.11333360522985458,0.8375183343887329,0.42583951354026794,0.5773575901985168,0.1995411217212677,0.7591302990913391,0.45775336027145386,0.6487734317779541,-0.11942195892333984,0.7892768979072571,0.4262785315513611,0.600152850151062,0.18720248341560364,0.7877973914146423,0.47485652565956116,0.6893928647041321,-0.14535930752754211,0.7637643814086914
269,8.966666666666667,0.5358006954193115,0.3357802629470825,-0.20678265392780304,0.9981772899627686,0.528478741645813,0.3136690557003021,-0.082520991563797,0.9999409317970276,0.5076137185096741,0.3654022216796875,-0.19728752970695496,0.9991869926452637,0.5628435015678406,0.28205305337905884,-0.040235988795757294,0.5481681227684021,0.5052672624588013,0.4039478600025177,-0.24633200466632843,0.6976178288459778,0.5855994820594788,0.2984012961387634,-0.06711747497320175,0.7503851652145386,0.5305260419845581,0.4311813712120056,-0.28833433985710144,0.4816054403781891,0.4782941937446594,0.4301058351993561,0.0496056005358696,0.9999193549156189,0.4731403887271881,0.44365882873535156,-0.04967843368649483,0.9998450875282288,0.4661272168159485,0.5157784223556519,0.15791092813014984,0.517418622970581,0.48451781272888184,0.5384435653686523,-0.10843522846698761,0.8534857034683228,0.4256123900413513,0.5747355222702026,0.2357264757156372,0.7668602466583252,0.45959290862083435,0.652944028377533,-0.11898522078990936,0.8100966215133667,0.4286929666996002,0.6010664105415344,0.22934260964393616,0.7967595458030701,0.47673600912094116,0.6909027695655823,-0.14485304057598114,0.7868832349777222
270,9.0,0.5271063446998596,0.33945944905281067,-0.3050501346588135,0.9983572363853455,0.5420631170272827,0.3378393054008484,-0.11544588953256607,0.9999446868896484,0.4998859465122223,0.383762389421463,-0.22034123539924622,0.9992027878761292,0.5748011469841003,0.3452931046485901,-0.05810731649398804,0.5790698528289795,0.4943809509277344,0.45710495114326477,-0.23277819156646729,0.7076669335365295,0.5928366184234619,0.40246087312698364,-0.10237554460763931,0.7733186483383179,0.519004225730896,0.49491769075393677,-0.26642847061157227,0.5255757570266724,0.4866700768470764,0.458201140165329,0.04759335145354271,0.9998292922973633,0.473898321390152,0.4570879340171814,-0.04767633229494095,0.9996874332427979,0.46709686517715454,0.5356543064117432,0.0995306596159935,0.491064190864563,0.4931236207485199,0.5457003116607666,-0.10582007467746735,0.8372602462768555,0.4181569516658783,0.5309750437736511,0.16256144642829895,0.7415632605552673,0.4681776463985443,0.6324186325073242,-0.08074185997247696,0.8060173392295837,0.4070219099521637,0.5494500398635864,0.12628455460071564,0.7741008400917053,0.4754120409488678,0.6626314520835876,-0.0989140123128891,0.7855842709541321
271,9.033333333333333,0.5265530347824097,0.34147316217422485,-0.31608837842941284,0.9985207915306091,0.5412427186965942,0.3427188992500305,-0.12172464281320572,0.9999493956565857,0.4995118975639343,0.3864248991012573,-0.2431066930294037,0.9992736577987671,0.5739835500717163,0.3471375107765198,-0.06611214578151703,0.6158367991447449,0.4937087595462799,0.46174824237823486,-0.2655484080314636,0.7351565957069397,0.5936378240585327,0.40427958965301514,-0.11023644357919693,0.7950087785720825,0.5202949047088623,0.5015513300895691,-0.31377071142196655,0.5720865726470947,0.4874575138092041,0.4634068012237549,0.05045747756958008,0.9998372197151184,0.4746478199958801,0.46436282992362976,-0.050508689135313034,0.9997097253799438,0.46754568815231323,0.5312672257423401,0.12672059237957,0.4757474660873413,0.496188223361969,0.5585414171218872,-0.13675889372825623,0.8529823422431946,0.4163694381713867,0.5272729396820068,0.2577302157878876,0.7195850610733032,0.48325806856155396,0.6706316471099854,-0.12577340006828308,0.8248050808906555,0.40719717741012573,0.5551756024360657,0.25202980637550354,0.7650672793388367,0.4965420365333557,0.706113338470459,-0.1668323576450348,0.806265652179718
272,9.066666666666666,0.5248047113418579,0.3418341875076294,-0.29156458377838135,0.9986661076545715,0.5404883623123169,0.3412841558456421,-0.1096680760383606,0.9999527335166931,0.49921220541000366,0.38699352741241455,-0.2196715772151947,0.9993077516555786,0.5747936964035034,0.34783363342285156,-0.05046292021870613,0.6350990533828735,0.4936005175113678,0.462163507938385,-0.2473333179950714,0.7464512586593628,0.5935543179512024,0.4047366678714752,-0.08663369715213776,0.8132947087287903,0.5197767019271851,0.5012602210044861,-0.2808222770690918,0.6105542778968811,0.48921021819114685,0.46335941553115845,0.049338676035404205,0.9997958540916443,0.4761289656162262,0.46443143486976624,-0.049421101808547974,0.9996519088745117,0.46814364194869995,0.537948727607727,0.0766722559928894,0.44584569334983826,0.49652042984962463,0.5528902411460876,-0.12014292180538177,0.8346800208091736,0.4152697026729584,0.5262646079063416,0.18077820539474487,0.6835728287696838,0.4855577051639557,0.6669290065765381,-0.08984878659248352,0.8179611563682556,0.4051227569580078,0.5544300675392151,0.1911494880914688,0.731394350528717,0.4906385540962219,0.6967185139656067,-0.13296860456466675,0.8000571727752686
273,9.1,0.5238056778907776,0.34225279092788696,-0.30551281571388245,0.9987985491752625,0.54002845287323,0.341217964887619,-0.11956006288528442,0.9999567270278931,0.4987562596797943,0.38725873827934265,-0.2312980592250824,0.9993662238121033,0.5751119256019592,0.3481031656265259,-0.058627378195524216,0.661540687084198,0.4930388927459717,0.459648460149765,-0.25007912516593933,0.7638893127441406,0.5935779213905334,0.4045317471027374,-0.09329394996166229,0.8305900692939758,0.5195320248603821,0.5007514953613281,-0.29251739382743835,0.6469910740852356,0.4902995228767395,0.46401432156562805,0.048220593482255936,0.9998026490211487,0.4769943654537201,0.466237336397171,-0.04829251766204834,0.9996726512908936,0.4673672616481781,0.5348743200302124,0.12436755001544952,0.42177945375442505,0.4969722330570221,0.5596362352371216,-0.13294926285743713,0.8484878540039062,0.4158708453178406,0.5265913009643555,0.24862642586231232,0.6494022011756897,0.48491039872169495,0.6746319532394409,-0.10770107805728912,0.8333393335342407,0.4066113829612732,0.5571095943450928,0.24371030926704407,0.7071110010147095,0.4963453412055969,0.7097448706626892,-0.1434144675731659,0.8167937397956848
274,9.133333333333333,0.5235869884490967,0.3427489995956421,-0.2931874096393585,0.9989177584648132,0.5401797294616699,0.34085628390312195,-0.1118311882019043,0.9999602437019348,0.4980464577674866,0.3878563642501831,-0.21785125136375427,0.9994140267372131,0.5756204724311829,0.34777748584747314,-0.05628896504640579,0.6863266229629517,0.49285250902175903,0.4599461555480957,-0.2409667670726776,0.7790876626968384,0.5932785272598267,0.40366002917289734,-0.08995681256055832,0.8465332984924316,0.519241213798523,0.5012246370315552,-0.2798590660095215,0.6797800064086914,0.490807443857193,0.4662761986255646,0.04789154976606369,0.9997993111610413,0.47760558128356934,0.4663221538066864,-0.047972045838832855,0.9996777176856995,0.46774715185165405,0.5326901078224182,0.1050759106874466,0.4092438519001007,0.49602586030960083,0.558317244052887,-0.13058848679065704,0.8595246076583862,0.41637173295021057,0.5267230272293091,0.20131048560142517,0.6330606937408447,0.4840814173221588,0.6755610704421997,-0.09846996515989304,0.8464667201042175,0.4065576195716858,0.5512458086013794,0.19077029824256897,0.6970316171646118,0.4964626431465149,0.7096881866455078,-0.12903441488742828,0.8309993147850037
275,9.166666666666666,0.5236092805862427,0.3430173099040985,-0.27865102887153625,0.999020516872406,0.5402361154556274,0.3408671021461487,-0.10632747411727905,0.9999619722366333,0.49812835454940796,0.38654375076293945,-0.21163709461688995,0.9994213581085205,0.5760258436203003,0.34734269976615906,-0.046267613768577576,0.6899095177650452,0.4926682412624359,0.4588069021701813,-0.22911329567432404,0.7756766676902771,0.5931859612464905,0.4034735858440399,-0.0806371420621872,0.8583700656890869,0.5182901620864868,0.5014731287956238,-0.25612083077430725,0.7033222317695618,0.49164414405822754,0.4684482514858246,0.045118384063243866,0.9997060298919678,0.4774327874183655,0.46498769521713257,-0.04522949457168579,0.9995372295379639,0.46875447034835815,0.5401166081428528,0.06144048646092415,0.38296523690223694,0.5035356283187866,0.5547307729721069,-0.11219122260808945,0.820676326751709,0.4166543483734131,0.5271963477134705,0.12082980573177338,0.6044096946716309,0.4826199412345886,0.667184591293335,-0.05165400356054306,0.8217652440071106,0.4067482352256775,0.5541280508041382,0.0872446820139885,0.6691796779632568,0.48753517866134644,0.6924313306808472,-0.08191848546266556,0.8080629110336304
