frame,timestamp,nose_x,nose_y,nose_z,nose_visibility,left_shoulder_x,left_shoulder_y,left_shoulder_z,left_shoulder_visibility,right_shoulder_x,right_shoulder_y,right_shoulder_z,right_shoulder_visibility,left_elbow_x,left_elbow_y,left_elbow_z,left_elbow_visibility,right_elbow_x,right_elbow_y,right_elbow_z,right_elbow_visibility,left_wrist_x,left_wrist_y,left_wrist_z,left_wrist_visibility,right_wrist_x,right_wrist_y,right_wrist_z,right_wrist_visibility,left_hip_x,left_hip_y,left_hip_z,left_hip_visibility,right_hip_x,right_hip_y,right_hip_z,right_hip_visibility,left_knee_x,left_knee_y,left_knee_z,left_knee_visibility,right_knee_x,right_knee_y,right_knee_z,right_knee_visibility,left_ankle_x,left_ankle_y,left_ankle_z,left_ankle_visibility,right_ankle_x,right_ankle_y,right_ankle_z,right_ankle_visibility,left_foot_x,left_foot_y,left_foot_z,left_foot_visibility,right_foot_x,right_foot_y,right_foot_z,right_foot_visibility
1,0.03333333333333333,0.5027552247047424,0.09918778389692307,-0.10559733211994171,0.6417558789253235,0.5471097230911255,0.18109335005283356,-0.019761065021157265,0.9861927032470703,0.47287529706954956,0.1782316416501999,0.03223593160510063,0.9717836380004883,0.5624672174453735,0.2749095559120178,-0.09012504667043686,0.13445687294006348,0.42458969354629517,0.2451305389404297,-0.039944346994161606,0.39357370138168335,0.5144412517547607,0.2387184500694275,-0.21495644748210907,0.138267382979393,0.4481079578399658,0.17646892368793488,-0.201036736369133,0.25187814235687256,0.5278818011283875,0.3761095702648163,-0.016732927411794662,0.9976845979690552,0.48512500524520874,0.3752743899822235,0.016562851145863533,0.9974104762077332,0.5112257599830627,0.5298930406570435,-0.0148922773078084,0.5686900019645691,0.4874686598777771,0.5344550609588623,0.017695195972919464,0.7688198089599609,0.492056667804718,0.6958422064781189,0.015407225117087364,0.8383979201316833,0.4948543906211853,0.476522833108902,0.2787444293498993,0.6556413173675537,0.48307523131370544,0.7376174330711365,-0.08392813056707382,0.763716459274292,0.4937741160392761,0.5084277391433716,0.29052191972732544,0.5552703142166138
2,0.06666666666666667,0.5032182335853577,0.0997539758682251,-0.1355847418308258,0.6775676012039185,0.5470107793807983,0.18165183067321777,-0.04590049758553505,0.9875680804252625,0.47286051511764526,0.17821502685546875,0.021301934495568275,0.9745677709579468,0.5624722838401794,0.27490976452827454,-0.11816811561584473,0.20305047929286957,0.42462295293807983,0.24513830244541168,-0.0502229705452919,0.4303460419178009,0.5145062804222107,0.23871943354606628,-0.24703054130077362,0.21485233306884766,0.4482637941837311,0.17526233196258545,-0.2213803231716156,0.31727614998817444,0.5278809070587158,0.3760703206062317,-0.01890900544822216,0.9978989958763123,0.48511844873428345,0.375257283449173,0.01874583587050438,0.9976235032081604,0.5112167596817017,0.5298830270767212,-0.024536961689591408,0.5778076648712158,0.48728400468826294,0.5344585180282593,0.017531326040625572,0.7089605331420898,0.49207744002342224,0.6960199475288391,0.0037897233851253986,0.8443621397018433,0.49764543771743774,0.5066398978233337,0.2788768708705902,0.5941470265388489,0.4830724596977234,0.7376944422721863,-0.1010192260146141,0.7749863266944885,0.4982733130455017,0.5340226292610168,0.2872392535209656,0.5069576501846313
3,0.1,0.5032200217247009,0.1084899827837944,-0.11541160196065903,0.7097893953323364,0.5456622838973999,0.1865261346101761,-0.022227097302675247,0.9888032674789429,0.4726924002170563,0.1828497350215912,0.04297565296292305,0.9770714044570923,0.5558391213417053,0.27460888028144836,-0.09940323978662491,0.2587546110153198,0.4219229817390442,0.2389925867319107,-0.02743721939623356,0.47220757603645325,0.509495735168457,0.23649275302886963,-0.23152470588684082,0.28213009238243103,0.4482256770133972,0.17237433791160583,-0.1945018768310547,0.37953993678092957,0.5264825224876404,0.38796311616897583,-0.018575647845864296,0.9980941414833069,0.48419445753097534,0.38608261942863464,0.01841581240296364,0.9978255033493042,0.5102954506874084,0.5510020852088928,-0.020414311438798904,0.5746479630470276,0.4848485589027405,0.5453256964683533,-0.0025335471145808697,0.6556230783462524,0.48761239647865295,0.7004924416542053,0.034943558275699615,0.8424898982048035,0.49752599000930786,0.506054699420929,0.2653072774410248,0.5371299386024475,0.48380690813064575,0.7445806860923767,-0.053828347474336624,0.7738757729530334,0.49796319007873535,0.5280290246009827,0.2779216468334198,0.46022072434425354
4,0.13333333333333333,0.5030929446220398,0.11131736636161804,-0.10959045588970184,0.738782525062561,0.5449280738830566,0.18877002596855164,-0.01771504059433937,0.9899140000343323,0.4724401533603668,0.18357577919960022,0.044008173048496246,0.9793226718902588,0.5533590912818909,0.2733420133590698,-0.09816064685583115,0.3064746856689453,0.42027002573013306,0.2365892380475998,-0.026815438643097878,0.5101861953735352,0.5087072253227234,0.23515671491622925,-0.22856974601745605,0.3422044813632965,0.44799932837486267,0.17060738801956177,-0.19294670224189758,0.4360865652561188,0.52611243724823,0.3899444043636322,-0.018042748793959618,0.9982667565345764,0.4836494028568268,0.38742774724960327,0.017879139631986618,0.997999906539917,0.5095800161361694,0.5549703240394592,-0.020894445478916168,0.5715700387954712,0.4838109016418457,0.5470253229141235,0.001647314289584756,0.6048317551612854,0.48582664132118225,0.7039353847503662,0.028627600520849228,0.8419556021690369,0.49606236815452576,0.5071563124656677,0.2682076096534729,0.4857078790664673,0.48418688774108887,0.7488477230072021,-0.06431054323911667,0.7747253179550171,0.4972071647644043,0.5266112089157104,0.27926069498062134,0.41796278953552246
5,0.16666666666666666,0.5030961632728577,0.11157482117414474,-0.10955724865198135,0.7648819088935852,0.5445729494094849,0.18917518854141235,-0.020715201273560524,0.9909131526947021,0.4722587466239929,0.18462564051151276,0.04183797538280487,0.9813490509986877,0.552990734577179,0.27334898710250854,-0.0993858054280281,0.3504303991794586,0.41949209570884705,0.23523685336112976,-0.028736377134919167,0.5456935167312622,0.5082271099090576,0.23403653502464294,-0.22753462195396423,0.39524152874946594,0.4480419158935547,0.16849905252456665,-0.18973687291145325,0.4867149591445923,0.5260058641433716,0.390898734331131,-0.018001357093453407,0.998424768447876,0.48345947265625,0.38941460847854614,0.017837097868323326,0.9981645941734314,0.509137749671936,0.5542625784873962,-0.021282050758600235,0.5728793144226074,0.48309436440467834,0.5472220182418823,0.004314598627388477,0.5608852505683899,0.4853672981262207,0.7053483724594116,0.027023017406463623,0.8448895812034607,0.49603623151779175,0.5080917477607727,0.26989203691482544,0.4401243031024933,0.48432856798171997,0.7494608759880066,-0.068799689412117,0.7798988819122314,0.4972785413265228,0.527426540851593,0.2809874415397644,0.3810462951660156
6,0.2,0.5029836297035217,0.11077775061130524,-0.10979638248682022,0.7883710265159607,0.5444303750991821,0.1900625377893448,-0.024451738223433495,0.9918131828308105,0.47208261489868164,0.18545737862586975,0.041393134742975235,0.9831687211990356,0.5530606508255005,0.2733704149723053,-0.10119660943746567,0.39507701992988586,0.418954461812973,0.23463544249534607,-0.0293682012706995,0.5762463212013245,0.5082231760025024,0.23415164649486542,-0.226614311337471,0.4454437792301178,0.44757014513015747,0.1687646210193634,-0.1918836236000061,0.5306729674339294,0.5258285403251648,0.39150476455688477,-0.017991039901971817,0.9985687732696533,0.48328933119773865,0.39078623056411743,0.017826054245233536,0.9983139038085938,0.5087751150131226,0.5543079972267151,-0.017119120806455612,0.5807279944419861,0.4827611446380615,0.5476458072662354,0.004644375294446945,0.5285261273384094,0.4851824641227722,0.7051382064819336,0.027837783098220825,0.8497277498245239,0.49557632207870483,0.5051316022872925,0.2704927921295166,0.4004491865634918,0.484316885471344,0.7498721480369568,-0.06569145619869232,0.786901593208313,0.4969950318336487,0.5264391899108887,0.2814924120903015,0.34979453682899475
7,0.23333333333333334,0.5028870701789856,0.11033772677183151,-0.10933748632669449,0.8095110654830933,0.5442661643028259,0.19076985120773315,-0.025295928120613098,0.9926224946975708,0.47184038162231445,0.18632538616657257,0.040354106575250626,0.9848077893257141,0.5529485940933228,0.2733321189880371,-0.10126640647649765,0.43464991450309753,0.418602854013443,0.23430030047893524,-0.030408967286348343,0.6055629253387451,0.5084067583084106,0.23421263694763184,-0.22588321566581726,0.49043595790863037,0.4474741518497467,0.1683298796415329,-0.18930740654468536,0.5713030695915222,0.5257320404052734,0.3918428122997284,-0.017958443611860275,0.9986968636512756,0.48311734199523926,0.3917703926563263,0.017793290317058563,0.9984461665153503,0.5085504055023193,0.5545337200164795,-0.01617484726011753,0.5859116315841675,0.4826928973197937,0.5481657385826111,0.004904969595372677,0.49799132347106934,0.4851295053958893,0.7050275802612305,0.026151379570364952,0.8529936075210571,0.4955698549747467,0.505032479763031,0.2686978280544281,0.36438265442848206,0.4843273162841797,0.7497575283050537,-0.06694887578487396,0.7918937802314758,0.49692803621292114,0.5253261923789978,0.2819333076477051,0.32106491923332214
8,0.26666666666666666,0.5030387043952942,0.11104974895715714,-0.12183262407779694,0.8285403847694397,0.5441696047782898,0.19108179211616516,-0.03412521257996559,0.9933510422706604,0.47169309854507446,0.1868332475423813,0.030268127098679543,0.9862837195396423,0.553134560585022,0.273404598236084,-0.11010666191577911,0.46968409419059753,0.41819438338279724,0.23459850251674652,-0.038333959877491,0.6314452290534973,0.5076528787612915,0.23385794460773468,-0.23439542949199677,0.5306997895240784,0.4473892152309418,0.16824252903461456,-0.19418346881866455,0.6079407334327698,0.5257077813148499,0.3917253613471985,-0.017939597368240356,0.9988098740577698,0.4829934537410736,0.391968309879303,0.017774907872080803,0.9985606670379639,0.5084372162818909,0.554624617099762,-0.015248844400048256,0.5878800749778748,0.4827255606651306,0.5485621094703674,0.005462222266942263,0.4669250547885895,0.4850837290287018,0.7049307227134705,0.026643287390470505,0.8552688956260681,0.4955739974975586,0.5058921575546265,0.2693973481655121,0.33134230971336365,0.48432475328445435,0.7496371865272522,-0.06582016497850418,0.796028733253479,0.49709782004356384,0.5252229571342468,0.282480388879776,0.2945979833602905
9,0.3,0.5030391216278076,0.11156446486711502,-0.13170182704925537,0.845668375492096,0.5441344380378723,0.1914108246564865,-0.0422821119427681,0.9940071105957031,0.47154921293258667,0.18685603141784668,0.021220119670033455,0.9876149892807007,0.5532176494598389,0.27336710691452026,-0.1180221289396286,0.5004951357841492,0.4180293083190918,0.23486056923866272,-0.04600263386964798,0.6540477871894836,0.5063591003417969,0.2332124561071396,-0.24354290962219238,0.5666379332542419,0.44629988074302673,0.1683080792427063,-0.20357723534107208,0.6407411098480225,0.5256949663162231,0.39152324199676514,-0.017805207520723343,0.9989128112792969,0.48288974165916443,0.3919687867164612,0.017640991136431694,0.9986664056777954,0.5083721280097961,0.5550661087036133,-0.014845957979559898,0.5905126333236694,0.4826415181159973,0.5489250421524048,0.005822727456688881,0.4394480884075165,0.48505067825317383,0.7048941254615784,0.027828514575958252,0.8574129939079285,0.4955563545227051,0.5050750970840454,0.2698541283607483,0.30163928866386414,0.48433881998062134,0.7495653033256531,-0.06403370201587677,0.8002153038978577,0.4970942437648773,0.525020956993103,0.2828224301338196,0.2709616720676422
10,0.3333333333333333,0.502973198890686,0.11176387965679169,-0.12869377434253693,0.8610826730728149,0.5440804362297058,0.19151882827281952,-0.04051472246646881,0.9945977330207825,0.4714638590812683,0.18677279353141785,0.021168943494558334,0.9888160228729248,0.5531547665596008,0.2731652855873108,-0.11535730212926865,0.5296433568000793,0.41806498169898987,0.23503074049949646,-0.046929847449064255,0.6759267449378967,0.505763590335846,0.2330530434846878,-0.23974648118019104,0.599880576133728,0.4457906186580658,0.16835033893585205,-0.20544135570526123,0.6714000105857849,0.5256908535957336,0.39127740263938904,-0.017485689371824265,0.9990062713623047,0.4828428626060486,0.3917691111564636,0.01732257753610611,0.9987637400627136,0.5082999467849731,0.5553227663040161,-0.01450162660330534,0.5952650904655457,0.48249897360801697,0.5490320920944214,0.003235830692574382,0.418342649936676,0.4850476384162903,0.7048197984695435,0.027854198589920998,0.8604397773742676,0.49535641074180603,0.5043954849243164,0.2655382454395294,0.27545830607414246,0.4843367040157318,0.7495561242103577,-0.06340868771076202,0.8051699995994568,0.49706488847732544,0.5247299671173096,0.2794995903968811,0.2504951059818268
11,0.36666666666666664,0.5028971433639526,0.11215157061815262,-0.1259823739528656,0.8749566674232483,0.544034481048584,0.19158583879470825,-0.04002734273672104,0.9951297640800476,0.4714542329311371,0.18667516112327576,0.021146636456251144,0.9898982644081116,0.5530787706375122,0.27312421798706055,-0.11387481540441513,0.5565192103385925,0.41814476251602173,0.23515374958515167,-0.04622822254896164,0.6960896253585815,0.5057181119918823,0.23279888927936554,-0.23714390397071838,0.6304301619529724,0.44548726081848145,0.16849207878112793,-0.20500457286834717,0.699190080165863,0.5256770849227905,0.391284316778183,-0.01731332577764988,0.9990895390510559,0.48276686668395996,0.3917771577835083,0.017150793224573135,0.9988494515419006,0.5082330107688904,0.555603563785553,-0.014494761824607849,0.5968490839004517,0.4824191629886627,0.5489170551300049,0.003654147731140256,0.39601215720176697,0.4850430488586426,0.7047792673110962,0.027476448565721512,0.8621864318847656,0.4952804446220398,0.5043776631355286,0.262113481760025,0.25126779079437256,0.4843342900276184,0.7495215535163879,-0.06461813300848007,0.8086857795715332,0.49703750014305115,0.524381697177887,0.2766500413417816,0.2312406301498413
12,0.4,0.5028122663497925,0.11272984743118286,-0.1234036311507225,0.8874462246894836,0.5439845323562622,0.19149011373519897,-0.03833339735865593,0.9956099987030029,0.4714910387992859,0.18659867346286774,0.022752948105335236,0.9908764958381653,0.5529959201812744,0.2729935050010681,-0.11320193856954575,0.5859502553939819,0.4181877672672272,0.23528043925762177,-0.04462142288684845,0.7159475088119507,0.5055662989616394,0.2322445958852768,-0.22927935421466827,0.660993218421936,0.44533491134643555,0.1685921549797058,-0.1971219778060913,0.7249941825866699,0.5256175398826599,0.3915442228317261,-0.01729978621006012,0.9991664290428162,0.48262912034988403,0.39196449518203735,0.017138224095106125,0.9989306926727295,0.508162260055542,0.5560720562934875,-0.01428754348307848,0.602246880531311,0.4823859632015228,0.548976480960846,0.0005727688549086452,0.38162481784820557,0.48504090309143066,0.7047422528266907,0.02702001854777336,0.8648468255996704,0.49530333280563354,0.5066785216331482,0.2542383074760437,0.23042578995227814,0.4843265116214752,0.7496148943901062,-0.06296351552009583,0.8131068348884583,0.49703192710876465,0.526122510433197,0.2701977491378784,0.2152363508939743
13,0.43333333333333335,0.5017127990722656,0.11406698077917099,-0.10972913354635239,0.8986937999725342,0.5412276387214661,0.19441547989845276,-0.044544436037540436,0.9960405230522156,0.4709974229335785,0.19139353930950165,0.03486651927232742,0.9917692542076111,0.5455023050308228,0.27002790570259094,-0.13679715991020203,0.6195120215415955,0.41736435890197754,0.23133453726768494,-0.04601885378360748,0.7381399273872375,0.4986526072025299,0.2275998592376709,-0.23285070061683655,0.6912136077880859,0.44516721367836,0.16860835254192352,-0.2015209197998047,0.7511674761772156,0.5244346857070923,0.4020680785179138,-0.020320361480116844,0.9992433190345764,0.4823300242424011,0.39932966232299805,0.020143184810876846,0.9990267157554626,0.5076639652252197,0.5588323473930359,-0.02569517120718956,0.6206268668174744,0.4785241186618805,0.5527310371398926,-0.011610733345150948,0.4062972962856293,0.4829092025756836,0.7050249576568604,0.029596105217933655,0.8716300129890442,0.5030107498168945,0.531964123249054,0.2232702523469925,0.23281915485858917,0.4843849539756775,0.7498944401741028,-0.05566408485174179,0.8243086338043213,0.505740761756897,0.582345724105835,0.22133314609527588,0.22585105895996094
14,0.4666666666666667,0.5015615224838257,0.11517032235860825,-0.10442890971899033,0.9088159799575806,0.5396974682807922,0.19564513862133026,-0.04257068410515785,0.9964273571968079,0.4705459177494049,0.1943274587392807,0.042720209807157516,0.992570161819458,0.5434680581092834,0.26739585399627686,-0.13677960634231567,0.6501455307006836,0.41725072264671326,0.22972488403320312,-0.0455549880862236,0.7578390836715698,0.49441295862197876,0.22567924857139587,-0.23502103984355927,0.7182385325431824,0.4451811909675598,0.16863667964935303,-0.20508942008018494,0.7746295928955078,0.5240292549133301,0.4035920798778534,-0.02141757309436798,0.9993118643760681,0.4818904399871826,0.4011498689651489,0.02123628556728363,0.999111533164978,0.5071892142295837,0.5610305666923523,-0.031828343868255615,0.6409661769866943,0.4773455262184143,0.5548045635223389,-0.014811071567237377,0.43005043268203735,0.48204994201660156,0.7056887745857239,0.026038894429802895,0.8790749907493591,0.5046753883361816,0.5398863554000854,0.22290194034576416,0.23681950569152832,0.4846019744873047,0.7501202821731567,-0.05776585265994072,0.8354969024658203,0.5086793303489685,0.5903711318969727,0.21969333291053772,0.236100435256958
15,0.5,0.5011235475540161,0.11603497713804245,-0.10619330406188965,0.9179209470748901,0.538970410823822,0.19613946974277496,-0.04273606091737747,0.9967745542526245,0.4697903096675873,0.19517728686332703,0.040677838027477264,0.9932915568351746,0.5429620146751404,0.26722201704978943,-0.1342422068119049,0.6765928864479065,0.41665521264076233,0.22944073379039764,-0.04532764106988907,0.7760006785392761,0.494983047246933,0.22498758137226105,-0.23618528246879578,0.7425799369812012,0.4450596272945404,0.1691945493221283,-0.20632335543632507,0.7960309386253357,0.5238286852836609,0.40414777398109436,-0.021347347646951675,0.9993718266487122,0.4816177785396576,0.4021003246307373,0.021165676414966583,0.9991850256919861,0.5067023038864136,0.562570333480835,-0.030607715249061584,0.6560636162757874,0.4773741364479065,0.5556299090385437,-0.013811655342578888,0.44627439975738525,0.4815897047519684,0.7066883444786072,0.02330910973250866,0.8855249881744385,0.5046354532241821,0.5427576899528503,0.22240154445171356,0.2372383326292038,0.4849485754966736,0.7503302693367004,-0.0636938065290451,0.8451935648918152,0.5088711380958557,0.5859473943710327,0.21765699982643127,0.2416975498199463
16,0.5333333333333333,0.5011338591575623,0.1158275380730629,-0.1031770333647728,0.9261066913604736,0.5383515954017639,0.19643040001392365,-0.042744774371385574,0.9970841407775879,0.46976131200790405,0.19523711502552032,0.04559540003538132,0.9939351081848145,0.5427752733230591,0.2673798203468323,-0.13493230938911438,0.7003893852233887,0.4162694811820984,0.22920438647270203,-0.04298153519630432,0.7907432913780212,0.4948974549770355,0.22391845285892487,-0.23373636603355408,0.7637283802032471,0.4450988173484802,0.16940250992774963,-0.2044678032398224,0.8149428963661194,0.5236538648605347,0.40472611784935,-0.022546542808413506,0.9994276762008667,0.4813792109489441,0.4026637077331543,0.022364038974046707,0.9992548227310181,0.5061471462249756,0.5626629590988159,-0.03195061534643173,0.673920750617981,0.47669196128845215,0.5558723211288452,-0.022203275933861732,0.4723796546459198,0.481292724609375,0.7073216438293457,0.023409519344568253,0.8928436636924744,0.5057911276817322,0.5432876348495483,0.20803268253803253,0.25114768743515015,0.4849452078342438,0.7505478858947754,-0.06395860016345978,0.8555599451065063,0.5098815560340881,0.5925114750862122,0.1999044269323349,0.25995904207229614
17,0.5666666666666667,0.5011439323425293,0.11604851484298706,-0.096500925719738,0.9334768056869507,0.53806471824646,0.19687165319919586,-0.040010858327150345,0.9973642230033875,0.4697546362876892,0.19536130130290985,0.05263609439134598,0.9945197105407715,0.5429463386535645,0.2674797475337982,-0.13201946020126343,0.7215535640716553,0.4160732328891754,0.22920125722885132,-0.03189302608370781,0.8045225739479065,0.4953468441963196,0.22423964738845825,-0.2228456437587738,0.7827786803245544,0.4451257586479187,0.17003639042377472,-0.19214051961898804,0.832152247428894,0.5236462354660034,0.40440037846565247,-0.02310911938548088,0.9994779825210571,0.48132801055908203,0.4026326537132263,0.02292497456073761,0.9993177652359009,0.505893886089325,0.5628550052642822,-0.03074561059474945,0.6874412298202515,0.47641482949256897,0.5557243824005127,-0.023653067648410797,0.49316102266311646,0.4810125231742859,0.7077574133872986,0.023065505549311638,0.8986760973930359,0.506580114364624,0.5421513915061951,0.2016061246395111,0.2600625455379486,0.4849463403224945,0.750575840473175,-0.0641428604722023,0.8640024065971375,0.510504424571991,0.5921168327331543,0.1947757750749588,0.27266982197761536
18,0.6,0.5011871457099915,0.11611871421337128,-0.09922143816947937,0.9401128888130188,0.5380187034606934,0.19677452743053436,-0.040113821625709534,0.9976171851158142,0.46965280175209045,0.19501666724681854,0.04884900897741318,0.9950406551361084,0.5430276989936829,0.2672671675682068,-0.13147471845149994,0.7422610521316528,0.41607865691185,0.22849756479263306,-0.03258044272661209,0.8166987895965576,0.49464115500450134,0.22315436601638794,-0.22336408495903015,0.800635039806366,0.44567662477493286,0.17047704756259918,-0.19374601542949677,0.8470650911331177,0.523586630821228,0.4040530323982239,-0.022907333448529243,0.9995232224464417,0.4811731278896332,0.40235698223114014,0.022723177447915077,0.9993732571601868,0.5057706236839294,0.5630010962486267,-0.032247744500637054,0.7031972408294678,0.4763328433036804,0.5554783344268799,-0.02278374694287777,0.5152884721755981,0.48086243867874146,0.70802241563797,0.019998889416456223,0.9047092199325562,0.5065268278121948,0.5414993166923523,0.20350055396556854,0.271904855966568,0.48497098684310913,0.7505936622619629,-0.06784672290086746,0.8724991083145142,0.510461688041687,0.5875861048698425,0.19662299752235413,0.2880721688270569
19,0.6333333333333333,0.501204788684845,0.11617361009120941,-0.0998295396566391,0.9460849761962891,0.5381290912628174,0.19668522477149963,-0.040227632969617844,0.997844934463501,0.46960872411727905,0.1947895735502243,0.047439198940992355,0.9955082535743713,0.5431820154190063,0.26719456911087036,-0.13141107559204102,0.7606302499771118,0.4160706400871277,0.2280988246202469,-0.03336189314723015,0.8273577094078064,0.49456676840782166,0.2227874994277954,-0.22396977245807648,0.8166508078575134,0.44604331254959106,0.17084065079689026,-0.1941496580839157,0.8602681756019592,0.5235564708709717,0.4038960337638855,-0.022735441103577614,0.9995633959770203,0.48104143142700195,0.40228503942489624,0.02255185879766941,0.9994218945503235,0.505733847618103,0.5630466341972351,-0.03333556279540062,0.7155675888061523,0.47630077600479126,0.5552968978881836,-0.022034678608179092,0.5320091843605042,0.4807972311973572,0.7082018256187439,0.016661986708641052,0.9094708561897278,0.5062135457992554,0.541020929813385,0.20705679059028625,0.277309387922287,0.4849744439125061,0.7506011128425598,-0.0723249539732933,0.879383385181427,0.5102635025978088,0.5854382514953613,0.20130446553230286,0.29697754979133606
20,0.6666666666666666,0.5012139081954956,0.11612922698259354,-0.09850388020277023,0.95146244764328,0.538196325302124,0.19661256670951843,-0.040330540388822556,0.9980506896972656,0.46960535645484924,0.19463369250297546,0.04702717438340187,0.9959309101104736,0.5433076620101929,0.2671341598033905,-0.13051196932792664,0.7772382497787476,0.4160726070404053,0.22790074348449707,-0.03460010141134262,0.8374072909355164,0.4945593774318695,0.2224285900592804,-0.22115543484687805,0.8309601545333862,0.44624853134155273,0.17109960317611694,-0.18950101733207703,0.8721014857292175,0.5235337018966675,0.4038022756576538,-0.0226148534566164,0.9995999932289124,0.4809713363647461,0.40234917402267456,0.022431712597608566,0.9994663596153259,0.5057424306869507,0.5630678534507751,-0.033167652785778046,0.7260822653770447,0.47625890374183655,0.5551614761352539,-0.020480753853917122,0.544427216053009,0.4807771146297455,0.7082306146621704,0.014078183099627495,0.9133729338645935,0.5059781074523926,0.5400457382202148,0.2076784074306488,0.278077632188797,0.48498445749282837,0.7505916953086853,-0.07420685887336731,0.8851267695426941,0.5098296999931335,0.583595871925354,0.20330607891082764,0.3012630045413971
21,0.7,0.5012393593788147,0.11609408259391785,-0.09631632268428802,0.9562996029853821,0.5382548570632935,0.19655956327915192,-0.040261052548885345,0.9982340931892395,0.46960917115211487,0.19455000758171082,0.04710802435874939,0.996310830116272,0.5431805849075317,0.2670263350009918,-0.1300276219844818,0.7898691296577454,0.41605859994888306,0.22785665094852448,-0.03478323668241501,0.8458610773086548,0.4946698546409607,0.2219165861606598,-0.2211240828037262,0.8425402641296387,0.4462987780570984,0.17131584882736206,-0.1874973326921463,0.8827404379844666,0.523523211479187,0.40364083647727966,-0.022524969652295113,0.9996325373649597,0.48093733191490173,0.40233752131462097,0.02234216406941414,0.9995061755180359,0.5057536959648132,0.5629391670227051,-0.03399728238582611,0.7325695157051086,0.4763564169406891,0.5550842881202698,-0.019878169521689415,0.5507030487060547,0.4808012843132019,0.7082094550132751,0.010643946006894112,0.9159055948257446,0.5058091878890991,0.5393456816673279,0.20887112617492676,0.27399158477783203,0.4849848747253418,0.7505712509155273,-0.07703149318695068,0.8891679048538208,0.5095267295837402,0.5823416709899902,0.2060125768184662,0.30008465051651
22,0.7333333333333333,0.5012637376785278,0.11580682545900345,-0.09439495950937271,0.9606510996818542,0.5383023023605347,0.19653593003749847,-0.0400271974503994,0.9983978867530823,0.4696432948112488,0.19452807307243347,0.04920881241559982,0.9966530799865723,0.5430115461349487,0.26684290170669556,-0.13015058636665344,0.7996602058410645,0.41601991653442383,0.22787676751613617,-0.03318370133638382,0.8527736067771912,0.4948250651359558,0.22127707302570343,-0.22185561060905457,0.8522374033927917,0.44629764556884766,0.17154386639595032,-0.18698954582214355,0.8923987746238708,0.5235093235969543,0.403543084859848,-0.022517312318086624,0.9996615052223206,0.4809291958808899,0.40238407254219055,0.02233409881591797,0.999541699886322,0.505767285823822,0.5628259181976318,-0.036067306995391846,0.7359728217124939,0.47626733779907227,0.5549975633621216,-0.020707909017801285,0.5533380508422852,0.4808201193809509,0.7081938982009888,0.008770657703280449,0.9173257946968079,0.505675196647644,0.5387739539146423,0.2105875462293625,0.2676965892314911,0.48499029874801636,0.750522255897522,-0.0792807787656784,0.8918322920799255,0.5093279480934143,0.5818356275558472,0.2082659751176834,0.2959740459918976
23,0.7666666666666667,0.5007504224777222,0.11740588396787643,-0.09748636186122894,0.9645711183547974,0.5365015268325806,0.19857949018478394,-0.0469827726483345,0.9985464215278625,0.4682127833366394,0.19720809161663055,0.041705720126628876,0.9969583749771118,0.5328118205070496,0.2659783661365509,-0.14404818415641785,0.8159730434417725,0.4138573110103607,0.2240823358297348,-0.061172425746917725,0.8610371947288513,0.4877761900424957,0.2134411633014679,-0.22276835143566132,0.8656603097915649,0.44613736867904663,0.17134827375411987,-0.22341319918632507,0.9015713334083557,0.5218650698661804,0.4120662808418274,-0.021427156403660774,0.9996903538703918,0.47961288690567017,0.4104194939136505,0.02124440111219883,0.9995787143707275,0.5057045221328735,0.5684182643890381,-0.03537619486451149,0.7521464824676514,0.4726606011390686,0.555842399597168,-0.05991433933377266,0.5868836641311646,0.4809649586677551,0.7083490490913391,0.04526288062334061,0.922906219959259,0.5045754313468933,0.5488549470901489,0.19114340841770172,0.3032114505767822,0.4851018786430359,0.7509340047836304,-0.03593459725379944,0.8994360566139221,0.5091719627380371,0.5948890447616577,0.18688972294330597,0.33257338404655457
24,0.8,0.5003072023391724,0.11784207820892334,-0.09705425798892975,0.9680967330932617,0.5362592339515686,0.19996210932731628,-0.04813211038708687,0.9986786246299744,0.46806877851486206,0.1969936639070511,0.041785333305597305,0.9972377419471741,0.5313568115234375,0.265615850687027,-0.14586177468299866,0.829963207244873,0.41365617513656616,0.22217810153961182,-0.05824178457260132,0.8682988882064819,0.4864141047000885,0.21150964498519897,-0.22310814261436462,0.8773612976074219,0.44600600004196167,0.17126044631004333,-0.2189517319202423,0.9101128578186035,0.5211144685745239,0.413894385099411,-0.021415017545223236,0.9997163414955139,0.4787657856941223,0.4122715890407562,0.021232059225440025,0.9996126294136047,0.5055730938911438,0.5711200833320618,-0.03495226055383682,0.7669768333435059,0.47119611501693726,0.556556761264801,-0.059332359582185745,0.6176626086235046,0.48103395104408264,0.7097223401069641,0.044172003865242004,0.9279972910881042,0.5045395493507385,0.5472576022148132,0.1834261119365692,0.3360738754272461,0.4853017330169678,0.7517296075820923,-0.0359237939119339,0.9062725901603699,0.5095919370651245,0.5922609567642212,0.18099632859230042,0.3657611906528473
25,0.8333333333333334,0.500072181224823,0.1181035116314888,-0.09754563868045807,0.9712544083595276,0.5362817049026489,0.2006407231092453,-0.04704316332936287,0.998790979385376,0.46798330545425415,0.19684331119060516,0.039813630282878876,0.9974764585494995,0.5309082269668579,0.26532405614852905,-0.14325456321239471,0.8398972153663635,0.41328758001327515,0.22178512811660767,-0.05986585095524788,0.8736957311630249,0.48601454496383667,0.21111077070236206,-0.22205281257629395,0.8861351609230042,0.4457579553127289,0.17077431082725525,-0.21747653186321259,0.9169682860374451,0.5207304358482361,0.41395455598831177,-0.020363492891192436,0.9997394680976868,0.47814854979515076,0.4121820330619812,0.020182734355330467,0.9996427297592163,0.5052230954170227,0.5710852146148682,-0.03596150130033493,0.78062504529953,0.4713360369205475,0.5568825006484985,-0.06806234270334244,0.6452302932739258,0.4810599684715271,0.7107365727424622,0.0374310240149498,0.9329259395599365,0.5045174360275269,0.5459943413734436,0.17423106729984283,0.36309701204299927,0.48605695366859436,0.7521597146987915,-0.045877642929553986,0.9126319885253906,0.5099232792854309,0.5917183756828308,0.17179659008979797,0.39260920882225037
26,0.8666666666666667,0.4999905526638031,0.11817312240600586,-0.11026313155889511,0.9740914106369019,0.5363626480102539,0.20125257968902588,-0.05042344331741333,0.9988852143287659,0.4678400456905365,0.1968921422958374,0.03277836740016937,0.9976854920387268,0.5305229425430298,0.2650585174560547,-0.14813047647476196,0.847654402256012,0.41308435797691345,0.22142888605594635,-0.06888075172901154,0.8782885670661926,0.4860561788082123,0.21067947149276733,-0.22863583266735077,0.8932422399520874,0.4456133246421814,0.1703369915485382,-0.23122401535511017,0.9232248663902283,0.5205270648002625,0.4147019386291504,-0.0200438741594553,0.9997590780258179,0.4778481423854828,0.41295966506004333,0.019865231588482857,0.9996685981750488,0.505126953125,0.5705762505531311,-0.03698168322443962,0.7926191091537476,0.4712236523628235,0.5571949481964111,-0.06540225446224213,0.6694029569625854,0.48107028007507324,0.7114661335945129,0.03635285422205925,0.9372478723526001,0.5045539736747742,0.5449522733688354,0.18261337280273438,0.38664373755455017,0.4861178398132324,0.7523527145385742,-0.04810982197523117,0.9182217717170715,0.5101770162582397,0.5911529064178467,0.17912377417087555,0.4159640371799469
27,0.9,0.49986547231674194,0.11812948435544968,-0.11270986497402191,0.9766544699668884,0.536359429359436,0.20150858163833618,-0.052707135677337646,0.9989731311798096,0.46769753098487854,0.19689880311489105,0.03099660947918892,0.9978796243667603,0.5305817723274231,0.26476937532424927,-0.14780014753341675,0.8544856905937195,0.41311535239219666,0.221030130982399,-0.06690014898777008,0.8828174471855164,0.48625198006629944,0.20936302840709686,-0.22727468609809875,0.8998845815658569,0.445491224527359,0.17014557123184204,-0.22506558895111084,0.929141104221344,0.5203946828842163,0.4149087369441986,-0.019912777468562126,0.9997769594192505,0.47762393951416016,0.4132738709449768,0.0197330079972744,0.9996922016143799,0.5051211714744568,0.570276141166687,-0.03813197463750839,0.8031396865844727,0.47146955132484436,0.5575780272483826,-0.06216477230191231,0.6899063587188721,0.48109573125839233,0.7112828493118286,0.03599914535880089,0.94130539894104,0.5045912861824036,0.545739471912384,0.1834489405155182,0.40749025344848633,0.4862070679664612,0.7523407936096191,-0.05031880736351013,0.9235628247261047,0.5100939273834229,0.5913874506950378,0.18122392892837524,0.4369509816169739
28,0.9333333333333333,0.49972614645957947,0.11809545010328293,-0.11080263555049896,0.9789677858352661,0.5360917448997498,0.20156428217887878,-0.053340695798397064,0.9990559220314026,0.46756109595298767,0.1968965083360672,0.03237943351268768,0.998062252998352,0.5302414894104004,0.26390916109085083,-0.14796511828899384,0.8623204827308655,0.4131765365600586,0.22092875838279724,-0.06301024556159973,0.8876551985740662,0.4861544668674469,0.20908665657043457,-0.2264009267091751,0.9068669080734253,0.4451103210449219,0.16997942328453064,-0.22181245684623718,0.9349534511566162,0.5203213095664978,0.41521191596984863,-0.02014963887631893,0.9997938275337219,0.4775145649909973,0.41395941376686096,0.019968684762716293,0.9997146129608154,0.5051032304763794,0.5702372789382935,-0.03965628519654274,0.815131425857544,0.47157883644104004,0.5584461092948914,-0.05952131748199463,0.7114181518554688,0.4811156690120697,0.7111667394638062,0.03145860135555267,0.9454545378684998,0.5045808553695679,0.547371506690979,0.1834699511528015,0.4340164065361023,0.48621034622192383,0.7522010207176208,-0.05183777958154678,0.9290276765823364,0.5100322961807251,0.5914531946182251,0.18093430995941162,0.46250784397125244
29,0.9666666666666667,0.4997313618659973,0.1180749386548996,-0.1097627654671669,0.9810445308685303,0.5356396436691284,0.20156699419021606,-0.05259308964014053,0.9991300702095032,0.46749767661094666,0.1968761682510376,0.033021289855241776,0.9982211589813232,0.5301185846328735,0.26382094621658325,-0.1472311168909073,0.8696210384368896,0.4131978154182434,0.22080367803573608,-0.062036313116550446,0.8912026882171631,0.4863664209842682,0.20951756834983826,-0.22636079788208008,0.913189709186554,0.44495660066604614,0.16966818273067474,-0.22235360741615295,0.9397913813591003,0.5203505158424377,0.41508546471595764,-0.020395755767822266,0.9998089075088501,0.4775199294090271,0.41414913535118103,0.02021363005042076,0.9997342824935913,0.5049194097518921,0.5701298713684082,-0.0398930199444294,0.8262642025947571,0.47101372480392456,0.5589567422866821,-0.06042616441845894,0.7316767573356628,0.4811215400695801,0.7111078500747681,0.029668908566236496,0.9492891430854797,0.5046291947364807,0.5489592552185059,0.1801523119211197,0.461382657289505,0.48624300956726074,0.7520840167999268,-0.054190345108509064,0.9340139627456665,0.5100146532058716,0.5920912623405457,0.1756250560283661,0.4880099296569824
30,1.0,0.49973806738853455,0.11804821342229843,-0.11090165376663208,0.9829087257385254,0.5351405143737793,0.20155248045921326,-0.05237531661987305,0.9991960525512695,0.46737223863601685,0.19683392345905304,0.03271160647273064,0.9983611702919006,0.5303035974502563,0.26384031772613525,-0.1462925672531128,0.8759485483169556,0.41323819756507874,0.22070112824440002,-0.06275306642055511,0.8942892551422119,0.48663315176963806,0.20987029373645782,-0.22714900970458984,0.9188006520271301,0.4447588324546814,0.16960939764976501,-0.22267965972423553,0.944033682346344,0.520379900932312,0.41491761803627014,-0.02033691108226776,0.9998214244842529,0.4775332510471344,0.41432875394821167,0.020153965801000595,0.9997500777244568,0.5049070715904236,0.5702775716781616,-0.039490364491939545,0.8354993462562561,0.47115254402160645,0.5592716932296753,-0.05909088999032974,0.7483376264572144,0.4811168313026428,0.7113069295883179,0.02916240133345127,0.9524162411689758,0.5046252012252808,0.5483962297439575,0.18080519139766693,0.4817976653575897,0.48641079664230347,0.7520021200180054,-0.05497319623827934,0.9380550980567932,0.5099838972091675,0.5921851396560669,0.17588241398334503,0.5064693093299866
31,1.0333333333333334,0.499439537525177,0.11808452755212784,-0.09298273921012878,0.9845793843269348,0.5340422987937927,0.20166829228401184,-0.05007030442357063,0.9992505311965942,0.46665921807289124,0.19545534253120422,0.0443391352891922,0.9984747767448425,0.5193511247634888,0.259176105260849,-0.12134377658367157,0.8802629113197327,0.4131637215614319,0.21758723258972168,-0.04416629299521446,0.8962600231170654,0.48171836137771606,0.2045111060142517,-0.16870571672916412,0.9233844876289368,0.44364577531814575,0.16960957646369934,-0.19805070757865906,0.9463666081428528,0.5191513299942017,0.41559508442878723,-0.02094978094100952,0.9998343586921692,0.477069616317749,0.4141106903553009,0.020769115537405014,0.9997668862342834,0.5047948956489563,0.5726408362388611,-0.039177581667900085,0.8450372219085693,0.4671308994293213,0.5519886612892151,-0.06268434971570969,0.7639415264129639,0.4810329079627991,0.711283266544342,0.025223344564437866,0.955500602722168,0.5019608736038208,0.5388541221618652,0.17280635237693787,0.4939733147621155,0.48637738823890686,0.7524829506874084,-0.055062465369701385,0.9418116211891174,0.5080274939537048,0.5877019166946411,0.17415687441825867,0.5198312997817993
32,1.0666666666666667,0.4991206228733063,0.1180805191397667,-0.09245357662439346,0.9860835075378418,0.5333978533744812,0.20179001986980438,-0.0506676621735096,0.9992976784706116,0.46611762046813965,0.19499215483665466,0.04545692726969719,0.9985780119895935,0.5166081190109253,0.256370484828949,-0.12511444091796875,0.8829832673072815,0.4129598140716553,0.21616609394550323,-0.04307873919606209,0.8972898721694946,0.480203777551651,0.20231589674949646,-0.17638829350471497,0.9271602034568787,0.44294166564941406,0.16963854432106018,-0.19761767983436584,0.9489272236824036,0.51851487159729,0.416427344083786,-0.02189611829817295,0.9998447895050049,0.476806104183197,0.4142823815345764,0.02171442098915577,0.9997804164886475,0.5046020746231079,0.5741029381752014,-0.040569499135017395,0.8517265319824219,0.4652803838253021,0.5493494868278503,-0.06282446533441544,0.7752858400344849,0.48093754053115845,0.7112667560577393,0.0106008006259799,0.9581617712974548,0.5005447864532471,0.5368670225143433,0.16564896702766418,0.5025098919868469,0.48593100905418396,0.7526219487190247,-0.07033182680606842,0.9451879262924194,0.5069316029548645,0.5860504508018494,0.16661259531974792,0.529599666595459
33,1.1,0.49867764115333557,0.11807305365800858,-0.09175334125757217,0.987435519695282,0.5330840349197388,0.20197540521621704,-0.05083886533975601,0.9993399381637573,0.4658311903476715,0.1947973072528839,0.048710498958826065,0.9986696839332581,0.516205370426178,0.25494012236595154,-0.12726052105426788,0.8868264555931091,0.41258496046066284,0.2155768722295761,-0.03963082656264305,0.8980006575584412,0.4799420237541199,0.20176632702350616,-0.18206822872161865,0.9310917854309082,0.44224172830581665,0.16974972188472748,-0.1964300572872162,0.9511715173721313,0.5181472301483154,0.4168391823768616,-0.02292816713452339,0.9998545050621033,0.4766385555267334,0.41420072317123413,0.02274899184703827,0.9997929930686951,0.5043743848800659,0.5748624801635742,-0.04168962314724922,0.8599355816841125,0.4647877812385559,0.5476073622703552,-0.06435437500476837,0.7887898683547974,0.48085159063339233,0.7113041281700134,0.008737176656723022,0.9609414935112,0.5002120733261108,0.5363283157348633,0.16111165285110474,0.51809161901474,0.4857688546180725,0.7532431483268738,-0.07291290909051895,0.948650062084198,0.5067657828330994,0.5860778093338013,0.16073372960090637,0.5447466969490051
34,1.1333333333333333,0.4983346462249756,0.11806995421648026,-0.09272059798240662,0.9886543154716492,0.5329699516296387,0.20237857103347778,-0.050931137055158615,0.9993765354156494,0.4657050669193268,0.19461728632450104,0.04905610531568527,0.9987493753433228,0.5163238644599915,0.25404831767082214,-0.12827268242835999,0.8910420536994934,0.41232505440711975,0.21511904895305634,-0.041250310838222504,0.8989659547805786,0.4798877239227295,0.20127713680267334,-0.18252184987068176,0.9347962737083435,0.4419746398925781,0.16980639100074768,-0.19909797608852386,0.9530819058418274,0.5179862380027771,0.416941374540329,-0.023408493027091026,0.9998636245727539,0.4765538275241852,0.41410714387893677,0.02323257550597191,0.9998049736022949,0.504118800163269,0.5747613906860352,-0.04152639955282211,0.868391752243042,0.4645925462245941,0.5459630489349365,-0.07087402045726776,0.8029619455337524,0.48082834482192993,0.7113680243492126,0.011449841782450676,0.9637009501457214,0.5000832676887512,0.5361006855964661,0.15457704663276672,0.5376850366592407,0.4855727255344391,0.7537822127342224,-0.07060427218675613,0.9520765542984009,0.506644606590271,0.5864083766937256,0.1538027822971344,0.5636054277420044
35,1.1666666666666667,0.49826329946517944,0.11805892735719681,-0.10005496442317963,0.98976731300354,0.5326076745986938,0.20230865478515625,-0.05219903588294983,0.9994205236434937,0.46530866622924805,0.19469638168811798,0.047242842614650726,0.9988318085670471,0.5170297026634216,0.25373417139053345,-0.13479718565940857,0.8960236310958862,0.4121481776237488,0.21519218385219574,-0.04778040200471878,0.9005213975906372,0.4800378680229187,0.20089414715766907,-0.20376244187355042,0.9393657445907593,0.4414796233177185,0.16986705362796783,-0.21498934924602509,0.9553711414337158,0.5179802179336548,0.4168928265571594,-0.023404531180858612,0.9998718500137329,0.4765550196170807,0.4140579104423523,0.02322678454220295,0.9998151659965515,0.5039656758308411,0.5750545859336853,-0.04128562659025192,0.8756909966468811,0.46460670232772827,0.5461847186088562,-0.06760920584201813,0.8156071901321411,0.4808022379875183,0.7115325331687927,0.020402584224939346,0.9658988118171692,0.5001317262649536,0.5357551574707031,0.15774886310100555,0.557008683681488,0.4851837754249573,0.753766655921936,-0.0628819614648819,0.954978883266449,0.5066078305244446,0.5860806703567505,0.15921950340270996,0.5826465487480164
36,1.2,0.4982432425022125,0.11805232614278793,-0.09929025918245316,0.9907652139663696,0.5324605107307434,0.20229479670524597,-0.04961244389414787,0.9994571805000305,0.4649399220943451,0.1952110081911087,0.04676647484302521,0.9989025592803955,0.5170825123786926,0.25323691964149475,-0.12887270748615265,0.8996422290802002,0.4119095802307129,0.21510060131549835,-0.04986197128891945,0.9024423360824585,0.4801667630672455,0.20002932846546173,-0.19164147973060608,0.9426414370536804,0.4412460923194885,0.16984237730503082,-0.21373815834522247,0.9569981694221497,0.5179529786109924,0.4168889820575714,-0.022959107533097267,0.999880313873291,0.4765564501285553,0.41402071714401245,0.022783461958169937,0.9998263716697693,0.5038214325904846,0.5751205682754517,-0.03870345652103424,0.8827848434448242,0.4648512005805969,0.546379566192627,-0.07146944105625153,0.8280214667320251,0.48079222440719604,0.7115215063095093,0.02945622242987156,0.9679694771766663,0.5001792311668396,0.5356131196022034,0.16002389788627625,0.575199544429779,0.4850817322731018,0.7537540197372437,-0.05097658187150955,0.9575730562210083,0.5068029165267944,0.5860585570335388,0.1595807671546936,0.6002421975135803
37,1.2333333333333334,0.49823054671287537,0.11804678291082382,-0.09929205477237701,0.9916642904281616,0.5325018167495728,0.20229466259479523,-0.0489509291946888,0.9994904398918152,0.4647558331489563,0.19538553059101105,0.045180559158325195,0.998964786529541,0.5170665979385376,0.2527579963207245,-0.12861613929271698,0.9037248492240906,0.411831796169281,0.21488289535045624,-0.0517062246799469,0.9044343829154968,0.4801672399044037,0.19944080710411072,-0.19188514351844788,0.9459036588668823,0.44104352593421936,0.16981613636016846,-0.21333511173725128,0.9582743048667908,0.5179387331008911,0.4169725179672241,-0.022500792518258095,0.9998877644538879,0.47655874490737915,0.4139631390571594,0.02232838049530983,0.9998360276222229,0.5037233233451843,0.5751450657844543,-0.03799326717853546,0.8897264003753662,0.46501556038856506,0.5466428995132446,-0.07229358702898026,0.8398979306221008,0.4807884693145752,0.7115017175674438,0.0308137945830822,0.9698794484138489,0.5002143979072571,0.5354107022285461,0.16178737580776215,0.5927262306213379,0.48500433564186096,0.7537356615066528,-0.049448058009147644,0.959957480430603,0.5069608092308044,0.5860248804092407,0.16119369864463806,0.6169836521148682
38,1.2666666666666666,0.4982106685638428,0.11804663389921188,-0.0987602099776268,0.9924706816673279,0.5325248837471008,0.20228612422943115,-0.04754715785384178,0.9995193481445312,0.4645625650882721,0.19540084898471832,0.04443863779306412,0.999018669128418,0.5171670317649841,0.2523784041404724,-0.12699098885059357,0.9075443744659424,0.4117942750453949,0.21470369398593903,-0.05240539461374283,0.9066056609153748,0.48019343614578247,0.19887980818748474,-0.18896588683128357,0.9487864375114441,0.4409824311733246,0.16976088285446167,-0.2132241427898407,0.9593748450279236,0.5179250240325928,0.4170806407928467,-0.021968603134155273,0.999894380569458,0.47656387090682983,0.41394245624542236,0.021799227222800255,0.9998446106910706,0.5036240816116333,0.5752336382865906,-0.03672182932496071,0.8960424661636353,0.46515077352523804,0.5468575358390808,-0.0738549679517746,0.8507416248321533,0.4807801842689514,0.7114920616149902,0.033033587038517,0.9715615510940552,0.5002416372299194,0.5353005528450012,0.162046879529953,0.6079587936401367,0.48499664664268494,0.7537224888801575,-0.04656985029578209,0.9620146751403809,0.5071324110031128,0.5860127210617065,0.16191606223583221,0.6314107775688171
39,1.3,0.49819517135620117,0.11805582046508789,-0.0984664112329483,0.993193507194519,0.5325499176979065,0.2022777944803238,-0.04675934463739395,0.9995436072349548,0.46439075469970703,0.19542644917964935,0.04377547651529312,0.999065101146698,0.5171476602554321,0.25208112597465515,-0.12623251974582672,0.9104496240615845,0.41177305579185486,0.21451544761657715,-0.05277172848582268,0.9084391593933105,0.48020705580711365,0.1984369307756424,-0.1878272294998169,0.9510732293128967,0.4410097002983093,0.1696348935365677,-0.2127913236618042,0.9602234363555908,0.517899215221405,0.4172390103340149,-0.021598413586616516,0.9998999834060669,0.4765675961971283,0.4139646291732788,0.02143045701086521,0.9998518228530884,0.5035355687141418,0.5754245519638062,-0.03534673526883125,0.9012041687965393,0.465204656124115,0.5470108985900879,-0.07300867140293121,0.8598928451538086,0.4807695746421814,0.7115107774734497,0.03478182479739189,0.9728969931602478,0.5002650618553162,0.5351672172546387,0.16326545178890228,0.6190771460533142,0.48499757051467896,0.753682553768158,-0.04425320774316788,0.9636027812957764,0.5072924494743347,0.5859792828559875,0.16307573020458221,0.6419950127601624
40,1.3333333333333333,0.49817949533462524,0.11806340515613556,-0.09761124849319458,0.9938416481018066,0.5325726270675659,0.20225952565670013,-0.04556581377983093,0.9995645880699158,0.4642617702484131,0.19542647898197174,0.04360957443714142,0.999106228351593,0.5171969532966614,0.25186657905578613,-0.12485452741384506,0.9127247929573059,0.4117761254310608,0.2142854928970337,-0.052735257893800735,0.910052478313446,0.4802483022212982,0.19828827679157257,-0.18579696118831635,0.9528495669364929,0.4410305917263031,0.16953440010547638,-0.21082532405853271,0.9608950018882751,0.5178866982460022,0.41735389828681946,-0.021269213408231735,0.999904990196228,0.47657084465026855,0.41399946808815,0.02110173925757408,0.9998583197593689,0.5034756660461426,0.5756346583366394,-0.03441314771771431,0.9056257009506226,0.46520933508872986,0.5471211671829224,-0.07217514514923096,0.8677835464477539,0.48075777292251587,0.7115105390548706,0.03608456999063492,0.9739929437637329,0.5002900958061218,0.5338698029518127,0.1641107052564621,0.627406656742096,0.48499852418899536,0.7535727620124817,-0.042170200496912,0.9648618102073669,0.5074368715286255,0.5859280824661255,0.16361212730407715,0.6498591899871826
41,1.3666666666666667,0.49735093116760254,0.1180652305483818,-0.09437545388936996,0.994385302066803,0.5309395790100098,0.2018190622329712,-0.04234745353460312,0.9995719790458679,0.4638541340827942,0.19540093839168549,0.04076366871595383,0.99906986951828,0.5122382640838623,0.2515902817249298,-0.11433611065149307,0.9117205142974854,0.4109467566013336,0.2129957675933838,-0.05398935824632645,0.9072595238685608,0.47574368119239807,0.1928727924823761,-0.16765226423740387,0.9532085657119751,0.4408845901489258,0.16928894817829132,-0.2065902203321457,0.9540390372276306,0.5178686380386353,0.4138442277908325,-0.018055938184261322,0.9999040365219116,0.47659510374069214,0.4081999957561493,0.01788916066288948,0.9998539686203003,0.5035188794136047,0.5749976634979248,-0.029265064746141434,0.9068575501441956,0.46516457200050354,0.5252306461334229,-0.07832755893468857,0.8676723837852478,0.4810160994529724,0.7064161896705627,0.05474115535616875,0.9740190505981445,0.48627549409866333,0.5274766087532043,0.16833558678627014,0.6127164959907532,0.4836609959602356,0.7531565427780151,-0.021480076014995575,0.9640643000602722,0.4870535731315613,0.5846602320671082,0.17332947254180908,0.6368964314460754
42,1.4,0.4969271719455719,0.11809930950403214,-0.0944196879863739,0.9948707818984985,0.5299909710884094,0.20159751176834106,-0.04208902642130852,0.9995731711387634,0.46349841356277466,0.19544987380504608,0.03791021555662155,0.9990419745445251,0.5108503103256226,0.2515445053577423,-0.11399364471435547,0.9081730842590332,0.4105788767337799,0.2124306559562683,-0.05604088306427002,0.9051942825317383,0.4745757579803467,0.19148534536361694,-0.16814057528972626,0.9522060751914978,0.4406450688838959,0.16921782493591309,-0.2066919058561325,0.9496490955352783,0.5178425908088684,0.4122992753982544,-0.01706429198384285,0.9999027252197266,0.47664564847946167,0.4058472812175751,0.01689216122031212,0.9998500943183899,0.5035272836685181,0.5743446946144104,-0.02880510315299034,0.9072513580322266,0.46510449051856995,0.5196935534477234,-0.07732522487640381,0.8648996949195862,0.48102831840515137,0.7052741050720215,0.04930008202791214,0.9741527438163757,0.48426300287246704,0.5253148078918457,0.1752847284078598,0.5984187126159668,0.48276638984680176,0.7529678344726562,-0.029317757114768028,0.9636285901069641,0.48437827825546265,0.5845703482627869,0.1797664314508438,0.6243906021118164
43,1.4333333333333333,0.49665015935897827,0.11810960620641708,-0.09414996951818466,0.9953163862228394,0.5294826030731201,0.20148730278015137,-0.0424683503806591,0.9995763301849365,0.4632381498813629,0.19555045664310455,0.03669535368680954,0.9990209341049194,0.5102577805519104,0.2515982389450073,-0.11540786921977997,0.9055469632148743,0.4104432165622711,0.21215194463729858,-0.05758669227361679,0.9034683108329773,0.474118709564209,0.19086723029613495,-0.16854092478752136,0.951629102230072,0.4405374526977539,0.16916050016880035,-0.20676061511039734,0.945799708366394,0.5177868604660034,0.4118158221244812,-0.01692073419690132,0.9999017715454102,0.47667551040649414,0.4051553010940552,0.016745146363973618,0.9998465776443481,0.5035251379013062,0.5739136934280396,-0.02899165078997612,0.9073808789253235,0.4650413393974304,0.5184412002563477,-0.06424415111541748,0.8606129884719849,0.481029748916626,0.7052720189094543,0.0452071875333786,0.974189817905426,0.48431891202926636,0.5249314904212952,0.18517926335334778,0.5841406583786011,0.48250895738601685,0.7529183030128479,-0.03400901332497597,0.9632365107536316,0.4843828082084656,0.584455668926239,0.18977481126785278,0.6117415428161621
44,1.4666666666666666,0.496468722820282,0.11811134219169617,-0.09505177289247513,0.9957242608070374,0.529091477394104,0.2013501226902008,-0.04301837831735611,0.9995781779289246,0.4630277156829834,0.19566118717193604,0.03551872819662094,0.9990071654319763,0.5098466277122498,0.2515775263309479,-0.11706788837909698,0.9028410911560059,0.4103859066963196,0.21200834214687347,-0.05960463359951973,0.9022924304008484,0.47393783926963806,0.19045959413051605,-0.1716012954711914,0.9509111642837524,0.44046837091445923,0.16914519667625427,-0.2096341848373413,0.9429025053977966,0.5177270770072937,0.4116174578666687,-0.017086070030927658,0.999901294708252,0.47671565413475037,0.4049241840839386,0.01690916158258915,0.9998443126678467,0.5035151839256287,0.5736008286476135,-0.029476534575223923,0.9078680872917175,0.464948832988739,0.5184252858161926,-0.054138679057359695,0.8567041754722595,0.48105692863464355,0.7052621841430664,0.04437898099422455,0.9743029475212097,0.4844385087490082,0.5249745845794678,0.19428442418575287,0.572709858417511,0.48248642683029175,0.7528886795043945,-0.035368941724300385,0.9630674123764038,0.48517370223999023,0.5842688679695129,0.1979837715625763,0.6016563177108765
45,1.5,0.4963414669036865,0.11811045557260513,-0.095711849629879,0.9960942268371582,0.5288577675819397,0.20122984051704407,-0.04531817138195038,0.9995813369750977,0.46291059255599976,0.19571782648563385,0.03552692383527756,0.9989992380142212,0.5094918012619019,0.25152257084846497,-0.1174401193857193,0.900818943977356,0.4103540778160095,0.21182718873023987,-0.060219425708055496,0.900939404964447,0.4739677906036377,0.19009318947792053,-0.1729840487241745,0.9506190419197083,0.4404757618904114,0.16912861168384552,-0.21213531494140625,0.9402991533279419,0.5176821947097778,0.4114414155483246,-0.01719282940030098,0.9999014735221863,0.47675657272338867,0.4047171175479889,0.017010901123285294,0.9998432397842407,0.5035053491592407,0.5732643008232117,-0.029553014785051346,0.9085413813591003,0.4648436903953552,0.5188421010971069,-0.04565184935927391,0.8524312973022461,0.4811219274997711,0.7050202488899231,0.04172689467668533,0.9744414687156677,0.4845426678657532,0.5251433849334717,0.20126911997795105,0.5628737807273865,0.48251476883888245,0.7528238892555237,-0.03980674967169762,0.9630393385887146,0.4857558310031891,0.5840335488319397,0.2042701542377472,0.5930471420288086
46,1.5333333333333334,0.49622878432273865,0.11807486414909363,-0.09595344960689545,0.9964314699172974,0.5287651419639587,0.2011919617652893,-0.047127921134233475,0.9995870590209961,0.46283411979675293,0.19573011994361877,0.03577203303575516,0.9989935159683228,0.5093116760253906,0.2515302896499634,-0.12027353048324585,0.9005299210548401,0.41030406951904297,0.21165034174919128,-0.059699833393096924,0.8993546366691589,0.47393709421157837,0.18990656733512878,-0.17431460320949554,0.9511399865150452,0.4404822289943695,0.16912487149238586,-0.21206939220428467,0.9371793270111084,0.5176491141319275,0.4112856686115265,-0.01770588383078575,0.999902606010437,0.47676903009414673,0.4045589566230774,0.017519954591989517,0.999843418598175,0.5035027861595154,0.5728035569190979,-0.030489614233374596,0.9100015163421631,0.46473225951194763,0.5192769765853882,-0.044646989554166794,0.8505146503448486,0.481193870306015,0.7047086358070374,0.04072629660367966,0.974741518497467,0.48456788063049316,0.5253850221633911,0.20258264243602753,0.5566554069519043,0.482527494430542,0.7527918219566345,-0.04179997369647026,0.9632751941680908,0.4863225519657135,0.5837610363960266,0.20508484542369843,0.5878542065620422
47,1.5666666666666667,0.49615034461021423,0.11803562194108963,-0.09799482673406601,0.9967391490936279,0.5287477970123291,0.20113436877727509,-0.04972629249095917,0.9995926022529602,0.4627949595451355,0.19573813676834106,0.0360151007771492,0.9989913105964661,0.5091742277145386,0.25152909755706787,-0.12472274154424667,0.9005551338195801,0.41027480363845825,0.211495041847229,-0.0600639283657074,0.8978032469749451,0.47385722398757935,0.18969576060771942,-0.17633531987667084,0.9516162872314453,0.44055476784706116,0.1691156029701233,-0.21583878993988037,0.934471070766449,0.5176418423652649,0.4112210273742676,-0.01854602061212063,0.9999034404754639,0.4767765402793884,0.40449655055999756,0.01835687831044197,0.9998432993888855,0.5034999251365662,0.5723556280136108,-0.031884126365184784,0.9117018580436707,0.4645769000053406,0.5198647379875183,-0.04022112861275673,0.8487155437469482,0.48126810789108276,0.7044113874435425,0.03806522116065025,0.975120484828949,0.4844633936882019,0.52557772397995,0.20852038264274597,0.5520421862602234,0.4825349450111389,0.7527403235435486,-0.046094052493572235,0.9636760950088501,0.48662352561950684,0.5834180116653442,0.21022062003612518,0.5840795636177063
48,1.6,0.49612465500831604,0.11799069494009018,-0.09910149872303009,0.9970136284828186,0.5287820100784302,0.2011556178331375,-0.04949123412370682,0.9995946288108826,0.46279850602149963,0.19574056565761566,0.03615787997841835,0.9989848136901855,0.5090985894203186,0.2514536678791046,-0.12489960342645645,0.9004403352737427,0.4102155566215515,0.21143852174282074,-0.06025533005595207,0.8972141146659851,0.47382742166519165,0.18962056934833527,-0.1769176423549652,0.9520562291145325,0.44055986404418945,0.16910851001739502,-0.21648719906806946,0.9331842660903931,0.5176399350166321,0.4111722409725189,-0.01857880689203739,0.9999036192893982,0.4767821431159973,0.4045216143131256,0.018390221521258354,0.9998425841331482,0.5035120248794556,0.5721684098243713,-0.03237733989953995,0.9137784838676453,0.46450766921043396,0.5194243788719177,-0.043027039617300034,0.8493092656135559,0.4812750220298767,0.7041597366333008,0.03798466920852661,0.9756559729576111,0.48433512449264526,0.5257192850112915,0.2012716829776764,0.5494986176490784,0.4823860228061676,0.7527334690093994,-0.04602489620447159,0.9642228484153748,0.48678192496299744,0.5833818912506104,0.20346224308013916,0.5820826292037964
49,1.6333333333333333,0.4961049556732178,0.11796527355909348,-0.10043732821941376,0.9972594976425171,0.5288043022155762,0.2012166827917099,-0.049626342952251434,0.9995933175086975,0.4628032147884369,0.19571654498577118,0.03609328344464302,0.9989804625511169,0.5089769959449768,0.25129956007003784,-0.12587685883045197,0.8988030552864075,0.4101676344871521,0.21140486001968384,-0.060582470148801804,0.8963974118232727,0.4738113284111023,0.18959441781044006,-0.17892125248908997,0.9515620470046997,0.4405643343925476,0.16910573840141296,-0.2171408236026764,0.932108461856842,0.5176335573196411,0.4111320972442627,-0.0186116062104702,0.9999032616615295,0.47678685188293457,0.4045366942882538,0.01842305436730385,0.999841570854187,0.5035153031349182,0.5718677043914795,-0.03320511430501938,0.9147433638572693,0.4644796848297119,0.5192732214927673,-0.04662488400936127,0.8473482728004456,0.48128610849380493,0.7039292454719543,0.03701772540807724,0.9759374856948853,0.4842109680175781,0.5258269309997559,0.19998809695243835,0.5433404445648193,0.48230916261672974,0.7526988387107849,-0.04714575782418251,0.9644570350646973,0.48677903413772583,0.5833284258842468,0.20151761174201965,0.5767731666564941
50,1.6666666666666667,0.4960959553718567,0.1179470494389534,-0.10152576118707657,0.997481644153595,0.5288262963294983,0.20128805935382843,-0.04973997548222542,0.9995912909507751,0.4628068506717682,0.1957017034292221,0.03563595190644264,0.9989732503890991,0.5088794231414795,0.2511483430862427,-0.12637439370155334,0.8972212076187134,0.41012701392173767,0.2113591879606247,-0.06130796670913696,0.8959563374519348,0.47378963232040405,0.18958623707294464,-0.17982450127601624,0.9509347081184387,0.4405766427516937,0.16910089552402496,-0.21754789352416992,0.9309442043304443,0.517630934715271,0.41109296679496765,-0.018633505329489708,0.9999028444290161,0.47679081559181213,0.40453529357910156,0.01844530738890171,0.999840497970581,0.5035157799720764,0.571621298789978,-0.03362388163805008,0.9157775044441223,0.4644600749015808,0.5190808176994324,-0.048123959451913834,0.8457298278808594,0.4812932014465332,0.7037684917449951,0.03622206673026085,0.9762452840805054,0.48405900597572327,0.525894820690155,0.19980941712856293,0.5378519892692566,0.48224830627441406,0.7526735663414001,-0.047880642116069794,0.9647232890129089,0.48671776056289673,0.583299458026886,0.20118720829486847,0.5719931721687317
51,1.7,0.4944940209388733,0.1178852915763855,-0.11226053535938263,0.9974121451377869,0.526411235332489,0.20118005573749542,-0.053931333124637604,0.9995576739311218,0.46173325181007385,0.19137327373027802,0.025990217924118042,0.9988111853599548,0.5024052858352661,0.24472124874591827,-0.13765576481819153,0.900622546672821,0.4082908034324646,0.20916642248630524,-0.08372220396995544,0.8892146348953247,0.47025924921035767,0.18080425262451172,-0.1865980476140976,0.9499024152755737,0.4407969117164612,0.16742415726184845,-0.2421787977218628,0.9203609228134155,0.5172255039215088,0.40569475293159485,-0.017052611336112022,0.9998890161514282,0.476859986782074,0.3948068916797638,0.016907893121242523,0.9998244047164917,0.5031546950340271,0.5667867660522461,-0.032203610986471176,0.9165079593658447,0.46446147561073303,0.49515706300735474,-0.2059491127729416,0.8559767007827759,0.4822321832180023,0.7039198279380798,0.06379102170467377,0.9762500524520874,0.4758366644382477,0.535224974155426,0.0016890043625608087,0.558111846446991,0.4821554720401764,0.7527457475662231,-0.024721626192331314,0.9638974666595459,0.4697209894657135,0.6043834686279297,-0.027050426229834557,0.5908825397491455
52,1.7333333333333334,0.49391308426856995,0.11690039932727814,-0.12391867488622665,0.9973726868629456,0.5260864496231079,0.20131029188632965,-0.06549932062625885,0.999526858329773,0.46137183904647827,0.19071848690509796,0.01714896783232689,0.9986775517463684,0.5001079440116882,0.24119718372821808,-0.15853743255138397,0.9053971171379089,0.4079066812992096,0.2087540477514267,-0.0977778285741806,0.8860540390014648,0.4692573547363281,0.17582733929157257,-0.21364572644233704,0.9507695436477661,0.43965816497802734,0.16737419366836548,-0.26385554671287537,0.9153673052787781,0.5171957612037659,0.4048224985599518,-0.016346130520105362,0.9998741149902344,0.47707781195640564,0.39299291372299194,0.01622338406741619,0.9998072385787964,0.5030969977378845,0.565332293510437,-0.03154965490102768,0.9167397022247314,0.46458253264427185,0.4909411072731018,-0.22105082869529724,0.8654077053070068,0.4829463064670563,0.7048674821853638,0.07446813583374023,0.9759643077850342,0.4736112654209137,0.5385004878044128,-0.009436806663870811,0.5759106874465942,0.4821961522102356,0.7527971267700195,-0.014053864404559135,0.9627894163131714,0.4666202664375305,0.6085665225982666,-0.03943919762969017,0.6080707311630249
53,1.7666666666666666,0.49248290061950684,0.11735280603170395,-0.1182677298784256,0.9972441792488098,0.5257972478866577,0.20129679143428802,-0.06392650306224823,0.999498724937439,0.4611915051937103,0.19000943005084991,0.02169504016637802,0.9985246658325195,0.4977540969848633,0.23830388486385345,-0.15106673538684845,0.909095048904419,0.4074530601501465,0.20854760706424713,-0.08673260360956192,0.8800960779190063,0.46780529618263245,0.17168192565441132,-0.20275147259235382,0.9516358971595764,0.4396243691444397,0.16718131303787231,-0.248977392911911,0.9078889489173889,0.5171188116073608,0.40385791659355164,-0.016356850042939186,0.9998605847358704,0.47717681527137756,0.3919418752193451,0.016234803944826126,0.999789834022522,0.5031092762947083,0.5632365942001343,-0.03160644322633743,0.9164514541625977,0.4648018777370453,0.49067044258117676,-0.21851220726966858,0.8739790320396423,0.48354649543762207,0.7044751644134521,0.0658106878399849,0.9758535027503967,0.4732304513454437,0.5394099950790405,-0.01256803423166275,0.5924811959266663,0.4822673797607422,0.7528201341629028,-0.021453294903039932,0.9619967341423035,0.46639686822891235,0.6074882745742798,-0.04008670523762703,0.6238024234771729
54,1.8,0.4909619688987732,0.11891242861747742,-0.10744784027338028,0.997250497341156,0.5253582000732422,0.2013213336467743,-0.061242569237947464,0.9994723796844482,0.46062594652175903,0.1896813064813614,0.028784651309251785,0.9984646439552307,0.4975740313529968,0.23701211810112,-0.14623704552650452,0.9115899801254272,0.40679723024368286,0.20853161811828613,-0.08334524929523468,0.8778665661811829,0.46789854764938354,0.1717406064271927,-0.19454261660575867,0.9517359733581543,0.4394600987434387,0.16683214902877808,-0.24254468083381653,0.9066818356513977,0.5170964598655701,0.4034801423549652,-0.016419392079114914,0.9998509883880615,0.47730594873428345,0.391431987285614,0.01629510335624218,0.9997805953025818,0.5031286478042603,0.5620504021644592,-0.03220625966787338,0.9162744879722595,0.46509891748428345,0.4902971088886261,-0.21760717034339905,0.8818026185035706,0.48396244645118713,0.7042917609214783,0.06041941046714783,0.975579023361206,0.4732917249202728,0.5391616225242615,-0.019086088985204697,0.6075745224952698,0.48231881856918335,0.7528960108757019,-0.025505512952804565,0.9610624313354492,0.4665379524230957,0.6065163016319275,-0.04506464675068855,0.6383092403411865
55,1.8333333333333333,0.49044179916381836,0.1197255328297615,-0.08945449441671371,0.9973322153091431,0.5251315832138062,0.20202144980430603,-0.048363715410232544,0.9994611144065857,0.4602445065975189,0.18939727544784546,0.042581167072057724,0.9984819889068604,0.49835625290870667,0.23761743307113647,-0.1331985592842102,0.9121124148368835,0.4066724181175232,0.20847484469413757,-0.06343439221382141,0.8764688372612,0.468301385641098,0.17348316311836243,-0.1754266917705536,0.9513584971427917,0.43845996260643005,0.16680286824703217,-0.2217494249343872,0.9084950089454651,0.5170684456825256,0.4033244252204895,-0.016481997445225716,0.9998448491096497,0.47750553488731384,0.3910537362098694,0.016355294734239578,0.9997770190238953,0.503176212310791,0.5615713596343994,-0.03223317116498947,0.9129266142845154,0.46524325013160706,0.4905738830566406,-0.21761545538902283,0.8871427774429321,0.4840334951877594,0.7049018144607544,0.057207487523555756,0.9745554327964783,0.4735453724861145,0.5387492775917053,-0.02344340831041336,0.6142660975456238,0.4828546643257141,0.7530146241188049,-0.028717022389173508,0.9591657519340515,0.46659475564956665,0.6052641868591309,-0.048022396862506866,0.6459594964981079
56,1.8666666666666667,0.48976802825927734,0.11990020424127579,-0.08861401677131653,0.997392475605011,0.5249347686767578,0.20202942192554474,-0.04893956333398819,0.9994543194770813,0.4599240720272064,0.18953417241573334,0.043573323637247086,0.9984656572341919,0.49880051612854004,0.23800675570964813,-0.1318538933992386,0.913323700428009,0.4066135287284851,0.20847506821155548,-0.05960478633642197,0.8725760579109192,0.46857672929763794,0.1744367778301239,-0.17046763002872467,0.9518106579780579,0.4378053545951843,0.16687896847724915,-0.2159918248653412,0.9062484502792358,0.5170667171478271,0.40351277589797974,-0.016517886891961098,0.999841034412384,0.477644681930542,0.39113616943359375,0.016395121812820435,0.9997738599777222,0.503208339214325,0.5614907145500183,-0.03225037455558777,0.9111291766166687,0.4652935862541199,0.490813285112381,-0.2152574509382248,0.8926100134849548,0.4840978682041168,0.7053860425949097,0.05595197156071663,0.9742177724838257,0.47380638122558594,0.5383661389350891,-0.018824774771928787,0.6227788329124451,0.4831179678440094,0.7532805800437927,-0.02955823577940464,0.958251416683197,0.46648842096328735,0.6045032739639282,-0.04286815971136093,0.6548757553100586
57,1.9,0.4898792803287506,0.11993295699357986,-0.0876820832490921,0.9973996877670288,0.5247507095336914,0.20187203586101532,-0.04833104461431503,0.9994472861289978,0.45950382947921753,0.1895783245563507,0.04321962967514992,0.9984204769134521,0.4991742968559265,0.23818497359752655,-0.12746687233448029,0.9135301113128662,0.40653443336486816,0.20847667753696442,-0.060699887573719025,0.8667904734611511,0.4687400758266449,0.1749800741672516,-0.16256143152713776,0.9513804316520691,0.4377864897251129,0.16723595559597015,-0.21673814952373505,0.9004845023155212,0.5170662999153137,0.40366044640541077,-0.016561152413487434,0.9998373985290527,0.477799654006958,0.39118126034736633,0.016436439007520676,0.999769926071167,0.5032146573066711,0.5617331266403198,-0.030629362910985947,0.909140944480896,0.4653010964393616,0.49117758870124817,-0.2109593152999878,0.8969228863716125,0.4841102063655853,0.7056763768196106,0.05805424973368645,0.9737321734428406,0.4738265872001648,0.5381262302398682,-0.012959974817931652,0.6295002698898315,0.48311886191368103,0.7534834146499634,-0.02590419352054596,0.9570290446281433,0.4661232829093933,0.6043360233306885,-0.036050956696271896,0.6615468263626099
58,1.9333333333333333,0.48989272117614746,0.11991754919290543,-0.08831824362277985,0.9973811507225037,0.5246782302856445,0.2017953097820282,-0.048674289137125015,0.9994359016418457,0.4590938687324524,0.1896354854106903,0.042655397206544876,0.9983754754066467,0.4993920922279358,0.23800750076770782,-0.127563014626503,0.9133952856063843,0.406440407037735,0.2084459364414215,-0.06188749521970749,0.8606386184692383,0.4688498377799988,0.17531515657901764,-0.16164429485797882,0.9501904845237732,0.4378272593021393,0.16767722368240356,-0.21826311945915222,0.8942925333976746,0.5170657634735107,0.4037640392780304,-0.01658492162823677,0.9998359084129333,0.47788920998573303,0.39126908779144287,0.01646275818347931,0.9997691512107849,0.5032166242599487,0.5618626475334167,-0.029068395495414734,0.9084121584892273,0.46530061960220337,0.4911169409751892,-0.21325676143169403,0.9016721844673157,0.48409876227378845,0.7059693336486816,0.061471741646528244,0.973672091960907,0.4738009572029114,0.5379428267478943,-0.014614830724895,0.6390111446380615,0.48307713866233826,0.7536976933479309,-0.021449485793709755,0.9564887285232544,0.4659067690372467,0.6041465401649475,-0.03767240047454834,0.670493483543396
59,1.9666666666666666,0.49001723527908325,0.11988191306591034,-0.08628497272729874,0.9973538517951965,0.5246986150741577,0.20158682763576508,-0.047397829592227936,0.9994257688522339,0.4589131474494934,0.18972226977348328,0.04321941360831261,0.9983295202255249,0.4994690418243408,0.23783983290195465,-0.12647901475429535,0.9133174419403076,0.40641945600509644,0.20828138291835785,-0.06247268244624138,0.8549433946609497,0.46886879205703735,0.17565779387950897,-0.1600835621356964,0.9489325881004333,0.43831881880760193,0.16774465143680573,-0.21807953715324402,0.8874685168266296,0.5170646905899048,0.40385162830352783,-0.016620781272649765,0.9998342394828796,0.4779485762119293,0.3911098837852478,0.016497211530804634,0.9997681379318237,0.5032187700271606,0.5620117783546448,-0.028015678748488426,0.9071086049079895,0.46529722213745117,0.49065908789634705,-0.21638242900371552,0.905797004699707,0.4840928614139557,0.7059495449066162,0.0633435845375061,0.9733187556266785,0.4737655222415924,0.5378169417381287,-0.01897600293159485,0.6464904546737671,0.48287296295166016,0.7536974549293518,-0.018708091229200363,0.9555290937423706,0.46574583649635315,0.6042740941047668,-0.04197340086102486,0.677692711353302
60,2.0,0.49008655548095703,0.11987244337797165,-0.08756709843873978,0.9973076581954956,0.524734377861023,0.20125889778137207,-0.04745829477906227,0.9994164705276489,0.4586557447910309,0.18951772153377533,0.04230941832065582,0.9983111023902893,0.4993411600589752,0.23796308040618896,-0.1277027428150177,0.913974404335022,0.40630102157592773,0.208234041929245,-0.06689517199993134,0.8528398871421814,0.46886587142944336,0.17589989304542542,-0.1632525622844696,0.9477620124816895,0.4384405016899109,0.16774111986160278,-0.21893048286437988,0.8843213319778442,0.5170258283615112,0.4036100506782532,-0.01651596650481224,0.9998323917388916,0.47794121503829956,0.3900597393512726,0.016393626108765602,0.9997683167457581,0.5031998157501221,0.5621360540390015,-0.02829069457948208,0.9060015082359314,0.4653063416481018,0.4895890951156616,-0.2243846207857132,0.9100593328475952,0.48408713936805725,0.7057371139526367,0.06374306976795197,0.9724835753440857,0.47382688522338867,0.5377174615859985,-0.027409756556153297,0.6524437069892883,0.4825488030910492,0.753711462020874,-0.017281046137213707,0.9538078904151917,0.465679407119751,0.6045849919319153,-0.05052297189831734,0.6832346320152283
61,2.033333333333333,0.4901464581489563,0.11980284750461578,-0.08241814374923706,0.997286856174469,0.5247637033462524,0.20105718076229095,-0.043117184191942215,0.99941486120224,0.4582648277282715,0.18945007026195526,0.04218841344118118,0.9983376860618591,0.49943193793296814,0.23803631961345673,-0.12518233060836792,0.914575457572937,0.4060564935207367,0.20824024081230164,-0.06689324229955673,0.854020357131958,0.4688909649848938,0.17607291042804718,-0.163503497838974,0.9471355676651001,0.4382445812225342,0.16761575639247894,-0.2195257842540741,0.8864179849624634,0.5170132517814636,0.4034215211868286,-0.016295023262500763,0.9998315572738647,0.47794288396835327,0.3895843029022217,0.01617269776761532,0.9997702836990356,0.5031935572624207,0.5622292757034302,-0.028347497805953026,0.9052248001098633,0.465313583612442,0.4888290464878082,-0.22552283108234406,0.9140201210975647,0.48407912254333496,0.7050108909606934,0.06492140144109726,0.9717809557914734,0.47393590211868286,0.5376982092857361,-0.028261592611670494,0.6584787368774414,0.4824329912662506,0.7537136673927307,-0.014636690728366375,0.9523096084594727,0.46572962403297424,0.6046682000160217,-0.05039873719215393,0.6886624693870544
62,2.066666666666667,0.49018415808677673,0.11966045945882797,-0.07347242534160614,0.9972954392433167,0.5247679352760315,0.20086327195167542,-0.036739371716976166,0.9994165301322937,0.4580182433128357,0.1894790083169937,0.0475054569542408,0.9983698129653931,0.49989429116249084,0.23813484609127045,-0.1153666153550148,0.91463303565979,0.4060554504394531,0.20823298394680023,-0.062250010669231415,0.8539547920227051,0.46904081106185913,0.176699697971344,-0.1505560576915741,0.9462687373161316,0.4379569888114929,0.1674765944480896,-0.21672645211219788,0.8881980776786804,0.5170047879219055,0.4032215476036072,-0.01624031364917755,0.9998322129249573,0.47794443368911743,0.3892548978328705,0.01611691154539585,0.9997730851173401,0.5031941533088684,0.5622785091400146,-0.028415624052286148,0.9050022959709167,0.4653177857398987,0.4886675477027893,-0.22139696776866913,0.917214572429657,0.48406973481178284,0.704419732093811,0.06505770981311798,0.9713112115859985,0.47403019666671753,0.5375164747238159,-0.023971742019057274,0.6635114550590515,0.4824313521385193,0.753713071346283,-0.013639479875564575,0.9511891603469849,0.4658026695251465,0.6046022772789001,-0.045020222663879395,0.6932972073554993
63,2.1,0.48592644929885864,0.12190113216638565,-0.09554975479841232,0.9970301985740662,0.5220223665237427,0.201179638504982,-0.05805535987019539,0.99937504529953,0.4575590193271637,0.1895313858985901,0.03748059272766113,0.9983302354812622,0.4923012852668762,0.23606093227863312,-0.14403066039085388,0.9116516709327698,0.405050665140152,0.20806953310966492,-0.07325941324234009,0.8453514575958252,0.46594780683517456,0.17446908354759216,-0.18222996592521667,0.9429291486740112,0.4376142621040344,0.16624389588832855,-0.2336663454771042,0.8804183006286621,0.5154874324798584,0.4019319713115692,-0.017607569694519043,0.9998214244842529,0.47664445638656616,0.3882683217525482,0.017491644248366356,0.99976646900177,0.5026976466178894,0.560705840587616,-0.02782694436609745,0.897354781627655,0.4641426205635071,0.4823206961154938,-0.22819499671459198,0.9195826053619385,0.4870738089084625,0.6903296113014221,0.04727157577872276,0.9702252745628357,0.470487505197525,0.565535306930542,-0.06265056133270264,0.6750807762145996,0.4826163649559021,0.7500439286231995,-0.04434068873524666,0.9499655365943909,0.46056923270225525,0.6377047300338745,-0.09984968602657318,0.7051959037780762
64,2.1333333333333333,0.48427969217300415,0.12246217578649521,-0.09823019802570343,0.9968644976615906,0.5207778811454773,0.2016637772321701,-0.061696428805589676,0.9993358850479126,0.4573201537132263,0.19000765681266785,0.03578293323516846,0.9982550144195557,0.4901476800441742,0.23494775593280792,-0.14457954466342926,0.9088793396949768,0.40455013513565063,0.20755130052566528,-0.07700475305318832,0.8337928056716919,0.4647000730037689,0.17335471510887146,-0.17877575755119324,0.9391398429870605,0.43796277046203613,0.16512759029865265,-0.23626120388507843,0.8648456335067749,0.5148583054542542,0.401528000831604,-0.018941733986139297,0.9998142123222351,0.47583621740341187,0.3876263201236725,0.018830476328730583,0.9997621774673462,0.5022667646408081,0.5606176853179932,-0.02699262835085392,0.8908950686454773,0.46298637986183167,0.4799466133117676,-0.22603397071361542,0.9215055704116821,0.48783746361732483,0.6881364583969116,0.0486796535551548,0.9690446257591248,0.46936869621276855,0.5730085372924805,-0.05814874917268753,0.6849217414855957,0.4826499819755554,0.7488852739334106,-0.040433354675769806,0.9483733177185059,0.45849013328552246,0.6436894536018372,-0.09244345128536224,0.7152395844459534
65,2.1666666666666665,0.48397430777549744,0.12241080403327942,-0.09702179580926895,0.9968304634094238,0.5202147364616394,0.20167385041713715,-0.059471629559993744,0.9993166923522949,0.45708489418029785,0.19073878228664398,0.03629808872938156,0.9981967210769653,0.4899064600467682,0.23366746306419373,-0.14260630309581757,0.907113254070282,0.4040445387363434,0.20705227553844452,-0.07575725018978119,0.8226144909858704,0.4644045829772949,0.17239773273468018,-0.16123291850090027,0.9363449215888977,0.43869704008102417,0.1645173281431198,-0.23371759057044983,0.8471018075942993,0.5146018266677856,0.4015141725540161,-0.019727040082216263,0.9998118281364441,0.475437730550766,0.3875616192817688,0.019617661833763123,0.9997614026069641,0.5020584464073181,0.5607110857963562,-0.0259493850171566,0.8874841928482056,0.4621882438659668,0.4811284840106964,-0.22074389457702637,0.9234545826911926,0.488477885723114,0.6859259605407715,0.04919325187802315,0.9684348702430725,0.4685944616794586,0.5729110240936279,-0.044385865330696106,0.6946503520011902,0.4826478958129883,0.7479161024093628,-0.03743615001440048,0.9476726055145264,0.45841947197914124,0.6447670459747314,-0.07554490864276886,0.7253565192222595
66,2.2,0.48411989212036133,0.1223921999335289,-0.09467034786939621,0.9967383146286011,0.5198442935943604,0.20140069723129272,-0.05841867998242378,0.9992896914482117,0.45697149634361267,0.19125565886497498,0.03863907605409622,0.9981147050857544,0.4900864064693451,0.23249047994613647,-0.13847151398658752,0.9044743776321411,0.403805673122406,0.20667096972465515,-0.07471345365047455,0.8105511665344238,0.4642459452152252,0.17155656218528748,-0.14986494183540344,0.9323393702507019,0.43939343094825745,0.16407597064971924,-0.23253133893013,0.8282487988471985,0.5145388841629028,0.4014924466609955,-0.020990055054426193,0.9998091459274292,0.47523659467697144,0.38755977153778076,0.02088068798184395,0.9997599124908447,0.5017515420913696,0.5607767105102539,-0.026137903332710266,0.8845496773719788,0.4614933431148529,0.48199784755706787,-0.2189478576183319,0.9248747825622559,0.4885255694389343,0.6861244440078735,0.05055007338523865,0.967785120010376,0.468503475189209,0.5720415115356445,-0.03936326503753662,0.7029623985290527,0.4824589788913727,0.7477145791053772,-0.03557697311043739,0.9466655850410461,0.4586571156978607,0.6450614333152771,-0.06848873198032379,0.7336990237236023
67,2.2333333333333334,0.4843369424343109,0.12212959676980972,-0.09225522726774216,0.9965548515319824,0.5195924043655396,0.20100580155849457,-0.05747440457344055,0.9992564916610718,0.4568791389465332,0.19144073128700256,0.04173475131392479,0.9980108737945557,0.4901910424232483,0.23177215456962585,-0.13224764168262482,0.9009539484977722,0.4036794602870941,0.20633336901664734,-0.07440147548913956,0.7970293164253235,0.46422773599624634,0.17089739441871643,-0.1437787562608719,0.927129328250885,0.44003263115882874,0.16344214975833893,-0.23241877555847168,0.8079544305801392,0.5144985318183899,0.40132519602775574,-0.021645953878760338,0.9998055100440979,0.4750502109527588,0.387533962726593,0.02153506502509117,0.9997568726539612,0.5015361309051514,0.5607962608337402,-0.026500806212425232,0.8813031315803528,0.4611586928367615,0.48255035281181335,-0.21807599067687988,0.9256461262702942,0.48857492208480835,0.6869855523109436,0.05106613039970398,0.9670085906982422,0.4684181809425354,0.5716522932052612,-0.03766123950481415,0.7090744376182556,0.4823261797428131,0.7478223443031311,-0.03461960703134537,0.9453446269035339,0.4588063657283783,0.64547199010849,-0.06712546944618225,0.7397817969322205
68,2.2666666666666666,0.4844672679901123,0.12211071699857712,-0.09080155193805695,0.996390163898468,0.5195600986480713,0.20041461288928986,-0.05698268488049507,0.9992281198501587,0.45683616399765015,0.1915600448846817,0.04310851916670799,0.9978998303413391,0.4903032183647156,0.23122121393680573,-0.13034488260746002,0.8978887796401978,0.40363645553588867,0.20605845749378204,-0.07418341934680939,0.7832204103469849,0.46434730291366577,0.17035631835460663,-0.145372211933136,0.9226033687591553,0.4402456283569336,0.16321370005607605,-0.23172858357429504,0.7872703075408936,0.5144468545913696,0.4011504650115967,-0.021944310516119003,0.9998018741607666,0.4749332368373871,0.3875449299812317,0.021832384169101715,0.9997528791427612,0.5015087127685547,0.5609733462333679,-0.027337005361914635,0.878510594367981,0.46093878149986267,0.4829292297363281,-0.2142472267150879,0.9260870218276978,0.4887470304965973,0.6874650120735168,0.05064579099416733,0.9664158225059509,0.4683849811553955,0.5716261863708496,-0.03494097292423248,0.7141245007514954,0.48231881856918335,0.747914731502533,-0.035446085035800934,0.9443109035491943,0.4589408338069916,0.6453158259391785,-0.06391513347625732,0.7448573708534241
69,2.3,0.4845818877220154,0.12205841392278671,-0.09016665071249008,0.9962323904037476,0.5195360779762268,0.1998267024755478,-0.05658426880836487,0.9992032051086426,0.4567938446998596,0.1917245239019394,0.04395604506134987,0.9977759122848511,0.49032965302467346,0.23075826466083527,-0.1300966441631317,0.8952603936195374,0.403592050075531,0.20589005947113037,-0.07413170486688614,0.768645703792572,0.4644032418727875,0.1698329746723175,-0.14754913747310638,0.9184567332267761,0.44036540389060974,0.16315394639968872,-0.23136329650878906,0.7652499079704285,0.5143831372261047,0.40108150243759155,-0.0222246702760458,0.9997993111610413,0.47485360503196716,0.3875749707221985,0.02211245521903038,0.9997496604919434,0.5014952421188354,0.561106264591217,-0.027874987572431564,0.8761428594589233,0.460780531167984,0.4831417500972748,-0.21296587586402893,0.9265732765197754,0.48895463347435,0.6876773834228516,0.05050691217184067,0.9659715294837952,0.4683387279510498,0.571647047996521,-0.03385761007666588,0.7190816402435303,0.48232612013816833,0.7479566931724548,-0.03580660745501518,0.9435199499130249,0.45906686782836914,0.6451519131660461,-0.06307060271501541,0.749779224395752
70,2.3333333333333335,0.48464852571487427,0.12202126532793045,-0.0872582197189331,0.9961023330688477,0.5194807648658752,0.19932210445404053,-0.05654650181531906,0.9991848468780518,0.4567446708679199,0.191950261592865,0.045299626886844635,0.9976751208305359,0.4903591573238373,0.23029372096061707,-0.12956565618515015,0.8925959467887878,0.4035571217536926,0.2057928442955017,-0.07259795069694519,0.7543497085571289,0.4644244313240051,0.16938117146492004,-0.14694146811962128,0.9144837260246277,0.4403823912143707,0.16316987574100494,-0.22976934909820557,0.7452453970909119,0.5143007040023804,0.4009987413883209,-0.022543882951140404,0.9997977614402771,0.47480782866477966,0.38759830594062805,0.02243172749876976,0.9997476935386658,0.5014445185661316,0.5611457824707031,-0.027895351871848106,0.8737488389015198,0.46062636375427246,0.4832155406475067,-0.21093079447746277,0.9268119931221008,0.48908132314682007,0.687903106212616,0.049577124416828156,0.9656517505645752,0.46831756830215454,0.5717528462409973,-0.034146469086408615,0.7236531376838684,0.48233333230018616,0.7479844689369202,-0.03697207570075989,0.9429544806480408,0.4591677784919739,0.6451457738876343,-0.0637555867433548,0.7544434070587158
71,2.3666666666666667,0.48468512296676636,0.12200171500444412,-0.0852256566286087,0.9959588646888733,0.5194265246391296,0.19887489080429077,-0.0564960353076458,0.9991669654846191,0.45670729875564575,0.1922452449798584,0.046322502195835114,0.9975805282592773,0.4905005395412445,0.23000331223011017,-0.12958601117134094,0.8900585770606995,0.40351495146751404,0.2057466059923172,-0.07143767178058624,0.7406934499740601,0.4644041657447815,0.16905547678470612,-0.14815685153007507,0.9103912115097046,0.4403479993343353,0.16318941116333008,-0.22884652018547058,0.7270619869232178,0.5142201781272888,0.4009277820587158,-0.022732052952051163,0.9997962713241577,0.47478413581848145,0.3876170814037323,0.022619908675551414,0.9997459650039673,0.5013845562934875,0.5611857771873474,-0.02789236232638359,0.8706784248352051,0.46052902936935425,0.4830348491668701,-0.21114377677440643,0.9269201755523682,0.48911380767822266,0.6879875063896179,0.048714637756347656,0.9652068018913269,0.4683362543582916,0.5713983774185181,-0.03824666514992714,0.7272361516952515,0.48233896493911743,0.7480368614196777,-0.038099005818367004,0.9421718120574951,0.45928311347961426,0.645245373249054,-0.06859762221574783,0.7581011652946472
72,2.4,0.4846460819244385,0.12197494506835938,-0.08231188356876373,0.9958646297454834,0.51935875415802,0.19862066209316254,-0.054806698113679886,0.9991500973701477,0.4566996097564697,0.19256195425987244,0.04635569453239441,0.9975090622901917,0.4906386733055115,0.22960980236530304,-0.12961122393608093,0.8862537145614624,0.4035191535949707,0.20564711093902588,-0.07139695435762405,0.72968590259552,0.46444058418273926,0.169050931930542,-0.14890757203102112,0.9049127697944641,0.4404647946357727,0.16286247968673706,-0.22882282733917236,0.7127701044082642,0.5140722990036011,0.4007553458213806,-0.022666186094284058,0.9997948408126831,0.4747246205806732,0.3876301646232605,0.022553373128175735,0.9997444152832031,0.5013387799263,0.5609502792358398,-0.027725305408239365,0.8659117817878723,0.4604657292366028,0.4828587472438812,-0.21109271049499512,0.9256725907325745,0.4890832006931305,0.6881809830665588,0.04492434486746788,0.9644548892974854,0.46832364797592163,0.5712810754776001,-0.04042956233024597,0.7273073792457581,0.4823385775089264,0.7481276392936707,-0.04261011257767677,0.9410145878791809,0.4593702256679535,0.6456817984580994,-0.07050710171461105,0.7590238451957703
73,2.433333333333333,0.48462334275245667,0.12195393443107605,-0.08038271963596344,0.9957801103591919,0.5193194150924683,0.19842062890529633,-0.05213843658566475,0.9991394281387329,0.4566890299320221,0.19287008047103882,0.04649733006954193,0.9974544048309326,0.49074453115463257,0.22938333451747894,-0.12943705916404724,0.8828160762786865,0.40352797508239746,0.20560330152511597,-0.07135070115327835,0.7202930450439453,0.4644714891910553,0.16908803582191467,-0.14960530400276184,0.9002119302749634,0.4404889643192291,0.16262489557266235,-0.22861763834953308,0.7004588842391968,0.5139433145523071,0.4005359709262848,-0.022625381126999855,0.9997938871383667,0.47467437386512756,0.3876437246799469,0.022512618452310562,0.9997435212135315,0.501314103603363,0.5606192946434021,-0.02757546864449978,0.8604193329811096,0.46041807532310486,0.4826169013977051,-0.2122824490070343,0.9242630004882812,0.4890502095222473,0.6883215308189392,0.04184018075466156,0.963615357875824,0.46834880113601685,0.5717563629150391,-0.044774726033210754,0.7267431616783142,0.4823818802833557,0.7481814622879028,-0.04632456973195076,0.9397534728050232,0.4594438076019287,0.6463242173194885,-0.0753178820014,0.7592098116874695
74,2.466666666666667,0.48458829522132874,0.1219431683421135,-0.07840369641780853,0.9956533908843994,0.5193043351173401,0.19831430912017822,-0.0496990829706192,0.9991264343261719,0.4566873013973236,0.19306714832782745,0.047127239406108856,0.9974081516265869,0.49082475900650024,0.22918014228343964,-0.12882100045681,0.8788058161735535,0.4035356938838959,0.2055685818195343,-0.07117725908756256,0.7121082544326782,0.4644954204559326,0.16914479434490204,-0.15001653134822845,0.8951852321624756,0.44050535559654236,0.1625298708677292,-0.2283513993024826,0.690649151802063,0.5138259530067444,0.40028703212738037,-0.022562649101018906,0.9997928738594055,0.4746265411376953,0.3876549303531647,0.02244872786104679,0.9997426271438599,0.501297116279602,0.5599733591079712,-0.027570268139243126,0.854202926158905,0.4604116380214691,0.48262298107147217,-0.2125108242034912,0.9222675561904907,0.48903989791870117,0.688399612903595,0.03992275893688202,0.9626656770706177,0.468357652425766,0.5722776055335999,-0.04475751146674156,0.7247232794761658,0.48246607184410095,0.7482382655143738,-0.049331583082675934,0.938360333442688,0.45949992537498474,0.6468469500541687,-0.07596556842327118,0.7580659985542297
75,2.5,0.4834795892238617,0.12378615140914917,-0.08043117821216583,0.9955959916114807,0.5184918642044067,0.19832240045070648,-0.051050156354904175,0.9990947246551514,0.45597806572914124,0.19957849383354187,0.04602041095495224,0.9974966049194336,0.48666343092918396,0.2255532145500183,-0.12728312611579895,0.8767627477645874,0.40281638503074646,0.20605415105819702,-0.07424881309270859,0.7244828343391418,0.46383023262023926,0.17049703001976013,-0.12919987738132477,0.8868966102600098,0.4430440366268158,0.16020287573337555,-0.2212611436843872,0.7023541331291199,0.5138455629348755,0.40007564425468445,-0.023333419114351273,0.9998002052307129,0.4746459126472473,0.38766247034072876,0.02321552112698555,0.999757707118988,0.5012964606285095,0.5587124824523926,-0.02652648463845253,0.8539451360702515,0.4602155089378357,0.48272255063056946,-0.2151484191417694,0.9263251423835754,0.49105826020240784,0.6744768619537354,0.07931266725063324,0.9607990980148315,0.46781206130981445,0.5978655219078064,-0.0717489942908287,0.7418855428695679,0.48245924711227417,0.7331515550613403,0.0115152383223176,0.935334324836731,0.45694175362586975,0.6632297039031982,-0.10795094072818756,0.771901547908783
76,2.533333333333333,0.48282843828201294,0.12373097985982895,-0.0799068883061409,0.9956382513046265,0.5175813436508179,0.19795723259449005,-0.0534648522734642,0.9990728497505188,0.4556240439414978,0.20113088190555573,0.04895620793104172,0.9975857138633728,0.48449426889419556,0.2225595861673355,-0.12740758061408997,0.8743658065795898,0.40256452560424805,0.2062847912311554,-0.07157289981842041,0.7343106269836426,0.4625244140625,0.17050322890281677,-0.12710611522197723,0.8797340989112854,0.44373607635498047,0.15990552306175232,-0.21537354588508606,0.7122066020965576,0.5138837695121765,0.39996635913848877,-0.02617926523089409,0.9998073577880859,0.4748043119907379,0.3877808749675751,0.026058053597807884,0.9997720122337341,0.5012357234954834,0.5586754679679871,-0.027417952194809914,0.8514550924301147,0.4599685072898865,0.4827762544155121,-0.2130727469921112,0.9291993975639343,0.4918869137763977,0.6674272418022156,0.08800651133060455,0.9571080803871155,0.4674365520477295,0.599685549736023,-0.06405956298112869,0.7553056478500366,0.4824036657810211,0.7307727336883545,0.02598610892891884,0.9299704432487488,0.45588523149490356,0.6665085554122925,-0.09646026045084,0.7827419638633728
77,2.566666666666667,0.4822680354118347,0.12367678433656693,-0.08935438096523285,0.9955016374588013,0.5175164341926575,0.19782297313213348,-0.0592728853225708,0.9990217089653015,0.4554426074028015,0.20061512291431427,0.03766685351729393,0.9976525902748108,0.4828711450099945,0.22188904881477356,-0.1329198032617569,0.8702917695045471,0.40258073806762695,0.2062162607908249,-0.08904484659433365,0.7451229691505432,0.46081408858299255,0.17109765112400055,-0.13303092122077942,0.8688357472419739,0.44624561071395874,0.15948785841464996,-0.23200492560863495,0.7186327576637268,0.5138992667198181,0.3998803496360779,-0.02578449249267578,0.9998124241828918,0.4748062491416931,0.38788315653800964,0.025663772597908974,0.9997838735580444,0.5012439489364624,0.5587117075920105,-0.030576467514038086,0.8470799922943115,0.45996028184890747,0.48285040259361267,-0.21761929988861084,0.9314638376235962,0.49219655990600586,0.6686820387840271,0.08762466162443161,0.952769935131073,0.46742671728134155,0.6011321544647217,-0.06599479913711548,0.7651018500328064,0.48240771889686584,0.730348527431488,0.025144528597593307,0.923231303691864,0.4554027020931244,0.6675274968147278,-0.09708274900913239,0.7900979518890381
78,2.6,0.48200321197509766,0.12291254103183746,-0.09397943317890167,0.9954700469970703,0.5175093412399292,0.1978047490119934,-0.06443789601325989,0.9989907741546631,0.4552529752254486,0.2003486454486847,0.033825915306806564,0.9977247714996338,0.48199039697647095,0.22220923006534576,-0.13256128132343292,0.8678768873214722,0.4023977220058441,0.20621325075626373,-0.08980615437030792,0.7545643448829651,0.45867452025413513,0.17104694247245789,-0.12150570005178452,0.8614539504051208,0.44762974977493286,0.1589277684688568,-0.2321862280368805,0.7232969403266907,0.5139425992965698,0.39988014101982117,-0.02572602964937687,0.9998180866241455,0.47480374574661255,0.38820189237594604,0.02560667134821415,0.9997950792312622,0.5012513399124146,0.5588171482086182,-0.03118102252483368,0.8439920544624329,0.4599378705024719,0.48351728916168213,-0.21704056859016418,0.9333977699279785,0.49244314432144165,0.6696422100067139,0.0884867012500763,0.9497290253639221,0.46744975447654724,0.6021680235862732,-0.06063966825604439,0.7734161019325256,0.48248234391212463,0.7304522395133972,0.025518978014588356,0.9184657335281372,0.45519131422042847,0.667942225933075,-0.09153928607702255,0.7966805696487427
79,2.6333333333333333,0.48203974962234497,0.1225394457578659,-0.09244880825281143,0.995505690574646,0.5174029469490051,0.19757124781608582,-0.06174515560269356,0.9989751577377319,0.4551204741001129,0.20014294981956482,0.03434019908308983,0.9977933168411255,0.4825209081172943,0.22246333956718445,-0.12047497928142548,0.8650743961334229,0.402132123708725,0.20624612271785736,-0.08660152554512024,0.7621310353279114,0.4581878185272217,0.17106732726097107,-0.10434412956237793,0.8547644019126892,0.44833916425704956,0.158246710896492,-0.22303524613380432,0.7277016043663025,0.5139598846435547,0.3998780846595764,-0.025605762377381325,0.9998239874839783,0.47480320930480957,0.38828250765800476,0.025485506281256676,0.9998053312301636,0.5012451410293579,0.5590144991874695,-0.030967211350798607,0.8403412103652954,0.45992565155029297,0.48431646823883057,-0.21625283360481262,0.934627115726471,0.4927225708961487,0.6705327033996582,0.08651262521743774,0.9471444487571716,0.46746358275413513,0.6026387810707092,-0.05862463638186455,0.780269980430603,0.48251262307167053,0.7300449013710022,0.02250649407505989,0.9145881533622742,0.45521610975265503,0.6686273813247681,-0.089043527841568,0.802284300327301
80,2.6666666666666665,0.48205775022506714,0.12227984517812729,-0.0852499008178711,0.9954771995544434,0.5170832872390747,0.19707167148590088,-0.05224918574094772,0.9989590644836426,0.4549456238746643,0.2000570148229599,0.03852863609790802,0.9978281259536743,0.4830079972743988,0.22260862588882446,-0.11089742183685303,0.8610072135925293,0.40198951959609985,0.20629285275936127,-0.08268704265356064,0.7674352526664734,0.4578305780887604,0.1711709052324295,-0.09667015820741653,0.8463743329048157,0.4491555094718933,0.15694501996040344,-0.21312721073627472,0.7280392050743103,0.5139693021774292,0.39986008405685425,-0.025542601943016052,0.9998288154602051,0.4748009741306305,0.3883161246776581,0.025424446910619736,0.9998136758804321,0.5012423396110535,0.5591057538986206,-0.031384121626615524,0.8358860611915588,0.45990878343582153,0.48507994413375854,-0.2156294882297516,0.9349116086959839,0.49279284477233887,0.6709685921669006,0.08462190628051758,0.9434698820114136,0.4673977792263031,0.6020457148551941,-0.057433146983385086,0.7841045260429382,0.48254624009132385,0.7302442193031311,0.021591942757368088,0.9089547395706177,0.4553146958351135,0.6688554286956787,-0.08805429935455322,0.8049264550209045
81,2.7,0.4822625517845154,0.12178493291139603,-0.07712779194116592,0.9953967332839966,0.5168812870979309,0.19662298262119293,-0.043457262217998505,0.9989423751831055,0.45491868257522583,0.2000127136707306,0.04290466755628586,0.9978605508804321,0.48336219787597656,0.222725510597229,-0.10528968274593353,0.8574889898300171,0.40192657709121704,0.20630821585655212,-0.07875797897577286,0.7735633254051208,0.45782727003097534,0.17136172950267792,-0.09500400722026825,0.839752733707428,0.4496863782405853,0.15588164329528809,-0.20909357070922852,0.7308784127235413,0.513972818851471,0.39976945519447327,-0.024717209860682487,0.999832034111023,0.47479405999183655,0.388325035572052,0.024591533467173576,0.9998202919960022,0.5012416243553162,0.5594079494476318,-0.03131266310811043,0.8296865820884705,0.4598968029022217,0.4857087731361389,-0.21543407440185547,0.9344881176948547,0.49287062883377075,0.6716392040252686,0.08599413931369781,0.9388435482978821,0.467232882976532,0.6025258898735046,-0.05689406394958496,0.7854239344596863,0.4826144576072693,0.7304882407188416,0.023729519918560982,0.9018876552581787,0.4553987383842468,0.6691482663154602,-0.08717664331197739,0.8051342964172363
82,2.7333333333333334,0.4823318421840668,0.12137380242347717,-0.07601360976696014,0.9953323006629944,0.5167055726051331,0.1963074952363968,-0.04245971143245697,0.9989264011383057,0.4549019932746887,0.19995547831058502,0.044684454798698425,0.997887134552002,0.483595609664917,0.22283203899860382,-0.10551711171865463,0.8535319566726685,0.40185195207595825,0.2063072770833969,-0.07655752450227737,0.7778764963150024,0.45795172452926636,0.17150071263313293,-0.09594990313053131,0.8332133889198303,0.44999995827674866,0.15510395169258118,-0.20783241093158722,0.7310567498207092,0.5139869451522827,0.3996695578098297,-0.024356629699468613,0.9998340606689453,0.47479137778282166,0.3883323669433594,0.024227552115917206,0.9998255372047424,0.5012420415878296,0.559544563293457,-0.03115430474281311,0.8217782974243164,0.45988020300865173,0.4860788881778717,-0.2147407829761505,0.9333115816116333,0.4929598271846771,0.6720808744430542,0.0856841430068016,0.9338254928588867,0.4671318531036377,0.6031137108802795,-0.056561779230833054,0.784788191318512,0.48268023133277893,0.730731189250946,0.02243843860924244,0.894602358341217,0.45543986558914185,0.6692971587181091,-0.08659213036298752,0.8039814233779907
83,2.7666666666666666,0.48234447836875916,0.12124001234769821,-0.0768786147236824,0.9953799843788147,0.5165272355079651,0.1959509700536728,-0.04378506913781166,0.9989280700683594,0.4548860192298889,0.19989801943302155,0.044675182551145554,0.9979260563850403,0.4837586283683777,0.2228991687297821,-0.10714840888977051,0.8512673377990723,0.4018198549747467,0.20629015564918518,-0.07639268785715103,0.7816609144210815,0.45803195238113403,0.17156963050365448,-0.09725456684827805,0.8289996385574341,0.4502016007900238,0.15481694042682648,-0.208351731300354,0.7300715446472168,0.5139951109886169,0.3996148109436035,-0.024212870746850967,0.9998371005058289,0.47478848695755005,0.3883409798145294,0.024082446470856667,0.9998310804367065,0.5012482404708862,0.5597096681594849,-0.03107752837240696,0.8160473704338074,0.45987367630004883,0.4863804578781128,-0.21267995238304138,0.9324124455451965,0.4930116534233093,0.6723527312278748,0.08511561155319214,0.9296149611473083,0.4670831561088562,0.6034224033355713,-0.05650890991091728,0.7847971320152283,0.48274821043014526,0.7309202551841736,0.022504905238747597,0.8886520862579346,0.4554397165775299,0.6693093776702881,-0.08564399927854538,0.8036746382713318
84,2.8,0.482354074716568,0.12122657895088196,-0.07887863367795944,0.9954914450645447,0.516370415687561,0.19582617282867432,-0.04400278255343437,0.9989324808120728,0.45481881499290466,0.1998462826013565,0.042699117213487625,0.9979881048202515,0.48379653692245483,0.22297774255275726,-0.10969801247119904,0.8497253060340881,0.40178632736206055,0.20619845390319824,-0.07903815805912018,0.7872406840324402,0.4581502377986908,0.17172174155712128,-0.10194041579961777,0.8256794810295105,0.4500650465488434,0.15471002459526062,-0.21082346141338348,0.7343728542327881,0.5139987468719482,0.39941146969795227,-0.024195663630962372,0.9998399019241333,0.4747522473335266,0.38833460211753845,0.024065766483545303,0.9998365640640259,0.5012490153312683,0.5596447587013245,-0.03119521401822567,0.8137748837471008,0.45980262756347656,0.48666834831237793,-0.20925486087799072,0.9324058890342712,0.4930686950683594,0.6722208857536316,0.08461525291204453,0.9271528720855713,0.46707287430763245,0.6035535931587219,-0.05513029545545578,0.7874076962471008,0.48275214433670044,0.730780303478241,0.022417377680540085,0.8852890133857727,0.45543280243873596,0.6692144870758057,-0.0837775319814682,0.8057390451431274
85,2.8333333333333335,0.48237675428390503,0.121219202876091,-0.08065596222877502,0.9956084489822388,0.5162809491157532,0.19577808678150177,-0.04539739340543747,0.998938262462616,0.45477214455604553,0.19968508183956146,0.041826970875263214,0.9980473518371582,0.4838435649871826,0.22300583124160767,-0.10997553169727325,0.849166750907898,0.40174436569213867,0.20615769922733307,-0.08012522757053375,0.7922540307044983,0.4582293629646301,0.1719268411397934,-0.10456503927707672,0.8237566947937012,0.4498976767063141,0.1547120064496994,-0.2129645049571991,0.738264262676239,0.5140020847320557,0.3993259370326996,-0.024170951917767525,0.9998425245285034,0.4747273921966553,0.3883356750011444,0.02404131181538105,0.999841570854187,0.5012536644935608,0.5596484541893005,-0.031163785606622696,0.8121076822280884,0.4597599506378174,0.48670506477355957,-0.2092953473329544,0.932819664478302,0.493142306804657,0.6723403334617615,0.08405803143978119,0.9254392385482788,0.4670756459236145,0.6036702394485474,-0.055416226387023926,0.7906770706176758,0.4827605187892914,0.7307776808738708,0.02132190205156803,0.8829978108406067,0.45543915033340454,0.6692433953285217,-0.08432720601558685,0.8085317015647888
86,2.8666666666666667,0.48239508271217346,0.12121056765317917,-0.08196832239627838,0.9957481622695923,0.5162747502326965,0.19583265483379364,-0.04763924703001976,0.9989458918571472,0.4547519087791443,0.19951750338077545,0.040834054350852966,0.9981111288070679,0.4839116036891937,0.22307643294334412,-0.11199973523616791,0.8493614196777344,0.4017149806022644,0.20612822473049164,-0.08188608288764954,0.797966480255127,0.4582688808441162,0.17234592139720917,-0.10592728853225708,0.8227683305740356,0.4497688412666321,0.15472298860549927,-0.21689574420452118,0.743786096572876,0.5140049457550049,0.39927536249160767,-0.02414875663816929,0.9998452067375183,0.47471827268600464,0.3883380889892578,0.024019327014684677,0.9998465180397034,0.501282811164856,0.559658408164978,-0.031466465443372726,0.8115950226783752,0.45971164107322693,0.486722469329834,-0.209063321352005,0.9335288405418396,0.4932340681552887,0.6724187135696411,0.08350574970245361,0.9242041110992432,0.46707844734191895,0.6036813259124756,-0.055419422686100006,0.7944087982177734,0.4827844500541687,0.7308114767074585,0.020546521991491318,0.8813766241073608,0.45544999837875366,0.6692548394203186,-0.08433546870946884,0.8117478489875793
87,2.9,0.4801488518714905,0.12113362550735474,-0.12069559097290039,0.9959918856620789,0.5146188735961914,0.19560061395168304,-0.08405142277479172,0.9989286661148071,0.4535853862762451,0.2019357830286026,0.02901606820523739,0.9981588125228882,0.4763564169406891,0.22051069140434265,-0.13432577252388,0.8494426012039185,0.39979493618011475,0.20769530534744263,-0.0814642459154129,0.8007979393005371,0.4571951925754547,0.1703745275735855,-0.105174221098423,0.8136226534843445,0.44828763604164124,0.1544295847415924,-0.20616403222084045,0.7338725924491882,0.5140073299407959,0.3989350497722626,-0.02709486521780491,0.9998518824577332,0.4747394025325775,0.3887365162372589,0.026997122913599014,0.999856173992157,0.501937747001648,0.5385928750038147,-0.054259806871414185,0.8144741058349609,0.45763763785362244,0.4855099618434906,-0.20853117108345032,0.9365631937980652,0.49422675371170044,0.6435568332672119,0.09638345241546631,0.9194955825805664,0.4670071005821228,0.6171465516090393,-0.07651427388191223,0.8072189688682556,0.48326700925827026,0.7097671031951904,0.039965126663446426,0.8771730661392212,0.4554625451564789,0.6797245740890503,-0.1264512836933136,0.8228501081466675
88,2.933333333333333,0.4790888726711273,0.12110313773155212,-0.11789773404598236,0.9961772561073303,0.5140551924705505,0.19557911157608032,-0.07474774867296219,0.9989093542098999,0.45235246419906616,0.20329852402210236,0.02289631776511669,0.9982028603553772,0.4768517017364502,0.22028431296348572,-0.1356101632118225,0.8470956683158875,0.3991602957248688,0.2087884247303009,-0.09251941740512848,0.8027176856994629,0.45687252283096313,0.17046307027339935,-0.11788631975650787,0.802722156047821,0.44766002893447876,0.15439727902412415,-0.21688738465309143,0.7268432974815369,0.5139829516410828,0.3991093039512634,-0.02563699707388878,0.9998587965965271,0.4746958613395691,0.3898247480392456,0.02555016614496708,0.9998656511306763,0.5021642446517944,0.5415037870407104,-0.014543531462550163,0.8076120615005493,0.45670217275619507,0.48459407687187195,-0.22106346487998962,0.9395059943199158,0.49440211057662964,0.6406252384185791,0.14018301665782928,0.9154606461524963,0.4668484330177307,0.6204211115837097,-0.09325755387544632,0.8190568089485168,0.48368707299232483,0.7062265872955322,0.08142443746328354,0.8735198378562927,0.45547088980674744,0.684048056602478,-0.14348778128623962,0.8334909677505493
89,2.966666666666667,0.47882476449012756,0.12110082060098648,-0.11822481453418732,0.9962649345397949,0.5136662721633911,0.19544419646263123,-0.07186955958604813,0.9988554120063782,0.45167118310928345,0.20329393446445465,0.019654806703329086,0.9982378482818604,0.4754470884799957,0.2181466668844223,-0.131825789809227,0.844085156917572,0.3990047872066498,0.20912156999111176,-0.0964488536119461,0.809316873550415,0.4554797112941742,0.1700606644153595,-0.11435099691152573,0.7911848425865173,0.4473055899143219,0.15380501747131348,-0.221574068069458,0.7315811514854431,0.5139778852462769,0.3991071879863739,-0.02405419759452343,0.9998650550842285,0.4746600091457367,0.3900618553161621,0.023966271430253983,0.9998744130134583,0.5026096105575562,0.5415523052215576,-0.015286983922123909,0.8011991381645203,0.4565139412879944,0.48337703943252563,-0.22482040524482727,0.9419592618942261,0.4946088194847107,0.639275848865509,0.13674184679985046,0.9099196791648865,0.4666856825351715,0.620509684085846,-0.09385697543621063,0.828549325466156,0.4845152497291565,0.7048068642616272,0.07899701595306396,0.8672498464584351,0.45533791184425354,0.6854026317596436,-0.142304465174675,0.8415393233299255
90,3.0,0.4784199595451355,0.1217508539557457,-0.12687715888023376,0.9963610768318176,0.5136116147041321,0.19527606666088104,-0.07078929245471954,0.998799204826355,0.4515443742275238,0.20393025875091553,0.008667332120239735,0.9982680082321167,0.4760250449180603,0.21594886481761932,-0.13260780274868011,0.8446511030197144,0.39893174171447754,0.209580659866333,-0.11523214727640152,0.8190495371818542,0.45524805784225464,0.17077070474624634,-0.11983297765254974,0.7875450849533081,0.44660115242004395,0.15359801054000854,-0.24738046526908875,0.7425944805145264,0.5139988660812378,0.39930763840675354,-0.01981673762202263,0.9998642206192017,0.4746575951576233,0.39068174362182617,0.01972534880042076,0.9998788237571716,0.5026654601097107,0.5427091121673584,-0.008322793059051037,0.7869253754615784,0.456343412399292,0.4803387522697449,-0.23629698157310486,0.9440224170684814,0.4947849214076996,0.6386301517486572,0.15717187523841858,0.8975955843925476,0.4666561186313629,0.6211295127868652,-0.10981671512126923,0.8371282815933228,0.48467642068862915,0.7043567299842834,0.1021098718047142,0.8538339734077454,0.4548671245574951,0.6872662305831909,-0.1621045470237732,0.8488274812698364
91,3.033333333333333,0.4782344698905945,0.12181976437568665,-0.13196098804473877,0.9965134263038635,0.5136821269989014,0.19527003169059753,-0.07127148658037186,0.9987786412239075,0.45124515891075134,0.20439648628234863,0.003103171242401004,0.9983412027359009,0.4766244888305664,0.2155400663614273,-0.14260610938072205,0.8471432328224182,0.3987545669078827,0.20962423086166382,-0.1256524622440338,0.830000102519989,0.4550607204437256,0.17255213856697083,-0.14217188954353333,0.7873669266700745,0.4461439549922943,0.153618723154068,-0.26185300946235657,0.7576851844787598,0.5140272378921509,0.399336040019989,-0.017516737803816795,0.9998677968978882,0.47461724281311035,0.39089080691337585,0.01742362417280674,0.9998854994773865,0.5026997327804565,0.5436009168624878,-0.007496229372918606,0.7817396521568298,0.45628252625465393,0.47832706570625305,-0.24099767208099365,0.9468390941619873,0.49504271149635315,0.6400184035301208,0.1594700664281845,0.8934667110443115,0.4665707051753998,0.621016800403595,-0.10558535903692245,0.8469231724739075,0.4849506914615631,0.705277144908905,0.10109180212020874,0.8501067757606506,0.4546732008457184,0.6882018446922302,-0.1583002507686615,0.8575617074966431
92,3.066666666666667,0.4782816469669342,0.12192393094301224,-0.13942842185497284,0.9966526627540588,0.5136275887489319,0.19522415101528168,-0.07329155504703522,0.9987441897392273,0.45106759667396545,0.20425739884376526,-0.004976111464202404,0.9984123110771179,0.4760898947715759,0.21507030725479126,-0.14020729064941406,0.8467064499855042,0.3986016809940338,0.20959848165512085,-0.1317077875137329,0.8405324220657349,0.45447373390197754,0.17366623878479004,-0.1356145292520523,0.7826133966445923,0.4460993707180023,0.15363088250160217,-0.2648042142391205,0.7713005542755127,0.5140613317489624,0.39932912588119507,-0.015893694013357162,0.9998708963394165,0.4746073782444,0.3908854126930237,0.015799039974808693,0.9998916983604431,0.5027554035186768,0.5457499027252197,-0.005463019944727421,0.7758945822715759,0.4561978280544281,0.47751253843307495,-0.23800642788410187,0.9489572644233704,0.4952933192253113,0.6406522393226624,0.1607588827610016,0.888378918170929,0.46649470925331116,0.6215094923973083,-0.10178527981042862,0.8549466133117676,0.48518499732017517,0.7056331038475037,0.10221652686595917,0.844885528087616,0.45448070764541626,0.6886358857154846,-0.15472468733787537,0.8645548820495605
93,3.1,0.47836676239967346,0.12185905128717422,-0.14073191583156586,0.9967496395111084,0.51349937915802,0.19500520825386047,-0.07455729693174362,0.9986876845359802,0.4509836733341217,0.2041575312614441,-0.006309702061116695,0.9984559416770935,0.474644273519516,0.2144947052001953,-0.13769811391830444,0.8443444967269897,0.39853158593177795,0.20963963866233826,-0.1311091035604477,0.8488285541534424,0.4538809359073639,0.17343047261238098,-0.13120640814304352,0.7753300070762634,0.4461040496826172,0.15364094078540802,-0.2614496350288391,0.7804617881774902,0.514063835144043,0.3991966247558594,-0.015467474237084389,0.9998728036880493,0.4746009409427643,0.3907715678215027,0.015372201800346375,0.999896764755249,0.5027530789375305,0.5459213256835938,-0.002038093050941825,0.7654419541358948,0.4561537802219391,0.47697004675865173,-0.2340201884508133,0.9500123262405396,0.4955497682094574,0.6394430994987488,0.16210582852363586,0.8794686794281006,0.46644124388694763,0.6221027970314026,-0.10101857036352158,0.8607041239738464,0.48527899384498596,0.7051656246185303,0.10456894338130951,0.8353059887886047,0.4541053771972656,0.6886494755744934,-0.1545201539993286,0.869391918182373
94,3.1333333333333333,0.4784433841705322,0.12180721759796143,-0.13686096668243408,0.9968254566192627,0.5135136842727661,0.19475097954273224,-0.07370880246162415,0.9986441135406494,0.45096540451049805,0.20412439107894897,-0.002961861900985241,0.9984984397888184,0.47455477714538574,0.21436631679534912,-0.13977955281734467,0.8435071110725403,0.3985215127468109,0.20963707566261292,-0.12890572845935822,0.8564536571502686,0.45393410325050354,0.17283540964126587,-0.13565990328788757,0.7718424797058105,0.4460757374763489,0.15365585684776306,-0.2609001100063324,0.7898411154747009,0.5140618681907654,0.3990687131881714,-0.015549084171652794,0.9998754858970642,0.47456008195877075,0.3906339406967163,0.015451610088348389,0.9999017119407654,0.5027436017990112,0.5464330315589905,-0.004244431387633085,0.7582986950874329,0.45609837770462036,0.47716793417930603,-0.23293276131153107,0.9513805508613586,0.4956571161746979,0.6392837166786194,0.1582927256822586,0.873332679271698,0.4663871228694916,0.6222307682037354,-0.1003408432006836,0.8665689826011658,0.4853702187538147,0.7055663466453552,0.10022975504398346,0.8289137482643127,0.4539206027984619,0.688909113407135,-0.1532837450504303,0.8744329810142517
95,3.1666666666666665,0.47849956154823303,0.12177833914756775,-0.13391782343387604,0.996959388256073,0.5134455561637878,0.19458967447280884,-0.07295455783605576,0.9986398220062256,0.45088768005371094,0.204121932387352,0.0014368518022820354,0.9985438585281372,0.4746934473514557,0.21425418555736542,-0.13828569650650024,0.8462728261947632,0.3984977602958679,0.20965822041034698,-0.12428201735019684,0.863330066204071,0.4539487957954407,0.1725618839263916,-0.13235865533351898,0.774356484413147,0.4459035396575928,0.15366853773593903,-0.2587345838546753,0.7987182140350342,0.5140588879585266,0.398934543132782,-0.01596904546022415,0.9998788833618164,0.47450026869773865,0.3904620409011841,0.015870247036218643,0.9999064803123474,0.5026934146881104,0.5470460057258606,-0.006790523882955313,0.754456639289856,0.45602846145629883,0.47732672095298767,-0.23220384120941162,0.9528874158859253,0.4956529140472412,0.6390417814254761,0.15798667073249817,0.8674988746643066,0.46635740995407104,0.6221175789833069,-0.10018012672662735,0.8721946477890015,0.4853958487510681,0.7055622339248657,0.10155453532934189,0.8228415250778198,0.453840970993042,0.6894164681434631,-0.15292499959468842,0.8793948292732239
96,3.2,0.4784688949584961,0.12182334065437317,-0.13299553096294403,0.9970486760139465,0.5134562253952026,0.19437599182128906,-0.07240984588861465,0.9986287355422974,0.4507884383201599,0.2042115032672882,0.0023601092398166656,0.9985827803611755,0.4747774600982666,0.21390414237976074,-0.13762152194976807,0.8456138372421265,0.39845961332321167,0.20967775583267212,-0.12224428355693817,0.8687192797660828,0.453895628452301,0.17248480021953583,-0.13080380856990814,0.7705063223838806,0.4454232156276703,0.1537613719701767,-0.2552896738052368,0.803634762763977,0.5140529870986938,0.3988036811351776,-0.01623706892132759,0.9998829960823059,0.47440797090530396,0.3902457058429718,0.016137104481458664,0.9999114274978638,0.5026779770851135,0.5473136901855469,-0.008477164432406425,0.748965322971344,0.45580077171325684,0.4781748056411743,-0.23200412094593048,0.9539161920547485,0.49565786123275757,0.6376922130584717,0.15364450216293335,0.8609039187431335,0.46635475754737854,0.6218481063842773,-0.09820188581943512,0.8763915300369263,0.4855550229549408,0.7051418423652649,0.09861663728952408,0.8157322406768799,0.453848272562027,0.6896197199821472,-0.14873836934566498,0.8827990293502808
97,3.2333333333333334,0.47819963097572327,0.12221484631299973,-0.13384272158145905,0.9971660375595093,0.5134720206260681,0.19429226219654083,-0.0720575675368309,0.9986273050308228,0.45064669847488403,0.20450937747955322,0.0031619134824723005,0.9986118674278259,0.4749062657356262,0.21370266377925873,-0.13647499680519104,0.8450853228569031,0.39836737513542175,0.20967361330986023,-0.12063080072402954,0.8719444870948792,0.4538878798484802,0.1724269688129425,-0.12887904047966003,0.7656985521316528,0.4448663294315338,0.15400661528110504,-0.2537080943584442,0.8025392293930054,0.5140513181686401,0.3986819088459015,-0.016414593905210495,0.9998863935470581,0.474297434091568,0.3901134431362152,0.01631408929824829,0.999915599822998,0.5026718974113464,0.5475866794586182,-0.008613335900008678,0.7445182800292969,0.45568355917930603,0.47833746671676636,-0.23075923323631287,0.9549769163131714,0.49575597047805786,0.6367429494857788,0.15457525849342346,0.8548113703727722,0.4663560390472412,0.6218171715736389,-0.09696005284786224,0.8807231187820435,0.4858089089393616,0.7047181129455566,0.10021638870239258,0.8094756007194519,0.45384615659713745,0.689642608165741,-0.14745333790779114,0.8864942789077759
98,3.2666666666666666,0.47807297110557556,0.12277552485466003,-0.13766346871852875,0.9973035454750061,0.5134789943695068,0.19427791237831116,-0.07292823493480682,0.9986295104026794,0.45051565766334534,0.20486950874328613,0.0011798228370025754,0.9986340403556824,0.47501158714294434,0.21365149319171906,-0.13762761652469635,0.8456811904907227,0.39824575185775757,0.20967085659503937,-0.12263406813144684,0.8748120665550232,0.4538883566856384,0.17238636314868927,-0.13204026222229004,0.7624194025993347,0.4444364905357361,0.1543254256248474,-0.2537718415260315,0.799217700958252,0.5140517950057983,0.3985382616519928,-0.016485199332237244,0.9998886585235596,0.47417134046554565,0.3900109529495239,0.01638459786772728,0.9999189376831055,0.5026689171791077,0.5478166937828064,-0.00985725037753582,0.7412688732147217,0.4556010365486145,0.47839388251304626,-0.23071983456611633,0.9561266303062439,0.4958636164665222,0.6356430649757385,0.15774782001972198,0.8479459881782532,0.46635550260543823,0.6218351125717163,-0.09647248685359955,0.8849014043807983,0.48602646589279175,0.704307496547699,0.10514179617166519,0.8028285503387451,0.453855037689209,0.6895902752876282,-0.1473439633846283,0.8901050090789795
99,3.3,0.47618597745895386,0.12237782776355743,-0.10558576881885529,0.9975101947784424,0.5122494101524353,0.1938028335571289,-0.036718517541885376,0.9986897706985474,0.44898921251296997,0.2052663117647171,0.021856453269720078,0.9987122416496277,0.47106438875198364,0.21045559644699097,-0.10159321874380112,0.8541405200958252,0.39660459756851196,0.2128349244594574,-0.09915152937173843,0.8787213563919067,0.45215892791748047,0.16262705624103546,-0.10713367164134979,0.7739258408546448,0.4437476098537445,0.1544637680053711,-0.21938784420490265,0.792324423789978,0.5139539837837219,0.3983353078365326,-0.012365791946649551,0.9998946189880371,0.47318321466445923,0.390333354473114,0.012256225571036339,0.9999251365661621,0.5019440054893494,0.5547996759414673,0.0027354711201041937,0.7530558705329895,0.4532157778739929,0.47846823930740356,-0.243875190615654,0.9595334529876709,0.49557527899742126,0.6096255779266357,0.2488432377576828,0.7857459187507629,0.4638478755950928,0.6348074674606323,-0.18371644616127014,0.8948000073432922,0.48816972970962524,0.6722325086593628,0.2307780236005783,0.756211519241333,0.4536338448524475,0.6994336247444153,-0.2582753598690033,0.8994349241256714
100,3.3333333333333335,0.4751369059085846,0.12237325310707092,-0.10597672313451767,0.9977004528045654,0.5119452476501465,0.19379685819149017,-0.03694476932287216,0.9987514615058899,0.4481755793094635,0.20580601692199707,0.022563397884368896,0.9987906813621521,0.471214234828949,0.20913952589035034,-0.10607288777828217,0.8631457090377808,0.39583733677864075,0.2142283320426941,-0.09974179416894913,0.8843210935592651,0.4517652988433838,0.1595005989074707,-0.11244271695613861,0.7872374057769775,0.4430760443210602,0.15450899302959442,-0.2222440242767334,0.791812002658844,0.5138977766036987,0.3982577323913574,-0.011382725089788437,0.9999001622200012,0.4726218283176422,0.3907405734062195,0.01127293799072504,0.9999308586120605,0.5014547109603882,0.5568205714225769,0.004846520721912384,0.7675613164901733,0.4520435929298401,0.47853079438209534,-0.2500190734863281,0.962922990322113,0.4954819083213806,0.6058794856071472,0.2517107129096985,0.7355268001556396,0.46280986070632935,0.6381430625915527,-0.19438466429710388,0.9042612314224243,0.4891319274902344,0.66771399974823,0.23117706179618835,0.7213512659072876,0.45345884561538696,0.7022623419761658,-0.27136361598968506,0.9084076285362244
101,3.3666666666666667,0.4745998978614807,0.12239481508731842,-0.10273332893848419,0.9978639483451843,0.5118662118911743,0.19373416900634766,-0.03738518804311752,0.9988136887550354,0.4478906989097595,0.20646683871746063,0.025121137499809265,0.9988625645637512,0.4716227650642395,0.2087981402873993,-0.10786598920822144,0.8717951774597168,0.3954794406890869,0.21508055925369263,-0.09647072106599808,0.889607310295105,0.45097994804382324,0.15931867063045502,-0.11414951086044312,0.8005234003067017,0.44253674149513245,0.15451659262180328,-0.21978695690631866,0.7928418517112732,0.5138195753097534,0.3981737792491913,-0.011637785471975803,0.9999052882194519,0.47237372398376465,0.3909211754798889,0.011528750881552696,0.999936044216156,0.5012558102607727,0.5566952228546143,0.00523154204711318,0.78041011095047,0.45146065950393677,0.4785711467266083,-0.24839083850383759,0.9659568071365356,0.49547234177589417,0.6046621203422546,0.24707558751106262,0.691681981086731,0.4623726010322571,0.6392042636871338,-0.19572097063064575,0.9127948880195618,0.48970142006874084,0.666374921798706,0.22528350353240967,0.691044807434082,0.4533468186855316,0.7029849886894226,-0.2732318043708801,0.916503369808197
102,3.4,0.4743308126926422,0.12254870682954788,-0.09396959096193314,0.9980191588401794,0.5117781758308411,0.19330070912837982,-0.032867513597011566,0.9988776445388794,0.44776564836502075,0.2068019062280655,0.032761234790086746,0.9989296793937683,0.4718230366706848,0.20862075686454773,-0.10049376636743546,0.8795541524887085,0.3952045738697052,0.21549996733665466,-0.08593998849391937,0.8932775855064392,0.4501380920410156,0.1593315154314041,-0.10714129358530045,0.8126154541969299,0.44228869676589966,0.15457208454608917,-0.20646443963050842,0.7915214896202087,0.5137736797332764,0.3979188799858093,-0.01202522125095129,0.9999106526374817,0.4722534120082855,0.3909682333469391,0.011916548945009708,0.9999408721923828,0.5012167096138,0.5564681887626648,0.0023278440348803997,0.7914950847625732,0.4511117935180664,0.47859081625938416,-0.24511417746543884,0.9685840606689453,0.49546900391578674,0.6046151518821716,0.23990759253501892,0.6504718661308289,0.4621826112270355,0.6395159959793091,-0.19307425618171692,0.9203286170959473,0.49000635743141174,0.66648930311203,0.21986134350299835,0.6617000699043274,0.45333629846572876,0.7031410336494446,-0.2695561945438385,0.9236264824867249
103,3.433333333333333,0.47429585456848145,0.12271911650896072,-0.09626606106758118,0.9981694221496582,0.5116076469421387,0.1924958974123001,-0.032613880932331085,0.9989421367645264,0.447697252035141,0.20684246718883514,0.03205973282456398,0.9989970922470093,0.4718964993953705,0.20840398967266083,-0.09908631443977356,0.8872680068016052,0.39501047134399414,0.21571271121501923,-0.08777644485235214,0.8979734182357788,0.44957393407821655,0.15957839787006378,-0.10616998374462128,0.8248831033706665,0.4419623911380768,0.154697448015213,-0.210825115442276,0.7947328686714172,0.5137314796447754,0.3976633846759796,-0.012096425518393517,0.9999159574508667,0.4721563756465912,0.3910168409347534,0.011987073346972466,0.9999454021453857,0.501211941242218,0.5562953948974609,0.002274655969813466,0.8028307557106018,0.45089393854141235,0.47866207361221313,-0.24584047496318817,0.9710760116577148,0.4954690933227539,0.6045413017272949,0.2438691407442093,0.6140093803405762,0.46210819482803345,0.6394272446632385,-0.19452185928821564,0.9272285103797913,0.4902067184448242,0.6667738556861877,0.22402401268482208,0.636122465133667,0.45333099365234375,0.7030903100967407,-0.27108410000801086,0.9301655292510986
104,3.466666666666667,0.4743669629096985,0.12273422628641129,-0.1011895090341568,0.9983090162277222,0.5115014314651489,0.19180753827095032,-0.03633049130439758,0.9990015625953674,0.44769877195358276,0.20688584446907043,0.028418010100722313,0.9990599751472473,0.47193342447280884,0.2081969827413559,-0.10436274111270905,0.894558846950531,0.3948877453804016,0.21592119336128235,-0.09218044579029083,0.9031986594200134,0.4494122564792633,0.15992631018161774,-0.11490579694509506,0.8366776704788208,0.44160452485084534,0.1549241989850998,-0.21529050171375275,0.8008217215538025,0.5136983394622803,0.39740172028541565,-0.011979625560343266,0.9999205470085144,0.4720683991909027,0.39101845026016235,0.011868980713188648,0.9999494552612305,0.5012151002883911,0.5562350153923035,0.002952166134491563,0.8143253326416016,0.450783908367157,0.47870147228240967,-0.2466784417629242,0.9734204411506653,0.4954959452152252,0.6048711538314819,0.2445874959230423,0.5857359170913696,0.4620531499385834,0.639123260974884,-0.1929357647895813,0.9336075782775879,0.4902408719062805,0.6673420071601868,0.22220656275749207,0.6181554794311523,0.4533246159553528,0.7030003070831299,-0.27039679884910583,0.9362233281135559
105,3.5,0.4744422435760498,0.12273415178060532,-0.10764570534229279,0.9984320998191833,0.5114975571632385,0.19161885976791382,-0.03916042298078537,0.9990512132644653,0.44772663712501526,0.20689576864242554,0.02368483692407608,0.9991164207458496,0.4719041883945465,0.20809920132160187,-0.11291031539440155,0.9013895392417908,0.39481478929519653,0.2161387801170349,-0.0999891608953476,0.9087021946907043,0.4493728578090668,0.1602267026901245,-0.1363866627216339,0.8479119539260864,0.44116178154945374,0.15513888001441956,-0.2293597161769867,0.8085381984710693,0.51365727186203,0.3971962332725525,-0.011815318837761879,0.9999241828918457,0.47197622060775757,0.39101630449295044,0.011703823693096638,0.9999529719352722,0.5012173056602478,0.5549532771110535,0.003876033006235957,0.8261440992355347,0.45077309012413025,0.47873976826667786,-0.24796000123023987,0.9756495356559753,0.495525062084198,0.605036199092865,0.24510137736797333,0.5670745372772217,0.46202629804611206,0.6388140916824341,-0.19305428862571716,0.9395744800567627,0.4902225434780121,0.6676903963088989,0.21930888295173645,0.6091732978820801,0.4532869756221771,0.7028298377990723,-0.2726146876811981,0.9419093132019043
106,3.533333333333333,0.47450095415115356,0.12272834777832031,-0.1078733578324318,0.9985347986221313,0.5115050077438354,0.19149871170520782,-0.040131643414497375,0.9990919828414917,0.44774383306503296,0.20690999925136566,0.02275414951145649,0.9991663694381714,0.47182607650756836,0.20811161398887634,-0.11338428407907486,0.9071395397186279,0.3947421908378601,0.21629761159420013,-0.10124727338552475,0.9135141372680664,0.4493754804134369,0.16044753789901733,-0.1351284682750702,0.8573378920555115,0.4408841133117676,0.1552172303199768,-0.23072847723960876,0.8157473802566528,0.5136209726333618,0.3969902992248535,-0.011657356284558773,0.9999274015426636,0.4718911051750183,0.3910015821456909,0.011545032262802124,0.9999561309814453,0.501234769821167,0.5537577867507935,0.003912119660526514,0.835955023765564,0.4507787823677063,0.47876209020614624,-0.247775599360466,0.9775954484939575,0.4955369532108307,0.6048861742019653,0.24449729919433594,0.5482981204986572,0.46200108528137207,0.6386734247207642,-0.19182713329792023,0.9448538422584534,0.49021998047828674,0.6676912307739258,0.21934719383716583,0.5987710356712341,0.4532613158226013,0.7027345299720764,-0.27068838477134705,0.9469292163848877
107,3.566666666666667,0.47453194856643677,0.12271632999181747,-0.10672184079885483,0.9986202716827393,0.5115100145339966,0.19133493304252625,-0.03901670500636101,0.9991251826286316,0.4477573037147522,0.20692221820354462,0.022571062669157982,0.9992115497589111,0.4717106223106384,0.20811522006988525,-0.11312593519687653,0.9116681814193726,0.3946753144264221,0.21638868749141693,-0.10113035142421722,0.9175779223442078,0.44943633675575256,0.16057808697223663,-0.13280287384986877,0.8648020029067993,0.4406765103340149,0.15525346994400024,-0.23068471252918243,0.8223847150802612,0.5135906934738159,0.3968484103679657,-0.01157456822693348,0.9999303221702576,0.4718354642391205,0.3909900188446045,0.011461019515991211,0.9999589920043945,0.5012480020523071,0.5530503392219543,0.004006207454949617,0.8436644673347473,0.4508057236671448,0.4787842631340027,-0.2473185509443283,0.9792699217796326,0.4955388009548187,0.6047714948654175,0.2441975623369217,0.5288010835647583,0.46196895837783813,0.6386292576789856,-0.1911432445049286,0.9495131969451904,0.49021410942077637,0.6676645278930664,0.21977753937244415,0.586720883846283,0.45324864983558655,0.7026916146278381,-0.26947706937789917,0.9513536095619202
108,3.6,0.47460025548934937,0.12255009263753891,-0.11137304455041885,0.9987098574638367,0.511456310749054,0.19117893278598785,-0.03970617055892944,0.9991578459739685,0.4477722644805908,0.20691831409931183,0.019227605313062668,0.9992557168006897,0.47154727578163147,0.20808710157871246,-0.12008931487798691,0.9167284965515137,0.39467331767082214,0.21635934710502625,-0.10715633630752563,0.9225224256515503,0.4494655728340149,0.16069765388965607,-0.14403191208839417,0.8734146952629089,0.44062575697898865,0.15530629456043243,-0.23923997581005096,0.8320999145507812,0.5135418176651001,0.3968214988708496,-0.011548061855137348,0.9999323487281799,0.4717257618904114,0.3909922242164612,0.011434235610067844,0.9999614357948303,0.5012732744216919,0.5517985820770264,0.006726470775902271,0.8518462181091309,0.45082584023475647,0.4788150489330292,-0.24849769473075867,0.9809120893478394,0.49569302797317505,0.6049312353134155,0.2469305694103241,0.5141326785087585,0.46189847588539124,0.6386154294013977,-0.19723191857337952,0.9538971781730652,0.49021467566490173,0.6676215529441833,0.2210926115512848,0.5791857242584229,0.4532334804534912,0.7026870250701904,-0.27734094858169556,0.9555426836013794
109,3.6333333333333333,0.4718472361564636,0.12270864099264145,-0.09648618847131729,0.9988066554069519,0.5099020600318909,0.19099768996238708,-0.03456276282668114,0.9992074370384216,0.4463880956172943,0.2078184187412262,0.0357569083571434,0.9993026256561279,0.4712304472923279,0.20587152242660522,-0.09012450277805328,0.9226793646812439,0.39408087730407715,0.22069671750068665,-0.07664234936237335,0.9234619736671448,0.44766393303871155,0.1533929407596588,-0.06065046042203903,0.8773135542869568,0.4406591057777405,0.15519116818904877,-0.1910276859998703,0.8318281173706055,0.5128474831581116,0.39947259426116943,-0.012195025570690632,0.9999356269836426,0.4710189700126648,0.3949333727359772,0.012093743309378624,0.9999642372131348,0.500648558139801,0.5616414546966553,0.00680161127820611,0.8527905344963074,0.4476640224456787,0.49478378891944885,-0.22817978262901306,0.9821092486381531,0.4968601167201996,0.5859504342079163,0.2839309871196747,0.4777217209339142,0.46108096837997437,0.6615445613861084,-0.19004349410533905,0.9573081731796265,0.49315327405929565,0.6474729180335999,0.2836885154247284,0.5451303124427795,0.45107394456863403,0.7211447954177856,-0.26632076501846313,0.9586688280105591
110,3.6666666666666665,0.4707529544830322,0.12291315197944641,-0.09567122906446457,0.998888373374939,0.5091866850852966,0.19099780917167664,-0.03476295620203018,0.9992460012435913,0.4454020857810974,0.2083589732646942,0.0352722629904747,0.9993388056755066,0.47098755836486816,0.204844132065773,-0.08945928514003754,0.9276430010795593,0.39378058910369873,0.2225496768951416,-0.07748891413211823,0.9227923154830933,0.4465440809726715,0.14949017763137817,-0.060580212622880936,0.879067599773407,0.44053569436073303,0.15516428649425507,-0.1898159384727478,0.8239609599113464,0.5123506188392639,0.401156485080719,-0.012338793836534023,0.9999381899833679,0.47059932351112366,0.3965696692466736,0.012242910452187061,0.9999666213989258,0.5001310110092163,0.5660749673843384,0.006138264201581478,0.8507845401763916,0.4464367926120758,0.4983869791030884,-0.22426100075244904,0.9829995036125183,0.49739646911621094,0.582332968711853,0.2845275104045868,0.4425751566886902,0.4606906473636627,0.6665144562721252,-0.18728014826774597,0.960113525390625,0.49420419335365295,0.6430055499076843,0.28473973274230957,0.5113136768341064,0.44973182678222656,0.7257704138755798,-0.2621062695980072,0.9611860513687134
111,3.7,0.47013458609580994,0.12328680604696274,-0.09687517583370209,0.9989644289016724,0.5088022351264954,0.19097964465618134,-0.03589986637234688,0.999284565448761,0.4449402391910553,0.20893850922584534,0.034430406987667084,0.9993687272071838,0.47082796692848206,0.20457980036735535,-0.09336137771606445,0.931898832321167,0.39374688267707825,0.2232523113489151,-0.07724661380052567,0.9207983613014221,0.44599056243896484,0.14806504547595978,-0.06770071387290955,0.8812119960784912,0.4402371346950531,0.15516771376132965,-0.18644991517066956,0.810878336429596,0.5120813846588135,0.40200546383857727,-0.012710237875580788,0.9999409914016724,0.4704567492008209,0.3974449634552002,0.01261795312166214,0.9999688863754272,0.4998396337032318,0.5671206712722778,0.005764350760728121,0.8492136597633362,0.4458344876766205,0.5004544854164124,-0.2203848659992218,0.9838258028030396,0.4975615441799164,0.5813238024711609,0.2816486954689026,0.41160839796066284,0.4605143070220947,0.6679685115814209,-0.18543919920921326,0.9627237915992737,0.49451082944869995,0.6415826678276062,0.28133484721183777,0.48186156153678894,0.4487876892089844,0.7267811298370361,-0.2599511742591858,0.9635387659072876
112,3.7333333333333334,0.47000807523727417,0.1236208826303482,-0.10311230272054672,0.9990370273590088,0.508577823638916,0.19096024334430695,-0.040828999131917953,0.999319314956665,0.44477495551109314,0.2099941223859787,0.029114440083503723,0.9993961453437805,0.47052091360092163,0.20446434617042542,-0.09653498232364655,0.9359698295593262,0.39367935061454773,0.22349011898040771,-0.08042480051517487,0.919782280921936,0.4454682469367981,0.14716488122940063,-0.07693863660097122,0.8836130499839783,0.4399443566799164,0.15540719032287598,-0.19778089225292206,0.8003334403038025,0.5119665861129761,0.402710497379303,-0.012698760256171227,0.9999431371688843,0.4704543650150299,0.39806339144706726,0.012606519274413586,0.9999707937240601,0.49970507621765137,0.5679652094841003,0.006171253975480795,0.8467930555343628,0.44559985399246216,0.5009934902191162,-0.22059102356433868,0.9845159649848938,0.49770015478134155,0.5813448429107666,0.28326982259750366,0.38351279497146606,0.4604124426841736,0.6682277321815491,-0.18423552811145782,0.9649717211723328,0.49462753534317017,0.6411160230636597,0.28237050771713257,0.4549497663974762,0.44820261001586914,0.7269765138626099,-0.2590833008289337,0.9655514359474182
113,3.7666666666666666,0.470048725605011,0.12403688579797745,-0.10782500356435776,0.9991012811660767,0.5082880854606628,0.1909087747335434,-0.04198899120092392,0.99934983253479,0.4445551037788391,0.21100713312625885,0.02351362258195877,0.9994193315505981,0.470104843378067,0.20425285398960114,-0.09668177366256714,0.9397572875022888,0.39359813928604126,0.22362996637821198,-0.08728421479463577,0.9189684391021729,0.4450620710849762,0.14723637700080872,-0.0717242881655693,0.8839989304542542,0.4397532045841217,0.15602922439575195,-0.20140647888183594,0.7885466814041138,0.5118781328201294,0.4029709994792938,-0.012421602383255959,0.9999450445175171,0.4704378545284271,0.3982936143875122,0.012331606820225716,0.9999724626541138,0.49959006905555725,0.5686266422271729,0.0062620630487799644,0.8455528616905212,0.44551992416381836,0.5008967518806458,-0.220338374376297,0.9851120710372925,0.4977816641330719,0.5817336440086365,0.28253626823425293,0.3590583801269531,0.46035122871398926,0.6682620048522949,-0.18289314210414886,0.9669330716133118,0.4947105050086975,0.6415067911148071,0.2814139723777771,0.4311356246471405,0.4479459822177887,0.7273573875427246,-0.2585330903530121,0.9672548770904541
114,3.8,0.47010859847068787,0.12436403334140778,-0.10895968973636627,0.9991536736488342,0.5080627799034119,0.19072219729423523,-0.04199805110692978,0.999377429485321,0.4443908631801605,0.2116602510213852,0.021128304302692413,0.9994367361068726,0.4698239862918854,0.20395153760910034,-0.09339785575866699,0.9429374933242798,0.3935103416442871,0.22377686202526093,-0.09138605743646622,0.9170876741409302,0.44476503133773804,0.14786189794540405,-0.06546497344970703,0.8818039894104004,0.43972334265708923,0.15668442845344543,-0.20210309326648712,0.772598922252655,0.5118085741996765,0.40304553508758545,-0.012158578261733055,0.9999467134475708,0.4704015254974365,0.3983456492424011,0.012070168741047382,0.9999738931655884,0.4995133876800537,0.5689351558685303,0.006218427326530218,0.8433670401573181,0.44550904631614685,0.5008269548416138,-0.21912018954753876,0.9854518175125122,0.49786168336868286,0.582191526889801,0.28012973070144653,0.33625584840774536,0.4602974057197571,0.6680134534835815,-0.17781588435173035,0.9684210419654846,0.4948738217353821,0.6420027613639832,0.27936142683029175,0.4080106019973755,0.4478045105934143,0.7275341749191284,-0.2525862753391266,0.9684225916862488
115,3.8333333333333335,0.4699668884277344,0.12448802590370178,-0.10908444225788116,0.9992051124572754,0.5078531503677368,0.19052325189113617,-0.042327627539634705,0.9994055032730103,0.4442744255065918,0.21204771101474762,0.020641759037971497,0.999457061290741,0.4697299599647522,0.20376050472259521,-0.09505772590637207,0.9459387063980103,0.39341652393341064,0.22400952875614166,-0.09570677578449249,0.9164099097251892,0.444638729095459,0.1483660489320755,-0.0706235021352768,0.882286548614502,0.4395821690559387,0.15713228285312653,-0.21072272956371307,0.7667914628982544,0.5117733478546143,0.40312445163726807,-0.01213827170431614,0.9999481439590454,0.47038841247558594,0.3984503746032715,0.012049123644828796,0.9999751448631287,0.4994661211967468,0.5692421793937683,0.005841163452714682,0.8403339385986328,0.44554048776626587,0.5008431673049927,-0.21788716316223145,0.9856831431388855,0.497903436422348,0.5826406478881836,0.2799765169620514,0.3155899941921234,0.46024376153945923,0.667888879776001,-0.17419680953025818,0.9697360396385193,0.49493831396102905,0.6423550248146057,0.2798181176185608,0.3874683678150177,0.44776663184165955,0.7275987267494202,-0.24822409451007843,0.9694825410842896
116,3.8666666666666667,0.4698244035243988,0.12450972944498062,-0.10502173751592636,0.9992523193359375,0.5077062845230103,0.1902843415737152,-0.04095833748579025,0.9994328618049622,0.44420871138572693,0.21224956214427948,0.0229080431163311,0.9994783401489258,0.46974998712539673,0.20374082028865814,-0.09464263170957565,0.9484598636627197,0.39337217807769775,0.22419708967208862,-0.09556973725557327,0.9161241054534912,0.44455838203430176,0.14871467649936676,-0.07219836115837097,0.8849103450775146,0.4394448697566986,0.1571817696094513,-0.21155276894569397,0.7656142711639404,0.5117534399032593,0.40316241979599,-0.012143613770604134,0.9999497532844543,0.470376193523407,0.3985464870929718,0.01205433439463377,0.999976396560669,0.49946776032447815,0.5694271922111511,0.005698860622942448,0.8374742865562439,0.4455733895301819,0.5009847283363342,-0.21859201788902283,0.9859567284584045,0.49792593717575073,0.5829029083251953,0.28137606382369995,0.2966792583465576,0.4602072834968567,0.668089747428894,-0.1732148826122284,0.9710055589675903,0.49507302045822144,0.642507016658783,0.2814260721206665,0.3690098822116852,0.4478423595428467,0.72776859998703,-0.24677984416484833,0.970548152923584
117,3.9,0.4696144163608551,0.12451048195362091,-0.09795408695936203,0.9992988109588623,0.5075964331626892,0.1900796890258789,-0.03673699125647545,0.999460756778717,0.44417113065719604,0.2123623788356781,0.03078019618988037,0.9994995594024658,0.4701444208621979,0.20376995205879211,-0.09138894081115723,0.9508790969848633,0.3933579623699188,0.22434772551059723,-0.0879884883761406,0.9152974486351013,0.4445762634277344,0.1489146500825882,-0.0689200907945633,0.8878926634788513,0.4392133355140686,0.15717795491218567,-0.20476588606834412,0.7629458904266357,0.5117170214653015,0.403203547000885,-0.012366893701255322,0.9999517202377319,0.4703722596168518,0.39866235852241516,0.012274916283786297,0.999977707862854,0.4994603991508484,0.5696022510528564,0.004699959885329008,0.8356307744979858,0.44559192657470703,0.501099169254303,-0.21898773312568665,0.9862462878227234,0.4979575574398041,0.5829838514328003,0.2804136872291565,0.2790226936340332,0.4601837694644928,0.6682583689689636,-0.17367784678936005,0.9721856117248535,0.49507594108581543,0.6426657438278198,0.2808029055595398,0.35175424814224243,0.44791287183761597,0.7278633117675781,-0.24745845794677734,0.9715546369552612
118,3.933333333333333,0.4694933295249939,0.1245083287358284,-0.09790854901075363,0.999343991279602,0.5074254274368286,0.18986570835113525,-0.036076948046684265,0.9994856715202332,0.4441169202327728,0.21245811879634857,0.03233404830098152,0.9995197057723999,0.4703408181667328,0.20379255712032318,-0.09214091300964355,0.9531773328781128,0.39329206943511963,0.22461660206317902,-0.0870329961180687,0.9151486754417419,0.4446262717247009,0.1491062492132187,-0.07125847041606903,0.8914108276367188,0.4389430582523346,0.1572064757347107,-0.20467126369476318,0.7621583342552185,0.5116793513298035,0.40325555205345154,-0.012522241100668907,0.9999533295631409,0.4703732132911682,0.39876195788383484,0.012428322806954384,0.9999788999557495,0.4994407594203949,0.5697463750839233,0.004351317882537842,0.834985077381134,0.4456193447113037,0.5011410713195801,-0.2198295295238495,0.9866102933883667,0.4979969561100006,0.5830790400505066,0.2813514173030853,0.2633994519710541,0.4601694941520691,0.6684709191322327,-0.17447997629642487,0.9734017252922058,0.4950828552246094,0.6427830457687378,0.2816052734851837,0.3369836211204529,0.44796472787857056,0.7280862331390381,-0.2488199919462204,0.9726612567901611
119,3.966666666666667,0.46580904722213745,0.12487499415874481,-0.09672771394252777,0.9993515014648438,0.5070215463638306,0.1912754625082016,-0.04530845209956169,0.9994940757751465,0.44313541054725647,0.21442386507987976,0.03641597181558609,0.9995360374450684,0.470358282327652,0.20379585027694702,-0.10617119073867798,0.9528878331184387,0.3923364579677582,0.23406434059143066,-0.07852278649806976,0.9044326543807983,0.443422794342041,0.14581216871738434,-0.07959342747926712,0.8901551365852356,0.4383710026741028,0.15839649736881256,-0.1943255513906479,0.7537192106246948,0.5108144879341125,0.40802645683288574,-0.015711519867181778,0.999951958656311,0.46942025423049927,0.4025702178478241,0.015611140057444572,0.9999793171882629,0.4994508624076843,0.575060248374939,0.01450184267014265,0.782892107963562,0.4444822669029236,0.5102952718734741,-0.20499038696289062,0.981986939907074,0.5002537965774536,0.5718767642974854,0.3022921681404114,0.23852287232875824,0.4598906934261322,0.682594895362854,-0.17917980253696442,0.9687893986701965,0.49732208251953125,0.6186283230781555,0.3155519366264343,0.30647656321525574,0.4454430639743805,0.7398585677146912,-0.254324734210968,0.9674769043922424
120,4.0,0.4647160470485687,0.12539315223693848,-0.09335234016180038,0.9993566274642944,0.5067834854125977,0.19189058244228363,-0.04558156058192253,0.9994975328445435,0.4427335858345032,0.21569281816482544,0.0393265038728714,0.9995547533035278,0.47029948234558105,0.20366331934928894,-0.11464263498783112,0.9528955817222595,0.39173534512519836,0.23743975162506104,-0.07790268957614899,0.9019067883491516,0.44278350472450256,0.14313949644565582,-0.09976459294557571,0.8922058343887329,0.43806490302085876,0.15932589769363403,-0.19546660780906677,0.7587417364120483,0.5105822086334229,0.40939974784851074,-0.016735253855586052,0.9999498128890991,0.46918678283691406,0.403472363948822,0.016627252101898193,0.9999796748161316,0.49940234422683716,0.5764910578727722,0.026256579905748367,0.7395782470703125,0.44406723976135254,0.5109537243843079,-0.2087874710559845,0.9794186949729919,0.5014662146568298,0.5736960172653198,0.3138798475265503,0.21620815992355347,0.4595963954925537,0.6861972808837891,-0.19492554664611816,0.9668828248977661,0.4985266625881195,0.6165066957473755,0.32244059443473816,0.279336154460907,0.44382572174072266,0.7434970140457153,-0.27549415826797485,0.965455174446106
121,4.033333333333333,0.4640939235687256,0.12580351531505585,-0.08906231820583344,0.999366283416748,0.5064927339553833,0.19201751053333282,-0.044330015778541565,0.999500572681427,0.44240179657936096,0.21616512537002563,0.043416548520326614,0.9995713233947754,0.47019726037979126,0.20319366455078125,-0.11818231642246246,0.9533241391181946,0.3914472460746765,0.23823365569114685,-0.07782949507236481,0.9013707041740417,0.4424586892127991,0.14174653589725494,-0.114042267203331,0.8953524231910706,0.43713268637657166,0.16099058091640472,-0.19778835773468018,0.7640925049781799,0.5104714035987854,0.41023215651512146,-0.01703260838985443,0.999947726726532,0.46899574995040894,0.40394097566604614,0.01692088320851326,0.999980092048645,0.4993932843208313,0.5777276754379272,0.0295545794069767,0.7083942294120789,0.44389837980270386,0.5103338956832886,-0.2202213704586029,0.9785696268081665,0.5017021894454956,0.5750821232795715,0.31887274980545044,0.19624224305152893,0.45945554971694946,0.6870919466018677,-0.2121874988079071,0.9667658805847168,0.4988662600517273,0.616910457611084,0.3225129544734955,0.2553432285785675,0.4431040287017822,0.7442827224731445,-0.29690152406692505,0.9654210209846497
122,4.066666666666666,0.4635944366455078,0.1260135918855667,-0.08426935970783234,0.9993706345558167,0.5062270760536194,0.19217826426029205,-0.0424969308078289,0.9995046854019165,0.4422833025455475,0.2163248211145401,0.04787599295377731,0.999586284160614,0.4690853953361511,0.20274779200553894,-0.11408203840255737,0.9531360864639282,0.39136803150177,0.23816324770450592,-0.07080385088920593,0.8982751965522766,0.44235938787460327,0.14150859415531158,-0.10404826700687408,0.8963452577590942,0.43676942586898804,0.1620902121067047,-0.19132068753242493,0.7647859454154968,0.510376513004303,0.41108423471450806,-0.01792954094707966,0.9999470114707947,0.4688557982444763,0.40453070402145386,0.01781381294131279,0.999980628490448,0.4993889331817627,0.5791959166526794,0.025389472022652626,0.6773754358291626,0.4438239634037018,0.5108941197395325,-0.21474476158618927,0.9768057465553284,0.5019172430038452,0.5758086442947388,0.3126443028450012,0.1782408356666565,0.459361732006073,0.6873366236686707,-0.2015497386455536,0.9655325412750244,0.49904665350914,0.6166714429855347,0.3199586272239685,0.23349523544311523,0.4422755241394043,0.7446779012680054,-0.2817718982696533,0.9640504717826843
123,4.1,0.46329444646835327,0.1260499656200409,-0.08697853237390518,0.9993438720703125,0.5060262084007263,0.19225281476974487,-0.04360098019242287,0.9995025396347046,0.442255437374115,0.21629598736763,0.04421485960483551,0.9995983242988586,0.46868833899497986,0.20274780690670013,-0.11789820343255997,0.951591968536377,0.3913220763206482,0.23808874189853668,-0.07421322166919708,0.8959048390388489,0.44234079122543335,0.14186131954193115,-0.11343419551849365,0.8962685465812683,0.43666642904281616,0.16287486255168915,-0.19185784459114075,0.7651405930519104,0.5103119611740112,0.41195160150527954,-0.0178728848695755,0.9999468326568604,0.46881547570228577,0.4051547050476074,0.017756018787622452,0.9999813437461853,0.4993819296360016,0.5801742672920227,0.031150858849287033,0.6422795057296753,0.443825900554657,0.5114536881446838,-0.21492500603199005,0.9746061563491821,0.5019603967666626,0.5753324627876282,0.320008784532547,0.1616746336221695,0.4593278765678406,0.6875169277191162,-0.19967249035835266,0.9635650515556335,0.49928227066993713,0.6168563961982727,0.3274797201156616,0.21302862465381622,0.44202104210853577,0.7450017929077148,-0.27951499819755554,0.9619351625442505
124,4.133333333333334,0.46314382553100586,0.12604652345180511,-0.08870722353458405,0.9993072152137756,0.5057969689369202,0.19228863716125488,-0.04607025533914566,0.9995020627975464,0.44224095344543457,0.21624673902988434,0.043140869587659836,0.999607503414154,0.46834951639175415,0.20251716673374176,-0.11817032098770142,0.9507113695144653,0.3913063406944275,0.23801009356975555,-0.07588474452495575,0.8931560516357422,0.44236189126968384,0.14193303883075714,-0.11069874465465546,0.8955066800117493,0.4365602135658264,0.16374170780181885,-0.19273652136325836,0.762179434299469,0.5102516412734985,0.4125668704509735,-0.01779564656317234,0.9999470114707947,0.46880578994750977,0.40577057003974915,0.01767927035689354,0.9999819993972778,0.49937114119529724,0.5795090794563293,0.036409907042980194,0.612259030342102,0.44381484389305115,0.5129773616790771,-0.21012715995311737,0.9728711843490601,0.5018633008003235,0.5737214088439941,0.3244507908821106,0.14701023697853088,0.4593204855918884,0.6875449419021606,-0.1974845677614212,0.9620365500450134,0.49993664026260376,0.6174501776695251,0.33207541704177856,0.19494891166687012,0.44209498167037964,0.7446337342262268,-0.27618342638015747,0.9601789712905884
125,4.166666666666667,0.46325284242630005,0.12602463364601135,-0.08970628678798676,0.9992572665214539,0.5056114196777344,0.19231757521629333,-0.048119351267814636,0.9994931221008301,0.4422321915626526,0.21626129746437073,0.03799040615558624,0.9996132254600525,0.46838515996932983,0.20244863629341125,-0.1210116520524025,0.949582576751709,0.3913191556930542,0.237794429063797,-0.08352775126695633,0.8911489248275757,0.44237956404685974,0.14174115657806396,-0.11588118225336075,0.8944365382194519,0.43657732009887695,0.16441544890403748,-0.2060517519712448,0.7617162466049194,0.5101696252822876,0.4131385385990143,-0.017724797129631042,0.9999467730522156,0.46880197525024414,0.4061126410961151,0.017610199749469757,0.9999825358390808,0.4993521273136139,0.5800864100456238,0.037997856736183167,0.5867810845375061,0.443737268447876,0.5136235356330872,-0.21090202033519745,0.9716855883598328,0.5018116235733032,0.5714914202690125,0.32601699233055115,0.13405081629753113,0.4593115746974945,0.6875362992286682,-0.1959642469882965,0.961185097694397,0.5000008940696716,0.6179075837135315,0.3323718011379242,0.17916043102741241,0.4422895014286041,0.7442595362663269,-0.2748654782772064,0.9591574668884277
126,4.2,0.4634069502353668,0.12602286040782928,-0.09145888686180115,0.9992160797119141,0.505469799041748,0.19233092665672302,-0.04845493659377098,0.9994872808456421,0.44221511483192444,0.21636119484901428,0.03507107123732567,0.9996193051338196,0.4684031903743744,0.20240487158298492,-0.1229269951581955,0.9492028951644897,0.39133018255233765,0.2376565933227539,-0.08834324777126312,0.8904733061790466,0.44236937165260315,0.14154131710529327,-0.12119294703006744,0.8956810832023621,0.43654483556747437,0.16501747071743011,-0.21310019493103027,0.7655466794967651,0.5100988745689392,0.41371896862983704,-0.01762601174414158,0.9999471306800842,0.46879202127456665,0.40673545002937317,0.017509140074253082,0.9999831318855286,0.4993264675140381,0.580836296081543,0.037003688514232635,0.5705006122589111,0.4436151385307312,0.5140911340713501,-0.21491818130016327,0.9715312123298645,0.5017987489700317,0.5720177888870239,0.3271665871143341,0.1228599101305008,0.45929795503616333,0.687335193157196,-0.19736388325691223,0.9614529609680176,0.4998909533023834,0.6190146207809448,0.331753671169281,0.1659245789051056,0.4424377977848053,0.7438910007476807,-0.27766215801239014,0.9593537449836731
127,4.233333333333333,0.46266287565231323,0.12677399814128876,-0.09137288480997086,0.9991725087165833,0.504794716835022,0.19270406663417816,-0.049608808010816574,0.9994931221008301,0.4405323565006256,0.21747758984565735,0.050455790013074875,0.9996179342269897,0.4682294726371765,0.19953319430351257,-0.13823942840099335,0.9419309496879578,0.39133667945861816,0.2481250762939453,-0.0766155868768692,0.8499242663383484,0.44037336111068726,0.13463382422924042,-0.1652495265007019,0.8913909792900085,0.4306849539279938,0.17867469787597656,-0.21930404007434845,0.7358480095863342,0.5092436671257019,0.4157387316226959,-0.022257838398218155,0.9999475479125977,0.4674683213233948,0.409299373626709,0.02210375666618347,0.9999833106994629,0.49856528639793396,0.5810229778289795,0.013812283985316753,0.5284880995750427,0.4435966908931732,0.530059278011322,-0.17558766901493073,0.9581389427185059,0.5024082064628601,0.5621557235717773,0.31644687056541443,0.11112482845783234,0.45830363035202026,0.7024180293083191,-0.16040588915348053,0.9546883702278137,0.5007073283195496,0.6077437996864319,0.3260444700717926,0.15084387362003326,0.44056081771850586,0.7556057572364807,-0.23992076516151428,0.9510922431945801
128,4.266666666666667,0.462134450674057,0.12803493440151215,-0.10978077352046967,0.9991561770439148,0.5045865774154663,0.1934373378753662,-0.06105053424835205,0.9994969964027405,0.4397527277469635,0.21761146187782288,0.04917871579527855,0.9996198415756226,0.4682491421699524,0.19821113348007202,-0.16075176000595093,0.9394697546958923,0.3912968337535858,0.2516438066959381,-0.08691057562828064,0.8240286111831665,0.43915438652038574,0.1312667280435562,-0.19807970523834229,0.8930840492248535,0.42725515365600586,0.18606136739253998,-0.24450691044330597,0.7238457202911377,0.5089371204376221,0.41671693325042725,-0.02244974672794342,0.9999464154243469,0.46700429916381836,0.4104337990283966,0.022300614044070244,0.9999831914901733,0.49847179651260376,0.5809367895126343,0.015524035319685936,0.4944017231464386,0.4434892237186432,0.5332669019699097,-0.1865757703781128,0.9520115256309509,0.5024506449699402,0.5624110698699951,0.3237241208553314,0.10080627351999283,0.45784252882003784,0.7046802043914795,-0.16449184715747833,0.9521241784095764,0.501421332359314,0.6066481471061707,0.3333362936973572,0.13795851171016693,0.4392918646335602,0.7580502033233643,-0.2472078502178192,0.9481202960014343
129,4.3,0.4619296193122864,0.1289619505405426,-0.1121925488114357,0.9991345405578613,0.5044394135475159,0.19377166032791138,-0.06343881785869598,0.9995039105415344,0.4393901228904724,0.217754527926445,0.04660159349441528,0.9996125102043152,0.46851009130477905,0.19791418313980103,-0.1619400680065155,0.9392145872116089,0.3913101553916931,0.25319942831993103,-0.0873887687921524,0.7988296151161194,0.43874311447143555,0.130989208817482,-0.1981475055217743,0.8968505263328552,0.4258778691291809,0.1868704855442047,-0.2429257184267044,0.7074951529502869,0.5086333751678467,0.41705554723739624,-0.022546231746673584,0.9999454617500305,0.46648526191711426,0.41096919775009155,0.022401386871933937,0.9999828934669495,0.49808502197265625,0.5805618166923523,0.018960166722536087,0.47036316990852356,0.4433465898036957,0.5345221757888794,-0.18583621084690094,0.9494651556015015,0.5024064779281616,0.5626699924468994,0.3288935124874115,0.09193823486566544,0.4573589265346527,0.7054046392440796,-0.1631237268447876,0.9520223736763,0.5018824338912964,0.6071374416351318,0.336334764957428,0.1272946298122406,0.4389306902885437,0.7593469619750977,-0.2485446035861969,0.9477036595344543
130,4.333333333333333,0.46169552206993103,0.12979793548583984,-0.11417808383703232,0.9991114139556885,0.5043767690658569,0.1938474476337433,-0.06479639559984207,0.9995090961456299,0.4390924572944641,0.21797683835029602,0.04543671756982803,0.999604344367981,0.46889281272888184,0.19784992933273315,-0.1659221649169922,0.9392907023429871,0.3913366496562958,0.25407376885414124,-0.08834157139062881,0.7798868417739868,0.4384792447090149,0.13110899925231934,-0.20550191402435303,0.9004503488540649,0.4262486398220062,0.185570627450943,-0.24383461475372314,0.692264974117279,0.508588969707489,0.4169142544269562,-0.022604895755648613,0.9999447464942932,0.4663460850715637,0.41111814975738525,0.02246170863509178,0.9999827146530151,0.497662216424942,0.5793237090110779,0.02428983710706234,0.4522612988948822,0.4431529939174652,0.5346859693527222,-0.1889665424823761,0.9486322402954102,0.5025493502616882,0.5624188780784607,0.33329689502716064,0.08416766673326492,0.4569750726222992,0.7050875425338745,-0.16520291566848755,0.9528557658195496,0.5023897886276245,0.6074205040931702,0.3383895754814148,0.11816943436861038,0.43878817558288574,0.7599284648895264,-0.25141796469688416,0.9483885765075684
131,4.366666666666666,0.4614596366882324,0.1304374784231186,-0.1138768345117569,0.9990721344947815,0.5043282508850098,0.19386769831180573,-0.06401441991329193,0.9995092153549194,0.4389007091522217,0.21819853782653809,0.04424693435430527,0.9995976090431213,0.46920400857925415,0.19775883853435516,-0.16201648116111755,0.9389101266860962,0.39136725664138794,0.2545230984687805,-0.08804044872522354,0.7628321647644043,0.4382786154747009,0.13089346885681152,-0.19831201434135437,0.9029763340950012,0.4265642762184143,0.18500179052352905,-0.24267490208148956,0.6829472780227661,0.5085869431495667,0.4167368710041046,-0.02267349883913994,0.9999437928199768,0.46635594964027405,0.41119110584259033,0.022530987858772278,0.999982476234436,0.49734872579574585,0.5784838199615479,0.02507508173584938,0.4355855882167816,0.4430773854255676,0.535449743270874,-0.18877530097961426,0.9474252462387085,0.5027865171432495,0.5628023743629456,0.3321935832500458,0.07725118100643158,0.4567062258720398,0.7046164870262146,-0.16113218665122986,0.9533084630966187,0.5026682615280151,0.60713130235672,0.3372238576412201,0.11004791408777237,0.4387584328651428,0.7598127722740173,-0.24758490920066833,0.9485529065132141
132,4.4,0.46132564544677734,0.13071615993976593,-0.11149714887142181,0.9990270137786865,0.5043205618858337,0.19388794898986816,-0.061898112297058105,0.9995076060295105,0.43870416283607483,0.21831543743610382,0.04579949006438255,0.9995990991592407,0.4695350229740143,0.1977388560771942,-0.15715624392032623,0.9378047585487366,0.3913724422454834,0.25487223267555237,-0.08140307664871216,0.7514567375183105,0.43822258710861206,0.1312500536441803,-0.19234226644039154,0.9047486186027527,0.42628827691078186,0.1857708990573883,-0.23716017603874207,0.6826603412628174,0.5085920691490173,0.4166053235530853,-0.022845538333058357,0.9999436140060425,0.4663596749305725,0.4112798571586609,0.022701729089021683,0.9999825358390808,0.4973330497741699,0.5773628950119019,0.029121100902557373,0.42165470123291016,0.4429876208305359,0.5360552668571472,-0.18375036120414734,0.94685959815979,0.5027765035629272,0.5619907379150391,0.33632710576057434,0.07111437618732452,0.45661383867263794,0.7043795585632324,-0.15390020608901978,0.9540055990219116,0.5028349161148071,0.6065084934234619,0.34151333570480347,0.10286211967468262,0.43882617354393005,0.7598782181739807,-0.23984360694885254,0.9489452242851257
133,4.433333333333334,0.46138328313827515,0.1309502124786377,-0.11068262904882431,0.9989949464797974,0.5043275356292725,0.19397300481796265,-0.0608014352619648,0.9995060563087463,0.4386892318725586,0.21835602819919586,0.04701627045869827,0.9995984435081482,0.4696230888366699,0.19773037731647491,-0.15415111184120178,0.9370335340499878,0.3914377689361572,0.2548942267894745,-0.0786266028881073,0.7409397959709167,0.4382147789001465,0.1315421611070633,-0.1859789341688156,0.9064388275146484,0.42648205161094666,0.18540160357952118,-0.23496167361736298,0.6810455322265625,0.508621871471405,0.4165012836456299,-0.02297278121113777,0.9999436736106873,0.4663826525211334,0.4113119840621948,0.02282942458987236,0.9999826550483704,0.49733084440231323,0.5763064622879028,0.031083334237337112,0.4093867242336273,0.4429442286491394,0.5361962914466858,-0.18246111273765564,0.9463448524475098,0.5027684569358826,0.5615147352218628,0.3361607491970062,0.06563125550746918,0.4566078186035156,0.7039173245429993,-0.15303447842597961,0.9544692039489746,0.5029749870300293,0.6062597632408142,0.34161677956581116,0.09640558809041977,0.43891972303390503,0.7598459720611572,-0.23810327053070068,0.9491169452667236
134,4.466666666666667,0.4614209234714508,0.13103117048740387,-0.1086559072136879,0.9989497661590576,0.504332423210144,0.19405099749565125,-0.06073767691850662,0.9994980692863464,0.4386974275112152,0.2183549851179123,0.04658049717545509,0.9995952248573303,0.4696425497531891,0.1977030634880066,-0.1523456871509552,0.935660183429718,0.3914828896522522,0.2549076974391937,-0.0784354954957962,0.7312780618667603,0.4382321834564209,0.13178613781929016,-0.1822204738855362,0.9066705107688904,0.4266890585422516,0.1854093372821808,-0.23319964110851288,0.676579475402832,0.5086559057235718,0.4164240062236786,-0.022833527997136116,0.9999435544013977,0.46640080213546753,0.41135546565055847,0.022691380232572556,0.9999827742576599,0.49733009934425354,0.5755365490913391,0.03429519385099411,0.39588117599487305,0.44291526079177856,0.535896897315979,-0.18476258218288422,0.9456945657730103,0.5027596354484558,0.5611205101013184,0.3375742435455322,0.060497429221868515,0.4565982222557068,0.7038456201553345,-0.1574658453464508,0.9545560479164124,0.5029399394989014,0.6045101881027222,0.3428436815738678,0.09012710303068161,0.4389987885951996,0.7599688172340393,-0.2420683205127716,0.9489006400108337
135,4.5,0.4614090025424957,0.131012961268425,-0.1049884706735611,0.998892068862915,0.5043240785598755,0.19411739706993103,-0.05878717452287674,0.9994868636131287,0.43870168924331665,0.2183745950460434,0.04616903141140938,0.9995905160903931,0.46964454650878906,0.1976466327905655,-0.15135660767555237,0.9331494569778442,0.39150241017341614,0.2548213005065918,-0.07824914157390594,0.7200267910957336,0.43828120827674866,0.13193866610527039,-0.17946578562259674,0.9048944711685181,0.4269034266471863,0.18508529663085938,-0.22703655064105988,0.6674861311912537,0.5086922645568848,0.4163738787174225,-0.02274489589035511,0.9999439120292664,0.46641653776168823,0.41139572858810425,0.022601943463087082,0.999983012676239,0.4973178803920746,0.5752606391906738,0.034565530717372894,0.38028624653816223,0.44289296865463257,0.5356112718582153,-0.1859215497970581,0.9440898895263672,0.5027426481246948,0.5609531998634338,0.3355526328086853,0.055678609758615494,0.4565953314304352,0.7040969133377075,-0.15914084017276764,0.9537327289581299,0.5028904676437378,0.6033616065979004,0.3413464426994324,0.08399972319602966,0.4390517771244049,0.7599540948867798,-0.2421671450138092,0.9475924372673035
136,4.533333333333333,0.4614185392856598,0.13099370896816254,-0.10263995081186295,0.9988416433334351,0.5043196082115173,0.19417652487754822,-0.056227296590805054,0.9994719624519348,0.4387226104736328,0.2184688299894333,0.045992251485586166,0.9995847344398499,0.46964651346206665,0.19756671786308289,-0.1491835117340088,0.9298221468925476,0.391522079706192,0.25490278005599976,-0.07756131887435913,0.7087278962135315,0.4382902979850769,0.13204874098300934,-0.17874735593795776,0.9013023376464844,0.4270496964454651,0.1849544793367386,-0.22149702906608582,0.6567376852035522,0.5087243914604187,0.41635432839393616,-0.022530164569616318,0.9999442100524902,0.46642905473709106,0.4114181101322174,0.022387275472283363,0.9999832510948181,0.4973098337650299,0.5751630067825317,0.03452301770448685,0.36436283588409424,0.44289207458496094,0.5353829860687256,-0.18608950078487396,0.9419292211532593,0.502686619758606,0.5610454082489014,0.33425724506378174,0.05124051868915558,0.45656687021255493,0.7045021653175354,-0.15946702659130096,0.9524954557418823,0.5028648972511292,0.6039614081382751,0.34018778800964355,0.07822833955287933,0.43907564878463745,0.7599607706069946,-0.2449042797088623,0.9458013772964478
137,4.566666666666666,0.4614182412624359,0.13097886741161346,-0.1015462651848793,0.9988023638725281,0.5043141841888428,0.19423149526119232,-0.054962437599897385,0.9994584918022156,0.43873828649520874,0.21855521202087402,0.046102382242679596,0.9995787739753723,0.46965011954307556,0.19751976430416107,-0.14692813158035278,0.9264734983444214,0.39158445596694946,0.25494158267974854,-0.07687660306692123,0.6974186301231384,0.438315212726593,0.13214538991451263,-0.1749645471572876,0.8974339365959167,0.4271303713321686,0.18478524684906006,-0.21939074993133545,0.6456773281097412,0.5087459087371826,0.41635143756866455,-0.022506672888994217,0.9999444484710693,0.46643924713134766,0.4114357829093933,0.022363919764757156,0.9999834299087524,0.49730223417282104,0.5750303268432617,0.034275349229574203,0.34989938139915466,0.4428866505622864,0.5352442264556885,-0.18530377745628357,0.9398006200790405,0.5026344060897827,0.5611922144889832,0.33352038264274597,0.04724785313010216,0.4565490186214447,0.7048014998435974,-0.16054514050483704,0.9512985944747925,0.5028370022773743,0.6043651700019836,0.33953967690467834,0.0730123221874237,0.43909183144569397,0.7599842548370361,-0.2450515478849411,0.9441247582435608
138,4.6,0.4614000916481018,0.13095907866954803,-0.1010775938630104,0.9987748265266418,0.5043007135391235,0.19426989555358887,-0.0546405203640461,0.999447762966156,0.43874597549438477,0.21862828731536865,0.046204037964344025,0.9995734691619873,0.4696454405784607,0.19749853014945984,-0.14503249526023865,0.9233579039573669,0.3916555941104889,0.2550579607486725,-0.07637127488851547,0.6869184374809265,0.438393771648407,0.1321810781955719,-0.170525923371315,0.8938073515892029,0.4271607995033264,0.18466436862945557,-0.21873240172863007,0.6346684694290161,0.5087599158287048,0.41638612747192383,-0.02243204228579998,0.999944806098938,0.46644654870033264,0.4114684760570526,0.022289810702204704,0.9999836087226868,0.4972893297672272,0.5749145746231079,0.03421996533870697,0.3370394706726074,0.4428792893886566,0.5353866219520569,-0.18186962604522705,0.9377204179763794,0.5025916695594788,0.5614973902702332,0.3331100642681122,0.04366933926939964,0.4565403461456299,0.7051383256912231,-0.16027583181858063,0.9501648545265198,0.5028151273727417,0.6046044826507568,0.3393309712409973,0.06832760572433472,0.4391348361968994,0.760032594203949,-0.24502763152122498,0.9425437450408936
139,4.633333333333334,0.4595475196838379,0.13513390719890594,-0.0897398442029953,0.9986782670021057,0.5027182102203369,0.19600145518779755,-0.05100982263684273,0.9994472861289978,0.43862128257751465,0.2260725051164627,0.053390540182590485,0.9995747208595276,0.4695383906364441,0.19616946578025818,-0.14504745602607727,0.9204568266868591,0.3929460644721985,0.2646210789680481,-0.07058799266815186,0.6719498634338379,0.4379939138889313,0.12753628194332123,-0.17373183369636536,0.891930878162384,0.42619386315345764,0.19349044561386108,-0.2182379513978958,0.642630398273468,0.507552981376648,0.42059779167175293,-0.02272425964474678,0.9999443888664246,0.4658031463623047,0.4170430898666382,0.022575104609131813,0.9999834895133972,0.49215537309646606,0.5779120326042175,0.003924294374883175,0.3232659101486206,0.4432869851589203,0.54880690574646,-0.16873307526111603,0.933476984500885,0.503211259841919,0.5615333914756775,0.3005984127521515,0.04032596945762634,0.45528656244277954,0.7216147780418396,-0.1609685868024826,0.9483199715614319,0.5046542286872864,0.6073828935623169,0.3146991431713104,0.06415248662233353,0.43865910172462463,0.7718251347541809,-0.24525173008441925,0.9397872686386108
140,4.666666666666667,0.4593451917171478,0.13584215939044952,-0.09128443896770477,0.9985734820365906,0.5021529793739319,0.19709309935569763,-0.050754956901073456,0.999430775642395,0.4386301040649414,0.22810573875904083,0.05566660687327385,0.9995718002319336,0.46886104345321655,0.19444364309310913,-0.1444508284330368,0.9179154634475708,0.3935959041118622,0.2674260139465332,-0.06911014020442963,0.6600840091705322,0.43739157915115356,0.12397246062755585,-0.17335101962089539,0.889760434627533,0.4254443645477295,0.1966932713985443,-0.21989211440086365,0.6542860269546509,0.507002055644989,0.4232792854309082,-0.02394823543727398,0.999943733215332,0.4654173254966736,0.4198184013366699,0.023795511573553085,0.9999833106994629,0.4903505742549896,0.5799034237861633,-0.005974580533802509,0.3148525357246399,0.44349709153175354,0.5530195832252502,-0.16368840634822845,0.9302806854248047,0.5038179159164429,0.5617120265960693,0.29360443353652954,0.037600018084049225,0.4550303816795349,0.7247412204742432,-0.15545567870140076,0.9472296833992004,0.5054730772972107,0.6100974082946777,0.3091108202934265,0.06088392436504364,0.43737536668777466,0.7760248184204102,-0.24013283848762512,0.9377665519714355
141,4.7,0.45860782265663147,0.13626179099082947,-0.0924500823020935,0.9985302686691284,0.5018740892410278,0.19766385853290558,-0.05348880961537361,0.9994339346885681,0.4386306405067444,0.22873461246490479,0.055191315710544586,0.9995746612548828,0.46812352538108826,0.1944294571876526,-0.1460396647453308,0.9175313115119934,0.3939296305179596,0.26831719279289246,-0.06946828961372375,0.6498227119445801,0.4369862973690033,0.1225772351026535,-0.17452959716320038,0.8912364840507507,0.425083726644516,0.1971520036458969,-0.22412624955177307,0.6636296510696411,0.5066505074501038,0.42447319626808167,-0.02497156150639057,0.9999434351921082,0.46504276990890503,0.42100557684898376,0.02481956034898758,0.9999831318855286,0.48983150720596313,0.5799453258514404,-0.008443394675850868,0.3102600574493408,0.4436665177345276,0.5574492812156677,-0.1558839976787567,0.928247332572937,0.5040138363838196,0.5617773532867432,0.29794764518737793,0.03546398505568504,0.4546060562133789,0.7259692549705505,-0.13757959008216858,0.9466885924339294,0.5058753490447998,0.6117885112762451,0.31284165382385254,0.0587131641805172,0.4370200037956238,0.7776673436164856,-0.22159048914909363,0.9366888999938965
142,4.733333333333333,0.4580821990966797,0.13719075918197632,-0.09299705922603607,0.9984349608421326,0.5017490983009338,0.19815553724765778,-0.053870804607868195,0.999424159526825,0.4386286735534668,0.22920562326908112,0.05454842001199722,0.9995672106742859,0.46768075227737427,0.1943797618150711,-0.14524337649345398,0.914329469203949,0.3942458927631378,0.2682865262031555,-0.07037442922592163,0.6386160850524902,0.4368313252925873,0.1226963996887207,-0.16921840608119965,0.887933075428009,0.4251837134361267,0.19656960666179657,-0.22445110976696014,0.6635008454322815,0.5064955949783325,0.4251847267150879,-0.025603557005524635,0.9999425411224365,0.4648157060146332,0.4214048683643341,0.025449365377426147,0.9999827742576599,0.4894760251045227,0.5797871947288513,-0.008082305081188679,0.3025442361831665,0.4437451958656311,0.5587406754493713,-0.15200559794902802,0.9245659708976746,0.5042740106582642,0.5618407130241394,0.29484376311302185,0.03335115686058998,0.45455580949783325,0.7265185713768005,-0.13233178853988647,0.945012629032135,0.5061269402503967,0.6120229363441467,0.31183838844299316,0.056200411170721054,0.43669992685317993,0.7781546115875244,-0.21267178654670715,0.9341323375701904
143,4.766666666666667,0.45789265632629395,0.1378934681415558,-0.09366197884082794,0.9982647895812988,0.501465916633606,0.19880366325378418,-0.05497349053621292,0.9994075894355774,0.43853068351745605,0.22929899394512177,0.054157108068466187,0.9995498061180115,0.4676259160041809,0.19442296028137207,-0.14564688503742218,0.9094327092170715,0.39444220066070557,0.2684270143508911,-0.0713891014456749,0.625429630279541,0.43679895997047424,0.12328922748565674,-0.16929218173027039,0.8817136287689209,0.42525967955589294,0.19599267840385437,-0.2252538651227951,0.6535165905952454,0.5063155293464661,0.42552974820137024,-0.025961026549339294,0.9999421834945679,0.4645881652832031,0.42144885659217834,0.02580312266945839,0.9999825954437256,0.4892750680446625,0.5797060132026672,-0.012440216727554798,0.3013543486595154,0.44385018944740295,0.5599631667137146,-0.14810848236083984,0.9225460886955261,0.504252552986145,0.5609148144721985,0.2911660373210907,0.03200281411409378,0.4545324742794037,0.7263364195823669,-0.12217877805233002,0.9450080394744873,0.5060528516769409,0.6117089986801147,0.3082374930381775,0.05513860657811165,0.43633922934532166,0.778186023235321,-0.20097824931144714,0.9335412979125977
144,4.8,0.45764079689979553,0.1391264647245407,-0.09146437048912048,0.998144805431366,0.5010620951652527,0.19936886429786682,-0.05544417351484299,0.9994052648544312,0.43848443031311035,0.2292015552520752,0.053794123232364655,0.9995255470275879,0.46751660108566284,0.1944572627544403,-0.1435387134552002,0.9068333506584167,0.3946385383605957,0.2687135338783264,-0.07082313299179077,0.6113177537918091,0.4368237853050232,0.12341868132352829,-0.16246697306632996,0.8781216740608215,0.42562437057495117,0.19544775784015656,-0.2190982848405838,0.632716178894043,0.5061582922935486,0.4256840944290161,-0.02632913552224636,0.9999422430992126,0.4644533097743988,0.42140135169029236,0.026170853525400162,0.9999823570251465,0.4889041781425476,0.5796114802360535,-0.010841337963938713,0.3016544580459595,0.4438837468624115,0.5592390894889832,-0.1436610221862793,0.9209107756614685,0.5042471885681152,0.5609508156776428,0.28725460171699524,0.03068017214536667,0.4543808400630951,0.7271562218666077,-0.12929433584213257,0.944779098033905,0.5060526132583618,0.6117587685585022,0.3058299124240875,0.053732845932245255,0.43616023659706116,0.7783909440040588,-0.20853789150714874,0.9326797723770142
145,4.833333333333333,0.4569167494773865,0.14019329845905304,-0.08896159380674362,0.9980632662773132,0.5009945631027222,0.19977730512619019,-0.05543511360883713,0.9994004368782043,0.43845757842063904,0.22904209792613983,0.054156236350536346,0.9995084404945374,0.46753138303756714,0.19447225332260132,-0.14219824969768524,0.9050268530845642,0.3947433829307556,0.26881229877471924,-0.06757264584302902,0.6019055843353271,0.43684473633766174,0.12523253262043,-0.15833698213100433,0.8758590221405029,0.42573046684265137,0.19512417912483215,-0.20791728794574738,0.6182665824890137,0.5060818791389465,0.42586779594421387,-0.026356959715485573,0.9999422430992126,0.4643748700618744,0.42144665122032166,0.026200229302048683,0.9999822378158569,0.48875197768211365,0.5795624256134033,-0.008698520250618458,0.3004135191440582,0.44388777017593384,0.558021605014801,-0.14929012954235077,0.9204034209251404,0.5041664838790894,0.5609968900680542,0.28629353642463684,0.02933199144899845,0.45430055260658264,0.727081835269928,-0.13537059724330902,0.9445589780807495,0.5059950351715088,0.6119630932807922,0.3053615689277649,0.05216188356280327,0.4360991418361664,0.7784767746925354,-0.21134349703788757,0.9320300221443176
146,4.866666666666666,0.4566025733947754,0.13997937738895416,-0.08918052166700363,0.9980449080467224,0.5010249614715576,0.20007404685020447,-0.05506207421422005,0.9993928074836731,0.4384530186653137,0.22889338433742523,0.055278848856687546,0.9995065331459045,0.4676903784275055,0.19477418065071106,-0.14262935519218445,0.9036858677864075,0.3948506712913513,0.26879873871803284,-0.06767092645168304,0.5945900678634644,0.4368627071380615,0.1269466131925583,-0.15890346467494965,0.8750641942024231,0.42577019333839417,0.19557929039001465,-0.21143028140068054,0.6162119507789612,0.5060374736785889,0.4262100160121918,-0.026262465864419937,0.9999426007270813,0.46431365609169006,0.4216248691082001,0.026106903329491615,0.9999824166297913,0.4887828826904297,0.5795387029647827,-0.007456645369529724,0.29651451110839844,0.44388747215270996,0.5570555925369263,-0.1530732810497284,0.9201809167861938,0.50395268201828,0.5609576106071472,0.2899613678455353,0.027892474085092545,0.4542381763458252,0.7268660068511963,-0.15040984749794006,0.9443436861038208,0.5059667229652405,0.611974835395813,0.30798405408859253,0.05041538551449776,0.4360284209251404,0.7786285281181335,-0.22994229197502136,0.9315146803855896
147,4.9,0.4565131664276123,0.13981856405735016,-0.09063567221164703,0.9980990886688232,0.5010535717010498,0.20026567578315735,-0.05521507188677788,0.9993888735771179,0.4384753108024597,0.22881942987442017,0.056388936936855316,0.9995170831680298,0.4677334427833557,0.1951441913843155,-0.14718259871006012,0.9036010503768921,0.3949263393878937,0.2689381539821625,-0.06815995275974274,0.5908452272415161,0.43687868118286133,0.12775173783302307,-0.17054447531700134,0.8766361474990845,0.42542949318885803,0.19674628973007202,-0.21803534030914307,0.6267293095588684,0.5060278177261353,0.4267280697822571,-0.026227975264191628,0.9999424815177917,0.46427568793296814,0.4220370948314667,0.026074593886733055,0.9999825358390808,0.4889143407344818,0.5793358087539673,-0.005727811250835657,0.28992965817451477,0.4438854157924652,0.5564435124397278,-0.15727142989635468,0.9194316864013672,0.5038031935691833,0.5612900853157043,0.29078689217567444,0.02641286887228489,0.4541853070259094,0.7266905307769775,-0.15518948435783386,0.9436836838722229,0.5058979988098145,0.6119930148124695,0.31083962321281433,0.048520300537347794,0.43600210547447205,0.7785918116569519,-0.23787546157836914,0.9306714534759521
148,4.933333333333334,0.45655912160873413,0.1393381804227829,-0.09145913273096085,0.9981523156166077,0.5011290311813354,0.20034843683242798,-0.05540814250707626,0.9993863105773926,0.43850845098495483,0.22880640625953674,0.057998936623334885,0.9995297193527222,0.46774038672447205,0.19537068903446198,-0.14833904802799225,0.90315842628479,0.39494791626930237,0.2691330313682556,-0.06742195785045624,0.5894635319709778,0.4368714392185211,0.12823373079299927,-0.1730075627565384,0.8776552677154541,0.4249309003353119,0.19768494367599487,-0.22074565291404724,0.6394573450088501,0.5060173869132996,0.42702552676200867,-0.02672710455954075,0.9999431371688843,0.4642658233642578,0.42243143916130066,0.026575258001685143,0.9999828934669495,0.48900485038757324,0.5791394114494324,-0.006486092694103718,0.28635552525520325,0.4438606798648834,0.556207001209259,-0.15580469369888306,0.9188079237937927,0.5038014650344849,0.5624884963035583,0.2930057644844055,0.025225399062037468,0.4540758728981018,0.7265697121620178,-0.14866065979003906,0.9433014392852783,0.5058671236038208,0.6122893691062927,0.31120821833610535,0.047052331268787384,0.43591752648353577,0.7787350416183472,-0.22944195568561554,0.9299178719520569
149,4.966666666666667,0.4544244706630707,0.14792686700820923,-0.09423673897981644,0.9981971383094788,0.4980817437171936,0.20245185494422913,-0.07538865506649017,0.9994274973869324,0.4382844865322113,0.23421825468540192,0.06099064275622368,0.9995296001434326,0.4652706980705261,0.194223552942276,-0.16497944295406342,0.9067782759666443,0.3974716067314148,0.28262001276016235,-0.04587128758430481,0.5747233033180237,0.4354480803012848,0.12379005551338196,-0.18974879384040833,0.8833217024803162,0.4247530996799469,0.2086079716682434,-0.1925499439239502,0.6236826777458191,0.5059587955474854,0.42804795503616333,-0.03349241614341736,0.9999454617500305,0.46444112062454224,0.4269818067550659,0.03334341198205948,0.9999832510948181,0.4785380959510803,0.5761806964874268,-0.006015653721988201,0.30535241961479187,0.4445866644382477,0.5661722421646118,-0.1004679948091507,0.9219223856925964,0.5058437585830688,0.5655163526535034,0.2748292088508606,0.02735190838575363,0.4518759846687317,0.7396431565284729,-0.13190394639968872,0.9464682340621948,0.5070692300796509,0.6319806575775146,0.29079893231391907,0.0506923645734787,0.43222203850746155,0.7877804040908813,-0.21814706921577454,0.9333088994026184
150,5.0,0.45334067940711975,0.1493484228849411,-0.07442710548639297,0.9983031749725342,0.4963251054286957,0.2035972774028778,-0.071468785405159,0.9994726181030273,0.4382370412349701,0.2371920645236969,0.07906036823987961,0.9995512366294861,0.462618350982666,0.19300326704978943,-0.14178527891635895,0.9113016724586487,0.3986583948135376,0.2854275107383728,-0.017783386632800102,0.5608490109443665,0.4344238340854645,0.12093993276357651,-0.13003356754779816,0.8893927335739136,0.4247837960720062,0.2104039490222931,-0.15952762961387634,0.6150191426277161,0.5058591961860657,0.4285239279270172,-0.03646617382764816,0.999949038028717,0.46447986364364624,0.42899221181869507,0.03632113337516785,0.9999841451644897,0.4763093888759613,0.5751802921295166,-0.010507935658097267,0.3247421085834503,0.44521188735961914,0.5707761645317078,-0.08241014927625656,0.9222109317779541,0.5066282749176025,0.566543459892273,0.2525493800640106,0.030134908854961395,0.45086535811424255,0.7434135675430298,-0.10829129070043564,0.9476190805435181,0.5079309344291687,0.635228157043457,0.2716112732887268,0.05520900711417198,0.4318155348300934,0.7913079261779785,-0.18788789212703705,0.9342674016952515
151,5.033333333333333,0.4534720778465271,0.14868219196796417,-0.07895225286483765,0.9984174966812134,0.4957103133201599,0.20414398610591888,-0.07003571093082428,0.9995117783546448,0.438181072473526,0.2378999888896942,0.07592213153839111,0.9995591640472412,0.4617559015750885,0.19224905967712402,-0.14518408477306366,0.9165754914283752,0.39937853813171387,0.28588995337486267,-0.031071821227669716,0.5458438396453857,0.4330272078514099,0.11885695159435272,-0.14699628949165344,0.8954748511314392,0.4248793125152588,0.20949432253837585,-0.17645922303199768,0.5970121026039124,0.5058553814888,0.4285070598125458,-0.0359165221452713,0.9999516606330872,0.4645591378211975,0.42967236042022705,0.03577955812215805,0.999984622001648,0.475771963596344,0.5732219815254211,-0.004707594867795706,0.34439006447792053,0.4459121823310852,0.5702487826347351,-0.10677291452884674,0.9243161082267761,0.5074384212493896,0.5667007565498352,0.2668987214565277,0.031557392328977585,0.45075732469558716,0.7463581562042236,-0.1456158459186554,0.9497748017311096,0.5085262060165405,0.6353921890258789,0.28551942110061646,0.05803782865405083,0.4302210211753845,0.7926025390625,-0.23263263702392578,0.936901867389679
152,5.066666666666666,0.45215457677841187,0.14918626844882965,-0.0785425454378128,0.9985005259513855,0.49529141187667847,0.20476680994033813,-0.07065065205097198,0.9995436668395996,0.4380999207496643,0.2385943979024887,0.07387597858905792,0.9995743036270142,0.4610064625740051,0.19159185886383057,-0.14227190613746643,0.9210977554321289,0.39937517046928406,0.2868305742740631,-0.024801667779684067,0.54045170545578,0.4328647255897522,0.1177932396531105,-0.1283452808856964,0.8994281888008118,0.424827516078949,0.20996282994747162,-0.15840162336826324,0.5948377847671509,0.5058557987213135,0.42850416898727417,-0.0361362099647522,0.9999532699584961,0.46460962295532227,0.42974504828453064,0.036004070192575455,0.9999849200248718,0.476128488779068,0.5718253254890442,-0.005132841877639294,0.361566424369812,0.44619616866111755,0.5697606205940247,-0.10098067671060562,0.9263561367988586,0.5076711177825928,0.5671162009239197,0.263982355594635,0.033938661217689514,0.4505278170108795,0.7467829585075378,-0.14527027308940887,0.9518320560455322,0.5087344646453857,0.6360336542129517,0.28545811772346497,0.06209459900856018,0.428779274225235,0.7937287092208862,-0.2318217009305954,0.9394200444221497
153,5.1,0.4515048861503601,0.14971691370010376,-0.07588927447795868,0.99860018491745,0.49480023980140686,0.2053142935037613,-0.06922749429941177,0.9995748996734619,0.4380509853363037,0.2394925206899643,0.07365665584802628,0.9995942115783691,0.46024298667907715,0.19054168462753296,-0.13951629400253296,0.9258226752281189,0.39931824803352356,0.28738778829574585,-0.029529694467782974,0.5388581156730652,0.4326608180999756,0.11709001660346985,-0.12722158432006836,0.9042363166809082,0.42469796538352966,0.21079960465431213,-0.17017453908920288,0.6016453504562378,0.5058575868606567,0.42858612537384033,-0.03545766696333885,0.9999549388885498,0.4646415710449219,0.42993366718292236,0.03532584011554718,0.9999852180480957,0.47597962617874146,0.5710462927818298,-0.0024831555783748627,0.3775831460952759,0.4463272988796234,0.5695251226425171,-0.10593545436859131,0.9281561374664307,0.5077799558639526,0.5675768852233887,0.2667377293109894,0.03647454082965851,0.45059776306152344,0.746724545955658,-0.14688441157341003,0.9534963369369507,0.5088175535202026,0.6366257667541504,0.2887813448905945,0.06653718650341034,0.42860206961631775,0.7936017513275146,-0.23022933304309845,0.941606879234314
154,5.133333333333334,0.4517759680747986,0.14995667338371277,-0.07706985622644424,0.9986881017684937,0.4947217106819153,0.205344557762146,-0.06935186684131622,0.9996042847633362,0.4380360245704651,0.2400427907705307,0.07228197157382965,0.999613344669342,0.46009573340415955,0.18979576230049133,-0.14037662744522095,0.9299158453941345,0.3993853032588959,0.2874296307563782,-0.034196801483631134,0.5363842844963074,0.4323152005672455,0.11647036671638489,-0.13162362575531006,0.9087971448898315,0.42466455698013306,0.21116432547569275,-0.17746484279632568,0.6093664765357971,0.5058631300926208,0.42858806252479553,-0.03529014065861702,0.9999566078186035,0.46465906500816345,0.4301542043685913,0.03515759855508804,0.9999855160713196,0.47569337487220764,0.5696588158607483,-0.002913941163569689,0.39292776584625244,0.4464642107486725,0.5692553520202637,-0.1017875075340271,0.9292615652084351,0.5080487728118896,0.5679047703742981,0.2631427049636841,0.038795799016952515,0.45067110657691956,0.7471123337745667,-0.1460002362728119,0.9550380110740662,0.5088585615158081,0.6368660926818848,0.2872387170791626,0.07075975090265274,0.42830389738082886,0.7939601540565491,-0.2291756123304367,0.9435908794403076
155,5.166666666666667,0.45313382148742676,0.15089304745197296,-0.08685299754142761,0.9987829923629761,0.49491772055625916,0.20534159243106842,-0.06921990215778351,0.9996287226676941,0.4380354881286621,0.2421550154685974,0.0663725957274437,0.9996254444122314,0.46035441756248474,0.18878395855426788,-0.1616259515285492,0.9339761734008789,0.3998996615409851,0.28679701685905457,-0.05151308327913284,0.548910915851593,0.4322282373905182,0.11593417823314667,-0.18586373329162598,0.9143775105476379,0.42482584714889526,0.2106422781944275,-0.20246227085590363,0.6211832165718079,0.50597083568573,0.4285840690135956,-0.034958191215991974,0.9999569654464722,0.46469593048095703,0.43030989170074463,0.03482482209801674,0.9999855160713196,0.47582000494003296,0.5665808916091919,0.002859805477783084,0.42023584246635437,0.4465014934539795,0.5689195990562439,-0.10320331156253815,0.9338759183883667,0.5083965063095093,0.5678879022598267,0.27706968784332275,0.040826816111803055,0.4507208466529846,0.7472982406616211,-0.15935780107975006,0.9582779407501221,0.5088040232658386,0.6362287402153015,0.2930075526237488,0.07595724612474442,0.42814475297927856,0.7944191098213196,-0.25001662969589233,0.9476811289787292
156,5.2,0.45655006170272827,0.15085311233997345,-0.08734028041362762,0.9988456964492798,0.4949609339237213,0.20539483428001404,-0.06677163392305374,0.9996482133865356,0.4380064904689789,0.24280628561973572,0.06568150967359543,0.9996373653411865,0.46071553230285645,0.18887566030025482,-0.1596720814704895,0.9359120726585388,0.4003745913505554,0.2864425480365753,-0.054383039474487305,0.5523667931556702,0.4323000907897949,0.11593711376190186,-0.184584379196167,0.9166378974914551,0.4248318672180176,0.2102954089641571,-0.207975834608078,0.632140576839447,0.5059922337532043,0.428594172000885,-0.034756481647491455,0.9999583959579468,0.4646736979484558,0.4302651584148407,0.03461983799934387,0.9999858736991882,0.4755987524986267,0.565451979637146,-0.00011297508899588138,0.437579870223999,0.446556955575943,0.5689508318901062,-0.10883302986621857,0.9363464713096619,0.508597731590271,0.5674464106559753,0.274032324552536,0.04190536215901375,0.45075464248657227,0.7469784021377563,-0.1563476026058197,0.960551917552948,0.5090755224227905,0.6354362368583679,0.29225945472717285,0.07864546030759811,0.4280969500541687,0.7945588231086731,-0.2421833723783493,0.9503331780433655
157,5.233333333333333,0.45805224776268005,0.15086619555950165,-0.08721987158060074,0.9989119172096252,0.4951433539390564,0.20544050633907318,-0.06593741476535797,0.9996689558029175,0.4380016326904297,0.242925226688385,0.06568361073732376,0.999652087688446,0.4614241123199463,0.1889343410730362,-0.159758061170578,0.9384909272193909,0.40063828229904175,0.28635162115097046,-0.05325525999069214,0.5590184330940247,0.43236207962036133,0.11600208282470703,-0.18473151326179504,0.9198650121688843,0.42483654618263245,0.2103656530380249,-0.2058895379304886,0.6444677114486694,0.5060423612594604,0.42860013246536255,-0.03470761701464653,0.9999599456787109,0.4646684229373932,0.43023383617401123,0.03456786274909973,0.9999862909317017,0.47531047463417053,0.5647757053375244,-0.00016986843547783792,0.45665666460990906,0.446683406829834,0.5687294602394104,-0.11146867275238037,0.9392697811126709,0.5086885094642639,0.5669787526130676,0.2740691304206848,0.04317095875740051,0.4507905840873718,0.7465044856071472,-0.1537993848323822,0.9628246426582336,0.5091658234596252,0.6349048614501953,0.2922949194908142,0.08159004896879196,0.4281845986843109,0.7944079637527466,-0.23933255672454834,0.9530359506607056
158,5.266666666666667,0.4585700035095215,0.15085849165916443,-0.08714202046394348,0.9989596009254456,0.4953405261039734,0.2054724395275116,-0.06591898202896118,0.999687135219574,0.43800076842308044,0.2427837997674942,0.06595868617296219,0.9996644854545593,0.46195951104164124,0.18898609280586243,-0.15948036313056946,0.940302848815918,0.400796115398407,0.2863735556602478,-0.052602510899305344,0.5608230829238892,0.43240809440612793,0.11600379645824432,-0.1828795075416565,0.9220564961433411,0.4248373508453369,0.21055153012275696,-0.20415392518043518,0.6532877683639526,0.5061060190200806,0.42862099409103394,-0.03485124558210373,0.9999614357948303,0.4646700918674469,0.4302414357662201,0.03470940142869949,0.9999867081642151,0.47476059198379517,0.5647414922714233,-0.001425169873982668,0.46867799758911133,0.446755975484848,0.5686588883399963,-0.11164417117834091,0.9410457015037537,0.5087345838546753,0.5666224360466003,0.27246329188346863,0.04365868866443634,0.45082035660743713,0.7462085485458374,-0.15284821391105652,0.9644332528114319,0.509212851524353,0.6345385909080505,0.2925476133823395,0.0828482136130333,0.42824482917785645,0.7944467067718506,-0.23808231949806213,0.9548457264900208
159,5.3,0.450347363948822,0.17105841636657715,-0.07408584654331207,0.9990267753601074,0.4934709072113037,0.21066294610500336,-0.07037225365638733,0.9997116923332214,0.437786340713501,0.246292382478714,0.07625877857208252,0.9996857643127441,0.45686182379722595,0.1890111267566681,-0.15810799598693848,0.9442475438117981,0.40284624695777893,0.3021448850631714,-0.03759634867310524,0.5656647086143494,0.4295531213283539,0.11231321841478348,-0.16979648172855377,0.9283043146133423,0.4253428876399994,0.22020426392555237,-0.2009768933057785,0.6743607521057129,0.5061115026473999,0.4304489195346832,-0.03726644068956375,0.9999622106552124,0.46567025780677795,0.4329454302787781,0.03711194545030594,0.9999867081642151,0.4749292731285095,0.5624423027038574,-0.009461706504225731,0.4832630455493927,0.44647493958473206,0.5753035545349121,-0.07938379049301147,0.9418663382530212,0.508756160736084,0.5793235898017883,0.2397109568119049,0.0469755120575428,0.448413610458374,0.7582814693450928,-0.15214566886425018,0.9658361673355103,0.5098053216934204,0.6552555561065674,0.2569581866264343,0.08875767141580582,0.4242311120033264,0.8037256002426147,-0.2375955879688263,0.9566174745559692
160,5.333333333333333,0.44940200448036194,0.17392949759960175,-0.07635768502950668,0.9990792274475098,0.4928797781467438,0.21222896873950958,-0.07461220771074295,0.9997326731681824,0.43719610571861267,0.24653756618499756,0.07510316371917725,0.999702513217926,0.455725759267807,0.18915805220603943,-0.1618059277534485,0.9473981261253357,0.40380677580833435,0.3052356243133545,-0.03942476585507393,0.5688092112541199,0.42819350957870483,0.11101134866476059,-0.1735142320394516,0.9337265491485596,0.426004558801651,0.22246696054935455,-0.20308390259742737,0.6908795833587646,0.5061345100402832,0.43094295263290405,-0.03842359781265259,0.9999614953994751,0.4662137031555176,0.43400299549102783,0.03825785592198372,0.9999861121177673,0.4750996530056,0.5605244636535645,-0.012288562022149563,0.49103817343711853,0.4463111460208893,0.5781429409980774,-0.06711812317371368,0.9416146278381348,0.5087209343910217,0.583344042301178,0.2411208599805832,0.04850223287940025,0.4461861550807953,0.7619354128837585,-0.13981682062149048,0.9670386910438538,0.5097865462303162,0.6603609919548035,0.25589677691459656,0.09206496179103851,0.42295533418655396,0.8059895634651184,-0.23332419991493225,0.9580773711204529
161,5.366666666666666,0.4495386481285095,0.17488493025302887,-0.08165506273508072,0.9991292953491211,0.4930005967617035,0.21238180994987488,-0.0783514529466629,0.9997504949569702,0.4368003308773041,0.2465202510356903,0.07398394495248795,0.9997166991233826,0.45546936988830566,0.18983249366283417,-0.1668786108493805,0.949865996837616,0.4039795994758606,0.3068123161792755,-0.040479887276887894,0.5705757737159729,0.4270849823951721,0.10978726297616959,-0.18349452316761017,0.9381206631660461,0.4260038435459137,0.22471386194229126,-0.2068522423505783,0.7017605304718018,0.5061920285224915,0.43130937218666077,-0.03919491544365883,0.9999606013298035,0.4665256142616272,0.434250146150589,0.03902619704604149,0.9999855160713196,0.47494369745254517,0.560545802116394,-0.012763227336108685,0.494415283203125,0.446282297372818,0.5784180760383606,-0.06346606463193893,0.9405723810195923,0.5086387395858765,0.5848956108093262,0.24426782131195068,0.0488571971654892,0.44560083746910095,0.7634733319282532,-0.1284281611442566,0.9678530693054199,0.5097641944885254,0.6612086892127991,0.25947365164756775,0.09354548901319504,0.422233521938324,0.8078744411468506,-0.22210972011089325,0.9590550661087036
162,5.4,0.4494153559207916,0.1755584329366684,-0.08085639774799347,0.9991527199745178,0.4930707812309265,0.21244937181472778,-0.07733049988746643,0.9997642636299133,0.43672505021095276,0.24675635993480682,0.07413727045059204,0.999728262424469,0.455228328704834,0.18987686932086945,-0.16023382544517517,0.951037585735321,0.4041574001312256,0.3069964647293091,-0.03918721154332161,0.5680674910545349,0.426562637090683,0.10915381461381912,-0.16143731772899628,0.9409486651420593,0.426008939743042,0.22577311098575592,-0.20551732182502747,0.709797739982605,0.5062316656112671,0.43171122670173645,-0.03972359374165535,0.9999600052833557,0.4667600691318512,0.4345753490924835,0.03955003246665001,0.9999850392341614,0.47432541847229004,0.560414731502533,-0.022965334355831146,0.4963850677013397,0.4462648928165436,0.5782504081726074,-0.052029382437467575,0.9378849864006042,0.5085515975952148,0.585457444190979,0.22942408919334412,0.049484264105558395,0.4454527497291565,0.7626628279685974,-0.10895898193120956,0.9678903818130493,0.5098121762275696,0.6612300276756287,0.24697749316692352,0.09477482736110687,0.42231783270835876,0.808007538318634,-0.19610048830509186,0.9588301181793213
163,5.433333333333334,0.4495750963687897,0.17554639279842377,-0.07973125576972961,0.9991727471351624,0.4930407404899597,0.2124607115983963,-0.07616521418094635,0.999775767326355,0.4366365373134613,0.2470734715461731,0.07615973055362701,0.9997385740280151,0.454986572265625,0.1898965835571289,-0.1538049280643463,0.9514084458351135,0.4043138921260834,0.3071986436843872,-0.03805321827530861,0.5654685497283936,0.426334947347641,0.10882867872714996,-0.1530967503786087,0.9426919221878052,0.42604488134384155,0.22590766847133636,-0.20498695969581604,0.7181239128112793,0.5062665939331055,0.43208974599838257,-0.04086202010512352,0.999959409236908,0.46697068214416504,0.4348912239074707,0.04068003594875336,0.999984622001648,0.4729629158973694,0.5606386661529541,-0.030987095087766647,0.49775421619415283,0.44623813033103943,0.5782209634780884,-0.04555131122469902,0.9338192939758301,0.5085054636001587,0.5859406590461731,0.22159402072429657,0.049783870577812195,0.4451840817928314,0.7630789279937744,-0.0971532016992569,0.9675827622413635,0.5098598003387451,0.660883367061615,0.2409525215625763,0.09537113457918167,0.42157992720603943,0.808318018913269,-0.18111003935337067,0.9580486416816711
164,5.466666666666667,0.44981127977371216,0.17621973156929016,-0.07956351339817047,0.9991926550865173,0.4930546283721924,0.21244245767593384,-0.07549668848514557,0.9997860193252563,0.43660134077072144,0.24707914888858795,0.07640732824802399,0.999748706817627,0.45468029379844666,0.18981818854808807,-0.146993488073349,0.9513970017433167,0.4043765068054199,0.30690938234329224,-0.038514796644449234,0.562005877494812,0.42627888917922974,0.10875757038593292,-0.14159144461154938,0.9439377784729004,0.4263452887535095,0.2254818230867386,-0.20604141056537628,0.7263174653053284,0.506310224533081,0.43240827322006226,-0.04139503091573715,0.9999586343765259,0.4670921862125397,0.43513602018356323,0.04121123626828194,0.9999842047691345,0.4720507264137268,0.5608072876930237,-0.032652098685503006,0.49535879492759705,0.4462210237979889,0.5784624218940735,-0.043047983199357986,0.9285441040992737,0.5084328055381775,0.5855918526649475,0.2158927023410797,0.0498860627412796,0.4451316297054291,0.764525294303894,-0.09903164207935333,0.9669134020805359,0.5100036263465881,0.6601450443267822,0.23766526579856873,0.09551335126161575,0.42030540108680725,0.8093563318252563,-0.18124058842658997,0.9568132758140564
165,5.5,0.4499731957912445,0.1753753125667572,-0.07971886545419693,0.9992223381996155,0.49305295944213867,0.21249224245548248,-0.07523408532142639,0.9997968077659607,0.43654531240463257,0.24735085666179657,0.07594088464975357,0.9997584223747253,0.45470133423805237,0.1896868348121643,-0.14833083748817444,0.9522088766098022,0.40443673729896545,0.30670756101608276,-0.039769984781742096,0.5598851442337036,0.42626792192459106,0.10876603424549103,-0.14868247509002686,0.9461116194725037,0.4264761805534363,0.22559021413326263,-0.2080056369304657,0.7353505492210388,0.5063499212265015,0.4326850175857544,-0.04126213863492012,0.9999577403068542,0.4671524465084076,0.43535199761390686,0.0410798005759716,0.9999836683273315,0.4718557298183441,0.5609626173973083,-0.029001716524362564,0.49303948879241943,0.4462074339389801,0.5787463188171387,-0.047469478100538254,0.9247768521308899,0.5083483457565308,0.5856404304504395,0.21921269595623016,0.05007483437657356,0.44510355591773987,0.7642377018928528,-0.10792704671621323,0.966618001461029,0.5100448727607727,0.659674346446991,0.24002118408679962,0.09601309895515442,0.42018795013427734,0.8097543716430664,-0.19216614961624146,0.9562095999717712
166,5.533333333333333,0.4500533640384674,0.17469239234924316,-0.07984904944896698,0.9992550611495972,0.49299296736717224,0.21249917149543762,-0.07503293454647064,0.9998066425323486,0.4364510178565979,0.2476111501455307,0.07559210807085037,0.9997668862342834,0.4547399580478668,0.18954913318157196,-0.14877209067344666,0.9529712200164795,0.40446609258651733,0.30659574270248413,-0.04072387143969536,0.5582005381584167,0.42626872658729553,0.10879465937614441,-0.15011373162269592,0.9481633305549622,0.42662662267684937,0.22570215165615082,-0.20743758976459503,0.7433114647865295,0.5063813924789429,0.4328259825706482,-0.041108470410108566,0.9999562501907349,0.46717485785484314,0.4355417490005493,0.0409269705414772,0.9999828934669495,0.47192639112472534,0.5610208511352539,-0.027666157111525536,0.4901038110256195,0.44620370864868164,0.5790122747421265,-0.052907247096300125,0.9213984608650208,0.5082940459251404,0.5855675935745239,0.2184208333492279,0.04977741092443466,0.445183128118515,0.7638376951217651,-0.11048004776239395,0.9662588238716125,0.5100892782211304,0.6593426465988159,0.23930902779102325,0.09569168835878372,0.42026734352111816,0.8099327683448792,-0.1936732530593872,0.9555487632751465
167,5.566666666666666,0.45011991262435913,0.1742943823337555,-0.08084894716739655,0.9992901086807251,0.4929267466068268,0.21252432465553284,-0.0749957412481308,0.9998164176940918,0.436411052942276,0.24772092700004578,0.07517679035663605,0.9997739791870117,0.454745352268219,0.18952800333499908,-0.1492031216621399,0.9543174505233765,0.4044461250305176,0.3066140115261078,-0.04272588714957237,0.5571465492248535,0.426251083612442,0.1087745875120163,-0.15164966881275177,0.9506275057792664,0.42689165472984314,0.2256104201078415,-0.20837564766407013,0.7494462728500366,0.5064154267311096,0.4329055845737457,-0.04095537215471268,0.9999551773071289,0.4671970307826996,0.4356991946697235,0.04077538102865219,0.9999822378158569,0.4720262885093689,0.5610063076019287,-0.026167815551161766,0.4911658763885498,0.4462001919746399,0.5792120099067688,-0.05636874586343765,0.9199731945991516,0.5082316398620605,0.5854447484016418,0.2206844836473465,0.05003177747130394,0.4452640116214752,0.7635727524757385,-0.12083443254232407,0.9665151238441467,0.5101045966148376,0.6590898036956787,0.2411380559206009,0.09633319079875946,0.42045363783836365,0.810200572013855,-0.20690274238586426,0.9556923508644104
168,5.6,0.4502077102661133,0.17386259138584137,-0.07984562963247299,0.9993335008621216,0.4928589463233948,0.21274149417877197,-0.07511124759912491,0.9998276829719543,0.43640580773353577,0.2480449080467224,0.07527662068605423,0.9997832775115967,0.45484036207199097,0.1896105408668518,-0.1499796062707901,0.956204891204834,0.4044122099876404,0.3069193363189697,-0.042653705924749374,0.5569300055503845,0.42622408270835876,0.10877039283514023,-0.1523277461528778,0.9533637166023254,0.42701196670532227,0.2259065806865692,-0.20792651176452637,0.7567131519317627,0.5064530372619629,0.4330636262893677,-0.04125319793820381,0.9999549984931946,0.4672900140285492,0.43599361181259155,0.041076257824897766,0.9999819397926331,0.4720865786075592,0.5606355667114258,-0.027148937806487083,0.4969105124473572,0.4461959898471832,0.5792433023452759,-0.0544118694961071,0.9189426302909851,0.5082184672355652,0.5854900479316711,0.21703004837036133,0.051337145268917084,0.44532760977745056,0.763533353805542,-0.12048204243183136,0.9667641520500183,0.5101081132888794,0.6589601635932922,0.2379346787929535,0.09876110404729843,0.42060479521751404,0.8106368780136108,-0.20566554367542267,0.9559149742126465
169,5.633333333333334,0.44613415002822876,0.1859668791294098,-0.0791364535689354,0.998775064945221,0.4896821081638336,0.21895432472229004,-0.07633621990680695,0.9998180866241455,0.436428964138031,0.2559601366519928,0.07743183523416519,0.9997819662094116,0.45359331369400024,0.1896105706691742,-0.13836097717285156,0.9561974406242371,0.4067118763923645,0.3237951993942261,-0.03743442893028259,0.5658939480781555,0.42484790086746216,0.10827593505382538,-0.1310683786869049,0.9521883726119995,0.426950067281723,0.23907165229320526,-0.21017727255821228,0.7664748430252075,0.5064483284950256,0.4392986297607422,-0.044979166239500046,0.9999560117721558,0.4690115451812744,0.4449673891067505,0.04479309916496277,0.9999821186065674,0.4710325598716736,0.5460322499275208,-0.18812890350818634,0.5417788028717041,0.4457571506500244,0.5939854979515076,-0.02284586802124977,0.9227351546287537,0.5075179934501648,0.6009684801101685,0.06362555176019669,0.07609807699918747,0.4438835084438324,0.7742595076560974,-0.05097958445549011,0.9687783122062683,0.5087190270423889,0.6878665685653687,0.07134503126144409,0.12189645320177078,0.416499525308609,0.819783091545105,-0.1377122551202774,0.9575532078742981
170,5.666666666666667,0.44522008299827576,0.18926391005516052,-0.07658617198467255,0.9985010027885437,0.488271564245224,0.22204460203647614,-0.07629432529211044,0.9998104572296143,0.43633824586868286,0.25860291719436646,0.07835312187671661,0.9997852444648743,0.45287466049194336,0.18895645439624786,-0.13178487122058868,0.9554119110107422,0.4073100984096527,0.3293384909629822,-0.030920004472136497,0.5771714448928833,0.4237707257270813,0.10666554421186447,-0.11745065450668335,0.9506820440292358,0.4269958436489105,0.2425985187292099,-0.19205719232559204,0.7782559990882874,0.5064528584480286,0.4424787759780884,-0.045227330178022385,0.9999555945396423,0.4694429337978363,0.4488030672073364,0.04504292458295822,0.9999817609786987,0.47062188386917114,0.5413030982017517,-0.18773189187049866,0.5798382759094238,0.44565480947494507,0.596985399723053,-0.030110886320471764,0.9255630970001221,0.5066533088684082,0.6035065054893494,0.06519007682800293,0.08767950534820557,0.44351276755332947,0.7781769037246704,-0.06619079411029816,0.9698159098625183,0.5080786943435669,0.6902707815170288,0.07839563488960266,0.13186734914779663,0.41516751050949097,0.8233773708343506,-0.1507333517074585,0.9575790762901306
171,5.7,0.4452912211418152,0.18749436736106873,-0.07623691856861115,0.9982603192329407,0.4877146780490875,0.22315531969070435,-0.07667912542819977,0.9998072981834412,0.43629536032676697,0.25932762026786804,0.07816415280103683,0.9997850656509399,0.45271047949790955,0.1889621764421463,-0.13476352393627167,0.9559137225151062,0.40736478567123413,0.32989153265953064,-0.031990014016628265,0.5849289894104004,0.4235967993736267,0.1066964790225029,-0.12317734956741333,0.9506549835205078,0.4269946217536926,0.2431468367576599,-0.19496417045593262,0.786320686340332,0.5064528584480286,0.44286608695983887,-0.04595869779586792,0.999955415725708,0.46989870071411133,0.44863447546958923,0.045778848230838776,0.9999813437461853,0.4700034260749817,0.5428125858306885,-0.16823241114616394,0.6155588626861572,0.44561734795570374,0.5969548225402832,-0.025292009115219116,0.9285771250724792,0.506435215473175,0.606806218624115,0.07950679957866669,0.10673560202121735,0.4435732960700989,0.7782372236251831,-0.059611111879348755,0.9711602330207825,0.5079726576805115,0.6927430629730225,0.09142306447029114,0.14967124164104462,0.41456300020217896,0.8243492245674133,-0.14268259704113007,0.9585073590278625
172,5.733333333333333,0.44553470611572266,0.18598932027816772,-0.07713491469621658,0.9982238411903381,0.48753219842910767,0.22388812899589539,-0.07517919689416885,0.9998080134391785,0.43614840507507324,0.2596217095851898,0.07959292083978653,0.9997850656509399,0.45282846689224243,0.1889335662126541,-0.13167704641819,0.9573156833648682,0.4074436128139496,0.3299139738082886,-0.03305693715810776,0.5956272482872009,0.42373156547546387,0.10673375427722931,-0.1209578663110733,0.9516438245773315,0.4270763397216797,0.2421468049287796,-0.19985319674015045,0.7938618659973145,0.5064576268196106,0.44356900453567505,-0.04657679423689842,0.999955952167511,0.47020453214645386,0.44885966181755066,0.046398453414440155,0.9999812841415405,0.4692906439304352,0.5439411401748657,-0.1708291471004486,0.6491522789001465,0.4455106854438782,0.5971189141273499,-0.01768852397799492,0.9319155812263489,0.5060966610908508,0.6084981560707092,0.0759195014834404,0.12770085036754608,0.44333380460739136,0.7786425352096558,-0.04800773039460182,0.9725601673126221,0.5079039335250854,0.6951045393943787,0.0860084667801857,0.1693555861711502,0.4142231047153473,0.825835108757019,-0.13200832903385162,0.9595656394958496
173,5.766666666666667,0.4457489550113678,0.18546420335769653,-0.07486654818058014,0.9981945753097534,0.48751768469810486,0.2245088517665863,-0.06892029941082001,0.999808669090271,0.43601512908935547,0.2602640390396118,0.07951171696186066,0.9997790455818176,0.45291393995285034,0.18892623484134674,-0.12297745794057846,0.9579694271087646,0.40755516290664673,0.33004501461982727,-0.03140253946185112,0.599610447883606,0.4236671030521393,0.10677842050790787,-0.11044485867023468,0.9515159726142883,0.42722463607788086,0.2412099987268448,-0.18990397453308105,0.79060298204422,0.5064858198165894,0.44483765959739685,-0.04626362398266792,0.9999566078186035,0.4704824388027191,0.44973722100257874,0.046084582805633545,0.9999812245368958,0.4678148329257965,0.5450921654701233,-0.1569722294807434,0.6785674691200256,0.4454120695590973,0.5966902375221252,-0.02316945046186447,0.9347394704818726,0.5059817433357239,0.6098170876502991,0.07655715197324753,0.14647842943668365,0.4432355761528015,0.7791968584060669,-0.061677128076553345,0.9736876487731934,0.5078813433647156,0.6955791711807251,0.08723564445972443,0.18609675765037537,0.41395968198776245,0.8260200619697571,-0.14407122135162354,0.9602497220039368
174,5.8,0.4459149241447449,0.18530869483947754,-0.07338477671146393,0.9981706142425537,0.48768988251686096,0.2249646931886673,-0.06750963628292084,0.9998095631599426,0.4360097050666809,0.2609729468822479,0.07949017733335495,0.9997721910476685,0.4529605507850647,0.18878968060016632,-0.12525740265846252,0.9584247469902039,0.40756598114967346,0.32939422130584717,-0.03193715214729309,0.6002179980278015,0.4234936237335205,0.10683810710906982,-0.11447147279977798,0.9513176679611206,0.42805689573287964,0.2403765767812729,-0.19257237017154694,0.7852340936660767,0.5064891576766968,0.4455118477344513,-0.045977480709552765,0.9999558925628662,0.47048497200012207,0.4498330056667328,0.045799192041158676,0.9999805092811584,0.4666591286659241,0.545833170413971,-0.15544578433036804,0.702712893486023,0.44536393880844116,0.5959711074829102,-0.028135642409324646,0.9362492561340332,0.5059045553207397,0.6103777289390564,0.07961736619472504,0.15463273227214813,0.4431955814361572,0.780049204826355,-0.06804187595844269,0.9741865992546082,0.5078266859054565,0.6950402855873108,0.09310762584209442,0.1924968659877777,0.41372472047805786,0.8268350958824158,-0.15295839309692383,0.9599085450172424
175,5.833333333333333,0.4448975920677185,0.19929227232933044,-0.07393235713243484,0.9980106949806213,0.48544901609420776,0.23830100893974304,-0.057997770607471466,0.999786913394928,0.43521422147750854,0.28354746103286743,0.08073437958955765,0.9997594952583313,0.45266422629356384,0.1893370896577835,-0.0949818342924118,0.9584117531776428,0.40995097160339355,0.35295382142066956,-0.03216853737831116,0.6167078018188477,0.4223252832889557,0.10367675125598907,-0.07058162987232208,0.9486944079399109,0.42805203795433044,0.2601235806941986,-0.2079005241394043,0.7951932549476624,0.5068179965019226,0.4527622163295746,-0.04588951915502548,0.999955415725708,0.4717325270175934,0.46358925104141235,0.0457022599875927,0.9999797940254211,0.4665912687778473,0.5302067399024963,-0.22145700454711914,0.7304518818855286,0.44477614760398865,0.6061242818832397,-0.05799870938062668,0.9406690001487732,0.5043455362319946,0.6392006278038025,-0.021434327587485313,0.19059428572654724,0.4404640197753906,0.7910646796226501,-0.11390914767980576,0.9760291576385498,0.5035848021507263,0.7182965874671936,-0.02587958611547947,0.22279542684555054,0.4114397168159485,0.8380667567253113,-0.20231084525585175,0.9620208740234375
176,5.866666666666666,0.4447339177131653,0.20845994353294373,-0.061322830617427826,0.9978319406509399,0.4841075837612152,0.2441052794456482,-0.0408921092748642,0.9997747540473938,0.4346833825111389,0.29214566946029663,0.08853435516357422,0.999749481678009,0.45219579339027405,0.18929916620254517,-0.07473522424697876,0.958206832408905,0.4112975001335144,0.35973891615867615,-0.02381996065378189,0.6283668279647827,0.42165884375572205,0.10154355317354202,-0.05761302635073662,0.9460344910621643,0.42740264534950256,0.2691411077976227,-0.19801515340805054,0.8015004992485046,0.5070894360542297,0.45463281869888306,-0.04575461894273758,0.9999549388885498,0.4729073941707611,0.4677191972732544,0.045566312968730927,0.9999790191650391,0.46594586968421936,0.5287104249000549,-0.2160254716873169,0.7551645636558533,0.44460397958755493,0.6102661490440369,-0.05582592636346817,0.943776547908783,0.5031465291976929,0.6432495713233948,-0.018199218437075615,0.21410657465457916,0.4402469992637634,0.7938652038574219,-0.12012624740600586,0.9773460626602173,0.5015710592269897,0.7232856750488281,-0.016840429976582527,0.24065759778022766,0.409224271774292,0.8421750664710999,-0.20629021525382996,0.9630463123321533
177,5.9,0.44445866346359253,0.2082154005765915,-0.04797898977994919,0.9977568984031677,0.4831724762916565,0.24824532866477966,-0.029140029102563858,0.9997704029083252,0.43418988585472107,0.2938658893108368,0.09058648347854614,0.9997445940971375,0.4524405002593994,0.18797586858272552,-0.07022199034690857,0.9601336717605591,0.4133743643760681,0.35703960061073303,-0.02284565009176731,0.6451892852783203,0.42171311378479004,0.10074254125356674,-0.05879398435354233,0.945974588394165,0.4274631440639496,0.27046486735343933,-0.19126573204994202,0.8110688924789429,0.5070949792861938,0.4558112621307373,-0.04439673200249672,0.9999550580978394,0.4731220304965973,0.46981680393218994,0.04419264197349548,0.9999784827232361,0.46613258123397827,0.5275046825408936,-0.20669123530387878,0.7784903645515442,0.444549024105072,0.611598789691925,-0.058065541088581085,0.9478614926338196,0.5025774240493774,0.6442251205444336,-0.01702073961496353,0.254408597946167,0.43984395265579224,0.79655522108078,-0.13321587443351746,0.9790144562721252,0.5004763603210449,0.7239564657211304,-0.02176656760275364,0.2730455994606018,0.40849828720092773,0.8410686254501343,-0.2240927666425705,0.965168297290802
178,5.933333333333334,0.44400501251220703,0.20678409934043884,-0.05062190815806389,0.9977487325668335,0.4823073744773865,0.24738091230392456,-0.03057415410876274,0.9997650980949402,0.4335354268550873,0.2940698266029358,0.08949388563632965,0.9997354745864868,0.452483594417572,0.1878322809934616,-0.06858579814434052,0.9616571068763733,0.4131052494049072,0.3575906455516815,-0.024794097989797592,0.6605671048164368,0.42203158140182495,0.1006375327706337,-0.054383039474487305,0.9465279579162598,0.4273760914802551,0.2697768211364746,-0.19261041283607483,0.8171581029891968,0.5070871114730835,0.456405371427536,-0.04375278949737549,0.999954879283905,0.4735233187675476,0.4717060625553131,0.04354580491781235,0.9999776482582092,0.46636876463890076,0.5287700891494751,-0.21222826838493347,0.7997867465019226,0.4438323974609375,0.6121945977210999,-0.053011078387498856,0.9515495300292969,0.5021395087242126,0.6450574994087219,-0.01413001399487257,0.2949228286743164,0.43950939178466797,0.7963025569915771,-0.11954178661108017,0.9805307388305664,0.4996519982814789,0.7253412008285522,-0.014722034335136414,0.30716657638549805,0.4071823060512543,0.8407530784606934,-0.2084883749485016,0.9671374559402466
179,5.966666666666667,0.4437785744667053,0.2077280730009079,-0.06252536922693253,0.997714638710022,0.4825611114501953,0.24663740396499634,-0.03907829523086548,0.999753475189209,0.4333929419517517,0.29326939582824707,0.0868099182844162,0.9997156858444214,0.45269712805747986,0.1878398209810257,-0.0845579206943512,0.9625527262687683,0.41404181718826294,0.35668787360191345,-0.027103345841169357,0.6671813130378723,0.4220896363258362,0.09976805746555328,-0.06489286571741104,0.9474508762359619,0.4272628724575043,0.2680387794971466,-0.1968238204717636,0.8173750638961792,0.5070904493331909,0.4565609395503998,-0.04373057931661606,0.999951183795929,0.4737759530544281,0.471853643655777,0.04352379962801933,0.9999746084213257,0.4665815234184265,0.5302603244781494,-0.21124446392059326,0.818439781665802,0.4436625838279724,0.6140693426132202,-0.047989748418331146,0.9546443819999695,0.5020213723182678,0.6452360153198242,-0.007299174554646015,0.3234407901763916,0.43922632932662964,0.7975468039512634,-0.11389622837305069,0.9818487167358398,0.4995028078556061,0.7266198992729187,-0.011018726974725723,0.33035069704055786,0.4063481390476227,0.8411299586296082,-0.20256705582141876,0.9688228368759155
180,6.0,0.4435909390449524,0.2079005092382431,-0.06292732059955597,0.9977185130119324,0.4828338623046875,0.2475971281528473,-0.04167890548706055,0.9997402429580688,0.4333154559135437,0.2942708432674408,0.08710262924432755,0.9997023344039917,0.453106552362442,0.187846377491951,-0.09016279876232147,0.9638032913208008,0.4148222804069519,0.35747355222702026,-0.027597468346357346,0.6775742173194885,0.4221518635749817,0.09851804375648499,-0.07413838058710098,0.9484509825706482,0.42744630575180054,0.26757004857063293,-0.19714070856571198,0.8223474025726318,0.5073990225791931,0.45648396015167236,-0.04379430413246155,0.9999485015869141,0.4738033711910248,0.472195565700531,0.04359009116888046,0.9999723434448242,0.4667494297027588,0.5291882157325745,-0.22322840988636017,0.835655152797699,0.4431268572807312,0.6149128079414368,-0.04817592725157738,0.957861065864563,0.5017974972724915,0.6447083950042725,-0.032923080027103424,0.3604116439819336,0.43870559334754944,0.7982655763626099,-0.11203251034021378,0.9831281900405884,0.4991297125816345,0.7260175943374634,-0.04493696242570877,0.36291250586509705,0.40672579407691956,0.8408558964729309,-0.20279023051261902,0.9706092476844788
181,6.033333333333333,0.4432634711265564,0.20960888266563416,-0.05266953259706497,0.997677743434906,0.48302191495895386,0.24759437143802643,-0.034534867852926254,0.9997277855873108,0.43328404426574707,0.2956116795539856,0.09155036509037018,0.9996936917304993,0.4532593786716461,0.18782375752925873,-0.08135730028152466,0.9644834995269775,0.41548389196395874,0.3581620454788208,-0.0210900716483593,0.685479998588562,0.4222165644168854,0.09802228212356567,-0.07270653545856476,0.9477957487106323,0.42777687311172485,0.26833489537239075,-0.18557457625865936,0.8267461657524109,0.5076390504837036,0.45630255341529846,-0.04354798421263695,0.9999483823776245,0.47378960251808167,0.472212016582489,0.043348535895347595,0.9999719262123108,0.4665966033935547,0.5292856693267822,-0.21474209427833557,0.8511301279067993,0.4427368640899658,0.6146166324615479,-0.048108335584402084,0.9604915976524353,0.5016869902610779,0.6445090174674988,-0.03022867441177368,0.39294660091400146,0.4382935166358948,0.79784095287323,-0.11086875200271606,0.9840925931930542,0.49909156560897827,0.7259864211082458,-0.037800926715135574,0.39127546548843384,0.40701788663864136,0.8409889340400696,-0.20160993933677673,0.9717276096343994
182,6.066666666666666,0.443194717168808,0.21173647046089172,-0.05011330917477608,0.9976120591163635,0.4831629693508148,0.24776925146579742,-0.034365348517894745,0.9997186064720154,0.43327823281288147,0.2965205907821655,0.09659986197948456,0.9996864199638367,0.4533936083316803,0.1878173053264618,-0.08085331320762634,0.9653819799423218,0.4154090881347656,0.35868585109710693,-0.015138286165893078,0.6934086680412292,0.4223262369632721,0.09819050133228302,-0.07241541147232056,0.9476937651634216,0.42782336473464966,0.26806777715682983,-0.18227618932724,0.8323280215263367,0.5076858401298523,0.45636770129203796,-0.043747711926698685,0.9999489784240723,0.4737430214881897,0.472745805978775,0.04355034977197647,0.9999719262123108,0.46658816933631897,0.5296287536621094,-0.2171463668346405,0.865235447883606,0.44228965044021606,0.6144905090332031,-0.04759570583701134,0.9630293250083923,0.5016790628433228,0.6446642279624939,-0.031055498868227005,0.426679790019989,0.4380660951137543,0.797228217124939,-0.10177761316299438,0.9850448369979858,0.4992431700229645,0.7263076901435852,-0.037821296602487564,0.4203953444957733,0.4073629379272461,0.8415209650993347,-0.18670757114887238,0.9728792905807495
183,6.1,0.4431489109992981,0.2132512778043747,-0.05091986805200577,0.9975453019142151,0.48325496912002563,0.2478223741054535,-0.03438516706228256,0.999710202217102,0.4332500398159027,0.29687806963920593,0.09601639956235886,0.999676525592804,0.4535489082336426,0.1877567023038864,-0.07956350594758987,0.9665274620056152,0.4153979420661926,0.35900968313217163,-0.01593789830803871,0.7004073262214661,0.4223899841308594,0.09831511229276657,-0.07150738686323166,0.9484149813652039,0.42782124876976013,0.2678985893726349,-0.1837480217218399,0.8371814489364624,0.5077036619186401,0.45624321699142456,-0.043651290237903595,0.99994957447052,0.4737098813056946,0.47269853949546814,0.0434553287923336,0.9999718070030212,0.4666220247745514,0.5299305319786072,-0.21605002880096436,0.8781038522720337,0.4420880675315857,0.6143683791160583,-0.04589476436376572,0.9655377864837646,0.501678466796875,0.6451443433761597,-0.02937960997223854,0.4625190496444702,0.4380679726600647,0.7966804504394531,-0.09540913999080658,0.9860130548477173,0.4994133412837982,0.7263513207435608,-0.037025731056928635,0.45246171951293945,0.4074770510196686,0.841062605381012,-0.1795119345188141,0.9741851091384888
184,6.133333333333334,0.44308751821517944,0.21366773545742035,-0.052880026400089264,0.9975071549415588,0.4833020567893982,0.2478066086769104,-0.03560315817594528,0.9997033476829529,0.43324247002601624,0.29718488454818726,0.09463553130626678,0.9996670484542847,0.453660249710083,0.18764667212963104,-0.08034548908472061,0.9677860736846924,0.4155157506465912,0.35894477367401123,-0.017671015113592148,0.7078913450241089,0.422403484582901,0.09835457056760788,-0.07313098758459091,0.9496137499809265,0.42781728506088257,0.2677377462387085,-0.18539473414421082,0.8418089151382446,0.5077561140060425,0.45609816908836365,-0.0433955043554306,0.9999496936798096,0.47368961572647095,0.4725877642631531,0.04320208728313446,0.9999713897705078,0.46671104431152344,0.5301578640937805,-0.21467678248882294,0.8897413015365601,0.44198745489120483,0.6139959096908569,-0.045699406415224075,0.9679606556892395,0.5016874670982361,0.6451703906059265,-0.0264525655657053,0.4966542720794678,0.43811845779418945,0.796353816986084,-0.09627886861562729,0.986971378326416,0.49953693151474,0.7256211042404175,-0.03450982645153999,0.4837586283683777,0.4078373312950134,0.8407341241836548,-0.18133483827114105,0.9755991697311401
185,6.166666666666667,0.4428441524505615,0.2182946354150772,-0.06345462799072266,0.9973424077033997,0.4818602204322815,0.25505325198173523,-0.032090924680233,0.9996898770332336,0.43111786246299744,0.309445321559906,0.06684079766273499,0.9996430277824402,0.4536306858062744,0.18863531947135925,-0.07351311296224594,0.9657229781150818,0.4217031002044678,0.38273292779922485,-0.06535419821739197,0.6959829926490784,0.42113423347473145,0.09847572445869446,-0.07578049600124359,0.9436148405075073,0.43055081367492676,0.304493248462677,-0.2565889358520508,0.8319233059883118,0.5082772970199585,0.4604812264442444,-0.03868582844734192,0.9999482035636902,0.4742911458015442,0.48047247529029846,0.038465823978185654,0.999968945980072,0.46601757407188416,0.5292883515357971,-0.23272676765918732,0.8993089199066162,0.44328245520591736,0.6264089941978455,-0.07905163615942001,0.9682319164276123,0.49760881066322327,0.6676209568977356,-0.10050706565380096,0.5155268311500549,0.4374450743198395,0.8066109418869019,-0.15135928988456726,0.9871974587440491,0.49196305871009827,0.7412854433059692,-0.14309677481651306,0.5049736499786377,0.40765365958213806,0.8499987125396729,-0.25603848695755005,0.9758169054985046
186,6.2,0.4415568709373474,0.2237795889377594,-0.05921619385480881,0.9973032474517822,0.48043617606163025,0.2609334886074066,-0.024213552474975586,0.9996864795684814,0.4309420585632324,0.3173907995223999,0.06572432816028595,0.9996157288551331,0.45355385541915894,0.18949700891971588,-0.06854236125946045,0.9648125767707825,0.42323994636535645,0.3844110369682312,-0.06239727884531021,0.6798338294029236,0.4208841323852539,0.09844715148210526,-0.08119426667690277,0.9415907263755798,0.4314512312412262,0.30947145819664,-0.24242885410785675,0.8146957755088806,0.5084162950515747,0.4620858430862427,-0.03471817821264267,0.9999473690986633,0.4748009145259857,0.4824163615703583,0.03449195250868797,0.9999666213989258,0.4659975469112396,0.529759407043457,-0.22587275505065918,0.9081242084503174,0.4436376690864563,0.6278276443481445,-0.08836597204208374,0.9690388441085815,0.49567967653274536,0.6736590266227722,-0.09646953642368317,0.5338897705078125,0.437154620885849,0.8094938397407532,-0.1745988428592682,0.9874735474586487,0.4881327748298645,0.7429964542388916,-0.1364959180355072,0.5259144902229309,0.40781503915786743,0.853956937789917,-0.2787252962589264,0.9762307405471802
187,6.233333333333333,0.4409717917442322,0.22547005116939545,-0.05640878155827522,0.9971484541893005,0.47985053062438965,0.2612282633781433,-0.02464202418923378,0.999686598777771,0.4309372007846832,0.3182864487171173,0.06534002721309662,0.9995934963226318,0.4531846046447754,0.18949073553085327,-0.06428451836109161,0.9638062715530396,0.4226849675178528,0.38615772128105164,-0.06090358644723892,0.662259578704834,0.4202496111392975,0.0983651801943779,-0.07715590298175812,0.9397014379501343,0.4313254952430725,0.31222739815711975,-0.24055437743663788,0.7946023941040039,0.508508563041687,0.46328264474868774,-0.03413480892777443,0.9999461770057678,0.4750053882598877,0.48378318548202515,0.03391268104314804,0.9999641180038452,0.46597760915756226,0.5301384329795837,-0.22267761826515198,0.9157701134681702,0.4438106417655945,0.6301104426383972,-0.08374764770269394,0.9690846800804138,0.4955064654350281,0.677026093006134,-0.08543825894594193,0.5447365641593933,0.4368852972984314,0.8114824295043945,-0.16386981308460236,0.9874093532562256,0.4879269003868103,0.7443358302116394,-0.12036355584859848,0.5382126569747925,0.4079374372959137,0.8550025820732117,-0.2635643184185028,0.9759801030158997
188,6.266666666666667,0.44044023752212524,0.22758375108242035,-0.04049061983823776,0.9969226717948914,0.4789413809776306,0.2608579993247986,-0.011347558349370956,0.9996863603591919,0.4308401644229889,0.3190435469150543,0.06646427512168884,0.999569296836853,0.4524834156036377,0.1892676055431366,-0.04648355022072792,0.9615617394447327,0.42268967628479004,0.38730713725090027,-0.05372919514775276,0.6385598182678223,0.4197775721549988,0.09838714450597763,-0.06132835894823074,0.9362694025039673,0.43072938919067383,0.31658080220222473,-0.23085923492908478,0.7686263918876648,0.508521556854248,0.46394646167755127,-0.03308112174272537,0.9999451637268066,0.4751102328300476,0.48489177227020264,0.03284992650151253,0.9999616742134094,0.46597012877464294,0.5312207341194153,-0.22008399665355682,0.9223074913024902,0.4438727796077728,0.6310471296310425,-0.08440874516963959,0.9684178829193115,0.49508801102638245,0.6772087812423706,-0.09112678468227386,0.5529295206069946,0.43690186738967896,0.811833381652832,-0.16420471668243408,0.9869991540908813,0.4877987802028656,0.7447801232337952,-0.12862345576286316,0.5482843518257141,0.4080210328102112,0.8547058701515198,-0.2621084451675415,0.975139319896698
189,6.3,0.4401743412017822,0.22689582407474518,-0.030164450407028198,0.996908962726593,0.4787384867668152,0.2605434060096741,-0.001369528821669519,0.9996899962425232,0.4308444559574127,0.3204483389854431,0.07410472631454468,0.9995723962783813,0.45246195793151855,0.18953564763069153,-0.04283957928419113,0.9614993333816528,0.42309054732322693,0.3872189521789551,-0.051038455218076706,0.6361596584320068,0.41917985677719116,0.09880520403385162,-0.06336748600006104,0.9364316463470459,0.4309847950935364,0.313486784696579,-0.22770769894123077,0.7674113512039185,0.5085088014602661,0.46398988366127014,-0.031778112053871155,0.9999449253082275,0.4752262532711029,0.48495185375213623,0.031548090279102325,0.9999606013298035,0.46605801582336426,0.5320722460746765,-0.21910373866558075,0.9287338852882385,0.44398006796836853,0.6320029497146606,-0.08216826617717743,0.9688253402709961,0.49499064683914185,0.6773505210876465,-0.09386058151721954,0.5658004879951477,0.43690767884254456,0.8115702867507935,-0.15892590582370758,0.9868380427360535,0.4876179099082947,0.7446897029876709,-0.13279101252555847,0.5623536109924316,0.4080871641635895,0.855029284954071,-0.25675857067108154,0.9747757315635681
190,6.333333333333333,0.4400467276573181,0.2261950671672821,-0.0341019444167614,0.9968210458755493,0.47844481468200684,0.2600727379322052,-0.008288147859275341,0.9996910691261292,0.43058180809020996,0.32088252902030945,0.07492111623287201,0.9995827674865723,0.45233774185180664,0.18991881608963013,-0.04674380272626877,0.9609110355377197,0.4228299558162689,0.3878224790096283,-0.04947567731142044,0.6375564336776733,0.4186934530735016,0.0988154411315918,-0.06412076205015182,0.9360287189483643,0.4310241639614105,0.3144904673099518,-0.2355995625257492,0.7725203037261963,0.5084866285324097,0.4641702473163605,-0.032362986356019974,0.9999443292617798,0.47527360916137695,0.48507893085479736,0.0321352556347847,0.9999598264694214,0.4661782383918762,0.5322282314300537,-0.23207421600818634,0.9346240162849426,0.44413480162620544,0.6323716640472412,-0.07921477407217026,0.9693278074264526,0.4947260022163391,0.6762408018112183,-0.09613143652677536,0.5744274258613586,0.43692293763160706,0.8120139241218567,-0.15705980360507965,0.9869258999824524,0.48768535256385803,0.7443047165870667,-0.13671793043613434,0.5718935132026672,0.40811485052108765,0.8553599715232849,-0.26238349080085754,0.9747675657272339
191,6.366666666666666,0.4396844506263733,0.2271426022052765,-0.03781091049313545,0.9966261982917786,0.47811704874038696,0.2598850727081299,-0.010363663546741009,0.9996886849403381,0.43033695220947266,0.32066959142684937,0.07523643970489502,0.9995867609977722,0.4521532952785492,0.18993769586086273,-0.04139699786901474,0.9585707783699036,0.42270612716674805,0.3883626163005829,-0.050040103495121,0.6294685006141663,0.4183691442012787,0.09848418831825256,-0.05068804696202278,0.9333275556564331,0.431001752614975,0.3176213800907135,-0.24112434685230255,0.7700950503349304,0.5084630846977234,0.4644821286201477,-0.032561179250478745,0.9999430179595947,0.4752950668334961,0.48526760935783386,0.03233086317777634,0.9999582171440125,0.46619486808776855,0.5327696204185486,-0.22947683930397034,0.9391605257987976,0.4442056119441986,0.63273024559021,-0.07721535861492157,0.9681218862533569,0.4946558475494385,0.6759698390960693,-0.09470251202583313,0.5771040916442871,0.4369350075721741,0.8112637996673584,-0.15244975686073303,0.9863104820251465,0.4880405068397522,0.7448341250419617,-0.13554412126541138,0.5756701231002808,0.4083181321620941,0.8556745648384094,-0.25648292899131775,0.973479688167572
192,6.4,0.4397262930870056,0.22728775441646576,-0.038768377155065536,0.9963384866714478,0.47798165678977966,0.2601499557495117,-0.009553647600114346,0.9996827840805054,0.43008938431739807,0.321113646030426,0.07508353143930435,0.9995864629745483,0.45178213715553284,0.18956421315670013,-0.038813166320323944,0.9549236297607422,0.4225258231163025,0.3884722888469696,-0.05218091607093811,0.6201805472373962,0.4181140065193176,0.0980043113231659,-0.0487283319234848,0.9286578893661499,0.43067532777786255,0.31729650497436523,-0.24564066529273987,0.7660360336303711,0.5084589719772339,0.4649815559387207,-0.03266569599509239,0.9999414682388306,0.4753091335296631,0.48604753613471985,0.03243144601583481,0.9999564290046692,0.4662168622016907,0.534424901008606,-0.23416253924369812,0.9430406093597412,0.44430214166641235,0.6336301565170288,-0.07740923762321472,0.966421902179718,0.4945834279060364,0.675482451915741,-0.09921251237392426,0.5773769021034241,0.43694791197776794,0.8107571005821228,-0.15125270187854767,0.9855327010154724,0.48816514015197754,0.7447248101234436,-0.1431824266910553,0.5765055418014526,0.4086441099643707,0.855452299118042,-0.250824511051178,0.9718729257583618
193,6.433333333333334,0.4389258325099945,0.23592422902584076,-0.04166474938392639,0.9964181184768677,0.475607305765152,0.2696172595024109,-0.010123461484909058,0.9996963143348694,0.42517051100730896,0.328475683927536,0.06928054243326187,0.9996020197868347,0.45035162568092346,0.19847522675991058,-0.03959660604596138,0.9516664147377014,0.42282113432884216,0.4140080213546753,-0.050868261605501175,0.6063910722732544,0.4175782799720764,0.10380420833826065,-0.09455621242523193,0.925583004951477,0.43156948685646057,0.3489493131637573,-0.22727306187152863,0.760359525680542,0.5080594420433044,0.4716325104236603,-0.03169180452823639,0.9999411702156067,0.47517091035842896,0.49271702766418457,0.03144559636712074,0.9999552369117737,0.46603602170944214,0.5377998352050781,-0.2321832925081253,0.9459929466247559,0.4449850022792816,0.6396536231040955,-0.10134919732809067,0.9635292291641235,0.4894956052303314,0.6901997327804565,-0.13138015568256378,0.5753800272941589,0.4370392858982086,0.8227318525314331,-0.19523411989212036,0.9842506051063538,0.47775736451148987,0.7523572444915771,-0.17899294197559357,0.5805323123931885,0.40963953733444214,0.8704111576080322,-0.2995549142360687,0.9701458811759949
194,6.466666666666667,0.43860968947410583,0.24051730334758759,-0.051463477313518524,0.9962207674980164,0.47507745027542114,0.27302759885787964,-0.010420961305499077,0.9997021555900574,0.42212361097335815,0.32986676692962646,0.055610835552215576,0.9996058940887451,0.44993048906326294,0.2000744342803955,-0.04406595975160599,0.9484964609146118,0.4229305684566498,0.4171174466609955,-0.06414470821619034,0.5960847735404968,0.4168311059474945,0.10641136020421982,-0.08579391241073608,0.9216213226318359,0.4330761432647705,0.34624066948890686,-0.23820623755455017,0.7535443902015686,0.5079190731048584,0.47420424222946167,-0.029072647914290428,0.99993896484375,0.4747346043586731,0.49519044160842896,0.028823545202612877,0.9999521970748901,0.4660511016845703,0.5448148846626282,-0.2350478619337082,0.9487823843955994,0.4449562430381775,0.6419507265090942,-0.10590275377035141,0.9609692096710205,0.48775309324264526,0.691877007484436,-0.12481281906366348,0.5707416534423828,0.4372066855430603,0.8267320394515991,-0.18991246819496155,0.9828590154647827,0.47558897733688354,0.7548962831497192,-0.17245833575725555,0.5793895125389099,0.41263532638549805,0.8727731704711914,-0.2963041365146637,0.9678273797035217
195,6.5,0.43758487701416016,0.23939689993858337,-0.06768382340669632,0.9960880279541016,0.4747762084007263,0.27298668026924133,-0.012217914685606956,0.999700665473938,0.4200456738471985,0.32925185561180115,0.047478511929512024,0.9996060729026794,0.4499831795692444,0.20276622474193573,-0.051401954144239426,0.9451218843460083,0.4229026436805725,0.4172857999801636,-0.06988941133022308,0.5924912095069885,0.41662293672561646,0.10964450985193253,-0.1019158735871315,0.9162265062332153,0.43426576256752014,0.3423951268196106,-0.24056413769721985,0.7492038607597351,0.5079128742218018,0.4754036068916321,-0.028207087889313698,0.9999366998672485,0.4743311405181885,0.49546554684638977,0.027968471869826317,0.9999496936798096,0.4663156569004059,0.5459504723548889,-0.24878457188606262,0.9521708488464355,0.4449484944343567,0.64391028881073,-0.0991627424955368,0.960200846195221,0.48701363801956177,0.689466655254364,-0.13544681668281555,0.5718389749526978,0.4374358057975769,0.8297232985496521,-0.18011055886745453,0.9822602868080139,0.47657060623168945,0.7531111836433411,-0.1828174889087677,0.5828167200088501,0.41252803802490234,0.8736749291419983,-0.28676116466522217,0.9665659070014954
196,6.533333333333333,0.43728405237197876,0.239056795835495,-0.070135697722435,0.9960283041000366,0.4745997488498688,0.273120254278183,-0.015999916940927505,0.9996969103813171,0.41928529739379883,0.3297079801559448,0.04586774855852127,0.9996010065078735,0.44972825050354004,0.2034744918346405,-0.05930791050195694,0.9402663707733154,0.4227432608604431,0.4187966287136078,-0.0718320831656456,0.5840983986854553,0.4163735806941986,0.10978492349386215,-0.1059960275888443,0.9098148941993713,0.43475109338760376,0.3458063006401062,-0.2433449923992157,0.7418960928916931,0.507900059223175,0.4762112498283386,-0.028500238433480263,0.9999300241470337,0.4743209481239319,0.4954681694507599,0.028264587745070457,0.9999431371688843,0.4669453203678131,0.5464143753051758,-0.24261227250099182,0.9537164568901062,0.444943904876709,0.644170880317688,-0.10320781171321869,0.9557188749313354,0.4871218204498291,0.690880537033081,-0.1500566601753235,0.5671064257621765,0.4376649260520935,0.8292462825775146,-0.18729861080646515,0.9798301458358765,0.47543102502822876,0.752421498298645,-0.20533831417560577,0.582160234451294,0.4124743938446045,0.8732834458351135,-0.2933577001094818,0.9630774259567261
197,6.566666666666666,0.4369763433933258,0.23809146881103516,-0.08735890686511993,0.9957094788551331,0.47431594133377075,0.2726503908634186,-0.029633551836013794,0.9996840953826904,0.4182056784629822,0.3295288681983948,0.024922432377934456,0.999586820602417,0.4496477544307709,0.20442891120910645,-0.07390096038579941,0.9307924509048462,0.4220621585845947,0.41966712474823,-0.09624874591827393,0.575348436832428,0.41642695665359497,0.10959432274103165,-0.12167556583881378,0.8999689817428589,0.43508076667785645,0.3480701744556427,-0.26561450958251953,0.7279213070869446,0.5078997015953064,0.47623342275619507,-0.027268346399068832,0.999925971031189,0.47414523363113403,0.49546581506729126,0.027024200186133385,0.9999386668205261,0.46774545311927795,0.5463537573814392,-0.25612300634384155,0.9552960991859436,0.4449372887611389,0.6451133489608765,-0.10010938346385956,0.9508432149887085,0.48695245385169983,0.689189612865448,-0.1563422977924347,0.5657793879508972,0.4380371570587158,0.8291333317756653,-0.1840743124485016,0.9782547950744629,0.4760836064815521,0.7517756819725037,-0.21549256145954132,0.5842244625091553,0.4124971330165863,0.8738856911659241,-0.2837078869342804,0.9608452320098877
198,6.6,0.43695926666259766,0.23737876117229462,-0.08852948993444443,0.9955755472183228,0.4738381505012512,0.2724246382713318,-0.03281470760703087,0.9996809959411621,0.41882261633872986,0.3292646110057831,0.029062390327453613,0.9995854496955872,0.448690801858902,0.2037602812051773,-0.07000096142292023,0.9256013631820679,0.4218354821205139,0.4202575981616974,-0.09095337241888046,0.5673554539680481,0.4164121747016907,0.10943644493818283,-0.10793483257293701,0.8953572511672974,0.43498939275741577,0.3502752184867859,-0.268145889043808,0.7182077765464783,0.5078766345977783,0.47638410329818726,-0.027281740680336952,0.999922513961792,0.4740907549858093,0.4954357445240021,0.027037372812628746,0.9999346137046814,0.4683672785758972,0.5459802150726318,-0.2549559772014618,0.9568447470664978,0.4450705647468567,0.6455332636833191,-0.09927986562252045,0.9463741779327393,0.4871073365211487,0.6888960003852844,-0.15722262859344482,0.5647813081741333,0.43862447142601013,0.8286681175231934,-0.17814776301383972,0.9765231013298035,0.4769822657108307,0.7513377070426941,-0.21811623871326447,0.5876139402389526,0.4135197103023529,0.8730834722518921,-0.28409796953201294,0.9586256742477417
199,6.633333333333334,0.4370041787624359,0.2368997186422348,-0.09001502394676208,0.9954308867454529,0.4735751152038574,0.2729407846927643,-0.03301845118403435,0.9996748566627502,0.4187924861907959,0.3297171890735626,0.02566925622522831,0.9995889663696289,0.4487156867980957,0.2042267918586731,-0.0706685483455658,0.9207602739334106,0.42154660820961,0.42114195227622986,-0.09163602441549301,0.5685697197914124,0.4164261817932129,0.11017034202814102,-0.11105591058731079,0.891478419303894,0.4348757863044739,0.354449063539505,-0.26640212535858154,0.7200828790664673,0.5078873038291931,0.47621724009513855,-0.02657276950776577,0.9999188780784607,0.47399288415908813,0.49546533823013306,0.026324952021241188,0.9999310374259949,0.4690091013908386,0.5429487228393555,-0.25788062810897827,0.9582449793815613,0.445259153842926,0.6449965834617615,-0.10757578909397125,0.9427853226661682,0.48709654808044434,0.6881511211395264,-0.17120754718780518,0.565613865852356,0.4389001429080963,0.8285992741584778,-0.18542975187301636,0.9749765396118164,0.47750574350357056,0.7510656714439392,-0.23452727496623993,0.5923871994018555,0.4134390354156494,0.8727543354034424,-0.2956826686859131,0.9566888213157654
200,6.666666666666667,0.43701544404029846,0.23580916225910187,-0.08984300494194031,0.9953975081443787,0.4733821451663971,0.27285608649253845,-0.03260435909032822,0.9996616244316101,0.41848140954971313,0.3298431932926178,0.02355552464723587,0.9995855093002319,0.44893497228622437,0.2060910314321518,-0.06983644515275955,0.9174063205718994,0.42131558060646057,0.4214828908443451,-0.0991758331656456,0.5744763612747192,0.4165416657924652,0.11196766048669815,-0.10734371840953827,0.8864230513572693,0.4353368282318115,0.3512234389781952,-0.27063143253326416,0.722257137298584,0.5081711411476135,0.4759500324726105,-0.024842146784067154,0.9999166131019592,0.47401052713394165,0.4952821433544159,0.024601180106401443,0.9999287724494934,0.4699348509311676,0.53941410779953,-0.2573287785053253,0.9601842761039734,0.4455980360507965,0.6445764303207397,-0.1097327321767807,0.9414501190185547,0.48721933364868164,0.687889039516449,-0.16505911946296692,0.5686497688293457,0.43906769156455994,0.828190803527832,-0.18151406943798065,0.9741765260696411,0.4776177406311035,0.7496073246002197,-0.22498026490211487,0.5972779393196106,0.4134101867675781,0.8725106716156006,-0.28975096344947815,0.9553442597389221
201,6.7,0.4369724690914154,0.23538237810134888,-0.08827202022075653,0.9953300952911377,0.4730774760246277,0.2726067304611206,-0.029035288840532303,0.9996517300605774,0.4183828830718994,0.32969212532043457,0.02669675089418888,0.9995848536491394,0.4487573504447937,0.20578736066818237,-0.062286682426929474,0.9145320653915405,0.421286404132843,0.4211951494216919,-0.09410276263952255,0.5829005837440491,0.4167053699493408,0.1123705729842186,-0.10640554130077362,0.8836550116539001,0.4354519248008728,0.3499266505241394,-0.2663707137107849,0.730406641960144,0.5083394646644592,0.47580596804618835,-0.024641308933496475,0.9999139308929443,0.4740261137485504,0.495103120803833,0.024402016773819923,0.9999263882637024,0.4701901376247406,0.5375228524208069,-0.2543394863605499,0.961734414100647,0.44581255316734314,0.644624650478363,-0.10642101615667343,0.9401286244392395,0.4871233403682709,0.6877366900444031,-0.15889427065849304,0.5717557072639465,0.4390733242034912,0.8282222151756287,-0.17226801812648773,0.9735110402107239,0.4782584309577942,0.7495553493499756,-0.21755802631378174,0.6013128757476807,0.41307002305984497,0.8730990290641785,-0.2785499095916748,0.9540777802467346
202,6.733333333333333,0.4369543492794037,0.23523490130901337,-0.08597761392593384,0.9953363537788391,0.47311854362487793,0.2734394371509552,-0.027806982398033142,0.9996451735496521,0.41869860887527466,0.33115124702453613,0.030484715476632118,0.9995846748352051,0.4487844407558441,0.20541854202747345,-0.06144150346517563,0.9127388596534729,0.4212660789489746,0.420790433883667,-0.09028883278369904,0.5883573889732361,0.41703033447265625,0.11312628537416458,-0.10437770932912827,0.882573664188385,0.4353955388069153,0.3489554226398468,-0.2606678009033203,0.7337849140167236,0.5083668828010559,0.4756511151790619,-0.02493376098573208,0.999911367893219,0.4740683436393738,0.49499809741973877,0.02469508908689022,0.9999238848686218,0.4701671600341797,0.5375316143035889,-0.2540570795536041,0.963421106338501,0.44586390256881714,0.6451761722564697,-0.10304566472768784,0.9394301772117615,0.4871167242527008,0.6874968409538269,-0.16498447954654694,0.5813176035881042,0.43921107053756714,0.8282506465911865,-0.15876267850399017,0.973172664642334,0.4783828854560852,0.751160740852356,-0.22640736401081085,0.6104926466941833,0.4130542278289795,0.8732811212539673,-0.2626088261604309,0.9533814787864685
203,6.766666666666667,0.43561363220214844,0.2482723593711853,-0.06564189493656158,0.9957153797149658,0.4731356203556061,0.28900137543678284,-0.02721995674073696,0.9996615648269653,0.4182063639163971,0.3437539339065552,0.03493055701255798,0.9996001720428467,0.44876527786254883,0.22085726261138916,-0.07722325623035431,0.9062050580978394,0.4213593602180481,0.43863674998283386,-0.08409979194402695,0.5699250102043152,0.4172940254211426,0.12454898655414581,-0.1343783587217331,0.8829249143600464,0.43464818596839905,0.39673882722854614,-0.25923269987106323,0.7190930843353271,0.5072663426399231,0.48436346650123596,-0.027966400608420372,0.9998889565467834,0.4728360176086426,0.5030012726783752,0.027712777256965637,0.9998983144760132,0.4685579240322113,0.5572192072868347,-0.25298425555229187,0.9597468972206116,0.44491714239120483,0.6620022654533386,-0.08365215361118317,0.9098541140556335,0.4795014262199402,0.7017472386360168,-0.3097260296344757,0.5898320078849792,0.4428848326206207,0.8382317423820496,-0.18244728446006775,0.9591785073280334,0.45740094780921936,0.7320221662521362,-0.4123069643974304,0.6308851838111877,0.41253918409347534,0.874603271484375,-0.2907513976097107,0.944202721118927
204,6.8,0.4350949227809906,0.2501758337020874,-0.06756816804409027,0.9960619807243347,0.47284579277038574,0.29204896092414856,-0.026438316330313683,0.9996762871742249,0.41648435592651367,0.3474894165992737,0.035176508128643036,0.9996106028556824,0.4487735331058502,0.22663474082946777,-0.08476891368627548,0.8962697982788086,0.42153215408325195,0.44420546293258667,-0.08674754947423935,0.5561936497688293,0.4174373745918274,0.12998513877391815,-0.15325325727462769,0.8810399174690247,0.43406376242637634,0.3985978364944458,-0.2647989094257355,0.7115101218223572,0.5066186785697937,0.48882994055747986,-0.029767703264951706,0.9998673796653748,0.4725549817085266,0.5055872797966003,0.029503867030143738,0.999873161315918,0.4679067134857178,0.5652334690093994,-0.25402989983558655,0.9553273916244507,0.4445919394493103,0.6672044992446899,-0.06840942800045013,0.8745257258415222,0.47722306847572327,0.7062631249427795,-0.309874564409256,0.594677209854126,0.44413384795188904,0.8418542742729187,-0.167237788438797,0.9444021582603455,0.4544421136379242,0.7306849360466003,-0.4133967459201813,0.6469175219535828,0.41147488355636597,0.8762277364730835,-0.2762126326560974,0.9334613084793091
205,6.833333333333333,0.4348680078983307,0.24947009980678558,-0.059931375086307526,0.9963670969009399,0.4728553295135498,0.29289960861206055,-0.007134397979825735,0.9996854066848755,0.41526609659194946,0.34729695320129395,0.05209839344024658,0.9996259808540344,0.4486115872859955,0.22871538996696472,-0.054290153086185455,0.8819075226783752,0.42148351669311523,0.4460384249687195,-0.06426966935396194,0.5465591549873352,0.4176638722419739,0.13210614025592804,-0.11343830823898315,0.8754736185073853,0.4330655634403229,0.40202662348747253,-0.24626830220222473,0.7106165289878845,0.5063393115997314,0.4893516004085541,-0.03055901825428009,0.9998486638069153,0.47222334146499634,0.5064197182655334,0.03027835115790367,0.9998542070388794,0.46741461753845215,0.5694811940193176,-0.2551761567592621,0.9466798305511475,0.44448238611221313,0.6688472032546997,-0.06766629219055176,0.831863522529602,0.4765014052391052,0.7050469517707825,-0.3244776725769043,0.5878123044967651,0.4454213082790375,0.8428640365600586,-0.16647842526435852,0.9215037822723389,0.4532126486301422,0.7258894443511963,-0.4318222105503082,0.6530113220214844,0.4113350808620453,0.8764175176620483,-0.27527594566345215,0.9158288836479187
206,6.866666666666666,0.4349227845668793,0.25017249584198,-0.058415044099092484,0.9966027736663818,0.4726859927177429,0.29250621795654297,0.0030742851085960865,0.9996863007545471,0.4146367013454437,0.34733057022094727,0.052052877843379974,0.999632716178894,0.44825291633605957,0.22812166810035706,-0.03328661248087883,0.8571642637252808,0.4214102625846863,0.44633373618125916,-0.06619732081890106,0.5305637121200562,0.41801610589027405,0.13352011144161224,-0.07845118641853333,0.8602808713912964,0.4329530596733093,0.40214014053344727,-0.247203066945076,0.7018584609031677,0.5056585073471069,0.4909988343715668,-0.030256107449531555,0.9998166561126709,0.47139066457748413,0.5070899724960327,0.029956553131341934,0.9998201727867126,0.4674326777458191,0.5662519931793213,-0.2684324383735657,0.9356819987297058,0.44443386793136597,0.6702464818954468,-0.06345738470554352,0.7807227373123169,0.4759194850921631,0.7051535248756409,-0.3516560196876526,0.577358067035675,0.4457158148288727,0.8445177674293518,-0.151681050658226,0.8903302550315857,0.45278963446617126,0.7235811948776245,-0.4670676589012146,0.6554663181304932,0.4113040864467621,0.8772510886192322,-0.26136109232902527,0.8907515406608582
207,6.9,0.4349652826786041,0.25081712007522583,-0.060923099517822266,0.9968495965003967,0.4724302887916565,0.2924831807613373,-0.0009420544956810772,0.999692976474762,0.4144057333469391,0.3484032154083252,0.05163603276014328,0.9996450543403625,0.44764041900634766,0.2282991260290146,-0.035558123141527176,0.8358949422836304,0.4212650656700134,0.4476816952228546,-0.06394898891448975,0.5160025954246521,0.41830986738204956,0.13367140293121338,-0.08041815459728241,0.8478827476501465,0.4328542649745941,0.4063648581504822,-0.246294304728508,0.6936914920806885,0.5055602788925171,0.4913186728954315,-0.03030141070485115,0.9997903108596802,0.471097856760025,0.5077629685401917,0.030000213533639908,0.9997931122779846,0.4674459397792816,0.564807116985321,-0.26677706837654114,0.9234804511070251,0.4444308876991272,0.6705004572868347,-0.061426300555467606,0.7310292720794678,0.47580066323280334,0.7075608372688293,-0.34958821535110474,0.564245879650116,0.4459196925163269,0.8453403115272522,-0.15323327481746674,0.8589003682136536,0.45189791917800903,0.7250468134880066,-0.46342211961746216,0.6559366583824158,0.41124051809310913,0.8775187134742737,-0.26249682903289795,0.8664674758911133
208,6.933333333333334,0.4350568354129791,0.2502295970916748,-0.05566314980387688,0.997083306312561,0.4723204970359802,0.2920927405357361,0.000384607061278075,0.9997005462646484,0.41450515389442444,0.3487631380558014,0.05368850380182266,0.9996587038040161,0.44733744859695435,0.2268357127904892,-0.0361078679561615,0.8233562707901001,0.42113956809043884,0.44839590787887573,-0.06148707866668701,0.5090723633766174,0.4190496802330017,0.13308769464492798,-0.08000949770212173,0.8406045436859131,0.43285393714904785,0.4048876464366913,-0.24013793468475342,0.6934260725975037,0.5055908560752869,0.4907068908214569,-0.030270904302597046,0.999775230884552,0.47112002968788147,0.507563591003418,0.02997208759188652,0.9997793436050415,0.46744221448898315,0.5633324980735779,-0.25718316435813904,0.9162836670875549,0.4444517195224762,0.6689987778663635,-0.06207656115293503,0.70034259557724,0.47562217712402344,0.709054172039032,-0.3288023769855499,0.5575927495956421,0.44615158438682556,0.8449833393096924,-0.18359330296516418,0.8426731824874878,0.4513540267944336,0.7264595031738281,-0.4357699453830719,0.6598162055015564,0.41123971343040466,0.8773568272590637,-0.2936035990715027,0.854908287525177
209,6.966666666666667,0.4354764521121979,0.25052791833877563,-0.05651300400495529,0.9973002076148987,0.4723126292228699,0.29289448261260986,0.0008421923266723752,0.9997081160545349,0.4142579138278961,0.3491561710834503,0.05222629755735397,0.9996712803840637,0.4472406804561615,0.22676828503608704,-0.0389924980700016,0.8091710209846497,0.42086419463157654,0.44919756054878235,-0.06217009946703911,0.5043357610702515,0.41931360960006714,0.1328568458557129,-0.08571942150592804,0.8322765231132507,0.43285173177719116,0.4048253893852234,-0.23525583744049072,0.6918725967407227,0.5056147575378418,0.4903459846973419,-0.02931002341210842,0.9997588992118835,0.4711494445800781,0.5074636936187744,0.029007429257035255,0.9997648596763611,0.467439740896225,0.5623953342437744,-0.2525140643119812,0.9076472520828247,0.44454994797706604,0.6684813499450684,-0.07319335639476776,0.6709862947463989,0.4753209948539734,0.7086535692214966,-0.32536646723747253,0.5467714071273804,0.4462967813014984,0.8446379899978638,-0.1944475769996643,0.825859785079956,0.45155391097068787,0.7274796366691589,-0.43154773116111755,0.6592003703117371,0.41134628653526306,0.8772937059402466,-0.30477815866470337,0.8420728445053101
210,7.0,0.4359892010688782,0.25141680240631104,-0.04984503239393234,0.9974662065505981,0.47231951355934143,0.2938014566898346,0.008514399640262127,0.9997118711471558,0.4140436053276062,0.34970366954803467,0.05449309200048447,0.9996799230575562,0.4472164213657379,0.22609463334083557,-0.027019325643777847,0.7907599806785583,0.42071494460105896,0.45006492733955383,-0.05797988176345825,0.49525174498558044,0.4195428490638733,0.13280826807022095,-0.07486892491579056,0.8194054365158081,0.4328470826148987,0.4050121009349823,-0.23030781745910645,0.6873192191123962,0.5056315660476685,0.4902222454547882,-0.028424713760614395,0.9997385144233704,0.4711724817752838,0.5074090957641602,0.02811615727841854,0.9997457265853882,0.46747884154319763,0.5617808699607849,-0.2525366544723511,0.8963425159454346,0.44458237290382385,0.667219340801239,-0.07431137561798096,0.6353756189346313,0.4752887189388275,0.7083411812782288,-0.33176642656326294,0.5320430397987366,0.44632211327552795,0.8448172807693481,-0.18653465807437897,0.8024055361747742,0.451376736164093,0.7281421422958374,-0.44046348333358765,0.6538763642311096,0.4121190905570984,0.8772060871124268,-0.2962121069431305,0.8226494789123535
211,7.033333333333333,0.43624168634414673,0.25146642327308655,-0.05130733177065849,0.9975946545600891,0.4722873270511627,0.2938583493232727,0.006520718336105347,0.9997112154960632,0.41389352083206177,0.3502391576766968,0.053450681269168854,0.9996834993362427,0.4471893906593323,0.22628839313983917,-0.030007025226950645,0.7741928100585938,0.42065781354904175,0.45069149136543274,-0.06011119484901428,0.4872324764728546,0.41967421770095825,0.1329946368932724,-0.076512411236763,0.8076369762420654,0.4328661859035492,0.4047626554965973,-0.23267750442028046,0.6830084919929504,0.505603015422821,0.49041929841041565,-0.028298284858465195,0.9997135996818542,0.47106805443763733,0.5073474645614624,0.027990642935037613,0.9997214078903198,0.4676058888435364,0.5617455244064331,-0.25449663400650024,0.886856198310852,0.4445830285549164,0.666313648223877,-0.07477109879255295,0.6023450493812561,0.4755155146121979,0.708996057510376,-0.334367573261261,0.5205774307250977,0.44632381200790405,0.8445143699645996,-0.18488383293151855,0.7807734608650208,0.45144280791282654,0.728320837020874,-0.4432738721370697,0.6504279971122742,0.4123104214668274,0.8771345615386963,-0.29460230469703674,0.8050143122673035
212,7.066666666666666,0.43638095259666443,0.25129735469818115,-0.05775073915719986,0.997718334197998,0.472261905670166,0.294168621301651,0.0019291670760139823,0.9997110962867737,0.41378849744796753,0.35051193833351135,0.044877104461193085,0.9996868968009949,0.447157084941864,0.22622032463550568,-0.03138326108455658,0.7610548734664917,0.42065224051475525,0.4509332776069641,-0.06968499720096588,0.48106998205184937,0.41972875595092773,0.1332254707813263,-0.07876411825418472,0.7977504730224609,0.4329097867012024,0.4045192301273346,-0.24050751328468323,0.6792880296707153,0.5055898427963257,0.4906618893146515,-0.028205398470163345,0.9996922016143799,0.4709707796573639,0.5072653293609619,0.027900144457817078,0.9997009038925171,0.4676884710788727,0.562069296836853,-0.2544918656349182,0.8793995976448059,0.4445717930793762,0.6660825610160828,-0.07511018216609955,0.575771689414978,0.47570133209228516,0.7095633149147034,-0.32614946365356445,0.5095967054367065,0.4462966024875641,0.8442980647087097,-0.1826026737689972,0.7652022242546082,0.4515945017337799,0.7289841771125793,-0.43206867575645447,0.6467835903167725,0.4124689996242523,0.8771100640296936,-0.29172930121421814,0.7926914095878601
213,7.1,0.4364708364009857,0.25111958384513855,-0.06805424392223358,0.9978243112564087,0.47224393486976624,0.29477638006210327,-0.009380954317748547,0.9997095465660095,0.41374310851097107,0.3504783511161804,0.03589196503162384,0.9996871948242188,0.44708460569381714,0.22635389864444733,-0.04856179654598236,0.7494816184043884,0.42064791917800903,0.4509795606136322,-0.08008219301700592,0.47501063346862793,0.4197579026222229,0.133332297205925,-0.0965447947382927,0.7890477180480957,0.4329907298088074,0.40345412492752075,-0.251203328371048,0.6730629801750183,0.5055599808692932,0.49089986085891724,-0.028204243630170822,0.9996660947799683,0.47092166543006897,0.5071843862533569,0.027899721637368202,0.9996744990348816,0.4677547514438629,0.5629412531852722,-0.255331814289093,0.8729052543640137,0.44456005096435547,0.6658564209938049,-0.07473049312829971,0.5489926338195801,0.4758118689060211,0.7102468013763428,-0.3265496492385864,0.5025129914283752,0.44624894857406616,0.8441023230552673,-0.17403849959373474,0.749712347984314,0.4516170024871826,0.7296513915061951,-0.43448930978775024,0.6461886167526245,0.41250619292259216,0.8770639300346375,-0.2823484539985657,0.7805673480033875
214,7.133333333333334,0.43654584884643555,0.251017689704895,-0.06768517196178436,0.9979060888290405,0.4722297191619873,0.2953677177429199,-0.009974966756999493,0.9997069835662842,0.4137926697731018,0.3505382835865021,0.03618749976158142,0.9996861815452576,0.44697824120521545,0.22647295892238617,-0.048434026539325714,0.7379109859466553,0.42064422369003296,0.45098382234573364,-0.07959157228469849,0.467339426279068,0.4197767674922943,0.13340194523334503,-0.09592176973819733,0.7799214720726013,0.4330810606479645,0.4026174247264862,-0.2514975368976593,0.665585994720459,0.5055493116378784,0.4910542368888855,-0.028206979855895042,0.9996366500854492,0.4709273874759674,0.5071232914924622,0.027902519330382347,0.9996441006660461,0.46786147356033325,0.5633875131607056,-0.25671321153640747,0.8662862777709961,0.4445604681968689,0.6656526327133179,-0.0730685442686081,0.5223309993743896,0.4758566915988922,0.7108432054519653,-0.33321645855903625,0.49572300910949707,0.4462181627750397,0.843960165977478,-0.16830188035964966,0.732831597328186,0.45159095525741577,0.729706883430481,-0.44354668259620667,0.6449909806251526,0.4125196933746338,0.8770499229431152,-0.276345431804657,0.766899585723877
215,7.166666666666667,0.43370991945266724,0.26189830899238586,-0.009406319819390774,0.9980966448783875,0.4721689224243164,0.30691131949424744,0.007222299929708242,0.9997262358665466,0.4157414436340332,0.36195018887519836,0.08577662706375122,0.9997081160545349,0.4463878273963928,0.24796947836875916,-0.061409831047058105,0.7585203051567078,0.42272692918777466,0.46032676100730896,-0.00718348752707243,0.4748121500015259,0.4193352162837982,0.154878631234169,-0.12771093845367432,0.7973494529724121,0.43197712302207947,0.44807904958724976,-0.1664435714483261,0.6833634972572327,0.5045238733291626,0.4975834786891937,-0.028775956481695175,0.9996633529663086,0.47051364183425903,0.5175619125366211,0.02851526439189911,0.9996700882911682,0.4676435589790344,0.5806735754013062,-0.200486421585083,0.8735748529434204,0.44607505202293396,0.6641242504119873,-0.1455862820148468,0.5482223629951477,0.46694183349609375,0.7469727396965027,-0.25351792573928833,0.5193774700164795,0.44800376892089844,0.8416316509246826,-0.24791307747364044,0.7394164800643921,0.4483281075954437,0.7650930881500244,-0.340101420879364,0.6648908257484436,0.4138285517692566,0.8770561218261719,-0.33944445848464966,0.7761375308036804
216,7.2,0.43302398920059204,0.2642119824886322,-0.003817899851128459,0.998278021812439,0.472168505191803,0.3094944655895233,0.018635248765349388,0.9997459650039673,0.415743350982666,0.3662054240703583,0.09274411201477051,0.9997317790985107,0.44636526703834534,0.2570275068283081,-0.06777878850698471,0.7768673896789551,0.4227122664451599,0.4655493497848511,0.006550706923007965,0.49087002873420715,0.41933536529541016,0.16137059032917023,-0.15348637104034424,0.8135408759117126,0.4320506155490875,0.4551086127758026,-0.13895657658576965,0.703703761100769,0.5036394596099854,0.4990353584289551,-0.028594527393579483,0.9996894598007202,0.4692911207675934,0.5212663412094116,0.028349289670586586,0.9996963143348694,0.4674154222011566,0.5858117938041687,-0.20151260495185852,0.880639374256134,0.4465944170951843,0.6613714694976807,-0.1549150049686432,0.573041558265686,0.4640861451625824,0.7540479302406311,-0.26272299885749817,0.5428861975669861,0.4489641785621643,0.8407765030860901,-0.26779991388320923,0.7459263205528259,0.4461773931980133,0.7690820693969727,-0.35036903619766235,0.6845038533210754,0.41436395049095154,0.8770581483840942,-0.361354798078537,0.7847781181335449
217,7.233333333333333,0.4328688085079193,0.26553109288215637,-0.015332594513893127,0.9984437823295593,0.47211122512817383,0.3102346658706665,0.012140350416302681,0.9997639656066895,0.41609349846839905,0.3668324053287506,0.09155001491308212,0.9997519850730896,0.44633013010025024,0.2589385509490967,-0.08640140295028687,0.7946888208389282,0.4236046373844147,0.46420466899871826,0.0019230081234127283,0.5034893155097961,0.4191157817840576,0.1643555611371994,-0.17360582947731018,0.829407274723053,0.43195462226867676,0.45482683181762695,-0.1495363414287567,0.7210434079170227,0.503369927406311,0.5001223087310791,-0.02956940233707428,0.9997115135192871,0.468884140253067,0.522897481918335,0.029354894533753395,0.9997183680534363,0.467170387506485,0.5869151949882507,-0.19845351576805115,0.8876098990440369,0.4471656382083893,0.6628118753433228,-0.13906222581863403,0.5988421440124512,0.4645799994468689,0.7442123293876648,-0.25790050625801086,0.5676161646842957,0.4494210183620453,0.8408042788505554,-0.24886062741279602,0.7567040324211121,0.44719257950782776,0.7655116319656372,-0.3453562259674072,0.7047508955001831,0.41447314620018005,0.8770422339439392,-0.3433489203453064,0.7960110902786255
218,7.266666666666667,0.43297019600868225,0.26599544286727905,-0.022308113053441048,0.998591423034668,0.4718063771724701,0.31030526757240295,0.010045639239251614,0.9997782707214355,0.4167137145996094,0.36598333716392517,0.08672570437192917,0.9997682571411133,0.4461892247200012,0.25776106119155884,-0.08433791995048523,0.8101757168769836,0.4237681031227112,0.46491602063179016,-0.007643270306289196,0.5108076333999634,0.4190528988838196,0.1638956218957901,-0.15829023718833923,0.8429226279258728,0.4318757653236389,0.45645424723625183,-0.16295868158340454,0.7337208390235901,0.5031700730323792,0.5004104375839233,-0.029932206496596336,0.9997307658195496,0.4687843322753906,0.52192622423172,0.02973010577261448,0.999737560749054,0.4671350419521332,0.5870381593704224,-0.198468416929245,0.8940948247909546,0.44718074798583984,0.6631258130073547,-0.13424800336360931,0.6224159002304077,0.46482425928115845,0.7399176955223083,-0.2564390301704407,0.5903188586235046,0.44964098930358887,0.8408966064453125,-0.24677984416484833,0.7683674693107605,0.44778332114219666,0.7639225721359253,-0.3443679213523865,0.7228507399559021,0.41447320580482483,0.8770219683647156,-0.3428601026535034,0.8073405623435974
219,7.3,0.4329151511192322,0.26572397351264954,-0.02178046479821205,0.9987250566482544,0.4714762270450592,0.310331791639328,0.008170158602297306,0.9997910261154175,0.4173313081264496,0.3655371367931366,0.08879328519105911,0.9997830390930176,0.4460916519165039,0.25753581523895264,-0.08827392756938934,0.8240099549293518,0.42390233278274536,0.46490731835365295,-0.004305756650865078,0.5173352956771851,0.41905659437179565,0.1629076898097992,-0.16558502614498138,0.8549687266349792,0.43174290657043457,0.45620235800743103,-0.15838804841041565,0.7463205456733704,0.5029341578483582,0.500858724117279,-0.030320728197693825,0.9997479319572449,0.4686506688594818,0.5214818120002747,0.03012647107243538,0.9997546672821045,0.4670371413230896,0.5893887877464294,-0.19847780466079712,0.8997380137443542,0.44726186990737915,0.6632705926895142,-0.14254608750343323,0.6426988244056702,0.46388381719589233,0.7517461180686951,-0.2581625282764435,0.6116287708282471,0.44982123374938965,0.8409122228622437,-0.25058284401893616,0.7769495844841003,0.4455167353153229,0.7675341367721558,-0.3474692106246948,0.7394904494285583,0.41448283195495605,0.8770099878311157,-0.34504014253616333,0.8163777589797974
220,7.333333333333333,0.4329313635826111,0.2658247947692871,-0.025621961802244186,0.9988458752632141,0.47133341431617737,0.310703307390213,0.00012643402442336082,0.9998023509979248,0.4176545739173889,0.36546438932418823,0.08421216905117035,0.999795138835907,0.445951372385025,0.2572430372238159,-0.09885455667972565,0.836582601070404,0.4241713881492615,0.4644085764884949,-0.011303801089525223,0.5203025937080383,0.4190543293952942,0.16260357201099396,-0.1765611469745636,0.8660157322883606,0.43155717849731445,0.4567292034626007,-0.16808851063251495,0.7559918761253357,0.5029235482215881,0.5011059045791626,-0.03112974390387535,0.9997619390487671,0.468679815530777,0.5216037034988403,0.030942678451538086,0.9997683167457581,0.4668286442756653,0.5912526249885559,-0.20020432770252228,0.9047350883483887,0.4472746253013611,0.6633128523826599,-0.142171710729599,0.6599925756454468,0.46338266134262085,0.7540250420570374,-0.26386743783950806,0.6319395303726196,0.4498445391654968,0.841015100479126,-0.24850085377693176,0.7844050526618958,0.4434162974357605,0.7686837315559387,-0.3545759916305542,0.7555640935897827,0.41435521841049194,0.8770474791526794,-0.34160998463630676,0.824729323387146
221,7.366666666666666,0.43275466561317444,0.2670711278915405,-0.021391402930021286,0.9989553093910217,0.4711766839027405,0.3106670081615448,0.00015589059330523014,0.9998140931129456,0.4185469150543213,0.365239679813385,0.09282535314559937,0.9998062252998352,0.4456706643104553,0.2570813298225403,-0.09691640734672546,0.8482651114463806,0.4245297312736511,0.46431082487106323,-0.00042148673674091697,0.5202999114990234,0.4190547466278076,0.16267594695091248,-0.17544963955879211,0.876566469669342,0.43143194913864136,0.45619601011276245,-0.15619374811649323,0.7635908126831055,0.5029276013374329,0.5009850859642029,-0.03241360932588577,0.9997751712799072,0.468697726726532,0.521479606628418,0.03222779929637909,0.9997808337211609,0.4667712152004242,0.5917536616325378,-0.19910767674446106,0.908921480178833,0.4473387598991394,0.66144859790802,-0.1412695199251175,0.6747835874557495,0.4633110463619232,0.7547526955604553,-0.2646772265434265,0.6502046585083008,0.4499017298221588,0.8411524295806885,-0.2468070685863495,0.7899002432823181,0.4422847628593445,0.7684265971183777,-0.35553160309791565,0.7697286009788513,0.41416311264038086,0.8770365118980408,-0.3388630747795105,0.8313857913017273
222,7.4,0.43243956565856934,0.2671589255332947,-0.016435781493782997,0.9990546107292175,0.471002995967865,0.310700923204422,0.0036003473214805126,0.9998248815536499,0.41912803053855896,0.3652726113796234,0.09979217499494553,0.9998168349266052,0.44552820920944214,0.25680068135261536,-0.0897713452577591,0.8586527705192566,0.42483624815940857,0.46446648240089417,0.006268460303544998,0.5207808017730713,0.41900792717933655,0.16298849880695343,-0.16361460089683533,0.8860263228416443,0.4313572943210602,0.4559768736362457,-0.15253408253192902,0.7714582085609436,0.5029011368751526,0.5008336305618286,-0.033350441604852676,0.9997873902320862,0.4687085747718811,0.521310031414032,0.03315936401486397,0.9997924566268921,0.466672420501709,0.5926433205604553,-0.19691972434520721,0.9129209518432617,0.4474460482597351,0.6616548299789429,-0.13680225610733032,0.6880539655685425,0.464332640171051,0.7679681777954102,-0.2657868266105652,0.6676351428031921,0.44987767934799194,0.8412587642669678,-0.24174156785011292,0.7950634360313416,0.44191473722457886,0.7682340145111084,-0.3577594757080078,0.783104419708252,0.4138910174369812,0.8770275712013245,-0.3353661894798279,0.8375746011734009
223,7.433333333333334,0.4323694109916687,0.26683738827705383,-0.0074980733916163445,0.9991445541381836,0.47089576721191406,0.31067806482315063,0.01405266672372818,0.9998347163200378,0.41929545998573303,0.36539527773857117,0.1107468381524086,0.999826192855835,0.4453243315219879,0.2566703259944916,-0.07608576864004135,0.8678517937660217,0.42522764205932617,0.46577322483062744,0.016723042353987694,0.5213510394096375,0.4189280569553375,0.1629367470741272,-0.14566603302955627,0.8944642543792725,0.4313209056854248,0.4558132588863373,-0.14386282861232758,0.7788457870483398,0.5028406381607056,0.5007174015045166,-0.03430819883942604,0.9997987747192383,0.46873006224632263,0.5211248397827148,0.03410636633634567,0.9998031854629517,0.46647730469703674,0.5935776829719543,-0.19627246260643005,0.9166512489318848,0.4474896490573883,0.6628026962280273,-0.13400226831436157,0.6997352242469788,0.4649393558502197,0.7720506191253662,-0.2671012878417969,0.6831085085868835,0.44985419511795044,0.8414751887321472,-0.23886296153068542,0.7992831468582153,0.4416984021663666,0.7697103023529053,-0.35967275500297546,0.7947040796279907,0.413719117641449,0.8770236372947693,-0.3328678011894226,0.8426177501678467
224,7.466666666666667,0.4323449730873108,0.26655352115631104,-0.0020961170084774494,0.9992252588272095,0.4708145558834076,0.3105620741844177,0.02221841923892498,0.999843180179596,0.419304758310318,0.36555740237236023,0.11758112907409668,0.9998342394828796,0.44510960578918457,0.25648751854896545,-0.061489395797252655,0.8757199645042419,0.42544275522232056,0.46684759855270386,0.02291998825967312,0.5218552350997925,0.4188550114631653,0.16284777224063873,-0.12641359865665436,0.901714026927948,0.43132132291793823,0.4556015729904175,-0.13878735899925232,0.785812258720398,0.5027705430984497,0.5006198883056641,-0.03490375727415085,0.9998087882995605,0.46874046325683594,0.5209602117538452,0.034691259264945984,0.9998125433921814,0.46626144647598267,0.5942261219024658,-0.1984671652317047,0.9197835922241211,0.4474828839302063,0.6641797423362732,-0.13290716707706451,0.7084675431251526,0.4652750492095947,0.7734174728393555,-0.2676258385181427,0.6951296925544739,0.44983965158462524,0.84162437915802,-0.23754027485847473,0.8018479943275452,0.44174376130104065,0.771307110786438,-0.36017417907714844,0.8037515878677368,0.4135878086090088,0.8770183324813843,-0.3307456970214844,0.8460252285003662
225,7.5,0.43235135078430176,0.2664070427417755,0.006991091184318066,0.9992978572845459,0.47073227167129517,0.31042179465293884,0.03353876993060112,0.9998505711555481,0.41926565766334534,0.3657030761241913,0.1251705437898636,0.9998415112495422,0.44497615098953247,0.2565388083457947,-0.04433304816484451,0.8821060061454773,0.42551565170288086,0.4674833118915558,0.03173390030860901,0.5219968557357788,0.4188019633293152,0.16285084187984467,-0.10556018352508545,0.9077887535095215,0.4313229024410248,0.4551680386066437,-0.12685248255729675,0.7921352982521057,0.5027012825012207,0.5005670189857483,-0.034953098744153976,0.9998178482055664,0.46874475479125977,0.5209296941757202,0.03473322466015816,0.999821126461029,0.466111421585083,0.5947102308273315,-0.1984214037656784,0.9220698475837708,0.447479248046875,0.6652647256851196,-0.13252601027488708,0.7139214873313904,0.465493768453598,0.7745409607887268,-0.26820066571235657,0.7028585076332092,0.4498324394226074,0.8417384028434753,-0.23659105598926544,0.8013527989387512,0.44172239303588867,0.7723583579063416,-0.36100807785987854,0.809788703918457,0.41350364685058594,0.8770142197608948,-0.3288531005382538,0.8468523025512695
226,7.533333333333333,0.4323621392250061,0.2663733661174774,0.009455794468522072,0.9993629455566406,0.4706568717956543,0.3103227913379669,0.03669096156954765,0.9998570680618286,0.419241338968277,0.3658613860607147,0.126344233751297,0.9998480081558228,0.4448752999305725,0.25665441155433655,-0.040597278624773026,0.8875420093536377,0.4255351424217224,0.467963844537735,0.033318571746349335,0.5214104652404785,0.4187711775302887,0.16291213035583496,-0.10284151881933212,0.9130715727806091,0.43132567405700684,0.45506539940834045,-0.12365976721048355,0.7969028353691101,0.502647340297699,0.5005470514297485,-0.03489842265844345,0.999826192855835,0.46874865889549255,0.5208839178085327,0.0346747487783432,0.9998290538787842,0.4660215973854065,0.5946970582008362,-0.19803278148174286,0.9238189458847046,0.44747382402420044,0.6661685705184937,-0.13037803769111633,0.7175560593605042,0.46573060750961304,0.7746935486793518,-0.2686651945114136,0.7087999582290649,0.44983038306236267,0.841911256313324,-0.23654332756996155,0.8000662326812744,0.4417402744293213,0.7728167176246643,-0.3615974485874176,0.8146349787712097,0.4134437143802643,0.8770065307617188,-0.3268749415874481,0.8469352126121521
227,7.566666666666666,0.43105530738830566,0.2723185122013092,-0.010560517199337482,0.9994242191314697,0.46928876638412476,0.31459537148475647,0.015908928588032722,0.9998646378517151,0.4160115122795105,0.3684462308883667,0.10270418971776962,0.9998608231544495,0.4446820318698883,0.28560104966163635,-0.08276741206645966,0.8949189186096191,0.4204656481742859,0.46796515583992004,0.02305413968861103,0.5597344636917114,0.41865071654319763,0.19450677931308746,-0.17558209598064423,0.9197646379470825,0.4263891577720642,0.4834524691104889,-0.12766626477241516,0.8154234886169434,0.49999529123306274,0.5044610500335693,-0.03494078665971756,0.9998345375061035,0.465437650680542,0.5265082716941833,0.03471316769719124,0.9998399019241333,0.46804308891296387,0.6028064489364624,-0.20196738839149475,0.9288384318351746,0.4469159245491028,0.674312174320221,-0.07841534912586212,0.7314456105232239,0.46589094400405884,0.7705469727516174,-0.25046107172966003,0.7235326766967773,0.4498206079006195,0.84181809425354,-0.1318134367465973,0.8065823912620544,0.4405554234981537,0.7571674585342407,-0.3321954905986786,0.8248208165168762,0.41333460807800293,0.8770003318786621,-0.20876654982566833,0.8513816595077515
228,7.6,0.4306364059448242,0.2757726311683655,0.0010887293610721827,0.9994779825210571,0.469268262386322,0.31815996766090393,0.025052199140191078,0.9998728632926941,0.41557979583740234,0.3692825734615326,0.10480288416147232,0.9998728036880493,0.4446832239627838,0.28721487522125244,-0.08246570080518723,0.9020270705223083,0.41835126280784607,0.4674932658672333,0.035656560212373734,0.5950447916984558,0.4182656705379486,0.1989203542470932,-0.16929998993873596,0.9264739155769348,0.4245787560939789,0.49089083075523376,-0.10189610719680786,0.8322294354438782,0.49844637513160706,0.5046511888504028,-0.033509861677885056,0.9998434782028198,0.4642416834831238,0.5258587598800659,0.033264581114053726,0.9998506903648376,0.4694567620754242,0.6067388653755188,-0.20142881572246552,0.9327563643455505,0.4463595747947693,0.6781342029571533,-0.08413263410329819,0.7449237108230591,0.4658551812171936,0.7689772844314575,-0.23766526579856873,0.7322282195091248,0.450068861246109,0.8419719338417053,-0.1497189700603485,0.8112044334411621,0.4403633177280426,0.7478272318840027,-0.3175601065158844,0.8306570649147034,0.41323548555374146,0.8771932125091553,-0.2307790070772171,0.8537983298301697
229,7.633333333333334,0.4302378296852112,0.2759842872619629,-0.0011190499644726515,0.9995248317718506,0.4691217839717865,0.3189552426338196,0.016707366332411766,0.9998802542686462,0.4152146875858307,0.37005457282066345,0.10077563673257828,0.9998827576637268,0.44363656640052795,0.2873627841472626,-0.08105409145355225,0.9084029793739319,0.41816943883895874,0.46664369106292725,0.028773311525583267,0.6225386261940002,0.4179559350013733,0.19942989945411682,-0.1732623279094696,0.9324260354042053,0.4239582121372223,0.49203580617904663,-0.11333940178155899,0.8457660675048828,0.4974452555179596,0.5054781436920166,-0.03351355344057083,0.9998515844345093,0.46315112709999084,0.5256404280662537,0.03326864913105965,0.9998598098754883,0.4701858460903168,0.607825517654419,-0.20330503582954407,0.9365704655647278,0.4461440443992615,0.6814430952072144,-0.07469428330659866,0.755483090877533,0.46558862924575806,0.766693115234375,-0.23103828728199005,0.7413803935050964,0.4502907395362854,0.8419795632362366,-0.12862610816955566,0.8161894679069519,0.4400567412376404,0.7416262030601501,-0.3107522428035736,0.8371157050132751,0.41352707147598267,0.8773900270462036,-0.2095632255077362,0.8569382429122925
230,7.666666666666667,0.4299629330635071,0.2761816084384918,-0.0003752363263629377,0.9995689988136292,0.46879395842552185,0.3211617171764374,0.021381128579378128,0.9998871684074402,0.41440778970718384,0.372181236743927,0.10085432231426239,0.9998920559883118,0.4436398446559906,0.2850179970264435,-0.06645973026752472,0.9130539298057556,0.41831478476524353,0.46675699949264526,0.0251526590436697,0.6464453935623169,0.4178481698036194,0.19912217557430267,-0.16100117564201355,0.9370935559272766,0.4241901934146881,0.4939035177230835,-0.12159772962331772,0.8583278059959412,0.49699896574020386,0.5059471130371094,-0.033474285155534744,0.9998592138290405,0.4627797603607178,0.5272879600524902,0.033227670937776566,0.9998682141304016,0.4702734351158142,0.6059756875038147,-0.21462325751781464,0.9398036599159241,0.4460921287536621,0.6832379698753357,-0.08057279884815216,0.7605674862861633,0.465667188167572,0.7615712285041809,-0.24617698788642883,0.749276876449585,0.4504202902317047,0.8416690230369568,-0.1439640372991562,0.8173118233680725,0.4394761621952057,0.7369615435600281,-0.31262004375457764,0.8433201313018799,0.4137229919433594,0.8772780299186707,-0.22525227069854736,0.8580865263938904
231,7.7,0.42929011583328247,0.276982843875885,-0.0017389903077855706,0.9996048212051392,0.46856197714805603,0.3222769498825073,0.020076051354408264,0.999891459941864,0.414329469203949,0.3729816973209381,0.10105017572641373,0.9998995065689087,0.44362106919288635,0.28554487228393555,-0.07258235663175583,0.9172743558883667,0.4186418950557709,0.4667026102542877,0.026152491569519043,0.668168842792511,0.41773152351379395,0.19961097836494446,-0.16536730527877808,0.9414793848991394,0.424163281917572,0.49264246225357056,-0.12100660800933838,0.869585394859314,0.49656742811203003,0.5061424374580383,-0.033448442816734314,0.9998651742935181,0.46278294920921326,0.5270785689353943,0.0332011841237545,0.9998754262924194,0.4702932834625244,0.6095730662345886,-0.19994325935840607,0.9411991238594055,0.44543105363845825,0.6834936738014221,-0.08421510457992554,0.7681804299354553,0.46573057770729065,0.7618861794471741,-0.21156199276447296,0.7510786056518555,0.450418084859848,0.8417329788208008,-0.1427014023065567,0.8215712308883667,0.4395924508571625,0.7390689253807068,-0.28786689043045044,0.8437711596488953,0.41372156143188477,0.8772752285003662,-0.22490830719470978,0.8601654171943665
232,7.733333333333333,0.42934927344322205,0.2764005959033966,-0.0037890032399445772,0.9996376037597656,0.4682016968727112,0.3231861889362335,0.01571723446249962,0.9998952746391296,0.41421064734458923,0.3728882670402527,0.09723800420761108,0.9999064803123474,0.4433555603027344,0.2841555178165436,-0.07288136333227158,0.9207908511161804,0.41879430413246155,0.4645840525627136,0.024942273274064064,0.6881490349769592,0.41759222745895386,0.1994665116071701,-0.1614718735218048,0.9451490044593811,0.423724889755249,0.49180060625076294,-0.11625275760889053,0.8794309496879578,0.49643605947494507,0.5062930583953857,-0.03339418023824692,0.9998721480369568,0.46298202872276306,0.5268657207489014,0.03314501419663429,0.9998829960823059,0.4703761637210846,0.6096678972244263,-0.19744673371315002,0.9431177377700806,0.44508934020996094,0.6841978430747986,-0.0776737630367279,0.7743324041366577,0.4653235077857971,0.761799693107605,-0.21661388874053955,0.7557523846626282,0.4503095746040344,0.8420701622962952,-0.13766780495643616,0.8255370855331421,0.4397176206111908,0.7420719861984253,-0.2934778034687042,0.8472074866294861,0.41365233063697815,0.8772054314613342,-0.21825233101844788,0.8627517819404602
233,7.766666666666667,0.42935919761657715,0.27597206830978394,-0.0035445329267531633,0.9996678829193115,0.46809667348861694,0.32370278239250183,0.014313054271042347,0.9998977780342102,0.4141755700111389,0.37268689274787903,0.09772927314043045,0.9999126195907593,0.44287610054016113,0.28290078043937683,-0.07392212748527527,0.9243122339248657,0.4187963604927063,0.46149808168411255,0.028934672474861145,0.7050986289978027,0.4173916280269623,0.19921503961086273,-0.15973114967346191,0.9484206438064575,0.42364341020584106,0.4920911192893982,-0.11042894423007965,0.8880056738853455,0.4964222013950348,0.5064194798469543,-0.03387700021266937,0.9998786449432373,0.4631284773349762,0.5266819596290588,0.03362752124667168,0.9998900294303894,0.4703681468963623,0.6109039187431335,-0.19156211614608765,0.9451143741607666,0.4447728991508484,0.6848263740539551,-0.07475925981998444,0.7805001139640808,0.4649727940559387,0.763794481754303,-0.2194187194108963,0.763660728931427,0.4502254128456116,0.8421847820281982,-0.13510021567344666,0.8288815021514893,0.4397980570793152,0.7440394759178162,-0.2981921136379242,0.8526983857154846,0.4135763645172119,0.8772991895675659,-0.21379339694976807,0.8654462099075317
234,7.8,0.4293917715549469,0.2757754325866699,-0.007535574492067099,0.9996926784515381,0.468034029006958,0.3243483304977417,0.00988160353153944,0.9998987317085266,0.41391080617904663,0.3725642263889313,0.09420479834079742,0.9999178647994995,0.4430660307407379,0.28288164734840393,-0.07918636500835419,0.926609456539154,0.41869840025901794,0.4616164267063141,0.027426239103078842,0.7208572030067444,0.41737204790115356,0.19984886050224304,-0.1663491576910019,0.9509899020195007,0.42382240295410156,0.4930155873298645,-0.11505988985300064,0.8961829543113708,0.4963010251522064,0.5065795183181763,-0.0338439978659153,0.9998841285705566,0.46308159828186035,0.526561975479126,0.03359396383166313,0.9998961687088013,0.4703750014305115,0.6113778948783875,-0.19161638617515564,0.9469761848449707,0.4445056915283203,0.685218870639801,-0.07242061197757721,0.7870153784751892,0.4647250771522522,0.7636222243309021,-0.21381902694702148,0.7700833082199097,0.4501280188560486,0.8421887159347534,-0.1300971359014511,0.8334610462188721,0.43985533714294434,0.7451761960983276,-0.2892085015773773,0.8566867709159851,0.413419634103775,0.8775480389595032,-0.20755040645599365,0.8681721091270447
235,7.833333333333333,0.42938151955604553,0.27551978826522827,-0.012516781687736511,0.9997203946113586,0.4679594039916992,0.3243354260921478,0.01022141519933939,0.9999023675918579,0.4137248992919922,0.37270161509513855,0.09283564984798431,0.9999234080314636,0.443077027797699,0.28331467509269714,-0.08108777552843094,0.9294281005859375,0.41854971647262573,0.4622993469238281,0.02095915749669075,0.7361994385719299,0.41738033294677734,0.19987240433692932,-0.17354032397270203,0.953850269317627,0.4239538311958313,0.4934892952442169,-0.12026357650756836,0.9036499857902527,0.4964006841182709,0.5065571069717407,-0.033714570105075836,0.9998894333839417,0.46306872367858887,0.5265007615089417,0.0334637388586998,0.9999018311500549,0.47044554352760315,0.6106992363929749,-0.21062199771404266,0.9500769376754761,0.4444305896759033,0.6850839257240295,-0.07663772255182266,0.7955687046051025,0.4590696692466736,0.7484168410301208,-0.2509691119194031,0.7813286185264587,0.4501258432865143,0.8422093987464905,-0.1390983760356903,0.8392003774642944,0.43955668807029724,0.736845850944519,-0.33351975679397583,0.8644281029701233,0.41344261169433594,0.8782788515090942,-0.21963028609752655,0.872589647769928
236,7.866666666666666,0.42936891317367554,0.275451123714447,-0.014865736477077007,0.9997460246086121,0.46792083978652954,0.32435914874076843,0.010217159986495972,0.999906599521637,0.41351422667503357,0.3727579712867737,0.09299127757549286,0.9999286532402039,0.44308701157569885,0.2841409146785736,-0.08591090142726898,0.9327778816223145,0.4185085892677307,0.4625309705734253,0.018581757321953773,0.7505433559417725,0.41738128662109375,0.2001686543226242,-0.1859094202518463,0.9567850232124329,0.42404985427856445,0.49381357431411743,-0.12450700998306274,0.9105541706085205,0.49647030234336853,0.506519079208374,-0.03370734304189682,0.9998942017555237,0.46307381987571716,0.5264403223991394,0.03345630690455437,0.9999068975448608,0.47048258781433105,0.6102148294448853,-0.2177322655916214,0.9530715346336365,0.4444252848625183,0.6846315860748291,-0.07909554988145828,0.804181694984436,0.4568987488746643,0.7342974543571472,-0.26700812578201294,0.792140007019043,0.4501228928565979,0.8422102332115173,-0.14491373300552368,0.8450318574905396,0.43928247690200806,0.7334181070327759,-0.3527672588825226,0.8720319867134094,0.41351595520973206,0.8786211609840393,-0.2300795316696167,0.8773810863494873
237,7.9,0.429276704788208,0.2754720449447632,-0.01485997624695301,0.9997674226760864,0.46792155504226685,0.32473650574684143,0.010624734684824944,0.9999088644981384,0.4133400321006775,0.3729664981365204,0.09249714016914368,0.9999330043792725,0.44307422637939453,0.2841494381427765,-0.08610686659812927,0.934768795967102,0.4184367060661316,0.46264731884002686,0.015590337105095387,0.7625621557235718,0.41734108328819275,0.1999778151512146,-0.18517562747001648,0.958832859992981,0.424114853143692,0.4940032958984375,-0.12920500338077545,0.9166756272315979,0.4965040683746338,0.5064771175384521,-0.03355777636170387,0.9998980164527893,0.4629361629486084,0.5263895392417908,0.03330541029572487,0.9999112486839294,0.4704771935939789,0.6098781824111938,-0.21744176745414734,0.955451250076294,0.44433408975601196,0.6850054264068604,-0.07813099026679993,0.8106130957603455,0.457510769367218,0.7440277338027954,-0.26169610023498535,0.8004885911941528,0.45011916756629944,0.8422937989234924,-0.14335417747497559,0.8497088551521301,0.4390905797481537,0.733024537563324,-0.3459829092025757,0.8776705265045166,0.4136190414428711,0.8790357112884521,-0.2266407459974289,0.8806861639022827
238,7.933333333333334,0.42922383546829224,0.27563366293907166,-0.014316221699118614,0.9997868537902832,0.46791115403175354,0.3253020644187927,0.011473195627331734,0.9999109506607056,0.413252055644989,0.37321460247039795,0.092728391289711,0.9999367594718933,0.44300803542137146,0.2839038074016571,-0.08442260324954987,0.9360145926475525,0.4184209704399109,0.462686151266098,0.015032698400318623,0.7727758884429932,0.41730666160583496,0.19968153536319733,-0.17902979254722595,0.9604682922363281,0.42416197061538696,0.49404236674308777,-0.1299225389957428,0.921870768070221,0.49650412797927856,0.5064471960067749,-0.03336836397647858,0.9999014139175415,0.46286287903785706,0.5263475179672241,0.033111780881881714,0.9999150037765503,0.47049134969711304,0.60965895652771,-0.22260788083076477,0.9574697017669678,0.44422492384910583,0.6853745579719543,-0.07589839398860931,0.8141323924064636,0.45803841948509216,0.7474060654640198,-0.26637277007102966,0.8074945211410522,0.4501153826713562,0.8423283100128174,-0.13567788898944855,0.8524466156959534,0.4389978349208832,0.7331113815307617,-0.3520070016384125,0.8824037909507751,0.41377535462379456,0.8793696761131287,-0.2181025743484497,0.8823792338371277
239,7.966666666666667,0.4292324185371399,0.2883959710597992,-0.12220535427331924,0.9997966885566711,0.4682686924934387,0.3279153108596802,-0.0844111442565918,0.9998978972434998,0.413062185049057,0.37444868683815,0.01807272434234619,0.9999377131462097,0.44426995515823364,0.31530994176864624,-0.22197774052619934,0.9372344613075256,0.41835546493530273,0.4656186103820801,-0.01276059914380312,0.7876692414283752,0.4219916760921478,0.24473673105239868,-0.34997981786727905,0.9594735503196716,0.4241924285888672,0.5277513861656189,-0.11121048778295517,0.9270488023757935,0.49447935819625854,0.5124568343162537,-0.03334095701575279,0.999901533126831,0.45874613523483276,0.5291077494621277,0.0330868735909462,0.9999182224273682,0.4755416810512543,0.6207087635993958,-0.221044659614563,0.9599329233169556,0.4409915804862976,0.6808385252952576,-0.06538547575473785,0.8257352709770203,0.45049914717674255,0.7340145707130432,-0.19822214543819427,0.8169884085655212,0.450223445892334,0.8382018804550171,-0.062140364199876785,0.8616850972175598,0.43331894278526306,0.7335700988769531,-0.2825031876564026,0.8868378400802612,0.4156944751739502,0.8779356479644775,-0.14971110224723816,0.8876383304595947
240,8.0,0.42901721596717834,0.28979477286338806,-0.08091109246015549,0.9998078346252441,0.4689244329929352,0.33195754885673523,-0.056944847106933594,0.9998921155929565,0.41307204961776733,0.3757684826850891,0.052020810544490814,0.9999366998672485,0.44564691185951233,0.3225620687007904,-0.1936817467212677,0.9397376179695129,0.41836732625961304,0.4677288830280304,-0.0018831398338079453,0.7860910892486572,0.42377328872680664,0.24796245992183685,-0.31279945373535156,0.9591053128242493,0.4249427318572998,0.5365142226219177,-0.08763934671878815,0.9192783236503601,0.49326953291893005,0.5157228112220764,-0.03517533466219902,0.9999046921730042,0.4575277268886566,0.5308213829994202,0.03492443636059761,0.9999217987060547,0.4770198464393616,0.6231842637062073,-0.24527466297149658,0.9623529314994812,0.4404667019844055,0.6808602809906006,-0.06098717451095581,0.8333334922790527,0.4500356614589691,0.7304427027702332,-0.2450026571750641,0.8257374167442322,0.45033907890319824,0.8381145000457764,-0.06623990088701248,0.8689581751823425,0.4311227798461914,0.7321574091911316,-0.3423748314380646,0.8918972015380859,0.4158218801021576,0.8769890069961548,-0.15658673644065857,0.8913145661354065
241,8.033333333333333,0.429039865732193,0.290436327457428,-0.09170030802488327,0.9998195171356201,0.46934860944747925,0.3348786532878876,-0.0622996985912323,0.999891459941864,0.41308069229125977,0.3775731921195984,0.05233889818191528,0.9999374747276306,0.4466727674007416,0.324325829744339,-0.20633792877197266,0.9434413909912109,0.4184926152229309,0.4709772765636444,0.0065520815551280975,0.7892651557922363,0.4240379333496094,0.24677234888076782,-0.3378846347332001,0.9607586860656738,0.4254985749721527,0.5385916233062744,-0.08104868233203888,0.917989194393158,0.4924585223197937,0.5167209506034851,-0.03630565479397774,0.9999058246612549,0.4567635655403137,0.5328176021575928,0.03604818880558014,0.9999239444732666,0.4771351218223572,0.6226101517677307,-0.2662217617034912,0.964234471321106,0.4396653175354004,0.6829083561897278,-0.06591704487800598,0.8397623300552368,0.44785794615745544,0.7307957410812378,-0.29486969113349915,0.8310965895652771,0.4503377079963684,0.838032603263855,-0.0790427103638649,0.8752505779266357,0.42946988344192505,0.7261238694190979,-0.3981199860572815,0.8964962959289551,0.41543644666671753,0.8770118951797485,-0.1740725189447403,0.8944831490516663
242,8.066666666666666,0.42851051688194275,0.29063981771469116,-0.07970951497554779,0.9998354911804199,0.46957388520240784,0.33596864342689514,-0.05692290514707565,0.9998932480812073,0.4131805896759033,0.3783087432384491,0.05284704640507698,0.9999397397041321,0.4483427107334137,0.3270122706890106,-0.21083636581897736,0.9482851624488831,0.4185042977333069,0.47200682759284973,0.011596263386309147,0.7916444540023804,0.42439064383506775,0.2514389157295227,-0.3438069224357605,0.9634460210800171,0.4258192181587219,0.5376220345497131,-0.09425302594900131,0.9184324741363525,0.4920385479927063,0.5171155333518982,-0.04093639552593231,0.9999099373817444,0.4564112722873688,0.5338518619537354,0.04068516939878464,0.9999281764030457,0.47675877809524536,0.621366560459137,-0.28893396258354187,0.9671056866645813,0.4395825266838074,0.6848784685134888,-0.060252148658037186,0.8515074253082275,0.44884395599365234,0.727893054485321,-0.35617029666900635,0.8426375985145569,0.4502738416194916,0.8381634950637817,-0.06329858303070068,0.8859142661094666,0.4280381202697754,0.7228891253471375,-0.46776875853538513,0.905354917049408,0.4146873950958252,0.8770239353179932,-0.1628074198961258,0.9027183651924133
243,8.1,0.42812758684158325,0.29146483540534973,-0.07083185762166977,0.9998505711555481,0.469757080078125,0.3375305235385895,-0.049307387322187424,0.9998978972434998,0.41339802742004395,0.37920668721199036,0.06955727934837341,0.9999432563781738,0.4485090374946594,0.3250657320022583,-0.20232239365577698,0.9527280926704407,0.41871246695518494,0.4737187623977661,0.0234391987323761,0.7954221963882446,0.4240148663520813,0.25048744678497314,-0.3387111723423004,0.9662076234817505,0.4260726869106293,0.5383644104003906,-0.09012153744697571,0.9216369390487671,0.49164557456970215,0.5171054601669312,-0.042848847806453705,0.9999133348464966,0.45609036087989807,0.5337592363357544,0.04258782044053078,0.9999318718910217,0.4768404960632324,0.6207879185676575,-0.2966325581073761,0.9696667790412903,0.4395535886287689,0.6853827834129333,-0.06305888295173645,0.8620693683624268,0.449179083108902,0.7255401611328125,-0.40361538529396057,0.8541164398193359,0.450247585773468,0.8380807638168335,-0.07655049860477448,0.8955001831054688,0.4291015565395355,0.721520721912384,-0.5244566202163696,0.9139257073402405,0.4137842059135437,0.8770362734794617,-0.1754075139760971,0.9104436635971069
244,8.133333333333333,0.4281805157661438,0.2922227382659912,-0.0687347948551178,0.999864399433136,0.46976274251937866,0.3374151587486267,-0.0442337766289711,0.999901294708252,0.4135974943637848,0.37973645329475403,0.07273241877555847,0.9999471306800842,0.4503655433654785,0.3268568515777588,-0.192289799451828,0.9564616680145264,0.41902828216552734,0.47420501708984375,0.023552875965833664,0.8044167757034302,0.42411670088768005,0.253107488155365,-0.32347550988197327,0.9682801365852356,0.42625364661216736,0.5375444889068604,-0.09143269062042236,0.9268836379051208,0.4914399981498718,0.5167022347450256,-0.04275566712021828,0.9999157190322876,0.45601263642311096,0.5334784388542175,0.042487986385822296,0.9999353885650635,0.47668442130088806,0.6205621361732483,-0.29619264602661133,0.9717238545417786,0.439692884683609,0.6847338080406189,-0.06921231746673584,0.8710299730300903,0.449268102645874,0.7254284620285034,-0.4219513535499573,0.8633013963699341,0.4502452313899994,0.8381133079528809,-0.07855463027954102,0.9035980701446533,0.42848530411720276,0.7142624855041504,-0.544611394405365,0.9214032292366028,0.4131597578525543,0.8769932985305786,-0.19178730249404907,0.9168842434883118
245,8.166666666666666,0.42820367217063904,0.29268643260002136,-0.08429335057735443,0.9998770356178284,0.46981701254844666,0.3373996615409851,-0.05531628802418709,0.9999055862426758,0.4136574864387512,0.3797832429409027,0.0689813569188118,0.9999507069587708,0.4503304362297058,0.3270922303199768,-0.20853933691978455,0.9599196314811707,0.41913682222366333,0.4741502106189728,0.022983143106102943,0.8131858706474304,0.42395344376564026,0.2523116171360016,-0.3493717610836029,0.9704528450965881,0.4262978136539459,0.5367169976234436,-0.09298477321863174,0.931317150592804,0.49136632680892944,0.5166575908660889,-0.04289007931947708,0.9999176263809204,0.45587047934532166,0.5333269834518433,0.042619768530130386,0.9999383091926575,0.4765845835208893,0.6198606491088867,-0.29216015338897705,0.9733525514602661,0.43978723883628845,0.6841456890106201,-0.07031399011611938,0.878290593624115,0.448741614818573,0.7253498435020447,-0.4082523286342621,0.8707274198532104,0.4502429962158203,0.838135838508606,-0.08221827447414398,0.9104439616203308,0.427847295999527,0.7103525400161743,-0.5308920741081238,0.9278184175491333,0.4128154218196869,0.877001941204071,-0.1982240229845047,0.9222131371498108
246,8.2,0.4282165467739105,0.2928250730037689,-0.09186165034770966,0.9998884797096252,0.46992048621177673,0.33744966983795166,-0.06120076775550842,0.9999092221260071,0.4136759638786316,0.379791259765625,0.06659101694822311,0.9999539256095886,0.4504152238368988,0.3278586268424988,-0.21547894179821014,0.9629852771759033,0.4192062020301819,0.47402021288871765,0.021530969068408012,0.8210437297821045,0.4239562451839447,0.2525232136249542,-0.35953429341316223,0.9723718762397766,0.4263013005256653,0.5355753302574158,-0.09746057540178299,0.9355471134185791,0.49129992723464966,0.5171591639518738,-0.04396684095263481,0.9999194145202637,0.45569467544555664,0.5337761640548706,0.04369136691093445,0.9999409914016724,0.4765005111694336,0.6194015741348267,-0.2943912744522095,0.9750168919563293,0.4397938847541809,0.6864743828773499,-0.0660518929362297,0.8855409026145935,0.448555052280426,0.7242583632469177,-0.41214531660079956,0.878567099571228,0.45020952820777893,0.8385193943977356,-0.08294329792261124,0.9171286225318909,0.4276178777217865,0.7090391516685486,-0.5357083678245544,0.9339283108711243,0.4123629033565521,0.8771628737449646,-0.18804648518562317,0.9275147914886475
247,8.233333333333333,0.4282239079475403,0.2924852967262268,-0.1022883877158165,0.9998987913131714,0.46993550658226013,0.33754390478134155,-0.06929658353328705,0.9999129772186279,0.41368693113327026,0.37997323274612427,0.05941452831029892,0.9999566674232483,0.45023173093795776,0.3265029788017273,-0.22385796904563904,0.9658768177032471,0.4193321168422699,0.47407710552215576,0.012170515954494476,0.8287678360939026,0.4239126145839691,0.2510680854320526,-0.37058985233306885,0.974311113357544,0.4263685345649719,0.5351412296295166,-0.11078288406133652,0.9394757747650146,0.49135875701904297,0.5173574090003967,-0.04464282840490341,0.9999200105667114,0.45567774772644043,0.5345221757888794,0.04436738044023514,0.9999426007270813,0.47641807794570923,0.6190611720085144,-0.2953179180622101,0.9764061570167542,0.4398285746574402,0.6866999864578247,-0.06678153574466705,0.8912654519081116,0.44886866211891174,0.7241510152816772,-0.40854817628860474,0.884689450263977,0.45013314485549927,0.8387669324874878,-0.0877237543463707,0.9225494265556335,0.4278019070625305,0.7112423181533813,-0.5311945676803589,0.9391854405403137,0.4123780131340027,0.8765865564346313,-0.18938004970550537,0.9319064617156982
248,8.266666666666667,0.42807650566101074,0.29214927554130554,-0.10510934889316559,0.999907910823822,0.46993350982666016,0.33746880292892456,-0.07536985725164413,0.9999158382415771,0.4137346148490906,0.3800126910209656,0.05429285019636154,0.9999585747718811,0.4499627947807312,0.32498592138290405,-0.23255415260791779,0.9684669375419617,0.4194076657295227,0.4740225374698639,0.0074724904261529446,0.8339970707893372,0.42403656244277954,0.24973513185977936,-0.38104894757270813,0.9759493470191956,0.4264066219329834,0.5347654223442078,-0.11281454563140869,0.9421412944793701,0.49141740798950195,0.5178508162498474,-0.044903967529535294,0.9999210834503174,0.4556660056114197,0.5351466536521912,0.0446321927011013,0.9999442100524902,0.47638139128685,0.6187429428100586,-0.2949691712856293,0.977748692035675,0.4398668706417084,0.6868266463279724,-0.06703545153141022,0.8969472050666809,0.449011892080307,0.7238284349441528,-0.40621066093444824,0.8904850482940674,0.44993796944618225,0.8387978672981262,-0.09232732653617859,0.9276106357574463,0.42760133743286133,0.7108850479125977,-0.5285952091217041,0.9439815878868103,0.41233310103416443,0.876143753528595,-0.1966249644756317,0.9361059665679932
249,8.3,0.4280646741390228,0.292032390832901,-0.10441157966852188,0.9999157190322876,0.46989965438842773,0.3373095691204071,-0.07581931352615356,0.9999176263809204,0.41390761733055115,0.379975289106369,0.0550706684589386,0.9999594688415527,0.44918695092201233,0.3240818679332733,-0.23385712504386902,0.9708249568939209,0.4194994866847992,0.4739558696746826,0.00802570953965187,0.8344403505325317,0.42399564385414124,0.24885664880275726,-0.38209086656570435,0.9773285388946533,0.4264308512210846,0.5346570014953613,-0.11154158413410187,0.9418889880180359,0.4914628565311432,0.5181928277015686,-0.04503588378429413,0.9999222159385681,0.45569151639938354,0.5352661609649658,0.044767752289772034,0.9999454617500305,0.47630494832992554,0.6193348169326782,-0.2966631054878235,0.9787423014640808,0.4398757815361023,0.6869810819625854,-0.06996339559555054,0.9010629057884216,0.4489397406578064,0.7242068648338318,-0.3986915349960327,0.8940017819404602,0.4497079849243164,0.8388184309005737,-0.09688590466976166,0.9317582249641418,0.4276043772697449,0.7116438746452332,-0.5212300419807434,0.947824239730835,0.41231903433799744,0.8759041428565979,-0.20328101515769958,0.9394426941871643
250,8.333333333333334,0.42807435989379883,0.29169026017189026,-0.09756311029195786,0.999922513961792,0.4698346257209778,0.33719921112060547,-0.07003761827945709,0.9999183416366577,0.41405588388442993,0.37994101643562317,0.057680197060108185,0.9999600648880005,0.44899001717567444,0.3235182762145996,-0.22391679883003235,0.972922682762146,0.419626384973526,0.47389328479766846,0.0088550616055727,0.8344851136207581,0.42396408319473267,0.24849063158035278,-0.3647461533546448,0.9783549308776855,0.4265329837799072,0.5348093509674072,-0.11121417582035065,0.9411953091621399,0.49146348237991333,0.5183578729629517,-0.0449080616235733,0.9999239444732666,0.45567822456359863,0.5352022647857666,0.04464223235845566,0.9999471306800842,0.47615256905555725,0.6200011968612671,-0.296638548374176,0.9797101616859436,0.43988505005836487,0.6869212985038757,-0.0765240490436554,0.9051966071128845,0.44880834221839905,0.7246736884117126,-0.3968142867088318,0.8972193598747253,0.44956403970718384,0.838754415512085,-0.10850079357624054,0.935709536075592,0.42746061086654663,0.7120258808135986,-0.5182911157608032,0.9512282013893127,0.41229209303855896,0.8757311701774597,-0.21454516053199768,0.9426172971725464
251,8.366666666666667,0.428070604801178,0.2915416359901428,-0.0972423329949379,0.9999281764030457,0.46983227133750916,0.33736103773117065,-0.06921030580997467,0.9999180436134338,0.41414886713027954,0.37992003560066223,0.058592528104782104,0.9999601244926453,0.448734849691391,0.3231414258480072,-0.22064527869224548,0.9745583534240723,0.41966691613197327,0.4738585650920868,0.009321857243776321,0.8322442770004272,0.4239415228366852,0.2481132298707962,-0.35748255252838135,0.9789044260978699,0.4265880584716797,0.5352413654327393,-0.10789606720209122,0.938714861869812,0.49142366647720337,0.5185009241104126,-0.04470726475119591,0.999924898147583,0.4556606411933899,0.535139262676239,0.04444228112697601,0.999948263168335,0.47604504227638245,0.6203238368034363,-0.2929726243019104,0.9800697565078735,0.43990105390548706,0.686352014541626,-0.0840628370642662,0.907207190990448,0.4487403929233551,0.7257290482521057,-0.3910134434700012,0.8982416987419128,0.44953179359436035,0.8384784460067749,-0.12547266483306885,0.938273549079895,0.4272739887237549,0.7117911577224731,-0.5119927525520325,0.9535493850708008,0.4122624397277832,0.8755481243133545,-0.23233504593372345,0.9446259140968323
252,8.4,0.4280642569065094,0.29138821363449097,-0.10117308795452118,0.9999330639839172,0.46983033418655396,0.33743181824684143,-0.07184747606515884,0.9999185800552368,0.41417989134788513,0.3799860179424286,0.05659432336688042,0.9999601244926453,0.448722779750824,0.3231987953186035,-0.22356462478637695,0.9763420224189758,0.41984647512435913,0.47398123145103455,0.00933954305946827,0.8326015472412109,0.4238564372062683,0.2480418086051941,-0.3621695637702942,0.9799245595932007,0.42668837308883667,0.5359938144683838,-0.10730250179767609,0.9380152821540833,0.4914168417453766,0.5185871720314026,-0.044556356966495514,0.9999253749847412,0.45568832755088806,0.535090446472168,0.04429229348897934,0.999949038028717,0.47593849897384644,0.6207722425460815,-0.292005717754364,0.9807121157646179,0.4398816227912903,0.6859946250915527,-0.08402475714683533,0.9106445908546448,0.4486963748931885,0.7266413569450378,-0.3880038559436798,0.8994199633598328,0.44953012466430664,0.8383961319923401,-0.12020623683929443,0.9413445591926575,0.4271782338619232,0.7117046117782593,-0.5054050087928772,0.9556978940963745,0.412182092666626,0.8754994869232178,-0.22660139203071594,0.9469664692878723
253,8.433333333333334,0.4290810525417328,0.29171624779701233,-0.10115544497966766,0.9999187588691711,0.470024973154068,0.34362348914146423,-0.07435426861047745,0.9998957514762878,0.41413888335227966,0.3853561282157898,0.0567699559032917,0.9999586939811707,0.4527348577976227,0.34543880820274353,-0.2208794802427292,0.962134599685669,0.42076748609542847,0.4889775514602661,0.01701209880411625,0.8249927163124084,0.429257869720459,0.3016822040081024,-0.3601418137550354,0.9589266777038574,0.42534059286117554,0.5718428492546082,-0.08370628952980042,0.9361457228660583,0.48853951692581177,0.5315802693367004,-0.04646456241607666,0.9999288320541382,0.4531697630882263,0.5433736443519592,0.0461994968354702,0.9999518990516663,0.4757908880710602,0.6323087811470032,-0.29244741797447205,0.9781935214996338,0.4396671652793884,0.6983916163444519,-0.030364934355020523,0.8824295401573181,0.44702988862991333,0.7305707335472107,-0.2411796599626541,0.8797827363014221,0.44983378052711487,0.8375838994979858,0.04744870960712433,0.9222880601882935,0.4356362819671631,0.7615505456924438,-0.33331018686294556,0.9366424083709717,0.4133879244327545,0.875602662563324,-0.03142895922064781,0.9239111542701721
254,8.466666666666667,0.42863398790359497,0.2901781499385834,-0.09173424541950226,0.9999058842658997,0.47023215889930725,0.34696877002716064,-0.07717960327863693,0.9998664259910583,0.414278119802475,0.38791102170944214,0.06412466615438461,0.9999572038650513,0.4545935094356537,0.3497028648853302,-0.22291871905326843,0.9535345435142517,0.42173710465431213,0.49323612451553345,0.027629444375634193,0.8133645057678223,0.4306841790676117,0.30767396092414856,-0.3435235023498535,0.9335536956787109,0.4250244200229645,0.5785007476806641,-0.0696549192070961,0.9318357706069946,0.48777952790260315,0.5342007875442505,-0.04928199201822281,0.9999333024024963,0.452094703912735,0.5449815392494202,0.04902813583612442,0.999955415725708,0.47506800293922424,0.6380262970924377,-0.3096213936805725,0.9780581593513489,0.4396011233329773,0.6971110105514526,-0.03261314705014229,0.8719887137413025,0.4457586705684662,0.732458770275116,-0.3006724715232849,0.8759125471115112,0.45042094588279724,0.8362324237823486,0.022565416991710663,0.920658528804779,0.434842050075531,0.7594441771507263,-0.40743952989578247,0.9350701570510864,0.4139469265937805,0.8757919073104858,-0.06913062930107117,0.9201048612594604
255,8.5,0.4278157651424408,0.28936612606048584,-0.07945382595062256,0.9999008774757385,0.470281183719635,0.3483024537563324,-0.07856367528438568,0.999846875667572,0.41438737511634827,0.38940688967704773,0.07486552000045776,0.9999571442604065,0.4566428065299988,0.3504166603088379,-0.23087210953235626,0.948748767375946,0.4222133755683899,0.4941125512123108,0.036346327513456345,0.8052073121070862,0.43279704451560974,0.30992627143859863,-0.3482782244682312,0.9141739010810852,0.424879789352417,0.5799481272697449,-0.06590285152196884,0.9312921166419983,0.4875710904598236,0.5345823764801025,-0.05220480635762215,0.9999375343322754,0.4515449106693268,0.5458055138587952,0.051954396069049835,0.9999587535858154,0.47477513551712036,0.6381387710571289,-0.32356610894203186,0.9783843755722046,0.43929558992385864,0.6958504319190979,-0.0371636226773262,0.8685300946235657,0.4460192322731018,0.738709032535553,-0.3042469620704651,0.8766133785247803,0.45046287775039673,0.8349071145057678,0.014876487664878368,0.9228985905647278,0.43422287702560425,0.7576127052307129,-0.4293246865272522,0.9371362328529358,0.41392555832862854,0.8760462403297424,-0.07987131923437119,0.920668363571167
256,8.533333333333333,0.4279164671897888,0.2895197570323944,-0.08846308290958405,0.9998995661735535,0.4704812467098236,0.3496508002281189,-0.07740873098373413,0.9998246431350708,0.41438812017440796,0.390059232711792,0.07224877923727036,0.9999563097953796,0.4573221802711487,0.35073554515838623,-0.23223242163658142,0.9455749988555908,0.42233872413635254,0.49473464488983154,0.030415397137403488,0.7997942566871643,0.4332525134086609,0.3127557635307312,-0.3565824627876282,0.9016465544700623,0.4249113202095032,0.5814366936683655,-0.07616382092237473,0.9313847422599792,0.48714780807495117,0.5363207459449768,-0.05161169916391373,0.9999407529830933,0.4507543444633484,0.5463113784790039,0.05135764554142952,0.9999614953994751,0.4745834469795227,0.6382090449333191,-0.3205358386039734,0.9786412119865417,0.43910694122314453,0.6951373815536499,-0.03396552801132202,0.8641514778137207,0.4459095001220703,0.739020049571991,-0.32943660020828247,0.8783606886863708,0.4506188929080963,0.832721471786499,0.025583837181329727,0.9247973561286926,0.4341731071472168,0.7548855543136597,-0.4554639756679535,0.940004825592041,0.41696351766586304,0.87604159116745,-0.06826882809400558,0.9214206337928772
257,8.566666666666666,0.4281025826931,0.29077959060668945,-0.07795912027359009,0.9998842477798462,0.47051185369491577,0.35026687383651733,-0.07217924296855927,0.9998070597648621,0.41445526480674744,0.3904961347579956,0.07083190977573395,0.9999573230743408,0.45745348930358887,0.35034412145614624,-0.20994074642658234,0.9312193989753723,0.4223993718624115,0.49560585618019104,0.0349959172308445,0.7978890538215637,0.4334713816642761,0.3121793568134308,-0.31857725977897644,0.8779814839363098,0.4248947203159332,0.5837332606315613,-0.059285394847393036,0.9327242970466614,0.4869542717933655,0.5382885336875916,-0.05114731192588806,0.9999433755874634,0.45051655173301697,0.5465272068977356,0.050887543708086014,0.9999639391899109,0.4740231931209564,0.64848792552948,-0.27673715353012085,0.9735484719276428,0.4386626183986664,0.6954911351203918,-0.03750228136777878,0.8366481065750122,0.44568735361099243,0.7397549748420715,-0.23937268555164337,0.859110414981842,0.45075851678848267,0.8329700231552124,0.010572363622486591,0.9063087701797485,0.4339461326599121,0.7613055109977722,-0.33611372113227844,0.9221270680427551,0.41685009002685547,0.8760359287261963,-0.07516045868396759,0.9022558331489563
258,8.6,0.4275089204311371,0.29088306427001953,-0.08782996982336044,0.9998869299888611,0.4705559313297272,0.3512452244758606,-0.08525146543979645,0.9998044371604919,0.41445350646972656,0.3907713294029236,0.06985554099082947,0.9999581575393677,0.4572920799255371,0.3504329025745392,-0.24794705212116241,0.9299379587173462,0.4224802851676941,0.4964521527290344,0.03151179105043411,0.792140543460846,0.4344261586666107,0.31197646260261536,-0.3802416920661926,0.8696787357330322,0.42489519715309143,0.5849549770355225,-0.06931758671998978,0.9318807125091553,0.486980676651001,0.5378119349479675,-0.0529235303401947,0.9999465346336365,0.4502241015434265,0.5465573072433472,0.052661359310150146,0.9999663829803467,0.4740077555179596,0.6453946232795715,-0.3111191391944885,0.9724876284599304,0.43860507011413574,0.6951566934585571,-0.03438098728656769,0.8276657462120056,0.445035457611084,0.7388359308242798,-0.2718988060951233,0.8515133857727051,0.45075520873069763,0.8327851295471191,0.02029152773320675,0.9062214493751526,0.43365949392318726,0.7556901574134827,-0.39127200841903687,0.9218207001686096,0.41665735840797424,0.8760625123977661,-0.07368214428424835,0.9008513689041138
259,8.633333333333333,0.4283446669578552,0.29217687249183655,-0.10181435197591782,0.9998846054077148,0.4706669747829437,0.35270100831985474,-0.08885975182056427,0.9997946619987488,0.4144548773765564,0.3913401663303375,0.061698444187641144,0.9999579191207886,0.4568570554256439,0.3494584262371063,-0.2539137303829193,0.9305878281593323,0.42253679037094116,0.49687227606773376,0.026906725019216537,0.7902677059173584,0.4337369501590729,0.30646663904190063,-0.393388569355011,0.8675843477249146,0.42481595277786255,0.584868311882019,-0.07331176102161407,0.9332544207572937,0.487074613571167,0.5370948910713196,-0.05221353843808174,0.9999487400054932,0.4501377046108246,0.5462755560874939,0.051950711756944656,0.9999682903289795,0.4740529954433441,0.6437889337539673,-0.3159242570400238,0.9724546074867249,0.43853726983070374,0.6950270533561707,-0.03774111717939377,0.826397180557251,0.4451351761817932,0.7384810447692871,-0.3238386809825897,0.8506501913070679,0.4506632387638092,0.8328776955604553,0.010487234219908714,0.9100017547607422,0.4334809184074402,0.7529838681221008,-0.4424252510070801,0.9241909384727478,0.4166158139705658,0.8763108253479004,-0.08625482022762299,0.9033169746398926
260,8.666666666666666,0.42956024408340454,0.2925732731819153,-0.1132495254278183,0.9998801946640015,0.47079023718833923,0.3528890907764435,-0.08907788246870041,0.9997840523719788,0.41445717215538025,0.39174965023994446,0.04793194308876991,0.9999579787254333,0.4568270146846771,0.34828928112983704,-0.24662458896636963,0.9246583580970764,0.4225473403930664,0.4968971610069275,0.01599964126944542,0.7901602983474731,0.4333258271217346,0.30420181155204773,-0.381049782037735,0.8577166795730591,0.42464691400527954,0.5842186212539673,-0.07459917664527893,0.9341440200805664,0.48715177178382874,0.5369110703468323,-0.050937604159116745,0.9999509453773499,0.45006364583969116,0.5462630987167358,0.05067477747797966,0.9999700784683228,0.4740932881832123,0.6441830396652222,-0.2988830804824829,0.9705710411071777,0.43838128447532654,0.6949160099029541,-0.03994116559624672,0.8122010231018066,0.4450966715812683,0.7382513880729675,-0.26106587052345276,0.8415372967720032,0.45055046677589417,0.8328837752342224,0.006303978152573109,0.9046446681022644,0.4342056214809418,0.7616710066795349,-0.36275407671928406,0.9158132672309875,0.41645699739456177,0.8765205144882202,-0.08671914041042328,0.8970112204551697
261,8.7,0.4302769601345062,0.29294127225875854,-0.11783377826213837,0.9998704791069031,0.4709792733192444,0.35300883650779724,-0.09131033718585968,0.9997708797454834,0.41446036100387573,0.3917696177959442,0.04330398887395859,0.9999576807022095,0.4565528929233551,0.3480919599533081,-0.24562421441078186,0.9184486269950867,0.42256060242652893,0.4966932535171509,0.012088900431990623,0.7894883155822754,0.43311232328414917,0.3040758967399597,-0.3780485987663269,0.8471062183380127,0.42450132966041565,0.5836372971534729,-0.07553396373987198,0.9344178438186646,0.4872063100337982,0.5372791886329651,-0.050225116312503815,0.9999530911445618,0.45003557205200195,0.5464814305305481,0.049964554607868195,0.9999717473983765,0.4739554524421692,0.6463553309440613,-0.2909609377384186,0.969059407711029,0.4382581114768982,0.6951847672462463,-0.03880281746387482,0.7988290786743164,0.4447169899940491,0.7380594611167908,-0.24034321308135986,0.8330883979797363,0.4505224823951721,0.8330370783805847,0.012225174345076084,0.8993105888366699,0.43466687202453613,0.7672860026359558,-0.33797553181648254,0.9065510034561157,0.4163498282432556,0.8766955733299255,-0.07859058678150177,0.8906731605529785
262,8.733333333333333,0.4303973317146301,0.2931745946407318,-0.11902737617492676,0.999862790107727,0.4710443913936615,0.353063702583313,-0.0942508727312088,0.9997603893280029,0.41446128487586975,0.3918382525444031,0.044420428574085236,0.999957263469696,0.4565299451351166,0.34803304076194763,-0.2510823607444763,0.9175102114677429,0.4225546419620514,0.49643194675445557,0.01285136304795742,0.7893996834754944,0.4329940378665924,0.3043096661567688,-0.3875919282436371,0.843948245048523,0.4243372082710266,0.5828312039375305,-0.07630722969770432,0.9350776076316833,0.4872475564479828,0.5375217795372009,-0.050120241940021515,0.999954879283905,0.4500853419303894,0.546902060508728,0.04985952749848366,0.9999732375144958,0.47388607263565063,0.6458697319030762,-0.29140573740005493,0.9688829779624939,0.43821024894714355,0.6954987645149231,-0.035448089241981506,0.7955476641654968,0.4443032145500183,0.7378545999526978,-0.2622240483760834,0.8290723562240601,0.45050048828125,0.8330972194671631,0.01975918933749199,0.9001836180686951,0.4345923066139221,0.7675245404243469,-0.36374109983444214,0.9041550159454346,0.41629558801651,0.876719057559967,-0.07332810014486313,0.8900332450866699
263,8.766666666666667,0.4303775727748871,0.293133020401001,-0.11531399190425873,0.9998501539230347,0.47104543447494507,0.3530258536338806,-0.0942198634147644,0.999745786190033,0.4144781231880188,0.39194297790527344,0.046320732682943344,0.9999562501907349,0.45610469579696655,0.3478465676307678,-0.2514052987098694,0.9159010648727417,0.422549307346344,0.49621421098709106,0.014068198390305042,0.7872350215911865,0.4329013228416443,0.30441680550575256,-0.38640087842941284,0.83839350938797,0.42424243688583374,0.5826729536056519,-0.07626985013484955,0.9347820281982422,0.4872840940952301,0.537660539150238,-0.05002446845173836,0.9999561905860901,0.4501420557498932,0.547215461730957,0.0497647300362587,0.9999744296073914,0.47383278608322144,0.6452458500862122,-0.2931140661239624,0.9678174257278442,0.438136488199234,0.6957927942276001,-0.03559252992272377,0.7894298434257507,0.4443697929382324,0.7392608523368835,-0.2671462893486023,0.8222741484642029,0.4504784941673279,0.8329863548278809,0.01895604096353054,0.8994451761245728,0.4346427023410797,0.768151581287384,-0.3698230981826782,0.9003391861915588,0.41620177030563354,0.876741349697113,-0.07453304529190063,0.8874433636665344
264,8.8,0.4303456246852875,0.2923433482646942,-0.1121254414319992,0.9998193383216858,0.47104477882385254,0.35303425788879395,-0.09217443317174911,0.9997230768203735,0.4145301878452301,0.39198243618011475,0.04675419256091118,0.9999542832374573,0.4557434916496277,0.3476349115371704,-0.2481735497713089,0.9054325222969055,0.4225449562072754,0.49612659215927124,0.014745588414371014,0.7800662517547607,0.43282121419906616,0.3047795593738556,-0.3804267644882202,0.8210114240646362,0.42422589659690857,0.58283931016922,-0.07331536710262299,0.9320017695426941,0.4873000681400299,0.5378811955451965,-0.04961349070072174,0.9999569654464722,0.4501799941062927,0.5474170446395874,0.04935375228524208,0.9999752640724182,0.4734927713871002,0.6471293568611145,-0.28395694494247437,0.9618609547615051,0.4380476474761963,0.6957722306251526,-0.037555158138275146,0.764357328414917,0.44456252455711365,0.7405429482460022,-0.24033884704113007,0.8040266633033752,0.45043545961380005,0.832817018032074,0.012873242609202862,0.8848854899406433,0.4352979063987732,0.7737298011779785,-0.33967703580856323,0.8823860883712769,0.4161303639411926,0.8767433762550354,-0.08117498457431793,0.8717546463012695
265,8.833333333333334,0.43248510360717773,0.29524335265159607,-0.0593629889190197,0.9998270273208618,0.46914321184158325,0.35670438408851624,-0.06454894691705704,0.9997437596321106,0.4174709916114807,0.39247792959213257,0.09326454252004623,0.9999546408653259,0.4559552073478699,0.3756934702396393,-0.187106192111969,0.9041121602058411,0.42242780327796936,0.49699923396110535,0.0705827996134758,0.7563958764076233,0.4302193522453308,0.3653048574924469,-0.29312488436698914,0.8280556201934814,0.42140549421310425,0.5984058976173401,-0.019702743738889694,0.9129922389984131,0.48534488677978516,0.5435417890548706,-0.05068065598607063,0.9999599456787109,0.45020103454589844,0.553548276424408,0.050424493849277496,0.9999765753746033,0.4695886969566345,0.6573814749717712,-0.24358925223350525,0.961613118648529,0.4364931583404541,0.6927626132965088,-0.03936443477869034,0.7585465908050537,0.4484173357486725,0.7907455563545227,-0.20701460540294647,0.8110684156417847,0.45046815276145935,0.8346816897392273,-0.004452199209481478,0.8805315494537354,0.43598270416259766,0.8186434507369995,-0.3019140958786011,0.8818339705467224,0.41607266664505005,0.8765802383422852,-0.08332924544811249,0.867902398109436
266,8.866666666666667,0.432548850774765,0.2966998517513275,-0.07655569911003113,0.9998327493667603,0.4687981605529785,0.3591749370098114,-0.08012273907661438,0.9997600317001343,0.41867461800575256,0.39280882477760315,0.08217501640319824,0.9999562501907349,0.4559095799922943,0.38043394684791565,-0.2043517529964447,0.9046189785003662,0.42233332991600037,0.4977322816848755,0.06472058594226837,0.7535355687141418,0.42893385887145996,0.36928269267082214,-0.30098140239715576,0.8349303603172302,0.4196794033050537,0.6025655269622803,-0.02505408599972725,0.9134416580200195,0.4845060706138611,0.5482835173606873,-0.05341905355453491,0.9999622702598572,0.45010867714881897,0.5585570931434631,0.0531751923263073,0.999977707862854,0.46872252225875854,0.6652050614356995,-0.2459092140197754,0.9629837274551392,0.4360409379005432,0.6950741410255432,-0.026779305189847946,0.7594427466392517,0.44985896348953247,0.795796811580658,-0.19180652499198914,0.820806086063385,0.4504968225955963,0.8371362686157227,0.02844332717359066,0.8793689012527466,0.43613314628601074,0.8204678893089294,-0.2826996147632599,0.8845175504684448,0.41606077551841736,0.8767489194869995,-0.047574542462825775,0.8674055337905884
267,8.9,0.43305379152297974,0.2973440885543823,-0.07087479531764984,0.9998461008071899,0.46887725591659546,0.3607536852359772,-0.07314584404230118,0.9997783303260803,0.4192812442779541,0.39323312044143677,0.08261175453662872,0.9999587535858154,0.4575233459472656,0.38548871874809265,-0.18829582631587982,0.9063864350318909,0.42224740982055664,0.49787071347236633,0.0594957172870636,0.7501461505889893,0.4290284514427185,0.3739800453186035,-0.2785588204860687,0.8442491292953491,0.4188311696052551,0.6042575240135193,-0.028726976364850998,0.9126248955726624,0.4841781258583069,0.5504105091094971,-0.05304337665438652,0.9999643564224243,0.45007991790771484,0.5612668991088867,0.05279197171330452,0.9999786019325256,0.4673323631286621,0.6630361676216125,-0.2625618577003479,0.9646226763725281,0.43608084321022034,0.6967378258705139,-0.0235671978443861,0.7493224143981934,0.44984060525894165,0.7935660481452942,-0.2675616443157196,0.8325859904289246,0.4502667784690857,0.8381515741348267,0.025683578103780746,0.8747249245643616,0.4339500963687897,0.8148471117019653,-0.37420564889907837,0.8920605778694153,0.41588735580444336,0.8769083619117737,-0.06465774774551392,0.8672991991043091
268,8.933333333333334,0.43301621079444885,0.2977660596370697,-0.07554515451192856,0.9998549222946167,0.46901559829711914,0.3620206117630005,-0.07487627118825912,0.99979168176651,0.4194575250148773,0.3943827450275421,0.08798209577798843,0.9999608397483826,0.4579206109046936,0.386056125164032,-0.19292882084846497,0.9071863293647766,0.4219834804534912,0.49952688813209534,0.06749171763658524,0.7502074241638184,0.4290834963321686,0.37233635783195496,-0.2808954119682312,0.8511021137237549,0.41845282912254333,0.603360652923584,-0.0261017344892025,0.915718674659729,0.48428481817245483,0.5504177212715149,-0.05547302961349487,0.9999658465385437,0.45005980134010315,0.5622254014015198,0.055222976952791214,0.9999793171882629,0.46669062972068787,0.6604264378547668,-0.2641352415084839,0.9661872386932373,0.4360129237174988,0.7015953660011292,-0.02017384208738804,0.7482044696807861,0.4506351351737976,0.7902010679244995,-0.2362392693758011,0.8425531387329102,0.44945651292800903,0.838218092918396,0.027330566197633743,0.8749221563339233,0.4339748024940491,0.8167148232460022,-0.3361116349697113,0.897235095500946,0.414802610874176,0.8769609928131104,-0.05533665418624878,0.8692193031311035
269,8.966666666666667,0.4335784316062927,0.2978060245513916,-0.08571227639913559,0.9998520016670227,0.4690348207950592,0.36295285820961,-0.08842077106237411,0.9998000860214233,0.41948217153549194,0.3942963778972626,0.08227722346782684,0.9999621510505676,0.4583287239074707,0.39017540216445923,-0.20198218524456024,0.9076375365257263,0.42183488607406616,0.49957916140556335,0.06422362476587296,0.7465164065361023,0.42914414405822754,0.37120798230171204,-0.2943353056907654,0.8565663695335388,0.4185608923435211,0.6022294163703918,-0.029591988772153854,0.9160850048065186,0.484360933303833,0.5506125688552856,-0.05628609657287598,0.9999675750732422,0.45006173849105835,0.5617586970329285,0.056042104959487915,0.9999802708625793,0.4663277268409729,0.6636137366294861,-0.25792545080184937,0.9678785800933838,0.43541160225868225,0.7022383213043213,-0.020574495196342468,0.7546546459197998,0.4513867497444153,0.7863864302635193,-0.19003181159496307,0.8516878485679626,0.448772132396698,0.8384515643119812,0.040344905108213425,0.8793993592262268,0.4357222616672516,0.8143535852432251,-0.28140702843666077,0.9012106657028198,0.41379767656326294,0.8771793842315674,-0.041113562881946564,0.8737308382987976
270,9.0,0.4338403344154358,0.29777610301971436,-0.09959160536527634,0.999843955039978,0.46908411383628845,0.36402279138565063,-0.09654749929904938,0.9998071789741516,0.41933560371398926,0.3936518728733063,0.08037016540765762,0.9999635815620422,0.4584682583808899,0.41854363679885864,-0.20406456291675568,0.9078388214111328,0.42182812094688416,0.499905526638031,0.05921976640820503,0.7440305948257446,0.429161012172699,0.37128889560699463,-0.29106372594833374,0.8613556623458862,0.4185734689235687,0.6020761728286743,-0.03549046069383621,0.9167775511741638,0.4844086170196533,0.5513706803321838,-0.0561055913567543,0.9999690651893616,0.4498462677001953,0.5618396997451782,0.05586358904838562,0.999981164932251,0.46652859449386597,0.6656624674797058,-0.25435999035835266,0.9691606163978577,0.4353713095188141,0.703138530254364,-0.01905018649995327,0.7574307918548584,0.451433002948761,0.7834882140159607,-0.17583326995372772,0.858900785446167,0.44840627908706665,0.8384268879890442,0.05491914227604866,0.8820648789405823,0.4358556866645813,0.8114615678787231,-0.2656755745410919,0.9038953185081482,0.41371950507164,0.8771936893463135,-0.024882357567548752,0.8764835000038147
271,9.033333333333333,0.4341958463191986,0.29788899421691895,-0.09123753011226654,0.9998410940170288,0.46913155913352966,0.36382395029067993,-0.09176550060510635,0.9998159408569336,0.4192825257778168,0.39323195815086365,0.08141119033098221,0.9999650120735168,0.45910707116127014,0.4025125801563263,-0.19772188365459442,0.9065307378768921,0.4217046797275543,0.5003401637077332,0.06561556458473206,0.7378088235855103,0.4294703006744385,0.3692319095134735,-0.29051998257637024,0.8636101484298706,0.41856375336647034,0.6020967960357666,-0.027861258015036583,0.9168848395347595,0.48436984419822693,0.5515919327735901,-0.0557653084397316,0.9999706745147705,0.44942665100097656,0.5615387558937073,0.055518679320812225,0.9999821186065674,0.4667826294898987,0.6675277948379517,-0.23642107844352722,0.9685635566711426,0.4351128935813904,0.7030163407325745,-0.019696449860930443,0.7552322149276733,0.45129212737083435,0.7832990288734436,-0.1527768075466156,0.8582338094711304,0.4482842981815338,0.8386469483375549,0.04003410041332245,0.8805539011955261,0.43601885437965393,0.8156071901321411,-0.23525945842266083,0.8998260498046875,0.413709819316864,0.8771969079971313,-0.038893021643161774,0.8749836087226868
272,9.066666666666666,0.4345220625400543,0.2979489862918854,-0.09237827360630035,0.9998413324356079,0.4691728949546814,0.3634830415248871,-0.09016375243663788,0.9998242855072021,0.4192173480987549,0.39309191703796387,0.07967949658632278,0.9999666810035706,0.4599359631538391,0.3953864276409149,-0.20115618407726288,0.9069591760635376,0.421602725982666,0.5006434321403503,0.06270062923431396,0.7405696511268616,0.42983999848365784,0.36868539452552795,-0.298534095287323,0.868033766746521,0.4183494448661804,0.6026184558868408,-0.030126875266432762,0.9208027720451355,0.48437467217445374,0.5517765283584595,-0.055629342794418335,0.9999721050262451,0.4491463303565979,0.5612702369689941,0.055377088487148285,0.999983012676239,0.46695858240127563,0.6700089573860168,-0.23263899981975555,0.9688398838043213,0.43505579233169556,0.7040111422538757,-0.02220085822045803,0.7589303255081177,0.45137888193130493,0.7831583023071289,-0.13748767971992493,0.8602025508880615,0.4476242661476135,0.8389675617218018,0.04797661677002907,0.8821757435798645,0.4367896616458893,0.8189086318016052,-0.21718314290046692,0.8987058401107788,0.4137047231197357,0.8771553039550781,-0.027783755213022232,0.8766517639160156
273,9.1,0.4346998631954193,0.2980499267578125,-0.09619715809822083,0.9998433589935303,0.4691844880580902,0.3633062243461609,-0.09010908007621765,0.9998329877853394,0.4191567301750183,0.3930792808532715,0.07391916215419769,0.9999681711196899,0.46011781692504883,0.39193975925445557,-0.2024155557155609,0.9081601500511169,0.4215486943721771,0.5007452368736267,0.06033582612872124,0.7458253502845764,0.43001508712768555,0.36827749013900757,-0.30038154125213623,0.8735705018043518,0.4182286858558655,0.6029573082923889,-0.03269793465733528,0.9246578216552734,0.48436975479125977,0.5525007247924805,-0.05450054258108139,0.9999735355377197,0.4490230083465576,0.5613774061203003,0.05425471067428589,0.9999839067459106,0.4670275151729584,0.6739838719367981,-0.22243168950080872,0.9689827561378479,0.43492501974105835,0.7039411067962646,-0.02261383831501007,0.7648907899856567,0.45147842168807983,0.7866170406341553,-0.12090446799993515,0.8624104261398315,0.4473608434200287,0.8399146795272827,0.04746941104531288,0.8849686980247498,0.43791836500167847,0.8206368088722229,-0.19717568159103394,0.8979373574256897,0.4136195182800293,0.8770932555198669,-0.026981418952345848,0.879304051399231
274,9.133333333333333,0.43478861451148987,0.2980307638645172,-0.10417433828115463,0.9998427033424377,0.4692157804965973,0.36324256658554077,-0.09388028085231781,0.9998407363891602,0.41909828782081604,0.3930930197238922,0.06789316236972809,0.9999694228172302,0.45997992157936096,0.3900914788246155,-0.20436148345470428,0.9094598889350891,0.4215466380119324,0.5006997585296631,0.05890072509646416,0.7505667209625244,0.430020272731781,0.3685949146747589,-0.30501681566238403,0.8787491321563721,0.4182015061378479,0.6031073927879333,-0.033716678619384766,0.9278296232223511,0.484300434589386,0.5537518262863159,-0.0537959560751915,0.9999748468399048,0.44889503717422485,0.5617122054100037,0.05355072021484375,0.9999847412109375,0.46697187423706055,0.6781784296035767,-0.21024028956890106,0.9681528210639954,0.4348544180393219,0.7037290334701538,-0.02371080033481121,0.7700352668762207,0.45156559348106384,0.7904042601585388,-0.09568123519420624,0.8608229756355286,0.44733136892318726,0.8405637741088867,0.04915504902601242,0.8867777585983276,0.43942898511886597,0.8226250410079956,-0.16708606481552124,0.8935680389404297,0.41348695755004883,0.8771097660064697,-0.02310393750667572,0.8806467056274414
275,9.166666666666666,0.43473881483078003,0.2983461320400238,-0.09255965799093246,0.9998506903648376,0.4692402482032776,0.3631906807422638,-0.08602283149957657,0.9998487830162048,0.42040523886680603,0.3930838406085968,0.07558540254831314,0.9999709129333496,0.4556448459625244,0.385376513004303,-0.1976143717765808,0.9039291143417358,0.42154473066329956,0.5005341172218323,0.06655345857143402,0.7527799010276794,0.42973360419273376,0.36938247084617615,-0.29473692178726196,0.8777709007263184,0.4182418882846832,0.6033204793930054,-0.025284836068749428,0.9296622276306152,0.4841030538082123,0.5533478856086731,-0.052952736616134644,0.999976396560669,0.4488693177700043,0.5613099932670593,0.052700530737638474,0.9999856948852539,0.46685925126075745,0.6784054040908813,-0.2047259360551834,0.9656851887702942,0.43373236060142517,0.7013723850250244,-0.022438768297433853,0.771460235118866,0.4511401653289795,0.7907658815383911,-0.09636653959751129,0.858014702796936,0.4482060372829437,0.8373318314552307,0.06477780640125275,0.8854621648788452,0.43759116530418396,0.8262608647346497,-0.1703706681728363,0.8892452716827393,0.4159765839576721,0.8768643736839294,-0.0031583320815116167,0.8793012499809265
276,9.2,0.4347097873687744,0.2986000180244446,-0.059079162776470184,0.9998619556427002,0.469256728887558,0.3631199598312378,-0.059345752000808716,0.9998576045036316,0.421003520488739,0.3935225307941437,0.10289176553487778,0.9999719858169556,0.4558408856391907,0.3797420859336853,-0.17609524726867676,0.9013127684593201,0.42152175307273865,0.5007631778717041,0.09463988989591599,0.7498027086257935,0.4297478199005127,0.36977776885032654,-0.2743470072746277,0.8791103959083557,0.4182790219783783,0.6034994721412659,0.005869526416063309,0.9305257797241211,0.48403817415237427,0.5531800985336304,-0.05282571166753769,0.9999774694442749,0.4487716257572174,0.5612189173698425,0.05257416516542435,0.9999862313270569,0.4667888283729553,0.6837977766990662,-0.19469507038593292,0.9610528349876404,0.4337787628173828,0.7002583146095276,-0.014845502562820911,0.7552223801612854,0.44990110397338867,0.8095495700836182,-0.1111157163977623,0.852729320526123,0.45030197501182556,0.8327710628509521,0.08359400182962418,0.8618214726448059,0.42780765891075134,0.8503574132919312,-0.19097508490085602,0.8834158182144165,0.42306870222091675,0.8734230995178223,0.0233176089823246,0.8592106699943542
277,9.233333333333333,0.43763795495033264,0.30016857385635376,-0.14796575903892517,0.9998663067817688,0.4674200117588043,0.3715134859085083,-0.12422448396682739,0.9998623728752136,0.42518559098243713,0.390694260597229,0.06220361590385437,0.9999731183052063,0.45502257347106934,0.4332929849624634,-0.23782089352607727,0.8942422866821289,0.423168420791626,0.5006738305091858,0.07050149887800217,0.7500372529029846,0.4362545907497406,0.41693660616874695,-0.3507046401500702,0.8747803568840027,0.4165852963924408,0.600403368473053,-0.03510212153196335,0.9339176416397095,0.4800276756286621,0.5624154210090637,-0.059107668697834015,0.9999777674674988,0.4473905563354492,0.5685567259788513,0.05888523906469345,0.999986469745636,0.4618489146232605,0.6809113621711731,-0.2446679174900055,0.9637942910194397,0.431649774312973,0.7278844118118286,-0.0135409040376544,0.7640897631645203,0.45104360580444336,0.8155515193939209,-0.14597520232200623,0.8653120994567871,0.44857922196388245,0.8315586447715759,0.10500282049179077,0.866926908493042,0.4278562068939209,0.8628807067871094,-0.25108832120895386,0.8930606245994568,0.42216014862060547,0.8737262487411499,0.028711453080177307,0.8652732372283936
278,9.266666666666667,0.4391515254974365,0.30233654379844666,-0.18147745728492737,0.9998469352722168,0.4665405750274658,0.3781397044658661,-0.14179007709026337,0.999852180480957,0.4278087019920349,0.3869706988334656,0.03890848904848099,0.9999736547470093,0.44755738973617554,0.45833268761634827,-0.22876319289207458,0.8742765188217163,0.42569345235824585,0.5002219080924988,0.05439569428563118,0.7466224431991577,0.43550238013267517,0.41419610381126404,-0.3357134461402893,0.8524488806724548,0.4156438410282135,0.5976303815841675,-0.04968837648630142,0.9353391528129578,0.4786258339881897,0.5652279257774353,-0.05918422341346741,0.9999780058860779,0.44637322425842285,0.570336639881134,0.05896346643567085,0.9999869465827942,0.46097129583358765,0.6886569261550903,-0.2119581401348114,0.9645954966545105,0.4307101368904114,0.7353373765945435,-0.015458608977496624,0.774085521697998,0.45152345299720764,0.8176514506340027,-0.06259036809206009,0.8727940320968628,0.4474904537200928,0.8300514817237854,0.13123467564582825,0.8706544041633606,0.4269002079963684,0.8681482672691345,-0.1410699486732483,0.8970900177955627,0.4223727583885193,0.8741517066955566,0.06638719141483307,0.8677853941917419
279,9.3,0.4390428066253662,0.3034232556819916,-0.1618047058582306,0.9998440742492676,0.4661330580711365,0.37940123677253723,-0.1322210431098938,0.9998527765274048,0.428022563457489,0.3866255581378937,0.05158909037709236,0.9999741911888123,0.4481772780418396,0.4614451825618744,-0.2233993113040924,0.8604951500892639,0.42687520384788513,0.5002027750015259,0.05944908410310745,0.725299060344696,0.43802013993263245,0.4150589108467102,-0.3282758593559265,0.8374444246292114,0.4154304563999176,0.5964074730873108,-0.04809509962797165,0.9284600019454956,0.47773057222366333,0.5664442181587219,-0.0606742724776268,0.9999784231185913,0.4450758099555969,0.5720484256744385,0.06046324223279953,0.9999872446060181,0.46125006675720215,0.6884579062461853,-0.253791481256485,0.9672184586524963,0.42971086502075195,0.7306894063949585,-0.02871946059167385,0.7854975461959839,0.45284757018089294,0.8139799237251282,-0.14797233045101166,0.8835134506225586,0.4453918933868408,0.8305135369300842,0.09614201635122299,0.8771389126777649,0.42977914214134216,0.8601066470146179,-0.24394011497497559,0.9052155613899231,0.4218605160713196,0.8755379319190979,0.024912197142839432,0.8742571473121643
280,9.333333333333334,0.4391668438911438,0.3037478029727936,-0.21624088287353516,0.9998335838317871,0.46624740958213806,0.3823898434638977,-0.16446419060230255,0.9998518228530884,0.4275972247123718,0.3857106864452362,0.01330544613301754,0.9999755620956421,0.44054484367370605,0.4729888439178467,-0.22116796672344208,0.8382251262664795,0.42747730016708374,0.49993956089019775,0.03756827861070633,0.7213783860206604,0.43819087743759155,0.42302706837654114,-0.2702454924583435,0.8076319694519043,0.4155801236629486,0.5961066484451294,-0.06052473932504654,0.9276436567306519,0.47785815596580505,0.5660568475723267,-0.060010842978954315,0.9999789595603943,0.44472140073776245,0.5712193250656128,0.059798695147037506,0.9999878406524658,0.4615477919578552,0.6853262782096863,-0.23783645033836365,0.9696961045265198,0.42920953035354614,0.732789933681488,-0.02841993048787117,0.8009160757064819,0.453967422246933,0.8107683062553406,-0.09687057137489319,0.8932422995567322,0.4445318281650543,0.8307352662086487,0.11211266368627548,0.8861385583877563,0.4300057291984558,0.859075665473938,-0.18345245718955994,0.9124603867530823,0.42143815755844116,0.8769568800926208,0.03972109407186508,0.8828360438346863
281,9.366666666666667,0.43893980979919434,0.30437031388282776,-0.22504515945911407,0.999808132648468,0.4658079743385315,0.3819810152053833,-0.17819376289844513,0.9998458027839661,0.4283701777458191,0.38512176275253296,0.010234665125608444,0.9999764561653137,0.4377667307853699,0.4673699140548706,-0.23417262732982635,0.8147127628326416,0.42789989709854126,0.49990344047546387,0.03593584522604942,0.7165136933326721,0.4378492832183838,0.41996341943740845,-0.28626352548599243,0.7779392004013062,0.4156966805458069,0.5959699153900146,-0.06303984671831131,0.9268235564231873,0.4776281416416168,0.5664482712745667,-0.060320764780044556,0.9999797344207764,0.4443972706794739,0.5711168646812439,0.06011909991502762,0.9999884963035583,0.46163803339004517,0.6869509220123291,-0.2157314121723175,0.9717265367507935,0.42868572473526,0.736964225769043,-0.024596013128757477,0.8156781792640686,0.45469778776168823,0.8099798560142517,-0.04840978607535362,0.9017943143844604,0.44401422142982483,0.8307884931564331,0.1343882828950882,0.8944752812385559,0.43029314279556274,0.8607029318809509,-0.12879788875579834,0.9186665415763855,0.42116013169288635,0.8772923946380615,0.06427554786205292,0.8907538056373596
282,9.4,0.438781201839447,0.3046497404575348,-0.19633692502975464,0.9998080730438232,0.46552568674087524,0.38071539998054504,-0.15895913541316986,0.9998480081558228,0.42865270376205444,0.38453245162963867,0.029664725065231323,0.9999775290489197,0.44102922081947327,0.4624413251876831,-0.2326555699110031,0.8079081177711487,0.42774778604507446,0.4998866319656372,0.04560358449816704,0.7157478928565979,0.4375561773777008,0.41976669430732727,-0.2973232865333557,0.7665853500366211,0.41575050354003906,0.5957533717155457,-0.05784451216459274,0.928162157535553,0.47761112451553345,0.5657588243484497,-0.0624106340110302,0.9999803304672241,0.4444628655910492,0.5706356763839722,0.06219832971692085,0.9999890327453613,0.46138954162597656,0.6877554059028625,-0.21865418553352356,0.9734189510345459,0.42881569266319275,0.733038604259491,-0.014647861942648888,0.826423704624176,0.45540744066238403,0.8125239610671997,-0.08669205754995346,0.9096497893333435,0.44371238350868225,0.8313854932785034,0.12101094424724579,0.901170551776886,0.43052005767822266,0.8627778887748718,-0.17340412735939026,0.9246872067451477,0.4207853674888611,0.8773127794265747,0.047888778150081635,0.8975145220756531
283,9.433333333333334,0.4386637806892395,0.30482375621795654,-0.1891828328371048,0.9998114705085754,0.46536707878112793,0.38026899099349976,-0.15225118398666382,0.9998513460159302,0.4286990165710449,0.3841550946235657,0.03357239067554474,0.9999787211418152,0.44274425506591797,0.46332186460494995,-0.23107394576072693,0.8030481338500977,0.4275933802127838,0.4998701810836792,0.047502025961875916,0.7183559536933899,0.4373542368412018,0.41970938444137573,-0.30491819977760315,0.7611901760101318,0.4157477021217346,0.5956658124923706,-0.0572362057864666,0.931020975112915,0.4773828089237213,0.5655412673950195,-0.06206190586090088,0.9999808073043823,0.4444313645362854,0.5703771114349365,0.0618441104888916,0.9999894499778748,0.4613403379917145,0.6876632571220398,-0.2190616875886917,0.9747009873390198,0.4289702773094177,0.7308530807495117,-0.014515158720314503,0.8344915509223938,0.4553992748260498,0.8138077855110168,-0.09559149295091629,0.9162259697914124,0.44387000799179077,0.8317053914070129,0.11406292021274567,0.9060167074203491,0.42976269125938416,0.8635362386703491,-0.18234238028526306,0.9296978712081909,0.4199833869934082,0.877300500869751,0.042319558560848236,0.9025306701660156
284,9.466666666666667,0.43861037492752075,0.30488449335098267,-0.18408185243606567,0.999819278717041,0.46534404158592224,0.3800472319126129,-0.1506737470626831,0.9998572468757629,0.4286268651485443,0.38430967926979065,0.035706065595149994,0.9999799132347107,0.4434419274330139,0.46573448181152344,-0.23605851829051971,0.8050088882446289,0.42747512459754944,0.499926894903183,0.05000463128089905,0.7215352058410645,0.43777555227279663,0.4216298460960388,-0.32366615533828735,0.7652389407157898,0.4156787395477295,0.5956926941871643,-0.050612784922122955,0.9340847134590149,0.4770269989967346,0.5661212205886841,-0.06234874203801155,0.9999809861183167,0.4441666007041931,0.5707096457481384,0.06213726848363876,0.9999896883964539,0.4612218737602234,0.6882159113883972,-0.22074678540229797,0.9762037992477417,0.4290294051170349,0.7312819361686707,-0.014853616245090961,0.8411151170730591,0.45550188422203064,0.8164318799972534,-0.1087832897901535,0.9228992462158203,0.44384440779685974,0.8322432041168213,0.1084335595369339,0.909964919090271,0.4298791289329529,0.8630974888801575,-0.20155677199363708,0.9350298047065735,0.41874924302101135,0.8773408532142639,0.03624098747968674,0.9072127342224121
285,9.5,0.4385836720466614,0.3048437535762787,-0.18788667023181915,0.999822735786438,0.4653591215610504,0.38009533286094666,-0.15233942866325378,0.9998610615730286,0.42854809761047363,0.3843826353549957,0.036253683269023895,0.9999809265136719,0.44411879777908325,0.4692489206790924,-0.23285932838916779,0.8040432333946228,0.42754730582237244,0.4999190866947174,0.05170653387904167,0.7240211367607117,0.43821221590042114,0.4217369854450226,-0.31744128465652466,0.766939103603363,0.4155856668949127,0.5957829356193542,-0.049267034977674484,0.9368134140968323,0.47693461179733276,0.5660613775253296,-0.06327389925718307,0.9999809265136719,0.4440229535102844,0.5707250237464905,0.06306660175323486,0.9999898076057434,0.4612233638763428,0.6878575086593628,-0.22938668727874756,0.9779071807861328,0.42909932136535645,0.7324606776237488,-0.00980912521481514,0.8478848934173584,0.4555261731147766,0.8171446919441223,-0.12568071484565735,0.9294266700744629,0.44379138946533203,0.8327814936637878,0.11698722839355469,0.9142390489578247,0.4299237132072449,0.862821102142334,-0.22117435932159424,0.9402778148651123,0.41819867491722107,0.8773582577705383,0.04418385773897171,0.9119503498077393
286,9.533333333333333,0.4385839104652405,0.3048229515552521,-0.18191757798194885,0.9998252391815186,0.4653761386871338,0.3800978362560272,-0.14949682354927063,0.9998641610145569,0.42852073907852173,0.3844544589519501,0.042191069573163986,0.9999816417694092,0.4443904459476471,0.47097456455230713,-0.22254252433776855,0.7959180474281311,0.4275367259979248,0.49991363286972046,0.061742354184389114,0.7182536125183105,0.43845948576927185,0.42509257793426514,-0.3029068112373352,0.761221706867218,0.41559821367263794,0.595817506313324,-0.03721214458346367,0.9366647005081177,0.47686272859573364,0.5659520626068115,-0.06358166038990021,0.9999808073043823,0.4438948631286621,0.570902407169342,0.0633646622300148,0.9999898076057434,0.46126532554626465,0.6873679161071777,-0.25174328684806824,0.97943115234375,0.42907437682151794,0.7315934300422668,-0.00926787219941616,0.8511796593666077,0.4555300772190094,0.816903829574585,-0.17418208718299866,0.9353521466255188,0.44374483823776245,0.8330146074295044,0.11213620752096176,0.9170293807983398,0.43007034063339233,0.8615995049476624,-0.2771909832954407,0.9450834393501282,0.4181979298591614,0.8770597577095032,0.04216118901968002,0.9152650833129883
287,9.566666666666666,0.4385834336280823,0.3047952950000763,-0.2018902748823166,0.999826192855835,0.465401828289032,0.3803233206272125,-0.15875232219696045,0.9998651146888733,0.42849358916282654,0.3844955861568451,0.03189989924430847,0.9999824166297913,0.43955403566360474,0.4678073525428772,-0.22258689999580383,0.7894631624221802,0.4275273382663727,0.49990785121917725,0.05682165548205376,0.719109296798706,0.4382185935974121,0.4268915355205536,-0.2938369810581207,0.7543882131576538,0.41558393836021423,0.5960293412208557,-0.04471421614289284,0.9383236765861511,0.47686442732810974,0.5660513639450073,-0.0642392635345459,0.9999803900718689,0.44383716583251953,0.5709673762321472,0.06402795016765594,0.9999898076057434,0.4613119959831238,0.6870530843734741,-0.2472505122423172,0.9808524250984192,0.4290784001350403,0.7327606081962585,-0.007729333825409412,0.8554310202598572,0.4554864764213562,0.8165343999862671,-0.15654323995113373,0.9407488703727722,0.4439854621887207,0.8321302533149719,0.11935390532016754,0.9197357296943665,0.42987099289894104,0.86109459400177,-0.2576442062854767,0.9494564533233643,0.4186476171016693,0.8765112161636353,0.045383114367723465,0.9184354543685913
288,9.6,0.43857765197753906,0.30476829409599304,-0.19953885674476624,0.9998241066932678,0.4654417634010315,0.3805340528488159,-0.15588347613811493,0.9998654723167419,0.4286279082298279,0.3843330442905426,0.03280399367213249,0.9999830722808838,0.4417503774166107,0.4692421853542328,-0.22373636066913605,0.7820369601249695,0.427511066198349,0.4999005198478699,0.057790886610746384,0.722026526927948,0.4384307265281677,0.42661505937576294,-0.29550111293792725,0.7458145618438721,0.4155590534210205,0.5960692167282104,-0.04304944723844528,0.9404733777046204,0.4768708646297455,0.5663828253746033,-0.06407579034566879,0.9999802708625793,0.44376271963119507,0.5712119340896606,0.06386129558086395,0.999989926815033,0.46134820580482483,0.687820315361023,-0.2359221875667572,0.9813315868377686,0.4291110038757324,0.7340559959411621,-0.0075543662533164024,0.8574684858322144,0.455463707447052,0.8160275220870972,-0.11157096922397614,0.943971574306488,0.44468680024147034,0.8319350481033325,0.13518628478050232,0.9199424386024475,0.4299193322658539,0.8606223464012146,-0.20177392661571503,0.9516661763191223,0.42034491896629333,0.8759244084358215,0.0666886493563652,0.9185765385627747
289,9.633333333333333,0.44596433639526367,0.3078871965408325,-0.19645974040031433,0.9998388886451721,0.4659825265407562,0.3869870603084564,-0.15363463759422302,0.9998775124549866,0.42946672439575195,0.3829720914363861,0.028193723410367966,0.9999828934669495,0.4638597071170807,0.46959376335144043,-0.22475068271160126,0.7960819602012634,0.42738714814186096,0.48608967661857605,0.059627097100019455,0.7079169750213623,0.44454464316368103,0.5143303275108337,-0.3460167646408081,0.7656036019325256,0.4128435254096985,0.5646390914916992,-0.031976357102394104,0.942290186882019,0.4728055000305176,0.5689651370048523,-0.05952562019228935,0.9999788999557495,0.44137629866600037,0.5718797445297241,0.05933954194188118,0.9999873042106628,0.45986175537109375,0.6945279836654663,-0.1426655352115631,0.9737650156021118,0.4272445738315582,0.7361149191856384,-0.007077620830386877,0.8377501368522644,0.45562440156936646,0.8286579847335815,-0.039411477744579315,0.9425980448722839,0.44468188285827637,0.8334283828735352,0.126262366771698,0.9033851623535156,0.4320351481437683,0.8739635944366455,-0.1253799945116043,0.9514375329017639,0.42154401540756226,0.8774939775466919,0.06308339536190033,0.9085503220558167
290,9.666666666666666,0.44786781072616577,0.3112652599811554,-0.18770000338554382,0.9998531341552734,0.4659954607486725,0.3884775936603546,-0.1445113569498062,0.9998887181282043,0.4306660592556,0.38241052627563477,0.030608173459768295,0.9999819397926331,0.4671778082847595,0.4688178300857544,-0.2238982617855072,0.8110149502754211,0.42761045694351196,0.4825441241264343,0.05955274775624275,0.6832394599914551,0.44539159536361694,0.5207069516181946,-0.34439948201179504,0.7850298881530762,0.4114517569541931,0.5608450770378113,-0.03149648383259773,0.9404312968254089,0.47113505005836487,0.5701648592948914,-0.05672835186123848,0.9999781250953674,0.4401824474334717,0.5728092789649963,0.05653898045420647,0.9999843835830688,0.4596727788448334,0.6944209337234497,-0.15310728549957275,0.9698837399482727,0.4269360899925232,0.7356245517730713,-0.013971050269901752,0.8193897008895874,0.45528632402420044,0.8330600261688232,-0.07826303690671921,0.9444915056228638,0.44504398107528687,0.8348424434661865,0.09218981862068176,0.8915163278579712,0.4312966465950012,0.880121111869812,-0.16847696900367737,0.953369677066803,0.4222613275051117,0.8784199953079224,0.03240638226270676,0.9019693732261658
291,9.7,0.4488348066806793,0.3122941553592682,-0.16719189286231995,0.999866783618927,0.466001033782959,0.38843128085136414,-0.11885352432727814,0.9998988509178162,0.4305759370326996,0.38221028447151184,0.03992408514022827,0.999981701374054,0.46800702810287476,0.46770989894866943,-0.20256157219409943,0.8263645768165588,0.42746686935424805,0.4823724627494812,0.06221004202961922,0.6865999698638916,0.44640040397644043,0.5197737216949463,-0.3318316340446472,0.8041051030158997,0.4106309413909912,0.5612573027610779,-0.027798926457762718,0.9435678124427795,0.47059622406959534,0.5707165002822876,-0.05150856450200081,0.9999776482582092,0.4394051432609558,0.5736380815505981,0.051301322877407074,0.9999820590019226,0.45967617630958557,0.6939562559127808,-0.16779939830303192,0.9703128337860107,0.42612338066101074,0.7351038455963135,-0.022989708930253983,0.81954425573349,0.45521849393844604,0.8335847854614258,-0.090865358710289,0.9478543400764465,0.4448050558567047,0.834751307964325,0.09067132323980331,0.8894129991531372,0.4364749789237976,0.8779076337814331,-0.18209567666053772,0.9562027454376221,0.42214933037757874,0.8788871765136719,0.030100896954536438,0.9015092849731445
292,9.733333333333333,0.4489506781101227,0.31302154064178467,-0.18242068588733673,0.9998794198036194,0.466101735830307,0.38941600918769836,-0.12732942402362823,0.9999079704284668,0.43063944578170776,0.3822404742240906,0.03518959507346153,0.9999814629554749,0.4684198796749115,0.46700921654701233,-0.21305342018604279,0.8402881026268005,0.42745065689086914,0.4830382764339447,0.06098078563809395,0.6861091256141663,0.4472803473472595,0.5170690417289734,-0.3558269143104553,0.821275532245636,0.40977421402931213,0.5630812644958496,-0.03019081987440586,0.9460594654083252,0.47049370408058167,0.5709643959999084,-0.05291922762989998,0.9999765157699585,0.4393143057823181,0.5740790367126465,0.05271123722195625,0.9999791979789734,0.45970258116722107,0.6947547197341919,-0.15898826718330383,0.969022274017334,0.4258865714073181,0.7348363399505615,-0.021036431193351746,0.8122056722640991,0.45502805709838867,0.8355078101158142,-0.09166913479566574,0.9503625631332397,0.4448053240776062,0.8347194194793701,0.09536279737949371,0.8826985955238342,0.43637174367904663,0.8793087601661682,-0.18677546083927155,0.9584454894065857,0.4227500557899475,0.8794859051704407,0.03236168250441551,0.8984196782112122
293,9.766666666666667,0.44851580262184143,0.313318133354187,-0.17688268423080444,0.9998904466629028,0.46644917130470276,0.3910788595676422,-0.12763965129852295,0.9999157786369324,0.43069377541542053,0.382536917924881,0.04068320244550705,0.9999814629554749,0.46765369176864624,0.4677893817424774,-0.2144978940486908,0.8486235737800598,0.42750534415245056,0.48393580317497253,0.07122547924518585,0.6753166317939758,0.4478963315486908,0.5164428353309631,-0.3482990264892578,0.8339626789093018,0.40929341316223145,0.5637791156768799,-0.020075153559446335,0.9480027556419373,0.47047242522239685,0.5725774765014648,-0.0536128506064415,0.9999746680259705,0.43913760781288147,0.5759338140487671,0.053400494158267975,0.9999764561653137,0.4597531855106354,0.6972672939300537,-0.1589355319738388,0.9622823596000671,0.4257790446281433,0.7374944686889648,-0.020190982148051262,0.7841833829879761,0.45275336503982544,0.8392528891563416,-0.0948714092373848,0.949579119682312,0.44680556654930115,0.8348779678344727,0.09742053598165512,0.8526450395584106,0.42799386382102966,0.8825145363807678,-0.18884292244911194,0.9585140943527222,0.42815718054771423,0.8796812295913696,0.04289130121469498,0.8785421848297119
294,9.8,0.4480951726436615,0.31349560618400574,-0.17536669969558716,0.9999009966850281,0.4666730761528015,0.3927096128463745,-0.1299484819173813,0.9999231696128845,0.430999219417572,0.3827416002750397,0.044396575540304184,0.9999818205833435,0.4672650396823883,0.468504935503006,-0.22139529883861542,0.8598089218139648,0.42786210775375366,0.4838158190250397,0.06957297027111053,0.6697156429290771,0.44734248518943787,0.5169687271118164,-0.36009153723716736,0.8477103114128113,0.40930303931236267,0.5629845261573792,-0.02407396025955677,0.9499497413635254,0.47050467133522034,0.5724017024040222,-0.054765522480010986,0.9999730587005615,0.4393234848976135,0.5761313438415527,0.05458107590675354,0.9999738335609436,0.45974844694137573,0.696537971496582,-0.15943703055381775,0.9624485373497009,0.42576155066490173,0.7385795712471008,-0.024890583008527756,0.768276035785675,0.4525393843650818,0.840040922164917,-0.14415094256401062,0.9522401094436646,0.4479518532752991,0.8350117802619934,0.0889793410897255,0.8331348896026611,0.42599183320999146,0.882942259311676,-0.24968595802783966,0.9609375596046448,0.42849475145339966,0.8802315592765808,0.030048122629523277,0.8684600591659546
295,9.833333333333334,0.44789043068885803,0.3135813772678375,-0.18158701062202454,0.9999100565910339,0.46689707040786743,0.39337339997291565,-0.13218697905540466,0.9999293684959412,0.431250661611557,0.38277021050453186,0.04040037468075752,0.9999818205833435,0.4669364392757416,0.4690285623073578,-0.229140967130661,0.8695935606956482,0.4279722571372986,0.48311153054237366,0.06708700954914093,0.669491708278656,0.4469466805458069,0.5164493322372437,-0.3699619770050049,0.8599414229393005,0.4093584418296814,0.561638355255127,-0.0248991958796978,0.9521569013595581,0.470508873462677,0.5723324418067932,-0.05498781055212021,0.999971330165863,0.4394504427909851,0.5764474272727966,0.05478956177830696,0.9999715089797974,0.4596727788448334,0.6961847543716431,-0.16983525454998016,0.9639574289321899,0.42563343048095703,0.7398927211761475,-0.0250043086707592,0.7679060101509094,0.45258158445358276,0.8385114073753357,-0.12952330708503723,0.9553965330123901,0.44780677556991577,0.8346989750862122,0.09237364679574966,0.8289542198181152,0.4263846278190613,0.882213830947876,-0.23174551129341125,0.9636061787605286,0.42761898040771484,0.8804213404655457,0.030551064759492874,0.8678382039070129
296,9.866666666666667,0.4477923512458801,0.31360945105552673,-0.18224632740020752,0.9999181032180786,0.46703457832336426,0.39344945549964905,-0.13295552134513855,0.9999348521232605,0.43146437406539917,0.3827550709247589,0.039586860686540604,0.999981701374054,0.4667879641056061,0.46920737624168396,-0.22918546199798584,0.8784900307655334,0.42801612615585327,0.48290082812309265,0.06613989919424057,0.6694565415382385,0.44663047790527344,0.5167639255523682,-0.3658295273780823,0.8711258172988892,0.40936174988746643,0.5614675879478455,-0.02650577202439308,0.9543773531913757,0.47033461928367615,0.5730525255203247,-0.05526610463857651,0.9999693036079407,0.4395098090171814,0.57774418592453,0.05508807301521301,0.9999688267707825,0.4596621096134186,0.6959823966026306,-0.1728357970714569,0.9651181101799011,0.4254484176635742,0.7428315877914429,-0.024314850568771362,0.7671510577201843,0.45262446999549866,0.8380737900733948,-0.12068720906972885,0.9581036567687988,0.4478382170200348,0.8343748450279236,0.10493868589401245,0.8231253027915955,0.4270454943180084,0.8818820714950562,-0.22909700870513916,0.9658812880516052,0.42714279890060425,0.880407989025116,0.048457108438014984,0.8659108281135559
297,9.9,0.44769996404647827,0.3136599361896515,-0.18558646738529205,0.9999247193336487,0.46709227561950684,0.39327117800712585,-0.13470694422721863,0.9999396800994873,0.43150657415390015,0.38262468576431274,0.035384487360715866,0.9999813437461853,0.4666990339756012,0.46917372941970825,-0.22932963073253632,0.8870110511779785,0.42802777886390686,0.4826655089855194,0.06057404726743698,0.670106053352356,0.4466123580932617,0.5178236365318298,-0.3668045103549957,0.8814429044723511,0.40929651260375977,0.5616611242294312,-0.03052143193781376,0.9560325741767883,0.47010207176208496,0.5738837122917175,-0.0555066354572773,0.9999683499336243,0.43943530321121216,0.5789386630058289,0.055328287184238434,0.9999673962593079,0.4595411717891693,0.6958224177360535,-0.17644786834716797,0.9669334292411804,0.4253513813018799,0.7430493831634521,-0.02418607287108898,0.7732604146003723,0.4530491828918457,0.837170422077179,-0.10019724071025848,0.9605386257171631,0.44703617691993713,0.8352788090705872,0.10488772392272949,0.8276341557502747,0.42833930253982544,0.88102126121521,-0.1971617043018341,0.9678854942321777,0.42486801743507385,0.8806779384613037,0.04656297713518143,0.8700649738311768
298,9.933333333333334,0.4475986957550049,0.31371641159057617,-0.188100203871727,0.9999306201934814,0.46709996461868286,0.3931336998939514,-0.1371689736843109,0.9999436140060425,0.4315018653869629,0.38263484835624695,0.03433641046285629,0.9999808669090271,0.46646133065223694,0.4695148169994354,-0.2315220832824707,0.8937604427337646,0.42808300256729126,0.4825808107852936,0.05895150452852249,0.6699609756469727,0.4467792510986328,0.51848965883255,-0.37041768431663513,0.8896421790122986,0.4093065857887268,0.5613723993301392,-0.033998314291238785,0.9575743675231934,0.4699786603450775,0.5742961168289185,-0.05556799843907356,0.999967098236084,0.43939003348350525,0.57962965965271,0.055399198085069656,0.9999658465385437,0.45954757928848267,0.6956707239151001,-0.18029719591140747,0.968641996383667,0.42500847578048706,0.7442520260810852,-0.023947698995471,0.778364360332489,0.453249990940094,0.8367559909820557,-0.10262248665094376,0.9628618359565735,0.4469761848449707,0.8354638814926147,0.107935331761837,0.8302491903305054,0.428778737783432,0.8805285692214966,-0.1994049996137619,0.9697198867797852,0.42461538314819336,0.8808210492134094,0.04751332476735115,0.8724371790885925
299,9.966666666666667,0.4475165009498596,0.31375807523727417,-0.20084917545318604,0.9999354481697083,0.4670843183994293,0.3932017385959625,-0.14779141545295715,0.9999467730522156,0.4315081536769867,0.3826335072517395,0.026599252596497536,0.9999803900718689,0.46618515253067017,0.47044751048088074,-0.23888981342315674,0.8988934755325317,0.42809396982192993,0.4824436604976654,0.05340169742703438,0.6710743308067322,0.4468131959438324,0.519957423210144,-0.3763498365879059,0.8957560062408447,0.4092863202095032,0.5613678097724915,-0.04072994738817215,0.9588528871536255,0.46986111998558044,0.5741689801216125,-0.05609127879142761,0.9999657869338989,0.4393661916255951,0.5794615149497986,0.05593140050768852,0.999964714050293,0.45955371856689453,0.6948612928390503,-0.1835898458957672,0.970072329044342,0.42476797103881836,0.7438176274299622,-0.023248573765158653,0.7835278511047363,0.4534391760826111,0.8363783955574036,-0.10333116352558136,0.964841902256012,0.44695204496383667,0.8359221816062927,0.10789306461811066,0.834311842918396,0.4304500222206116,0.8803579807281494,-0.20056059956550598,0.971260666847229,0.42426881194114685,0.8810635209083557,0.04331347718834877,0.8756079077720642
300,10.0,0.4474467635154724,0.31381675601005554,-0.19681470096111298,0.9999405741691589,0.46707963943481445,0.3931500315666199,-0.1457018405199051,0.9999504089355469,0.43157488107681274,0.3826288878917694,0.02643059752881527,0.9999803900718689,0.466252863407135,0.4708905518054962,-0.23608258366584778,0.9045538306236267,0.42809033393859863,0.4820939302444458,0.052066557109355927,0.6718053221702576,0.4467306137084961,0.5208800435066223,-0.3745879530906677,0.9028381109237671,0.40913882851600647,0.5613952875137329,-0.04182768613100052,0.960110604763031,0.4697689116001129,0.574116587638855,-0.056197214871644974,0.9999645948410034,0.43938201665878296,0.5794159770011902,0.05603440850973129,0.9999633431434631,0.45956164598464966,0.6946537494659424,-0.17841213941574097,0.9708901047706604,0.4247590899467468,0.7426844239234924,-0.022757282480597496,0.7859129905700684,0.4538242220878601,0.8361157774925232,-0.10382510721683502,0.9665546417236328,0.44657963514328003,0.8360074162483215,0.0945979505777359,0.8375795483589172,0.431745707988739,0.8802970051765442,-0.20120325684547424,0.9727367162704468,0.42353448271751404,0.8811836838722229,0.029161402955651283,0.8789755702018738
301,10.033333333333333,0.4535542130470276,0.3200760781764984,-0.15323840081691742,0.9999377131462097,0.4673280119895935,0.40497738122940063,-0.11480255424976349,0.9999532699584961,0.43518057465553284,0.38758671283721924,0.06476247310638428,0.9999750852584839,0.47458308935165405,0.49793514609336853,-0.1424117088317871,0.9103159308433533,0.42867526412010193,0.46867358684539795,0.08938461542129517,0.6438552737236023,0.4525505006313324,0.5675090551376343,-0.20172321796417236,0.9080168604850769,0.40985313057899475,0.5176377892494202,-0.013748595491051674,0.9573120474815369,0.4677850604057312,0.5861498117446899,-0.05621243640780449,0.9999629259109497,0.4369547963142395,0.5823558568954468,0.05606003478169441,0.9999588131904602,0.45850974321365356,0.7198061347007751,-0.10009188950061798,0.9629314541816711,0.42231783270835876,0.7463489174842834,-0.008657917380332947,0.7626801133155823,0.4549614489078522,0.8614277243614197,-0.0066247968934476376,0.9640130400657654,0.445467084646225,0.8359870910644531,0.1369856595993042,0.8100755214691162,0.4424654543399811,0.9011389017105103,-0.08489853143692017,0.9692507982254028,0.42875972390174866,0.8835312724113464,0.09330479055643082,0.8558886051177979
302,10.066666666666666,0.4544505476951599,0.32253557443618774,-0.15171819925308228,0.9999328851699829,0.46797165274620056,0.40974417328834534,-0.10926872491836548,0.9999542832374573,0.4366859793663025,0.38789159059524536,0.06905172765254974,0.9999703168869019,0.4763985276222229,0.504112184047699,-0.13290928304195404,0.9106006026268005,0.4295350909233093,0.463328093290329,0.08992145210504532,0.6164112091064453,0.4552333354949951,0.5736326575279236,-0.18503092229366302,0.9039950370788574,0.41070014238357544,0.5129229426383972,-0.018113354220986366,0.9542944431304932,0.4658498764038086,0.5914514064788818,-0.056301362812519073,0.9999621510505676,0.43496066331863403,0.5866125226020813,0.05616633966565132,0.9999569058418274,0.4579150080680847,0.7254366278648376,-0.09527911990880966,0.9575263857841492,0.42051029205322266,0.7476940751075745,-0.00436654407531023,0.7493619322776794,0.45524659752845764,0.8617821335792542,-0.0052848388440907,0.9632609486579895,0.44341737031936646,0.836682140827179,0.13528652489185333,0.7977358102798462,0.4438292980194092,0.9025558233261108,-0.08699946105480194,0.9674390554428101,0.42827215790748596,0.8841227293014526,0.08730921149253845,0.8448587656021118
303,10.1,0.45495766401290894,0.32320964336395264,-0.14884352684020996,0.9999364018440247,0.46844783425331116,0.4103599488735199,-0.11808253824710846,0.999957263469696,0.4382379651069641,0.3891166150569916,0.07602904736995697,0.9999663829803467,0.4770243167877197,0.5033293962478638,-0.15301498770713806,0.9175704717636108,0.4297627806663513,0.4623855650424957,0.10978938639163971,0.5931097269058228,0.4553402066230774,0.5752334594726562,-0.21293649077415466,0.9115723371505737,0.4109135568141937,0.5109580159187317,0.017671385779976845,0.9520604610443115,0.4646025598049164,0.5958148837089539,-0.06274855136871338,0.9999595880508423,0.43439048528671265,0.5920206308364868,0.06264381110668182,0.9999507665634155,0.45759573578834534,0.7269042730331421,-0.10573197901248932,0.9535529017448425,0.4192129671573639,0.7498403787612915,0.0033299755305051804,0.7301428318023682,0.4554579257965088,0.8639612793922424,-0.02711096964776516,0.9625236392021179,0.44350719451904297,0.8368366956710815,0.14106738567352295,0.7745679020881653,0.4419161379337311,0.905021607875824,-0.10852731764316559,0.9661271572113037,0.42786917090415955,0.8842942714691162,0.10135171562433243,0.8291621208190918
304,10.133333333333333,0.45446863770484924,0.3234347105026245,-0.15587738156318665,0.9999411702156067,0.4686899781227112,0.4099180996417999,-0.12052983045578003,0.9999603629112244,0.4385085999965668,0.38957706093788147,0.07511623203754425,0.9999649524688721,0.47728458046913147,0.5043172836303711,-0.1531587541103363,0.9242238402366638,0.42980867624282837,0.46277207136154175,0.11185093224048615,0.5825292468070984,0.4547988772392273,0.5755122303962708,-0.20572355389595032,0.9187643527984619,0.41088780760765076,0.511036217212677,0.018075572326779366,0.9528989791870117,0.46480876207351685,0.5965839624404907,-0.06588073819875717,0.999957263469696,0.43408846855163574,0.5934551358222961,0.06577729433774948,0.9999455213546753,0.4572202265262604,0.7259836196899414,-0.11277090013027191,0.953214704990387,0.4185884892940521,0.7499163150787354,0.007235116325318813,0.7220954298973083,0.45593541860580444,0.8660486936569214,-0.03543056547641754,0.9635223746299744,0.44360604882240295,0.8368453979492188,0.1510387361049652,0.762792706489563,0.4409961700439453,0.9064649939537048,-0.12092649936676025,0.966675877571106,0.42751502990722656,0.8842357397079468,0.11070461571216583,0.8229472041130066
305,10.166666666666666,0.45500025153160095,0.32374870777130127,-0.1555120050907135,0.9999443888664246,0.46905988454818726,0.40990501642227173,-0.12148815393447876,0.9999627470970154,0.4385713040828705,0.389835387468338,0.07433689385652542,0.9999619722366333,0.47739189863204956,0.5048227310180664,-0.14846695959568024,0.9295980334281921,0.4298507571220398,0.4628535509109497,0.1070859432220459,0.5688982009887695,0.4547012746334076,0.5766090750694275,-0.2034333497285843,0.924214780330658,0.4108414053916931,0.5108411312103271,0.010938556864857674,0.9514092803001404,0.46496647596359253,0.5969223976135254,-0.06537556648254395,0.9999552369117737,0.4337727427482605,0.5943780541419983,0.06526096910238266,0.9999402165412903,0.45726245641708374,0.7243744730949402,-0.12611998617649078,0.9541523456573486,0.41843491792678833,0.7512367963790894,0.004127332009375095,0.7151869535446167,0.4559404253959656,0.8643796443939209,-0.04382270947098732,0.9647002816200256,0.44366908073425293,0.8372499346733093,0.1536421924829483,0.7496880292892456,0.4420003294944763,0.9065589904785156,-0.12323089689016342,0.9673066139221191,0.42728835344314575,0.8842300176620483,0.11492530256509781,0.8137737512588501
306,10.2,0.4546073079109192,0.3235851526260376,-0.14374388754367828,0.9999480247497559,0.4691246449947357,0.40977516770362854,-0.11622582376003265,0.9999651908874512,0.43855515122413635,0.38967394828796387,0.0840391293168068,0.9999609589576721,0.4773923456668854,0.505178689956665,-0.1454034298658371,0.9343717694282532,0.4300639033317566,0.4631003141403198,0.11470755189657211,0.5566903948783875,0.4551423192024231,0.5756126642227173,-0.20295703411102295,0.9292658567428589,0.4108889698982239,0.5097052454948425,0.015160918235778809,0.9510740637779236,0.46462076902389526,0.5972530841827393,-0.06519213318824768,0.9999550580978394,0.4334457814693451,0.5950922966003418,0.065073162317276,0.999938428401947,0.45724421739578247,0.7244593501091003,-0.1304357349872589,0.9554417729377747,0.41847553849220276,0.7517142295837402,0.002951290924102068,0.7128778696060181,0.45582103729248047,0.8628658652305603,-0.048927560448646545,0.9660254716873169,0.44363561272621155,0.8380584716796875,0.15139524638652802,0.7423754334449768,0.44248756766319275,0.9072665572166443,-0.13490037620067596,0.9682369232177734,0.42576178908348083,0.8844881653785706,0.11151287704706192,0.8095507621765137
307,10.233333333333333,0.45438438653945923,0.32357439398765564,-0.13840410113334656,0.9999512434005737,0.4691288471221924,0.4096512198448181,-0.10977344214916229,0.9999675154685974,0.4388951361179352,0.38981980085372925,0.08901429176330566,0.9999591112136841,0.47745269536972046,0.5044282674789429,-0.13119027018547058,0.9390570521354675,0.4301878809928894,0.4630914032459259,0.1200818195939064,0.5416616797447205,0.45583900809288025,0.5729184746742249,-0.18008223176002502,0.9344520568847656,0.4109078049659729,0.5092102885246277,0.01992834359407425,0.9484253525733948,0.46466273069381714,0.5966912508010864,-0.06490180641412735,0.999954342842102,0.4333499073982239,0.5945916771888733,0.06478100270032883,0.9999352693557739,0.4572557508945465,0.7231041789054871,-0.1291222870349884,0.9563052654266357,0.41872161626815796,0.7511764764785767,0.002364949556067586,0.7095719575881958,0.45572739839553833,0.8618549108505249,-0.052981674671173096,0.9669932126998901,0.4433373510837555,0.8388890027999878,0.14476707577705383,0.7371982336044312,0.44215482473373413,0.9064077734947205,-0.14008985459804535,0.9689009189605713,0.42446818947792053,0.8850276470184326,0.10154148191213608,0.8071973323822021
308,10.266666666666667,0.4541946053504944,0.3235389292240143,-0.14337733387947083,0.9999533891677856,0.46912288665771484,0.40960896015167236,-0.11400202661752701,0.9999694228172302,0.43883857131004333,0.38972967863082886,0.08247140049934387,0.9999577403068542,0.4774537980556488,0.5040822625160217,-0.13232333958148956,0.9428579211235046,0.4302646219730377,0.4629760682582855,0.12189750373363495,0.5284851789474487,0.45638173818588257,0.5731737613677979,-0.17389868199825287,0.9384565949440002,0.4109189510345459,0.5093781352043152,0.02692973054945469,0.9469465613365173,0.46478143334388733,0.5961537957191467,-0.06459503620862961,0.9999545216560364,0.4333363175392151,0.593964695930481,0.06447243690490723,0.9999348521232605,0.4572831094264984,0.7236106991767883,-0.10444444417953491,0.956336498260498,0.4188748300075531,0.7484944462776184,0.004397292621433735,0.7145239114761353,0.4552823603153229,0.8608649969100952,-0.005205126944929361,0.9677964448928833,0.44276994466781616,0.838956892490387,0.1496007740497589,0.7427562475204468,0.4422585070133209,0.9065043926239014,-0.08784130215644836,0.969423234462738,0.4244324266910553,0.8851892352104187,0.10360150039196014,0.811776876449585
309,10.3,0.4540763795375824,0.3235756456851959,-0.14977839589118958,0.9999554753303528,0.46904468536376953,0.4094366431236267,-0.11588782072067261,0.9999712109565735,0.43878406286239624,0.38967132568359375,0.07988926023244858,0.9999564290046692,0.477388858795166,0.5040597319602966,-0.13652606308460236,0.9463323354721069,0.430337518453598,0.4631688892841339,0.12129364162683487,0.5131636261940002,0.45654839277267456,0.5729691982269287,-0.17856495082378387,0.942011833190918,0.41092926263809204,0.5091731548309326,0.026857078075408936,0.9438602328300476,0.46483224630355835,0.59586501121521,-0.06475290656089783,0.9999547004699707,0.43329209089279175,0.5935494899749756,0.0646364614367485,0.9999346733093262,0.45730265974998474,0.7238689661026001,-0.10218218713998795,0.9559503793716431,0.41899099946022034,0.7462919354438782,0.006428749766200781,0.7175862193107605,0.45489829778671265,0.8602442145347595,0.0005568229244090617,0.9681814312934875,0.44234633445739746,0.8392757773399353,0.14942829310894012,0.7474338412284851,0.4421316087245941,0.9064505100250244,-0.0824768990278244,0.9695953726768494,0.4241940379142761,0.8852667212486267,0.10131984949111938,0.8158066868782043
310,10.333333333333334,0.4539979100227356,0.3236115872859955,-0.1515514850616455,0.9999575614929199,0.46892446279525757,0.4091781675815582,-0.11721398681402206,0.9999729990959167,0.43873780965805054,0.38965147733688354,0.08244308084249496,0.9999552369117737,0.47742289304733276,0.5038479566574097,-0.136537104845047,0.9499174356460571,0.4303467869758606,0.4633488059043884,0.1244821548461914,0.4996705651283264,0.45659059286117554,0.5719391703605652,-0.18014974892139435,0.9458528161048889,0.41092777252197266,0.5090256333351135,0.030426815152168274,0.9405423402786255,0.4649246335029602,0.5963440537452698,-0.0648382306098938,0.9999551177024841,0.4331362247467041,0.5936236381530762,0.06472496688365936,0.9999345541000366,0.4573189616203308,0.7244136333465576,-0.10007379949092865,0.9558066129684448,0.41904783248901367,0.7455106377601624,0.007768495474010706,0.7219027280807495,0.4548141062259674,0.8598372340202332,0.005980608053505421,0.9684409499168396,0.44208917021751404,0.8395785689353943,0.150128573179245,0.7518950700759888,0.44203782081604004,0.9064933061599731,-0.0753478929400444,0.9696402549743652,0.4240858554840088,0.8854466676712036,0.10211609303951263,0.8195381164550781
311,10.366666666666667,0.4621330797672272,0.33296942710876465,-0.1417270302772522,0.9999526739120483,0.47108110785484314,0.42345309257507324,-0.09025774151086807,0.9999728202819824,0.4389107823371887,0.39398232102394104,0.07311487942934036,0.999946117401123,0.4833343029022217,0.5299159288406372,-0.09182564914226532,0.9500998258590698,0.4193543493747711,0.4651145935058594,0.02923961542546749,0.5072874426841736,0.46008872985839844,0.6038443446159363,-0.12929178774356842,0.9468017220497131,0.40963563323020935,0.47800979018211365,-0.15816505253314972,0.9426285028457642,0.45831918716430664,0.6136597394943237,-0.05347803980112076,0.9999526143074036,0.4281689524650574,0.609754204750061,0.05338612198829651,0.9999260902404785,0.4556136727333069,0.7537758946418762,-0.08981771022081375,0.9550166130065918,0.4149271845817566,0.7533355951309204,-0.013566181063652039,0.709479570388794,0.4537241458892822,0.9052010178565979,-0.00913923978805542,0.9699276685714722,0.4427059292793274,0.8328853249549866,0.18695178627967834,0.7209246754646301,0.4419158399105072,0.9428601861000061,-0.10068865120410919,0.9703669548034668,0.4355427324771881,0.8847841024398804,0.1535228192806244,0.7930735349655151
312,10.4,0.464383989572525,0.3360682427883148,-0.12423533201217651,0.999943196773529,0.47203415632247925,0.4271496534347534,-0.07179395854473114,0.9999704360961914,0.43894195556640625,0.3956220746040344,0.06406493484973907,0.9999298453330994,0.4858228266239166,0.5335954427719116,-0.061755262315273285,0.9493216872215271,0.4186471402645111,0.46758171916007996,0.026004984974861145,0.5159804224967957,0.463165283203125,0.6045477986335754,-0.08545376360416412,0.9451678991317749,0.40935835242271423,0.47334811091423035,-0.1372542679309845,0.9439453482627869,0.4578523635864258,0.6115522384643555,-0.044044967740774155,0.9999477863311768,0.427504301071167,0.6089295148849487,0.04393599182367325,0.9999135136604309,0.45565065741539,0.752595841884613,-0.07011384516954422,0.9473912715911865,0.41531166434288025,0.7527433037757874,-0.02148480899631977,0.6845048666000366,0.4525947570800781,0.8982203006744385,-0.018486088141798973,0.9685570597648621,0.4460826516151428,0.8296130895614624,0.14710845053195953,0.68869948387146,0.4425572454929352,0.943129301071167,-0.10839482396841049,0.9674097895622253,0.4372228682041168,0.8837252259254456,0.13825999200344086,0.7625554800033569
313,10.433333333333334,0.4648423194885254,0.33779177069664,-0.13152971863746643,0.9999255537986755,0.4723062515258789,0.4281083047389984,-0.08346718549728394,0.9999664425849915,0.43911585211753845,0.39634543657302856,0.05294450372457504,0.9999080300331116,0.48669523000717163,0.5351160764694214,-0.08098205924034119,0.9481586813926697,0.4185560643672943,0.46795082092285156,0.013619624078273773,0.5210235714912415,0.46374815702438354,0.6051146984100342,-0.10836730897426605,0.9416643977165222,0.40926337242126465,0.47193264961242676,-0.15202036499977112,0.9448572993278503,0.4573005735874176,0.6117149591445923,-0.0437098927795887,0.9999448657035828,0.42730432748794556,0.6084578037261963,0.043607957661151886,0.9999043345451355,0.45560723543167114,0.7535078525543213,-0.07396914064884186,0.9464111328125,0.41477736830711365,0.7523934245109558,-0.021292099729180336,0.6740641593933105,0.45217713713645935,0.8972228765487671,-0.02137414738535881,0.9698347449302673,0.44612032175064087,0.8276921510696411,0.1488495171070099,0.67021644115448,0.44320449233055115,0.9442758560180664,-0.11795203387737274,0.9678317308425903,0.43757933378219604,0.8833909034729004,0.1254352629184723,0.7448082566261292
314,10.466666666666667,0.4639205038547516,0.3391358554363251,-0.1310911327600479,0.9999133944511414,0.47237929701805115,0.42889404296875,-0.08848319947719574,0.9999638795852661,0.43963852524757385,0.3974263072013855,0.053789496421813965,0.9998862147331238,0.4868844449520111,0.5369256734848022,-0.08788131922483444,0.9493420124053955,0.4179062843322754,0.4692845642566681,0.012477491982281208,0.521812915802002,0.4634665846824646,0.6066169142723083,-0.11566100269556046,0.9417171478271484,0.409349262714386,0.4710571765899658,-0.1555945873260498,0.9438683986663818,0.4565812647342682,0.6113287806510925,-0.04479470103979111,0.9999440312385559,0.42711886763572693,0.6082493662834167,0.04471813887357712,0.9998993873596191,0.4554746150970459,0.7554305791854858,-0.07505525648593903,0.9493261575698853,0.414395809173584,0.7523340582847595,-0.01841139793395996,0.6750038862228394,0.45220690965652466,0.8999019861221313,-0.02295202575623989,0.9721105098724365,0.44603046774864197,0.8226559162139893,0.16482409834861755,0.6618480682373047,0.4439244866371155,0.9464860558509827,-0.12294094264507294,0.9698219299316406,0.4382529854774475,0.8798134922981262,0.13868007063865662,0.7381717562675476
315,10.5,0.46340084075927734,0.3391827344894409,-0.13001571595668793,0.9999032616615295,0.472440242767334,0.4289740324020386,-0.09072190523147583,0.9999616146087646,0.43983158469200134,0.39789336919784546,0.05358709767460823,0.9998658895492554,0.486560195684433,0.5381558537483215,-0.0908452719449997,0.950447142124176,0.4170059263706207,0.4697549641132355,0.012434391304850578,0.5243663787841797,0.4630274176597595,0.6078307032585144,-0.11939159780740738,0.9426007866859436,0.40936142206192017,0.4714156687259674,-0.15438587963581085,0.9437491297721863,0.4561077654361725,0.6151016354560852,-0.045242320746183395,0.9999426007270813,0.4265664517879486,0.6102893948554993,0.04517098888754845,0.9998928308486938,0.4551125466823578,0.7587894797325134,-0.06919074058532715,0.9513835906982422,0.41382479667663574,0.7531354427337646,-0.01654018461704254,0.6744933724403381,0.4521152973175049,0.9025638103485107,-0.02115510031580925,0.9739588499069214,0.44680875539779663,0.8198930621147156,0.17126281559467316,0.6480515003204346,0.44390052556991577,0.9480138421058655,-0.11758152395486832,0.9713291525840759,0.44175106287002563,0.8781092166900635,0.1484605371952057,0.7273856401443481
316,10.533333333333333,0.46289539337158203,0.3389308750629425,-0.13305483758449554,0.9998987913131714,0.47245416045188904,0.42882105708122253,-0.09392010420560837,0.9999607801437378,0.4399976134300232,0.3982217013835907,0.05197345092892647,0.9998399019241333,0.4864017069339752,0.5382587909698486,-0.09857341647148132,0.9528138637542725,0.4165778160095215,0.4703312814235687,0.010918770916759968,0.5189816951751709,0.46260571479797363,0.6110326051712036,-0.13139048218727112,0.9449400305747986,0.4094086289405823,0.47196972370147705,-0.1526184231042862,0.9394848346710205,0.4560066759586334,0.6164609789848328,-0.04669436439871788,0.9999396800994873,0.4265833795070648,0.610508918762207,0.046617865562438965,0.999881386756897,0.45480942726135254,0.7612408399581909,-0.06721211224794388,0.9532329440116882,0.41359883546829224,0.7535296678543091,-0.004819666035473347,0.6685288548469543,0.4520483911037445,0.9024479389190674,-0.011539416387677193,0.9753406643867493,0.44671669602394104,0.8189339637756348,0.182883158326149,0.631750762462616,0.44044095277786255,0.9500511288642883,-0.10383548587560654,0.9722933173179626,0.43985873460769653,0.8740372657775879,0.1614314466714859,0.7152532935142517
317,10.566666666666666,0.4625672399997711,0.33858585357666016,-0.13386140763759613,0.9998950362205505,0.47242459654808044,0.4292595684528351,-0.0952298492193222,0.9999595284461975,0.44024166464805603,0.3987993597984314,0.05334300920367241,0.9998195171356201,0.48621177673339844,0.5378849506378174,-0.09934116899967194,0.9534472823143005,0.41603946685791016,0.47096312046051025,0.009548554196953773,0.513923704624176,0.46237367391586304,0.610750138759613,-0.12879717350006104,0.9448734521865845,0.4095991253852844,0.47167977690696716,-0.1587705761194229,0.9344689249992371,0.456000953912735,0.6165450215339661,-0.04708177223801613,0.9999381303787231,0.426649272441864,0.6104656457901001,0.04700494557619095,0.9998752474784851,0.45470112562179565,0.761096179485321,-0.0671827420592308,0.952859103679657,0.4135653078556061,0.7537193894386292,-0.002769631799310446,0.6567777395248413,0.45198529958724976,0.8999292850494385,-0.006039206869900227,0.9756305813789368,0.4467542767524719,0.8190138339996338,0.1834256649017334,0.6096941828727722,0.4415614604949951,0.9484146237373352,-0.09368877112865448,0.9717567563056946,0.43881750106811523,0.8719837665557861,0.16269642114639282,0.6957512497901917
318,10.6,0.4623430371284485,0.33867281675338745,-0.1341170072555542,0.9998937249183655,0.47238731384277344,0.4295811057090759,-0.09702655673027039,0.9999591708183289,0.4405924379825592,0.3992117941379547,0.05431584268808365,0.9998041987419128,0.48623472452163696,0.538243293762207,-0.10144467651844025,0.9547629952430725,0.41597962379455566,0.47136858105659485,0.005097346380352974,0.5066683888435364,0.4621920585632324,0.6113347411155701,-0.13256613910198212,0.9458674788475037,0.4097196161746979,0.4709106385707855,-0.1732148975133896,0.9298518896102905,0.4560113549232483,0.6159407496452332,-0.04737409949302673,0.9999350309371948,0.42682743072509766,0.6101793050765991,0.04728715866804123,0.9998666048049927,0.45444315671920776,0.7588216066360474,-0.07237721979618073,0.9521628618240356,0.4136110246181488,0.7536117434501648,-0.0025018963497132063,0.6425928473472595,0.45195192098617554,0.899258017539978,-0.008652616292238235,0.975551962852478,0.44703346490859985,0.8197363018989563,0.1776203215122223,0.5910888910293579,0.44087013602256775,0.9475387334823608,-0.09739828109741211,0.9710074067115784,0.43940335512161255,0.8728899359703064,0.15193691849708557,0.6805815100669861
319,10.633333333333333,0.462226539850235,0.3384914696216583,-0.1379912793636322,0.9998893737792969,0.4723658561706543,0.42950761318206787,-0.1011253148317337,0.999958336353302,0.4408090114593506,0.3994322419166565,0.05427582934498787,0.9997860789299011,0.48628339171409607,0.5386494398117065,-0.10350451618432999,0.9560191631317139,0.41589388251304626,0.4717881381511688,0.004667722620069981,0.4994729459285736,0.46207600831985474,0.6120293736457825,-0.13539665937423706,0.9465760588645935,0.4098319411277771,0.47064119577407837,-0.17323537170886993,0.9252445697784424,0.45614442229270935,0.6156103610992432,-0.04759480804204941,0.9999309182167053,0.42695099115371704,0.6099997162818909,0.04751962423324585,0.9998559951782227,0.4543238580226898,0.7572300434112549,-0.07517339289188385,0.951476514339447,0.4136500954627991,0.7533608078956604,-0.0017050022725015879,0.6283183097839355,0.45169520378112793,0.8982486128807068,-0.011904701590538025,0.9755398631095886,0.4469953179359436,0.8208830952644348,0.17484423518180847,0.5749927163124084,0.4405866265296936,0.9477505087852478,-0.10117872059345245,0.9703607559204102,0.4393473267555237,0.8744357824325562,0.14697882533073425,0.6671051383018494
320,10.666666666666666,0.46209827065467834,0.3383673429489136,-0.1387796401977539,0.999886691570282,0.4723514914512634,0.42940640449523926,-0.10149562358856201,0.9999576807022095,0.4409126341342926,0.39947205781936646,0.05458339303731918,0.9997705221176147,0.4862920641899109,0.5386129021644592,-0.10411745309829712,0.9572802782058716,0.4158496856689453,0.47211405634880066,0.005293958820402622,0.4950982928276062,0.4619976878166199,0.6122807264328003,-0.13516853749752045,0.9476599097251892,0.4098578095436096,0.47056370973587036,-0.17305104434490204,0.9224351048469543,0.4562508463859558,0.6152281165122986,-0.047784473747015,0.999926745891571,0.42698273062705994,0.609770655632019,0.047700606286525726,0.9998452067375183,0.4542698860168457,0.7562893629074097,-0.07539670169353485,0.951240062713623,0.41369375586509705,0.7531102299690247,-0.0023245851043611765,0.6177268624305725,0.45163828134536743,0.8976789116859436,-0.013095676898956299,0.9756984710693359,0.44696125388145447,0.8213731646537781,0.17401432991027832,0.5595115423202515,0.44090357422828674,0.9475991725921631,-0.10314831882715225,0.9699970483779907,0.43945401906967163,0.8747313618659973,0.1464407593011856,0.6542168259620667
321,10.7,0.4619778096675873,0.33830446004867554,-0.13883273303508759,0.9998850226402283,0.4723374843597412,0.4293158948421478,-0.10148920863866806,0.9999571442604065,0.4409899115562439,0.3994610607624054,0.05492067337036133,0.9997575283050537,0.48628902435302734,0.5385565161705017,-0.10429175198078156,0.9584437608718872,0.4158790707588196,0.47228068113327026,0.006038936786353588,0.4916669726371765,0.4619366526603699,0.6123220920562744,-0.134693443775177,0.9487946033477783,0.4098650813102722,0.47073906660079956,-0.17361491918563843,0.9202315807342529,0.45632266998291016,0.6149406433105469,-0.0479472316801548,0.9999235272407532,0.4269992411136627,0.6095866560935974,0.04785701259970665,0.9998365044593811,0.4542693495750427,0.7557563781738281,-0.0759497657418251,0.9511250257492065,0.4137018322944641,0.7530454993247986,-0.004234581254422665,0.609309196472168,0.45159608125686646,0.8974764347076416,-0.0139374490827322,0.9759568572044373,0.4469861090183258,0.8217896223068237,0.1729544848203659,0.5456578135490417,0.441129207611084,0.9475419521331787,-0.10355565696954727,0.9698357582092285,0.4398614466190338,0.8749558329582214,0.14491954445838928,0.6428411602973938
322,10.733333333333333,0.4619186818599701,0.3382452130317688,-0.13890132308006287,0.9998844265937805,0.4723230302333832,0.4292244017124176,-0.10111377388238907,0.9999567270278931,0.4410446584224701,0.3994287848472595,0.05503135174512863,0.9997476935386658,0.4862643778324127,0.5384129285812378,-0.10338856279850006,0.959367573261261,0.41585150361061096,0.4724510908126831,0.0071024214848876,0.4892989993095398,0.461881548166275,0.6121789813041687,-0.13277721405029297,0.949615478515625,0.40987032651901245,0.47083091735839844,-0.1715763509273529,0.9185667037963867,0.4563790261745453,0.6147150993347168,-0.048129450529813766,0.9999209642410278,0.42704853415489197,0.6094520688056946,0.048035744577646255,0.9998298287391663,0.45427337288856506,0.7554183006286621,-0.0762234628200531,0.9509161710739136,0.4137203097343445,0.753028929233551,-0.007164389826357365,0.6014710664749146,0.4515429139137268,0.8974681496620178,-0.015156442299485207,0.9761656522750854,0.44710010290145874,0.8220765590667725,0.1708987057209015,0.5324277877807617,0.44122689962387085,0.9475657343864441,-0.10649226605892181,0.9696704745292664,0.4402041435241699,0.8750234842300415,0.14454251527786255,0.6320276856422424
323,10.766666666666667,0.4682123064994812,0.35841119289398193,-0.1405673325061798,0.9998739361763,0.47831106185913086,0.45385652780532837,-0.08621860295534134,0.9999498724937439,0.4411124587059021,0.40896499156951904,0.03455553576350212,0.9994612336158752,0.48865073919296265,0.5718216300010681,-0.0950314849615097,0.9619441032409668,0.41197171807289124,0.42847445607185364,0.0037702727131545544,0.5018826723098755,0.46290677785873413,0.6521966457366943,-0.1352633833885193,0.9513413310050964,0.4127187132835388,0.4227716326713562,-0.10818735510110855,0.889068067073822,0.4515034258365631,0.6396444439888,-0.03997189551591873,0.9999114274978638,0.420341819524765,0.6309217810630798,0.03986348211765289,0.9997727274894714,0.45006775856018066,0.8022692203521729,-0.05951954051852226,0.9526091814041138,0.41127172112464905,0.7693228721618652,0.0009879538556560874,0.605350911617279,0.4505441188812256,0.9560701847076416,-0.027851108461618423,0.9766216278076172,0.4491361677646637,0.8006778955459595,0.21237115561962128,0.49660080671310425,0.4327390193939209,0.9862006902694702,-0.12286078929901123,0.9679245948791504,0.45596843957901,0.8517035841941833,0.21350307762622833,0.5892230868339539
324,10.8,0.469691663980484,0.3608323335647583,-0.13508817553520203,0.9998776316642761,0.48048409819602966,0.458830863237381,-0.0817161351442337,0.9999480247497559,0.4421311020851135,0.41239485144615173,0.03767665475606918,0.9991986155509949,0.4897346496582031,0.5752481818199158,-0.07864120602607727,0.9644680023193359,0.4110219478607178,0.42293617129325867,0.032558754086494446,0.5046975612640381,0.4631827771663666,0.6542731523513794,-0.11155174672603607,0.9544504284858704,0.41484346985816956,0.41650763154029846,-0.0329258069396019,0.8503463268280029,0.4503026008605957,0.6427090167999268,-0.04003632068634033,0.9998994469642639,0.4193955361843109,0.6335402131080627,0.03993500769138336,0.9996921420097351,0.44909167289733887,0.8050033450126648,-0.059087447822093964,0.954228937625885,0.41074174642562866,0.7737476825714111,0.02771504782140255,0.5952590107917786,0.449174165725708,0.9615157246589661,-0.05822634696960449,0.9772707223892212,0.4506832957267761,0.8022018671035767,0.21623452007770538,0.46277230978012085,0.4243539273738861,1.000670313835144,-0.15499575436115265,0.9676847457885742,0.4577256739139557,0.8517903089523315,0.21914848685264587,0.5526357293128967
325,10.833333333333334,0.46900424361228943,0.35836121439933777,-0.13194529712200165,0.9998788833618164,0.48069724440574646,0.4586149752140045,-0.08395393937826157,0.9999464750289917,0.44322460889816284,0.4131251871585846,0.03553866967558861,0.9990781545639038,0.49025359749794006,0.5760915279388428,-0.07814871519804001,0.9665434956550598,0.41105762124061584,0.42308133840560913,0.03204767033457756,0.5164586901664734,0.46384397149086,0.6557491421699524,-0.10955888032913208,0.9572636485099792,0.4146239161491394,0.41556164622306824,-0.044378019869327545,0.8360598683357239,0.45074161887168884,0.642952024936676,-0.03955048322677612,0.9998909831047058,0.4196697175502777,0.6340914368629456,0.03944116085767746,0.99964439868927,0.44884759187698364,0.8027793169021606,-0.05241362378001213,0.9559098482131958,0.41046589612960815,0.7731244564056396,0.04769877344369888,0.5889967679977417,0.448634535074234,0.957554280757904,-0.04816440865397453,0.9779346585273743,0.45235127210617065,0.8027316331863403,0.23497724533081055,0.43581122159957886,0.4269331991672516,1.0013450384140015,-0.14286521077156067,0.9678343534469604,0.4545975625514984,0.8444376587867737,0.23928053677082062,0.5249495506286621
326,10.866666666666667,0.46917620301246643,0.35688066482543945,-0.13194015622138977,0.9998818635940552,0.48080962896347046,0.45994505286216736,-0.08619312942028046,0.9999447464942932,0.4437827467918396,0.41317129135131836,0.02982620894908905,0.9989728331565857,0.4903694987297058,0.5762721300125122,-0.07877229899168015,0.9684416055679321,0.41139131784439087,0.4248870015144348,0.06621111184358597,0.5234472751617432,0.4645167887210846,0.6562716364860535,-0.1086706891655922,0.9602749347686768,0.4145411550998688,0.4164144694805145,0.04612353444099426,0.8264434933662415,0.4511438012123108,0.6423882842063904,-0.03923980891704559,0.9998819231987,0.4198896288871765,0.6339932084083557,0.03912971168756485,0.9995964169502258,0.44836050271987915,0.7991044521331787,-0.03986053168773651,0.955083429813385,0.4105672836303711,0.7729403376579285,0.0595744363963604,0.5717781782150269,0.4482949376106262,0.9538363814353943,-0.046244312077760696,0.9777690768241882,0.45383280515670776,0.8048552870750427,0.2366335690021515,0.40757301449775696,0.42859014868736267,0.995274007320404,-0.13832026720046997,0.9671196341514587,0.45456403493881226,0.8485924005508423,0.2434639185667038,0.49596402049064636
327,10.9,0.46952420473098755,0.3585100769996643,-0.13253308832645416,0.9998889565467834,0.4808832108974457,0.4596695005893707,-0.08736851066350937,0.9999449253082275,0.44401201605796814,0.4129558205604553,0.030247047543525696,0.9989194273948669,0.4904225766658783,0.5762474536895752,-0.08024679869413376,0.9701589941978455,0.41198602318763733,0.42578670382499695,0.06520963460206985,0.5257474780082703,0.46468672156333923,0.6575236916542053,-0.11071638017892838,0.9628851413726807,0.4148641526699066,0.4171362519264221,0.035601768642663956,0.8184146285057068,0.4513933062553406,0.640851616859436,-0.0398341566324234,0.9998777508735657,0.4200916290283203,0.6331987977027893,0.039726920425891876,0.9995700120925903,0.44797348976135254,0.7983017563819885,-0.037585072219371796,0.9551194310188293,0.410614013671875,0.7717494368553162,0.05270196124911308,0.5587204098701477,0.44807299971580505,0.9542772769927979,-0.043421320617198944,0.9779092669487,0.45414143800735474,0.7993125319480896,0.23049506545066833,0.38298362493515015,0.4290812909603119,0.9924266338348389,-0.13578224182128906,0.9671193957328796,0.45340853929519653,0.8392801284790039,0.2368541955947876,0.47307100892066956
328,10.933333333333334,0.46947258710861206,0.35789400339126587,-0.13307198882102966,0.999890923500061,0.4809111952781677,0.46091538667678833,-0.0852290466427803,0.9999424815177917,0.44406765699386597,0.4129970669746399,0.03043973445892334,0.9988006353378296,0.4904751181602478,0.5761967301368713,-0.07710660248994827,0.9714900255203247,0.41260018944740295,0.42609378695487976,0.05295759439468384,0.5266403555870056,0.46578121185302734,0.6562453508377075,-0.10830777883529663,0.9647307395935059,0.41523534059524536,0.41678348183631897,0.0009781942935660481,0.8040139079093933,0.45150890946388245,0.6411857008934021,-0.03922984004020691,0.9998692870140076,0.4199891984462738,0.6334895491600037,0.0391211099922657,0.999528169631958,0.4478228688240051,0.7977543473243713,-0.04301078990101814,0.9556939601898193,0.4106801450252533,0.7717450261116028,0.05102131515741348,0.5504822731018066,0.4478681981563568,0.9524432420730591,-0.043587952852249146,0.9777790904045105,0.45431724190711975,0.8006523251533508,0.22646968066692352,0.36241844296455383,0.42939695715904236,0.9920746088027954,-0.13496533036231995,0.9663586020469666,0.4562187194824219,0.8421616554260254,0.2305101603269577,0.45168402791023254
329,10.966666666666667,0.4693923592567444,0.35711508989334106,-0.13344408571720123,0.999891996383667,0.48087039589881897,0.46086645126342773,-0.08618129044771194,0.9999386668205261,0.44404125213623047,0.41307979822158813,0.03017905354499817,0.9986059069633484,0.49042588472366333,0.5761127471923828,-0.07949613779783249,0.9718437790870667,0.4128324091434479,0.4261385202407837,0.07547274231910706,0.5137970447540283,0.4656657576560974,0.6574583649635315,-0.11057770252227783,0.9649201035499573,0.41552457213401794,0.4153923988342285,0.06582540273666382,0.7788110375404358,0.4514177441596985,0.6406338214874268,-0.039518073201179504,0.9998586177825928,0.41985195875167847,0.6331939101219177,0.039407409727573395,0.999470055103302,0.4479793906211853,0.8014997839927673,-0.03801051899790764,0.9554298520088196,0.41074633598327637,0.7715439796447754,0.054585762321949005,0.5332428812980652,0.44760870933532715,0.9565909504890442,-0.045209165662527084,0.9774430990219116,0.4542405605316162,0.7886343002319336,0.2444472759962082,0.3358917534351349,0.42761167883872986,0.994266927242279,-0.1344819962978363,0.9647097587585449,0.45578908920288086,0.8299632668495178,0.26286470890045166,0.42151209712028503
330,11.0,0.46932125091552734,0.3565787374973297,-0.13360196352005005,0.9998918175697327,0.48086851835250854,0.460934579372406,-0.0861877053976059,0.9999357461929321,0.44401445984840393,0.4131729006767273,0.028560113161802292,0.9984419941902161,0.49040380120277405,0.5757018327713013,-0.07760567963123322,0.9730001091957092,0.41329026222229004,0.42621058225631714,0.07288350909948349,0.5085622072219849,0.46582722663879395,0.6566101312637329,-0.10728718340396881,0.966437578201294,0.41544127464294434,0.41509056091308594,0.05886484310030937,0.7620839476585388,0.4512348175048828,0.6410470604896545,-0.037520404905080795,0.9998545050621033,0.4193201959133148,0.6337941288948059,0.03741814196109772,0.9994407892227173,0.44810810685157776,0.7998442649841309,-0.033394165337085724,0.9566279053688049,0.4107998311519623,0.7712721228599548,0.039820801466703415,0.5350291728973389,0.4476231634616852,0.9539130926132202,-0.04205169528722763,0.9778756499290466,0.45407241582870483,0.7841448187828064,0.23369088768959045,0.31618908047676086,0.43174290657043457,0.9946959018707275,-0.1261034607887268,0.9645844101905823,0.4553855359554291,0.8214721083641052,0.252372145652771,0.3998352289199829
331,11.033333333333333,0.46929484605789185,0.35643234848976135,-0.13219377398490906,0.9998940229415894,0.4810035824775696,0.4613335430622101,-0.08370203524827957,0.9999334812164307,0.4439956545829773,0.4132770895957947,0.02751985192298889,0.9983728528022766,0.4904143214225769,0.575566291809082,-0.07390575855970383,0.973517894744873,0.4131816327571869,0.4247010052204132,0.06726653128862381,0.5124975442886353,0.4662717878818512,0.6561279892921448,-0.10275308787822723,0.9671759605407715,0.41537800431251526,0.4144061207771301,0.04678857699036598,0.7536212205886841,0.4512111246585846,0.6419992446899414,-0.03658062592148781,0.9998486042022705,0.41881799697875977,0.634621262550354,0.03647284582257271,0.9994133710861206,0.448178231716156,0.7993039488792419,-0.033370546996593475,0.9571220278739929,0.4108203053474426,0.7712418437004089,0.04013224318623543,0.5304163694381714,0.44760116934776306,0.9545353651046753,-0.04331935942173004,0.9779974222183228,0.4539392590522766,0.7840988039970398,0.23402170836925507,0.2970333695411682,0.43233466148376465,0.9958991408348083,-0.12740497291088104,0.9642142057418823,0.45517659187316895,0.8253425359725952,0.2537710666656494,0.3791210353374481
332,11.066666666666666,0.46925848722457886,0.35757097601890564,-0.13215968012809753,0.9998942613601685,0.48120659589767456,0.46235308051109314,-0.08425924181938171,0.9999325275421143,0.44397830963134766,0.41317421197891235,0.025192495435476303,0.9983366131782532,0.4904197156429291,0.576403021812439,-0.07490302622318268,0.9740776419639587,0.41317471861839294,0.4246199429035187,0.05356461927294731,0.517534077167511,0.4666718542575836,0.6563786268234253,-0.10463781654834747,0.9682479500770569,0.41537055373191833,0.4157651364803314,0.022331805899739265,0.7485538125038147,0.45125919580459595,0.6425865292549133,-0.03669246286153793,0.9998453855514526,0.41867002844810486,0.6347689032554626,0.036582715809345245,0.9993972778320312,0.44823774695396423,0.7995126247406006,-0.036252133548259735,0.9576101303100586,0.410827100276947,0.7713616490364075,0.04726974293589592,0.5252166390419006,0.4476234018802643,0.9564500451087952,-0.043005190789699554,0.9783257246017456,0.4538933336734772,0.7864769697189331,0.23363609611988068,0.2845475673675537,0.4322812557220459,0.9951462745666504,-0.13094989955425262,0.9645187854766846,0.4566210210323334,0.8294872641563416,0.24565652012825012,0.36772748827934265
333,11.1,0.4692613482475281,0.35786646604537964,-0.1357971727848053,0.9998946785926819,0.4813063144683838,0.46291229128837585,-0.0893688052892685,0.9999309778213501,0.44396400451660156,0.41311705112457275,0.022627685219049454,0.9982808828353882,0.4904133379459381,0.5768753290176392,-0.081434465944767,0.9740719795227051,0.4130123555660248,0.4237639904022217,0.05746184661984444,0.5140073895454407,0.4667460322380066,0.6569879651069641,-0.11371114104986191,0.9686229228973389,0.41539764404296875,0.41626548767089844,0.03865442052483559,0.7384427785873413,0.4512820839881897,0.6428523659706116,-0.0372457280755043,0.9998363852500916,0.4186055660247803,0.6349136829376221,0.03712523728609085,0.9993563294410706,0.4482864439487457,0.8009320497512817,-0.036970850080251694,0.9564417600631714,0.41083818674087524,0.771497368812561,0.06869471073150635,0.5054575800895691,0.4476412832736969,0.9612066745758057,-0.048606954514980316,0.978149950504303,0.4538755416870117,0.7876722812652588,0.25169607996940613,0.26824280619621277,0.4281272888183594,0.9952000379562378,-0.1423531025648117,0.9640896916389465,0.4572106897830963,0.8323639631271362,0.2627623975276947,0.3509986400604248
334,11.133333333333333,0.46927088499069214,0.35817867517471313,-0.1357860416173935,0.9998915791511536,0.48132070899009705,0.4630802869796753,-0.08942314237356186,0.9999274611473083,0.4439639449119568,0.4130735993385315,0.0229537021368742,0.998190701007843,0.4904080927371979,0.5772855281829834,-0.08159943670034409,0.9742982387542725,0.41284283995628357,0.42327597737312317,0.06030375882983208,0.5138344764709473,0.46675437688827515,0.6573762893676758,-0.1147189512848854,0.9691811203956604,0.4153728485107422,0.4163389503955841,0.04175730422139168,0.7332842946052551,0.4512704312801361,0.643336832523346,-0.037462182343006134,0.9998210072517395,0.41854605078697205,0.6352483630180359,0.03734607622027397,0.9992913007736206,0.4483197331428528,0.8021007776260376,-0.03708503395318985,0.9561229348182678,0.41095566749572754,0.7716251015663147,0.06609296053647995,0.4918321669101715,0.447723388671875,0.9628522992134094,-0.051375556737184525,0.9779008626937866,0.45380157232284546,0.7887817621231079,0.25034183263778687,0.2525732219219208,0.4274806082248688,0.9949919581413269,-0.14403946697711945,0.9632714986801147,0.4570537209510803,0.8335345983505249,0.26456373929977417,0.33378419280052185
335,11.166666666666666,0.4758376479148865,0.38021838665008545,-0.09430290758609772,0.9998438954353333,0.48582571744918823,0.4821544289588928,-0.04288581758737564,0.9999014139175415,0.44499826431274414,0.42354312539100647,0.02336118556559086,0.9979748725891113,0.4903838038444519,0.5961731672286987,-0.042834535241127014,0.9735017418861389,0.4183596670627594,0.3989206552505493,0.018826577812433243,0.5468032360076904,0.4670295715332031,0.6758564710617065,-0.08304523676633835,0.9690155386924744,0.4177566170692444,0.36211806535720825,-0.03517422080039978,0.7522278428077698,0.4499744474887848,0.6609777808189392,-0.02580779418349266,0.9998140931129456,0.4157799780368805,0.6487298011779785,0.025699704885482788,0.9992916584014893,0.4448695182800293,0.8216118812561035,-0.04053618758916855,0.9475290179252625,0.4089215397834778,0.7832176089286804,-0.015023646876215935,0.49308738112449646,0.44500452280044556,0.9665360450744629,-0.04451959207653999,0.9708336591720581,0.45376238226890564,0.8113663792610168,0.14693063497543335,0.23764249682426453,0.4194444715976715,1.02608060836792,-0.11945917457342148,0.9502222537994385,0.46232786774635315,0.8709666728973389,0.1531505584716797,0.3133607506752014
336,11.2,0.47588014602661133,0.3841244876384735,-0.08747964352369308,0.9998135566711426,0.4887940287590027,0.48818308115005493,-0.03590833395719528,0.9998790621757507,0.44516721367836,0.42564845085144043,0.021024083718657494,0.997945249080658,0.4903487265110016,0.6041046380996704,-0.03389587625861168,0.9725428223609924,0.4193466305732727,0.38987934589385986,-0.002029500436037779,0.5828111171722412,0.4669942855834961,0.6810571551322937,-0.07375381141901016,0.9682232141494751,0.4180733263492584,0.35485565662384033,-0.06027832627296448,0.7717294692993164,0.44904860854148865,0.660180389881134,-0.01657800003886223,0.9998108744621277,0.41425809264183044,0.647970974445343,0.01645788922905922,0.999306857585907,0.4443513751029968,0.816068172454834,-0.03990430012345314,0.9408535361289978,0.4090171754360199,0.7846966981887817,-0.014435102231800556,0.493290513753891,0.44435247778892517,0.9665452837944031,-0.03788062185049057,0.9632282257080078,0.4533534049987793,0.8123837113380432,0.16044709086418152,0.22157619893550873,0.4293428361415863,1.0173113346099854,-0.11241427809000015,0.9360348582267761,0.4626457691192627,0.8724662661552429,0.16955147683620453,0.2914336323738098
337,11.233333333333333,0.4761808514595032,0.38306036591529846,-0.09681537747383118,0.9998070001602173,0.4892849922180176,0.48945578932762146,-0.04725391045212746,0.9998719096183777,0.4450596272945404,0.42509862780570984,0.021460290998220444,0.9979265928268433,0.4903382658958435,0.6034728288650513,-0.041367094963788986,0.973617672920227,0.4192250669002533,0.38505011796951294,0.01794959045946598,0.6131213903427124,0.46707233786582947,0.6807331442832947,-0.07268475741147995,0.9696690440177917,0.4182032644748688,0.3520764708518982,-0.042972445487976074,0.7885693311691284,0.4486716687679291,0.6609481573104858,-0.019421599805355072,0.9998072981834412,0.41318902373313904,0.6496549248695374,0.019321458414196968,0.9993149638175964,0.44430527091026306,0.8139870762825012,-0.04373544827103615,0.9371610879898071,0.41151827573776245,0.7914068698883057,-0.021463248878717422,0.5019702911376953,0.4442782402038574,0.9685764908790588,-0.037941254675388336,0.957848072052002,0.45284518599510193,0.8231323957443237,0.14951178431510925,0.20992323756217957,0.4291960597038269,1.0264877080917358,-0.1123589426279068,0.9266015291213989,0.462275892496109,0.8852288126945496,0.1566128432750702,0.27521607279777527
338,11.266666666666667,0.47680920362472534,0.38303235173225403,-0.09277024120092392,0.9997994303703308,0.4898042678833008,0.4903269410133362,-0.05117912217974663,0.9998698830604553,0.4447719156742096,0.42458125948905945,0.028987780213356018,0.9978984594345093,0.4903849959373474,0.6032965779304504,-0.04628830403089523,0.9751151204109192,0.41950616240501404,0.3869873583316803,0.06933412700891495,0.6355659365653992,0.46769315004348755,0.6817982792854309,-0.07760535925626755,0.971824586391449,0.41811928153038025,0.3506251871585846,0.07565663754940033,0.8034310936927795,0.44869327545166016,0.6624664068222046,-0.022489700466394424,0.999805748462677,0.41258516907691956,0.6521235704421997,0.02239309251308441,0.9993250370025635,0.44441166520118713,0.8121359944343567,-0.043475884944200516,0.9312970638275146,0.4134262502193451,0.7982718348503113,-0.014959275722503662,0.5116074085235596,0.4444156289100647,0.9689961671829224,-0.034995537251234055,0.9516090750694275,0.46010392904281616,0.846750020980835,0.13567641377449036,0.20157259702682495,0.4290328621864319,1.031549096107483,-0.10266562551259995,0.9168323874473572,0.46597203612327576,0.8986037373542786,0.14253006875514984,0.2631182074546814
339,11.3,0.4768552780151367,0.38364464044570923,-0.0853283628821373,0.9998073577880859,0.4897783398628235,0.49123746156692505,-0.0410551056265831,0.9998725652694702,0.4445725381374359,0.4241257607936859,0.030401984229683876,0.9979552626609802,0.4904986023902893,0.6038044691085815,-0.03360399603843689,0.9763201475143433,0.4192875921726227,0.3834620714187622,0.03656727448105812,0.6617812514305115,0.46899765729904175,0.6824501752853394,-0.06442346423864365,0.9735133647918701,0.4183084964752197,0.3507685661315918,-0.0007873324793763459,0.8170175552368164,0.44876331090927124,0.6621706485748291,-0.02069561555981636,0.9998112916946411,0.4125089645385742,0.6524662971496582,0.020593421533703804,0.9993516802787781,0.4444388449192047,0.8133929967880249,-0.04340130835771561,0.9284899830818176,0.41375643014907837,0.8003548383712769,-0.02440231665968895,0.5207855701446533,0.44425520300865173,0.9709991216659546,-0.03854631260037422,0.9466058611869812,0.46127772331237793,0.8390622735023499,0.13951405882835388,0.19050459563732147,0.4290392994880676,1.035665512084961,-0.10906408727169037,0.9082455039024353,0.46803373098373413,0.8873887062072754,0.15346691012382507,0.24876992404460907
340,11.333333333333334,0.4768964648246765,0.38409683108329773,-0.08883082121610641,0.9998063445091248,0.4899543225765228,0.4931431710720062,-0.04217546433210373,0.9998683333396912,0.44441261887550354,0.4238624572753906,0.02941015362739563,0.9979754090309143,0.49052929878234863,0.6045626401901245,-0.03400516137480736,0.9769259095191956,0.4191790223121643,0.3834557831287384,0.02636208012700081,0.6855406165122986,0.4689999222755432,0.6833648681640625,-0.06352643668651581,0.9743223786354065,0.4183541238307953,0.3516020178794861,-0.01673121377825737,0.8298445343971252,0.4488190710544586,0.6625338792800903,-0.019200962036848068,0.9998164772987366,0.4121996760368347,0.6524869799613953,0.019099615514278412,0.9993795156478882,0.44434890151023865,0.8181056380271912,-0.039313219487667084,0.9257155060768127,0.41368842124938965,0.7992371320724487,-0.02939596399664879,0.5299603939056396,0.4437321722507477,0.973108172416687,-0.03035244718194008,0.9423720836639404,0.4613015651702881,0.8352327942848206,0.14075879752635956,0.18082423508167267,0.4284622073173523,1.0394946336746216,-0.09802388399839401,0.8995621204376221,0.4684370458126068,0.8834666609764099,0.1556282341480255,0.235359787940979
341,11.366666666666667,0.4770492911338806,0.38321155309677124,-0.08651823550462723,0.9998093247413635,0.48995065689086914,0.4933204650878906,-0.043895214796066284,0.9998699426651001,0.44440197944641113,0.4237046241760254,0.03043849766254425,0.998022735118866,0.4905700087547302,0.604576051235199,-0.03464638814330101,0.977941632270813,0.4193255305290222,0.38523584604263306,0.027674878016114235,0.7066705226898193,0.469115674495697,0.6839950084686279,-0.06299210339784622,0.9757151007652283,0.4183090627193451,0.3520965874195099,-0.012545779347419739,0.8416711688041687,0.4488632082939148,0.6637149453163147,-0.01955387555062771,0.9998194575309753,0.4119897782802582,0.653315544128418,0.01945367082953453,0.9993975758552551,0.4444245398044586,0.8216879963874817,-0.038937877863645554,0.9213094711303711,0.41382938623428345,0.7998960614204407,-0.025673609226942062,0.533414363861084,0.44360876083374023,0.9769012331962585,-0.032009586691856384,0.9357504844665527,0.4579898715019226,0.8319056034088135,0.14183464646339417,0.17007650434970856,0.42874425649642944,1.0420444011688232,-0.10231366008520126,0.8884925842285156,0.4684179425239563,0.8853857517242432,0.15636764466762543,0.22125758230686188
342,11.4,0.47730690240859985,0.3825104236602783,-0.08465095609426498,0.9998148679733276,0.49000269174575806,0.49381354451179504,-0.044001512229442596,0.9998717904090881,0.44439059495925903,0.4237091839313507,0.02961103990674019,0.998090386390686,0.49056825041770935,0.6048294901847839,-0.035928308963775635,0.9788219332695007,0.41947537660598755,0.3862083852291107,0.002561532659456134,0.7268856167793274,0.46906059980392456,0.6846604943275452,-0.06448788940906525,0.9769696593284607,0.4182801842689514,0.35197776556015015,-0.0700942650437355,0.8534156680107117,0.44885215163230896,0.6642164587974548,-0.019347384572029114,0.9998219609260559,0.41193103790283203,0.6538000106811523,0.019242195412516594,0.9994145035743713,0.44427376985549927,0.8217881917953491,-0.03917616605758667,0.9166826009750366,0.4137829840183258,0.7996687293052673,-0.025183657184243202,0.5327866077423096,0.4435165524482727,0.976273238658905,-0.03572355955839157,0.928749144077301,0.45586609840393066,0.8308432102203369,0.13164985179901123,0.16035637259483337,0.4285642206668854,1.0431934595108032,-0.10497669875621796,0.877869188785553,0.46836623549461365,0.8871133327484131,0.14342786371707916,0.20915070176124573
343,11.433333333333334,0.4772968292236328,0.38272613286972046,-0.08515139669179916,0.99981689453125,0.4901561737060547,0.49504008889198303,-0.044714175164699554,0.9998701810836792,0.44443759322166443,0.424416184425354,0.02717694267630577,0.9981245994567871,0.49056369066238403,0.6056815385818481,-0.03860025852918625,0.9794886708259583,0.4198886454105377,0.3876321613788605,-0.019248414784669876,0.7457625269889832,0.4690174162387848,0.6846624612808228,-0.06751664727926254,0.9780279994010925,0.41827112436294556,0.3502230942249298,-0.1128135472536087,0.8648946285247803,0.44887667894363403,0.6640726923942566,-0.019052976742386818,0.9998244047164917,0.41201815009117126,0.65364670753479,0.018950041383504868,0.9994280934333801,0.44405436515808105,0.8205650448799133,-0.045458029955625534,0.9184573888778687,0.41378188133239746,0.7986741065979004,-0.028135735541582108,0.5436592102050781,0.44337597489356995,0.9759699702262878,-0.057613570243120193,0.9307069778442383,0.4556533396244049,0.8306780457496643,0.13790637254714966,0.15655997395515442,0.4317237436771393,1.038555383682251,-0.13489526510238647,0.8803070783615112,0.4679497182369232,0.8874318599700928,0.15028592944145203,0.20419323444366455
344,11.466666666666667,0.4772188067436218,0.38319724798202515,-0.08697086572647095,0.9998160004615784,0.4902184009552002,0.49534904956817627,-0.04624641314148903,0.9998680949211121,0.44472137093544006,0.42519497871398926,0.027283459901809692,0.9981210827827454,0.4905697703361511,0.6056839227676392,-0.04005144163966179,0.9800649881362915,0.4205261766910553,0.38847389817237854,-0.0017757720779627562,0.7619654536247253,0.4690823554992676,0.6841092109680176,-0.06949377059936523,0.9789516925811768,0.41823142766952515,0.34926772117614746,-0.07514474540948868,0.8746181130409241,0.4488604962825775,0.6643281579017639,-0.019681012257933617,0.9998251795768738,0.412000834941864,0.6539372205734253,0.01957821287214756,0.9994344115257263,0.4439055323600769,0.8198270201683044,-0.05126812309026718,0.9190759658813477,0.41377049684524536,0.797985315322876,-0.02358468994498253,0.5479894280433655,0.4432764947414398,0.9759918451309204,-0.07330641150474548,0.9321107864379883,0.4553616940975189,0.8304340839385986,0.14420422911643982,0.1507800966501236,0.4312259256839752,1.0455994606018066,-0.15312312543392181,0.8819661736488342,0.467599093914032,0.8883940577507019,0.15644128620624542,0.19696880877017975
345,11.5,0.4771372377872467,0.3838578164577484,-0.08779498934745789,0.9998217821121216,0.49034732580184937,0.49567532539367676,-0.04682404175400734,0.9998679161071777,0.4449414312839508,0.425528883934021,0.027922147884964943,0.9981432557106018,0.49057549238204956,0.6058984398841858,-0.040433723479509354,0.9807478785514832,0.4210163950920105,0.3886398375034332,0.005966733209788799,0.7768700122833252,0.4690628945827484,0.6839606165885925,-0.06943484395742416,0.9799270033836365,0.41796454787254333,0.3485103249549866,-0.0584997832775116,0.8835979700088501,0.4488566815853119,0.6641247272491455,-0.020040927454829216,0.999824583530426,0.4120045304298401,0.6541284918785095,0.01993759535253048,0.9994392395019531,0.4439247250556946,0.8163963556289673,-0.05165400356054306,0.9186283946037292,0.41375303268432617,0.7975023984909058,-0.020877303555607796,0.552044689655304,0.4432927668094635,0.9756947159767151,-0.07172032445669174,0.9318662285804749,0.4552864134311676,0.831693172454834,0.1449981927871704,0.1456264704465866,0.4299820363521576,1.0437743663787842,-0.1492404043674469,0.8815924525260925,0.4673559069633484,0.8907117247581482,0.15825511515140533,0.1908184140920639
346,11.533333333333333,0.4771197438240051,0.38385891914367676,-0.08638224005699158,0.9998264908790588,0.4903826117515564,0.4955293536186218,-0.04562896862626076,0.9998672604560852,0.44501590728759766,0.4255779981613159,0.030800247564911842,0.9981711506843567,0.4906008243560791,0.6059321761131287,-0.040420230478048325,0.9811426997184753,0.4212819039821625,0.3892469108104706,0.006752076093107462,0.7898988127708435,0.469047874212265,0.6841725707054138,-0.07007291913032532,0.9804621338844299,0.41781550645828247,0.34830689430236816,-0.06690149754285812,0.8915373086929321,0.4488271176815033,0.6639030575752258,-0.020157191902399063,0.999825656414032,0.4119533896446228,0.6542010307312012,0.020055262371897697,0.9994499683380127,0.4439392685890198,0.8162705302238464,-0.05235955864191055,0.9182206392288208,0.4137250781059265,0.7971303462982178,-0.019997375085949898,0.5557605624198914,0.4433724880218506,0.9755384922027588,-0.06638623774051666,0.930790364742279,0.4549904465675354,0.8319575190544128,0.14528819918632507,0.14078596234321594,0.42978721857070923,1.0439231395721436,-0.14219744503498077,0.8796738982200623,0.46713852882385254,0.8924729228019714,0.15914998948574066,0.18484587967395782
347,11.566666666666666,0.48371148109436035,0.4014861583709717,-0.09329620748758316,0.9997333288192749,0.4903647005558014,0.5131669044494629,-0.05195164680480957,0.9998368620872498,0.4450105130672455,0.43139296770095825,0.030681857839226723,0.9979053735733032,0.48618680238723755,0.6204504370689392,-0.0758945494890213,0.9788358211517334,0.42328816652297974,0.3792338967323303,0.0030912274960428476,0.801619291305542,0.46658700704574585,0.7043190598487854,-0.14184105396270752,0.9785036444664001,0.41869091987609863,0.3039158284664154,-0.06907013803720474,0.8992805480957031,0.4478050172328949,0.6681559085845947,-0.02169831655919552,0.9998180270195007,0.41019994020462036,0.6619967222213745,0.02160380780696869,0.9994454979896545,0.4352951645851135,0.8020190596580505,-0.0844532772898674,0.919012188911438,0.4096294939517975,0.8053048849105835,-0.039175041019916534,0.5704788565635681,0.44004949927330017,0.9724661707878113,-0.06329275667667389,0.9284323453903198,0.455608993768692,0.8330426812171936,0.11930811405181885,0.1409107744693756,0.4256816804409027,1.0356881618499756,-0.13956046104431152,0.8758978247642517,0.46621719002723694,0.8867589235305786,0.12195168435573578,0.18272680044174194
348,11.6,0.48571276664733887,0.4077503979206085,-0.09435775876045227,0.9997165203094482,0.4906294345855713,0.5179124474525452,-0.05108559876680374,0.9998195767402649,0.4450538754463196,0.43430763483047485,0.030628252774477005,0.9977210164070129,0.4851871430873871,0.623210608959198,-0.07061424106359482,0.9774155616760254,0.42445963621139526,0.37638431787490845,-0.0033920016139745712,0.8131260871887207,0.46632251143455505,0.7076892852783203,-0.13046732544898987,0.9776273965835571,0.4194490313529968,0.29848626255989075,-0.07995055615901947,0.9065142273902893,0.44718852639198303,0.6712988018989563,-0.023432061076164246,0.9998062252998352,0.4091254770755768,0.6651538014411926,0.02333679050207138,0.999427855014801,0.4317370057106018,0.8034138083457947,-0.07231362909078598,0.9162140488624573,0.4068571925163269,0.8083955645561218,-0.03430942818522453,0.5746101140975952,0.43906038999557495,0.9726677536964417,-0.06933338940143585,0.9256218075752258,0.45557457208633423,0.8375729322433472,0.1184265986084938,0.13776861131191254,0.4261038899421692,1.0180894136428833,-0.14526504278182983,0.8724221587181091,0.46570292115211487,0.884368360042572,0.12428207695484161,0.17877089977264404
349,11.633333333333333,0.4866434931755066,0.4083901643753052,-0.08926825225353241,0.9996998906135559,0.4907504618167877,0.5163809657096863,-0.04415193200111389,0.9998064637184143,0.4450955390930176,0.4357810914516449,0.0339973010122776,0.9976139664649963,0.48548856377601624,0.6217070817947388,-0.0645560547709465,0.975229799747467,0.4250205457210541,0.37633541226387024,-0.004150672350078821,0.8215545415878296,0.46602001786231995,0.7068530321121216,-0.11971636861562729,0.975597620010376,0.41944384574890137,0.29918622970581055,-0.08400920778512955,0.9122380018234253,0.44678807258605957,0.6720588207244873,-0.023434285074472427,0.9998046159744263,0.4085943102836609,0.666318953037262,0.023338859900832176,0.9994328618049622,0.43195968866348267,0.7989614009857178,-0.1006057858467102,0.9195035099983215,0.40645870566368103,0.8101068139076233,-0.042520977556705475,0.587558925151825,0.43914690613746643,0.9653734564781189,-0.08925944566726685,0.9260606169700623,0.45678576827049255,0.8388171792030334,0.10947003215551376,0.1399276852607727,0.42783451080322266,1.005812406539917,-0.1595747172832489,0.8735067248344421,0.46571627259254456,0.885041356086731,0.1142694354057312,0.17978017032146454
350,11.666666666666666,0.48658791184425354,0.40810275077819824,-0.0890207290649414,0.9996957182884216,0.4913111627101898,0.519084095954895,-0.04489351063966751,0.9998013377189636,0.44516903162002563,0.436676025390625,0.03391058370471001,0.9975702166557312,0.4852038323879242,0.6246813535690308,-0.0642707422375679,0.9746509790420532,0.4253501892089844,0.37577736377716064,-0.011305042542517185,0.8305985927581787,0.4654417634010315,0.7093858122825623,-0.1193510890007019,0.9758018851280212,0.4196021556854248,0.29829421639442444,-0.09805001318454742,0.9180606603622437,0.44661006331443787,0.6728021502494812,-0.02352728508412838,0.9998045563697815,0.4082988202571869,0.6665295362472534,0.023433728143572807,0.9994449019432068,0.432260662317276,0.8005735874176025,-0.06351792812347412,0.9132412672042847,0.40577831864356995,0.8118501305580139,-0.04084881395101547,0.5936854481697083,0.4390760362148285,0.9640704393386841,-0.03786235302686691,0.9165106415748596,0.46011537313461304,0.8386288285255432,0.11197545379400253,0.13565517961978912,0.4296470284461975,0.9941807389259338,-0.10023881494998932,0.862108051776886,0.4681823253631592,0.8830909729003906,0.12262753397226334,0.17529354989528656
351,11.7,0.48595505952835083,0.4080958962440491,-0.09041021764278412,0.9996833205223083,0.49165287613868713,0.5208115577697754,-0.0467747263610363,0.999793529510498,0.4452000558376312,0.4366336464881897,0.03168955445289612,0.997471034526825,0.48519691824913025,0.6261991858482361,-0.0663072019815445,0.9753302931785583,0.42544907331466675,0.37504449486732483,-0.019831297919154167,0.8406007885932922,0.465440034866333,0.7109165787696838,-0.12099398672580719,0.9768814444541931,0.4198521077632904,0.2985624074935913,-0.11358330398797989,0.9238067269325256,0.4466443657875061,0.6734234690666199,-0.023671772330999374,0.9998059272766113,0.4082579016685486,0.6669724583625793,0.02358250506222248,0.9994569420814514,0.4319862723350525,0.8015681505203247,-0.060857098549604416,0.9166532754898071,0.4052205979824066,0.8119818568229675,-0.041166458278894424,0.6169026494026184,0.4392154812812805,0.9643827676773071,-0.03369378671050072,0.919195294380188,0.45984524488449097,0.8380962610244751,0.11298996210098267,0.14700953662395477,0.43059101700782776,0.9933878779411316,-0.10138217359781265,0.8663650155067444,0.46753183007240295,0.8846043348312378,0.1205853596329689,0.18752531707286835
352,11.733333333333333,0.48571348190307617,0.407513290643692,-0.08689390122890472,0.9996874332427979,0.4918588101863861,0.5219259262084961,-0.04080067574977875,0.9997887015342712,0.4452114999294281,0.43652093410491943,0.03200177103281021,0.9974457025527954,0.485333114862442,0.6265218257904053,-0.06340278685092926,0.9758167266845703,0.4255213737487793,0.3747474253177643,-0.024725858122110367,0.850286602973938,0.4654789865016937,0.7116755247116089,-0.11578670889139175,0.9778184294700623,0.4204457402229309,0.29871466755867004,-0.12540298700332642,0.9294684529304504,0.4466726779937744,0.6735159754753113,-0.02341601625084877,0.9998050332069397,0.40829500555992126,0.6673545837402344,0.023329181596636772,0.9994614124298096,0.4321858286857605,0.8025711178779602,-0.06742395460605621,0.9201514720916748,0.40514954924583435,0.8116705417633057,-0.04515314847230911,0.6357624530792236,0.4392474591732025,0.963732898235321,-0.03952841833233833,0.9218907356262207,0.46195584535598755,0.8374840617179871,0.11137386411428452,0.15499980747699738,0.4305547773838043,0.9944486618041992,-0.10680415481328964,0.8708227872848511,0.46874555945396423,0.8842223286628723,0.11935064941644669,0.19659872353076935
353,11.766666666666667,0.4853893220424652,0.40645939111709595,-0.08530118316411972,0.999695360660553,0.4919186234474182,0.5210817456245422,-0.0410037524998188,0.9997860193252563,0.44523221254348755,0.4366306662559509,0.03579539433121681,0.9974322319030762,0.4854377210140228,0.6257286667823792,-0.06293334066867828,0.9762299656867981,0.42565950751304626,0.37473559379577637,-0.01886804588139057,0.8584321141242981,0.4654615819454193,0.7111453413963318,-0.12035626173019409,0.9786121845245361,0.4208994507789612,0.2981710731983185,-0.11784003674983978,0.9345309734344482,0.44673147797584534,0.6736342906951904,-0.024476438760757446,0.9998018741607666,0.40837806463241577,0.6676194667816162,0.02438843622803688,0.999460756778717,0.43273717164993286,0.8074007034301758,-0.06841658800840378,0.9218350648880005,0.4053076207637787,0.8115140199661255,-0.0430498942732811,0.647656261920929,0.43931978940963745,0.9638121128082275,-0.0400373674929142,0.9225627779960632,0.46408137679100037,0.8374618291854858,0.11518388986587524,0.15750083327293396,0.4302191734313965,0.9957258701324463,-0.10983724892139435,0.8722104430198669,0.4701479971408844,0.8841972947120667,0.12351278960704803,0.19993022084236145
354,11.8,0.48520427942276,0.4059996008872986,-0.0858706459403038,0.9997045397758484,0.49189695715904236,0.5200202465057373,-0.04116282984614372,0.999779999256134,0.4452781677246094,0.4367157816886902,0.037423547357320786,0.9974135160446167,0.48552823066711426,0.6248326897621155,-0.06928201764822006,0.9761052131652832,0.42574650049209595,0.37482160329818726,-0.017470374703407288,0.8652063012123108,0.4654710292816162,0.7107477784156799,-0.1303987354040146,0.9787828326225281,0.4211490750312805,0.29765552282333374,-0.11789089441299438,0.9390574097633362,0.4467490315437317,0.6738283634185791,-0.027039770036935806,0.999796986579895,0.4084099233150482,0.6681138873100281,0.026944581419229507,0.9994569420814514,0.432932049036026,0.8097618222236633,-0.07331140339374542,0.922131359577179,0.4051562249660492,0.8113070130348206,-0.0338631197810173,0.6521646976470947,0.4393831789493561,0.9663304090499878,-0.06862296164035797,0.9226738810539246,0.4649915099143982,0.838552713394165,0.1174173355102539,0.1567811667919159,0.4289523959159851,0.9970406293869019,-0.1445946991443634,0.8728398084640503,0.4706248342990875,0.8850511312484741,0.12615671753883362,0.19972993433475494
355,11.833333333333334,0.4850520193576813,0.4057637155056,-0.08611613512039185,0.9997126460075378,0.49187955260276794,0.5193037986755371,-0.041888125240802765,0.9997743964195251,0.44532346725463867,0.4367753267288208,0.03832507133483887,0.9973996877670288,0.4856763780117035,0.6242619156837463,-0.07084351778030396,0.9757974147796631,0.42581111192703247,0.3748406767845154,-0.017940271645784378,0.8710004687309265,0.46548980474472046,0.7102223038673401,-0.13389624655246735,0.9788826107978821,0.42129674553871155,0.29748642444610596,-0.1208544373512268,0.9430755972862244,0.4467732310295105,0.6738871932029724,-0.028262203559279442,0.9997910857200623,0.4084564745426178,0.6683993339538574,0.028162946924567223,0.9994503855705261,0.43243876099586487,0.8101126551628113,-0.07473070919513702,0.9210089445114136,0.40495529770851135,0.8109573125839233,-0.029597803950309753,0.6521360278129578,0.4394245743751526,0.9665566086769104,-0.07189072668552399,0.9211571216583252,0.4645857810974121,0.8390275835990906,0.11862696707248688,0.15391021966934204,0.4283958375453949,0.9983084201812744,-0.1474933922290802,0.8712950944900513,0.46935707330703735,0.8850194215774536,0.12734216451644897,0.196930393576622
356,11.866666666666667,0.484945148229599,0.4055466651916504,-0.08633832633495331,0.9997230172157288,0.4918687343597412,0.5190172791481018,-0.04239585995674133,0.9997736811637878,0.44536319375038147,0.4367310404777527,0.03864637017250061,0.9974206686019897,0.48582887649536133,0.6238635778427124,-0.06932933628559113,0.9760133028030396,0.4258534014225006,0.37480437755584717,-0.019101111218333244,0.8765307664871216,0.4655941128730774,0.7098321318626404,-0.13108794391155243,0.9793933033943176,0.42132753133773804,0.297427237033844,-0.12441840022802353,0.9467266201972961,0.44676533341407776,0.6737604141235352,-0.028396785259246826,0.999788224697113,0.40850621461868286,0.668411910533905,0.02829660475254059,0.999451756477356,0.4318256974220276,0.8103283643722534,-0.07423226535320282,0.918538510799408,0.4048498570919037,0.8107554912567139,-0.029359236359596252,0.6536708474159241,0.4396066665649414,0.9666983485221863,-0.06035098433494568,0.9165934920310974,0.4641657769680023,0.839664101600647,0.11981813609600067,0.15119671821594238,0.42888885736465454,0.9968382716178894,-0.12977784872055054,0.8660441637039185,0.4692292809486389,0.8858156800270081,0.1284024864435196,0.19407235085964203
357,11.9,0.4848949909210205,0.40537673234939575,-0.08593178540468216,0.9997313022613525,0.4918592870235443,0.5188812613487244,-0.04196537658572197,0.9997725486755371,0.44537830352783203,0.43665313720703125,0.039563558995723724,0.9974384903907776,0.4859190881252289,0.6235736012458801,-0.06914042681455612,0.9763461947441101,0.4258761405944824,0.3746945559978485,-0.018152622506022453,0.8820233345031738,0.46566957235336304,0.7097427845001221,-0.1275809407234192,0.9799308180809021,0.42135483026504517,0.29725614190101624,-0.12314746528863907,0.9501786828041077,0.4467242360115051,0.6736881732940674,-0.028414567932486534,0.9997850656509399,0.4085323214530945,0.6684595942497253,0.02831420674920082,0.9994511604309082,0.4317065179347992,0.8111250400543213,-0.07326024770736694,0.9178375005722046,0.40479129552841187,0.810555100440979,-0.028859540820121765,0.6571462750434875,0.43972063064575195,0.967091977596283,-0.055616747587919235,0.9138033986091614,0.46387991309165955,0.8394466042518616,0.1254092901945114,0.14877912402153015,0.4291803240776062,0.9963513612747192,-0.12417465448379517,0.8626884818077087,0.46917518973350525,0.8857648968696594,0.13737210631370544,0.19142021238803864
358,11.933333333333334,0.48485761880874634,0.4052346646785736,-0.08460426330566406,0.9997361302375793,0.49184662103652954,0.518809974193573,-0.04113217443227768,0.9997721314430237,0.44538766145706177,0.43658947944641113,0.04161398857831955,0.9974488615989685,0.4859394431114197,0.6233181953430176,-0.064018614590168,0.9768484830856323,0.42588067054748535,0.37460857629776,-0.016260117292404175,0.886900782585144,0.4657042920589447,0.709902822971344,-0.1228715181350708,0.9805780649185181,0.42134904861450195,0.2971686124801636,-0.11782854795455933,0.9531959295272827,0.4465453028678894,0.6735935807228088,-0.028412943705916405,0.999785840511322,0.40850216150283813,0.6684473752975464,0.028313254937529564,0.9994588494300842,0.431727796792984,0.8119336366653442,-0.06778494268655777,0.9179768562316895,0.4046589434146881,0.8107002973556519,-0.02882738783955574,0.6650866866111755,0.43973788619041443,0.9672491550445557,-0.04394235461950302,0.911808431148529,0.463778018951416,0.8392799496650696,0.12622477114200592,0.14919044077396393,0.42922812700271606,0.9963147640228271,-0.1102164164185524,0.8602088689804077,0.469092458486557,0.8857147097587585,0.13857229053974152,0.19180229306221008
359,11.966666666666667,0.49071845412254333,0.4300645589828491,-0.08476373553276062,0.9996930360794067,0.4935030937194824,0.5463247299194336,-0.01711631566286087,0.9997560977935791,0.4454035758972168,0.44238653779029846,0.01934048905968666,0.9974961280822754,0.48063379526138306,0.6389728784561157,-0.003116290085017681,0.9480718374252319,0.42588749527931213,0.3628810942173004,-0.029163207858800888,0.8812946081161499,0.46133965253829956,0.7262288331985474,-0.03882916271686554,0.9526580572128296,0.42214664816856384,0.2682732343673706,-0.11527194082736969,0.9486149549484253,0.4458249509334564,0.6753278374671936,-0.013099536299705505,0.9997848868370056,0.4080576002597809,0.6691298484802246,0.013002173975110054,0.9994750618934631,0.434511661529541,0.8178369998931885,0.0016705704620108008,0.9060342907905579,0.4052608013153076,0.8196065425872803,-0.03337462991476059,0.6556839346885681,0.43974804878234863,0.9646220803260803,0.05158379673957825,0.891724169254303,0.4581297039985657,0.830828070640564,0.14670494198799133,0.1404726803302765,0.4210277497768402,1.0176416635513306,-0.007052491419017315,0.8374059796333313,0.4663780629634857,0.8686107397079468,0.16315504908561707,0.18229539692401886
360,12.0,0.49318259954452515,0.4368238151073456,-0.08409976214170456,0.99968022108078,0.4941215515136719,0.553279459476471,-0.012254888191819191,0.9997555017471313,0.4454648494720459,0.44358792901039124,0.018277626484632492,0.9976277351379395,0.4796902537345886,0.6435839533805847,-0.0004175402282271534,0.918734073638916,0.4259830415248871,0.3592996299266815,-0.02765638753771782,0.8748645186424255,0.46094459295272827,0.7347875237464905,-0.03947959467768669,0.9253697395324707,0.4225591719150543,0.26272130012512207,-0.11173214018344879,0.9447125792503357,0.44540029764175415,0.6757465600967407,-0.009917582385241985,0.9997819066047668,0.4074369966983795,0.6697040796279907,0.009812378324568272,0.9994893670082092,0.435870885848999,0.8213399052619934,0.005393850617110729,0.8790435194969177,0.40557485818862915,0.8245572447776794,-0.040932320058345795,0.6326808333396912,0.4397665560245514,0.9610784649848938,0.05524642392992973,0.8489590883255005,0.45400914549827576,0.8273501992225647,0.14432740211486816,0.12939313054084778,0.42557334899902344,1.004496693611145,0.000556146027520299,0.7964620590209961,0.4647853970527649,0.8612653017044067,0.16287928819656372,0.1695016324520111
361,12.033333333333333,0.4944208562374115,0.4396238625049591,-0.08649946749210358,0.999666690826416,0.49502721428871155,0.5534566640853882,-0.013313131406903267,0.9997472763061523,0.4454687237739563,0.44404149055480957,0.019127048552036285,0.9977406859397888,0.479473352432251,0.6452871561050415,-0.0024413042701780796,0.8843671083450317,0.42611798644065857,0.35812991857528687,-0.025440678000450134,0.8684476017951965,0.46016645431518555,0.7375612258911133,-0.03963311389088631,0.8870357275009155,0.42274197936058044,0.2605859041213989,-0.10801044851541519,0.9424120783805847,0.4452730715274811,0.6758593916893005,-0.010913578793406487,0.9997768402099609,0.4074002802371979,0.6698885560035706,0.01080411858856678,0.9995007514953613,0.4368937611579895,0.8229711055755615,0.0023384892847388983,0.8594441413879395,0.40603509545326233,0.8248284459114075,-0.03994540870189667,0.6125366687774658,0.4397638738155365,0.9611845016479492,0.04181526228785515,0.8214972019195557,0.45480284094810486,0.825411319732666,0.14737799763679504,0.11997083574533463,0.4174421727657318,1.0175358057022095,-0.017512386664748192,0.769004225730896,0.4650687277317047,0.8590483069419861,0.1666247397661209,0.15875357389450073
362,12.066666666666666,0.49558505415916443,0.4421699643135071,-0.09548906236886978,0.9996640086174011,0.49557867646217346,0.5545596480369568,-0.01791762001812458,0.999737560749054,0.44547024369239807,0.4449113607406616,0.015956170856952667,0.9978455901145935,0.47905343770980835,0.647092342376709,-0.009348755702376366,0.8550195693969727,0.4264069199562073,0.35691162943840027,-0.027612170204520226,0.8662832379341125,0.4596059322357178,0.7387428283691406,-0.046063583344221115,0.8521385192871094,0.4227372705936432,0.25991004705429077,-0.10949943959712982,0.942473292350769,0.4452059864997864,0.6757952570915222,-0.012366230599582195,0.9997696876525879,0.40739598870277405,0.6699301600456238,0.01225768681615591,0.9995099306106567,0.43710699677467346,0.8225041627883911,2.2350799554260448e-05,0.8446290493011475,0.4067482352256775,0.8239924311637878,-0.03620225191116333,0.5960988402366638,0.4396299719810486,0.9613504409790039,0.03355500102043152,0.8014471530914307,0.45509132742881775,0.8240565061569214,0.14788028597831726,0.11250004917383194,0.41309723258018494,1.0219755172729492,-0.02842918038368225,0.7495611906051636,0.4665071368217468,0.8575571775436401,0.16415764391422272,0.15079596638679504
363,12.1,0.4960327744483948,0.4427233338356018,-0.09451918303966522,0.999654233455658,0.49581485986709595,0.5551646947860718,-0.016682876273989677,0.9997268915176392,0.445542573928833,0.44500190019607544,0.01669447124004364,0.9979223608970642,0.4784536361694336,0.6476014256477356,-0.009505086578428745,0.8346472978591919,0.4267626404762268,0.35569459199905396,-0.028349826112389565,0.8658174872398376,0.4592188894748688,0.7394071817398071,-0.04973287135362625,0.8310844898223877,0.42290300130844116,0.2587323486804962,-0.11115540564060211,0.9430252909660339,0.44510501623153687,0.6757588386535645,-0.012388297356665134,0.9997618198394775,0.4073027968406677,0.6699297428131104,0.012282349169254303,0.9995146989822388,0.4371773302555084,0.8219409584999084,0.004705776926130056,0.8315935134887695,0.40719467401504517,0.824783980846405,-0.03614914044737816,0.5862861275672913,0.43931859731674194,0.9617443680763245,0.03366502374410629,0.7870489358901978,0.45727261900901794,0.8245431780815125,0.1459467113018036,0.1070636585354805,0.41136693954467773,1.025449514389038,-0.03166281059384346,0.7356717586517334,0.46968579292297363,0.8583006858825684,0.156489759683609,0.1455412656068802
364,12.133333333333333,0.4963308274745941,0.44149357080459595,-0.09352754056453705,0.9996215105056763,0.49602335691452026,0.5548715591430664,-0.013973797671496868,0.9997141361236572,0.4455987513065338,0.444726824760437,0.01838657632470131,0.9979648590087891,0.47820907831192017,0.6479544043540955,-0.005602545104920864,0.817237377166748,0.42685389518737793,0.35464802384376526,-0.027104705572128296,0.8642114996910095,0.4587920606136322,0.740476131439209,-0.04604332894086838,0.8125613927841187,0.42298802733421326,0.2581785321235657,-0.11098893731832504,0.9426561594009399,0.44498324394226074,0.6756923794746399,-0.01239070389419794,0.9997599124908447,0.40708452463150024,0.6699313521385193,0.012282260693609715,0.9995250105857849,0.4370459020137787,0.8227583169937134,0.0016992900054901838,0.8243913054466248,0.40721482038497925,0.8250776529312134,-0.03609415143728256,0.5829723477363586,0.43891602754592896,0.9620253443717957,0.039616428315639496,0.7755405902862549,0.45835381746292114,0.8240435123443604,0.14395037293434143,0.10272832214832306,0.41080242395401,1.0281342267990112,-0.02183898165822029,0.7227609753608704,0.47082147002220154,0.8590318560600281,0.15558914840221405,0.14094263315200806
365,12.166666666666666,0.496621698141098,0.4403037130832672,-0.09469132125377655,0.9995981454849243,0.49608010053634644,0.5542974472045898,-0.016626495867967606,0.999700665473938,0.4456064701080322,0.4445190131664276,0.01790333166718483,0.9979992508888245,0.4781014919281006,0.6479653716087341,-0.010127721354365349,0.8025789260864258,0.42685383558273315,0.3543182909488678,-0.028377696871757507,0.8645753860473633,0.4583185315132141,0.7421118021011353,-0.05047200247645378,0.7950471639633179,0.4229811728000641,0.25842708349227905,-0.11317989975214005,0.9432646036148071,0.44494208693504333,0.6756449341773987,-0.012803141959011555,0.999757707118988,0.4069730341434479,0.6699619889259338,0.012693360447883606,0.9995336532592773,0.4366658627986908,0.8236744999885559,-0.0022930672857910395,0.8198018670082092,0.40718013048171997,0.8247568011283875,-0.03600301221013069,0.5795897841453552,0.4386654794216156,0.9622514247894287,0.03518908843398094,0.767862856388092,0.4587528109550476,0.823053240776062,0.14386099576950073,0.09895459562540054,0.40874481201171875,1.0297201871871948,-0.026930084452033043,0.713740885257721,0.470883846282959,0.8592126369476318,0.15776851773262024,0.13704952597618103
366,12.2,0.4967869222164154,0.4398617744445801,-0.09643863141536713,0.9995836615562439,0.496082067489624,0.5533774495124817,-0.01766875572502613,0.9996857643127441,0.4456118047237396,0.4443669617176056,0.01615361124277115,0.9980469942092896,0.4782868027687073,0.6478937268257141,-0.01212245412170887,0.7865380644798279,0.4268496632575989,0.35376307368278503,-0.030850496143102646,0.8655694127082825,0.4580894410610199,0.7428924441337585,-0.04985847696661949,0.7732860445976257,0.4229746460914612,0.25870099663734436,-0.11620566993951797,0.944555401802063,0.4449368417263031,0.675599992275238,-0.013191294856369495,0.9997531771659851,0.40692877769470215,0.6699574589729309,0.013082426972687244,0.9995402693748474,0.43637698888778687,0.8254833817481995,-0.002682493533939123,0.8127580881118774,0.407125324010849,0.824431836605072,-0.03369271382689476,0.5717201232910156,0.43834590911865234,0.9630333185195923,0.03371529281139374,0.7573037147521973,0.4591960906982422,0.8231959939002991,0.14310459792613983,0.09496083855628967,0.40734562277793884,1.0307512283325195,-0.0282294861972332,0.7022376656532288,0.47097247838974,0.8598281741142273,0.15702113509178162,0.13287894427776337
367,12.233333333333333,0.49678200483322144,0.43968382477760315,-0.09685571491718292,0.9995737075805664,0.49607187509536743,0.5528743863105774,-0.018539894372224808,0.9996713995933533,0.4456331133842468,0.4442483186721802,0.015613463707268238,0.9980950355529785,0.4784110486507416,0.6478087306022644,-0.01249018032103777,0.7715091705322266,0.4268457293510437,0.35364314913749695,-0.03162762150168419,0.8667219877243042,0.4578661024570465,0.7432736754417419,-0.04854568839073181,0.7526162266731262,0.4229555130004883,0.2589882016181946,-0.11750803142786026,0.9460776448249817,0.444939523935318,0.6755750179290771,-0.013451466336846352,0.9997482299804688,0.40690428018569946,0.6699699759483337,0.013343078084290028,0.9995458126068115,0.4362870156764984,0.8257879614830017,-0.001539035001769662,0.805128812789917,0.4071124494075775,0.8242153525352478,-0.03210284560918808,0.5640976428985596,0.4380834102630615,0.9635939598083496,0.03136967122554779,0.7484934329986572,0.45615214109420776,0.8220752477645874,0.14107432961463928,0.09173634648323059,0.40711694955825806,1.0313345193862915,-0.03186991438269615,0.6929728984832764,0.47172999382019043,0.8603618144989014,0.15283678472042084,0.12980115413665771
368,12.266666666666667,0.4967493414878845,0.43934470415115356,-0.09640676528215408,0.9995684027671814,0.49605193734169006,0.5525124669075012,-0.01886671595275402,0.9996563196182251,0.44567418098449707,0.44415774941444397,0.016109345480799675,0.9981380105018616,0.47851553559303284,0.6477371454238892,-0.01105695404112339,0.7581192851066589,0.4268423914909363,0.3537397086620331,-0.031359415501356125,0.8681336641311646,0.4576108455657959,0.7432345151901245,-0.04624208062887192,0.734078586101532,0.42294710874557495,0.2593998312950134,-0.11772805452346802,0.9477732181549072,0.44494229555130005,0.6755589842796326,-0.013645278289914131,0.9997418522834778,0.40687936544418335,0.6699808239936829,0.01353696919977665,0.9995483160018921,0.43627291917800903,0.8257288336753845,-0.0014189465437084436,0.7970161437988281,0.40711021423339844,0.8240523338317871,-0.031786754727363586,0.5559418797492981,0.4379172921180725,0.9639543294906616,0.028154883533716202,0.7405747175216675,0.4549921154975891,0.8210964798927307,0.13660112023353577,0.08877309411764145,0.407463401556015,1.0315929651260376,-0.03497517108917236,0.6848604679107666,0.4725275933742523,0.8605905175209045,0.1464853584766388,0.12698744237422943
369,12.3,0.49670642614364624,0.43909716606140137,-0.09647516906261444,0.9995603561401367,0.4960322380065918,0.5522603988647461,-0.019120248034596443,0.9996387958526611,0.4457172751426697,0.44409096240997314,0.016227025538682938,0.9981704354286194,0.4785933494567871,0.6476811170578003,-0.010905295610427856,0.7455077171325684,0.4268394410610199,0.35381680727005005,-0.03155585378408432,0.8695085644721985,0.4574050307273865,0.7433115839958191,-0.04613502696156502,0.7161311507225037,0.422933965921402,0.25966572761535645,-0.11843011528253555,0.9493850469589233,0.44495296478271484,0.6755318641662598,-0.013786161318421364,0.9997352957725525,0.40687164664268494,0.6699857711791992,0.013677863404154778,0.9995498657226562,0.43625813722610474,0.8255842328071594,-0.001638472662307322,0.7903398871421814,0.40710991621017456,0.8239249587059021,-0.031376443803310394,0.5496695637702942,0.43777456879615784,0.9642414450645447,0.02676444686949253,0.7353577017784119,0.45457419753074646,0.8207426071166992,0.13285616040229797,0.08679405599832535,0.40786212682724,1.0319894552230835,-0.0370914600789547,0.6795836687088013,0.4732707440853119,0.8608246445655823,0.14085835218429565,0.12538045644760132
370,12.333333333333334,0.4966363310813904,0.43894141912460327,-0.0962466150522232,0.999555766582489,0.49601468443870544,0.5520676970481873,-0.018570691347122192,0.9996225237846375,0.44574904441833496,0.44404783844947815,0.016518807038664818,0.9982014894485474,0.4786526560783386,0.6476098895072937,-0.009941582567989826,0.7345498204231262,0.4268363416194916,0.35386478900909424,-0.03145567327737808,0.8711917400360107,0.45723286271095276,0.7432661056518555,-0.0451626218855381,0.7001844644546509,0.42292436957359314,0.25978121161460876,-0.11869125068187714,0.9510365128517151,0.44496646523475647,0.6754641532897949,-0.013883027248084545,0.9997276067733765,0.4068687856197357,0.6699820160865784,0.01377489697188139,0.9995490312576294,0.436253160238266,0.8241275548934937,-0.0018815146759152412,0.7842340469360352,0.4071159362792969,0.8238525390625,-0.03118220530450344,0.5438746809959412,0.4376605451107025,0.9644777178764343,0.02492683380842209,0.7310963869094849,0.4543772339820862,0.8204476237297058,0.13087038695812225,0.08508661389350891,0.40830859541893005,1.0321359634399414,-0.042995598167181015,0.6753371357917786,0.4739055037498474,0.8610177040100098,0.13797524571418762,0.12397686392068863
371,12.366666666666667,0.496605783700943,0.4388989806175232,-0.0960904136300087,0.999548614025116,0.4960005283355713,0.5519275069236755,-0.017999369651079178,0.9996046423912048,0.4457833766937256,0.444009006023407,0.0166078619658947,0.9982262253761292,0.47869792580604553,0.6475564241409302,-0.009321950376033783,0.7228325605392456,0.42683330178260803,0.3538995385169983,-0.031530577689409256,0.8725464940071106,0.4570744037628174,0.7432608008384705,-0.044684287160634995,0.6829334497451782,0.4229101538658142,0.2598288655281067,-0.11878595501184464,0.9525038599967957,0.44499140977859497,0.6753919720649719,-0.01392113696783781,0.9997188448905945,0.4068690240383148,0.6699783802032471,0.013813415542244911,0.999546229839325,0.43626776337623596,0.8231937885284424,-0.0017313247080892324,0.7778537273406982,0.407118558883667,0.8238001465797424,-0.031137848272919655,0.537236750125885,0.4375936985015869,0.964678168296814,0.02295934036374092,0.7269163131713867,0.45426231622695923,0.8201959133148193,0.13042201101779938,0.08325231820344925,0.408672958612442,1.0323231220245361,-0.04683633893728256,0.6709916591644287,0.47426366806030273,0.8611700534820557,0.1374407410621643,0.12219900637865067
372,12.4,0.49661654233932495,0.4389691948890686,-0.09626051038503647,0.9995453357696533,0.49599218368530273,0.5517622232437134,-0.017881091684103012,0.9995876550674438,0.4457995295524597,0.4439690113067627,0.01639501377940178,0.9982479214668274,0.47877922654151917,0.6474595069885254,-0.009645750746130943,0.7141821980476379,0.4268304705619812,0.35391855239868164,-0.03256920352578163,0.8746340870857239,0.4570455551147461,0.7431632280349731,-0.04560855031013489,0.6689329743385315,0.4228842258453369,0.2598201036453247,-0.12031968683004379,0.9541682600975037,0.445033460855484,0.6752400994300842,-0.013950526714324951,0.9997118711471558,0.4068860411643982,0.6699213981628418,0.013843056745827198,0.9995449781417847,0.436270534992218,0.8226056694984436,-0.0024090923834592104,0.7741953730583191,0.4071148931980133,0.8237223029136658,-0.031151333823800087,0.5342531800270081,0.4375709593296051,0.9649779200553894,0.020404528826475143,0.7250959873199463,0.4613304138183594,0.8243004679679871,0.12807519733905792,0.08254832029342651,0.408926784992218,1.032854676246643,-0.04953387379646301,0.6688410043716431,0.4749622344970703,0.8616250157356262,0.13412770628929138,0.12174360454082489
373,12.433333333333334,0.5000626444816589,0.4636141359806061,-0.04341169446706772,0.9995654821395874,0.4938172399997711,0.554838240146637,0.035677384585142136,0.999616265296936,0.44600263237953186,0.4473080039024353,0.02383069507777691,0.9983515739440918,0.4772222638130188,0.6473917365074158,0.046851638704538345,0.7056361436843872,0.42745643854141235,0.35118547081947327,-0.031216731294989586,0.8795889019966125,0.45861417055130005,0.7395943403244019,-0.005690779071301222,0.6842554211616516,0.42299944162368774,0.24558234214782715,-0.1029106006026268,0.9556954503059387,0.4451863169670105,0.6666907668113708,-0.0035144309513270855,0.9997190833091736,0.4070671498775482,0.6597903370857239,0.0033672985155135393,0.9995533227920532,0.43756765127182007,0.7952386736869812,-0.03410763293504715,0.786941409111023,0.40816694498062134,0.818824827671051,-0.06994255632162094,0.5612272620201111,0.43794283270835876,0.9621371030807495,-0.05703131482005119,0.7403046488761902,0.46095365285873413,0.8564369082450867,0.08819779008626938,0.0958791971206665,0.42528805136680603,1.0144490003585815,-0.1284061223268509,0.6859500408172607,0.47172755002975464,0.9031578898429871,0.0994364321231842,0.1350192129611969
374,12.466666666666667,0.5002790093421936,0.4673912823200226,-0.047535598278045654,0.9995860457420349,0.4927341938018799,0.5556535124778748,0.03215765953063965,0.9996416568756104,0.4464360177516937,0.44790446758270264,0.024726681411266327,0.9984447360038757,0.4765418469905853,0.647372841835022,0.043244294822216034,0.7005335092544556,0.42774122953414917,0.3485927879810333,-0.030921468511223793,0.8843061327934265,0.4591880440711975,0.7378851175308228,-0.008658654056489468,0.698215663433075,0.4230373799800873,0.24044115841388702,-0.10209311544895172,0.9572436809539795,0.4452061653137207,0.6616910696029663,-0.002276983577758074,0.999725878238678,0.4072250425815582,0.6546392440795898,0.002125743543729186,0.9995626211166382,0.4380122125148773,0.7925280332565308,-0.028419220820069313,0.7979463934898376,0.4092203974723816,0.8147624731063843,-0.06723468005657196,0.5859095454216003,0.43804892897605896,0.9613912105560303,-0.05288098379969597,0.7557162642478943,0.4601885676383972,0.8640889525413513,0.09013654291629791,0.1106390580534935,0.4292483329772949,1.0105609893798828,-0.12723129987716675,0.7032504081726074,0.46897435188293457,0.9135102033615112,0.09935792535543442,0.149803027510643
375,12.5,0.5007220506668091,0.4719243347644806,-0.056894075125455856,0.9996150135993958,0.49244651198387146,0.5561575889587402,0.02372250333428383,0.9996678829193115,0.44645604491233826,0.4496729075908661,0.021561933681368828,0.9985401630401611,0.4766665995121002,0.6473274827003479,0.03600916638970375,0.7003206014633179,0.4280095100402832,0.34819361567497253,-0.032358162105083466,0.8879138827323914,0.4593876898288727,0.7367483377456665,-0.01337491162121296,0.7130215167999268,0.42312654852867126,0.239165261387825,-0.10218135267496109,0.958274245262146,0.4456455111503601,0.658484160900116,-0.0024030604399740696,0.9997248649597168,0.40762513875961304,0.6520070433616638,0.002252876991406083,0.9995584487915039,0.43968525528907776,0.7887227535247803,-0.028993960469961166,0.8047981858253479,0.4112618863582611,0.81083744764328,-0.06622402369976044,0.5998639464378357,0.4384833872318268,0.959812581539154,-0.061855465173721313,0.7647039294242859,0.4578569531440735,0.8642796277999878,0.0933399647474289,0.11582820117473602,0.4282606244087219,1.0215370655059814,-0.13684888184070587,0.7139765024185181,0.46490478515625,0.9123573899269104,0.10475055128335953,0.15573275089263916
376,12.533333333333333,0.5011624097824097,0.4725662171840668,-0.06313858926296234,0.9996399879455566,0.4919034540653229,0.5557935237884521,0.01825822703540325,0.9996911883354187,0.44645771384239197,0.4503830075263977,0.01543251983821392,0.9986251592636108,0.47668832540512085,0.6466841101646423,0.02869873121380806,0.706889271736145,0.4280363619327545,0.3480853736400604,-0.038582876324653625,0.8938749432563782,0.45980304479599,0.7352578639984131,-0.020057089626789093,0.7307268381118774,0.4231621325016022,0.23923832178115845,-0.1065724715590477,0.9606308341026306,0.44604676961898804,0.6575209498405457,-0.0023609823547303677,0.999727725982666,0.4080868661403656,0.6513319611549377,0.0022120620124042034,0.9995611310005188,0.4401436746120453,0.7882547974586487,-0.033520232886075974,0.8152973651885986,0.4136314392089844,0.8087462782859802,-0.06425125896930695,0.6197474002838135,0.43864408135414124,0.958587646484375,-0.05789545178413391,0.7777824401855469,0.4571365416049957,0.8667538166046143,0.08962882310152054,0.13107404112815857,0.4293275773525238,1.014320731163025,-0.13204263150691986,0.7290351390838623,0.46382513642311096,0.9165648818016052,0.09611178934574127,0.17130513489246368
377,12.566666666666666,0.5013363361358643,0.4723692536354065,-0.06556474417448044,0.999661922454834,0.49151667952537537,0.5556459426879883,0.015378008596599102,0.9997111558914185,0.4464849531650543,0.45063507556915283,0.008206438273191452,0.9986991882324219,0.4767669141292572,0.6458588242530823,0.027143096551299095,0.7096745371818542,0.4280312657356262,0.3480185568332672,-0.04587332531809807,0.8991189002990723,0.4602847695350647,0.7334978580474854,-0.023146001622080803,0.7445598244667053,0.4231626093387604,0.2396908700466156,-0.1140899807214737,0.9624438881874084,0.44615331292152405,0.6572704911231995,-0.0014677324797958136,0.9997287392616272,0.4082129895687103,0.6512677669525146,0.0013187663862481713,0.9995613098144531,0.4402807652950287,0.7881103754043579,-0.03066948615014553,0.8237482905387878,0.4136228561401367,0.8087751865386963,-0.06140243262052536,0.636022686958313,0.4387780725955963,0.9568694233894348,-0.0496310256421566,0.7883506417274475,0.45610442757606506,0.8655865788459778,0.09620530903339386,0.1423194408416748,0.43025127053260803,1.0100665092468262,-0.1221882551908493,0.7413032054901123,0.46310725808143616,0.9138815999031067,0.10406561195850372,0.1826857030391693
378,12.6,0.5014338493347168,0.4719139039516449,-0.07136456668376923,0.9996834397315979,0.4913063645362854,0.5554790496826172,0.013123774901032448,0.9997284412384033,0.4465187191963196,0.4505990743637085,-0.00013590892194770277,0.9987708330154419,0.4768410623073578,0.6455195546150208,0.025431185960769653,0.7111684679985046,0.4280257225036621,0.3478998839855194,-0.05469300225377083,0.9046023488044739,0.46059098839759827,0.7326701879501343,-0.024198217317461967,0.7563127279281616,0.4231598377227783,0.24011367559432983,-0.12377568334341049,0.9643745422363281,0.4461430013179779,0.6572514176368713,-0.0006273543694987893,0.9997258186340332,0.408207505941391,0.651043176651001,0.000483440380776301,0.9995584487915039,0.44018667936325073,0.7890959978103638,-0.02881331741809845,0.8297874331474304,0.4134836196899414,0.8084789514541626,-0.059739161282777786,0.6505610346794128,0.43893784284591675,0.9553775191307068,-0.04783155024051666,0.7961174845695496,0.4553454518318176,0.8692793250083923,0.09603894501924515,0.15336129069328308,0.43056148290634155,1.007544755935669,-0.12048681825399399,0.7508718967437744,0.4628806710243225,0.9175167679786682,0.10188008844852448,0.19399499893188477
379,12.633333333333333,0.5014806389808655,0.4716893434524536,-0.06216404587030411,0.9997013807296753,0.4911956191062927,0.5553473830223083,0.021111438050866127,0.9997444152832031,0.446572482585907,0.4505344331264496,0.0018124273046851158,0.9988383650779724,0.4768736958503723,0.644837498664856,0.03548756614327431,0.710551381111145,0.4280204176902771,0.3475557267665863,-0.05062682554125786,0.909339427947998,0.46072259545326233,0.7315539717674255,-0.01473184209316969,0.7665369510650635,0.42313966155052185,0.24015405774116516,-0.11735441535711288,0.9661435484886169,0.44608360528945923,0.6568621397018433,-0.0004175921785645187,0.9997240304946899,0.40815454721450806,0.6505048274993896,0.00027401006082072854,0.9995567202568054,0.44011035561561584,0.7891729474067688,-0.03264162689447403,0.8355064988136292,0.4132358431816101,0.8088178038597107,-0.059890907257795334,0.663542628288269,0.43897104263305664,0.954811155796051,-0.05727057904005051,0.8022254109382629,0.45529451966285706,0.8700935244560242,0.09396439790725708,0.1614447832107544,0.43057018518447876,1.0061544179916382,-0.12944439053535461,0.7583295702934265,0.4633479118347168,0.9183061122894287,0.10070241987705231,0.2020818144083023
380,12.666666666666666,0.5014700889587402,0.4712447226047516,-0.04353516548871994,0.9997156858444214,0.4911769926548004,0.5552487373352051,0.035667624324560165,0.9997578263282776,0.44665956497192383,0.450509637594223,0.01926231011748314,0.9989027976989746,0.4768921732902527,0.643985390663147,0.05027155205607414,0.7000171542167664,0.4280172884464264,0.347176194190979,-0.03281254693865776,0.9118782877922058,0.46070781350135803,0.7301838994026184,0.0022222106344997883,0.7670965194702148,0.42308419942855835,0.24007651209831238,-0.0979192778468132,0.9670771956443787,0.44608479738235474,0.656597912311554,-9.28390581975691e-05,0.9997218251228333,0.4081362783908844,0.6506534218788147,-5.341764335753396e-05,0.999555230140686,0.4402652680873871,0.7879389524459839,-0.037688903510570526,0.8384947180747986,0.4133433401584625,0.809016227722168,-0.06386721134185791,0.6686965227127075,0.4389873445034027,0.9547492265701294,-0.06876480579376221,0.8030579686164856,0.4550475478172302,0.8678004145622253,0.091842882335186,0.1600523442029953,0.42968612909317017,1.0044175386428833,-0.1398145854473114,0.7595855593681335,0.4635949730873108,0.9151870608329773,0.1022808775305748,0.20018617808818817
381,12.7,0.5014549493789673,0.4708707928657532,-0.04632017761468887,0.9997239708900452,0.49120768904685974,0.5551872849464417,0.032385386526584625,0.9997679591178894,0.44671526551246643,0.4504742920398712,0.02124643512070179,0.9989508986473083,0.4769198000431061,0.6435106992721558,0.04510011523962021,0.6869814991950989,0.42801886796951294,0.34678390622138977,-0.030166491866111755,0.9128046035766602,0.4605775475502014,0.7294530868530273,-0.003183548105880618,0.7624081969261169,0.4230404794216156,0.23999366164207458,-0.095656618475914,0.9673628211021423,0.4461575150489807,0.6567187309265137,-0.0004656891687773168,0.9997202754020691,0.40812283754348755,0.6510252952575684,0.000321817584335804,0.999554455280304,0.44034233689308167,0.7875245213508606,-0.038283899426460266,0.8421233296394348,0.4132460057735443,0.8097931742668152,-0.06615997850894928,0.674406886100769,0.43911075592041016,0.954704225063324,-0.06437350064516068,0.8056082129478455,0.45506539940834045,0.8667086362838745,0.09399721771478653,0.15898582339286804,0.4296579360961914,1.0042413473129272,-0.13392847776412964,0.7619950175285339,0.46380358934402466,0.914263129234314,0.10406693071126938,0.19863317906856537
382,12.733333333333333,0.5014265179634094,0.4706345498561859,-0.04788174480199814,0.9997289776802063,0.4912325441837311,0.5551174879074097,0.03140109032392502,0.9997755289077759,0.4467577338218689,0.45043301582336426,0.02189752832055092,0.9989891648292542,0.4769454896450043,0.643335223197937,0.0440751314163208,0.6719868183135986,0.4280166029930115,0.34642547369003296,-0.029283925890922546,0.9129365682601929,0.46040597558021545,0.7291688919067383,-0.0037461041938513517,0.7548462152481079,0.42297548055648804,0.23986992239952087,-0.09565885365009308,0.9673752188682556,0.44620537757873535,0.6568571925163269,-0.0007282703882083297,0.9997179508209229,0.4080663323402405,0.651296079158783,0.0005862045800313354,0.9995526671409607,0.4403091371059418,0.7884136438369751,-0.03742815926671028,0.8436386585235596,0.4131459593772888,0.8108982443809509,-0.06659789383411407,0.6782082319259644,0.43923720717430115,0.9545726180076599,-0.057389043271541595,0.8071174621582031,0.45553046464920044,0.8625160455703735,0.09486690908670425,0.15726111829280853,0.42980876564979553,1.003880262374878,-0.12772977352142334,0.7631949186325073,0.4640215337276459,0.9070183634757996,0.11031275987625122,0.19663670659065247
383,12.766666666666667,0.5014033317565918,0.4704909920692444,-0.04708779603242874,0.9997312426567078,0.49124589562416077,0.5550654530525208,0.03231484815478325,0.9997811913490295,0.4467926025390625,0.4504011869430542,0.023160001263022423,0.9990231990814209,0.476963609457016,0.6432139277458191,0.044288042932748795,0.6562448740005493,0.4280155599117279,0.34617558121681213,-0.027644962072372437,0.9128119349479675,0.4602188169956207,0.7289542555809021,-0.004248343408107758,0.7454014420509338,0.422916978597641,0.23983344435691833,-0.09405054152011871,0.9674260020256042,0.446310430765152,0.6569465398788452,-0.0009138292516581714,0.9997162818908691,0.4080517888069153,0.651492178440094,0.0007728009950369596,0.9995525479316711,0.4402846693992615,0.7889854311943054,-0.03485751897096634,0.845073401927948,0.4130820333957672,0.8115460872650146,-0.06711044162511826,0.6813872456550598,0.4394073486328125,0.9544653296470642,-0.05444879084825516,0.8089408278465271,0.45587268471717834,0.8581030964851379,0.0954769030213356,0.1555006504058838,0.43017905950546265,1.0002801418304443,-0.12603174149990082,0.7645918726921082,0.46404320001602173,0.901240348815918,0.11343155801296234,0.19454433023929596
384,12.8,0.5013787150382996,0.4703851342201233,-0.050109319388866425,0.9997373223304749,0.4912641644477844,0.5550530552864075,0.029683053493499756,0.9997882843017578,0.4468355178833008,0.45039039850234985,0.0192753653973341,0.99905925989151,0.47697171568870544,0.643103837966919,0.04216993972659111,0.6446388959884644,0.42803955078125,0.3461032509803772,-0.03069251775741577,0.9132781028747559,0.46021169424057007,0.7288328409194946,-0.005997329484671354,0.7399322986602783,0.42290711402893066,0.2397962361574173,-0.09609691798686981,0.9676056504249573,0.4461784362792969,0.65692538022995,-0.0006722327671013772,0.9997128844261169,0.40785104036331177,0.6512534022331238,0.0005339551717042923,0.9995478391647339,0.44028347730636597,0.7880971431732178,-0.034493278712034225,0.845782458782196,0.4130297601222992,0.8107472062110901,-0.06764666736125946,0.6813377737998962,0.43966883420944214,0.9532631635665894,-0.0562368743121624,0.8091307282447815,0.4548867344856262,0.8538240194320679,0.09797170013189316,0.15139001607894897,0.4303320348262787,0.9989174008369446,-0.12598568201065063,0.7647531628608704,0.4629766047000885,0.8966019749641418,0.1195850744843483,0.19020234048366547
385,12.833333333333334,0.5013676881790161,0.47020065784454346,-0.050484709441661835,0.9997459053993225,0.4912753999233246,0.555091917514801,0.030390212312340736,0.9997957944869995,0.44685012102127075,0.45037728548049927,0.01920676976442337,0.999091625213623,0.47708725929260254,0.643080472946167,0.04350389540195465,0.6374996304512024,0.4280494153499603,0.3460908532142639,-0.03099246695637703,0.9136160016059875,0.4602075219154358,0.72882080078125,-0.00466647744178772,0.7395917177200317,0.42289695143699646,0.23982739448547363,-0.09708359092473984,0.9678930640220642,0.4461583197116852,0.6570048332214355,-0.0005073502543382347,0.9997128844261169,0.40765827894210815,0.6512495279312134,0.0003711039025802165,0.9995473623275757,0.44014573097229004,0.7885091304779053,-0.02717863954603672,0.8467190265655518,0.41291308403015137,0.8110542297363281,-0.06958038359880447,0.685027539730072,0.4400591254234314,0.9530375003814697,-0.052061162889003754,0.8102689981460571,0.45496806502342224,0.8483830690383911,0.09825713187456131,0.14913836121559143,0.4305970072746277,0.9982074499130249,-0.11981306225061417,0.7660275101661682,0.46303874254226685,0.8899605870246887,0.11951644718647003,0.18831564486026764
386,12.866666666666667,0.5013569593429565,0.4700953960418701,-0.04850910231471062,0.9997524619102478,0.4912906587123871,0.555117666721344,0.033266182988882065,0.9998016357421875,0.4468609690666199,0.45035499334335327,0.0213459525257349,0.9991163015365601,0.47718968987464905,0.643076479434967,0.04686633497476578,0.6311907172203064,0.42805513739585876,0.3461085557937622,-0.028868481516838074,0.9141479134559631,0.46021270751953125,0.7288699746131897,-0.0017946282168850303,0.7397797107696533,0.4228877127170563,0.23989611864089966,-0.09555094689130783,0.9683406949043274,0.4461130201816559,0.6570608019828796,-0.00042525300523266196,0.999712347984314,0.40737906098365784,0.6513186097145081,0.00029112579068169,0.9995467066764832,0.4398682713508606,0.7907564640045166,-0.015621855854988098,0.8455577492713928,0.4125291705131531,0.812156617641449,-0.06915947049856186,0.6891995668411255,0.44022947549819946,0.9530133008956909,-0.03341483324766159,0.8096519708633423,0.45609530806541443,0.8454182744026184,0.098566934466362,0.14769390225410461,0.42186927795410156,1.0147020816802979,-0.10028035938739777,0.7650874853134155,0.465000718832016,0.88554847240448,0.1193169355392456,0.18703210353851318
387,12.9,0.5013436675071716,0.4700140953063965,-0.04905133321881294,0.9997610449790955,0.4913167357444763,0.5551720261573792,0.03172418102622032,0.9998086094856262,0.4468650221824646,0.4503401517868042,0.02098638378083706,0.9991407990455627,0.477211058139801,0.6431376338005066,0.04531756415963173,0.6314939260482788,0.42805561423301697,0.34612271189689636,-0.029001861810684204,0.9152924418449402,0.46024537086486816,0.7291206121444702,-0.003234871430322528,0.745335578918457,0.4228762984275818,0.23994877934455872,-0.09635532647371292,0.9689698815345764,0.44606679677963257,0.6571117639541626,-0.00032648691558279097,0.9997130632400513,0.40716367959976196,0.6513696908950806,0.00019548041746020317,0.9995473027229309,0.439690500497818,0.7921463847160339,-0.010409289970993996,0.8442492485046387,0.4122292995452881,0.8126242160797119,-0.0701572597026825,0.6945888996124268,0.44027653336524963,0.9536823034286499,-0.024005549028515816,0.8089737892150879,0.45754656195640564,0.8455106019973755,0.09845174849033356,0.14753665030002594,0.41921067237854004,1.0205191373825073,-0.0909852385520935,0.7643263936042786,0.46703189611434937,0.8855645060539246,0.11866475641727448,0.1873929500579834
388,12.933333333333334,0.5013220906257629,0.4699351489543915,-0.052835483103990555,0.9997692108154297,0.49135708808898926,0.5552679300308228,0.030170002952218056,0.9998154044151306,0.4468690752983093,0.45032915472984314,0.017700809985399246,0.9991600513458252,0.477222740650177,0.643240213394165,0.04389336332678795,0.6332365274429321,0.4280563294887543,0.3461332619190216,-0.032990217208862305,0.915875256061554,0.46027761697769165,0.7296839952468872,-0.00635237991809845,0.7517239451408386,0.4228689670562744,0.23999755084514618,-0.09972969442605972,0.9692208766937256,0.4460579752922058,0.6571606397628784,-8.201058517443016e-05,0.9997120499610901,0.4070540964603424,0.6514019966125488,-4.586553041008301e-05,0.9995435476303101,0.43968430161476135,0.7925806641578674,-0.01058044284582138,0.8425588607788086,0.4119575023651123,0.812640368938446,-0.0724254921078682,0.6977291107177734,0.4404686391353607,0.9536426067352295,-0.024802036583423615,0.8070647120475769,0.45777663588523865,0.8443130254745483,0.09858273714780807,0.14544355869293213,0.4248519837856293,1.0060070753097534,-0.09174268692731857,0.7622082829475403,0.46760502457618713,0.8841491937637329,0.11863788217306137,0.1854909509420395
389,12.966666666666667,0.5012706518173218,0.4698730409145355,-0.05302895978093147,0.9997729659080505,0.4913894236087799,0.5553019046783447,0.029735112562775612,0.9998207092285156,0.4468747675418854,0.4503200948238373,0.017491616308689117,0.9991704821586609,0.4772365689277649,0.6432567834854126,0.04318567365407944,0.6302269697189331,0.4280546307563782,0.3461460471153259,-0.03299625962972641,0.9148247838020325,0.4603423476219177,0.7300607562065125,-0.0065291645005345345,0.7540217638015747,0.42286616563796997,0.24003639817237854,-0.09855601191520691,0.9686772227287292,0.4460905194282532,0.6571246981620789,0.0002974582021124661,0.9997112154960632,0.40703409910202026,0.6513515710830688,-0.0004263712908141315,0.9995377063751221,0.43971794843673706,0.7926143407821655,-0.012886489741504192,0.841863214969635,0.41176334023475647,0.8126534223556519,-0.07547682523727417,0.6975882053375244,0.44064265489578247,0.9535843133926392,-0.028831828385591507,0.8064054250717163,0.45773983001708984,0.8381395936012268,0.10216965526342392,0.14101341366767883,0.427806556224823,1.0019285678863525,-0.09650088846683502,0.7608076930046082,0.46759361028671265,0.8779941201210022,0.12692496180534363,0.18055672943592072
390,13.0,0.5012251138687134,0.4698237180709839,-0.05305211991071701,0.9997790455818176,0.491433322429657,0.5553383231163025,0.029600227251648903,0.9998261332511902,0.44687867164611816,0.4503094255924225,0.017124738544225693,0.9991844296455383,0.47724848985671997,0.643278181552887,0.04293756186962128,0.6267715096473694,0.4280511736869812,0.34615668654441833,-0.03304833173751831,0.9140200614929199,0.4603913724422455,0.7303040623664856,-0.006709435023367405,0.7553753852844238,0.42285972833633423,0.24006523191928864,-0.09749605506658554,0.9681993126869202,0.44611698389053345,0.657080352306366,0.0007669652113690972,0.9997100234031677,0.40700942277908325,0.651314377784729,-0.0008969547925516963,0.9995310306549072,0.4398191571235657,0.792629063129425,-0.014712957665324211,0.8415711522102356,0.4115879535675049,0.8126648664474487,-0.07712452113628387,0.6961503028869629,0.4407268166542053,0.9535391330718994,-0.03664449602365494,0.8053536415100098,0.4577292799949646,0.8355238437652588,0.10315068811178207,0.13626381754875183,0.42898112535476685,0.9999899864196777,-0.10276190936565399,0.7592331171035767,0.4676242768764496,0.8752952814102173,0.12914656102657318,0.17531569302082062
391,13.033333333333333,0.5012179613113403,0.5011227130889893,-0.08095165342092514,0.9997638463973999,0.4898549020290375,0.5598808526992798,0.0010605263523757458,0.9998341798782349,0.4496845304965973,0.46095025539398193,-0.017937982454895973,0.9991772174835205,0.47618937492370605,0.6453964710235596,0.01440922636538744,0.6267065405845642,0.42834049463272095,0.36215248703956604,-0.06343172490596771,0.9099227786064148,0.46029233932495117,0.7304266095161438,-0.042161956429481506,0.7557631134986877,0.4227524399757385,0.24785734713077545,-0.12915030121803284,0.9636488556861877,0.4445230960845947,0.6543347835540771,0.004099959973245859,0.9996830821037292,0.406400591135025,0.6523046493530273,-0.004204029683023691,0.9994586110115051,0.4462853968143463,0.7927864789962769,-0.012114754877984524,0.8294742703437805,0.41190069913864136,0.8137672543525696,-0.08453644812107086,0.6683914661407471,0.4408556818962097,0.957381010055542,-0.019712354987859726,0.7783864736557007,0.4391530454158783,0.8160765767097473,0.12648162245750427,0.12430402636528015,0.42530709505081177,1.0132112503051758,-0.07391348481178284,0.7262312173843384,0.44752320647239685,0.8493521809577942,0.16794990003108978,0.16008231043815613
392,13.066666666666666,0.5010865926742554,0.5027769207954407,-0.08275900036096573,0.9997724294662476,0.48957863450050354,0.5631067752838135,9.63807397056371e-05,0.9998425841331482,0.45231732726097107,0.4648786187171936,-0.016572486609220505,0.9991875290870667,0.47475725412368774,0.6476584076881409,0.006930430419743061,0.6329096555709839,0.4284355640411377,0.3664763569831848,-0.06489640474319458,0.9087203145027161,0.460066556930542,0.7310807704925537,-0.0529610738158226,0.7614534497261047,0.422465980052948,0.2507348656654358,-0.13042406737804413,0.961695671081543,0.4441194534301758,0.6540972590446472,0.005426386836916208,0.9996610283851624,0.4061528146266937,0.6525173783302307,-0.0055205337703228,0.999403178691864,0.4489542841911316,0.7903388142585754,-0.020730039104819298,0.8254846930503845,0.4122709631919861,0.8127747178077698,-0.08935969322919846,0.6571139097213745,0.4408571124076843,0.9587844014167786,-0.03493523597717285,0.764682948589325,0.43903666734695435,0.8217861652374268,0.12499131262302399,0.11551922559738159,0.4229962229728699,1.019148826599121,-0.07892200350761414,0.707866370677948,0.44759711623191833,0.858068585395813,0.14894995093345642,0.14886491000652313
393,13.1,0.501068651676178,0.504930317401886,-0.07921300828456879,0.9997842907905579,0.48955097794532776,0.5651997327804565,0.003299145493656397,0.9998514652252197,0.4526563584804535,0.46573930978775024,-0.014485493302345276,0.9992138147354126,0.47449761629104614,0.6487007737159729,0.01281509269028902,0.6497769951820374,0.42907029390335083,0.3681703209877014,-0.06336406618356705,0.9127301573753357,0.46006637811660767,0.7315346598625183,-0.0431063249707222,0.7750707864761353,0.42241930961608887,0.25384676456451416,-0.13026687502861023,0.9630239009857178,0.44336891174316406,0.6541692018508911,0.006552292965352535,0.999646008014679,0.4054793417453766,0.6529245376586914,-0.006633771117776632,0.9993751049041748,0.4509778916835785,0.7884783148765564,-0.0361584797501564,0.8284292817115784,0.4127625524997711,0.8142969012260437,-0.09295736253261566,0.6688343286514282,0.4413091540336609,0.9605032801628113,-0.050175152719020844,0.7618492245674133,0.4420728087425232,0.8616214990615845,0.08781729638576508,0.11675168573856354,0.421457439661026,1.0211656093597412,-0.10628187656402588,0.7040315866470337,0.4511529505252838,0.90610671043396,0.10459057986736298,0.14856067299842834
394,13.133333333333333,0.5010581612586975,0.5084838271141052,-0.08684267848730087,0.9997937679290771,0.489596426486969,0.565220057964325,-0.004536773078143597,0.9998596906661987,0.4527812898159027,0.46619758009910583,-0.024401087313890457,0.9992508888244629,0.47427278757095337,0.6488473415374756,0.006392672657966614,0.6628215909004211,0.4293062090873718,0.36838260293006897,-0.07177146524190903,0.9177806377410889,0.4598924219608307,0.7311983704566956,-0.04699542373418808,0.7835074663162231,0.42241549491882324,0.25333350896835327,-0.1391541212797165,0.9651740789413452,0.44246459007263184,0.6549080014228821,0.006673607975244522,0.9996544122695923,0.4044171869754791,0.654121458530426,-0.00674582552164793,0.9993922710418701,0.451716810464859,0.787700891494751,-0.03222101554274559,0.8362450003623962,0.41266298294067383,0.8182740807533264,-0.08951188623905182,0.689389169216156,0.44185003638267517,0.9603295922279358,-0.02878931723535061,0.7728157639503479,0.44337373971939087,0.8631202578544617,0.08930659294128418,0.13427144289016724,0.41952449083328247,1.0198134183883667,-0.08931124210357666,0.7178990244865417,0.45372143387794495,0.9073984026908875,0.11137853562831879,0.16680052876472473
395,13.166666666666666,0.5008505582809448,0.5102624893188477,-0.1304047554731369,0.9998041987419128,0.4896487593650818,0.5651485323905945,-0.03562840074300766,0.9998679757118225,0.45272955298423767,0.4656352698802948,-0.05703844875097275,0.9992674589157104,0.47408023476600647,0.6525229215621948,-0.014084731228649616,0.6863340139389038,0.429345041513443,0.368063747882843,-0.1027151569724083,0.9225202202796936,0.45836567878723145,0.7329384088516235,-0.060203541070222855,0.7998126745223999,0.4223214089870453,0.25446897745132446,-0.1721494048833847,0.9669764637947083,0.4413611888885498,0.6546152234077454,0.008214125409722328,0.9996217489242554,0.4035003185272217,0.6530370116233826,-0.008274881169199944,0.9993209838867188,0.4513491094112396,0.7851438522338867,-0.032854434102773666,0.8416905999183655,0.41060900688171387,0.8092683553695679,-0.08779341727495193,0.7011234164237976,0.4420146346092224,0.9603642821311951,-0.029510509222745895,0.777029275894165,0.43705543875694275,0.8687608242034912,0.08957551419734955,0.1388709992170334,0.4200891852378845,1.019491195678711,-0.0947500541806221,0.7238309979438782,0.4457624554634094,0.9152348041534424,0.11069116741418839,0.1707330346107483
396,13.2,0.500840425491333,0.5124508142471313,-0.15368883311748505,0.9998190402984619,0.4896877706050873,0.5672404766082764,-0.0579863116145134,0.999875545501709,0.45286184549331665,0.46637678146362305,-0.07543256878852844,0.9992838501930237,0.4735702574253082,0.6539064645767212,-0.04027227684855461,0.7090890407562256,0.42938143014907837,0.36874648928642273,-0.119276262819767,0.9265817999839783,0.4582734704017639,0.7331611514091492,-0.08612722158432007,0.8153676986694336,0.42221513390541077,0.2538873255252838,-0.18531551957130432,0.9685502648353577,0.440758615732193,0.6531861424446106,0.007832895033061504,0.999566912651062,0.4030836522579193,0.6503934264183044,-0.007901212200522423,0.9992084503173828,0.4508482813835144,0.7817920446395874,-0.056118160486221313,0.8480111360549927,0.40947866439819336,0.8045461773872375,-0.08186980336904526,0.7066537141799927,0.4420650005340576,0.9621493220329285,-0.09235812723636627,0.7839668393135071,0.4305565357208252,0.8685226440429688,0.0772913247346878,0.14327767491340637,0.4198075830936432,1.020578145980835,-0.1683659851551056,0.7340455651283264,0.443133682012558,0.924364447593689,0.07807199656963348,0.1769712120294571
397,13.233333333333333,0.5008364319801331,0.5132532119750977,-0.14992505311965942,0.9998295307159424,0.48961400985717773,0.5679510235786438,-0.05942665785551071,0.9998820424079895,0.45291247963905334,0.4665168821811676,-0.07383856922388077,0.9993033409118652,0.4731326103210449,0.6542004346847534,-0.04700729623436928,0.7302688360214233,0.4295307993888855,0.36838945746421814,-0.11795026063919067,0.9306643605232239,0.4582226872444153,0.7332462668418884,-0.0967545360326767,0.8290132284164429,0.42221102118492126,0.2552005648612976,-0.18387892842292786,0.9701736569404602,0.44012847542762756,0.652516782283783,0.00797957368195057,0.999552309513092,0.4027474820613861,0.649314820766449,-0.008049556985497475,0.99918133020401,0.4504988193511963,0.7794198989868164,-0.05140767619013786,0.8555759191513062,0.4093562066555023,0.805449903011322,-0.08236362040042877,0.722886860370636,0.44207149744033813,0.9608085751533508,-0.07194735109806061,0.7942801117897034,0.43451714515686035,0.8807284235954285,0.06632436066865921,0.16598917543888092,0.4200523793697357,1.0191047191619873,-0.14352920651435852,0.7477614879608154,0.44535309076309204,0.9291074275970459,0.05975880101323128,0.2001100778579712
398,13.266666666666667,0.5008813142776489,0.512653112411499,-0.15414491295814514,0.9998409748077393,0.4894132614135742,0.5689881443977356,-0.06606589257717133,0.999889075756073,0.4530864655971527,0.46727779507637024,-0.0772218331694603,0.9993260502815247,0.4723554253578186,0.6550512313842773,-0.057084351778030396,0.7504092454910278,0.42962685227394104,0.36800968647003174,-0.1214703917503357,0.9345611333847046,0.4580923914909363,0.7337050437927246,-0.11004171520471573,0.8420345187187195,0.4222079813480377,0.25503823161125183,-0.188322514295578,0.9717229008674622,0.43972015380859375,0.6521293520927429,0.007870731875300407,0.9995442032814026,0.40248051285743713,0.6488680243492126,-0.00794377364218235,0.9991657733917236,0.45045894384384155,0.7770577073097229,-0.0479450449347496,0.8633946180343628,0.40934377908706665,0.8075794577598572,-0.08140414208173752,0.7390745878219604,0.4420698583126068,0.9595930576324463,-0.06603944301605225,0.8045392036437988,0.43589502573013306,0.8785906434059143,0.06933985650539398,0.18816466629505157,0.4202207922935486,1.0161597728729248,-0.13685470819473267,0.7614209651947021,0.4461441934108734,0.9242846369743347,0.06451461464166641,0.223417729139328
399,13.3,0.5009291768074036,0.511493444442749,-0.16219526529312134,0.9998531937599182,0.48940783739089966,0.5689654350280762,-0.07028733938932419,0.9998958706855774,0.45315366983413696,0.46709874272346497,-0.08373133093118668,0.9993526339530945,0.47221237421035767,0.6547490358352661,-0.05954628437757492,0.7682687640190125,0.42962560057640076,0.3675554394721985,-0.12868520617485046,0.9381082057952881,0.45817381143569946,0.732451319694519,-0.11133531481027603,0.8538358807563782,0.4222046732902527,0.25418978929519653,-0.19536630809307098,0.9731402397155762,0.43941134214401245,0.6519344449043274,0.007918266579508781,0.9995288252830505,0.4023036062717438,0.6473650336265564,-0.007997212000191212,0.9991371631622314,0.4502650797367096,0.7771521806716919,-0.046533387154340744,0.8691387176513672,0.40923938155174255,0.8078515529632568,-0.07589957863092422,0.7501764297485352,0.4420744776725769,0.9595617651939392,-0.06978513300418854,0.8121823072433472,0.43446293473243713,0.8783431053161621,0.07487161457538605,0.20198804140090942,0.42163652181625366,1.0141661167144775,-0.1433931291103363,0.7729882597923279,0.4439466595649719,0.922749936580658,0.0716928094625473,0.23965193331241608
400,13.333333333333334,0.500927746295929,0.5106637477874756,-0.16910222172737122,0.9998647570610046,0.48942145705223083,0.5690468549728394,-0.07585028558969498,0.9999025464057922,0.4532690942287445,0.4670712351799011,-0.08837080746889114,0.9993794560432434,0.4720802307128906,0.6545413136482239,-0.06540920585393906,0.7842885255813599,0.429665744304657,0.3676949441432953,-0.13279691338539124,0.9403957724571228,0.45840883255004883,0.7311015725135803,-0.11732754856348038,0.8645104765892029,0.42219918966293335,0.2540874481201172,-0.19865486025810242,0.974026620388031,0.4388406276702881,0.6519895792007446,0.007829679176211357,0.999510645866394,0.4019659459590912,0.647161602973938,-0.007908005267381668,0.9990962147712708,0.45012331008911133,0.7768664956092834,-0.052864570170640945,0.8735914826393127,0.4090225100517273,0.8080605268478394,-0.06910452246665955,0.7520172595977783,0.4421250820159912,0.9595410823822021,-0.08503781259059906,0.8173561692237854,0.4292535185813904,0.8606289625167847,0.08471643924713135,0.20178386569023132,0.4226430058479309,1.0110986232757568,-0.16056618094444275,0.7823631763458252,0.438523530960083,0.9198353290557861,0.0745135098695755,0.24228961765766144
401,13.366666666666667,0.5009254217147827,0.5101086497306824,-0.16307085752487183,0.9998747706413269,0.48943057656288147,0.569930911064148,-0.07296374440193176,0.9999081492424011,0.45325666666030884,0.46694135665893555,-0.07820151746273041,0.9993954300880432,0.47185325622558594,0.6545224785804749,-0.06482739001512527,0.8023765087127686,0.4296743869781494,0.3678748607635498,-0.12254033982753754,0.9439225196838379,0.458637535572052,0.7310284972190857,-0.1182696595788002,0.8764361143112183,0.42219847440719604,0.25463131070137024,-0.1918836385011673,0.9755953550338745,0.43865054845809937,0.6527446508407593,0.005489877890795469,0.9994985461235046,0.40166908502578735,0.6473585367202759,-0.005564393475651741,0.9990726113319397,0.4500998854637146,0.7790730595588684,-0.04379744827747345,0.879365086555481,0.40859198570251465,0.8120313286781311,-0.0651528462767601,0.765644907951355,0.44231852889060974,0.961190938949585,-0.08096099644899368,0.826458752155304,0.43043357133865356,0.8763764500617981,0.08432035148143768,0.22002150118350983,0.422596275806427,1.0128982067108154,-0.14866971969604492,0.7942302823066711,0.44098129868507385,0.9239639043807983,0.07809776067733765,0.26249799132347107
402,13.4,0.5008450746536255,0.5098369121551514,-0.1726893186569214,0.9998847246170044,0.4894351065158844,0.5703753232955933,-0.08044328540563583,0.999914288520813,0.453381210565567,0.4669739603996277,-0.08564382791519165,0.9994192719459534,0.47170740365982056,0.6547839045524597,-0.07227867841720581,0.8176897168159485,0.4296732544898987,0.36810141801834106,-0.12700465321540833,0.9457737803459167,0.4586428701877594,0.7310447692871094,-0.12598465383052826,0.8866319060325623,0.4221976697444916,0.2556856572628021,-0.19370731711387634,0.9764417409896851,0.4384034276008606,0.6537293791770935,0.005428523290902376,0.9994902014732361,0.401297003030777,0.6474466323852539,-0.005505307577550411,0.9990459084510803,0.45001524686813354,0.7792326807975769,-0.050698839128017426,0.8841283917427063,0.40847888588905334,0.813681960105896,-0.06648295372724533,0.7715570330619812,0.44261059165000916,0.9611272215843201,-0.07947047054767609,0.8322568535804749,0.4304511547088623,0.8608316779136658,0.08748894184827805,0.22281041741371155,0.42283377051353455,1.0120726823806763,-0.15317761898040771,0.803747832775116,0.44165611267089844,0.9219785928726196,0.0784299373626709,0.26885750889778137
403,13.433333333333334,0.5009201169013977,0.510409951210022,-0.18114961683750153,0.9998939037322998,0.489440381526947,0.570674479007721,-0.0926792100071907,0.9999199509620667,0.4534282088279724,0.46704259514808655,-0.09671096503734589,0.999437153339386,0.47169390320777893,0.6549170613288879,-0.08444803953170776,0.8328613042831421,0.4296455979347229,0.3681766986846924,-0.14005602896213531,0.9487185478210449,0.4586821496486664,0.7308146357536316,-0.13597798347473145,0.8966359496116638,0.42216530442237854,0.25581061840057373,-0.20588640868663788,0.977906346321106,0.438323438167572,0.653917670249939,0.005023010075092316,0.9994775056838989,0.40120720863342285,0.6475324630737305,-0.005100375972688198,0.9990182518959045,0.4499451518058777,0.7793406844139099,-0.05056378245353699,0.8896417021751404,0.4083445966243744,0.8130178451538086,-0.06261299550533295,0.7828302979469299,0.44261112809181213,0.9610728621482849,-0.0779288038611412,0.8411278128623962,0.43127551674842834,0.8833267092704773,0.08116717636585236,0.2460615485906601,0.42208734154701233,1.0118902921676636,-0.15390536189079285,0.8159825801849365,0.4423235356807709,0.9312822818756104,0.0704222023487091,0.295319527387619
404,13.466666666666667,0.500992476940155,0.5106338262557983,-0.18857136368751526,0.9999022483825684,0.4894275665283203,0.5712351202964783,-0.10053007304668427,0.9999248385429382,0.45343345403671265,0.4672459065914154,-0.10202660411596298,0.9994513392448425,0.4716625213623047,0.655551016330719,-0.09341876953840256,0.846473217010498,0.4296313226222992,0.36840781569480896,-0.1453944444656372,0.9511812329292297,0.4587179124355316,0.7308379411697388,-0.1449747085571289,0.9055398106575012,0.42213600873947144,0.2564932703971863,-0.2114611119031906,0.9792199730873108,0.4382387697696686,0.6540648341178894,0.004043652676045895,0.9994604587554932,0.4012013375759125,0.6476097702980042,-0.0041251713410019875,0.9989844560623169,0.4499078691005707,0.7793861627578735,-0.054940760135650635,0.894371509552002,0.40806135535240173,0.8122486472129822,-0.05788685008883476,0.7907752990722656,0.4426022171974182,0.9615502953529358,-0.08793409913778305,0.8490427136421204,0.43135911226272583,0.8896522521972656,0.07715577632188797,0.26435360312461853,0.42157092690467834,1.0127472877502441,-0.16669461131095886,0.8268938064575195,0.4429093301296234,0.9356837868690491,0.06481945514678955,0.3165029287338257
405,13.5,0.5010836124420166,0.5105788111686707,-0.18647953867912292,0.999909520149231,0.4894197881221771,0.5714945197105408,-0.09993409365415573,0.9999290108680725,0.4534432291984558,0.46759602427482605,-0.10088707506656647,0.9994637966156006,0.4716784358024597,0.6556335091590881,-0.0939214825630188,0.8585397005081177,0.4296213984489441,0.3687373995780945,-0.14421027898788452,0.9534416198730469,0.45886486768722534,0.7307671308517456,-0.14531823992729187,0.9134178161621094,0.42212867736816406,0.2570202052593231,-0.20861294865608215,0.98042893409729,0.43813514709472656,0.654219925403595,0.0034901618491858244,0.9994438290596008,0.40120258927345276,0.647666871547699,-0.003575212089344859,0.9989563226699829,0.4498785436153412,0.7795544862747192,-0.058755986392498016,0.8979308605194092,0.40775614976882935,0.8110387325286865,-0.057800788432359695,0.7977345585823059,0.44257864356040955,0.9616815447807312,-0.09394101053476334,0.8555153608322144,0.43235883116722107,0.895042359828949,0.061991136521101,0.2853623628616333,0.42148536443710327,1.0128661394119263,-0.17279638350009918,0.8363560438156128,0.44313937425613403,0.9406625628471375,0.04460800066590309,0.33993569016456604
406,13.533333333333333,0.5011430978775024,0.5105211734771729,-0.1874169409275055,0.9999158978462219,0.48941001296043396,0.5720280408859253,-0.09948986768722534,0.9999319314956665,0.4534377157688141,0.4679274559020996,-0.10234443843364716,0.9994747638702393,0.47167620062828064,0.6558533310890198,-0.09273265302181244,0.868265688419342,0.4296157956123352,0.3689393401145935,-0.14620020985603333,0.9555240869522095,0.4588716924190521,0.7307615280151367,-0.14274904131889343,0.9197247624397278,0.4221251606941223,0.25753387808799744,-0.20988261699676514,0.9814867377281189,0.4381450116634369,0.6542959213256836,0.0034658864606171846,0.999420166015625,0.4012175500392914,0.6477005481719971,-0.003551956731826067,0.9989258646965027,0.449828565120697,0.7797055840492249,-0.0601966567337513,0.8996570706367493,0.40766769647598267,0.8100918531417847,-0.058557890355587006,0.8023355603218079,0.44255954027175903,0.9617335200309753,-0.09210533648729324,0.8586514592170715,0.43375033140182495,0.8973345160484314,0.056383632123470306,0.3015170097351074,0.4212380051612854,1.0128649473190308,-0.16961470246315002,0.8424254655838013,0.44409170746803284,0.9423351883888245,0.03786439448595047,0.35790330171585083
407,13.566666666666666,0.5011721849441528,0.5105270743370056,-0.1873985379934311,0.9999213218688965,0.48938998579978943,0.5722395181655884,-0.0983186587691307,0.9999340772628784,0.45343175530433655,0.46805912256240845,-0.10264704376459122,0.9994838237762451,0.471682608127594,0.6558585166931152,-0.0908006876707077,0.8765143156051636,0.42958003282546997,0.36900368332862854,-0.14695587754249573,0.9573748707771301,0.45887723565101624,0.7306172847747803,-0.140287846326828,0.9250459671020508,0.4220987856388092,0.25752171874046326,-0.21057391166687012,0.9824182391166687,0.4381507933139801,0.6543758511543274,0.003495214506983757,0.9993913769721985,0.4012274742126465,0.6477264165878296,-0.0035811378620564938,0.9988900423049927,0.44978952407836914,0.7798045873641968,-0.06316643953323364,0.9008985161781311,0.40767398476600647,0.8091225624084473,-0.059371959418058395,0.8055492639541626,0.4425618052482605,0.9617134928703308,-0.09372714906930923,0.8601406216621399,0.43415728211402893,0.8996834754943848,0.05277819186449051,0.31464311480522156,0.42118287086486816,1.0128597021102905,-0.17065170407295227,0.8466883301734924,0.4442831575870514,0.9450966715812683,0.03350619226694107,0.37210866808891296
408,13.6,0.5012125968933105,0.5106543898582458,-0.18128257989883423,0.9999262690544128,0.48937320709228516,0.572278618812561,-0.09195008873939514,0.9999366402626038,0.45340824127197266,0.46803995966911316,-0.09739268571138382,0.9994938373565674,0.4715920388698578,0.6558417677879333,-0.08398043364286423,0.8846117854118347,0.42952269315719604,0.3689834177494049,-0.14174889028072357,0.9596476554870605,0.45883074402809143,0.730600118637085,-0.13432031869888306,0.9304637312889099,0.42204469442367554,0.2574702203273773,-0.20612332224845886,0.9834030270576477,0.4381641447544098,0.6547284722328186,0.0037716838996857405,0.9993826150894165,0.40123313665390015,0.6484664082527161,-0.0038569786120206118,0.9988875985145569,0.44979438185691833,0.7812265157699585,-0.04779667407274246,0.9026040434837341,0.4075794219970703,0.8094733357429504,-0.06010735034942627,0.8149633407592773,0.4426041543483734,0.9616951942443848,-0.06596196442842484,0.8630868792533875,0.4362027645111084,0.9007763266563416,0.05749242752790451,0.3373960852622986,0.4212191104888916,1.0131115913391113,-0.14120414853096008,0.8514614701271057,0.4458385109901428,0.9458633661270142,0.040290478616952896,0.3939673900604248
409,13.633333333333333,0.5012672543525696,0.5107540488243103,-0.17852208018302917,0.9999308586120605,0.489359050989151,0.5722861886024475,-0.08918514847755432,0.99993896484375,0.45339497923851013,0.4680260419845581,-0.09496887773275375,0.9995038509368896,0.4715360105037689,0.6558223962783813,-0.08102820813655853,0.8916453123092651,0.4294950067996979,0.3689594268798828,-0.13927504420280457,0.9616267681121826,0.4587914049625397,0.7305948138237,-0.1316465437412262,0.9352051615715027,0.42198386788368225,0.2574458718299866,-0.20425252616405487,0.9842433333396912,0.4381735324859619,0.6549387574195862,0.004012411460280418,0.9993732571601868,0.4012377858161926,0.6489366888999939,-0.004097822122275829,0.9988839626312256,0.44979381561279297,0.7821328639984131,-0.04319017753005028,0.9034151434898376,0.40751558542251587,0.8096614480018616,-0.060397058725357056,0.8227018713951111,0.4426513612270355,0.9616615176200867,-0.06090235710144043,0.8646790981292725,0.436722993850708,0.90129554271698,0.05857991427183151,0.3556268513202667,0.42150646448135376,1.013159990310669,-0.13558566570281982,0.8548736572265625,0.4461763799190521,0.9463422298431396,0.04155440255999565,0.41164693236351013
410,13.666666666666666,0.5013072490692139,0.510807991027832,-0.1772450953722,0.9999351501464844,0.48935431241989136,0.5723211765289307,-0.08872199803590775,0.9999411106109619,0.45338210463523865,0.46801266074180603,-0.09481031447649002,0.9995130300521851,0.47147274017333984,0.6558148860931396,-0.08053650707006454,0.8978531956672668,0.429474413394928,0.3689396381378174,-0.13874608278274536,0.9633631706237793,0.45875340700149536,0.7305986881256104,-0.1310429573059082,0.9393929839134216,0.4219423830509186,0.25722843408584595,-0.2031266689300537,0.9849827885627747,0.4381812512874603,0.6550710201263428,0.004152865149080753,0.9993640184402466,0.4012429714202881,0.6491568088531494,-0.004239076282829046,0.9988793134689331,0.44978317618370056,0.7828859090805054,-0.04188111796975136,0.9039661884307861,0.4074583947658539,0.8097648620605469,-0.06092873215675354,0.8292480707168579,0.44268327951431274,0.961640477180481,-0.06085295230150223,0.8661409020423889,0.43685775995254517,0.9014730453491211,0.060177214443683624,0.3712756633758545,0.4218451976776123,1.013291358947754,-0.1356789618730545,0.8581053018569946,0.4462331235408783,0.9467353224754333,0.0437212698161602,0.4269808530807495
411,13.7,0.5013387799263,0.510856032371521,-0.17639464139938354,0.99993896484375,0.48934850096702576,0.5723382234573364,-0.08821750432252884,0.9999430775642395,0.4533658027648926,0.46800071001052856,-0.09458236396312714,0.9995209574699402,0.47141915559768677,0.6558115482330322,-0.08004669845104218,0.9034050107002258,0.429457426071167,0.3689184784889221,-0.13842666149139404,0.9649175405502319,0.4587191641330719,0.7306026220321655,-0.1305670291185379,0.9431275129318237,0.4219176173210144,0.2569516599178314,-0.20242416858673096,0.9856176376342773,0.43818822503089905,0.6551293134689331,0.0043380241841077805,0.9993579387664795,0.40124812722206116,0.64927077293396,-0.0044251056388020515,0.9988786578178406,0.44977816939353943,0.7833450436592102,-0.04229656234383583,0.9045988917350769,0.40741634368896484,0.809844434261322,-0.061164289712905884,0.835360050201416,0.4427042007446289,0.9616239070892334,-0.06162642687559128,0.8673865795135498,0.43698740005493164,0.9021590352058411,0.059242986142635345,0.3862901031970978,0.42206209897994995,1.0136427879333496,-0.13623668253421783,0.8608913421630859,0.44629940390586853,0.9476765990257263,0.041969023644924164,0.4414639472961426
412,13.733333333333333,0.5013656616210938,0.5108955502510071,-0.17584693431854248,0.9999423027038574,0.48934420943260193,0.5723363757133484,-0.08783943951129913,0.999944806098938,0.45335158705711365,0.4679907560348511,-0.09452719241380692,0.9995280504226685,0.4713861048221588,0.6558030247688293,-0.07954220473766327,0.908257007598877,0.42943844199180603,0.3689035177230835,-0.13827960193157196,0.966325044631958,0.4586804509162903,0.7306045293807983,-0.13002386689186096,0.946380615234375,0.4218977987766266,0.2566390633583069,-0.20198145508766174,0.9861697554588318,0.4382033944129944,0.6551399827003479,0.004558333195745945,0.9993516206741333,0.401254802942276,0.6493233442306519,-0.004645996727049351,0.9988776445388794,0.4497739374637604,0.783592164516449,-0.04253239184617996,0.904948353767395,0.4073856770992279,0.809872031211853,-0.06120942905545235,0.8407230377197266,0.4427221715450287,0.9615750908851624,-0.06162543222308159,0.8680200576782227,0.43701305985450745,0.9027165174484253,0.05871351435780525,0.3992929756641388,0.42228347063064575,1.013839840888977,-0.13599428534507751,0.862919270992279,0.44631990790367126,0.948494553565979,0.041225772351026535,0.4538610577583313
413,13.766666666666667,0.5013846755027771,0.5109301209449768,-0.1757250279188156,0.9999452233314514,0.4893431067466736,0.5723333954811096,-0.08783449232578278,0.9999463558197021,0.45333948731422424,0.46797895431518555,-0.09503873437643051,0.9995337724685669,0.4713613986968994,0.655795693397522,-0.07943651080131531,0.9125336408615112,0.42941293120384216,0.36881396174430847,-0.13899466395378113,0.9675126075744629,0.45865267515182495,0.7306061387062073,-0.129753977060318,0.9492580890655518,0.4218815863132477,0.2562686502933502,-0.20212240517139435,0.9866319894790649,0.4382143020629883,0.6551448106765747,0.004793903324753046,0.999343991279602,0.4012620449066162,0.6493438482284546,-0.0048823789693415165,0.9988722205162048,0.4497694969177246,0.7837331891059875,-0.04284236952662468,0.905341625213623,0.4073563516139984,0.809887707233429,-0.061347417533397675,0.8450731635093689,0.4427371621131897,0.9615379571914673,-0.06312904506921768,0.8684675693511963,0.4370521903038025,0.9029847979545593,0.05809007212519646,0.41003119945526123,0.4223516583442688,1.0141159296035767,-0.13759659230709076,0.8646404147148132,0.4463399052619934,0.9489573836326599,0.04054463654756546,0.4641213119029999
414,13.8,0.5014137029647827,0.5109426379203796,-0.17499087750911713,0.9999477863311768,0.489342600107193,0.5723252892494202,-0.0877954512834549,0.999947726726532,0.4533216953277588,0.46797358989715576,-0.09466124325990677,0.9995397329330444,0.4713473916053772,0.6557905077934265,-0.07926149666309357,0.9162992238998413,0.42939528822898865,0.36874252557754517,-0.13862667977809906,0.9686429500579834,0.45863765478134155,0.7306053042411804,-0.12953509390354156,0.9517691731452942,0.4218577444553375,0.25605082511901855,-0.20208628475666046,0.9870575070381165,0.4382475018501282,0.6551995277404785,0.004983473103493452,0.9993405342102051,0.40126651525497437,0.6494172215461731,-0.0050721243023872375,0.9988735318183899,0.44976702332496643,0.7838578820228577,-0.04315965250134468,0.9060819745063782,0.4073414206504822,0.8098978400230408,-0.06181081384420395,0.8496031761169434,0.44274505972862244,0.9614790081977844,-0.06346378475427628,0.8690599799156189,0.43706458806991577,0.9030137658119202,0.05789685249328613,0.4205784201622009,0.4223654866218567,1.014338493347168,-0.13768185675144196,0.8662436604499817,0.4463686943054199,0.9490976929664612,0.04059688001871109,0.4740597605705261
415,13.833333333333334,0.501427412033081,0.5109362006187439,-0.17492146790027618,0.999950110912323,0.48934221267700195,0.5723265409469604,-0.08782422542572021,0.9999489784240723,0.4533098638057709,0.4679686725139618,-0.09470588713884354,0.9995453953742981,0.47134584188461304,0.655784547328949,-0.0798608809709549,0.919752299785614,0.42936092615127563,0.368643194437027,-0.1386118233203888,0.9695602655410767,0.4586218297481537,0.7306039333343506,-0.13079428672790527,0.9540548324584961,0.42183321714401245,0.2559504508972168,-0.2018810510635376,0.9874306321144104,0.4382944107055664,0.6552337408065796,0.005029673222452402,0.9993378520011902,0.4012739062309265,0.6494224667549133,-0.005118724890053272,0.998874843120575,0.44976386427879333,0.7839042544364929,-0.043366145342588425,0.9065206050872803,0.40733689069747925,0.809876024723053,-0.0618535652756691,0.8530507683753967,0.4427461624145508,0.961391031742096,-0.06402119249105453,0.869524359703064,0.4370788037776947,0.9027085900306702,0.05822297930717468,0.4287620186805725,0.42237433791160583,1.0144108533859253,-0.13830463588237762,0.8676921725273132,0.44637495279312134,0.9488716721534729,0.04125708341598511,0.48192399740219116
416,13.866666666666667,0.5014436841011047,0.5109304785728455,-0.17457297444343567,0.9999521374702454,0.48934173583984375,0.5723215937614441,-0.0876680389046669,0.9999502301216125,0.45329585671424866,0.4679625928401947,-0.09452234953641891,0.999550998210907,0.4713500440120697,0.6557749509811401,-0.07963935285806656,0.9229006767272949,0.4293317198753357,0.36856934428215027,-0.13844001293182373,0.9704155921936035,0.45861274003982544,0.7305988669395447,-0.1306513249874115,0.9561414122581482,0.42181405425071716,0.2558496594429016,-0.2018135040998459,0.9877699017524719,0.43834471702575684,0.6552452445030212,0.0051057911477983,0.9993374347686768,0.4012790322303772,0.6494317650794983,-0.00519524747505784,0.9988787770271301,0.449761301279068,0.7839399576187134,-0.043651141226291656,0.9069337844848633,0.40733322501182556,0.80987548828125,-0.061949722468853,0.8563500046730042,0.4427459239959717,0.961322546005249,-0.06374240666627884,0.8698281049728394,0.4370972514152527,0.9025883078575134,0.05863074213266373,0.43631449341773987,0.4223768711090088,1.0145231485366821,-0.13778704404830933,0.8688325881958008,0.44639500975608826,0.9487816095352173,0.04203849285840988,0.48906171321868896
417,13.9,0.5014551877975464,0.5109321475028992,-0.17405450344085693,0.9999539852142334,0.489342600107193,0.5723034739494324,-0.08732742816209793,0.9999514222145081,0.45328062772750854,0.46795666217803955,-0.09441141784191132,0.9995564818382263,0.47135478258132935,0.6557252407073975,-0.07951633632183075,0.9260448217391968,0.42929425835609436,0.36855724453926086,-0.13846378028392792,0.9712995886802673,0.45862093567848206,0.7304871678352356,-0.13047784566879272,0.9582772850990295,0.42180269956588745,0.25580593943595886,-0.20170477032661438,0.988128662109375,0.4383543133735657,0.6552534103393555,0.0053527201525866985,0.9993374347686768,0.4012834429740906,0.6494370698928833,-0.00544286984950304,0.9988824725151062,0.4497598707675934,0.7839805483818054,-0.04375431686639786,0.9079383015632629,0.40733981132507324,0.8098949790000916,-0.062299709767103195,0.8603397011756897,0.44274020195007324,0.9612942337989807,-0.06380083411931992,0.8710318803787231,0.43671363592147827,0.8947103023529053,0.05727372318506241,0.4470691680908203,0.4223891794681549,1.0147672891616821,-0.13781003654003143,0.8706294894218445,0.4464131295681,0.9499330520629883,0.039479952305555344,0.49859488010406494
418,13.933333333333334,0.5014712810516357,0.5109504461288452,-0.17312802374362946,0.9999555945396423,0.48934221267700195,0.5722828507423401,-0.08689062297344208,0.9999525547027588,0.4532620906829834,0.46795159578323364,-0.09432239830493927,0.9995613098144531,0.47135597467422485,0.6556909680366516,-0.07881622016429901,0.9287920594215393,0.42927607893943787,0.3685309886932373,-0.13839983940124512,0.9720908999443054,0.4586210250854492,0.730452299118042,-0.12988504767417908,0.9601150751113892,0.4217902719974518,0.2557491660118103,-0.20162706077098846,0.9884153604507446,0.4383750557899475,0.6552624702453613,0.005531779024749994,0.9993385076522827,0.4012872278690338,0.6494374871253967,-0.005621891003102064,0.9988873600959778,0.44975829124450684,0.7840453386306763,-0.043952446430921555,0.908730685710907,0.4073537290096283,0.8099006414413452,-0.062481772154569626,0.8638526797294617,0.44273456931114197,0.9612647294998169,-0.06326421350240707,0.8717982172966003,0.43649959564208984,0.891538143157959,0.057427264750003815,0.45582306385040283,0.42239150404930115,1.0149892568588257,-0.13700807094573975,0.8719514012336731,0.4464276432991028,0.9503076076507568,0.039901770651340485,0.5064706802368164
419,13.966666666666667,0.5014837384223938,0.5109772086143494,-0.1731165498495102,0.9999569058418274,0.48934206366539,0.5722646713256836,-0.08696532249450684,0.99995356798172,0.45323771238327026,0.4679420590400696,-0.09474706649780273,0.9995638728141785,0.47135743498802185,0.6556538939476013,-0.07887229323387146,0.9313914179801941,0.4292544424533844,0.3684776723384857,-0.13882240653038025,0.9727582931518555,0.4586211144924164,0.7303755879402161,-0.13003090023994446,0.9618222713470459,0.4217839241027832,0.2556062638759613,-0.20167334377765656,0.988652229309082,0.43842577934265137,0.6552689671516418,0.0055879270657896996,0.999338686466217,0.40130615234375,0.6494345664978027,-0.00567812891677022,0.9988888502120972,0.4497569501399994,0.784081757068634,-0.04399002715945244,0.9095723032951355,0.4073595106601715,0.809907078742981,-0.06259473413228989,0.8667879104614258,0.44272366166114807,0.9612323045730591,-0.06331219524145126,0.872776985168457,0.4365929663181305,0.8974071741104126,0.057760197669267654,0.4627721607685089,0.4223858416080475,1.015184760093689,-0.13706901669502258,0.873376727104187,0.44643673300743103,0.9502590894699097,0.040087006986141205,0.5127127766609192
420,14.0,0.5015318989753723,0.5109838843345642,-0.17455653846263885,0.9999575614929199,0.4893573224544525,0.5719799995422363,-0.08802153915166855,0.999954342842102,0.4532298147678375,0.46787771582603455,-0.09697501361370087,0.9995612502098083,0.4715979993343353,0.655475914478302,-0.07907082140445709,0.9332681894302368,0.4292120933532715,0.36836183071136475,-0.14017778635025024,0.9729623198509216,0.4586206376552582,0.7301607728004456,-0.1299973428249359,0.9630119204521179,0.42177677154541016,0.2551245093345642,-0.2017057240009308,0.9886309504508972,0.4384411871433258,0.6552141904830933,0.005705633666366339,0.9993386268615723,0.4013136327266693,0.6490222215652466,-0.005795328412204981,0.9988820552825928,0.44971951842308044,0.7840895056724548,-0.04646814614534378,0.9106754064559937,0.4073050022125244,0.807851254940033,-0.06254877895116806,0.8677374124526978,0.44272106885910034,0.9612170457839966,-0.06992651522159576,0.8744454383850098,0.4362315237522125,0.8970027565956116,0.06428655236959457,0.46225205063819885,0.4224240183830261,1.0151890516281128,-0.1444127857685089,0.8754808306694031,0.4456346035003662,0.9466420412063599,0.05136324092745781,0.5127857327461243
421,14.033333333333333,0.5015473961830139,0.5109859108924866,-0.1755252629518509,0.9999581575393677,0.4893694818019867,0.5718036890029907,-0.08891670405864716,0.9999551177024841,0.45322346687316895,0.46785345673561096,-0.09787594527006149,0.9995598196983337,0.4717745780944824,0.6553676128387451,-0.07952822744846344,0.9348970651626587,0.42918187379837036,0.3683531880378723,-0.14068304002285004,0.9730600118637085,0.4586184620857239,0.7300889492034912,-0.12998245656490326,0.9639701843261719,0.42177146673202515,0.25499656796455383,-0.201863095164299,0.988591730594635,0.43845486640930176,0.6552020311355591,0.005727911368012428,0.9993381500244141,0.40131860971450806,0.6486760973930359,-0.005817296449095011,0.9988732933998108,0.44970399141311646,0.7840891480445862,-0.04806813970208168,0.9116573333740234,0.407271146774292,0.8063433170318604,-0.06229706481099129,0.8674865961074829,0.442721426486969,0.9611702561378479,-0.0731683298945427,0.8757408261299133,0.43582549691200256,0.8945881128311157,0.07301216572523117,0.45669758319854736,0.4226161539554596,1.0151704549789429,-0.14780619740486145,0.8771427869796753,0.4449853003025055,0.9418606162071228,0.06377987563610077,0.5082047581672668
422,14.066666666666666,0.5015619397163391,0.5109885334968567,-0.1765298694372177,0.9999586939811707,0.4893777370452881,0.5716351270675659,-0.0898103192448616,0.9999558925628662,0.4532182812690735,0.46781212091445923,-0.09876840561628342,0.9995585083961487,0.47188591957092285,0.6552520394325256,-0.08030350506305695,0.9362311363220215,0.42912817001342773,0.36828553676605225,-0.1413021981716156,0.9730042815208435,0.4586147665977478,0.7299386858940125,-0.1304273158311844,0.9648019671440125,0.42176586389541626,0.2549299895763397,-0.2019566297531128,0.9884870648384094,0.4384644627571106,0.6551926732063293,0.00573663879185915,0.9993331432342529,0.40132370591163635,0.6483676433563232,-0.005825995467603207,0.9988565444946289,0.44968676567077637,0.7840402126312256,-0.05034278705716133,0.9119316935539246,0.40723976492881775,0.804671049118042,-0.0621245875954628,0.8655605912208557,0.4427235722541809,0.9610354900360107,-0.07696886360645294,0.8758801817893982,0.4351515769958496,0.8933870196342468,0.0740484744310379,0.4489256739616394,0.4228152334690094,1.0148799419403076,-0.1516679972410202,0.8778027892112732,0.4440253674983978,0.9398630857467651,0.06484910100698471,0.5015462636947632
423,14.1,0.5015783905982971,0.5109925270080566,-0.17777661979198456,0.9999593496322632,0.4893811345100403,0.5714988708496094,-0.09095904231071472,0.9999566078186035,0.45321401953697205,0.46778404712677,-0.0998215451836586,0.9995574951171875,0.4719528257846832,0.6551474928855896,-0.08115760236978531,0.9372714757919312,0.42908820509910583,0.36820533871650696,-0.1423281580209732,0.9729045629501343,0.45860719680786133,0.729824423789978,-0.13081777095794678,0.9654197096824646,0.42176246643066406,0.2548055350780487,-0.20274928212165833,0.988385796546936,0.4384719431400299,0.655180037021637,0.0057399338111281395,0.9993268251419067,0.4013272821903229,0.6481030583381653,-0.005829292349517345,0.9988374710083008,0.44968000054359436,0.7839590907096863,-0.051059968769550323,0.9121237993240356,0.4072226881980896,0.8036476373672485,-0.06139426678419113,0.8630226850509644,0.4427284300327301,0.9608420729637146,-0.07841689139604568,0.8758813142776489,0.4346774220466614,0.891800582408905,0.07761497795581818,0.4396876096725464,0.42294207215309143,1.014539122581482,-0.15306971967220306,0.8782545328140259,0.4433325231075287,0.9377838969230652,0.06988181173801422,0.49341505765914917
424,14.133333333333333,0.5015928745269775,0.5110044479370117,-0.17770597338676453,0.9999594688415527,0.48942089080810547,0.571162223815918,-0.09104431420564651,0.9999571442604065,0.45321089029312134,0.4677583873271942,-0.10003264993429184,0.9995552897453308,0.47201329469680786,0.6549974679946899,-0.08123698830604553,0.9380172491073608,0.42907118797302246,0.3681848645210266,-0.14269591867923737,0.972734808921814,0.4586004614830017,0.7296339273452759,-0.13078734278678894,0.9658408164978027,0.421759694814682,0.25473591685295105,-0.20295102894306183,0.9882590770721436,0.4384794235229492,0.6551401615142822,0.005742569454014301,0.9993172883987427,0.4013298451900482,0.6478459239006042,-0.005831931252032518,0.9988136291503906,0.4496672749519348,0.7838349342346191,-0.05250035971403122,0.9119760394096375,0.4071987271308899,0.8029792904853821,-0.061032604426145554,0.8597486019134521,0.44273728132247925,0.9606876969337463,-0.08112899959087372,0.8752984404563904,0.4341667592525482,0.8914504051208496,0.07673431932926178,0.43039053678512573,0.42303267121315,1.0142053365707397,-0.15596076846122742,0.8780701160430908,0.44265300035476685,0.9374340772628784,0.06823526322841644,0.4849635660648346
425,14.166666666666666,0.5016010403633118,0.511012077331543,-0.17768265306949615,0.9999595284461975,0.4894463121891022,0.5708784461021423,-0.09129013121128082,0.9999576210975647,0.4532075822353363,0.46774715185165405,-0.10019415616989136,0.999553382396698,0.4720536172389984,0.6548822522163391,-0.08131808787584305,0.9384563565254211,0.4290615916252136,0.3681688606739044,-0.14278611540794373,0.9724491834640503,0.45859628915786743,0.7294920086860657,-0.13076156377792358,0.9660791754722595,0.4217570722103119,0.2547087073326111,-0.2029576301574707,0.9881062507629395,0.4384879469871521,0.6550952196121216,0.005731293465942144,0.9993060231208801,0.40133365988731384,0.6475775241851807,-0.0058207749389112,0.9987878203392029,0.4496438503265381,0.783791184425354,-0.052312303334474564,0.9111246466636658,0.40718287229537964,0.8025271892547607,-0.059822481125593185,0.855269730091095,0.4427533745765686,0.9605790972709656,-0.08145575225353241,0.8740778565406799,0.4334825873374939,0.8910731673240662,0.07839848101139069,0.4196701943874359,0.4232068955898285,1.01382577419281,-0.1564052402973175,0.8772722482681274,0.4416823983192444,0.9371330142021179,0.07049767673015594,0.4749830365180969
426,14.2,0.5016103386878967,0.5110185146331787,-0.17750856280326843,0.9999597668647766,0.48945799469947815,0.5706743001937866,-0.09117528051137924,0.9999580979347229,0.45320457220077515,0.4677334129810333,-0.09997916221618652,0.9995530843734741,0.47207504510879517,0.6547789573669434,-0.08104808628559113,0.9386310577392578,0.4290553033351898,0.36815083026885986,-0.14275938272476196,0.9721463918685913,0.45859116315841675,0.7293791770935059,-0.13004204630851746,0.9661847352981567,0.42175358533859253,0.2546916604042053,-0.20261399447917938,0.987953245639801,0.43849238753318787,0.6550473570823669,0.005713406018912792,0.9992945194244385,0.4013364315032959,0.6473502516746521,-0.005803098436444998,0.9987621307373047,0.44962674379348755,0.7837466597557068,-0.0520804300904274,0.9100377559661865,0.4071781039237976,0.8020671606063843,-0.058598678559064865,0.8500862121582031,0.4427701532840729,0.9605666995048523,-0.08219876885414124,0.8725737929344177,0.4328877329826355,0.8901548385620117,0.08095436543226242,0.4077285826206207,0.42346373200416565,1.0133438110351562,-0.15743371844291687,0.8761980533599854,0.44087323546409607,0.9361570477485657,0.07418209314346313,0.4638509750366211
427,14.233333333333333,0.5016156435012817,0.5110343098640442,-0.1775537133216858,0.9999600052833557,0.48946624994277954,0.5704927444458008,-0.0912194699048996,0.9999585747718811,0.45320194959640503,0.4677202105522156,-0.10025955736637115,0.9995523691177368,0.472083181142807,0.6546854376792908,-0.08099909126758575,0.9387334585189819,0.4290474057197571,0.3681419789791107,-0.1429627686738968,0.9718339443206787,0.4585861563682556,0.7292725443840027,-0.12982437014579773,0.9662593007087708,0.42174988985061646,0.2546345591545105,-0.20285162329673767,0.987804651260376,0.43849706649780273,0.6549863815307617,0.0057079847902059555,0.999281108379364,0.4013402462005615,0.6471188068389893,-0.005797904916107655,0.9987327456474304,0.44961637258529663,0.7837306261062622,-0.05177496746182442,0.9089266657829285,0.40717679262161255,0.8015733361244202,-0.05691935494542122,0.8446334600448608,0.442798912525177,0.9605521559715271,-0.08208225667476654,0.8709871172904968,0.43115535378456116,0.8721349239349365,0.08414070308208466,0.39551886916160583,0.42381566762924194,1.0130114555358887,-0.15733392536640167,0.8750080466270447,0.4401331841945648,0.935028076171875,0.07837152481079102,0.45224514603614807
428,14.266666666666667,0.5016251802444458,0.5110469460487366,-0.17757563292980194,0.9999603033065796,0.489463746547699,0.5704783797264099,-0.0912863239645958,0.9999590516090393,0.4531934857368469,0.46770215034484863,-0.10040833801031113,0.999552309513092,0.47209128737449646,0.6546140313148499,-0.08096027374267578,0.9386643767356873,0.4290394186973572,0.368074506521225,-0.1428985446691513,0.9715254306793213,0.45857834815979004,0.7292373776435852,-0.12971767783164978,0.966219425201416,0.4217461049556732,0.254438191652298,-0.2028297483921051,0.9876551628112793,0.4385128915309906,0.6549403071403503,0.005683309398591518,0.9992660880088806,0.4013436436653137,0.6469665765762329,-0.005773956887423992,0.998701810836792,0.449613481760025,0.7837128639221191,-0.05076442286372185,0.9076465368270874,0.40717998147010803,0.8012756109237671,-0.055193930864334106,0.8387644290924072,0.4428190290927887,0.9605427980422974,-0.08184202760457993,0.8690474629402161,0.430062472820282,0.8671874403953552,0.0871812179684639,0.3828212022781372,0.4240970015525818,1.0126304626464844,-0.1569925844669342,0.8734486103057861,0.43928223848342896,0.9339986443519592,0.08247789740562439,0.43997418880462646
429,14.3,0.5016309022903442,0.5110589861869812,-0.1776723563671112,0.9999606609344482,0.48945704102516174,0.5704643726348877,-0.09159549325704575,0.9999594688415527,0.4531898498535156,0.46769651770591736,-0.10055047273635864,0.9995523691177368,0.4720938801765442,0.654539167881012,-0.08106926083564758,0.9386292099952698,0.4290355145931244,0.36803314089775085,-0.14285291731357574,0.971287190914154,0.45856618881225586,0.7291701436042786,-0.12973462045192719,0.9661967754364014,0.42174267768859863,0.25425320863723755,-0.20280253887176514,0.9875385761260986,0.4385318160057068,0.6548876166343689,0.005630179308354855,0.9992536306381226,0.40134620666503906,0.6468719840049744,-0.0057218000292778015,0.9986772537231445,0.44961056113243103,0.7836823463439941,-0.049734052270650864,0.9060090780258179,0.4071877598762512,0.8011959791183472,-0.054296232759952545,0.8334437012672424,0.442829430103302,0.9605368971824646,-0.08138109743595123,0.8668411374092102,0.43035992980003357,0.8744497299194336,0.08733774721622467,0.37185758352279663,0.4241783022880554,1.012561321258545,-0.15646474063396454,0.8716806769371033,0.4391520917415619,0.9340941309928894,0.08224150538444519,0.4294401705265045
430,14.333333333333334,0.5016371011734009,0.5110680460929871,-0.17766940593719482,0.9999608397483826,0.4894455373287201,0.570452094078064,-0.09190027415752411,0.9999597668647766,0.453186571598053,0.4676904082298279,-0.10061120986938477,0.9995521306991577,0.47209596633911133,0.6544743776321411,-0.08131269365549088,0.9385374188423157,0.42903104424476624,0.3680017590522766,-0.14280200004577637,0.9710330367088318,0.4585597515106201,0.7290917038917542,-0.1298525035381317,0.9661543965339661,0.42174020409584045,0.2541866600513458,-0.20255932211875916,0.9874380826950073,0.4385462701320648,0.6548659205436707,0.005535725504159927,0.9992419481277466,0.40135031938552856,0.6468024849891663,-0.00562871340662241,0.998654842376709,0.4496082365512848,0.7836474776268005,-0.04960253834724426,0.9042561054229736,0.40721383690834045,0.8001371622085571,-0.05319784954190254,0.8276461958885193,0.4428383708000183,0.9605291485786438,-0.08159227669239044,0.8645443916320801,0.4298688769340515,0.8688833713531494,0.0865507423877716,0.36187446117401123,0.4242595136165619,1.012479543685913,-0.1565723419189453,0.8698303699493408,0.43886733055114746,0.9341773390769958,0.08075818419456482,0.41978248953819275
431,14.366666666666667,0.5016431212425232,0.5110769271850586,-0.17793211340904236,0.9999608993530273,0.4894316792488098,0.5704463720321655,-0.09257619827985764,0.9999600052833557,0.45318394899368286,0.46768370270729065,-0.10074687004089355,0.9995519518852234,0.4720976948738098,0.6544490456581116,-0.08180578052997589,0.9381692409515381,0.42902618646621704,0.367977112531662,-0.14276762306690216,0.9706881046295166,0.4585351347923279,0.7290444374084473,-0.13004855811595917,0.965949535369873,0.42173734307289124,0.25411486625671387,-0.20226828753948212,0.9873172044754028,0.4385581612586975,0.6547999978065491,0.005406512878835201,0.9992298483848572,0.4013548791408539,0.6466893553733826,-0.005501143634319305,0.9986338019371033,0.4496052861213684,0.7835692763328552,-0.04924763739109039,0.9015592932701111,0.40723472833633423,0.7992357611656189,-0.052029699087142944,0.8208615183830261,0.4428406357765198,0.9605188369750977,-0.081390380859375,0.8613221049308777,0.4295530319213867,0.8673937320709229,0.08625747263431549,0.3519115746021271,0.4243640899658203,1.0123586654663086,-0.15629610419273376,0.867215633392334,0.43859925866127014,0.9342964887619019,0.08004525303840637,0.4100400507450104
432,14.4,0.5016610622406006,0.5110777616500854,-0.1752367913722992,0.9999617338180542,0.48940300941467285,0.5704709887504578,-0.09126468002796173,0.9999605417251587,0.4531792104244232,0.4677329957485199,-0.0986531600356102,0.9995602369308472,0.47208839654922485,0.6544411778450012,-0.08069509267807007,0.9379647374153137,0.42911213636398315,0.36842164397239685,-0.14068597555160522,0.9708661437034607,0.4584724009037018,0.728996217250824,-0.1285632699728012,0.9657597541809082,0.4217393398284912,0.2550688087940216,-0.2014065533876419,0.9874585866928101,0.43856629729270935,0.6547025442123413,0.005211005453020334,0.9992408752441406,0.4013572633266449,0.646690309047699,-0.005304414313286543,0.9986568689346313,0.4495757520198822,0.7833914160728455,-0.047913406044244766,0.9000800848007202,0.40722784399986267,0.7993364930152893,-0.052592359483242035,0.818757176399231,0.44283604621887207,0.9604344964027405,-0.07936106622219086,0.8604126572608948,0.43129879236221313,0.8796069622039795,0.08539199084043503,0.3484828472137451,0.42433732748031616,1.0122007131576538,-0.15453937649726868,0.8669863343238831,0.4396135210990906,0.934255063533783,0.07886342704296112,0.40820521116256714
433,14.433333333333334,0.5016875863075256,0.5110797882080078,-0.1753019243478775,0.9999621510505676,0.48936596512794495,0.5704856514930725,-0.0914895236492157,0.9999608993530273,0.45316219329833984,0.46775081753730774,-0.09866636246442795,0.9995657205581665,0.4720817506313324,0.6544275283813477,-0.08094632625579834,0.9376602172851562,0.4291979670524597,0.36851802468299866,-0.14069864153862,0.9708663821220398,0.4584425985813141,0.7289049625396729,-0.12857480347156525,0.9654777646064758,0.42174404859542847,0.25549009442329407,-0.20154860615730286,0.9875298738479614,0.4385673999786377,0.6545740962028503,0.005020781420171261,0.9992479681968689,0.4013594686985016,0.6466692686080933,-0.005114120431244373,0.9986720681190491,0.4495573937892914,0.7831950783729553,-0.04792075231671333,0.8984135389328003,0.407210111618042,0.7993547320365906,-0.05248689651489258,0.8151717782020569,0.44282856583595276,0.9603723883628845,-0.07934297621250153,0.8593360185623169,0.4317087233066559,0.8845909833908081,0.0848398506641388,0.3444089889526367,0.42433851957321167,1.012022614479065,-0.154522106051445,0.8665826916694641,0.4396919310092926,0.9342944025993347,0.0782138854265213,0.4052525758743286
434,14.466666666666667,0.5017070174217224,0.5110828280448914,-0.1748189628124237,0.9999626278877258,0.48933616280555725,0.5704899430274963,-0.0914042741060257,0.9999613165855408,0.4531533122062683,0.46776217222213745,-0.0981280654668808,0.999571681022644,0.4720756411552429,0.6544036269187927,-0.08094561845064163,0.9375961422920227,0.4292222857475281,0.3686520755290985,-0.14010044932365417,0.9709380865097046,0.45839911699295044,0.7287836074829102,-0.12858369946479797,0.9654320478439331,0.42174848914146423,0.2557319104671478,-0.2012663334608078,0.9876301884651184,0.4385710656642914,0.6544852256774902,0.0048261177726089954,0.9992557764053345,0.40136080980300903,0.6466640830039978,-0.004919114056974649,0.9986888766288757,0.4495410919189453,0.7831099629402161,-0.047689832746982574,0.8970426321029663,0.40720540285110474,0.7994096279144287,-0.052699118852615356,0.8129647970199585,0.442816823720932,0.9603250026702881,-0.07884638011455536,0.8586003184318542,0.43212980031967163,0.8873597979545593,0.08468573540449142,0.3420855402946472,0.42433619499206543,1.0118885040283203,-0.15420755743980408,0.866422712802887,0.43985819816589355,0.9343309998512268,0.07742981612682343,0.40400752425193787
435,14.5,0.5017328262329102,0.5110863447189331,-0.17467954754829407,0.9999630451202393,0.4893105924129486,0.5704968571662903,-0.09140290319919586,0.9999617338180542,0.4531475603580475,0.46776282787323,-0.09797782450914383,0.9995768070220947,0.4720642566680908,0.6543788313865662,-0.08098958432674408,0.9376930594444275,0.4292481541633606,0.36872491240501404,-0.1398847997188568,0.970973789691925,0.4583527147769928,0.7286754846572876,-0.12861742079257965,0.9655196666717529,0.42175188660621643,0.25586700439453125,-0.201089546084404,0.987708568572998,0.4385754466056824,0.6544041633605957,0.004643876571208239,0.9992623925209045,0.4013623297214508,0.6466578841209412,-0.004736797884106636,0.9987028241157532,0.4495302736759186,0.7830106019973755,-0.047544099390506744,0.8955981135368347,0.4071963429450989,0.7994352579116821,-0.052694063633680344,0.8106500506401062,0.44280385971069336,0.9603200554847717,-0.07881146669387817,0.8577890992164612,0.43228664994239807,0.8888359069824219,0.08446241915225983,0.33974796533584595,0.4243354797363281,1.0118433237075806,-0.15418925881385803,0.8662087917327881,0.4398685395717621,0.9344242811203003,0.07631297409534454,0.4026188254356384
436,14.533333333333333,0.5017493367195129,0.5110896825790405,-0.17467443645000458,0.9999634027481079,0.48928436636924744,0.5705036520957947,-0.0914706364274025,0.9999621510505676,0.4531420171260834,0.4677618741989136,-0.09797768294811249,0.9995803833007812,0.47204798460006714,0.6543502807617188,-0.08113212883472443,0.9378991723060608,0.42926135659217834,0.36874935030937195,-0.1398894339799881,0.9709351062774658,0.4583062529563904,0.7285853028297424,-0.12877604365348816,0.9657008051872253,0.4217521548271179,0.255867600440979,-0.20106372237205505,0.9877384305000305,0.4385787546634674,0.6542890667915344,0.0045232526026666164,0.9992668628692627,0.4013638496398926,0.6466318368911743,-0.004616048652678728,0.9987118244171143,0.4495249390602112,0.7829145789146423,-0.04740443825721741,0.8942744731903076,0.4071940779685974,0.7994434833526611,-0.05268549919128418,0.8085129857063293,0.4427785277366638,0.9603124856948853,-0.07883042842149734,0.8571224212646484,0.432394415140152,0.88957279920578,0.08403100073337555,0.3375699520111084,0.42431578040122986,1.0118350982666016,-0.15431007742881775,0.8660282492637634,0.43989118933677673,0.9345807433128357,0.0753418579697609,0.4012223780155182
437,14.566666666666666,0.5017566680908203,0.5110946893692017,-0.17462469637393951,0.9999635815620422,0.4892362058162689,0.5705194473266602,-0.09157682955265045,0.9999624490737915,0.45313310623168945,0.4677608907222748,-0.09799150377511978,0.9995818138122559,0.47199445962905884,0.6543375849723816,-0.08124729245901108,0.9381296038627625,0.4292750358581543,0.36882925033569336,-0.13990959525108337,0.9708456993103027,0.45829376578330994,0.7285758256912231,-0.12880094349384308,0.9658601880073547,0.4217555522918701,0.25585705041885376,-0.20103248953819275,0.987726092338562,0.4385818541049957,0.654245138168335,0.004436040762811899,0.999269962310791,0.40136533975601196,0.6466295123100281,-0.004528682213276625,0.9987170696258545,0.44952067732810974,0.7828527688980103,-0.0466947928071022,0.8929440379142761,0.4071884751319885,0.7994667887687683,-0.05273841693997383,0.8065508604049683,0.442761093378067,0.9603204727172852,-0.07867719233036041,0.8562682867050171,0.43256276845932007,0.8894438147544861,0.08384916931390762,0.33452659845352173,0.4242904782295227,1.0118435621261597,-0.15414339303970337,0.8655744791030884,0.43992161750793457,0.9345730543136597,0.07522577047348022,0.39889025688171387
438,14.6,0.5017633438110352,0.5111005306243896,-0.17452631890773773,0.9999638199806213,0.4891892373561859,0.5705198049545288,-0.09161487221717834,0.9999628067016602,0.45312219858169556,0.4677583575248718,-0.09799657762050629,0.9995832443237305,0.47195154428482056,0.654326319694519,-0.08130890876054764,0.938530445098877,0.42928606271743774,0.36888253688812256,-0.13998697698116302,0.9708114862442017,0.45828065276145935,0.7285595536231995,-0.128839373588562,0.9661288261413574,0.42175930738449097,0.2558516263961792,-0.20107898116111755,0.9877108931541443,0.43858641386032104,0.6541892290115356,0.004410533234477043,0.9992742538452148,0.401366651058197,0.6466236710548401,-0.004503152333199978,0.9987234473228455,0.4495163559913635,0.7828116416931152,-0.04640621691942215,0.8921217322349548,0.40718674659729004,0.7994812726974487,-0.05280671641230583,0.805533766746521,0.4427441656589508,0.9603456258773804,-0.07864975929260254,0.8558205366134644,0.4328005909919739,0.8895302414894104,0.08343537151813507,0.3328768014907837,0.4242260456085205,1.011966586112976,-0.154126837849617,0.8653996586799622,0.440061092376709,0.934601366519928,0.07499895989894867,0.3978196084499359
439,14.633333333333333,0.5017558336257935,0.5101314783096313,-0.16723348200321198,0.999964714050293,0.4891304075717926,0.5710377097129822,-0.07874177396297455,0.9999627470970154,0.45318707823753357,0.4683208465576172,-0.08692314475774765,0.999591588973999,0.47175249457359314,0.6551036238670349,-0.07207638025283813,0.9382076859474182,0.4294636845588684,0.37080422043800354,-0.12056435644626617,0.9704774022102356,0.45839744806289673,0.7315561175346375,-0.1262446939945221,0.9664751887321472,0.4220077395439148,0.2610601782798767,-0.17729583382606506,0.9879504442214966,0.43804097175598145,0.6544671654701233,0.004334702622145414,0.9993011951446533,0.4010491371154785,0.6470748782157898,-0.004427835810929537,0.998762845993042,0.44933873414993286,0.783958375453949,-0.03820274770259857,0.8935409784317017,0.4069907069206238,0.7994990944862366,-0.057336412370204926,0.8037296533584595,0.4428681433200836,0.9603430032730103,-0.07083401829004288,0.8592225909233093,0.43283432722091675,0.8599941730499268,0.1013164147734642,0.31961777806282043,0.4243233799934387,1.0112017393112183,-0.14331771433353424,0.868374228477478,0.4400928020477295,0.8997840285301208,0.11025045067071915,0.3868492841720581
