frame,timestamp,nose_x,nose_y,nose_z,nose_visibility,left_shoulder_x,left_shoulder_y,left_shoulder_z,left_shoulder_visibility,right_shoulder_x,right_shoulder_y,right_shoulder_z,right_shoulder_visibility,left_elbow_x,left_elbow_y,left_elbow_z,left_elbow_visibility,right_elbow_x,right_elbow_y,right_elbow_z,right_elbow_visibility,left_wrist_x,left_wrist_y,left_wrist_z,left_wrist_visibility,right_wrist_x,right_wrist_y,right_wrist_z,right_wrist_visibility,left_hip_x,left_hip_y,left_hip_z,left_hip_visibility,right_hip_x,right_hip_y,right_hip_z,right_hip_visibility,left_knee_x,left_knee_y,left_knee_z,left_knee_visibility,right_knee_x,right_knee_y,right_knee_z,right_knee_visibility,left_ankle_x,left_ankle_y,left_ankle_z,left_ankle_visibility,right_ankle_x,right_ankle_y,right_ankle_z,right_ankle_visibility,left_foot_x,left_foot_y,left_foot_z,left_foot_visibility,right_foot_x,right_foot_y,right_foot_z,right_foot_visibility
0,0.0,0.512295126914978,0.17842374742031097,-0.37988436222076416,0.9991179704666138,0.5416370630264282,0.2658637464046478,-0.28889480233192444,0.9999611377716064,0.4958077073097229,0.22886887192726135,-0.2008785754442215,0.9994759559631348,0.5195280313491821,0.3585561513900757,-0.3793363571166992,0.6684106588363647,0.4488583505153656,0.2616751492023468,-0.2847766876220703,0.778317928314209,0.4796989858150482,0.3330601155757904,-0.4705874025821686,0.7835708856582642,0.4504937529563904,0.23144041001796722,-0.46026450395584106,0.7229644060134888,0.4929710328578949,0.40744850039482117,-0.03022867999970913,0.99969482421875,0.4705706536769867,0.35962313413619995,0.03000004217028618,0.999550998210907,0.49024343490600586,0.5000770688056946,-0.047438688576221466,0.40440496802330017,0.4180721640586853,0.2896581292152405,0.051885414868593216,0.7487008571624756,0.48496976494789124,0.5534753799438477,0.07104668021202087,0.5671168565750122,0.4384602904319763,0.2607440650463104,0.17117324471473694,0.7419527769088745,0.4686488211154938,0.5638904571533203,0.029783347621560097,0.6245878338813782,0.43048804998397827,0.2295554280281067,0.16347333788871765,0.7312120795249939
1,0.03333333333333333,0.5120193958282471,0.1659366339445114,-0.2066866159439087,0.9991951584815979,0.540730893611908,0.2504490911960602,-0.1844235360622406,0.9999454617500305,0.49277448654174805,0.23565378785133362,0.0035942927934229374,0.9995236396789551,0.485708087682724,0.34536439180374146,-0.25067466497421265,0.621741771697998,0.4432916045188904,0.2693555951118469,-0.08367934077978134,0.7023299932479858,0.4560724198818207,0.25119706988334656,-0.25366315245628357,0.7071540355682373,0.44352632761001587,0.2096315175294876,-0.28444355726242065,0.6609552502632141,0.4910983145236969,0.403512567281723,-0.057450659573078156,0.9997183680534363,0.4692186415195465,0.3812805712223053,0.057212285697460175,0.9995932579040527,0.48500776290893555,0.5625652074813843,-0.13837364315986633,0.36411815881729126,0.45318493247032166,0.44434407353401184,-0.007110949605703354,0.6739376187324524,0.5046009421348572,0.6976283192634583,-0.16773800551891327,0.5112565755844116,0.48357877135276794,0.6557900905609131,0.04367177188396454,0.6683593988418579,0.4994916021823883,0.7435630559921265,-0.25324469804763794,0.5639251470565796,0.46560707688331604,0.697058916091919,0.0021526135969907045,0.6592302322387695
2,0.06666666666666667,0.5128492712974548,0.16979509592056274,-0.12272155284881592,0.9992571473121643,0.5423061847686768,0.26045694947242737,-0.1445823460817337,0.9999396800994873,0.49488139152526855,0.24978438019752502,0.07528737187385559,0.9995696544647217,0.48830342292785645,0.33755627274513245,-0.17674556374549866,0.6144536137580872,0.4129907488822937,0.27555420994758606,-0.01395957451313734,0.6886129975318909,0.44289588928222656,0.22805476188659668,-0.18277831375598907,0.6527841091156006,0.4408174455165863,0.2046293467283249,-0.22097048163414001,0.658845841884613,0.4996500611305237,0.4564688503742218,-0.04538114368915558,0.9997462034225464,0.4694581925868988,0.41570204496383667,0.04525139927864075,0.9996338486671448,0.48545747995376587,0.6598634719848633,-0.07384984195232391,0.3671552538871765,0.43463897705078125,0.620814323425293,-0.044173408299684525,0.7010122537612915,0.5196371078491211,0.7263075113296509,0.03416966646909714,0.47871410846710205,0.46293967962265015,0.7599682211875916,0.10549869388341904,0.6859248876571655,0.5094755291938782,0.7789455056190491,0.0519413948059082,0.5270037055015564,0.4595227837562561,0.8374318480491638,0.07352735847234726,0.6688094735145569
3,0.1,0.5132079720497131,0.16921326518058777,-0.09403849393129349,0.9992842078208923,0.5436958074569702,0.26028916239738464,-0.09632057696580887,0.9999148845672607,0.4919126033782959,0.25176766514778137,0.09680859744548798,0.9996081590652466,0.49636030197143555,0.32018738985061646,-0.1682957112789154,0.5992868542671204,0.40440288186073303,0.2828596234321594,-0.004600425250828266,0.6722505688667297,0.44759759306907654,0.22068098187446594,-0.1904115378856659,0.6001081466674805,0.44028544425964355,0.20411209762096405,-0.20882649719715118,0.6634410619735718,0.5021739602088928,0.4737127423286438,-0.04279807209968567,0.9997705817222595,0.4667541980743408,0.4487568438053131,0.04265453293919563,0.9996702671051025,0.5024312138557434,0.6633046269416809,-0.07533912360668182,0.38205674290657043,0.4331400990486145,0.6328918933868408,-0.06395667791366577,0.7236214876174927,0.521897554397583,0.7270697951316833,0.1036219447851181,0.46908435225486755,0.4465390741825104,0.7806679010391235,0.047237224876880646,0.7084046006202698,0.50809246301651,0.7946251034736633,0.0873502641916275,0.5122094750404358,0.429940402507782,0.8476964235305786,0.00021030160132795572,0.6886005997657776
4,0.13333333333333333,0.513513445854187,0.16777892410755157,-0.0385638028383255,0.9993504881858826,0.5466119050979614,0.2562481760978699,-0.04001110419631004,0.9999209046363831,0.4902207851409912,0.25307697057724,0.14222413301467896,0.9996468424797058,0.49990105628967285,0.29361361265182495,-0.09322641789913177,0.6247777938842773,0.40728840231895447,0.2795754671096802,0.056680500507354736,0.6750912666320801,0.44574451446533203,0.2255815714597702,-0.07445402443408966,0.5940171480178833,0.43861061334609985,0.2045269012451172,-0.13376083970069885,0.6904923319816589,0.5159670114517212,0.47902175784111023,-0.03780408203601837,0.9997933506965637,0.46764475107192993,0.46617966890335083,0.03766447305679321,0.9997032284736633,0.5093286633491516,0.6881890296936035,-0.07086236774921417,0.41609933972358704,0.4292296767234802,0.6330978274345398,-0.11356252431869507,0.7494853138923645,0.5237522125244141,0.7330830097198486,0.2043493539094925,0.4498930275440216,0.4412868916988373,0.7937164902687073,0.0018855046946555376,0.7346056699752808,0.5081307888031006,0.8029638528823853,0.2086644172668457,0.49320170283317566,0.41826289892196655,0.8547999858856201,-0.06707639992237091,0.7155386209487915
5,0.16666666666666666,0.5126292109489441,0.1663816273212433,-0.03798292204737663,0.9994071125984192,0.5479475259780884,0.2531915009021759,-0.03430099040269852,0.9999228715896606,0.4851927161216736,0.25418969988822937,0.14093007147312164,0.9996803402900696,0.5110558867454529,0.2810390591621399,-0.10903451591730118,0.6531168818473816,0.40650659799575806,0.272332102060318,0.04096125811338425,0.6750262975692749,0.44602012634277344,0.2230328619480133,-0.10028956830501556,0.5730916857719421,0.4396691918373108,0.19711588323116302,-0.14878347516059875,0.707054615020752,0.5185585618019104,0.48505544662475586,-0.036644771695137024,0.9998132586479187,0.46806469559669495,0.4754933714866638,0.03649571165442467,0.9997327327728271,0.5077416896820068,0.6796478629112244,-0.05137155205011368,0.44477614760398865,0.43106165528297424,0.6333713531494141,-0.1444893777370453,0.7728553414344788,0.52360999584198,0.7332167029380798,0.22295114398002625,0.44159382581710815,0.43760865926742554,0.8094969987869263,-0.07266777753829956,0.7591468691825867,0.5060707330703735,0.8060206174850464,0.22042334079742432,0.48435261845588684,0.40792450308799744,0.8653321266174316,-0.1419558823108673,0.7413660883903503
6,0.2,0.5135120749473572,0.16669322550296783,-0.06194634363055229,0.9994446635246277,0.5485686659812927,0.2516780197620392,-0.0303263608366251,0.9999236464500427,0.47979673743247986,0.25086045265197754,0.12913641333580017,0.999711275100708,0.5167670845985413,0.28326189517974854,-0.09982288628816605,0.6455183029174805,0.4036194384098053,0.27113470435142517,0.0346897691488266,0.6939703822135925,0.46828556060791016,0.2894984185695648,-0.10665063560009003,0.5393106937408447,0.4397321343421936,0.2014637440443039,-0.15763796865940094,0.7346315979957581,0.522333562374115,0.4948674440383911,-0.044710226356983185,0.9998314380645752,0.4685783386230469,0.4855915606021881,0.0445062592625618,0.9997593760490417,0.5066162943840027,0.682845413684845,-0.07479173690080643,0.4853116571903229,0.428041934967041,0.6335840225219727,-0.16432516276836395,0.793572187423706,0.5239030122756958,0.7381134629249573,0.2210124284029007,0.4150835871696472,0.4363482594490051,0.8201663494110107,-0.09214039146900177,0.7821333408355713,0.5068364143371582,0.8126943111419678,0.2291940152645111,0.4631219208240509,0.40017905831336975,0.8595300316810608,-0.15604263544082642,0.7655979990959167
7,0.23333333333333334,0.5136671662330627,0.16107098758220673,-0.04682270064949989,0.9994876980781555,0.5497283935546875,0.24541713297367096,-0.03302277252078056,0.9999265670776367,0.47684964537620544,0.2534818947315216,0.14819759130477905,0.9997377991676331,0.5094351768493652,0.2625328004360199,-0.09361047297716141,0.673326849937439,0.4031583368778229,0.2709653079509735,0.03993289917707443,0.698215901851654,0.44297489523887634,0.236635223031044,-0.08434553444385529,0.5430497527122498,0.43685707449913025,0.20297588407993317,-0.15992744266986847,0.7465539574623108,0.5256695747375488,0.4950365424156189,-0.050151992589235306,0.9998480081558228,0.4705272614955902,0.48954665660858154,0.049911677837371826,0.9997833371162415,0.5092344880104065,0.7017841935157776,-0.0756240040063858,0.5255091190338135,0.4287596344947815,0.6404708623886108,-0.13837483525276184,0.8119186162948608,0.5269700288772583,0.7082573771476746,0.24363842606544495,0.38914865255355835,0.4314084053039551,0.8395245671272278,-0.06848083436489105,0.8028950095176697,0.5129688382148743,0.7782757878303528,0.26117879152297974,0.44302746653556824,0.39067545533180237,0.8790205121040344,-0.13437208533287048,0.7874374389648438
8,0.26666666666666666,0.5142605900764465,0.16007688641548157,-0.07031640410423279,0.9995319843292236,0.5505428910255432,0.23998808860778809,-0.048305995762348175,0.9999285340309143,0.4738892614841461,0.24785247445106506,0.1367049217224121,0.9997602701187134,0.5101534128189087,0.26400208473205566,-0.14952240884304047,0.6944260001182556,0.4015945494174957,0.2731515169143677,0.0020322902128100395,0.6913695931434631,0.4557897448539734,0.22563998401165009,-0.19834373891353607,0.5693957805633545,0.43208861351013184,0.20932415127754211,-0.2024659365415573,0.7554506659507751,0.5265283584594727,0.4925418496131897,-0.052442289888858795,0.999862551689148,0.47096309065818787,0.4897354245185852,0.052161406725645065,0.9998047947883606,0.509183943271637,0.6978315114974976,-0.08455915004014969,0.5585417747497559,0.4292778968811035,0.6406102776527405,-0.13363996148109436,0.8268036842346191,0.5288103818893433,0.7067874670028687,0.2601284384727478,0.36143335700035095,0.4294244647026062,0.8397247195243835,-0.058690786361694336,0.8213031888008118,0.5117510557174683,0.7780324220657349,0.2694395184516907,0.4227280020713806,0.3893281817436218,0.8811172246932983,-0.1350410133600235,0.8069407343864441
9,0.3,0.514779806137085,0.16249845921993256,-0.08873693645000458,0.9995643496513367,0.5514119863510132,0.23908774554729462,-0.056765519082546234,0.9999261498451233,0.47308072447776794,0.24371473491191864,0.12332727760076523,0.9997753500938416,0.5051929354667664,0.2560858726501465,-0.1677204817533493,0.7070976495742798,0.4045802652835846,0.2714301645755768,-0.016904192045331,0.6708543300628662,0.44865870475769043,0.22635546326637268,-0.21965651214122772,0.5875324010848999,0.4296742379665375,0.21607008576393127,-0.24301108717918396,0.7497995495796204,0.527134895324707,0.4939984679222107,-0.052857656031847,0.999875009059906,0.47099781036376953,0.4906477630138397,0.052598536014556885,0.999823808670044,0.5077101588249207,0.6983187794685364,-0.07708145678043365,0.579616367816925,0.4283953607082367,0.6392691731452942,-0.14517638087272644,0.8389838933944702,0.5283130407333374,0.70702064037323,0.2651863396167755,0.3329029679298401,0.4303089678287506,0.8352817296981812,-0.08792471140623093,0.8373057842254639,0.5141539573669434,0.7802613377571106,0.273032009601593,0.39708369970321655,0.3881816864013672,0.8801327347755432,-0.17409586906433105,0.8238435983657837
10,0.3333333333333333,0.5149657130241394,0.16262686252593994,-0.06295514106750488,0.9995691776275635,0.5512315630912781,0.23595087230205536,-0.037312448024749756,0.9999189972877502,0.4741383194923401,0.24265560507774353,0.13746996223926544,0.9997856020927429,0.5066720843315125,0.25722748041152954,-0.15650054812431335,0.7140024900436401,0.4062243103981018,0.2705487012863159,-0.000688327825628221,0.6400103569030762,0.4453772008419037,0.22612713277339935,-0.194839745759964,0.5929021835327148,0.43119969964027405,0.2129565179347992,-0.23062677681446075,0.7303371429443359,0.5283393263816833,0.4959495961666107,-0.04570586234331131,0.9998855590820312,0.4710228443145752,0.4917733073234558,0.045494355261325836,0.9998407363891602,0.5077043175697327,0.7003015875816345,-0.05907110124826431,0.5742773413658142,0.4285978376865387,0.6377280354499817,-0.21335549652576447,0.8490811586380005,0.5262682437896729,0.708452582359314,0.28467077016830444,0.3027302324771881,0.4294586777687073,0.8354637026786804,-0.19210004806518555,0.8497987985610962,0.5127231478691101,0.7821801900863647,0.29170435667037964,0.364437460899353,0.38984692096710205,0.8790702223777771,-0.2869398891925812,0.8371939063072205
11,0.36666666666666664,0.5147655606269836,0.16286472976207733,-0.06973646581172943,0.9995812177658081,0.5513355135917664,0.23483696579933167,-0.04238853603601456,0.9999143481254578,0.4744073748588562,0.24248123168945312,0.1352243721485138,0.9997929334640503,0.5063420534133911,0.2568935751914978,-0.14389772713184357,0.7236000299453735,0.406546413898468,0.27187487483024597,-0.004813995212316513,0.6094494462013245,0.4536978304386139,0.226571723818779,-0.18048103153705597,0.6062533259391785,0.431648313999176,0.21219412982463837,-0.22954599559307098,0.7081181406974792,0.5282200574874878,0.4967019855976105,-0.045526616275310516,0.999894380569458,0.4710097312927246,0.49274665117263794,0.04532315209507942,0.9998556971549988,0.5075579881668091,0.7003077268600464,-0.05174427106976509,0.564611554145813,0.42859116196632385,0.6381918787956238,-0.21720623970031738,0.8572112321853638,0.5256769061088562,0.7126052975654602,0.2841089367866516,0.2750900089740753,0.4299336075782776,0.8363420367240906,-0.2028961181640625,0.8604013323783875,0.513195276260376,0.7820663452148438,0.29098886251449585,0.33413994312286377,0.3889696002006531,0.8785017132759094,-0.29872816801071167,0.8486636877059937
12,0.4,0.5145643949508667,0.16177305579185486,-0.0680152103304863,0.9995558261871338,0.5509846806526184,0.23573273420333862,-0.04291045665740967,0.9999023675918579,0.47514548897743225,0.24364088475704193,0.1365022361278534,0.9997938871383667,0.5079234838485718,0.27225711941719055,-0.13209804892539978,0.7304133176803589,0.40824857354164124,0.27082160115242004,0.00018415800877846777,0.5802005529403687,0.45546120405197144,0.2275937795639038,-0.13599243760108948,0.6074842810630798,0.4352925717830658,0.20407938957214355,-0.22271402180194855,0.6814854741096497,0.5275139212608337,0.4985440969467163,-0.0464114211499691,0.9999020099639893,0.47049951553344727,0.4923076927661896,0.046219177544116974,0.9998690485954285,0.5076619982719421,0.6965183615684509,-0.050361454486846924,0.5582226514816284,0.42849963903427124,0.6385049223899841,-0.2119291126728058,0.8644948601722717,0.5258129835128784,0.7137123942375183,0.277543306350708,0.2504817247390747,0.4301658272743225,0.8351159691810608,-0.19757919013500214,0.8693031668663025,0.512642502784729,0.7838634252548218,0.2860511839389801,0.30661270022392273,0.3906996548175812,0.8773532509803772,-0.29003357887268066,0.8580641150474548
13,0.43333333333333335,0.514524519443512,0.1599859744310379,-0.07514843344688416,0.9995790719985962,0.550067663192749,0.23008978366851807,-0.08262951672077179,0.9998998045921326,0.47627153992652893,0.24565857648849487,0.10891296714544296,0.9998061656951904,0.48921847343444824,0.2542288899421692,-0.11428643763065338,0.7433218955993652,0.4087299406528473,0.26446646451950073,-0.012103955261409283,0.5660040974617004,0.4523157477378845,0.21051035821437836,-0.028069093823432922,0.6074683666229248,0.4382169246673584,0.18737350404262543,-0.21446284651756287,0.6713521480560303,0.526643693447113,0.49801114201545715,-0.04973973333835602,0.9999058246612549,0.46888646483421326,0.4915905296802521,0.049530670046806335,0.999880313873291,0.5084609985351562,0.697843611240387,-0.05965513736009598,0.5242630243301392,0.43008947372436523,0.6516114473342896,-0.10392610728740692,0.8517376184463501,0.5336735248565674,0.7082908749580383,0.26838353276252747,0.2272173911333084,0.4271513819694519,0.8453409075737,-0.07780559360980988,0.8581622838973999,0.5297171473503113,0.7211717367172241,0.30467838048934937,0.27872464060783386,0.3872092664241791,0.8860746026039124,-0.13677345216274261,0.8437116742134094
14,0.4666666666666667,0.5143924951553345,0.1588350385427475,-0.09055738896131516,0.9995967745780945,0.5493841171264648,0.2300269454717636,-0.09585271775722504,0.9998951554298401,0.4774704873561859,0.245369091629982,0.1022678017616272,0.999817967414856,0.48668718338012695,0.25276824831962585,-0.11533298343420029,0.7508557438850403,0.4102669358253479,0.2607510983943939,-0.01698576658964157,0.5499092936515808,0.4536934494972229,0.2058596909046173,-0.03809564933180809,0.6101425290107727,0.439868301153183,0.18569344282150269,-0.22099308669567108,0.6695588827133179,0.5266640782356262,0.4982840120792389,-0.05192068964242935,0.9999098181724548,0.4683454632759094,0.4915274679660797,0.05170257017016411,0.9998906850814819,0.5093268156051636,0.6971923112869263,-0.06915716826915741,0.4936225414276123,0.43078866600990295,0.6561322808265686,-0.08726193755865097,0.8382853865623474,0.5330885052680969,0.705274224281311,0.26835256814956665,0.2062690258026123,0.426093190908432,0.8479608297348022,-0.043447282165288925,0.8478679656982422,0.5291919708251953,0.7113938331604004,0.3046725392341614,0.25373852252960205,0.3874649703502655,0.8889752626419067,-0.1045156866312027,0.8303074836730957
15,0.5,0.5143862962722778,0.158548042178154,-0.10806870460510254,0.9996097683906555,0.5489495992660522,0.23068784177303314,-0.10125045478343964,0.9998885989189148,0.4780268669128418,0.24423296749591827,0.09864799678325653,0.9998268485069275,0.487891286611557,0.2560208737850189,-0.11681045591831207,0.7573599815368652,0.41059452295303345,0.2604258954524994,-0.026229675859212875,0.5338904857635498,0.4532254636287689,0.20594853162765503,-0.04873184859752655,0.6131564974784851,0.440789133310318,0.18575644493103027,-0.23588702082633972,0.6628454327583313,0.5267491340637207,0.49946093559265137,-0.05092843249440193,0.9999118447303772,0.46809491515159607,0.49207478761672974,0.05071520805358887,0.9998995661735535,0.509708046913147,0.6973466873168945,-0.06414374709129333,0.46269455552101135,0.4311976432800293,0.6567691564559937,-0.09617545455694199,0.826248824596405,0.5336346626281738,0.7042326331138611,0.2850925326347351,0.18698662519454956,0.42584228515625,0.8466084003448486,-0.05365727096796036,0.8372708559036255,0.530536949634552,0.7072172164916992,0.32533523440361023,0.2306108921766281,0.38808685541152954,0.8882278203964233,-0.11711378395557404,0.8165084719657898
16,0.5333333333333333,0.5144208669662476,0.15861450135707855,-0.11963973194360733,0.9996182322502136,0.5487495064735413,0.23132941126823425,-0.10783598572015762,0.9998788237571716,0.47845569252967834,0.24448418617248535,0.09337024390697479,0.9998331069946289,0.48800238966941833,0.2565540373325348,-0.12241612374782562,0.7610936164855957,0.41079410910606384,0.26054587960243225,-0.035344198346138,0.520634114742279,0.45549264550209045,0.20731021463871002,-0.051393061876297,0.6110502481460571,0.44131603837013245,0.18606296181678772,-0.2438623160123825,0.6564388871192932,0.5267806649208069,0.5002067685127258,-0.05139079689979553,0.9999138712882996,0.4678540825843811,0.4927380084991455,0.05117497965693474,0.9999076128005981,0.5098844766616821,0.6977634429931641,-0.06843499839305878,0.43872469663619995,0.4312421679496765,0.657235324382782,-0.08859646320343018,0.8172580599784851,0.534157395362854,0.702851414680481,0.27781471610069275,0.1700262874364853,0.4258131980895996,0.8454940915107727,-0.041977737098932266,0.8300817012786865,0.5319439172744751,0.7101455330848694,0.3155573606491089,0.21034902334213257,0.387482225894928,0.8897370100021362,-0.10448367893695831,0.8059443235397339
17,0.5666666666666667,0.5144490003585815,0.15886041522026062,-0.11739875376224518,0.9996392726898193,0.5486658811569214,0.23035630583763123,-0.09693507850170135,0.9998779892921448,0.47903937101364136,0.24340330064296722,0.09653943032026291,0.9998421669006348,0.48958462476730347,0.2513933777809143,-0.11082752048969269,0.7764107584953308,0.4113028943538666,0.25778430700302124,-0.03334774821996689,0.5240262746810913,0.4560500979423523,0.20944896340370178,-0.022219467908143997,0.620458722114563,0.4414796829223633,0.18370512127876282,-0.2389533519744873,0.6640816330909729,0.5272576808929443,0.4999693036079407,-0.051848191767930984,0.9999151825904846,0.46781110763549805,0.49294671416282654,0.0516447015106678,0.9999146461486816,0.5099612474441528,0.6979397535324097,-0.06459124386310577,0.4432328939437866,0.4314289689064026,0.6565819978713989,-0.10384919494390488,0.8210321068763733,0.5338254570960999,0.7010595798492432,0.2876209616661072,0.15495286881923676,0.4258308410644531,0.8464793562889099,-0.05895395204424858,0.835800290107727,0.5311720967292786,0.7124989628791809,0.3266296088695526,0.1930815726518631,0.38752424716949463,0.88704514503479,-0.12444140017032623,0.8116903305053711
18,0.6,0.5144672393798828,0.15901945531368256,-0.11048944294452667,0.9996560215950012,0.548498272895813,0.22979441285133362,-0.09255097806453705,0.9998764395713806,0.47987255454063416,0.24286863207817078,0.09966733306646347,0.9998487830162048,0.4901108741760254,0.25229355692863464,-0.10830570757389069,0.786650538444519,0.4114829897880554,0.25703397393226624,-0.029308712109923363,0.515407145023346,0.45640477538108826,0.21012340486049652,-0.023575570434331894,0.622786819934845,0.44167032837867737,0.1834353804588318,-0.23629383742809296,0.6590411067008972,0.5274980664253235,0.4998965859413147,-0.051177702844142914,0.9999151229858398,0.4677913188934326,0.49298185110092163,0.05097780376672745,0.9999206066131592,0.5098620057106018,0.6976795196533203,-0.06406409293413162,0.4272269010543823,0.43155670166015625,0.6563756465911865,-0.10923955589532852,0.8181287050247192,0.533227801322937,0.7003124952316284,0.2872867286205292,0.14103150367736816,0.42554575204849243,0.8473605513572693,-0.07107823342084885,0.8334326148033142,0.5300341844558716,0.7131050825119019,0.32568860054016113,0.1764851212501526,0.38751643896102905,0.8858776688575745,-0.13762395083904266,0.8082932829856873
19,0.6333333333333333,0.514756977558136,0.15861982107162476,-0.09123069047927856,0.9996125102043152,0.5507727861404419,0.23086439073085785,-0.07396859675645828,0.9998591542243958,0.47954338788986206,0.2418423593044281,0.10302197933197021,0.9998539090156555,0.48609790205955505,0.23658843338489532,-0.07941638678312302,0.7768794894218445,0.41047796607017517,0.25945037603378296,-0.011805513873696327,0.5124959349632263,0.4496242105960846,0.2102004736661911,0.0028631945606321096,0.5879658460617065,0.441275417804718,0.1826218217611313,-0.20554402470588684,0.655312180519104,0.5275853872299194,0.4994695782661438,-0.051088325679302216,0.9999172687530518,0.46782374382019043,0.492754191160202,0.05087974667549133,0.9999270439147949,0.5080869793891907,0.696259081363678,-0.06558363139629364,0.40194135904312134,0.43297719955444336,0.6615306735038757,-0.08037254214286804,0.8070842623710632,0.5319708585739136,0.6940321922302246,0.28027915954589844,0.12793076038360596,0.42393040657043457,0.8555757999420166,-0.05110438913106918,0.8216793537139893,0.5283997654914856,0.7081328630447388,0.3158828914165497,0.16034716367721558,0.38698771595954895,0.8950237035751343,-0.12061983346939087,0.7899703979492188
20,0.6666666666666666,0.5148540139198303,0.1585487276315689,-0.08530017733573914,0.9995658993721008,0.5518752932548523,0.23150840401649475,-0.06749863922595978,0.999843180179596,0.47945261001586914,0.2416742891073227,0.10575424134731293,0.9998582005500793,0.48807281255722046,0.2411569356918335,-0.07332076132297516,0.7718342542648315,0.4099591374397278,0.260866641998291,-0.006188552360981703,0.5110182166099548,0.4478908181190491,0.20999270677566528,0.010770180262625217,0.5569349527359009,0.4409347474575043,0.18248102068901062,-0.19995936751365662,0.6521114706993103,0.5277204513549805,0.4991583228111267,-0.0509856715798378,0.999919056892395,0.4678517282009125,0.49243754148483276,0.050776321440935135,0.9999328255653381,0.5070914626121521,0.6952598690986633,-0.06552884727716446,0.38056260347366333,0.4338572919368744,0.6635041832923889,-0.0853608176112175,0.8004534840583801,0.5312252640724182,0.6918010115623474,0.28049328923225403,0.11620620638132095,0.4231995642185211,0.8571024537086487,-0.053518861532211304,0.8124641180038452,0.5278040170669556,0.7087911367416382,0.32191407680511475,0.14585837721824646,0.3869567811489105,0.897092878818512,-0.12164709717035294,0.7747547030448914
21,0.7,0.5149112939834595,0.15846335887908936,-0.08377379924058914,0.9995261430740356,0.5524747371673584,0.23183567821979523,-0.06494980305433273,0.9998276829719543,0.47947627305984497,0.24166283011436462,0.10644147545099258,0.9998610019683838,0.48863300681114197,0.24435456097126007,-0.07329364120960236,0.7691543102264404,0.40975481271743774,0.26169759035110474,-0.0052903788164258,0.5104085803031921,0.4483841359615326,0.20980723202228546,0.008425838313996792,0.5295517444610596,0.4406324326992035,0.18288207054138184,-0.1992253214120865,0.6505621671676636,0.5278016924858093,0.4989320635795593,-0.050827257335186005,0.9999205470085144,0.4678741991519928,0.49219924211502075,0.05061367154121399,0.999937891960144,0.5063675045967102,0.6945944428443909,-0.06746643036603928,0.3651317358016968,0.4344131052494049,0.6648489832878113,-0.07536491006612778,0.7964127063751221,0.5307583808898926,0.6901241540908813,0.27812257409095764,0.10595744103193283,0.42287224531173706,0.8578553199768066,-0.042213231325149536,0.8074927926063538,0.5275176167488098,0.709241509437561,0.3177052140235901,0.1331992745399475,0.38637661933898926,0.8985427021980286,-0.11025476455688477,0.7642878293991089
22,0.7333333333333333,0.5149744153022766,0.158143550157547,-0.08050571382045746,0.9994943737983704,0.5525562763214111,0.23169200122356415,-0.06302127242088318,0.9998154044151306,0.4794248044490814,0.24189642071723938,0.10820011794567108,0.9998634457588196,0.489358127117157,0.24481230974197388,-0.07011427730321884,0.7684117555618286,0.40963315963745117,0.26204222440719604,-0.002772251609712839,0.5090926289558411,0.44738999009132385,0.21052329242229462,0.017776723951101303,0.5011329054832458,0.44042858481407166,0.1829385757446289,-0.19584649801254272,0.6455901265144348,0.5277599096298218,0.4987597167491913,-0.05052800104022026,0.9999215602874756,0.4678826928138733,0.4920322895050049,0.05031482130289078,0.9999423623085022,0.5059475302696228,0.6941476464271545,-0.06762359291315079,0.3507539927959442,0.4347398281097412,0.6649399995803833,-0.07535837590694427,0.7922257781028748,0.5304449796676636,0.68877112865448,0.2770664691925049,0.09663901478052139,0.4228037893772125,0.8579081296920776,-0.046210646629333496,0.8021098375320435,0.5274024605751038,0.7090262770652771,0.3193511366844177,0.12164236605167389,0.38610726594924927,0.8982241153717041,-0.1130923181772232,0.7538841962814331
23,0.7666666666666667,0.5150582790374756,0.1585794985294342,-0.10061068832874298,0.9993656277656555,0.5523949265480042,0.23363742232322693,-0.06407888978719711,0.9997377395629883,0.4794674515724182,0.23986504971981049,0.07948798686265945,0.9998666048049927,0.4871233105659485,0.2702273428440094,-0.06057830899953842,0.7066025137901306,0.4094022810459137,0.26210087537765503,-0.026348626241087914,0.5139098167419434,0.45106396079063416,0.24068628251552582,0.0001494986063335091,0.45776718854904175,0.4398553967475891,0.18148210644721985,-0.20491786301136017,0.6546445488929749,0.5277520418167114,0.49956321716308594,-0.0422649011015892,0.9999244809150696,0.4680822789669037,0.49290597438812256,0.0420074388384819,0.9999472498893738,0.5029793977737427,0.6957924962043762,-0.06686270236968994,0.3318040370941162,0.43648067116737366,0.6721788048744202,-0.043738894164562225,0.7802245020866394,0.5312015414237976,0.6516960859298706,0.2781037986278534,0.0878768265247345,0.4222967028617859,0.8665515184402466,-0.00403263233602047,0.7945424318313599,0.5329931378364563,0.7054558992385864,0.3252253234386444,0.11097745597362518,0.38264045119285583,0.906970739364624,-0.06787256896495819,0.7384434342384338
24,0.8,0.5150741338729858,0.15888932347297668,-0.09150718152523041,0.9992754459381104,0.5522633194923401,0.23502540588378906,-0.057638924568891525,0.9996914863586426,0.47957515716552734,0.24024751782417297,0.08309796452522278,0.9998677968978882,0.48534131050109863,0.2695888876914978,-0.057686589658260345,0.6644757390022278,0.4090694487094879,0.26239150762557983,-0.017139216884970665,0.5101026892662048,0.45111674070358276,0.23634575307369232,0.004960720427334309,0.42003071308135986,0.4397362172603607,0.18099433183670044,-0.19027839601039886,0.644236147403717,0.5277284383773804,0.5006948709487915,-0.04091451317071915,0.9999279379844666,0.46808329224586487,0.4935952425003052,0.04066476970911026,0.9999517202377319,0.5014865398406982,0.6976754665374756,-0.0669923797249794,0.31774407625198364,0.4371545910835266,0.6737807989120483,-0.047429509460926056,0.7740698456764221,0.5319575667381287,0.6473379135131836,0.2774106562137604,0.08013356477022171,0.4219335615634918,0.8685547113418579,-0.01187060959637165,0.7890382409095764,0.535727858543396,0.7048928141593933,0.3249228894710541,0.10145669430494308,0.3808867335319519,0.9099581241607666,-0.07505429536104202,0.7265900373458862
25,0.8333333333333334,0.5150001645088196,0.15905368328094482,-0.08041410893201828,0.9992368817329407,0.5521642565727234,0.2353551834821701,-0.058653660118579865,0.9996677041053772,0.47978267073631287,0.2405221164226532,0.09359844028949738,0.9998704195022583,0.4839746356010437,0.26810306310653687,-0.058528803288936615,0.636506199836731,0.4091535210609436,0.2624494135379791,-0.005866780411452055,0.5031001567840576,0.4524354338645935,0.2341080754995346,0.018122974783182144,0.3874688744544983,0.43978166580200195,0.18099038302898407,-0.18329139053821564,0.6317654848098755,0.5277124047279358,0.5014597773551941,-0.04110938310623169,0.9999311566352844,0.4680851995944977,0.4941653907299042,0.04086443781852722,0.9999557137489319,0.5005704760551453,0.6976151466369629,-0.06700017303228378,0.3051779866218567,0.4375848174095154,0.6734351515769958,-0.053899895399808884,0.7685719728469849,0.5318890810012817,0.6472941040992737,0.2755489647388458,0.07319049537181854,0.42181435227394104,0.8688453435897827,-0.02036595717072487,0.7856682538986206,0.5364983081817627,0.7043689489364624,0.3242947459220886,0.09290985018014908,0.3805789351463318,0.9100797772407532,-0.08861163258552551,0.7190209627151489
26,0.8666666666666667,0.5149763822555542,0.15924331545829773,-0.08193276822566986,0.999212384223938,0.5520130395889282,0.23562858998775482,-0.06047330051660538,0.9996483325958252,0.47999686002731323,0.24070890247821808,0.0937669426202774,0.9998733997344971,0.4832429885864258,0.267957866191864,-0.06324481219053268,0.6058050394058228,0.4092279076576233,0.26254725456237793,-0.007852933369576931,0.49721917510032654,0.45399728417396545,0.23273451626300812,0.010440986603498459,0.3583517372608185,0.4398185610771179,0.18093833327293396,-0.1899774670600891,0.6264667510986328,0.5276554822921753,0.5015231370925903,-0.0412159189581871,0.9999342560768127,0.468085378408432,0.4945257306098938,0.04097637161612511,0.999959409236908,0.4997707009315491,0.6974894404411316,-0.0693279579281807,0.29719486832618713,0.43813520669937134,0.6737855672836304,-0.04392030090093613,0.7648295164108276,0.5324867367744446,0.647529125213623,0.2717035412788391,0.06722255051136017,0.421782910823822,0.8687785863876343,-0.025809112936258316,0.7862488031387329,0.5371918082237244,0.7051670551300049,0.3220198452472687,0.08569306135177612,0.38083022832870483,0.9102873802185059,-0.09212393313646317,0.716623842716217
27,0.9,0.5149711966514587,0.15939193964004517,-0.08129017055034637,0.9991462826728821,0.5519797801971436,0.23596559464931488,-0.06110711768269539,0.9996160864830017,0.48002099990844727,0.24081717431545258,0.0940384715795517,0.9998735189437866,0.48285096883773804,0.2690824866294861,-0.06426528841257095,0.5736333727836609,0.409247487783432,0.2627318203449249,-0.008065706118941307,0.4909563660621643,0.4541846215724945,0.23282372951507568,0.004966550040990114,0.3309096693992615,0.4398617744445801,0.1809307485818863,-0.18797728419303894,0.6179951429367065,0.5271780490875244,0.5018323063850403,-0.041358575224876404,0.9999368786811829,0.46795225143432617,0.49491602182388306,0.04112020507454872,0.9999626874923706,0.49988824129104614,0.6978254318237305,-0.07066140323877335,0.2901339530944824,0.4385254979133606,0.6746104955673218,-0.03070891462266445,0.7599377632141113,0.5325786471366882,0.6470889449119568,0.27118974924087524,0.061762064695358276,0.4217734932899475,0.8684764504432678,-0.0099483672529459,0.7852171659469604,0.5377872586250305,0.7055751085281372,0.32188957929611206,0.07899919152259827,0.3810437321662903,0.9103511571884155,-0.07313886284828186,0.7114472389221191
28,0.9333333333333333,0.5149747133255005,0.1595040261745453,-0.08669640123844147,0.9990994334220886,0.55190110206604,0.23642393946647644,-0.06445254385471344,0.9995914101600647,0.4800337255001068,0.2409357875585556,0.09210609644651413,0.9998731017112732,0.4835111200809479,0.2692972719669342,-0.06606127321720123,0.5503896474838257,0.4093644618988037,0.26291221380233765,-0.014033913612365723,0.4847029447555542,0.4542507529258728,0.23403021693229675,0.002364536514505744,0.3083547055721283,0.43989667296409607,0.1808495670557022,-0.19798365235328674,0.6143508553504944,0.5268009901046753,0.5022019743919373,-0.04147486016154289,0.9999387264251709,0.46779686212539673,0.4953053891658783,0.04123817756772041,0.999965488910675,0.5000379085540771,0.6980603337287903,-0.07088017463684082,0.28998515009880066,0.43882083892822266,0.6750770807266235,-0.028892477974295616,0.7610122561454773,0.5326317548751831,0.6467434167861938,0.27571001648902893,0.057462260127067566,0.42176032066345215,0.8683668375015259,-0.0039067864418029785,0.7905781865119934,0.5378881692886353,0.7064144611358643,0.32657283544540405,0.07390664517879486,0.3811471164226532,0.9103991389274597,-0.07010941207408905,0.7150837182998657
29,0.9666666666666667,0.514975905418396,0.16237731277942657,-0.048954084515571594,0.9991179704666138,0.5530006289482117,0.23818828165531158,-0.05342962592840195,0.99958336353302,0.4835537374019623,0.2490120530128479,0.11126558482646942,0.9998762011528015,0.483834832906723,0.23489771783351898,-0.0603000707924366,0.5338888764381409,0.4105744957923889,0.26506713032722473,0.007169583346694708,0.4751722514629364,0.46081799268722534,0.23258782923221588,0.008657155558466911,0.29435548186302185,0.4387052655220032,0.18096572160720825,-0.17606930434703827,0.6215060949325562,0.5267915725708008,0.5026261210441589,-0.04092300310730934,0.9999397993087769,0.4679788649082184,0.49527910351753235,0.040689967572689056,0.9999679327011108,0.4996093809604645,0.6979413628578186,-0.06916975975036621,0.273187518119812,0.4416660666465759,0.6795732378959656,-0.031137388199567795,0.7441654205322266,0.5258172154426575,0.6386663913726807,0.27561086416244507,0.05231418460607529,0.42167291045188904,0.877833902835846,-0.012817882001399994,0.7772109508514404,0.5239799618721008,0.6981104612350464,0.3249019980430603,0.06756675988435745,0.3813318610191345,0.9205952286720276,-0.0798889547586441,0.6970759034156799
30,1.0,0.5149766206741333,0.16402848064899445,-0.03753999248147011,0.999144971370697,0.5532281398773193,0.23953454196453094,-0.049430035054683685,0.9995840787887573,0.48630255460739136,0.2530476152896881,0.12057636678218842,0.9998792409896851,0.4841180443763733,0.22842025756835938,-0.05756767466664314,0.5296106338500977,0.4118863642215729,0.26590612530708313,0.0210025105625391,0.4671400487422943,0.4627210199832916,0.2277452051639557,0.0189831405878067,0.28297901153564453,0.43857353925704956,0.18100868165493011,-0.15661662817001343,0.6232785582542419,0.5267759561538696,0.5029394030570984,-0.040468137711286545,0.9999404549598694,0.468101441860199,0.4952617287635803,0.040241457521915436,0.999970018863678,0.49880972504615784,0.6978548169136047,-0.06315912306308746,0.25834736227989197,0.4429611265659332,0.6815958023071289,-0.03821625933051109,0.7308620810508728,0.5239843726158142,0.6411718726158142,0.27414339780807495,0.04774458333849907,0.4217151701450348,0.8805513978004456,-0.026702677831053734,0.7647110223770142,0.5223519802093506,0.6969178318977356,0.32352882623672485,0.061922620981931686,0.3819602131843567,0.9239138960838318,-0.09745326638221741,0.6813226938247681
31,1.0333333333333334,0.5150701999664307,0.16496558487415314,-0.03863120451569557,0.9991632103919983,0.5537073016166687,0.24048349261283875,-0.04749744012951851,0.999586284160614,0.4869615435600281,0.25482437014579773,0.12176122516393661,0.9998821020126343,0.48445671796798706,0.23471836745738983,-0.05994263291358948,0.5319285988807678,0.4125801920890808,0.26682600378990173,0.0223885215818882,0.4636346399784088,0.4623378813266754,0.2216886281967163,0.013286453671753407,0.27526384592056274,0.43846186995506287,0.1810850203037262,-0.15454289317131042,0.6276172399520874,0.5267494320869446,0.5032661557197571,-0.039699655026197433,0.9999418258666992,0.4680969715118408,0.4954204857349396,0.03947734087705612,0.9999720454216003,0.4981144368648529,0.6977968811988831,-0.05857862904667854,0.2449718862771988,0.4434049725532532,0.6830400824546814,-0.04181666299700737,0.721086859703064,0.5236197710037231,0.6433154344558716,0.2765805125236511,0.04364466667175293,0.42174893617630005,0.8815456032752991,-0.031881507486104965,0.7542015314102173,0.5219652056694031,0.6981381773948669,0.3237327039241791,0.05686487257480621,0.38203781843185425,0.9258502721786499,-0.10561646521091461,0.6677360534667969
32,1.0666666666666667,0.5152736902236938,0.1656138151884079,-0.04247671738266945,0.9991516470909119,0.5544456839561462,0.24212782084941864,-0.04561173915863037,0.9995737075805664,0.48661965131759644,0.2553350329399109,0.11914752423763275,0.9998822212219238,0.4858438968658447,0.23828305304050446,-0.05963528901338577,0.5221681594848633,0.4125541150569916,0.26749682426452637,0.020899292081594467,0.4574741721153259,0.46313396096229553,0.22050043940544128,0.010870489291846752,0.26348185539245605,0.43820419907569885,0.18113568425178528,-0.152009516954422,0.6245331764221191,0.5266546607017517,0.5039131045341492,-0.03844958543777466,0.9999426603317261,0.4680109918117523,0.4958866536617279,0.038224589079618454,0.9999738335609436,0.4976736605167389,0.6977459192276001,-0.055103849619627,0.2311636358499527,0.44351696968078613,0.683515191078186,-0.0432213619351387,0.7090531587600708,0.5235975384712219,0.6445529460906982,0.2827083468437195,0.03987149894237518,0.42173537611961365,0.8823778629302979,-0.03382537141442299,0.7440585494041443,0.5222747325897217,0.6988548636436462,0.32818371057510376,0.05217611417174339,0.3821026682853699,0.9266374111175537,-0.1094028502702713,0.6541169881820679
33,1.1,0.5152906179428101,0.16584502160549164,-0.034770239144563675,0.9991300702095032,0.5547309517860413,0.242821604013443,-0.03921793773770332,0.999563992023468,0.4863952100276947,0.25639641284942627,0.12661395967006683,0.999880313873291,0.48636072874069214,0.2438884675502777,-0.0502789132297039,0.5121850967407227,0.41250795125961304,0.26779040694236755,0.03406498208642006,0.4496496915817261,0.4539666175842285,0.2204556167125702,0.018116269260644913,0.24912573397159576,0.43804168701171875,0.18135707080364227,-0.13308027386665344,0.6125329732894897,0.5266314744949341,0.5045886039733887,-0.03818522393703461,0.9999433755874634,0.46793681383132935,0.4961419403553009,0.03796057775616646,0.9999753832817078,0.4976862370967865,0.6977187991142273,-0.051657307893037796,0.21738560497760773,0.4437331259250641,0.6833666563034058,-0.04412064328789711,0.6941903829574585,0.5221129655838013,0.6748308539390564,0.28456637263298035,0.03638945519924164,0.4217049181461334,0.8831877708435059,-0.033635057508945465,0.7286965250968933,0.5213127136230469,0.6996119022369385,0.3292596936225891,0.047744110226631165,0.3818448781967163,0.9270794987678528,-0.10733862966299057,0.6347657442092896
34,1.1333333333333333,0.5153185129165649,0.16603420674800873,-0.04020951688289642,0.9991214871406555,0.5548509955406189,0.24320828914642334,-0.0424887053668499,0.9995570778846741,0.4862339496612549,0.25670185685157776,0.12381996214389801,0.999879002571106,0.48654717206954956,0.24864286184310913,-0.052804600447416306,0.5033664703369141,0.4125138819217682,0.26797908544540405,0.02620162069797516,0.44301724433898926,0.45513686537742615,0.22653581202030182,0.015324706211686134,0.238509863615036,0.4380195736885071,0.1814165711402893,-0.1477191150188446,0.6073487401008606,0.5266230702400208,0.5048955082893372,-0.03829314559698105,0.9999440312385559,0.46786826848983765,0.49619755148887634,0.03806822746992111,0.9999767541885376,0.4976372718811035,0.6976919174194336,-0.05249950289726257,0.20736533403396606,0.4437757134437561,0.6829658150672913,-0.04237043112516403,0.6843768954277039,0.5215956568717957,0.6830964088439941,0.2848067879676819,0.03342007100582123,0.4217089116573334,0.8830004334449768,-0.029218535870313644,0.7206583619117737,0.5210036039352417,0.6999428868293762,0.32939139008522034,0.04401572048664093,0.3814195990562439,0.9269317388534546,-0.10259820520877838,0.6235906481742859
35,1.1666666666666667,0.5153581500053406,0.1661975085735321,-0.04196476191282272,0.9991073608398438,0.5551766157150269,0.2435615062713623,-0.043608926236629486,0.9995473623275757,0.4861936569213867,0.2565954923629761,0.12240266799926758,0.9998771548271179,0.4865608215332031,0.2513185739517212,-0.05439121648669243,0.4937136173248291,0.4124487042427063,0.26808962225914,0.022957611829042435,0.4374706745147705,0.4552716314792633,0.2292039841413498,0.014083871617913246,0.22890105843544006,0.437953382730484,0.18157799541950226,-0.1521531641483307,0.6031709313392639,0.5266095399856567,0.5051161646842957,-0.03835634887218475,0.9999450445175171,0.4677649438381195,0.49622076749801636,0.03813061863183975,0.9999780654907227,0.4975528120994568,0.6975980401039124,-0.05293908715248108,0.19898054003715515,0.4437633156776428,0.6826215982437134,-0.03914778679609299,0.6767905354499817,0.5211004614830017,0.6847794055938721,0.28481703996658325,0.030793368816375732,0.42171794176101685,0.882645308971405,-0.02183285355567932,0.7144833207130432,0.5201783180236816,0.7002389430999756,0.3289954662322998,0.040725406259298325,0.3810104429721832,0.9266921281814575,-0.09384454786777496,0.6144872307777405
36,1.2,0.5153615474700928,0.1662413775920868,-0.04343801736831665,0.9990835189819336,0.5552051663398743,0.2436280995607376,-0.044755131006240845,0.9995307326316833,0.48609861731529236,0.2563406527042389,0.1215163916349411,0.9998757839202881,0.48658204078674316,0.25659117102622986,-0.05455644056200981,0.4818529784679413,0.412440687417984,0.2682296931743622,0.02204487845301628,0.4339073896408081,0.45028242468833923,0.22824759781360626,0.004565844312310219,0.22221462428569794,0.43792039155960083,0.18258914351463318,-0.15338005125522614,0.6047114729881287,0.5265970826148987,0.5052433609962463,-0.038421887904405594,0.9999459385871887,0.4677651822566986,0.49621549248695374,0.038195982575416565,0.9999793171882629,0.49731549620628357,0.6970853805541992,-0.053651027381420135,0.19134987890720367,0.4437222480773926,0.6823809146881104,-0.03997226431965828,0.6720342636108398,0.5197237133979797,0.6849805116653442,0.28407707810401917,0.02842322736978531,0.4217252731323242,0.8826310038566589,-0.02280181646347046,0.7101154923439026,0.5174298286437988,0.7009000182151794,0.328658789396286,0.037769101560115814,0.38054272532463074,0.9267054200172424,-0.09429436922073364,0.6074898838996887
37,1.2333333333333334,0.5153301954269409,0.16609527170658112,-0.006042500026524067,0.9991006851196289,0.5540098547935486,0.24289095401763916,-0.036907486617565155,0.9995585680007935,0.48605599999427795,0.269677996635437,0.15687783062458038,0.9998757243156433,0.48813825845718384,0.2411089837551117,-0.05681433156132698,0.5157995223999023,0.41488391160964966,0.27427902817726135,0.06147754192352295,0.43246522545814514,0.4509402811527252,0.2067025750875473,0.005054875276982784,0.24219639599323273,0.4380299150943756,0.18508584797382355,-0.11483483016490936,0.6036270260810852,0.5265867710113525,0.505258321762085,-0.043177273124456406,0.9999490976333618,0.46770983934402466,0.4999506175518036,0.04294758290052414,0.9999807476997375,0.4898744523525238,0.6946250796318054,-0.07642322033643723,0.1908271461725235,0.44400086998939514,0.6846243739128113,-0.07158977538347244,0.6782675385475159,0.5125632286071777,0.677958607673645,0.2341993749141693,0.027001386508345604,0.4217298924922943,0.8901619911193848,-0.06985251605510712,0.713114857673645,0.5058508515357971,0.7344980239868164,0.2680286765098572,0.035932477563619614,0.37879854440689087,0.935630202293396,-0.14317308366298676,0.6111244559288025
38,1.2666666666666666,0.5153813362121582,0.1658492237329483,0.004654520656913519,0.9991016983985901,0.5531131625175476,0.24173913896083832,-0.031284309923648834,0.9995863437652588,0.4860667288303375,0.27368444204330444,0.16638733446598053,0.999875009059906,0.48922961950302124,0.2318781465291977,-0.05727825313806534,0.5490220189094543,0.416452020406723,0.27730411291122437,0.07540066540241241,0.4292357563972473,0.4502530097961426,0.1969403773546219,0.009248259477317333,0.26010698080062866,0.43809524178504944,0.18721292912960052,-0.09814194589853287,0.5945776700973511,0.5266000628471375,0.5051971673965454,-0.044652801007032394,0.9999523162841797,0.4677065908908844,0.5009991526603699,0.04442713409662247,0.9999821186065674,0.4875076711177826,0.693384051322937,-0.07243292033672333,0.19221839308738708,0.4442935883998871,0.6861067414283752,-0.07840774953365326,0.6874977350234985,0.5123313665390015,0.674334704875946,0.239730566740036,0.02598738670349121,0.42173489928245544,0.8939032554626465,-0.08298596739768982,0.7191623449325562,0.5040162801742554,0.7427387833595276,0.27215397357940674,0.03450477495789528,0.3778267502784729,0.9396198987960815,-0.15981389582157135,0.6182828545570374
39,1.3,0.5121799111366272,0.16582223773002625,0.010531289502978325,0.999148428440094,0.5538860559463501,0.24313408136367798,-0.04676666483283043,0.999621570110321,0.48604774475097656,0.28238630294799805,0.16570736467838287,0.9998800754547119,0.4966101050376892,0.20426248013973236,-0.11244358122348785,0.593095600605011,0.416803777217865,0.2835769057273865,0.05726519972085953,0.4549410343170166,0.45071786642074585,0.18368680775165558,-0.04582970589399338,0.32046177983283997,0.4376772940158844,0.18917162716388702,-0.13087818026542664,0.6245681643486023,0.5265407562255859,0.5099211931228638,-0.05175743252038956,0.9999558925628662,0.4671640396118164,0.5108693242073059,0.051541656255722046,0.9999834299087524,0.4827510416507721,0.6880378127098083,-0.13677869737148285,0.261078804731369,0.44424575567245483,0.6934852004051208,-0.06949050724506378,0.7158424258232117,0.511849045753479,0.6799139380455017,0.17682567238807678,0.058347027748823166,0.4217826724052429,0.9021719098091125,-0.07239936292171478,0.745502769947052,0.5066891312599182,0.7538305521011353,0.19890756905078888,0.0697060078382492,0.3773358166217804,0.9512640237808228,-0.15583504736423492,0.6536986827850342
40,1.3333333333333333,0.5102096199989319,0.16625915467739105,0.02263583615422249,0.9991771578788757,0.5540238618850708,0.24328744411468506,-0.04675314947962761,0.9996528625488281,0.4861113429069519,0.28622886538505554,0.1690940111875534,0.9998825788497925,0.4991611838340759,0.19679325819015503,-0.10697619616985321,0.6329138278961182,0.41702255606651306,0.28616446256637573,0.06420047581195831,0.4772423207759857,0.4509544372558594,0.18133729696273804,-0.031242217868566513,0.37325185537338257,0.4373374581336975,0.19001513719558716,-0.12868940830230713,0.6500639915466309,0.5265341997146606,0.5116214156150818,-0.051592867821455,0.999958336353302,0.4670892655849457,0.5151801109313965,0.05139418691396713,0.9999842643737793,0.4806002080440521,0.6860843896865845,-0.10499320924282074,0.31572774052619934,0.444369375705719,0.6960013508796692,-0.08992194384336472,0.7414226531982422,0.5121544599533081,0.6816352605819702,0.19769421219825745,0.0794578567147255,0.4224059581756592,0.9071890711784363,-0.12256892025470734,0.7683656215667725,0.5073187947273254,0.7559911012649536,0.2239091694355011,0.09044154733419418,0.3751799762248993,0.9551545977592468,-0.20520296692848206,0.6843827366828918
41,1.3666666666666667,0.509131669998169,0.1667410135269165,0.02832210436463356,0.9991889595985413,0.5541650652885437,0.2433205097913742,-0.04371409863233566,0.9996781349182129,0.486333429813385,0.2866847515106201,0.17212703824043274,0.9998809695243835,0.5011471509933472,0.19499336183071136,-0.10327088832855225,0.6685550808906555,0.41696158051490784,0.2879105806350708,0.07130270451307297,0.4932156801223755,0.4511491358280182,0.18059560656547546,-0.028048589825630188,0.4170628786087036,0.4369949400424957,0.1914675384759903,-0.11939555406570435,0.6692882776260376,0.5265277624130249,0.5124006271362305,-0.05092446133494377,0.9999595284461975,0.4670409560203552,0.5163732171058655,0.050732892006635666,0.999984622001648,0.47851672768592834,0.6865041255950928,-0.06355653703212738,0.3539375066757202,0.4444975256919861,0.6983702778816223,-0.09001771360635757,0.7635299563407898,0.5128229260444641,0.6824548244476318,0.21909686923027039,0.09415601938962936,0.4224883019924164,0.9098316431045532,-0.12570038437843323,0.7878724932670593,0.5082005262374878,0.7548752427101135,0.24574518203735352,0.10405491292476654,0.3733983635902405,0.9581811428070068,-0.21058981120586395,0.7105578780174255
42,1.4,0.5088189244270325,0.16684751212596893,0.027798641473054886,0.9992181658744812,0.5544090270996094,0.24334244430065155,-0.042470745742321014,0.9997007250785828,0.48631638288497925,0.2858685255050659,0.1708003580570221,0.9998815655708313,0.5029779076576233,0.19343452155590057,-0.10754388570785522,0.7006154656410217,0.41685476899147034,0.288473904132843,0.06267903745174408,0.5106200575828552,0.451073557138443,0.18156100809574127,-0.036430664360523224,0.45757928490638733,0.4368135929107666,0.19216451048851013,-0.12234172970056534,0.6907489895820618,0.5265470147132874,0.5122512578964233,-0.0510840006172657,0.9999594688415527,0.4669395089149475,0.5160595178604126,0.05088683217763901,0.999984622001648,0.4790247976779938,0.6865257024765015,-0.06592069566249847,0.3858845829963684,0.44451436400413513,0.6994436979293823,-0.08174574375152588,0.7826963663101196,0.5132854580879211,0.6830348372459412,0.2218122035264969,0.10028894245624542,0.4228024482727051,0.908877968788147,-0.11320319026708603,0.8047886490821838,0.5085298418998718,0.7515400648117065,0.24853810667991638,0.11035050451755524,0.37319499254226685,0.957684338092804,-0.19552026689052582,0.7329716086387634
43,1.4333333333333333,0.5087285041809082,0.16703306138515472,0.029357045888900757,0.9992601275444031,0.5554488301277161,0.24430394172668457,-0.04172532632946968,0.9997230768203735,0.48630109429359436,0.28453299403190613,0.1726282835006714,0.999883234500885,0.5046142935752869,0.1940944939851761,-0.11206544935703278,0.7298423647880554,0.4168113172054291,0.28879591822624207,0.05935772508382797,0.5316296815872192,0.45116931200027466,0.1814722716808319,-0.043495334684848785,0.49924010038375854,0.4365462362766266,0.19292448461055756,-0.1277192234992981,0.7109171748161316,0.5266382694244385,0.5121944546699524,-0.05159340426325798,0.9999610185623169,0.46690869331359863,0.515263557434082,0.05139480158686638,0.9999851584434509,0.4799323081970215,0.6857045888900757,-0.0806652158498764,0.42754143476486206,0.44451308250427246,0.6995677947998047,-0.0786011666059494,0.8016664981842041,0.5133799314498901,0.6824050545692444,0.21495859324932098,0.11276658624410629,0.42335328459739685,0.9068161249160767,-0.1066429391503334,0.8213426470756531,0.5089425444602966,0.7549923658370972,0.24190735816955566,0.12273768335580826,0.3734932243824005,0.9558550715446472,-0.18766599893569946,0.7550343871116638
44,1.4666666666666666,0.5087803602218628,0.16713300347328186,0.028657356277108192,0.9992967844009399,0.5560423731803894,0.2451736032962799,-0.04072437435388565,0.999742329120636,0.48627781867980957,0.28398576378822327,0.17196863889694214,0.9998846650123596,0.5058295130729675,0.19480864703655243,-0.11194568872451782,0.756032407283783,0.41677531599998474,0.2889682352542877,0.05758603289723396,0.5503368973731995,0.4512598514556885,0.18167482316493988,-0.043189890682697296,0.5338403582572937,0.4363439977169037,0.1933915615081787,-0.13132759928703308,0.7285651564598083,0.5266929864883423,0.5122264623641968,-0.051479678601026535,0.9999621510505676,0.46685361862182617,0.5148538947105408,0.05128111690282822,0.9999855756759644,0.4804845452308655,0.6853763461112976,-0.08187085390090942,0.4609772264957428,0.4445299506187439,0.6998103857040405,-0.0819280594587326,0.8184701800346375,0.5136102437973022,0.6819058656692505,0.2182563990354538,0.11985721439123154,0.4234972596168518,0.9063618183135986,-0.11205735057592392,0.8357457518577576,0.5091676115989685,0.75449538230896,0.24662163853645325,0.12984570860862732,0.37372368574142456,0.9552293419837952,-0.1931430697441101,0.7741608023643494
45,1.5,0.5086599588394165,0.17911209166049957,-0.038575179874897,0.9993420839309692,0.5560336112976074,0.259957492351532,-0.06028503179550171,0.9997567534446716,0.48471975326538086,0.288316547870636,0.1129499301314354,0.9998842477798462,0.5182539224624634,0.18436256051063538,-0.16947826743125916,0.7799851894378662,0.4172891080379486,0.30047866702079773,-0.014137844555079937,0.5889451503753662,0.4545939564704895,0.1755792796611786,-0.1624009609222412,0.5678361654281616,0.4368160665035248,0.20345880091190338,-0.19177797436714172,0.7519332766532898,0.5266726613044739,0.5231437683105469,-0.05126948282122612,0.9999630451202393,0.46685394644737244,0.5244879126548767,0.05106629058718681,0.9999857544898987,0.47658878564834595,0.6734233498573303,-0.2536792457103729,0.5129212141036987,0.4445420205593109,0.7030995488166809,-0.08565986156463623,0.8355831503868103,0.5094455480575562,0.6908957958221436,0.06632966548204422,0.15839429199695587,0.42334580421447754,0.9117361307144165,-0.10623903572559357,0.851218044757843,0.5062659978866577,0.7849709987640381,0.08955202996730804,0.16946566104888916,0.3736265301704407,0.9672383069992065,-0.18417225778102875,0.7948977947235107
46,1.5333333333333334,0.5088809132575989,0.18141205608844757,-0.03044058009982109,0.9993851780891418,0.5560224056243896,0.2671893239021301,-0.059281595051288605,0.9997715950012207,0.4826459288597107,0.29198408126831055,0.1166975349187851,0.9998845458030701,0.520509660243988,0.17871631681919098,-0.17354550957679749,0.8016136884689331,0.4171501696109772,0.3040757477283478,-0.017798300832509995,0.6231186389923096,0.45744404196739197,0.17352674901485443,-0.16876260936260223,0.599372386932373,0.43734750151634216,0.20626960694789886,-0.19976922869682312,0.77183997631073,0.5266956090927124,0.5272586941719055,-0.05113393813371658,0.9999641180038452,0.46683043241500854,0.5279130935668945,0.050918709486722946,0.9999860525131226,0.4755276143550873,0.6717612147331238,-0.2436119019985199,0.5585367679595947,0.4446225166320801,0.7046064734458923,-0.10012437403202057,0.850801408290863,0.5086089372634888,0.6939484477043152,0.07999064028263092,0.1813104748725891,0.4232688546180725,0.9154067039489746,-0.12080810964107513,0.8648976683616638,0.5052353739738464,0.7869740128517151,0.10684792697429657,0.19356155395507812,0.37332388758659363,0.9713671207427979,-0.21088619530200958,0.813103973865509
47,1.5666666666666667,0.5091763734817505,0.18127642571926117,-0.026895537972450256,0.9994293451309204,0.5558791160583496,0.266880601644516,-0.06412303447723389,0.9997852444648743,0.48260998725891113,0.2922059893608093,0.1174064427614212,0.9998862147331238,0.5204031467437744,0.17648081481456757,-0.18169938027858734,0.8211220502853394,0.4171457886695862,0.3051344156265259,-0.018557213246822357,0.6546475887298584,0.4590996205806732,0.17259837687015533,-0.17518611252307892,0.6290646195411682,0.4377776086330414,0.20795321464538574,-0.20343084633350372,0.7906238436698914,0.5266910195350647,0.5287297368049622,-0.05086728185415268,0.999965250492096,0.4667925238609314,0.52951979637146,0.05065290257334709,0.9999864101409912,0.47523728013038635,0.6702777743339539,-0.26285678148269653,0.6007722020149231,0.4448340833187103,0.7060500383377075,-0.09548475593328476,0.864655077457428,0.508170485496521,0.6955829858779907,0.06747527420520782,0.2086421549320221,0.4238568842411041,0.9148567318916321,-0.11292032897472382,0.8773302435874939,0.5053997039794922,0.787591814994812,0.09713638573884964,0.22208182513713837,0.3747868239879608,0.9703848958015442,-0.2022099792957306,0.8297465443611145
48,1.6,0.5095933079719543,0.1806604117155075,-0.02111835405230522,0.9994426369667053,0.55564945936203,0.2655884325504303,-0.05855764076113701,0.9997941255569458,0.48253950476646423,0.29321837425231934,0.12273170053958893,0.9998868703842163,0.5182555913925171,0.17008475959300995,-0.16527459025382996,0.8385164141654968,0.4171144962310791,0.3048262596130371,-0.0168848168104887,0.6830798983573914,0.4602932333946228,0.1730293333530426,-0.15890872478485107,0.6497467756271362,0.4381294846534729,0.20765480399131775,-0.20344865322113037,0.8065972924232483,0.526768684387207,0.5281701683998108,-0.0507545992732048,0.9999666213989258,0.4667899012565613,0.5294374823570251,0.05052455514669418,0.9999868869781494,0.47487860918045044,0.669952929019928,-0.28387293219566345,0.638643741607666,0.4451550543308258,0.7083025574684143,-0.09173068404197693,0.876462459564209,0.5081130862236023,0.6938641667366028,0.05770806595683098,0.2252810150384903,0.4239082932472229,0.9147268533706665,-0.09522891044616699,0.8879048228263855,0.5056648850440979,0.7859414219856262,0.09099064767360687,0.23919647932052612,0.37514784932136536,0.9710390567779541,-0.18401288986206055,0.843562662601471
49,1.6333333333333333,0.5088227391242981,0.19186361134052277,-0.05398101732134819,0.9994089603424072,0.5547356009483337,0.27798107266426086,-0.06098424270749092,0.9997755289077759,0.4818054139614105,0.3013785183429718,0.10845110565423965,0.999880313873291,0.533149778842926,0.17493294179439545,-0.1950875073671341,0.854255199432373,0.4231244623661041,0.3218463361263275,-0.031359560787677765,0.7105276584625244,0.4789232611656189,0.14614656567573547,-0.2108123004436493,0.6770798563957214,0.43820899724960327,0.2393726408481598,-0.22995956242084503,0.8253381848335266,0.5280277729034424,0.5315803289413452,-0.04952489584684372,0.9999604821205139,0.4678098261356354,0.5324109196662903,0.04927677661180496,0.9999843239784241,0.4742463529109955,0.6575738191604614,-0.311870276927948,0.6740511059761047,0.4453675150871277,0.7241346836090088,-0.06597281992435455,0.888134241104126,0.5026770234107971,0.7132508158683777,0.04121159389615059,0.27298033237457275,0.42403823137283325,0.925510048866272,-0.03962034732103348,0.8986154198646545,0.4976918697357178,0.8175574541091919,0.05630641058087349,0.2875707149505615,0.378781259059906,0.9882898926734924,-0.1412247121334076,0.8580409288406372
50,1.6666666666666667,0.5086418986320496,0.19481638073921204,-0.05048621818423271,0.9993943572044373,0.5541675686836243,0.2813413739204407,-0.060026198625564575,0.9997702836990356,0.48122477531433105,0.3042425513267517,0.11514630168676376,0.9998792409896851,0.5352662801742554,0.17857560515403748,-0.18816038966178894,0.8685396909713745,0.4248858094215393,0.32720455527305603,-0.01863894797861576,0.7352975606918335,0.4821757674217224,0.1405610293149948,-0.18616756796836853,0.7017941474914551,0.43834781646728516,0.24472416937351227,-0.21713726222515106,0.842270016670227,0.5289557576179504,0.5328438878059387,-0.04946461692452431,0.9999529719352722,0.46826425194740295,0.5338535904884338,0.04921907186508179,0.9999815225601196,0.47401151061058044,0.6562540531158447,-0.30527088046073914,0.7057101726531982,0.4458010792732239,0.7274814248085022,-0.0689295306801796,0.8986121416091919,0.5017765164375305,0.717288613319397,0.054525356739759445,0.31052863597869873,0.42410507798194885,0.9340304732322693,-0.05460494011640549,0.9082291126251221,0.4963715076446533,0.8227815628051758,0.07087308913469315,0.32492247223854065,0.3802300691604614,0.9930893182754517,-0.15405336022377014,0.8710188269615173
51,1.7,0.5086910724639893,0.1959380954504013,-0.04764013737440109,0.9993833899497986,0.5540062189102173,0.28233590722084045,-0.05804372951388359,0.9997640252113342,0.4808672070503235,0.3068849444389343,0.11715228855609894,0.9998781681060791,0.5355692505836487,0.18088069558143616,-0.18234243988990784,0.8813570141792297,0.42559343576431274,0.3290318548679352,-0.015315772965550423,0.7578403353691101,0.48271578550338745,0.1392076015472412,-0.18059469759464264,0.7226839065551758,0.43860214948654175,0.24578756093978882,-0.2121138870716095,0.8574930429458618,0.5296997427940369,0.533657431602478,-0.04913811758160591,0.9999459981918335,0.468737930059433,0.5349332690238953,0.048893507570028305,0.9999791979789734,0.4725917875766754,0.658413290977478,-0.29878485202789307,0.7340807318687439,0.446188747882843,0.729499876499176,-0.0701260194182396,0.9079883098602295,0.5018324851989746,0.7182896137237549,0.06280617415904999,0.3403017520904541,0.4241035580635071,0.9382373094558716,-0.05750592425465584,0.916818380355835,0.4960062503814697,0.8237484693527222,0.0798334926366806,0.3547932803630829,0.3805655241012573,0.9951998591423035,-0.1591632068157196,0.8825299143791199
52,1.7333333333333334,0.5087328553199768,0.19764894247055054,-0.04584265127778053,0.9993582963943481,0.5539447069168091,0.2832191586494446,-0.055239487439394,0.9997552633285522,0.4807673394680023,0.3088933527469635,0.11874433606863022,0.9998757839202881,0.5353303551673889,0.1822633296251297,-0.17814257740974426,0.892890214920044,0.42586493492126465,0.3294307291507721,-0.013830569572746754,0.7780116200447083,0.4823840260505676,0.13913652300834656,-0.1734207570552826,0.7411144375801086,0.4387081563472748,0.24661070108413696,-0.21168506145477295,0.8711759448051453,0.5302149653434753,0.5342333316802979,-0.04908337816596031,0.9999403953552246,0.46892863512039185,0.5359457731246948,0.04883899912238121,0.9999772310256958,0.47191768884658813,0.659727156162262,-0.30202025175094604,0.7598398923873901,0.4463309645652771,0.7310086488723755,-0.06915973126888275,0.9165081977844238,0.501794695854187,0.7186943292617798,0.058890391141176224,0.3734796643257141,0.4241020679473877,0.9386120438575745,-0.05224468559026718,0.924619197845459,0.4956815242767334,0.8241422176361084,0.07502888143062592,0.3866505026817322,0.3808688223361969,0.9972208738327026,-0.15805555880069733,0.8930314183235168
53,1.7666666666666666,0.5087580680847168,0.20004571974277496,-0.05745391175150871,0.9993123412132263,0.5538970232009888,0.28313323855400085,-0.0601106658577919,0.9997408986091614,0.4804522395133972,0.3090139329433441,0.10156296193599701,0.9998687505722046,0.5334204435348511,0.1817883849143982,-0.20102103054523468,0.9030076861381531,0.42565441131591797,0.32881656289100647,-0.04246418923139572,0.7965837717056274,0.4803808331489563,0.1392415165901184,-0.2212945967912674,0.7563466429710388,0.43867936730384827,0.24700582027435303,-0.24049413204193115,0.8833345174789429,0.5310519337654114,0.534127414226532,-0.04796198382973671,0.9999348521232605,0.4694882333278656,0.5369014739990234,0.04771023616194725,0.9999752640724182,0.4709632992744446,0.6555538773536682,-0.2999489903450012,0.7823018431663513,0.4465863108634949,0.7295357584953308,-0.08353163301944733,0.9240216016769409,0.5019964575767517,0.7205550074577332,0.05330988019704819,0.3862602412700653,0.42413386702537537,0.937200665473938,-0.08092816174030304,0.9314020872116089,0.49536219239234924,0.8277187943458557,0.0737815648317337,0.3991883397102356,0.3815823197364807,0.9945566654205322,-0.18785235285758972,0.9018570184707642
54,1.8,0.5087953209877014,0.2020656317472458,-0.05256932973861694,0.9992788434028625,0.553878664970398,0.28325486183166504,-0.05938658118247986,0.9997361898422241,0.4802807867527008,0.3098313510417938,0.10371752083301544,0.999866247177124,0.5324589014053345,0.18130795657634735,-0.19112588465213776,0.9122133851051331,0.4254288077354431,0.3293827772140503,-0.03683019429445267,0.8129947781562805,0.4791795313358307,0.13964790105819702,-0.19753456115722656,0.7695772647857666,0.43862444162368774,0.2476322203874588,-0.23234927654266357,0.8942264914512634,0.5315095782279968,0.5343570113182068,-0.04742299020290375,0.9999315142631531,0.4698978364467621,0.5375758409500122,0.04717043787240982,0.9999740123748779,0.4706306457519531,0.65285325050354,-0.296975314617157,0.8026694655418396,0.4466022849082947,0.7299395203590393,-0.08444581180810928,0.9307375550270081,0.5020163059234619,0.7222769856452942,0.04741920158267021,0.40253350138664246,0.4240873456001282,0.9361088275909424,-0.08581878989934921,0.937477171421051,0.4944511950016022,0.828412652015686,0.06841493397951126,0.4143143892288208,0.38170355558395386,0.9927982091903687,-0.18927069008350372,0.9097834229469299
55,1.8333333333333333,0.509813666343689,0.21520811319351196,0.0004703892336692661,0.9991791248321533,0.5534955859184265,0.2836664021015167,0.02822265960276127,0.9997039437294006,0.47852858901023865,0.32171693444252014,0.14042779803276062,0.9998388290405273,0.531391441822052,0.157057523727417,-0.04242066293954849,0.920693576335907,0.43143200874328613,0.34549620747566223,0.002961039775982499,0.8253665566444397,0.47849178314208984,0.11113572865724564,0.008092432282865047,0.779954731464386,0.43950575590133667,0.2687120735645294,-0.19507533311843872,0.9022895097732544,0.5321080684661865,0.5420421957969666,-0.03800598904490471,0.99991774559021,0.47131189703941345,0.547173261642456,0.037719402462244034,0.9999647736549377,0.46905046701431274,0.6359643340110779,-0.28913795948028564,0.8208969831466675,0.44599103927612305,0.7337086796760559,-0.08973027765750885,0.9357638359069824,0.4917046129703522,0.7724915146827698,-0.06495077908039093,0.4269946217536926,0.4219929575920105,0.9453222751617432,-0.10088245570659637,0.9414389133453369,0.4693710207939148,0.8657445907592773,-0.09326010942459106,0.4320068955421448,0.3828977644443512,1.0056790113449097,-0.2110588252544403,0.9133411049842834
56,1.8666666666666667,0.5106323957443237,0.21660368144512177,-0.010290788486599922,0.9991093873977661,0.5533797740936279,0.2836807668209076,0.016688216477632523,0.9996679425239563,0.4775790572166443,0.3208778202533722,0.13577014207839966,0.9998125433921814,0.5308791399002075,0.1521887332201004,-0.07149968296289444,0.9282545447349548,0.43296879529953003,0.34940412640571594,-0.013328596949577332,0.8379846215248108,0.47796931862831116,0.10603628307580948,-0.04331847280263901,0.7912353873252869,0.44005364179611206,0.2752832770347595,-0.22507695853710175,0.9104263186454773,0.5325435996055603,0.5437407493591309,-0.0339718833565712,0.9999048709869385,0.47178977727890015,0.5484225153923035,0.03369475156068802,0.9999574422836304,0.4680699408054352,0.6326778531074524,-0.2815157473087311,0.8370233774185181,0.4457717835903168,0.7352890968322754,-0.09550176560878754,0.9404985904693604,0.4891725182533264,0.7819245457649231,-0.04907776787877083,0.44355082511901855,0.4213215708732605,0.9506784081459045,-0.1224079579114914,0.9454454779624939,0.4639943242073059,0.8719817399978638,-0.07823971658945084,0.4455151855945587,0.38684093952178955,1.032043695449829,-0.2439088076353073,0.9176608920097351
57,1.9,0.5111218690872192,0.2168334573507309,-0.010867372155189514,0.9990151524543762,0.5529112219810486,0.28389209508895874,0.020710844546556473,0.9996508955955505,0.47693467140197754,0.32155269384384155,0.13418932259082794,0.9997950792312622,0.5309246182441711,0.15109390020370483,-0.048239566385746,0.9351964592933655,0.4333854615688324,0.3513091802597046,-0.006456081755459309,0.8492437601089478,0.4773741364479065,0.1051403284072876,0.0021559935994446278,0.8020845055580139,0.44025832414627075,0.2773507535457611,-0.21702423691749573,0.9176624417304993,0.5328262448310852,0.5444249510765076,-0.03308989480137825,0.9998966455459595,0.4722171723842621,0.5497375130653381,0.03282780200242996,0.9999523758888245,0.46794381737709045,0.6302253603935242,-0.27938783168792725,0.8521870970726013,0.44574958086013794,0.7363319993019104,-0.09300132095813751,0.9451864957809448,0.4887975752353668,0.7806599736213684,-0.03098192811012268,0.46730461716651917,0.42106643319129944,0.9512765407562256,-0.12444808334112167,0.9495969414710999,0.46315279603004456,0.8718289732933044,-0.05256740376353264,0.4639055132865906,0.3877372145652771,1.0342869758605957,-0.24456632137298584,0.9225972294807434
58,1.9333333333333333,0.5113179087638855,0.21651172637939453,-0.0024028390180319548,0.9989556670188904,0.5525292158126831,0.2840849757194519,0.03188591077923775,0.9996490478515625,0.47635024785995483,0.32159000635147095,0.14348681271076202,0.9997887015342712,0.5311513543128967,0.15028761327266693,-0.03124525211751461,0.9414980411529541,0.43296146392822266,0.35164085030555725,0.009882607497274876,0.8593913316726685,0.47699108719825745,0.10428269952535629,0.02477939799427986,0.8133586049079895,0.44028544425964355,0.27807608246803284,-0.19751819968223572,0.9241974949836731,0.5328236222267151,0.5443029403686523,-0.03281364589929581,0.9998927116394043,0.47220858931541443,0.5501618981361389,0.03255190700292587,0.9999496340751648,0.46809205412864685,0.6301900744438171,-0.2761894762516022,0.8660009503364563,0.4456802010536194,0.7370290160179138,-0.09322591125965118,0.9495410323143005,0.4886851906776428,0.7766460180282593,-0.026216069236397743,0.4901328682899475,0.42034173011779785,0.953534722328186,-0.12634770572185516,0.9534376263618469,0.46347227692604065,0.8696995377540588,-0.04675422981381416,0.48042774200439453,0.38833287358283997,1.0396685600280762,-0.2482796013355255,0.9271638989448547
59,1.9666666666666666,0.5110408067703247,0.2265932857990265,0.047710828483104706,0.9990009665489197,0.5509065389633179,0.29728129506111145,0.08806735277175903,0.9996363520622253,0.47290849685668945,0.32583263516426086,0.18448327481746674,0.999774694442749,0.5352832078933716,0.1512880027294159,0.0076584964990615845,0.9465353488922119,0.43335700035095215,0.3910141885280609,0.04853246361017227,0.8577425479888916,0.47834962606430054,0.0838734433054924,0.013595719821751118,0.8222191333770752,0.4432469308376312,0.34722843766212463,-0.14834611117839813,0.9257782697677612,0.5332795977592468,0.557184100151062,-0.028517838567495346,0.9998743534088135,0.4730467200279236,0.566734254360199,0.028189513832330704,0.9999323487281799,0.4683033525943756,0.6269854307174683,-0.27581995725631714,0.8746046423912048,0.4453498423099518,0.7550084590911865,-0.08729078620672226,0.948175847530365,0.482166051864624,0.8025420904159546,-0.140199676156044,0.4826393127441406,0.41931501030921936,0.9624677300453186,-0.11780685186386108,0.9476343989372253,0.45602506399154663,0.8851404786109924,-0.20274463295936584,0.4725785255432129,0.38796788454055786,1.0416299104690552,-0.2350643426179886,0.9140463471412659
60,2.0,0.5110834836959839,0.2276109755039215,0.0474325492978096,0.9990164637565613,0.5501978993415833,0.3010239005088806,0.08207254856824875,0.9996248483657837,0.4704921245574951,0.3282490074634552,0.1853300780057907,0.9997536540031433,0.5361405611038208,0.15096701681613922,-0.01238156110048294,0.9512960910797119,0.4345318675041199,0.397199809551239,0.05703754350543022,0.8522030711174011,0.4783995747566223,0.07735911011695862,-0.015547390095889568,0.831174373626709,0.4442312717437744,0.36283138394355774,-0.1326698362827301,0.9264959692955017,0.5332345962524414,0.5577554702758789,-0.027408281341195107,0.9998547434806824,0.4733189046382904,0.5680647492408752,0.02707154117524624,0.9999130368232727,0.4694744646549225,0.6273528337478638,-0.26165130734443665,0.8837001323699951,0.44583383202552795,0.757906436920166,-0.08691339939832687,0.9487231373786926,0.48077335953712463,0.8103420734405518,-0.11395829916000366,0.48076796531677246,0.418968141078949,0.9657927751541138,-0.11873625218868256,0.9450574517250061,0.4535098671913147,0.8893854022026062,-0.1715434044599533,0.4683435261249542,0.3890994191169739,1.0388391017913818,-0.23765084147453308,0.9061962962150574
61,2.033333333333333,0.51152503490448,0.2299664318561554,0.02798403427004814,0.9989488124847412,0.5500614047050476,0.3026338815689087,0.06348167359828949,0.9995936751365662,0.4698982238769531,0.3317749798297882,0.1693929135799408,0.9997248649597168,0.5364824533462524,0.1503904163837433,-0.029059594497084618,0.9556092023849487,0.4349740147590637,0.3970343768596649,0.03662879392504692,0.8496288061141968,0.47834181785583496,0.07654480636119843,-0.026675740256905556,0.8370663523674011,0.44522029161453247,0.3620191812515259,-0.1567784994840622,0.9282326698303223,0.5332461595535278,0.5580584406852722,-0.027379969134926796,0.9998368620872498,0.4738596975803375,0.5688604712486267,0.027058890089392662,0.9998971223831177,0.4696248173713684,0.6273026466369629,-0.2550244629383087,0.8927448987960815,0.44610100984573364,0.7596598267555237,-0.08821989595890045,0.9505524039268494,0.47886404395103455,0.8145459294319153,-0.10109230130910873,0.4908759593963623,0.41869693994522095,0.9676152467727661,-0.13313189148902893,0.9464259743690491,0.45031070709228516,0.8983306288719177,-0.15603230893611908,0.47448840737342834,0.38941073417663574,1.0407745838165283,-0.2573755383491516,0.9057952165603638
62,2.066666666666667,0.5106602311134338,0.2433328628540039,-0.035137198865413666,0.9988247752189636,0.54686439037323,0.31300684809684753,0.037148259580135345,0.9995794892311096,0.46659955382347107,0.3428969383239746,0.10245083272457123,0.9997134804725647,0.5360684990882874,0.15127979218959808,-0.019213873893022537,0.9554316997528076,0.43518608808517456,0.4261541962623596,-0.029725324362516403,0.8275326490402222,0.4894576072692871,0.06089864298701286,-0.01669563166797161,0.8435076475143433,0.4523158073425293,0.39950570464134216,-0.24325509369373322,0.9224136471748352,0.5324975252151489,0.570598840713501,-0.024278415367007256,0.999817967414856,0.47392717003822327,0.5800547003746033,0.023936450481414795,0.9998723864555359,0.4696274697780609,0.62996506690979,-0.2695486545562744,0.8957731127738953,0.44588011503219604,0.7763370275497437,-0.08058357983827591,0.9373033046722412,0.4667060971260071,0.8343867063522339,-0.19055752456188202,0.4824872612953186,0.41860097646713257,0.9771174788475037,-0.1270724982023239,0.9327589869499207,0.4421309530735016,0.9097814559936523,-0.27865761518478394,0.4747874140739441,0.39027121663093567,1.0506317615509033,-0.25726816058158875,0.8874797224998474
63,2.1,0.5086686611175537,0.25090426206588745,-0.049767982214689255,0.9982630014419556,0.5448445677757263,0.3199015259742737,0.02044038102030754,0.9995330572128296,0.46551260352134705,0.3497137427330017,0.0879298597574234,0.9996589422225952,0.5356573462486267,0.1553257256746292,-0.031599290668964386,0.9555980563163757,0.4355742037296295,0.4333336353302002,-0.03302638977766037,0.8073689341545105,0.4922928810119629,0.05602574720978737,-0.03499879688024521,0.8518786430358887,0.45574790239334106,0.4105347990989685,-0.23178251087665558,0.9169455766677856,0.532462477684021,0.5725643634796143,-0.023902641609311104,0.9997907876968384,0.4743899703025818,0.5832311511039734,0.0235515758395195,0.9998366832733154,0.4696478247642517,0.6302675008773804,-0.2515263557434082,0.900438666343689,0.4462610185146332,0.7734056115150452,-0.08460898697376251,0.9324871301651001,0.46486157178878784,0.8405982851982117,-0.1672545075416565,0.4936063289642334,0.4186628758907318,0.9762380123138428,-0.13966858386993408,0.9277498722076416,0.4403778612613678,0.9155447483062744,-0.24989740550518036,0.4900778532028198,0.38971376419067383,1.0461664199829102,-0.26422908902168274,0.8802790641784668
64,2.1333333333333333,0.5080309510231018,0.24986132979393005,-0.048848919570446014,0.9971582889556885,0.5433582067489624,0.3194608986377716,0.018007585778832436,0.9994773268699646,0.463015079498291,0.35274583101272583,0.0932915210723877,0.9995954632759094,0.535312831401825,0.1615295708179474,-0.026629025116562843,0.9562145471572876,0.4353359341621399,0.437639445066452,-0.024541165679693222,0.7935072779655457,0.4927893579006195,0.055437393486499786,-0.03800443559885025,0.8597492575645447,0.4557010531425476,0.41195738315582275,-0.22130921483039856,0.9139612913131714,0.5323642492294312,0.5749728679656982,-0.024368464946746826,0.9997650384902954,0.4743371605873108,0.5861937403678894,0.02401486039161682,0.9998053908348083,0.46980801224708557,0.631837785243988,-0.2545888125896454,0.9056994915008545,0.4465624690055847,0.7808486819267273,-0.08453506231307983,0.9298387169837952,0.4669053554534912,0.8372192978858948,-0.13984408974647522,0.49586066603660583,0.4187313914299011,0.9776980876922607,-0.12454825639724731,0.9241867065429688,0.44009166955947876,0.9201879501342773,-0.20719781517982483,0.49245864152908325,0.3889791965484619,1.0546739101409912,-0.24223995208740234,0.8719629645347595
65,2.1666666666666665,0.5078403949737549,0.24743185937404633,-0.04855286329984665,0.9962606430053711,0.5427854061126709,0.3187783658504486,0.0180662889033556,0.9994120001792908,0.46139878034591675,0.3526724874973297,0.09677227586507797,0.9995308518409729,0.5351522564888,0.1631748527288437,-0.022440049797296524,0.9551859498023987,0.4351862072944641,0.4412430226802826,-0.019909419119358063,0.7763495445251465,0.49233031272888184,0.053146474063396454,-0.03921493887901306,0.8645616769790649,0.4555727541446686,0.4126553535461426,-0.21620234847068787,0.9087778329849243,0.5323883295059204,0.5751863718032837,-0.025182297453284264,0.9997240304946899,0.4743932783603668,0.587046205997467,0.024837838485836983,0.9997584223747253,0.46970048546791077,0.633428156375885,-0.25535905361175537,0.9093946218490601,0.44670432806015015,0.7822074294090271,-0.08497951179742813,0.9248639345169067,0.46658438444137573,0.8421829342842102,-0.15967126190662384,0.4982755184173584,0.4187468886375427,0.97698974609375,-0.1282167136669159,0.9202885031700134,0.4405040144920349,0.9156600832939148,-0.23460808396339417,0.49669450521469116,0.38450610637664795,1.0534313917160034,-0.2459183931350708,0.8650954961776733
66,2.2,0.5072078108787537,0.24570287764072418,-0.03759446740150452,0.9958472847938538,0.5422013401985168,0.31796637177467346,0.028357859700918198,0.9993979930877686,0.4619064927101135,0.35315605998039246,0.10260006040334702,0.9995115399360657,0.5350066423416138,0.16373096406459808,-0.0007308780332095921,0.9548831582069397,0.43609508872032166,0.44027990102767944,-0.01820099912583828,0.756459653377533,0.4916575849056244,0.05042208731174469,0.0016536610201001167,0.8691732287406921,0.4557303786277771,0.4100566506385803,-0.22374367713928223,0.9002228379249573,0.5323777198791504,0.5755276679992676,-0.02547818422317505,0.9997031092643738,0.4744511544704437,0.5874680876731873,0.025130977854132652,0.9997329711914062,0.4695582389831543,0.636813223361969,-0.2842382490634918,0.9130367040634155,0.446780264377594,0.7839745283126831,-0.09024365991353989,0.9196957349777222,0.4669884741306305,0.8464887738227844,-0.2192564457654953,0.49687129259109497,0.41860437393188477,0.9785298705101013,-0.17606107890605927,0.914893627166748,0.4416482448577881,0.9140281081199646,-0.3080860376358032,0.49899327754974365,0.3845166862010956,1.056551218032837,-0.3119714856147766,0.8572762608528137
67,2.2333333333333334,0.5066784620285034,0.2452370524406433,-0.0342232882976532,0.9954373836517334,0.5418487191200256,0.3177851736545563,0.02726117894053459,0.9993705153465271,0.4625374376773834,0.35523372888565063,0.10439155995845795,0.9994848370552063,0.5349748134613037,0.16470280289649963,-0.010880822315812111,0.954586923122406,0.436988890171051,0.4398299753665924,-0.022164158523082733,0.7405515909194946,0.49146968126296997,0.04809955134987831,-0.013700753450393677,0.8729568123817444,0.4556131958961487,0.40701788663864136,-0.22536341845989227,0.893700122833252,0.5323299169540405,0.5753121376037598,-0.02543305791914463,0.9996610283851624,0.474776029586792,0.5872138142585754,0.025079086422920227,0.9996885061264038,0.46926769614219666,0.639289379119873,-0.2816276550292969,0.9153507947921753,0.44722357392311096,0.7860469222068787,-0.091382697224617,0.9136078357696533,0.46646934747695923,0.8499040603637695,-0.19900988042354584,0.4905696511268616,0.41857343912124634,0.9795688390731812,-0.17550209164619446,0.9088144302368164,0.4426548480987549,0.910772979259491,-0.28114432096481323,0.49649935960769653,0.38396531343460083,1.0535632371902466,-0.3083716034889221,0.8487821817398071
68,2.2666666666666666,0.5066689848899841,0.2449636608362198,-0.04467344284057617,0.9949992299079895,0.5415428876876831,0.31702950596809387,0.02111503854393959,0.9993472695350647,0.46286869049072266,0.35636603832244873,0.09505883604288101,0.9994581341743469,0.5349458456039429,0.1651298999786377,-0.017068786546587944,0.9544314742088318,0.4373597204685211,0.44046443700790405,-0.034500762820243835,0.7278274893760681,0.4913155138492584,0.046996667981147766,-0.01968628540635109,0.8765168190002441,0.4556024968624115,0.4061450660228729,-0.23924048244953156,0.8874793648719788,0.5323125123977661,0.5756155848503113,-0.025303397327661514,0.9996201395988464,0.47509875893592834,0.5869569778442383,0.024944161996245384,0.9996459484100342,0.4690614640712738,0.6412913799285889,-0.2821691632270813,0.9182901382446289,0.44735127687454224,0.785504937171936,-0.09151969105005264,0.9094119071960449,0.4665544033050537,0.852286696434021,-0.1946866363286972,0.49022045731544495,0.41851815581321716,0.9809739589691162,-0.17176122963428497,0.9057552218437195,0.44248589873313904,0.9140369892120361,-0.2774933874607086,0.49965059757232666,0.38383251428604126,1.053835153579712,-0.3064861595630646,0.8444849252700806
69,2.3,0.5065245032310486,0.25506365299224854,-0.04018000513315201,0.995401918888092,0.5375785827636719,0.3303805887699127,0.009534006007015705,0.9993797540664673,0.4623028635978699,0.3608687222003937,0.09406964480876923,0.9994616508483887,0.5305527448654175,0.19420108199119568,-0.018394658342003822,0.9498162865638733,0.4372214674949646,0.4551039934158325,0.0022418531589210033,0.6875209212303162,0.509496808052063,0.051133785396814346,-0.061406850814819336,0.8824000358581543,0.45761817693710327,0.4534696042537689,-0.1554144322872162,0.8388575315475464,0.5322558283805847,0.588469922542572,-0.029804855585098267,0.9994851350784302,0.4752909541130066,0.6029342412948608,0.029439616948366165,0.9994795322418213,0.4695962965488434,0.6579095721244812,-0.25551730394363403,0.9081696271896362,0.44590240716934204,0.7772886753082275,-0.1710580736398697,0.8835254907608032,0.45382577180862427,0.8635017275810242,-0.395802766084671,0.485595166683197,0.4188190996646881,0.9825608730316162,-0.3895537257194519,0.864682674407959,0.41847166419029236,0.8886080980300903,-0.5259856581687927,0.5166029930114746,0.3838309943675995,1.0133798122406006,-0.5211244225502014,0.8228523135185242
70,2.3333333333333335,0.5065387487411499,0.2568477392196655,-0.038917772471904755,0.9957735538482666,0.5366860032081604,0.33496662974357605,0.010918633081018925,0.999416172504425,0.4621984362602234,0.3625886142253876,0.09183810651302338,0.9994873404502869,0.5291808247566223,0.1979084461927414,-0.014034057036042213,0.9487583041191101,0.43824905157089233,0.4576117694377899,-0.0137697858735919,0.6724600195884705,0.5123417377471924,0.05351104587316513,-0.058072738349437714,0.889505922794342,0.45758217573165894,0.4648393392562866,-0.19567185640335083,0.8267737627029419,0.5321604609489441,0.5930691361427307,-0.02979126013815403,0.9994483590126038,0.47613486647605896,0.6091790199279785,0.029426340013742447,0.9994273781776428,0.4695591926574707,0.6585734486579895,-0.2582930624485016,0.9039156436920166,0.4473506808280945,0.7830542922019958,-0.15051394701004028,0.8498978018760681,0.45002779364585876,0.8666659593582153,-0.3733099699020386,0.48862698674201965,0.4210485517978668,1.0290985107421875,-0.252612441778183,0.8198840618133545,0.4250541627407074,0.9075741171836853,-0.5018433332443237,0.5352526307106018,0.38885757327079773,1.0517687797546387,-0.3814310133457184,0.790046215057373
71,2.3666666666666667,0.5049787163734436,0.27405184507369995,-0.021154223009943962,0.996159017086029,0.5334432125091553,0.3504265546798706,0.0235282052308321,0.999464750289917,0.4623873233795166,0.3791557252407074,0.10075179487466812,0.9995257258415222,0.5280730724334717,0.20375892519950867,0.028508279472589493,0.9508841037750244,0.4377572536468506,0.4850836396217346,0.013336529023945332,0.6730612516403198,0.5353065729141235,0.06823955476284027,0.020543163642287254,0.8992673754692078,0.45837101340293884,0.5301886796951294,-0.18130546808242798,0.832940399646759,0.5306468605995178,0.5979102849960327,-0.03502350300550461,0.9993958473205566,0.47677645087242126,0.6184314489364624,0.03462187200784683,0.9993386268615723,0.4690759778022766,0.6852315068244934,-0.2564484179019928,0.9014054536819458,0.4488963484764099,0.7546007037162781,-0.15283618867397308,0.8102814555168152,0.44631147384643555,0.9123302102088928,-0.41487374901771545,0.4913404881954193,0.4300430715084076,0.9695517420768738,-0.31909188628196716,0.7616322040557861,0.4128941595554352,0.9324525594711304,-0.5527238845825195,0.552911639213562,0.39052391052246094,0.9954054355621338,-0.4367596209049225,0.7506890296936035
72,2.4,0.5040183663368225,0.2741953432559967,-0.021795939654111862,0.9964953064918518,0.5324662923812866,0.3533856272697449,0.03399113565683365,0.9995037913322449,0.4615536630153656,0.38328951597213745,0.11201584339141846,0.9995562434196472,0.5272401571273804,0.20498231053352356,0.052371781319379807,0.9540170431137085,0.43691858649253845,0.4909239411354065,0.052076250314712524,0.681993305683136,0.5383412837982178,0.07009207457304001,0.05902478098869324,0.9084681868553162,0.4586562216281891,0.539671003818512,-0.1163954958319664,0.841650128364563,0.5302107930183411,0.598683774471283,-0.03582669049501419,0.9993436336517334,0.47860080003738403,0.6182050704956055,0.03541357070207596,0.999261200428009,0.46908196806907654,0.6904802322387695,-0.2504377067089081,0.903622031211853,0.4510788917541504,0.7348488569259644,-0.17960231006145477,0.791708767414093,0.4456753730773926,0.9196062088012695,-0.391459584236145,0.50023353099823,0.43423399329185486,0.9711241722106934,-0.33533912897109985,0.7170639634132385,0.4140271544456482,0.9421902298927307,-0.5170046091079712,0.5726757645606995,0.41528868675231934,0.9687955975532532,-0.4448471665382385,0.7221642732620239
73,2.433333333333333,0.5036844611167908,0.27329593896865845,-0.014344322495162487,0.9968231916427612,0.5312319993972778,0.3561365306377411,0.04246538132429123,0.9995390772819519,0.4608208239078522,0.3828366994857788,0.12190215289592743,0.9995907545089722,0.5263929963111877,0.20968905091285706,0.04839697852730751,0.9571720361709595,0.435255765914917,0.4894135892391205,0.05146845057606697,0.7004119157791138,0.5379585027694702,0.0726723000407219,0.04618459194898605,0.9169140458106995,0.45847970247268677,0.5382668972015381,-0.12775775790214539,0.8538645505905151,0.5295807123184204,0.5997586250305176,-0.03618771582841873,0.9992942810058594,0.4788464903831482,0.618751585483551,0.03577057272195816,0.9992083311080933,0.4691007137298584,0.6910868883132935,-0.23530927300453186,0.9078311324119568,0.45197105407714844,0.7361767292022705,-0.16854976117610931,0.7862979173660278,0.4452509880065918,0.9268724322319031,-0.3834514319896698,0.517737865447998,0.43352335691452026,0.956789493560791,-0.32960569858551025,0.6884386539459229,0.4161173403263092,0.9392015337944031,-0.5124050974845886,0.5974496006965637,0.40786004066467285,0.986284613609314,-0.44297558069229126,0.7084608674049377
74,2.466666666666667,0.5033856630325317,0.27397421002388,0.00971313752233982,0.9970800876617432,0.5308635830879211,0.3592515289783478,0.05094887688755989,0.9995651245117188,0.46133607625961304,0.3859468102455139,0.14384028315544128,0.9996127486228943,0.5257524251937866,0.2118738740682602,0.06504397094249725,0.9598817229270935,0.4352494776248932,0.48956382274627686,0.07501973956823349,0.7072696685791016,0.5377787351608276,0.0737580955028534,0.08757266402244568,0.9243583679199219,0.4596107006072998,0.5411814451217651,-0.09766511619091034,0.8596721291542053,0.5290007591247559,0.6012141108512878,-0.03820379823446274,0.999253511428833,0.48049527406692505,0.6211552023887634,0.03778793662786484,0.9991560578346252,0.46906012296676636,0.6943774223327637,-0.22760653495788574,0.9107141494750977,0.4534507691860199,0.7311367392539978,-0.17176896333694458,0.7786292433738708,0.44558531045913696,0.930058479309082,-0.3623221516609192,0.5300055742263794,0.43303146958351135,0.9521445631980896,-0.31219181418418884,0.6589463949203491,0.4151771068572998,0.9476321935653687,-0.4842434823513031,0.6153815388679504,0.408690869808197,0.9750789999961853,-0.41797202825546265,0.69060879945755
75,2.5,0.5026867389678955,0.2743087410926819,0.004778950475156307,0.9973276257514954,0.5303722620010376,0.36025470495224,0.0454307459294796,0.9995889067649841,0.46350735425949097,0.3861369788646698,0.14329156279563904,0.999632716178894,0.5254772901535034,0.21079353988170624,0.04777466133236885,0.9622334241867065,0.43527451157569885,0.4895409941673279,0.0836586207151413,0.7129514217376709,0.5378753542900085,0.07398292422294617,0.058552734553813934,0.9310595989227295,0.46039992570877075,0.5436508059501648,-0.07828150689601898,0.8642297387123108,0.5275466442108154,0.6014528274536133,-0.03979942575097084,0.9991894960403442,0.48249998688697815,0.6206892728805542,0.03938791900873184,0.999082088470459,0.46915873885154724,0.70604008436203,-0.21770170331001282,0.9123737812042236,0.45464855432510376,0.7335776686668396,-0.16268925368785858,0.7690306901931763,0.4461595118045807,0.9229751825332642,-0.35388150811195374,0.5360658168792725,0.4328633248806,0.9439863562583923,-0.31719017028808594,0.6291812062263489,0.4101427495479584,0.9448894262313843,-0.47475558519363403,0.6288458108901978,0.405020147562027,0.9849635362625122,-0.42392557859420776,0.6730029582977295
76,2.533333333333333,0.5024709701538086,0.2751151919364929,0.0006224294193089008,0.9975563883781433,0.5306318402290344,0.3593162000179291,0.043760307133197784,0.9996112585067749,0.46427106857299805,0.38581135869026184,0.14160963892936707,0.9996504187583923,0.5253755450248718,0.21025970578193665,0.043853603303432465,0.9643536806106567,0.4352628290653229,0.4902857542037964,0.08523218333721161,0.718366801738739,0.5376964807510376,0.07427912950515747,0.05015834420919418,0.9371049404144287,0.46133509278297424,0.5467817783355713,-0.07172638177871704,0.8677059412002563,0.527480959892273,0.6020883917808533,-0.04006803408265114,0.9991487264633179,0.48387423157691956,0.6207844018936157,0.039658043533563614,0.9990332126617432,0.46923190355300903,0.7046855688095093,-0.2102559506893158,0.9134673476219177,0.45529794692993164,0.7342650294303894,-0.15972831845283508,0.7608227133750916,0.4463445544242859,0.9229846596717834,-0.34185341000556946,0.5421136021614075,0.4328017234802246,0.9444764852523804,-0.3064987063407898,0.6046035885810852,0.40942439436912537,0.9474310874938965,-0.4596250057220459,0.6413087844848633,0.40857356786727905,0.9677329063415527,-0.4122832417488098,0.6584344506263733
77,2.566666666666667,0.5024281144142151,0.28401893377304077,0.11135931313037872,0.9977993965148926,0.530326783657074,0.3744976818561554,0.1127128154039383,0.9996479749679565,0.4634919762611389,0.4044532775878906,0.20528164505958557,0.9996804594993591,0.5300930142402649,0.23506338894367218,0.05765213817358017,0.9668833017349243,0.4394296109676361,0.5350627899169922,0.1358613818883896,0.7183032631874084,0.5458718538284302,0.10225974023342133,-0.020473424345254898,0.9428979754447937,0.45311492681503296,0.599998414516449,-0.02423464134335518,0.867304265499115,0.5282267928123474,0.6161305904388428,-0.03933997079730034,0.9991936683654785,0.48369988799095154,0.6419735550880432,0.038861531764268875,0.9990634322166443,0.4713469445705414,0.7169012427330017,-0.21335247159004211,0.9195966124534607,0.45497506856918335,0.7545887231826782,-0.16896578669548035,0.7636867761611938,0.44398075342178345,0.9514557123184204,-0.47865453362464905,0.5624887943267822,0.4423094689846039,0.9448951482772827,-0.41359439492225647,0.5721191167831421,0.40448927879333496,0.9475587010383606,-0.6278927326202393,0.6641008257865906,0.416548490524292,0.9719769954681396,-0.5259391069412231,0.6413238048553467
78,2.6,0.5024163722991943,0.28856196999549866,0.12117884308099747,0.9980181455612183,0.5301812887191772,0.3776133358478546,0.14523904025554657,0.999681830406189,0.46145278215408325,0.4094946086406708,0.220116525888443,0.9997091293334961,0.5318478941917419,0.2358851283788681,0.11053001880645752,0.9686135053634644,0.44018927216529846,0.538701057434082,0.17526018619537354,0.7105910181999207,0.5484741926193237,0.10492553561925888,0.02053755708038807,0.9479398727416992,0.44973549246788025,0.6029431819915771,0.044348813593387604,0.8645458817481995,0.5289380550384521,0.6199190020561218,-0.03403438255190849,0.999244749546051,0.4839462637901306,0.6444606184959412,0.033470481634140015,0.9991066455841064,0.47243714332580566,0.7244646549224854,-0.21980443596839905,0.9211743474006653,0.4547916054725647,0.7546782493591309,-0.19403746724128723,0.744441568851471,0.43606990575790405,0.9855143427848816,-0.5164598822593689,0.5544604063034058,0.44495058059692383,0.9472807049751282,-0.4752677083015442,0.5253415107727051,0.40159472823143005,0.945149838924408,-0.6608960628509521,0.6702479720115662,0.4343568682670593,0.9513899087905884,-0.5899266600608826,0.6036054491996765
79,2.6333333333333333,0.5022516250610352,0.2886531949043274,0.11929770559072495,0.998214602470398,0.5298948287963867,0.37766578793525696,0.14138178527355194,0.9997119307518005,0.4594449996948242,0.4125210642814636,0.22102276980876923,0.9997344613075256,0.5326851606369019,0.23499658703804016,0.12086585909128189,0.9704277515411377,0.4400920271873474,0.5412464737892151,0.17318812012672424,0.7078360915184021,0.5483427047729492,0.10509134829044342,0.052753616124391556,0.9524904489517212,0.44917410612106323,0.6051740646362305,0.029939940199255943,0.8634015321731567,0.5290943384170532,0.6200263500213623,-0.03371899574995041,0.9992784261703491,0.484337717294693,0.6467076539993286,0.03314755856990814,0.9991265535354614,0.47268882393836975,0.7267875671386719,-0.22290682792663574,0.9232855439186096,0.4543943405151367,0.7603799700737,-0.1869562715291977,0.7311913371086121,0.4385506212711334,0.9635826945304871,-0.5108839869499207,0.5526813268661499,0.4452146589756012,0.9492300152778625,-0.45861926674842834,0.48687732219696045,0.4011813700199127,0.9447330832481384,-0.6554534435272217,0.6787292957305908,0.4329937994480133,0.951165497303009,-0.5734924674034119,0.5753036737442017
80,2.6666666666666665,0.5020471215248108,0.29150810837745667,0.13204097747802734,0.9983921647071838,0.5288879871368408,0.37614500522613525,0.15461108088493347,0.9997398257255554,0.4593469202518463,0.41679713129997253,0.23705430328845978,0.9997586011886597,0.5329633355140686,0.23385731875896454,0.1683071404695511,0.9728968143463135,0.4411546289920807,0.5435885190963745,0.17027638852596283,0.712755024433136,0.5486899018287659,0.10288690030574799,0.1475091278553009,0.9569688439369202,0.44949474930763245,0.6074198484420776,-0.0020319486502557993,0.8660873174667358,0.5290912389755249,0.6197478175163269,-0.03416844829916954,0.9993177056312561,0.485175758600235,0.647343099117279,0.03357812389731407,0.9991560578346252,0.4726521372795105,0.7254341244697571,-0.22456936538219452,0.9287699460983276,0.4539888799190521,0.7637933492660522,-0.17931899428367615,0.7354225516319275,0.4399406909942627,0.9557667374610901,-0.49049943685531616,0.565501868724823,0.44383707642555237,0.9545527696609497,-0.4334959387779236,0.4633423686027527,0.40308865904808044,0.9444965124130249,-0.6314487457275391,0.6934535503387451,0.43267902731895447,0.959037721157074,-0.5475140810012817,0.5625592470169067
81,2.7,0.5020931959152222,0.30529049038887024,0.17938855290412903,0.9985528588294983,0.5290147066116333,0.39225146174430847,0.18891668319702148,0.9997656345367432,0.45942968130111694,0.43174901604652405,0.296027272939682,0.9997822642326355,0.5393959283828735,0.26978662610054016,0.18430089950561523,0.9754336476325989,0.4410715699195862,0.5545976161956787,0.3119470179080963,0.7197772264480591,0.5471357703208923,0.14018064737319946,0.16806790232658386,0.9610368013381958,0.4297100603580475,0.6532917618751526,0.2448655366897583,0.8702297210693359,0.5279548764228821,0.6358906030654907,-0.04072396084666252,0.9993638396263123,0.48121118545532227,0.6597961187362671,0.04007762297987938,0.9991973638534546,0.47800272703170776,0.7469801902770996,-0.2712538242340088,0.9355000853538513,0.45914024114608765,0.7858165502548218,-0.14618727564811707,0.7430780529975891,0.44074195623397827,0.9635235071182251,-0.6415475606918335,0.5979061126708984,0.44387999176979065,0.9554547667503357,-0.4008060395717621,0.43572285771369934,0.4042244851589203,0.9444379806518555,-0.8217808604240417,0.720955491065979,0.42166146636009216,0.9627701044082642,-0.5147404074668884,0.5613293051719666
82,2.7333333333333334,0.501832127571106,0.3118681013584137,0.17721495032310486,0.9986975193023682,0.528956949710846,0.3969368040561676,0.17615649104118347,0.9997889399528503,0.45946794748306274,0.43689239025115967,0.31233733892440796,0.9998037219047546,0.5406450629234314,0.27804669737815857,0.15798470377922058,0.9778463244438171,0.4396081864833832,0.5612829923629761,0.33398377895355225,0.7350354194641113,0.5463439226150513,0.14952781796455383,0.13593488931655884,0.9648603200912476,0.42680850625038147,0.6582501530647278,0.26511672139167786,0.8793744444847107,0.5264066457748413,0.6384970545768738,-0.04846767708659172,0.9994122385978699,0.4801625609397888,0.6622686386108398,0.047885872423648834,0.9992495179176331,0.4800995886325836,0.7459843754768372,-0.27998900413513184,0.941877007484436,0.4617951810359955,0.7888967990875244,-0.14919336140155792,0.7634690999984741,0.44133487343788147,0.9631602764129639,-0.6404848098754883,0.6351391077041626,0.4444464147090912,0.9564768671989441,-0.4138365387916565,0.4320254623889923,0.4043249189853668,0.9444125890731812,-0.8132845163345337,0.7482607960700989,0.4209141731262207,0.9608817100524902,-0.5267513990402222,0.5896393656730652
83,2.7666666666666666,0.5017475485801697,0.31490978598594666,0.19006606936454773,0.9988276958465576,0.5290567278862,0.397036075592041,0.18800373375415802,0.9998098611831665,0.4595223069190979,0.43732860684394836,0.3155452609062195,0.9998229742050171,0.5413556098937988,0.27831271290779114,0.1734381467103958,0.9799465537071228,0.4395534098148346,0.5604283213615417,0.34292688965797424,0.7412015795707703,0.5459494590759277,0.15504901111125946,0.15951354801654816,0.9682064652442932,0.42485934495925903,0.6539280414581299,0.2796971797943115,0.8862012028694153,0.5248520970344543,0.6377313137054443,-0.04792976751923561,0.9994571805000305,0.4785798192024231,0.6604509949684143,0.0473511703312397,0.9992976784706116,0.47966328263282776,0.7528859376907349,-0.26710572838783264,0.9474306106567383,0.45564770698547363,0.7905182838439941,-0.15161758661270142,0.7770077586174011,0.44107118248939514,0.9679515361785889,-0.5921778678894043,0.6634458303451538,0.44396743178367615,0.9572052955627441,-0.4083522856235504,0.41319236159324646,0.3975712060928345,0.9482928514480591,-0.752487063407898,0.7710762619972229,0.41940444707870483,0.9608529806137085,-0.5165101289749146,0.5961491465568542
84,2.8,0.5018457174301147,0.31448692083358765,0.1771220862865448,0.998944878578186,0.5291033983230591,0.39794793725013733,0.1831587553024292,0.9998286962509155,0.4595603942871094,0.4357326626777649,0.3052622675895691,0.9998403787612915,0.5413368940353394,0.2782024145126343,0.18027850985527039,0.9819025993347168,0.4395183026790619,0.5591338872909546,0.3242682218551636,0.7558611035346985,0.5457311868667603,0.1554325819015503,0.18133917450904846,0.9712883234024048,0.42434149980545044,0.6531559824943542,0.25277215242385864,0.8945794701576233,0.5242398977279663,0.6380805373191833,-0.04914313182234764,0.9994974732398987,0.47768622636795044,0.6598338484764099,0.048583101481199265,0.9993425607681274,0.4801207482814789,0.7523890733718872,-0.2648654878139496,0.952578604221344,0.4538082182407379,0.7913836240768433,-0.14564713835716248,0.792316734790802,0.4412737488746643,0.9659688472747803,-0.5995945930480957,0.6929653882980347,0.44440335035324097,0.9574121832847595,-0.40687695145606995,0.4050440788269043,0.3946949541568756,0.9496947526931763,-0.7569579482078552,0.7928645014762878,0.4188292622566223,0.963055431842804,-0.4966982901096344,0.6126137971878052
85,2.8333333333333335,0.5018418431282043,0.31434568762779236,0.1625523865222931,0.9990501999855042,0.5291578769683838,0.3999449908733368,0.18109020590782166,0.9998453259468079,0.45909053087234497,0.43638893961906433,0.2854235768318176,0.999855637550354,0.541304886341095,0.27831876277923584,0.16335415840148926,0.9835027456283569,0.4393919110298157,0.5601612329483032,0.29214856028556824,0.765859067440033,0.5454748868942261,0.15552973747253418,0.14613433182239532,0.9738568067550659,0.4242543578147888,0.6517324447631836,0.2136663943529129,0.901310920715332,0.5240488648414612,0.6386038661003113,-0.04880177229642868,0.9995269775390625,0.476715624332428,0.6594523787498474,0.04824540764093399,0.9993734359741211,0.4806225299835205,0.7512596249580383,-0.2637191712856293,0.9568849802017212,0.452717125415802,0.7950411438941956,-0.13916316628456116,0.7984583973884583,0.44125065207481384,0.9650128483772278,-0.5679218173027039,0.7142124176025391,0.4447132647037506,0.9582310914993286,-0.3879246115684509,0.38994061946868896,0.3928665518760681,0.9520876407623291,-0.7231429219245911,0.8094890713691711,0.4177742600440979,0.9734808206558228,-0.4864329695701599,0.6057937741279602
86,2.8666666666666667,0.5018092393875122,0.31398433446884155,0.1515084207057953,0.9991447925567627,0.5292988419532776,0.40199658274650574,0.17465922236442566,0.9998598694801331,0.45814648270606995,0.4362892508506775,0.2753722369670868,0.9998689293861389,0.541330873966217,0.2789818048477173,0.15943777561187744,0.9849317669868469,0.43911415338516235,0.5606517791748047,0.27725881338119507,0.7775422930717468,0.5453164577484131,0.1544032245874405,0.14577218890190125,0.9761452078819275,0.42437177896499634,0.6513197422027588,0.19312600791454315,0.9081140756607056,0.5240511894226074,0.6396241784095764,-0.04828982800245285,0.999540388584137,0.47625914216041565,0.6596881151199341,0.047736719250679016,0.999380350112915,0.4805569052696228,0.7536458969116211,-0.26042503118515015,0.9605900049209595,0.4522140622138977,0.7981904149055481,-0.129567950963974,0.7986052632331848,0.4399198591709137,0.9694100022315979,-0.5621134042739868,0.7315491437911987,0.44516879320144653,0.9636900424957275,-0.3493066132068634,0.37191107869148254,0.39053475856781006,0.9541443586349487,-0.7187384366989136,0.8232464790344238,0.4169309735298157,0.9896335005760193,-0.4514053463935852,0.5903320908546448
87,2.9,0.5101102590560913,0.32117030024528503,0.11424144357442856,0.999213695526123,0.533713698387146,0.41287052631378174,0.12729160487651825,0.9998616576194763,0.4594117999076843,0.4417405128479004,0.20317348837852478,0.999876081943512,0.5487024188041687,0.3241802155971527,0.04350157082080841,0.9836130142211914,0.43576154112815857,0.5698612928390503,0.1929469108581543,0.7826505303382874,0.5379258394241333,0.19925257563591003,-0.05019822716712952,0.9757398962974548,0.40333810448646545,0.6715441942214966,0.12897172570228577,0.9138900637626648,0.5229200124740601,0.6572118401527405,-0.041367996484041214,0.9995009899139404,0.47343772649765015,0.6680225729942322,0.040890634059906006,0.9993411302566528,0.48003053665161133,0.7861948609352112,-0.26135119795799255,0.950840413570404,0.44584912061691284,0.8264056444168091,-0.09521754831075668,0.7435222268104553,0.43902620673179626,1.021156907081604,-0.4786335825920105,0.6828030943870544,0.4443739354610443,0.9645646810531616,-0.2035094052553177,0.3375071585178375,0.3913620114326477,0.977330207824707,-0.6132580041885376,0.7763344645500183,0.4189121723175049,1.0172845125198364,-0.2859141528606415,0.5363646149635315
88,2.933333333333333,0.512075662612915,0.32750436663627625,0.13867688179016113,0.9992916584014893,0.536194920539856,0.41563257575035095,0.13126009702682495,0.9998742341995239,0.45918551087379456,0.4448086619377136,0.21475708484649658,0.9998872876167297,0.550765872001648,0.333420068025589,0.01701473444700241,0.9828532934188843,0.4342173635959625,0.5746397376060486,0.20371131598949432,0.7645787000656128,0.5365172624588013,0.21219545602798462,-0.11862055957317352,0.9746930003166199,0.3998600244522095,0.677046000957489,0.15824441611766815,0.9112734198570251,0.5217117667198181,0.6587029099464417,-0.03486683964729309,0.9995312690734863,0.4697350561618805,0.6709291934967041,0.03439087048172951,0.9993809461593628,0.4798642098903656,0.786871075630188,-0.23286011815071106,0.9504033327102661,0.44642454385757446,0.8214577436447144,-0.10718977451324463,0.7073420882225037,0.4414246678352356,1.0096205472946167,-0.5035799145698547,0.6592143774032593,0.44956883788108826,0.9905268549919128,-0.25218266248703003,0.30712226033210754,0.4101998805999756,0.9687274694442749,-0.643570601940155,0.7601199150085449,0.4336789548397064,0.9701478481292725,-0.37829554080963135,0.4911421835422516
89,2.966666666666667,0.5146986246109009,0.3294629752635956,0.15228088200092316,0.9993622303009033,0.5366600155830383,0.41739726066589355,0.13574668765068054,0.9998862147331238,0.4591495990753174,0.44582656025886536,0.22440023720264435,0.9998976588249207,0.5509531497955322,0.3337741494178772,-0.005796978250145912,0.9832019209861755,0.4337308406829834,0.5742295980453491,0.2120523452758789,0.7573089003562927,0.5358937978744507,0.21499793231487274,-0.1568816751241684,0.9760257005691528,0.39961743354797363,0.67732173204422,0.17951101064682007,0.9127866625785828,0.5210376381874084,0.6591788530349731,-0.03519178926944733,0.9995677471160889,0.46790528297424316,0.6720163822174072,0.03471812605857849,0.9994269013404846,0.4799286425113678,0.7861563563346863,-0.2388928234577179,0.9538673758506775,0.4455520212650299,0.8276174664497375,-0.08767782151699066,0.6924623250961304,0.44663625955581665,0.9807058572769165,-0.574465274810791,0.6630727648735046,0.4486978054046631,0.9887531995773315,-0.2787019610404968,0.28063860535621643,0.41684994101524353,0.954646110534668,-0.7159275412559509,0.7741221189498901,0.4323349595069885,0.9548484683036804,-0.3601544499397278,0.4613393545150757
90,3.0,0.5165280103683472,0.3300267457962036,0.11214499175548553,0.9994252920150757,0.5370503067970276,0.415147066116333,0.0905173122882843,0.9998964071273804,0.45915284752845764,0.444632351398468,0.18525870144367218,0.9999061822891235,0.5510989427566528,0.3379066288471222,-0.0868399366736412,0.9799553751945496,0.4332257807254791,0.5738877654075623,0.1714361011981964,0.7240849137306213,0.5357643961906433,0.22065161168575287,-0.2586989998817444,0.9742145538330078,0.39921537041664124,0.679446816444397,0.146116703748703,0.90251624584198,0.520433247089386,0.6612722873687744,-0.03557781130075455,0.99958336353302,0.4671326279640198,0.6719956994056702,0.03510584682226181,0.9994485378265381,0.4801725745201111,0.7914527654647827,-0.21986103057861328,0.9377249479293823,0.4446449875831604,0.8273991346359253,-0.10315252840518951,0.6385880708694458,0.44914311170578003,0.9695838093757629,-0.536136269569397,0.6193168759346008,0.44334372878074646,0.9802922010421753,-0.31461459398269653,0.2537755072116852,0.4241611063480377,0.9481636881828308,-0.6626812219619751,0.7386583685874939,0.4306679666042328,0.9520711898803711,-0.36108672618865967,0.418686181306839
91,3.033333333333333,0.5183055400848389,0.3450986444950104,0.03484317660331726,0.9994783401489258,0.5426779389381409,0.4310544729232788,0.06981034576892853,0.9998758435249329,0.46537452936172485,0.452424019575119,0.17270667850971222,0.9998937249183655,0.5560514330863953,0.37725943326950073,-0.09109165519475937,0.9712764620780945,0.43217453360557556,0.5794118046760559,0.15788495540618896,0.692127525806427,0.5210958123207092,0.2759869396686554,-0.2236579954624176,0.9413533210754395,0.3818889260292053,0.6871435046195984,0.10965578258037567,0.8670146465301514,0.5181266069412231,0.6853036880493164,-0.037454839795827866,0.9994154572486877,0.46472883224487305,0.6927173137664795,0.03695254400372505,0.9992126226425171,0.4801766276359558,0.8099355101585388,-0.3147348463535309,0.8933103680610657,0.4360381066799164,0.9001134037971497,-0.10642740875482559,0.5799626708030701,0.4580909311771393,0.9808123111724854,-0.6576736569404602,0.5720016360282898,0.44840845465660095,1.0111737251281738,-0.21805882453918457,0.22871828079223633,0.43950900435447693,0.9562671184539795,-0.8396843671798706,0.6947115063667297,0.44034186005592346,0.9567039608955383,-0.29363325238227844,0.37780284881591797
92,3.066666666666667,0.5209161043167114,0.34623220562934875,0.030443832278251648,0.999529242515564,0.5447980165481567,0.43255865573883057,0.051530878990888596,0.9998733401298523,0.4698941111564636,0.45354992151260376,0.17426827549934387,0.9998958110809326,0.5566931962966919,0.3840325176715851,-0.1156948059797287,0.9672130942344666,0.4317416250705719,0.5825934410095215,0.16417266428470612,0.6757811307907104,0.520930826663971,0.2874656319618225,-0.24373547732830048,0.9242115616798401,0.37819617986679077,0.6910233497619629,0.1166427731513977,0.8609135150909424,0.5160425901412964,0.6908992528915405,-0.04128757864236832,0.9994266033172607,0.46242624521255493,0.6974183917045593,0.04080541431903839,0.9992325901985168,0.4801829755306244,0.8216168880462646,-0.3038761019706726,0.8800373673439026,0.43219703435897827,0.9128853678703308,-0.06350447237491608,0.533351480960846,0.4616176187992096,0.9794944524765015,-0.6217262148857117,0.5422623753547668,0.4482502043247223,0.976982057094574,-0.07132277637720108,0.20635588467121124,0.44412654638290405,0.9559828639030457,-0.7848978042602539,0.6799160838127136,0.4439964294433594,0.9569670557975769,-0.11768148839473724,0.3413325548171997
93,3.1,0.5266010761260986,0.3706171214580536,-0.019800158217549324,0.9995737075805664,0.5537320375442505,0.4584290087223053,0.0008494903449900448,0.9998682141304016,0.4764940142631531,0.46529194712638855,0.14542900025844574,0.9999008178710938,0.5565608739852905,0.4374346137046814,-0.17645752429962158,0.9636635780334473,0.4305655062198639,0.5852101445198059,0.13218000531196594,0.697472870349884,0.5129913091659546,0.38298624753952026,-0.3314589858055115,0.9233168363571167,0.36797913908958435,0.6842154860496521,0.056182365864515305,0.8732220530509949,0.5140731930732727,0.7082347869873047,-0.041644386947155,0.9994230270385742,0.4600960612297058,0.7099568843841553,0.04121696203947067,0.9992520213127136,0.4801514148712158,0.8613321185112,-0.254284530878067,0.8496172428131104,0.43066033720970154,0.9314514398574829,-0.04165741428732872,0.5017763376235962,0.47047948837280273,0.9989138841629028,-0.21979904174804688,0.4957215487957001,0.44911354780197144,0.9826706647872925,0.14436371624469757,0.18640464544296265,0.45401519536972046,1.0024040937423706,-0.3041434586048126,0.6204770803451538,0.44864314794540405,0.9975659847259521,0.1313154399394989,0.3080257177352905
94,3.1333333333333333,0.5280608534812927,0.3761860728263855,-0.07391605526208878,0.9996113777160645,0.556458055973053,0.4726572334766388,-0.04401581734418869,0.9998310804367065,0.4769936203956604,0.4690563678741455,0.09555233269929886,0.9999011754989624,0.5578665137290955,0.4407811164855957,-0.22665083408355713,0.9606012105941772,0.4301261007785797,0.5870259404182434,0.07573048025369644,0.7190806865692139,0.5118033289909363,0.38698285818099976,-0.3743204176425934,0.9169371724128723,0.3670979142189026,0.6808856725692749,-0.003418112639337778,0.8840761184692383,0.5113987922668457,0.7134103775024414,-0.03944934904575348,0.9993884563446045,0.457328736782074,0.710944414138794,0.03911706060171127,0.9992508888244629,0.48012152314186096,0.8620866537094116,-0.253555029630661,0.8330022096633911,0.430708646774292,0.926183819770813,-0.057547103613615036,0.48685625195503235,0.4691707193851471,1.001666784286499,-0.13531199097633362,0.4542064070701599,0.4496213495731354,0.9802126288414001,0.17357879877090454,0.16949953138828278,0.4513474404811859,1.017285704612732,-0.2052411586046219,0.5664453506469727,0.4477519094944,1.0306487083435059,0.15805266797542572,0.27891290187835693
95,3.1666666666666665,0.5303589105606079,0.37122833728790283,-0.05133087560534477,0.9996383786201477,0.5563939809799194,0.4722072184085846,-0.039403270930051804,0.9998124241828918,0.4787849485874176,0.4706173241138458,0.10383530706167221,0.9998987317085266,0.5586607456207275,0.44196587800979614,-0.22278504073619843,0.9598753452301025,0.43026822805404663,0.5871505737304688,0.08490321785211563,0.7373203635215759,0.5134328603744507,0.38550084829330444,-0.3700326383113861,0.9166983962059021,0.36661481857299805,0.6790631413459778,0.007148310542106628,0.8932344913482666,0.5111001133918762,0.7105809450149536,-0.03922723978757858,0.9993872046470642,0.45701056718826294,0.7104819416999817,0.03892739862203598,0.9992685317993164,0.4802895188331604,0.8570504188537598,-0.2517412304878235,0.82204669713974,0.4299871027469635,0.9246203303337097,-0.065632164478302,0.4758254289627075,0.4701967239379883,0.9988001585006714,-0.14903071522712708,0.41995665431022644,0.4510158598423004,0.9748607873916626,0.18279460072517395,0.15387092530727386,0.44647127389907837,1.0555256605148315,-0.22596696019172668,0.5191115140914917,0.44878703355789185,1.0346074104309082,0.17383752763271332,0.25222647190093994
96,3.2,0.5317105054855347,0.36949801445007324,-0.0425262525677681,0.9996681213378906,0.5564939975738525,0.4756243824958801,-0.03257254511117935,0.9997960925102234,0.4788767695426941,0.4699055552482605,0.10889045894145966,0.9998995065689087,0.5591495037078857,0.44610217213630676,-0.20909187197685242,0.9598305821418762,0.430231511592865,0.5874850749969482,0.0900641456246376,0.756396472454071,0.5126645565032959,0.388631135225296,-0.3445703387260437,0.9160207509994507,0.3657397925853729,0.6781415343284607,0.014403765089809895,0.901733934879303,0.5101740956306458,0.7104361653327942,-0.03821803256869316,0.9993679523468018,0.45536643266677856,0.7114487290382385,0.03796736150979996,0.9992833137512207,0.48027142882347107,0.8733457922935486,-0.21873676776885986,0.805042564868927,0.43072113394737244,0.9278166890144348,-0.057967714965343475,0.465173602104187,0.4709986746311188,0.9965403079986572,-0.081270232796669,0.3840954899787903,0.4516581892967224,1.0108000040054321,0.17583328485488892,0.14010296761989594,0.45465928316116333,1.0252176523208618,-0.14336533844470978,0.47260531783103943,0.450233519077301,1.058226466178894,0.16054217517375946,0.228433758020401
97,3.2333333333333334,0.5313097238540649,0.371316134929657,-0.03785012289881706,0.999690592288971,0.5559593439102173,0.47923627495765686,-0.03956169635057449,0.9997920989990234,0.47891730070114136,0.470689982175827,0.10174959897994995,0.9998984336853027,0.5589392185211182,0.4490509033203125,-0.21923568844795227,0.9569238424301147,0.43011218309402466,0.5885841846466064,0.08612032979726791,0.7658919095993042,0.5136781334877014,0.39017003774642944,-0.3567505478858948,0.9119889736175537,0.36523500084877014,0.6777611374855042,0.024888386949896812,0.9051631093025208,0.5098838210105896,0.7136621475219727,-0.03754871338605881,0.9993864297866821,0.45424920320510864,0.7165219783782959,0.03730558976531029,0.999310314655304,0.48043426871299744,0.8606990575790405,-0.24065324664115906,0.7890836000442505,0.43143510818481445,0.9363932013511658,-0.0474444217979908,0.438662588596344,0.47128453850746155,0.9955363869667053,-0.13473042845726013,0.3504946827888489,0.45347243547439575,1.004027009010315,0.22177639603614807,0.12655043601989746,0.45511573553085327,1.014750361442566,-0.19499626755714417,0.4295896589756012,0.45670086145401,1.040445327758789,0.2289271354675293,0.2060416042804718
98,3.2666666666666666,0.5302245020866394,0.37051430344581604,-0.0453188382089138,0.9997130036354065,0.5552562475204468,0.47743335366249084,-0.05168994143605232,0.9997885227203369,0.47845539450645447,0.47069692611694336,0.10328612476587296,0.9998970031738281,0.5585082769393921,0.4504461884498596,-0.2318812608718872,0.9561781883239746,0.42985376715660095,0.5888358354568481,0.08848657459020615,0.7741739749908447,0.5141169428825378,0.3927351236343384,-0.3675026297569275,0.9109546542167664,0.3650721311569214,0.6774498224258423,0.02163245901465416,0.9080721735954285,0.5094797015190125,0.7133660912513733,-0.038571614772081375,0.9993910193443298,0.4536534249782562,0.7172040939331055,0.03834398463368416,0.9993192553520203,0.48070111870765686,0.8573598265647888,-0.2664007842540741,0.7757151126861572,0.4319419860839844,0.9413524866104126,-0.042347654700279236,0.4112371504306793,0.47107067704200745,0.9980617761611938,-0.17311599850654602,0.32129374146461487,0.4539397656917572,0.9999616742134094,0.22164447605609894,0.11430028080940247,0.4533999562263489,1.014082670211792,-0.25036340951919556,0.39191365242004395,0.4572576880455017,1.032179355621338,0.2192586362361908,0.18586480617523193
99,3.3,0.5294319987297058,0.3717500567436218,-0.047942619770765305,0.999735951423645,0.5548114776611328,0.4776019752025604,-0.04591900855302811,0.9997866153717041,0.4781203269958496,0.4704269766807556,0.10557462275028229,0.9998974800109863,0.5583917498588562,0.4512532651424408,-0.22009208798408508,0.9570670127868652,0.42966336011886597,0.5883119106292725,0.0900101363658905,0.7854130268096924,0.514321506023407,0.3913935422897339,-0.3522208034992218,0.9127631187438965,0.3641284704208374,0.6775705814361572,0.021996479481458664,0.9125454425811768,0.5095102787017822,0.7122742533683777,-0.03937586024403572,0.9993753433227539,0.4536896347999573,0.7165587544441223,0.03914007917046547,0.9993105530738831,0.4810616970062256,0.8521897792816162,-0.2864095866680145,0.7690811157226562,0.4321029782295227,0.9347965717315674,-0.04805779084563255,0.3904474377632141,0.4700608253479004,1.0097404718399048,-0.2313975840806961,0.29864516854286194,0.4537736773490906,1.015510082244873,0.1725039780139923,0.10357993841171265,0.4518898129463196,1.0145432949066162,-0.32508859038352966,0.3617275655269623,0.45557063817977905,1.0490620136260986,0.15309768915176392,0.16802376508712769
100,3.3333333333333335,0.5289451479911804,0.3721632957458496,-0.054203350096940994,0.9997519850730896,0.5546995401382446,0.476914644241333,-0.053294938057661057,0.999779462814331,0.4781006872653961,0.4699760377407074,0.0996326357126236,0.9998932480812073,0.5583339929580688,0.4508008658885956,-0.23156586289405823,0.9562142491340637,0.42957812547683716,0.5880823135375977,0.086153045296669,0.7906681895256042,0.5142730474472046,0.3910391628742218,-0.3676164746284485,0.9121080636978149,0.3639217019081116,0.6778134703636169,0.021497506648302078,0.91322922706604,0.5095428228378296,0.7123242020606995,-0.03965989872813225,0.9993557929992676,0.4538165032863617,0.716748833656311,0.0394197478890419,0.999291181564331,0.48123031854629517,0.8496477007865906,-0.28714731335639954,0.7539877891540527,0.4322037100791931,0.9346683025360107,-0.042732611298561096,0.36524954438209534,0.4703943133354187,1.007187843322754,-0.20785002410411835,0.2744734585285187,0.4540056586265564,1.0088176727294922,0.2101455181837082,0.0936005562543869,0.4527713358402252,1.0155737400054932,-0.2939088046550751,0.3308282494544983,0.4571372866630554,1.0396605730056763,0.20163461565971375,0.15162187814712524
101,3.3666666666666667,0.5329285264015198,0.3816201984882355,-0.08716623485088348,0.999775767326355,0.5553494095802307,0.47650206089019775,-0.06873229891061783,0.9997885227203369,0.4814256727695465,0.4756414294242859,0.10256757587194443,0.9998832941055298,0.5689956545829773,0.502027153968811,-0.24595272541046143,0.9602094292640686,0.42859092354774475,0.5853674411773682,0.08946453034877777,0.8076766133308411,0.5072286128997803,0.4844087064266205,-0.4229031205177307,0.920280396938324,0.36056873202323914,0.6549708247184753,-0.015481112524867058,0.9210013747215271,0.5063686966896057,0.723250687122345,-0.040005456656217575,0.9991794228553772,0.45250439643859863,0.7182245254516602,0.039777811616659164,0.9990963935852051,0.48098212480545044,0.9319080710411072,-0.0714787095785141,0.746402382850647,0.43142014741897583,0.9375311136245728,-0.004920498467981815,0.38994520902633667,0.48027998208999634,1.0281693935394287,0.10378561168909073,0.2599680423736572,0.455382764339447,1.0592427253723145,0.20145905017852783,0.09120573103427887,0.45212942361831665,1.1174505949020386,0.04031295329332352,0.30938205122947693,0.45550474524497986,1.1118100881576538,0.17309340834617615,0.14316728711128235
102,3.4,0.5337151885032654,0.3843994140625,-0.0756964460015297,0.9997971653938293,0.5570334792137146,0.4766613841056824,-0.06217517331242561,0.9997959733009338,0.4831829071044922,0.47739842534065247,0.10658638179302216,0.999871015548706,0.5708295106887817,0.5069510340690613,-0.24505087733268738,0.9637112021446228,0.42831119894981384,0.5839282274246216,0.09070217609405518,0.8229650855064392,0.50616854429245,0.49231910705566406,-0.4297569692134857,0.9276202321052551,0.3598862290382385,0.6478696465492249,-0.014731612987816334,0.9279211163520813,0.5053554773330688,0.7271332740783691,-0.04067358747124672,0.9990345239639282,0.451620489358902,0.7192744016647339,0.040451206266880035,0.9989087581634521,0.4809446334838867,0.939597487449646,-0.08508242666721344,0.7403939366340637,0.43026819825172424,0.939929723739624,0.0025391378439962864,0.4037766456604004,0.48228853940963745,1.0380886793136597,0.04341408610343933,0.25072094798088074,0.45789775252342224,1.039084553718567,0.2247229814529419,0.08611208945512772,0.4513096213340759,1.1313456296920776,-0.03158783167600632,0.292716920375824,0.4554050862789154,1.1176637411117554,0.2080649435520172,0.1329626441001892
103,3.433333333333333,0.5387080907821655,0.40213191509246826,-0.05736682936549187,0.9998139142990112,0.5595932602882385,0.49136483669281006,-0.04864438623189926,0.9998100996017456,0.4890180230140686,0.4821211099624634,0.14693185687065125,0.9998615384101868,0.5757144689559937,0.5754323601722717,-0.17997528612613678,0.9666029810905457,0.42839521169662476,0.5676990747451782,0.16806145012378693,0.8245766758918762,0.507655680179596,0.5873384475708008,-0.35225269198417664,0.9341965913772583,0.36186352372169495,0.5985918641090393,0.07069812715053558,0.9337347149848938,0.50457364320755,0.7396166324615479,-0.047461412847042084,0.9989864826202393,0.44841042160987854,0.7312870621681213,0.047234367579221725,0.9987542033195496,0.482323557138443,0.9411877393722534,-0.08551409840583801,0.7219186425209045,0.4304133951663971,0.9441233277320862,-0.0029538720846176147,0.38735759258270264,0.483555406332016,1.1258091926574707,-0.017565276473760605,0.2431637942790985,0.4583830237388611,1.057915449142456,0.20498792827129364,0.07876215130090714,0.45274853706359863,1.1611344814300537,-0.09305353462696075,0.27614903450012207,0.45027613639831543,1.108586072921753,0.2084822654724121,0.12116654962301254
104,3.466666666666667,0.5420172214508057,0.40424269437789917,-0.07493705302476883,0.999830961227417,0.5619994401931763,0.5007559657096863,-0.06516530364751816,0.9998244643211365,0.49258890748023987,0.4835723042488098,0.14237003028392792,0.9998528361320496,0.5762455463409424,0.5814005732536316,-0.19037970900535583,0.9691133499145508,0.4295721650123596,0.5616167187690735,0.15908744931221008,0.822201669216156,0.5083431005477905,0.5933414697647095,-0.36540424823760986,0.9399769902229309,0.36285024881362915,0.5927510857582092,0.05874829366803169,0.9375684261322021,0.5034801959991455,0.7479777932167053,-0.05372161418199539,0.9989469051361084,0.446261465549469,0.7374117374420166,0.053456295281648636,0.9985929131507874,0.4824373722076416,0.946586012840271,-0.12901365756988525,0.6992774605751038,0.43089693784713745,0.9509471654891968,-0.002657197881489992,0.3621300160884857,0.4826143682003021,1.1470749378204346,-0.08021817356348038,0.2321542501449585,0.4601675570011139,1.0627847909927368,0.22492749989032745,0.07141675800085068,0.45210742950439453,1.177886724472046,-0.16708627343177795,0.2587299048900604,0.4502701759338379,1.1102848052978516,0.2341204136610031,0.10978346318006516
105,3.5,0.543014407157898,0.4060214161872864,-0.08046063780784607,0.9998472929000854,0.5638274550437927,0.5015922784805298,-0.06012986972928047,0.9998387694358826,0.49274325370788574,0.4836460053920746,0.13899250328540802,0.9998487830162048,0.5775442719459534,0.5808433294296265,-0.19047029316425323,0.9717034101486206,0.42971688508987427,0.5591148138046265,0.14651453495025635,0.8288528919219971,0.5086702108383179,0.5940040946006775,-0.3617132902145386,0.9455003142356873,0.36312320828437805,0.5909698009490967,0.05524243786931038,0.9423276782035828,0.5029994249343872,0.7482602596282959,-0.053107332438230515,0.9989297986030579,0.4448109567165375,0.7377373576164246,0.05283522605895996,0.9985001087188721,0.48240336775779724,0.9406435489654541,-0.11667851358652115,0.6986303329467773,0.4309534430503845,0.9496970176696777,0.004286840092390776,0.35410404205322266,0.48112422227859497,1.1399903297424316,-0.0704488679766655,0.23568958044052124,0.4587121903896332,1.067361831665039,0.22460699081420898,0.06584203243255615,0.45172446966171265,1.1721917390823364,-0.15554432570934296,0.2529354989528656,0.4434041380882263,1.1179416179656982,0.23183086514472961,0.1006932333111763
106,3.533333333333333,0.5428248643875122,0.40567290782928467,-0.07623178511857986,0.9998617768287659,0.5634692311286926,0.5002472400665283,-0.06207526475191116,0.999851644039154,0.49332743883132935,0.4830426871776581,0.1374794989824295,0.9998444318771362,0.5786262154579163,0.5794026851654053,-0.1877945214509964,0.9741416573524475,0.4302046298980713,0.557872474193573,0.14332450926303864,0.8352752923965454,0.5087962746620178,0.5961922407150269,-0.3555014133453369,0.9505429863929749,0.36329931020736694,0.5906980633735657,0.054765306413173676,0.9465402364730835,0.5023807287216187,0.7471110820770264,-0.05189488083124161,0.9989000558853149,0.44439488649368286,0.7364385724067688,0.05162518098950386,0.9984041452407837,0.48258766531944275,0.935530424118042,-0.0924275815486908,0.6993186473846436,0.4310154318809509,0.9508433938026428,0.0024546978529542685,0.35387858748435974,0.48021572828292847,1.1362895965576172,-0.027146736159920692,0.23553228378295898,0.4581478536128998,1.0749175548553467,0.2103477269411087,0.06125833839178085,0.45140141248703003,1.1674878597259521,-0.10527108609676361,0.24505922198295593,0.4425285756587982,1.1254087686538696,0.2120269238948822,0.0929773822426796
107,3.566666666666667,0.5419992208480835,0.4064892530441284,-0.0745413675904274,0.9998748898506165,0.5634491443634033,0.5001423358917236,-0.06323009729385376,0.9998635053634644,0.4928327202796936,0.4829613268375397,0.1381501853466034,0.9998440146446228,0.5788711309432983,0.5808875560760498,-0.18634673953056335,0.9764403700828552,0.4302786886692047,0.5576148629188538,0.1503416895866394,0.8428258299827576,0.5082994699478149,0.5975409150123596,-0.35274726152420044,0.9551745653152466,0.3633314371109009,0.5904411673545837,0.04993167519569397,0.9505659341812134,0.5020833611488342,0.74737149477005,-0.05135257914662361,0.9988861083984375,0.4441271424293518,0.7347102761268616,0.05109605938196182,0.9983639717102051,0.4833097457885742,0.9439319372177124,-0.07416121661663055,0.702842116355896,0.4310879707336426,0.9507567286491394,0.003603291464969516,0.36674419045448303,0.4799400866031647,1.1329808235168457,0.025173794478178024,0.23380693793296814,0.4553510248661041,1.0778253078460693,0.21075224876403809,0.058467164635658264,0.4507259428501129,1.164271354675293,-0.045802854001522064,0.23668865859508514,0.440972238779068,1.1296815872192383,0.20755615830421448,0.08727756142616272
108,3.6,0.5416213274002075,0.40554678440093994,-0.07939188182353973,0.9998865127563477,0.56308513879776,0.49817177653312683,-0.06357405334711075,0.9998737573623657,0.49264055490493774,0.48302167654037476,0.13997681438922882,0.9998392462730408,0.5790426731109619,0.5813443660736084,-0.18508906662464142,0.9784563779830933,0.43039679527282715,0.5583401322364807,0.15559467673301697,0.8475954532623291,0.5085128545761108,0.5989559888839722,-0.3501836657524109,0.9592839479446411,0.3631715178489685,0.5901350378990173,0.04806472361087799,0.9538652300834656,0.501533031463623,0.7472471594810486,-0.05244917422533035,0.9988364577293396,0.44381970167160034,0.7341222763061523,0.052208565175533295,0.9982538223266602,0.4835685193538666,0.9474209547042847,-0.07900574803352356,0.7072418928146362,0.43127599358558655,0.9501851201057434,0.006749062333256006,0.3765004277229309,0.4794372022151947,1.1395134925842285,0.0071386126801371574,0.23578408360481262,0.4550422728061676,1.078237771987915,0.2192300260066986,0.05597667023539543,0.45055824518203735,1.1704164743423462,-0.06907004117965698,0.23149529099464417,0.4409511685371399,1.1301414966583252,0.21830812096595764,0.0821484848856926
109,3.6333333333333333,0.5500191450119019,0.4180202782154083,-0.1324767768383026,0.9998824596405029,0.5667542219161987,0.5222538709640503,-0.08217218518257141,0.9998709559440613,0.5004896521568298,0.4833395779132843,0.09058447182178497,0.9998294115066528,0.585361659526825,0.6379823088645935,-0.15656089782714844,0.9778741002082825,0.4437791705131531,0.5328681468963623,0.15062010288238525,0.8503249287605286,0.5112247467041016,0.6639271378517151,-0.2874844968318939,0.95939040184021,0.38733378052711487,0.518031120300293,0.09044239670038223,0.9577364325523376,0.5017560720443726,0.7598473429679871,-0.052263833582401276,0.9986984729766846,0.44428038597106934,0.7407839298248291,0.052022822201251984,0.9981405735015869,0.4867681562900543,0.9439007043838501,-0.10048999637365341,0.6707615852355957,0.43162521719932556,0.9492496848106384,0.0018386074807494879,0.3515174388885498,0.4810328483581543,1.1357367038726807,-0.03232528269290924,0.22320319712162018,0.45279255509376526,1.0872783660888672,0.14666345715522766,0.05212724953889847,0.4496869146823883,1.1708991527557373,-0.1084219366312027,0.21706846356391907,0.43227285146713257,1.1371278762817383,0.1351911574602127,0.07599722594022751
110,3.6666666666666665,0.5517199039459229,0.4218064546585083,-0.12250757217407227,0.9998875856399536,0.5678510069847107,0.5255430936813354,-0.07381843030452728,0.9998742938041687,0.5011807680130005,0.4832569658756256,0.09729452431201935,0.999821126461029,0.5889504551887512,0.6411102414131165,-0.15388205647468567,0.9785130620002747,0.4448181688785553,0.5275551676750183,0.1306735724210739,0.8555042743682861,0.5128918886184692,0.6671943664550781,-0.29406189918518066,0.961214542388916,0.39023536443710327,0.5114506483078003,0.04393652826547623,0.9612559676170349,0.5018439888954163,0.7636283040046692,-0.051971036940813065,0.9986794590950012,0.44447144865989685,0.7431719303131104,0.051746923476457596,0.9981284737586975,0.48823317885398865,0.943383514881134,-0.10682155936956406,0.6650755405426025,0.431659460067749,0.9490202069282532,-0.0006221233634278178,0.34558436274528503,0.48105230927467346,1.1281558275222778,-0.0345277264714241,0.22315992414951324,0.4505522847175598,1.0794610977172852,0.16094370186328888,0.05032462254166603,0.44949087500572205,1.1650506258010864,-0.10278837382793427,0.2118830531835556,0.4304044842720032,1.1306347846984863,0.15216466784477234,0.07198624312877655
111,3.7,0.5522686243057251,0.4224455952644348,-0.11500205099582672,0.9998912811279297,0.5680900812149048,0.5248545408248901,-0.07265166938304901,0.9998767971992493,0.5023826360702515,0.48319101333618164,0.10140222311019897,0.99981290102005,0.5897270441055298,0.6405344009399414,-0.1602916270494461,0.9792208671569824,0.4464357793331146,0.526574969291687,0.12559093534946442,0.8605158925056458,0.5140385627746582,0.6683890223503113,-0.3046105206012726,0.96290123462677,0.3916063606739044,0.511309802532196,0.03297526389360428,0.9644966125488281,0.5019630789756775,0.7637732028961182,-0.052120644599199295,0.9986853003501892,0.44468602538108826,0.7437541484832764,0.051890693604946136,0.9981449246406555,0.4886546730995178,0.9431143999099731,-0.12890872359275818,0.6671871542930603,0.4316275715827942,0.9481098651885986,-0.0039713517762720585,0.3430062234401703,0.482208788394928,1.131507396697998,-0.08790388703346252,0.23101389408111572,0.45027732849121094,1.0787458419799805,0.14970067143440247,0.04942744970321655,0.44944730401039124,1.1705381870269775,-0.16471752524375916,0.21306438744068146,0.4305465817451477,1.1336086988449097,0.14066079258918762,0.06913259625434875
112,3.7333333333333334,0.5522190928459167,0.4224645495414734,-0.11356397718191147,0.9998942017555237,0.5682571530342102,0.5249451398849487,-0.0732116550207138,0.9998786449432373,0.502156674861908,0.483506977558136,0.10063433647155762,0.9998028874397278,0.5897823572158813,0.6406781673431396,-0.16341716051101685,0.9797369241714478,0.44637998938560486,0.5264366865158081,0.11954960972070694,0.8640868067741394,0.5146389007568359,0.6687864065170288,-0.3080289661884308,0.9642325639724731,0.39129531383514404,0.5109751224517822,0.026117902249097824,0.9673327207565308,0.502012312412262,0.7634727358818054,-0.052595991641283035,0.9987035989761353,0.4448305666446686,0.7439900040626526,0.05236584693193436,0.9981731176376343,0.4889650344848633,0.9411295652389526,-0.14490897953510284,0.6696075201034546,0.4314526617527008,0.946834146976471,-0.01047124620527029,0.33850595355033875,0.4841860234737396,1.1320050954818726,-0.11591403186321259,0.23933292925357819,0.4503200054168701,1.077298879623413,0.1451762616634369,0.04807840660214424,0.4493439793586731,1.1715294122695923,-0.19464172422885895,0.21521681547164917,0.43161407113075256,1.1344355344772339,0.13938379287719727,0.06610271334648132
113,3.7666666666666666,0.561051607131958,0.4334849417209625,-0.13978473842144012,0.9998924136161804,0.5772837996482849,0.5508068203926086,-0.07467657327651978,0.9998822212219238,0.5031648874282837,0.48500505089759827,0.06371013820171356,0.9997745752334595,0.5978383421897888,0.6872739791870117,-0.13336314260959625,0.9806137681007385,0.4495089650154114,0.4869556427001953,-0.023386646062135696,0.8499839901924133,0.5258923172950745,0.7119694948196411,-0.2391321212053299,0.9660912752151489,0.4255591928958893,0.4415357708930969,-0.2222079336643219,0.96770179271698,0.5038845539093018,0.7752659916877747,-0.04589395225048065,0.9987003207206726,0.44499000906944275,0.7491182088851929,0.045725561678409576,0.998123824596405,0.48943382501602173,0.9487531781196594,-0.16264958679676056,0.6669269800186157,0.4320763051509857,0.9462476372718811,-0.043964166194200516,0.32797545194625854,0.48592257499694824,1.1418238878250122,-0.10184621810913086,0.23988884687423706,0.4504132866859436,1.0815016031265259,0.12530913949012756,0.04752369225025177,0.44941386580467224,1.1875450611114502,-0.1878982037305832,0.21408480405807495,0.4321316182613373,1.142790675163269,0.09871639311313629,0.06361056119203568
114,3.8,0.5624614357948303,0.43926578760147095,-0.1513642817735672,0.9998833537101746,0.5787390470504761,0.5540857315063477,-0.08469744026660919,0.9998834133148193,0.5046366453170776,0.48491114377975464,0.046335168182849884,0.9997463822364807,0.5991898775100708,0.6931654810905457,-0.1360970139503479,0.9812851548194885,0.45133867859840393,0.4804525077342987,-0.019962329417467117,0.8419117331504822,0.5266342759132385,0.7163932919502258,-0.24074006080627441,0.9675672054290771,0.42876243591308594,0.4371870160102844,-0.1961648315191269,0.9689849615097046,0.5054730176925659,0.778530478477478,-0.044306643307209015,0.9986720085144043,0.445378839969635,0.7509691119194031,0.04414861649274826,0.9980509877204895,0.48970961570739746,0.9549012780189514,-0.15173104405403137,0.6615175008773804,0.43224582076072693,0.9459251165390015,-0.052808187901973724,0.31805819272994995,0.4862917363643646,1.1463090181350708,-0.10148467123508453,0.24403859674930573,0.4522087574005127,1.0792529582977295,0.11923818290233612,0.04606775939464569,0.4493851661682129,1.1918312311172485,-0.18980161845684052,0.2158888578414917,0.4359990954399109,1.1403836011886597,0.10017838329076767,0.06074897199869156
115,3.8333333333333335,0.5614284873008728,0.44242173433303833,-0.16652637720108032,0.9998837113380432,0.5791926980018616,0.5556085705757141,-0.09510662406682968,0.9998849034309387,0.5055911540985107,0.484812468290329,0.04219592362642288,0.9997287392616272,0.5996602177619934,0.6941018104553223,-0.14542679488658905,0.9818448424339294,0.451852023601532,0.479200154542923,-0.011615520343184471,0.8392676711082458,0.5277774930000305,0.7172795534133911,-0.2623113691806793,0.9688938856124878,0.4289248585700989,0.43489277362823486,-0.17515650391578674,0.9705272912979126,0.5063708424568176,0.7782508730888367,-0.044637300074100494,0.998656690120697,0.44572558999061584,0.7523415684700012,0.04446882754564285,0.9980096817016602,0.49009695649147034,0.952233612537384,-0.16865895688533783,0.6657851934432983,0.4321664273738861,0.9458256363868713,-0.04573018103837967,0.3122745752334595,0.488007128238678,1.141911506652832,-0.12355494499206543,0.25623539090156555,0.45506492257118225,1.0788962841033936,0.1338428407907486,0.04547122120857239,0.4493829607963562,1.1856168508529663,-0.2123699188232422,0.22560687363147736,0.4396650195121765,1.1377456188201904,0.11922942101955414,0.0590156689286232
116,3.8666666666666667,0.5607126951217651,0.44259873032569885,-0.17813806235790253,0.9998853802680969,0.5792697072029114,0.556545615196228,-0.10739181190729141,0.9998863339424133,0.5067314505577087,0.48464542627334595,0.03382238745689392,0.9997192025184631,0.599524974822998,0.6937757134437561,-0.15675508975982666,0.9822877645492554,0.4518755376338959,0.47854793071746826,-0.00890767015516758,0.8398768305778503,0.5272700190544128,0.7185414433479309,-0.27338463068008423,0.9700993299484253,0.42887407541275024,0.4339144825935364,-0.16061824560165405,0.9724698066711426,0.506760835647583,0.7790279984474182,-0.04480303078889847,0.9986342191696167,0.4461142420768738,0.7533539533615112,0.04462464153766632,0.9979742765426636,0.490079790353775,0.9502537250518799,-0.17424413561820984,0.669235348701477,0.43214064836502075,0.9449793696403503,-0.04179839417338371,0.30698162317276,0.4874371886253357,1.1390827894210815,-0.12915600836277008,0.2697262763977051,0.45585504174232483,1.0778913497924805,0.13592016696929932,0.04529590159654617,0.4487350583076477,1.18233323097229,-0.2169734239578247,0.2372286468744278,0.44023245573043823,1.136059045791626,0.12120089679956436,0.057878900319337845
117,3.9,0.5609091520309448,0.4425334632396698,-0.16896048188209534,0.9998891353607178,0.5791974663734436,0.5555696487426758,-0.10563246160745621,0.9998882412910461,0.5082025527954102,0.48440080881118774,0.0399748757481575,0.9997121691703796,0.5991896390914917,0.6938884258270264,-0.15718182921409607,0.9827322959899902,0.45233097672462463,0.4783478081226349,0.016665104776620865,0.8444685339927673,0.5270963907241821,0.7187412977218628,-0.26727038621902466,0.9709463119506836,0.4291226863861084,0.43361029028892517,-0.1142258420586586,0.9740841388702393,0.5070705413818359,0.7802019715309143,-0.04536464810371399,0.9986398816108704,0.44642749428749084,0.7545979619026184,0.045194339007139206,0.997992992401123,0.4900847375392914,0.9504243731498718,-0.16698101162910461,0.6710484623908997,0.43209773302078247,0.9445180296897888,-0.04404578357934952,0.30465489625930786,0.4869944453239441,1.1383178234100342,-0.12791213393211365,0.2798383831977844,0.456836074590683,1.076266884803772,0.13388270139694214,0.044829726219177246,0.4485040605068207,1.1814771890640259,-0.2126116305589676,0.24499280750751495,0.44126248359680176,1.1349831819534302,0.12348958104848862,0.05667797476053238
118,3.933333333333333,0.5609836578369141,0.4416026175022125,-0.16216430068016052,0.9998912215232849,0.5789073705673218,0.5547365546226501,-0.1014288067817688,0.9998895525932312,0.5090886950492859,0.48331448435783386,0.03986994922161102,0.9997073411941528,0.5991449952125549,0.693547248840332,-0.1505925953388214,0.9831268787384033,0.452787309885025,0.478180468082428,0.021079985424876213,0.8492143750190735,0.5271617770195007,0.7186024188995361,-0.25114917755126953,0.9715958833694458,0.4294261336326599,0.43320432305336,-0.10196220874786377,0.9756374359130859,0.5073236227035522,0.7798821330070496,-0.04550168663263321,0.9986644983291626,0.44663041830062866,0.7542855739593506,0.04532649740576744,0.9980397820472717,0.49040836095809937,0.9522386193275452,-0.1622598022222519,0.6742495894432068,0.4320438802242279,0.9440436363220215,-0.047156210988759995,0.3061755299568176,0.48692965507507324,1.1395796537399292,-0.12154480069875717,0.2924615442752838,0.45670896768569946,1.075407862663269,0.12308843433856964,0.04520374536514282,0.4478681683540344,1.1848301887512207,-0.20513638854026794,0.25419965386390686,0.4411589205265045,1.1349023580551147,0.11419357359409332,0.05632222816348076
119,3.966666666666667,0.5710519552230835,0.44870609045028687,-0.18460094928741455,0.9998289346694946,0.585433840751648,0.5708577632904053,-0.11374282836914062,0.9998854398727417,0.5086318254470825,0.4832581877708435,-0.013737976551055908,0.9993268847465515,0.6000822186470032,0.7117084264755249,-0.15398183465003967,0.9831666350364685,0.46605777740478516,0.4113113284111023,-0.0632544681429863,0.8426311016082764,0.5280084013938904,0.7323164939880371,-0.25824469327926636,0.9690101742744446,0.46065956354141235,0.35867840051651,-0.1651909202337265,0.9428784251213074,0.5089166164398193,0.7853650450706482,-0.03300466388463974,0.9986552000045776,0.44681233167648315,0.7587249875068665,0.03288095444440842,0.9978979825973511,0.4914170205593109,0.9530085325241089,-0.15927758812904358,0.6727904081344604,0.4320443570613861,0.942154586315155,-0.11132663488388062,0.3041709065437317,0.48392051458358765,1.142793893814087,-0.11517654359340668,0.2951146364212036,0.4568966031074524,1.019891619682312,0.08636555820703506,0.04406122490763664,0.44820713996887207,1.190811276435852,-0.20341351628303528,0.2502110004425049,0.43522000312805176,1.1217421293258667,0.07404113560914993,0.053779833018779755
120,4.0,0.574375331401825,0.4511815011501312,-0.18939542770385742,0.9997881650924683,0.5872093439102173,0.5747690200805664,-0.11351506412029266,0.9998806715011597,0.5080360770225525,0.4832487404346466,-0.014742115512490273,0.9989622831344604,0.6003893613815308,0.7145371437072754,-0.1616877168416977,0.9827987551689148,0.46924981474876404,0.4044078290462494,-0.08208031952381134,0.8367964029312134,0.5284286737442017,0.7338933944702148,-0.2708607017993927,0.9650603532791138,0.4636751115322113,0.35200822353363037,-0.2089480608701706,0.9111786484718323,0.5095617175102234,0.7871150374412537,-0.03126099333167076,0.9985851645469666,0.4473291039466858,0.7609409689903259,0.031128376722335815,0.9976266026496887,0.49156150221824646,0.9533497095108032,-0.13801857829093933,0.6659361720085144,0.43229928612709045,0.9426600337028503,-0.07820750772953033,0.29329729080200195,0.47914910316467285,1.1450988054275513,-0.06839127838611603,0.28953856229782104,0.4528397023677826,1.0336495637893677,0.14778627455234528,0.041737329214811325,0.4435969293117523,1.188717246055603,-0.1564061939716339,0.24114497005939484,0.43548935651779175,1.1070268154144287,0.1424310952425003,0.050413526594638824
121,4.033333333333333,0.5764638185501099,0.4513571858406067,-0.18594123423099518,0.9997522830963135,0.5880488753318787,0.5770493149757385,-0.11360696703195572,0.9998795390129089,0.5076085925102234,0.4833216667175293,-0.01688830740749836,0.998695969581604,0.600577712059021,0.7159735560417175,-0.16259709000587463,0.9828934669494629,0.47048431634902954,0.40636977553367615,-0.08502870798110962,0.8340076804161072,0.5290383696556091,0.7342774868011475,-0.2718268632888794,0.9635871052742004,0.46365585923194885,0.35603731870651245,-0.2132127285003662,0.8892173767089844,0.5101094245910645,0.7887660264968872,-0.029551753774285316,0.9985767006874084,0.4476507604122162,0.7634744644165039,0.02942783571779728,0.9974938035011292,0.4916341304779053,0.9531257748603821,-0.14009733498096466,0.6699348092079163,0.43245729804039,0.9430245161056519,-0.08364208787679672,0.2926067113876343,0.47761744260787964,1.1442712545394897,-0.06093563511967659,0.2899371087551117,0.4529297947883606,1.0327918529510498,0.15010817348957062,0.04023551940917969,0.44216305017471313,1.1884205341339111,-0.14055165648460388,0.23677489161491394,0.43818601965904236,1.0931059122085571,0.15118339657783508,0.04796212166547775
122,4.066666666666666,0.5773377418518066,0.4507230520248413,-0.1848529577255249,0.9997159242630005,0.5877611637115479,0.5769968628883362,-0.1130066066980362,0.9998795390129089,0.5072669982910156,0.483325332403183,-0.015759598463773727,0.9984771609306335,0.6008824110031128,0.7165159583091736,-0.1626879870891571,0.9829709529876709,0.4708424210548401,0.4079188406467438,-0.07936077564954758,0.8311073780059814,0.5294436812400818,0.7345277667045593,-0.2722456157207489,0.9621767997741699,0.46356502175331116,0.3586446940898895,-0.2029089629650116,0.8675352334976196,0.5104968547821045,0.7899402976036072,-0.028879713267087936,0.9985925555229187,0.4479563236236572,0.7657203078269958,0.02874966338276863,0.9974334836006165,0.4916849732398987,0.9526441693305969,-0.14841684699058533,0.6797582507133484,0.4325037896633148,0.9445174932479858,-0.0801144391298294,0.2969519793987274,0.4779386520385742,1.1348373889923096,-0.05155019834637642,0.2914828062057495,0.45351091027259827,1.0292961597442627,0.16444997489452362,0.03937945142388344,0.4423912465572357,1.176872968673706,-0.12237083911895752,0.23400555551052094,0.4420173764228821,1.0846691131591797,0.17046959698200226,0.04611419141292572
123,4.1,0.585723340511322,0.45970216393470764,-0.18594086170196533,0.9996512532234192,0.5921466946601868,0.590503454208374,-0.10191375017166138,0.9998583197593689,0.5134555101394653,0.47332242131233215,-0.027997786179184914,0.9982394576072693,0.6005294919013977,0.7216969132423401,-0.14309905469417572,0.9783313870429993,0.48880648612976074,0.36674267053604126,-0.06446543335914612,0.8348025679588318,0.5333370566368103,0.7310481667518616,-0.2559063732624054,0.9520496726036072,0.4916170537471771,0.28085052967071533,-0.1634313017129898,0.8638280630111694,0.5111050605773926,0.7785372138023376,-0.021165896207094193,0.9984529614448547,0.44957318902015686,0.748901903629303,0.021026253700256348,0.997140645980835,0.49134939908981323,0.9319779872894287,-0.09945458173751831,0.6706278324127197,0.4322271943092346,0.9429999589920044,-0.07420099526643753,0.2935716211795807,0.47686052322387695,1.1171348094940186,-0.025981545448303223,0.292754590511322,0.4537484645843506,1.008585810661316,0.16915519535541534,0.03789267688989639,0.4422822594642639,1.1589062213897705,-0.09722743183374405,0.2339984029531479,0.44488993287086487,1.0622191429138184,0.17800141870975494,0.044177018105983734
124,4.133333333333334,0.5884249210357666,0.4617966115474701,-0.18080119788646698,0.9996209740638733,0.594756543636322,0.596771776676178,-0.09810413420200348,0.9998465776443481,0.5150542855262756,0.4707357585430145,-0.018447119742631912,0.9980281591415405,0.6003026962280273,0.725859522819519,-0.1429283320903778,0.9743420481681824,0.4934731423854828,0.3714819550514221,-0.05242057517170906,0.8342328667640686,0.5335797071456909,0.7293285131454468,-0.25656184554100037,0.9416868090629578,0.4946424067020416,0.27495911717414856,-0.1377522498369217,0.856445848941803,0.5113164782524109,0.7750763893127441,-0.022693265229463577,0.9983300566673279,0.45037198066711426,0.7453508973121643,0.02254650369286537,0.9968768358230591,0.4906657338142395,0.9271258115768433,-0.09201546013355255,0.6667222380638123,0.4321809411048889,0.9410315752029419,-0.05014098435640335,0.28913041949272156,0.47380638122558594,1.112701654434204,-0.015054149553179741,0.2963140606880188,0.4539363384246826,1.002809762954712,0.18976406753063202,0.03674854710698128,0.4387752115726471,1.151504635810852,-0.08534857630729675,0.23636828362941742,0.44614139199256897,1.0545899868011475,0.19966311752796173,0.04272112622857094
125,4.166666666666667,0.597251296043396,0.47063538432121277,-0.1783977597951889,0.9995994567871094,0.5956955552101135,0.5931932926177979,-0.08108039200305939,0.9998406767845154,0.5234351754188538,0.46452653408050537,-0.025636330246925354,0.9976734519004822,0.5996091365814209,0.719120979309082,-0.14480122923851013,0.9701212048530579,0.5084716081619263,0.3379935920238495,-0.08671824634075165,0.8324126601219177,0.5351068377494812,0.7267950177192688,-0.28127485513687134,0.9362097382545471,0.5122392177581787,0.2265101820230484,-0.1709253489971161,0.8450247645378113,0.5112915635108948,0.761195182800293,-0.01567225158214569,0.998292863368988,0.4513496458530426,0.7306370139122009,0.015511773526668549,0.9966309666633606,0.49141591787338257,0.9050602316856384,-0.1318957507610321,0.6836361885070801,0.4319372773170471,0.9279024600982666,-0.08008598536252975,0.30043309926986694,0.4815090596675873,1.0704834461212158,-0.09526720643043518,0.32895705103874207,0.45555463433265686,0.9770736694335938,0.1792994737625122,0.03724445775151253,0.4394494891166687,1.1425938606262207,-0.18502876162528992,0.2649953365325928,0.45015421509742737,1.028451919555664,0.19174717366695404,0.04321867972612381
126,4.2,0.59892737865448,0.47524017095565796,-0.18992801010608673,0.9995516538619995,0.5985713601112366,0.5996110439300537,-0.09553799033164978,0.9998422265052795,0.5272976756095886,0.46015891432762146,-0.037686944007873535,0.997366189956665,0.5948354601860046,0.7224671244621277,-0.17550083994865417,0.9694129228591919,0.5115836262702942,0.3316587209701538,-0.0914156585931778,0.8346656560897827,0.5348559617996216,0.7253538370132446,-0.330390989780426,0.9370965957641602,0.5132495164871216,0.21663710474967957,-0.17552083730697632,0.8408127427101135,0.5112485885620117,0.7615224123001099,-0.017396505922079086,0.9982072710990906,0.4520113468170166,0.731268048286438,0.017234642058610916,0.9962779879570007,0.49149566888809204,0.9132676124572754,-0.12939345836639404,0.7022616267204285,0.4317972660064697,0.9264384508132935,-0.047060638666152954,0.30844351649284363,0.4772982597351074,1.077866792678833,-0.0671139732003212,0.36017388105392456,0.4556988775730133,0.9629189372062683,0.23454780876636505,0.03722894936800003,0.4385456442832947,1.1456782817840576,-0.15369102358818054,0.2913343012332916,0.45024538040161133,1.0097668170928955,0.2523181736469269,0.04298938065767288
127,4.233333333333333,0.5976762175559998,0.4790990650653839,-0.19738805294036865,0.999562680721283,0.5969304442405701,0.5967155694961548,-0.09856116026639938,0.9998489618301392,0.5267347097396851,0.4599146246910095,-0.04738008230924606,0.997299075126648,0.5949713587760925,0.7191265821456909,-0.17500066757202148,0.9698944687843323,0.5102089643478394,0.3358164131641388,-0.10975319147109985,0.8400688171386719,0.5353659987449646,0.7244982123374939,-0.30823081731796265,0.9398258328437805,0.5122900009155273,0.22243137657642365,-0.2122860699892044,0.8466975688934326,0.5112425088882446,0.7626936435699463,-0.0161811001598835,0.998182475566864,0.4526558518409729,0.7329894304275513,0.016030576080083847,0.9961562752723694,0.49135908484458923,0.9280479550361633,-0.046232808381319046,0.7125651240348816,0.43156591057777405,0.926767110824585,-0.03776850923895836,0.31797659397125244,0.4671974182128906,1.085378885269165,0.05459112673997879,0.37115687131881714,0.46367207169532776,0.95245361328125,0.22081954777240753,0.037418339401483536,0.4286251962184906,1.1454851627349854,-0.005700048990547657,0.29730966687202454,0.4495149254798889,1.0147563219070435,0.24187254905700684,0.04290322586894035
128,4.266666666666667,0.5971804261207581,0.4805927276611328,-0.1977653205394745,0.9995737671852112,0.5962516069412231,0.5952050685882568,-0.09820298850536346,0.9998556971549988,0.5264061093330383,0.4594019055366516,-0.047493867576122284,0.9972419738769531,0.5955358743667603,0.7175081968307495,-0.15528297424316406,0.9704594016075134,0.5100873708724976,0.33575496077537537,-0.10910709202289581,0.8442924618721008,0.5358945727348328,0.7239519953727722,-0.2916020154953003,0.9425193071365356,0.5123144388198853,0.22388367354869843,-0.21265193819999695,0.8507854342460632,0.5112292170524597,0.7633292078971863,-0.014873902313411236,0.998145341873169,0.45314961671829224,0.7337732911109924,0.014726631343364716,0.9960007071495056,0.4912060797214508,0.9345923662185669,-0.03611822798848152,0.7211015820503235,0.4315566122531891,0.9274497032165527,-0.03424752503633499,0.3256807327270508,0.46447426080703735,1.0926657915115356,0.06819886714220047,0.3783785402774811,0.4662508964538574,0.9510030746459961,0.2187681943178177,0.03755040839314461,0.4262988567352295,1.1438028812408447,0.0091331098228693,0.3007259964942932,0.4490337371826172,1.0163288116455078,0.23897548019886017,0.04276292771100998
129,4.3,0.5968966484069824,0.4801945984363556,-0.19412925839424133,0.9995849132537842,0.5960015058517456,0.5947387218475342,-0.09236840158700943,0.9998614192008972,0.5262720584869385,0.4582551419734955,-0.044656045734882355,0.9972028732299805,0.5955730080604553,0.7161397933959961,-0.13788779079914093,0.9711442589759827,0.5098594427108765,0.33370441198349,-0.10235407203435898,0.8491530418395996,0.5362154245376587,0.7235597372055054,-0.26985713839530945,0.9451864361763,0.5128466486930847,0.2220091074705124,-0.20159415900707245,0.8551101088523865,0.5112019181251526,0.7632936835289001,-0.012748239561915398,0.9981464147567749,0.4532698094844818,0.732914924621582,0.012603391893208027,0.9959703087806702,0.4910738468170166,0.9368463158607483,-0.023441575467586517,0.7321566343307495,0.43153810501098633,0.9276113510131836,-0.03041619062423706,0.342180997133255,0.463299036026001,1.0957252979278564,0.09924779087305069,0.38745081424713135,0.46684056520462036,0.9502212405204773,0.22233524918556213,0.03917987644672394,0.42533940076828003,1.1351627111434937,0.04734530299901962,0.30536067485809326,0.44897666573524475,1.018315076828003,0.24238459765911102,0.04382654279470444
130,4.333333333333333,0.596698522567749,0.4802038371562958,-0.19218307733535767,0.9995930790901184,0.5960339307785034,0.5948618054389954,-0.08810974657535553,0.9998664259910583,0.5261899828910828,0.4573984742164612,-0.040909431874752045,0.9971660375595093,0.5956224203109741,0.7154101133346558,-0.132147878408432,0.9715830087661743,0.5096580982208252,0.33274877071380615,-0.0946740210056305,0.8533915877342224,0.5368801951408386,0.7232633233070374,-0.2637278437614441,0.9475340247154236,0.5134333372116089,0.21939338743686676,-0.19266483187675476,0.8592275977134705,0.5111851096153259,0.7634879946708679,-0.012100299820303917,0.998149573802948,0.45330819487571716,0.7328334450721741,0.011954156681895256,0.9959560036659241,0.4909825921058655,0.9376224875450134,-0.023073401302099228,0.7432244420051575,0.4315376281738281,0.927470326423645,-0.02898159623146057,0.36003005504608154,0.4628487229347229,1.0927302837371826,0.10902933776378632,0.3964536488056183,0.4668017029762268,0.9492611289024353,0.225753515958786,0.04124109819531441,0.42510518431663513,1.1275235414505005,0.061339378356933594,0.31058335304260254,0.4578825831413269,0.9885132908821106,0.24710872769355774,0.04536810517311096
131,4.366666666666666,0.596572995185852,0.4802122712135315,-0.19331106543540955,0.9995986819267273,0.5961189866065979,0.5949690341949463,-0.08875972777605057,0.9998706579208374,0.5260061621665955,0.45740455389022827,-0.041123490780591965,0.9971100687980652,0.5956658124923706,0.7149720788002014,-0.13615062832832336,0.9719118475914001,0.5096551775932312,0.33211958408355713,-0.09472102671861649,0.8570521473884583,0.5375161170959473,0.7230463624000549,-0.26730987429618835,0.949526846408844,0.5139891505241394,0.2183966338634491,-0.19033005833625793,0.862593948841095,0.5111650228500366,0.7636698484420776,-0.012622883543372154,0.9981364607810974,0.4533787667751312,0.7329117059707642,0.012473121285438538,0.9958992004394531,0.4909555912017822,0.9380276799201965,-0.02812834084033966,0.7539193630218506,0.431539386510849,0.9274994730949402,-0.025009218603372574,0.37533798813819885,0.463061660528183,1.0940192937850952,0.09810077399015427,0.40815362334251404,0.46682238578796387,0.949329137802124,0.23078417778015137,0.04337041452527046,0.42526301741600037,1.1281722784042358,0.046310339123010635,0.3185039162635803,0.4602506160736084,0.9840859174728394,0.25131410360336304,0.047041285783052444
132,4.4,0.5968993902206421,0.4802236258983612,-0.1946890503168106,0.9995946288108826,0.5963565111160278,0.5951637029647827,-0.08419223874807358,0.9998713731765747,0.5258392095565796,0.45708587765693665,-0.0469626784324646,0.9970030784606934,0.5958676338195801,0.7145867943763733,-0.12063714116811752,0.9722556471824646,0.5097975134849548,0.33192265033721924,-0.10549505800008774,0.8615392446517944,0.5385773777961731,0.7229937314987183,-0.24630992114543915,0.9511858820915222,0.5140265822410583,0.21932266652584076,-0.20464865863323212,0.8661251664161682,0.5111483931541443,0.7630892395973206,-0.009301971644163132,0.9981192946434021,0.4533926844596863,0.7324354648590088,0.009154653176665306,0.9958385229110718,0.49094057083129883,0.9382803440093994,-0.020682405680418015,0.7667312026023865,0.4314241409301758,0.9272254109382629,-0.025195270776748657,0.39720815420150757,0.463609516620636,1.0900170803070068,0.11836514621973038,0.4238099753856659,0.4675753712654114,0.9487774968147278,0.24014289677143097,0.047057729214429855,0.4262872636318207,1.1253294944763184,0.06932558119297028,0.3290576636791229,0.46363621950149536,0.9856041073799133,0.2613147497177124,0.049677539616823196
133,4.433333333333334,0.602577805519104,0.48375871777534485,-0.20719683170318604,0.9995977878570557,0.6045138239860535,0.595061719417572,-0.10567070543766022,0.9998716711997986,0.535419225692749,0.4544559419155121,-0.04154051095247269,0.9969921708106995,0.5928502678871155,0.7072585225105286,-0.19811087846755981,0.9718292951583862,0.5218982696533203,0.3172914981842041,-0.09872925281524658,0.8653106093406677,0.5383949875831604,0.7074761986732483,-0.3740993142127991,0.9532994627952576,0.5228217840194702,0.18175357580184937,-0.2132708579301834,0.8733370304107666,0.5127310156822205,0.7518131732940674,-0.013892549090087414,0.9981207251548767,0.4576055407524109,0.712093710899353,0.013734549283981323,0.9958598613739014,0.4925667345523834,0.9321025609970093,-0.04259773716330528,0.7690665125846863,0.4314855933189392,0.9083223342895508,-0.06240880489349365,0.40878236293792725,0.48669496178627014,1.0582653284072876,0.03269461542367935,0.44114378094673157,0.4674641191959381,0.9524620771408081,0.20232217013835907,0.04809087887406349,0.4371147155761719,1.1435083150863647,-0.04628995805978775,0.3418236970901489,0.45658284425735474,0.9897099733352661,0.21764583885669708,0.05039564520120621
134,4.466666666666667,0.6037049889564514,0.4836103618144989,-0.21460816264152527,0.9995957016944885,0.6071189641952515,0.5951918363571167,-0.1173209547996521,0.9998682141304016,0.5374876260757446,0.4543863832950592,-0.04047742858529091,0.996985912322998,0.5913311243057251,0.702020525932312,-0.21414069831371307,0.9721133708953857,0.524074375629425,0.3193013370037079,-0.11492787301540375,0.8717321753501892,0.5381935834884644,0.7045274376869202,-0.3915271461009979,0.9562413096427917,0.5245858430862427,0.18104010820388794,-0.25193995237350464,0.8835656642913818,0.5142096877098083,0.7514482140541077,-0.016938403248786926,0.9980593323707581,0.45959657430648804,0.7082923650741577,0.016786176711320877,0.9958028197288513,0.49270668625831604,0.9288474321365356,-0.04645655304193497,0.7713456749916077,0.43152952194213867,0.902162492275238,-0.06673526018857956,0.42232877016067505,0.48354849219322205,1.1098154783248901,0.004981870763003826,0.4626370668411255,0.46984046697616577,0.9548666477203369,0.18286865949630737,0.050407517701387405,0.4466361999511719,1.1595181226730347,-0.08061560243368149,0.3591906428337097,0.45366835594177246,1.0130752325057983,0.19279029965400696,0.05180971324443817
135,4.5,0.6176077127456665,0.48165127635002136,-0.08099319785833359,0.9994833469390869,0.6133880019187927,0.5793686509132385,0.019536055624485016,0.9998586773872375,0.5505853295326233,0.4380466043949127,0.029409045353531837,0.9971798062324524,0.5867255330085754,0.6793097853660583,-0.04142682999372482,0.9660528302192688,0.5315012335777283,0.3247150480747223,-0.04563581198453903,0.8787282109260559,0.5399788618087769,0.6777201890945435,-0.20374473929405212,0.954800009727478,0.5298449397087097,0.19578641653060913,-0.16741052269935608,0.8902565836906433,0.5144685506820679,0.7265528440475464,0.01281459629535675,0.9981462359428406,0.4613872170448303,0.6774371266365051,-0.012949851341545582,0.9961046576499939,0.4950651228427887,0.8853761553764343,0.0029442564118653536,0.7441171407699585,0.43456774950027466,0.864044725894928,-0.06171960383653641,0.43361523747444153,0.48957115411758423,0.9634014368057251,0.16014927625656128,0.4329639673233032,0.46426159143447876,0.9502389430999756,0.11881055682897568,0.05580241605639458,0.4637162685394287,1.0427110195159912,0.1307179033756256,0.33641645312309265,0.4540976881980896,1.0417253971099854,0.09581059217453003,0.05323365330696106
136,4.533333333333333,0.6210331916809082,0.47631099820137024,-0.07158200442790985,0.9994543790817261,0.6139019131660461,0.5733325481414795,0.013430829159915447,0.9998573064804077,0.5525392889976501,0.4323793053627014,0.03572120890021324,0.9973077178001404,0.5847277045249939,0.6722455024719238,-0.052790164947509766,0.9643457531929016,0.5337044596672058,0.32397231459617615,-0.03399449586868286,0.879593014717102,0.5419088006019592,0.6720104217529297,-0.21616613864898682,0.9569309949874878,0.5307545065879822,0.20527398586273193,-0.1421084702014923,0.8938000798225403,0.5151316523551941,0.7204980850219727,0.004507856443524361,0.9982367753982544,0.46186405420303345,0.6776089072227478,-0.0046538966707885265,0.9963500499725342,0.4959014058113098,0.8869418501853943,0.004021495580673218,0.7229248881340027,0.4347258508205414,0.8738718032836914,-0.051859717816114426,0.4352565407752991,0.4920581877231598,0.9989482164382935,0.10588628053665161,0.41777849197387695,0.4685491621494293,0.9863325953483582,0.13667969405651093,0.05709162726998329,0.46018463373184204,1.0837876796722412,0.050303876399993896,0.32453274726867676,0.46472296118736267,1.0547369718551636,0.12503762543201447,0.053185462951660156
137,4.566666666666666,0.6214911341667175,0.47377216815948486,-0.05635042116045952,0.9993956089019775,0.614439070224762,0.5719813704490662,0.03118192031979561,0.9998553395271301,0.553962230682373,0.4329853355884552,0.05072221904993057,0.9974666833877563,0.5839210152626038,0.671417772769928,-0.029762160032987595,0.9627522230148315,0.5341838598251343,0.32607534527778625,-0.022935470566153526,0.8836767077445984,0.5435525178909302,0.6708707809448242,-0.18803171813488007,0.9583937525749207,0.5317133665084839,0.20927469432353973,-0.13946211338043213,0.8989525437355042,0.5162363648414612,0.7215516567230225,0.007364967372268438,0.9983303546905518,0.4625440239906311,0.6773010492324829,-0.007509351707994938,0.9966171383857727,0.49620890617370605,0.896221399307251,0.011495690792798996,0.694913923740387,0.4357559084892273,0.877791702747345,-0.05173980072140694,0.44040393829345703,0.4939267039299011,0.9942377805709839,0.15442916750907898,0.3909112811088562,0.46678322553634644,0.9804333448410034,0.1256556510925293,0.0596485398709774,0.46197158098220825,1.0835217237472534,0.11247704923152924,0.30350661277770996,0.4638644754886627,1.0820598602294922,0.10442234575748444,0.05318641662597656
138,4.6,0.6224467158317566,0.47149771451950073,-0.06328915804624557,0.9993493556976318,0.6147860884666443,0.5718814134597778,0.026505013927817345,0.9998527765274048,0.5535005927085876,0.43254363536834717,0.04752035439014435,0.9976193904876709,0.5830937623977661,0.672467827796936,-0.032126642763614655,0.9598162174224854,0.5345480442047119,0.3265429139137268,-0.033648230135440826,0.8853626251220703,0.5437039136886597,0.6720840930938721,-0.18365126848220825,0.9581834077835083,0.5317249298095703,0.21198292076587677,-0.15457406640052795,0.9022334218025208,0.5166541337966919,0.7198827862739563,0.006233545485883951,0.9984429478645325,0.46300172805786133,0.6699548363685608,-0.006378650665283203,0.9968969821929932,0.4962918162345886,0.8952389359474182,-0.0033358223736286163,0.6867567896842957,0.4358161985874176,0.8610313534736633,-0.06435991078615189,0.4603392481803894,0.4962339401245117,0.980894148349762,0.15326359868049622,0.37429285049438477,0.46168676018714905,0.9744449853897095,0.09526024758815765,0.07020509243011475,0.4687492251396179,1.0670514106750488,0.1157236099243164,0.2902037799358368,0.44890618324279785,1.081892728805542,0.06483153998851776,0.05806037783622742
139,4.633333333333334,0.6222538352012634,0.47125062346458435,-0.07121951133012772,0.9993336796760559,0.6151355504989624,0.5716769099235535,0.016681788489222527,0.999848484992981,0.5530670285224915,0.4338010549545288,0.03735574334859848,0.9977182745933533,0.5832823514938354,0.6710861325263977,-0.03797303885221481,0.9580820202827454,0.5342066884040833,0.32751116156578064,-0.045991457998752594,0.8863490223884583,0.543430507183075,0.6721518039703369,-0.1775544434785843,0.9588876366615295,0.5317634344100952,0.2125970423221588,-0.19533932209014893,0.9061088562011719,0.5170227289199829,0.7187443971633911,0.003666976001113653,0.9984989762306213,0.46359094977378845,0.6693364381790161,-0.0038122632540762424,0.9970811009407043,0.4962541460990906,0.8867848515510559,-0.0015745398122817278,0.6731494069099426,0.4357460141181946,0.8670318722724915,-0.061946235597133636,0.46559128165245056,0.49557438492774963,0.9869956374168396,0.12232549488544464,0.3628411889076233,0.46211957931518555,0.9685239791870117,0.10432302951812744,0.07302737981081009,0.46461328864097595,1.0792924165725708,0.07457707822322845,0.2812938094139099,0.4494241774082184,1.0724140405654907,0.08442585170269012,0.05946271866559982
140,4.666666666666667,0.6222562193870544,0.47081810235977173,-0.06732397526502609,0.9992844462394714,0.6152182817459106,0.571256160736084,0.02003706805408001,0.999842643737793,0.5530467629432678,0.43382537364959717,0.040434181690216064,0.9978384375572205,0.5836214423179626,0.6700307130813599,-0.021495873108506203,0.9554078578948975,0.5338576436042786,0.3282248079776764,-0.05107927322387695,0.8880528211593628,0.543131947517395,0.6714295148849487,-0.14303605258464813,0.9578853249549866,0.5316997766494751,0.21286608278751373,-0.2103380411863327,0.9105650186538696,0.5173519849777222,0.7165898680686951,0.002749629784375429,0.9985847473144531,0.4642326235771179,0.6657673716545105,-0.0028872969560325146,0.9973011016845703,0.49619564414024353,0.8790631890296936,-0.008547759614884853,0.6699942946434021,0.43538737297058105,0.861834704875946,-0.06552104651927948,0.47913622856140137,0.49553003907203674,0.9837002158164978,0.12039021402597427,0.3541842997074127,0.4574361741542816,0.9649040102958679,0.08962221443653107,0.08163518458604813,0.4627932906150818,1.0698566436767578,0.07373224198818207,0.2742949426174164,0.4422578811645508,1.0692050457000732,0.060531772673130035,0.0643472746014595
141,4.7,0.6206985712051392,0.4552808105945587,-0.08897484093904495,0.9992278218269348,0.619005560874939,0.5391980409622192,0.022485166788101196,0.9998319745063782,0.5649818181991577,0.4057937562465668,0.03102605603635311,0.998004674911499,0.5838586091995239,0.6202642917633057,0.02224699780344963,0.943980872631073,0.5343443751335144,0.34105175733566284,-0.009262599050998688,0.880410373210907,0.5536759495735168,0.6488093137741089,-0.06222512200474739,0.9494699835777283,0.534237265586853,0.3387635052204132,-0.06962044537067413,0.8988171815872192,0.5173238515853882,0.6773143410682678,0.012385374866425991,0.9986910820007324,0.46561235189437866,0.6225963234901428,-0.012553563341498375,0.9975292682647705,0.5045315623283386,0.8225557208061218,-0.01094520278275013,0.6929462552070618,0.4371070861816406,0.7887222170829773,-0.09765058755874634,0.5194882154464722,0.5000177621841431,0.9524598717689514,0.06814657896757126,0.3969026207923889,0.4529443383216858,0.9040340781211853,0.06816215813159943,0.1147259846329689,0.4827665686607361,1.0356159210205078,0.01853928342461586,0.31672367453575134,0.4417196810245514,0.9760326147079468,0.04906405135989189,0.08852282166481018
142,4.733333333333333,0.6205410957336426,0.45347583293914795,-0.07650123536586761,0.9992303848266602,0.6202449202537537,0.5333737730979919,0.05812622979283333,0.9998350143432617,0.5689857602119446,0.40171584486961365,0.06228361651301384,0.9981683492660522,0.5841330885887146,0.6196467280387878,0.07796281576156616,0.9364952445030212,0.5352679491043091,0.34424951672554016,0.11744020134210587,0.8598317503929138,0.5542498826980591,0.6438124179840088,0.016628408804535866,0.9440070986747742,0.5368064045906067,0.34959056973457336,0.14771896600723267,0.8711772561073303,0.5180481672286987,0.6637006402015686,0.009805401787161827,0.9987961053848267,0.46698659658432007,0.6065397262573242,-0.009967168793082237,0.9977437257766724,0.5059415102005005,0.8257739543914795,-0.01412714459002018,0.7112870812416077,0.43747782707214355,0.7859600782394409,-0.08857126533985138,0.5507118701934814,0.498971164226532,0.9594573378562927,0.05340922996401787,0.4247622787952423,0.44883474707603455,0.897095799446106,0.09480545669794083,0.1314726620912552,0.4802376627922058,1.0345045328140259,0.00336850481107831,0.34588736295700073,0.4402437210083008,0.9680824279785156,0.07936899363994598,0.10092063993215561
143,4.766666666666667,0.6198643445968628,0.45164793729782104,-0.08411596715450287,0.9992567896842957,0.6207179427146912,0.5340232253074646,0.03990636765956879,0.9998430609703064,0.5695884227752686,0.402361124753952,0.05798690766096115,0.9983275532722473,0.5843102335929871,0.6190637946128845,0.05486660450696945,0.9313513040542603,0.5353557467460632,0.34802868962287903,0.10933778434991837,0.8400601744651794,0.5548741817474365,0.6417092680931091,-0.007036793045699596,0.9396010041236877,0.5359249711036682,0.35331231355667114,0.12744703888893127,0.845803439617157,0.5181838870048523,0.664936900138855,0.008280434645712376,0.9989066123962402,0.46708059310913086,0.6122149229049683,-0.008436838164925575,0.9979583024978638,0.5064690709114075,0.8335793614387512,-0.009364442899823189,0.7298463582992554,0.4374127984046936,0.7936145067214966,-0.07057300209999084,0.5864010453224182,0.49985194206237793,0.9425381422042847,0.11478129774332047,0.44911864399909973,0.44654566049575806,0.8954610228538513,0.10060928761959076,0.16960184276103973,0.48028793931007385,1.014751672744751,0.08479500561952591,0.3745458126068115,0.43914055824279785,0.9611765742301941,0.08372862637042999,0.13259992003440857
144,4.8,0.619665265083313,0.45039474964141846,-0.08486916124820709,0.999297559261322,0.6204269528388977,0.533301830291748,0.030010174959897995,0.9998519420623779,0.5707412958145142,0.4030085802078247,0.05484069138765335,0.9984628558158875,0.5842994451522827,0.6201910376548767,0.03719547390937805,0.9320611357688904,0.5363280773162842,0.3528125584125519,0.09104879200458527,0.8240073323249817,0.5548208355903625,0.6432461142539978,-0.03365714102983475,0.9418742656707764,0.5357309579849243,0.3560338318347931,0.08871416002511978,0.8248690366744995,0.5181884169578552,0.6601897478103638,0.007993833161890507,0.9990057349205017,0.4676944315433502,0.6063083410263062,-0.008157008327543736,0.9981492161750793,0.5081812739372253,0.8223559260368347,-0.013773972168564796,0.7479868531227112,0.43782839179039,0.7763944268226624,-0.07028250396251678,0.6203486919403076,0.4996281564235687,0.9477187991142273,0.08485619723796844,0.4816536605358124,0.4455330967903137,0.8942821025848389,0.06714089214801788,0.21563687920570374,0.478290319442749,1.0240943431854248,0.04117988422513008,0.4108509123325348,0.4391166567802429,0.9651795029640198,0.035629093647003174,0.17254117131233215
145,4.833333333333333,0.6257050633430481,0.4177578389644623,-0.07647096365690231,0.9992939233779907,0.6244386434555054,0.4913528561592102,0.042074013501405716,0.9998568296432495,0.5801384449005127,0.3710678219795227,0.03942185640335083,0.9986036419868469,0.5843383073806763,0.5655311346054077,0.025866234675049782,0.92538982629776,0.5389078855514526,0.38071659207344055,-0.02974061667919159,0.8320714235305786,0.5600773692131042,0.6099929213523865,-0.07225750386714935,0.9429341554641724,0.5359914302825928,0.43553927540779114,-0.15309272706508636,0.8399738073348999,0.518175482749939,0.6078896522521973,0.009801255539059639,0.999095618724823,0.46926218271255493,0.5563225150108337,-0.009959935210645199,0.9983193278312683,0.5193463563919067,0.7336322069168091,-0.0880509540438652,0.7708560824394226,0.43620309233665466,0.7028068900108337,-0.10809584707021713,0.6541993021965027,0.500988781452179,0.9167921543121338,-0.09893649071455002,0.5318954586982727,0.44420284032821655,0.8226982355117798,0.04495799168944359,0.27425050735473633,0.48845577239990234,0.9799560308456421,-0.18421854078769684,0.4678831696510315,0.42608532309532166,0.9085326194763184,0.024443279951810837,0.23311932384967804
146,4.866666666666666,0.627716064453125,0.4112456440925598,-0.06588014960289001,0.9992912411689758,0.6249354481697083,0.48984992504119873,0.06017611175775528,0.9998606443405151,0.5818454027175903,0.36604368686676025,0.04664916545152664,0.998729944229126,0.5844224095344543,0.5610995292663574,0.024588054046034813,0.9180043935775757,0.5401483774185181,0.38242673873901367,-0.027962520718574524,0.8326061367988586,0.561219334602356,0.6070820093154907,-0.09255131334066391,0.9430885314941406,0.5356183052062988,0.44158273935317993,-0.16758593916893005,0.8518010973930359,0.5181583166122437,0.596921980381012,0.009213956072926521,0.9991755485534668,0.4704156816005707,0.5472069382667542,-0.009359789080917835,0.9984735250473022,0.5211594700813293,0.7179628014564514,-0.1223868727684021,0.7882352471351624,0.43449845910072327,0.6941739916801453,-0.12412339448928833,0.6793128252029419,0.5010722279548645,0.9121202826499939,-0.10815860331058502,0.5722153782844543,0.44390934705734253,0.8257375359535217,-0.002203105017542839,0.31614890694618225,0.48712649941444397,0.977200984954834,-0.1921871155500412,0.5140708088874817,0.42503491044044495,0.9067115783691406,-0.04321988672018051,0.27568644285202026
147,4.9,0.6274471879005432,0.40725135803222656,-0.06595028936862946,0.9993245601654053,0.6254739761352539,0.4908808469772339,0.05878116562962532,0.9998654723167419,0.5828672647476196,0.3649559020996094,0.044580571353435516,0.9988436698913574,0.584440290927887,0.5606591701507568,0.019697697833180428,0.9128840565681458,0.5404701828956604,0.38480937480926514,-0.05065176635980606,0.8305747509002686,0.5611477494239807,0.6095895171165466,-0.10723651945590973,0.9444330930709839,0.5358433127403259,0.44345271587371826,-0.20404081046581268,0.8616200089454651,0.518837571144104,0.5913684368133545,0.008872924372553825,0.999247670173645,0.475170761346817,0.5363757014274597,-0.009008916094899178,0.9986128807067871,0.5218184590339661,0.7230668663978577,-0.09130255877971649,0.7978682518005371,0.43365150690078735,0.6535132527351379,-0.1269484907388687,0.6983073353767395,0.5012785196304321,0.908323347568512,-0.08398871123790741,0.6055762767791748,0.44482311606407166,0.8150530457496643,-0.036559201776981354,0.3520248234272003,0.48682475090026855,0.9736773371696472,-0.167440265417099,0.5527355074882507,0.42547550797462463,0.8935583233833313,-0.08206816017627716,0.31334322690963745
148,4.933333333333334,0.6271441578865051,0.40740135312080383,-0.06859904527664185,0.9993738532066345,0.6254486441612244,0.49112412333488464,0.05703400820493698,0.9998729825019836,0.5817760229110718,0.3663506507873535,0.04377717524766922,0.9989489912986755,0.5844954252243042,0.5577545762062073,0.019715890288352966,0.9111092686653137,0.5401168465614319,0.3892005383968353,-0.047667477279901505,0.8286438584327698,0.5612929463386536,0.6082049608230591,-0.10845805704593658,0.9462107419967651,0.5359178781509399,0.44717735052108765,-0.19525690376758575,0.8705198764801025,0.5188388824462891,0.588912844657898,0.008541109040379524,0.9993128776550293,0.4755136966705322,0.5340802669525146,-0.008673173375427723,0.9987376928329468,0.5222969055175781,0.7186652421951294,-0.10968396812677383,0.8109924793243408,0.4348897337913513,0.6645570993423462,-0.12654633820056915,0.7175884246826172,0.501149594783783,0.9070201516151428,-0.12797488272190094,0.6375056505203247,0.4450259804725647,0.8171135187149048,-0.0367235466837883,0.38335222005844116,0.4853115975856781,0.9628442525863647,-0.21425417065620422,0.5906026363372803,0.42472347617149353,0.9004424810409546,-0.0778740867972374,0.34968042373657227
149,4.966666666666667,0.627574622631073,0.4105956256389618,-0.05706517770886421,0.9994287490844727,0.6253827214241028,0.4898509979248047,0.06288259476423264,0.9998819828033447,0.5808857083320618,0.3655409812927246,0.04380973428487778,0.9990471005439758,0.5845341086387634,0.5554317831993103,0.030961135402321815,0.9094868898391724,0.5404034852981567,0.3883495330810547,-0.04305681586265564,0.8311900496482849,0.5611284971237183,0.6064150929450989,-0.09092704206705093,0.9481757879257202,0.5368983745574951,0.4442135691642761,-0.1830916553735733,0.8797525763511658,0.5203624963760376,0.5844631195068359,0.008378553204238415,0.9993757605552673,0.47646793723106384,0.529717206954956,-0.00851607508957386,0.9988558292388916,0.5211583375930786,0.7156144976615906,-0.10134565830230713,0.8236263990402222,0.43291664123535156,0.6550666093826294,-0.12046048790216446,0.7365909814834595,0.5013591051101685,0.9058108925819397,-0.12905625998973846,0.668294370174408,0.4454538822174072,0.8210341334342957,-0.035396043211221695,0.41830533742904663,0.48933762311935425,0.970501184463501,-0.20692689716815948,0.6263535022735596,0.4255198836326599,0.9018498063087463,-0.06820443272590637,0.38738203048706055
150,5.0,0.6278864145278931,0.4129379689693451,-0.05417429655790329,0.9994646310806274,0.62519371509552,0.48868969082832336,0.0679396241903305,0.9998881816864014,0.5805339217185974,0.366256445646286,0.04734067618846893,0.9991342425346375,0.5845640897750854,0.5558109879493713,0.04113549739122391,0.9003856182098389,0.5410627126693726,0.3870919942855835,-0.03654990345239639,0.8332316279411316,0.5606104731559753,0.6070075631141663,-0.0794203132390976,0.946709394454956,0.5377801060676575,0.44383031129837036,-0.18087896704673767,0.8880466818809509,0.5202826261520386,0.5868884921073914,0.008236599154770374,0.9994320273399353,0.4756961762905121,0.5363742113113403,-0.008367939852178097,0.9989630579948425,0.520922064781189,0.7220101356506348,-0.08944274485111237,0.8326718211174011,0.4323104918003082,0.6835187673568726,-0.11398802697658539,0.7532841563224792,0.5015177130699158,0.902239978313446,-0.08498780429363251,0.6923593282699585,0.4447387158870697,0.8281055688858032,0.009795344434678555,0.4441518783569336,0.4890095293521881,0.9730760455131531,-0.16408316791057587,0.6529218554496765,0.4228978157043457,0.9080125689506531,-0.020143795758485794,0.408237099647522
151,5.033333333333333,0.6315369606018066,0.36171358823776245,-0.11534719169139862,0.9995009899139404,0.6277124285697937,0.4321806728839874,0.012297721579670906,0.9998947978019714,0.5824865102767944,0.32553941011428833,-0.021951425820589066,0.9992151260375977,0.5847939848899841,0.5158831477165222,-0.012105895206332207,0.8983784914016724,0.5440456867218018,0.3983311057090759,-0.05721055716276169,0.8399028182029724,0.5670683979988098,0.5842046737670898,-0.12181724607944489,0.9448185563087463,0.5435324907302856,0.5160019993782043,-0.14479556679725647,0.8962773084640503,0.5201021432876587,0.5247294306755066,0.008179760538041592,0.9994847178459167,0.47641754150390625,0.4689340889453888,-0.008297129534184933,0.999061107635498,0.5238765478134155,0.6663958430290222,-0.09724453091621399,0.8372163772583008,0.432241290807724,0.5890331864356995,-0.11128928512334824,0.7580198645591736,0.5019734501838684,0.8664963841438293,-0.09928674250841141,0.7122519016265869,0.44175559282302856,0.7550605535507202,0.011592910625040531,0.4461936056613922,0.4899612367153168,0.9243115186691284,-0.1687871366739273,0.6746363043785095,0.42422881722450256,0.8268253803253174,-0.014132777228951454,0.41167962551116943
152,5.066666666666666,0.6315618753433228,0.3560636341571808,-0.20210015773773193,0.9995467662811279,0.6283722519874573,0.42382749915122986,-0.04268205538392067,0.9999023675918579,0.5815595984458923,0.3233925998210907,-0.08808901906013489,0.9992908835411072,0.5856702923774719,0.5061113238334656,-0.05661839246749878,0.9006316065788269,0.5456815361976624,0.40589725971221924,-0.10622173547744751,0.8513237833976746,0.5684409737586975,0.5744187235832214,-0.17128220200538635,0.9446814656257629,0.5435415506362915,0.5271076560020447,-0.16715623438358307,0.9049121737480164,0.5203539133071899,0.505181074142456,0.009921608492732048,0.9995339512825012,0.4793018400669098,0.45802268385887146,-0.0100551787763834,0.9991525411605835,0.5248045921325684,0.6578137874603271,-0.0929475650191307,0.847294807434082,0.4315730631351471,0.5811886191368103,-0.10867083072662354,0.7765163779258728,0.5023590326309204,0.8536969423294067,-0.0752619132399559,0.7335820198059082,0.44012942910194397,0.7557368874549866,0.008587107993662357,0.4821612536907196,0.4888409674167633,0.9183090925216675,-0.14489230513572693,0.6995981931686401,0.4219070076942444,0.8369925022125244,-0.026889968663454056,0.44843119382858276
153,5.1,0.6317797303199768,0.354586660861969,-0.16153541207313538,0.999589204788208,0.6286593675613403,0.4244407117366791,-0.01928950473666191,0.9999098181724548,0.5809388160705566,0.32438817620277405,-0.059439342468976974,0.9993595480918884,0.5866814851760864,0.5040661096572876,-0.04133283346891403,0.9012276530265808,0.5471977591514587,0.40426111221313477,-0.09087498486042023,0.8611612915992737,0.5687368512153625,0.5724533796310425,-0.16117462515830994,0.9455432891845703,0.5434178113937378,0.5218678116798401,-0.16262641549110413,0.9129952788352966,0.5200325846672058,0.5061163306236267,0.009822381660342216,0.9995783567428589,0.4788767695426941,0.4612838625907898,-0.00997115671634674,0.9992350935935974,0.5243422985076904,0.6640518307685852,-0.07548237591981888,0.8516182899475098,0.4287645220756531,0.6016809344291687,-0.07468767464160919,0.7901046276092529,0.5040522217750549,0.8540801405906677,-0.05190270021557808,0.7508065700531006,0.43806082010269165,0.7524182796478271,0.05092949792742729,0.5069776177406311,0.48985594511032104,0.921375036239624,-0.11920788139104843,0.7197446823120117,0.42260774970054626,0.8244569301605225,0.023606207221746445,0.47137972712516785
154,5.133333333333334,0.6315425038337708,0.34855198860168457,-0.18512722849845886,0.9996269941329956,0.6287532448768616,0.42674946784973145,-0.026671964675188065,0.9999157190322876,0.5823879241943359,0.32482531666755676,-0.07873619347810745,0.9994211196899414,0.5871011018753052,0.5043584108352661,-0.03419310599565506,0.9037111401557922,0.5472826957702637,0.40258997678756714,-0.1048702746629715,0.8706908822059631,0.5682708621025085,0.5730820298194885,-0.14376814663410187,0.9464198350906372,0.5429931282997131,0.5229893326759338,-0.1705087125301361,0.9198853969573975,0.5201654434204102,0.5017082691192627,0.012812325730919838,0.9996180534362793,0.4821123480796814,0.4549866020679474,-0.012973079457879066,0.999309241771698,0.5245417356491089,0.6621935963630676,-0.0511879026889801,0.8560177683830261,0.43061208724975586,0.5860798954963684,-0.07708217948675156,0.8053121566772461,0.5040122866630554,0.8548256158828735,-0.024012219160795212,0.767895519733429,0.43718022108078003,0.7546032667160034,0.023063521832227707,0.5418787002563477,0.49186891317367554,0.9267987608909607,-0.09415065497159958,0.7391279935836792,0.4209809899330139,0.8297743797302246,-0.02190862037241459,0.5045838356018066
155,5.166666666666667,0.6439523100852966,0.31310153007507324,-0.26716166734695435,0.9996577501296997,0.6271566152572632,0.35539308190345764,-0.08027402311563492,0.9999225735664368,0.5800909996032715,0.3023654520511627,-0.18961398303508759,0.9994747042655945,0.5906785726547241,0.4476813077926636,-0.021163590252399445,0.883455753326416,0.5505807995796204,0.4173177480697632,-0.18534818291664124,0.8776831030845642,0.5770267248153687,0.5475581884384155,-0.03880783170461655,0.9286177754402161,0.5463985204696655,0.562571108341217,-0.19207923114299774,0.9235166907310486,0.518658459186554,0.443582147359848,0.019696038216352463,0.9996553063392639,0.47806620597839355,0.4080039858818054,-0.01983906887471676,0.9993769526481628,0.5280052423477173,0.6196204423904419,-0.1174873486161232,0.8650341629981995,0.4159412980079651,0.5743224024772644,-0.0689992904663086,0.8045498132705688,0.5051494836807251,0.8094696998596191,-0.03450567275285721,0.7796412110328674,0.43154510855674744,0.6944153308868408,0.14330658316612244,0.5377127528190613,0.4970805048942566,0.8695512413978577,-0.09988684952259064,0.7529557943344116,0.4194234013557434,0.7664734125137329,0.1268787980079651,0.4998057782649994
156,5.2,0.640712559223175,0.29568928480148315,-0.3184468448162079,0.9996896386146545,0.6290158629417419,0.34829774498939514,-0.10264333337545395,0.9999285340309143,0.5797297358512878,0.2933864891529083,-0.20646779239177704,0.9995253682136536,0.5924549698829651,0.43907004594802856,-0.018635708838701248,0.8720738291740417,0.5514155626296997,0.420011043548584,-0.20766940712928772,0.8868035674095154,0.576966404914856,0.5435864925384521,-0.020937299355864525,0.9188936352729797,0.5479475259780884,0.5617799162864685,-0.23612689971923828,0.9300277233123779,0.5190474987030029,0.44082367420196533,0.022168559953570366,0.9996885061264038,0.47794264554977417,0.3974137604236603,-0.02230067178606987,0.9994381070137024,0.5311380624771118,0.6172992587089539,-0.10819882154464722,0.8754655718803406,0.4163443148136139,0.5625361800193787,-0.06009916588664055,0.8174553513526917,0.5082809925079346,0.7960171103477478,0.02449418418109417,0.7958409786224365,0.4287208616733551,0.6887439489364624,0.16366861760616302,0.5605615377426147,0.4975217878818512,0.8695694208145142,-0.0311979241669178,0.7704765796661377,0.41464510560035706,0.7588237524032593,0.14378629624843597,0.5199754238128662
157,5.233333333333333,0.6515859961509705,0.25875571370124817,-0.2829298675060272,0.9997135996818542,0.6289217472076416,0.28797662258148193,-0.09185801446437836,0.9999344348907471,0.5752710103988647,0.26162445545196533,-0.2176353633403778,0.9995665550231934,0.6059393882751465,0.37715139985084534,0.02945311926305294,0.8303375244140625,0.5564664602279663,0.4148164987564087,-0.21620988845825195,0.8932667970657349,0.6014171838760376,0.47498953342437744,0.054375093430280685,0.9027587175369263,0.5637373328208923,0.5550302863121033,-0.22442014515399933,0.9352817535400391,0.5213071703910828,0.3807052969932556,0.024813096970319748,0.9997173547744751,0.47787657380104065,0.34442368149757385,-0.024935655295848846,0.9994906187057495,0.5338097810745239,0.5573077201843262,-0.18231484293937683,0.8815898299217224,0.4102419912815094,0.5179099440574646,-0.08241567760705948,0.7987709045410156,0.5091356039047241,0.755254864692688,-0.11771790683269501,0.7924968004226685,0.4227290153503418,0.5932795405387878,0.16887730360031128,0.521152913570404,0.5000561475753784,0.8144516944885254,-0.17480425536632538,0.7739340662956238,0.406868040561676,0.6542240381240845,0.18057304620742798,0.4874168932437897
158,5.266666666666667,0.6482665538787842,0.24429304897785187,-0.3684178590774536,0.9997401833534241,0.6287533044815063,0.2900039851665497,-0.11170981824398041,0.9999387264251709,0.5742119550704956,0.25043684244155884,-0.2578231692314148,0.9996050000190735,0.6086513996124268,0.3793885409832001,0.046286441385746,0.7876455187797546,0.5590537786483765,0.41200464963912964,-0.2542746365070343,0.8988312482833862,0.6020430326461792,0.4756515622138977,0.10943420231342316,0.8813396096229553,0.5662090182304382,0.5557824969291687,-0.26186180114746094,0.9395209550857544,0.5217646360397339,0.3818378746509552,0.028064856305718422,0.9997414350509644,0.47760993242263794,0.33652183413505554,-0.028178518638014793,0.9995359182357788,0.5368705987930298,0.5538519620895386,-0.22104856371879578,0.8894018530845642,0.40824490785598755,0.5088896155357361,-0.08266015350818634,0.7775188088417053,0.5092447400093079,0.7495845556259155,-0.13577543199062347,0.8015129566192627,0.42498579621315,0.59210205078125,0.2103787660598755,0.48767033219337463,0.49895843863487244,0.8106985092163086,-0.208647221326828,0.7843737006187439,0.40961122512817383,0.660612165927887,0.20874115824699402,0.4571000635623932
159,5.3,0.6493964791297913,0.24371564388275146,-0.3272167444229126,0.999763548374176,0.6289347410202026,0.285949170589447,-0.089614138007164,0.9999427795410156,0.5751370191574097,0.2507181167602539,-0.24336786568164825,0.9996394515037537,0.6074037551879883,0.3744625449180603,0.06864005327224731,0.7450752258300781,0.5591678619384766,0.3983248770236969,-0.2352849245071411,0.9046699404716492,0.602326512336731,0.4787036180496216,0.1282913088798523,0.8677281141281128,0.5670725703239441,0.549921989440918,-0.23137836158275604,0.9433675408363342,0.5217713117599487,0.3816339671611786,0.032930828630924225,0.9997622966766357,0.47757449746131897,0.33462661504745483,-0.03301147744059563,0.9995761513710022,0.535637617111206,0.5586715936660767,-0.17424806952476501,0.8956587314605713,0.4078771471977234,0.5061396956443787,-0.08287055790424347,0.7780486941337585,0.509037971496582,0.7512779235839844,-0.10281740128993988,0.8101082444190979,0.423910528421402,0.5941057205200195,0.2028316706418991,0.474608451128006,0.49930357933044434,0.8060809373855591,-0.1680048406124115,0.7961127758026123,0.408184289932251,0.6560009121894836,0.21155598759651184,0.44687747955322266
160,5.333333333333333,0.6488432288169861,0.24881893396377563,-0.3414393365383148,0.9997849464416504,0.6290193200111389,0.28716713190078735,-0.09696599096059799,0.9999462366104126,0.5751907825469971,0.25089922547340393,-0.25245752930641174,0.9996693730354309,0.6080297231674194,0.37374764680862427,0.06009713560342789,0.7055956721305847,0.5595747828483582,0.3957648277282715,-0.24409155547618866,0.9092670679092407,0.6014018058776855,0.4819139838218689,0.11509615182876587,0.8524622321128845,0.567920446395874,0.5501915216445923,-0.23741579055786133,0.9464852213859558,0.5218847990036011,0.3805385231971741,0.03282574564218521,0.999780535697937,0.47745561599731445,0.33654001355171204,-0.032900143414735794,0.999611496925354,0.5348604917526245,0.5571286678314209,-0.1731996238231659,0.9013038873672485,0.4072580933570862,0.5100942254066467,-0.07791723310947418,0.773705244064331,0.5093504190444946,0.7528838515281677,-0.10785706341266632,0.8186956644058228,0.42438584566116333,0.5915457606315613,0.2132255733013153,0.45757603645324707,0.5007725358009338,0.8047224879264832,-0.1772935539484024,0.8073406219482422,0.4077222943305969,0.654336154460907,0.21838931739330292,0.43335309624671936
161,5.366666666666666,0.647489070892334,0.24619174003601074,-0.3333625793457031,0.9998039603233337,0.6290883421897888,0.2901073098182678,-0.09199769794940948,0.999949038028717,0.5752352476119995,0.2510318160057068,-0.24112877249717712,0.9996951222419739,0.6081068515777588,0.37184953689575195,0.06588385999202728,0.6663548946380615,0.5596026182174683,0.39492878317832947,-0.22499091923236847,0.9104800820350647,0.6016122102737427,0.47699087858200073,0.12385354936122894,0.8356391787528992,0.5682352781295776,0.5510662794113159,-0.22955676913261414,0.9476603269577026,0.5222987532615662,0.38210979104042053,0.03283745422959328,0.9997961521148682,0.4773465692996979,0.33763960003852844,-0.03290778398513794,0.9996420741081238,0.5349901914596558,0.5587474703788757,-0.163557231426239,0.9040842056274414,0.4056810736656189,0.5191221237182617,-0.07716448605060577,0.763760507106781,0.5100460052490234,0.7543829083442688,-0.1007724180817604,0.823479175567627,0.4253661632537842,0.5893816351890564,0.2135823518037796,0.4362563490867615,0.501765787601471,0.8056581020355225,-0.16975747048854828,0.8150054216384888,0.40911856293678284,0.6535686254501343,0.22135183215141296,0.4155985116958618
162,5.4,0.6467369198799133,0.2463662028312683,-0.3588733375072479,0.9998214840888977,0.6291531324386597,0.29163360595703125,-0.09850063920021057,0.9999518394470215,0.5751087069511414,0.25189417600631714,-0.2595858573913574,0.999719500541687,0.6081634163856506,0.37154990434646606,0.0643584355711937,0.6345829367637634,0.5595884919166565,0.39411917328834534,-0.23940816521644592,0.9115334749221802,0.602256715297699,0.4732687175273895,0.12113294750452042,0.8253005146980286,0.567861020565033,0.5512278079986572,-0.22461430728435516,0.948503851890564,0.522556722164154,0.3818143606185913,0.03443421050906181,0.9998115301132202,0.47727328538894653,0.33776384592056274,-0.03449641168117523,0.9996712803840637,0.5349472761154175,0.5594969987869263,-0.15786141157150269,0.9085261821746826,0.4054490923881531,0.5158154964447021,-0.07788293808698654,0.7614144086837769,0.5111531019210815,0.753846287727356,-0.0941937193274498,0.8333527445793152,0.4254406988620758,0.593415379524231,0.21066685020923615,0.42875486612319946,0.5029212236404419,0.8088071942329407,-0.16430911421775818,0.8260282874107361,0.40971535444259644,0.6538070440292358,0.2094477117061615,0.4089353680610657
163,5.433333333333334,0.647555410861969,0.24600642919540405,-0.3635387718677521,0.9998374581336975,0.6291956901550293,0.2918463945388794,-0.09879214316606522,0.9999547600746155,0.5749319195747375,0.2525275647640228,-0.26125654578208923,0.9997416734695435,0.6075333952903748,0.3724871277809143,0.0673539787530899,0.6192556619644165,0.5593303442001343,0.3946095407009125,-0.2370116412639618,0.9140105247497559,0.6021190285682678,0.47436895966529846,0.1218077763915062,0.8276250958442688,0.5683523416519165,0.5521830916404724,-0.21993443369865417,0.9502145051956177,0.5226686000823975,0.38247209787368774,0.03655359894037247,0.9998268485069275,0.477170467376709,0.3369150459766388,-0.03659578412771225,0.999699592590332,0.5349594354629517,0.5602821707725525,-0.14053022861480713,0.913828432559967,0.40543636679649353,0.5151951909065247,-0.08745208382606506,0.7721027135848999,0.5108680129051208,0.7526542544364929,-0.02942739427089691,0.8442349433898926,0.4257936477661133,0.5940144658088684,0.19224002957344055,0.4502499997615814,0.5021564960479736,0.811698317527771,-0.09949556738138199,0.8374075293540955,0.4101509153842926,0.6566095352172852,0.18270690739154816,0.42774248123168945
164,5.466666666666667,0.6488338112831116,0.24756620824337006,-0.35552144050598145,0.9998512864112854,0.6291366815567017,0.2936043441295624,-0.09909926354885101,0.9999573230743408,0.5746709704399109,0.2515880763530731,-0.2566835880279541,0.999761700630188,0.6068296432495117,0.3737508952617645,0.06629413366317749,0.6061059832572937,0.5591558814048767,0.39494407176971436,-0.22718779742717743,0.9156713485717773,0.6020334959030151,0.47481077909469604,0.11811332404613495,0.8288414478302002,0.5683836340904236,0.5525588393211365,-0.20456945896148682,0.9514914751052856,0.5228891372680664,0.3824407458305359,0.03673849627375603,0.9998410940170288,0.4770577549934387,0.3364546597003937,-0.03677407652139664,0.9997258186340332,0.5349828004837036,0.5604714751243591,-0.1298052817583084,0.9174920916557312,0.4060853123664856,0.5128495693206787,-0.09059599041938782,0.7803730368614197,0.5107608437538147,0.7529024481773376,-0.015538467094302177,0.8523520827293396,0.42576536536216736,0.594485342502594,0.18307720124721527,0.46917399764060974,0.5018917918205261,0.8103282451629639,-0.08412567526102066,0.846565306186676,0.41025227308273315,0.6588410139083862,0.17276068031787872,0.44535931944847107
165,5.5,0.6547999382019043,0.19774477183818817,-0.340833842754364,0.999864935874939,0.6345611214637756,0.2247351109981537,-0.10670872032642365,0.9999598860740662,0.5746814012527466,0.21681101620197296,-0.24818630516529083,0.9997731447219849,0.6242807507514954,0.29790157079696655,0.05918522924184799,0.5827736854553223,0.5628291368484497,0.3473140001296997,-0.21832506358623505,0.9187352061271667,0.6286512613296509,0.3905065357685089,0.10212197154760361,0.8310433626174927,0.5779770612716675,0.4745804965496063,-0.1581808626651764,0.9536493420600891,0.5287256240844727,0.3275112509727478,0.03555180877447128,0.9998512864112854,0.47781509160995483,0.29501551389694214,-0.0355801023542881,0.9997428059577942,0.53720623254776,0.5032727122306824,-0.20013976097106934,0.9201473593711853,0.4046253263950348,0.45469141006469727,-0.05027955025434494,0.7630441188812256,0.5105878114700317,0.7003486752510071,-0.1645471453666687,0.8549801707267761,0.4167725145816803,0.5155418515205383,0.2533244490623474,0.4383165240287781,0.5030163526535034,0.7470530271530151,-0.23766525089740753,0.8524492979049683,0.4024999141693115,0.5473101139068604,0.27811819314956665,0.4191240966320038
166,5.533333333333333,0.653164267539978,0.19150608777999878,-0.42971673607826233,0.9998780488967896,0.6347180604934692,0.22486823797225952,-0.14835098385810852,0.9999626278877258,0.5741924047470093,0.2094111144542694,-0.3037922978401184,0.9997903108596802,0.6240928769111633,0.2995067536830902,0.030392799526453018,0.5647657513618469,0.5644353032112122,0.3446548283100128,-0.2718929052352905,0.9220563173294067,0.6333911418914795,0.3828068971633911,0.09958486258983612,0.8288412690162659,0.5825569033622742,0.46264389157295227,-0.2348213493824005,0.9565522074699402,0.5313607454299927,0.3244270086288452,0.03456556424498558,0.9998579025268555,0.47901344299316406,0.28510305285453796,-0.03461012989282608,0.9997549057006836,0.5392763018608093,0.4995025098323822,-0.26674574613571167,0.9223459362983704,0.40540552139282227,0.4380888342857361,-0.05303942412137985,0.7447339296340942,0.5107403993606567,0.6989277601242065,-0.23110906779766083,0.8596835136413574,0.41164058446884155,0.5113644003868103,0.27143463492393494,0.40625932812690735,0.5137375593185425,0.7353914976119995,-0.32928067445755005,0.8601776957511902,0.3956872820854187,0.5423082113265991,0.27401435375213623,0.39285990595817566
167,5.566666666666666,0.6573024392127991,0.14723633229732513,-0.42431601881980896,0.9998816847801208,0.6401039958000183,0.16075900197029114,-0.19685417413711548,0.9999639391899109,0.5751023888587952,0.1642685830593109,-0.3407897353172302,0.9997989535331726,0.6460505723953247,0.2390894591808319,-0.0860123336315155,0.5418396592140198,0.5552692413330078,0.2727234363555908,-0.338784396648407,0.9271453619003296,0.6534017324447632,0.2847631573677063,-0.10508111864328384,0.8085973858833313,0.5934782028198242,0.3384539783000946,-0.3421669006347656,0.9591012001037598,0.533784806728363,0.270389199256897,0.03474145755171776,0.9998711347579956,0.4812042713165283,0.23390191793441772,-0.034810543060302734,0.999778151512146,0.540007472038269,0.45344895124435425,-0.1765792816877365,0.9282708168029785,0.4058774411678314,0.35894775390625,-0.07479923963546753,0.7677759528160095,0.5092020630836487,0.6371654272079468,-0.06213504821062088,0.8719538450241089,0.3925876021385193,0.44975292682647705,0.15307484567165375,0.45997071266174316,0.5122868418693542,0.6889410018920898,-0.13425444066524506,0.872400164604187,0.3740755617618561,0.48716142773628235,0.12672710418701172,0.44506657123565674
168,5.6,0.6583172082901001,0.14808966219425201,-0.4678012430667877,0.999881386756897,0.6413060426712036,0.1611611247062683,-0.22989363968372345,0.9999642372131348,0.575497567653656,0.1534142941236496,-0.3377053737640381,0.9997988939285278,0.645372748374939,0.23273243010044098,-0.06179606914520264,0.5023480653762817,0.5466047525405884,0.2590024173259735,-0.29461121559143066,0.9276169538497925,0.6136703491210938,0.2958715558052063,-0.006673584226518869,0.7414673566818237,0.5990431904792786,0.32833075523376465,-0.27763235569000244,0.9557704925537109,0.5363906621932983,0.2655458152294159,0.026817748323082924,0.9998807907104492,0.4827492833137512,0.22729668021202087,-0.0268865879625082,0.9997962713241577,0.5414198637008667,0.4467601478099823,-0.21854910254478455,0.9335342645645142,0.4047775864601135,0.36565127968788147,-0.015459631569683552,0.7816827893257141,0.5081881284713745,0.6326965093612671,-0.10916950553655624,0.8819805383682251,0.3906911313533783,0.44295772910118103,0.26936474442481995,0.49042168259620667,0.511825680732727,0.6904820799827576,-0.19309498369693756,0.8825494050979614,0.3691527843475342,0.4834126830101013,0.2476450502872467,0.47195300459861755
169,5.633333333333334,0.660429835319519,0.1453234851360321,-0.4830738604068756,0.9998614192008972,0.6425446271896362,0.17115354537963867,-0.255423903465271,0.9999649524688721,0.5741471648216248,0.15365631878376007,-0.3607634902000427,0.9997918605804443,0.6337882876396179,0.25575193762779236,-0.11245443671941757,0.4802030324935913,0.5473648309707642,0.2601131498813629,-0.36452150344848633,0.928550660610199,0.615705668926239,0.32221877574920654,-0.07385136187076569,0.6866266131401062,0.605329692363739,0.32257160544395447,-0.39063411951065063,0.9530712366104126,0.5366722941398621,0.26598867774009705,0.024225475266575813,0.9998900890350342,0.4823748469352722,0.22979041934013367,-0.024299530312418938,0.999812662601471,0.542413592338562,0.4417130649089813,-0.21552534401416779,0.9389063715934753,0.4021469056606293,0.3784519135951996,-0.03676314651966095,0.7964006662368774,0.5079613924026489,0.6316852569580078,-0.10818389803171158,0.8916178941726685,0.39379793405532837,0.43755659461021423,0.29796555638313293,0.5124431252479553,0.5076972842216492,0.6886236667633057,-0.19405123591423035,0.8920221328735352,0.37119707465171814,0.4767744243144989,0.29298844933509827,0.49093565344810486
170,5.666666666666667,0.6609067320823669,0.14929074048995972,-0.5286408066749573,0.9998317956924438,0.6441501379013062,0.1686229109764099,-0.27931827306747437,0.9999642968177795,0.5739308595657349,0.15370920300483704,-0.39604902267456055,0.9997888803482056,0.6377673149108887,0.26743361353874207,-0.10554703325033188,0.4541604816913605,0.5428665280342102,0.25935477018356323,-0.38943585753440857,0.9307976961135864,0.6304301023483276,0.2857370376586914,-0.037247318774461746,0.641217827796936,0.6015515923500061,0.3229716718196869,-0.4085555672645569,0.9536086320877075,0.5378085374832153,0.2651999294757843,0.023451033979654312,0.999898374080658,0.4822983741760254,0.22933898866176605,-0.023517105728387833,0.9998276829719543,0.5423952341079712,0.44159841537475586,-0.21242019534111023,0.9434769749641418,0.4010964334011078,0.3775225281715393,-0.04126207157969475,0.8071252703666687,0.5075069069862366,0.632108747959137,-0.09031108766794205,0.900873064994812,0.39719775319099426,0.4357145130634308,0.3182206153869629,0.5307205319404602,0.5046277046203613,0.6875237226486206,-0.19130383431911469,0.9011645317077637,0.3745069205760956,0.4657500386238098,0.3104833662509918,0.5091012120246887
171,5.7,0.6603860855102539,0.14824652671813965,-0.5181331038475037,0.9997994899749756,0.6462879180908203,0.16866016387939453,-0.2572275996208191,0.9999628067016602,0.5736682415008545,0.15691891312599182,-0.3834057152271271,0.9997720718383789,0.6503739356994629,0.2679365277290344,-0.07116131484508514,0.43348509073257446,0.5465486645698547,0.2604101300239563,-0.37516435980796814,0.9275142550468445,0.6594579219818115,0.2689915895462036,0.012038985267281532,0.6085963249206543,0.6017845869064331,0.3272968530654907,-0.38691896200180054,0.9481380581855774,0.5379284620285034,0.2666137218475342,0.025355692952871323,0.9999040365219116,0.4820835590362549,0.2293594777584076,-0.025418052449822426,0.9998379945755005,0.542364776134491,0.4432941973209381,-0.20345266163349152,0.946861982345581,0.4013961851596832,0.37776193022727966,-0.0761561244726181,0.8157817721366882,0.5072153210639954,0.6335596442222595,-0.06562484800815582,0.9080855846405029,0.39533671736717224,0.43653014302253723,0.275440514087677,0.5490421056747437,0.50322026014328,0.6872034072875977,-0.16208907961845398,0.9078074097633362,0.3716531991958618,0.4802592098712921,0.28309303522109985,0.5238047242164612
172,5.733333333333333,0.6603389978408813,0.148600235581398,-0.48561373353004456,0.9997357726097107,0.6468921303749084,0.16790863871574402,-0.24106910824775696,0.9999606609344482,0.5735632181167603,0.15240412950515747,-0.3723967671394348,0.99977046251297,0.6470544338226318,0.27227649092674255,-0.09016773849725723,0.4104580879211426,0.5430132150650024,0.26167842745780945,-0.3817959129810333,0.9288247227668762,0.6479581594467163,0.28088030219078064,-0.05216800048947334,0.5659011006355286,0.600823700428009,0.3258907198905945,-0.4167831838130951,0.947569727897644,0.5376054048538208,0.2672571539878845,0.02752126380801201,0.9999105334281921,0.4819406569004059,0.22891643643379211,-0.027573605999350548,0.9998505115509033,0.542441189289093,0.44383955001831055,-0.18187527358531952,0.9500709772109985,0.4016702175140381,0.3767854571342468,-0.09634603559970856,0.8280150890350342,0.507057785987854,0.6334367394447327,-0.04756772518157959,0.9146487712860107,0.39419645071029663,0.4371809661388397,0.22622258961200714,0.573248565196991,0.502510666847229,0.6874953508377075,-0.1379966288805008,0.9138075113296509,0.3699241578578949,0.4828057885169983,0.20743203163146973,0.5447221398353577
173,5.766666666666667,0.6597914695739746,0.09321100264787674,-0.1138773113489151,0.999717652797699,0.6300903558731079,0.12665462493896484,0.04310721158981323,0.9999581575393677,0.6006956696510315,0.06131352484226227,-0.0582977719604969,0.9997574687004089,0.5795788168907166,0.18322592973709106,0.09808862209320068,0.3744732439517975,0.5583792924880981,0.09746469557285309,-0.01098395511507988,0.8446506857872009,0.6076672673225403,0.20752862095832825,0.05545478314161301,0.5231914520263672,0.5949030518531799,0.09758742898702621,0.0589340515434742,0.8612256646156311,0.5355257987976074,0.2189548909664154,0.027982095256447792,0.9999139904975891,0.48209086060523987,0.17951878905296326,-0.028061524033546448,0.9998561143875122,0.5424196124076843,0.3993629515171051,-0.039848193526268005,0.9401444792747498,0.3898806571960449,0.3348256051540375,-0.08643924444913864,0.8093795776367188,0.5069695711135864,0.5736202001571655,-0.03097219206392765,0.9163135290145874,0.3860716223716736,0.38049906492233276,0.2175644189119339,0.5397382974624634,0.5006486177444458,0.6354694962501526,-0.1023617759346962,0.9139450788497925,0.3709990680217743,0.428027480840683,0.23560872673988342,0.5106484293937683
174,5.8,0.6594914197921753,0.08055288344621658,-0.26120275259017944,0.9996339678764343,0.6306273937225342,0.11166234314441681,-0.07406271249055862,0.9999409317970276,0.5950194597244263,0.073837049305439,-0.18731547892093658,0.999726414680481,0.5746197700500488,0.1635366827249527,0.04980885237455368,0.33764520287513733,0.5401253700256348,0.1500074863433838,-0.13760575652122498,0.8032517433166504,0.5882681012153625,0.19678209722042084,0.09552878141403198,0.47230976819992065,0.5962472558021545,0.18146201968193054,-0.05706017464399338,0.8141618371009827,0.5355545282363892,0.21727792918682098,0.028674453496932983,0.9999048709869385,0.48247018456459045,0.1722099781036377,-0.028737565502524376,0.9998497366905212,0.5438196063041687,0.39657002687454224,-0.07837885618209839,0.9156808853149414,0.3874053955078125,0.3385140597820282,-0.08604459464550018,0.7849029898643494,0.5069759488105774,0.5711936354637146,-0.06107421591877937,0.903168261051178,0.39023008942604065,0.3367651104927063,0.22711077332496643,0.4936870336532593,0.5021129846572876,0.630792498588562,-0.12956811487674713,0.9019957780838013,0.3747810125350952,0.3832043409347534,0.29184669256210327,0.4677595794200897
175,5.833333333333333,0.6633716821670532,0.09150342643260956,-0.31654423475265503,0.9994986057281494,0.6303291916847229,0.11384093761444092,-0.11291737854480743,0.999935507774353,0.592044472694397,0.08921834826469421,-0.23491668701171875,0.9996751546859741,0.5789929628372192,0.16884057223796844,0.019330857321619987,0.3061264455318451,0.5286246538162231,0.1713407337665558,-0.19604969024658203,0.7697510719299316,0.5968023538589478,0.20154134929180145,0.08677197247743607,0.4301626682281494,0.5944130420684814,0.22690576314926147,-0.12857583165168762,0.7619336247444153,0.5354247689247131,0.2136792242527008,0.028882712125778198,0.9999057054519653,0.4823949337005615,0.17065449059009552,-0.028921326622366905,0.9998524785041809,0.5442578792572021,0.39575788378715515,-0.09938506782054901,0.9100873470306396,0.38718459010124207,0.32941484451293945,-0.07815699279308319,0.7865045666694641,0.5069804191589355,0.5706550478935242,-0.06555525958538055,0.905564546585083,0.38446134328842163,0.3660477101802826,0.22684438526630402,0.4907671809196472,0.5065945386886597,0.6334904432296753,-0.13847818970680237,0.9044153094291687,0.37104254961013794,0.4084920287132263,0.2665713429450989,0.4605223536491394
176,5.866666666666666,0.663129985332489,0.090473473072052,-0.3202062249183655,0.9994074106216431,0.630694568157196,0.10391536355018616,-0.1199977770447731,0.9999269247055054,0.5894601941108704,0.08912134915590286,-0.24911582469940186,0.9996159672737122,0.5802759528160095,0.16332849860191345,0.013831417076289654,0.2778772711753845,0.5293052196502686,0.16744008660316467,-0.21492299437522888,0.7425923347473145,0.598694920539856,0.20097577571868896,0.0894380658864975,0.39353474974632263,0.5952820181846619,0.20544809103012085,-0.14862173795700073,0.7252704501152039,0.5353693962097168,0.21270698308944702,0.031443022191524506,0.9998993873596191,0.4823180139064789,0.17284688353538513,-0.03141430765390396,0.9998462200164795,0.5441343188285828,0.3975309729576111,-0.04738648980855942,0.8929142951965332,0.38723224401474,0.33219221234321594,-0.07793454080820084,0.7810934782028198,0.5066540241241455,0.572047233581543,-0.0005365973338484764,0.9044908881187439,0.3864436447620392,0.3566475212574005,0.23190061748027802,0.47564056515693665,0.5063287615776062,0.6334584355354309,-0.07345004379749298,0.9027884006500244,0.37244197726249695,0.40697357058525085,0.25925031304359436,0.444185733795166
177,5.9,0.6631865501403809,0.037599384784698486,-0.3106794059276581,0.9994286298751831,0.6312669515609741,0.06948327273130417,-0.12949419021606445,0.9999280571937561,0.5881680250167847,0.03908330202102661,-0.24742582440376282,0.9996005892753601,0.5816147327423096,0.10801222920417786,0.02602587640285492,0.2515661418437958,0.5270271301269531,0.07403828203678131,-0.25455158948898315,0.7178906798362732,0.5397204756736755,0.14949752390384674,0.12447737157344818,0.35497915744781494,0.5543586015701294,0.05953970551490784,-0.2769278287887573,0.6747313141822815,0.5352821350097656,0.17381276190280914,0.03634106367826462,0.9999019503593445,0.4858165383338928,0.1251382678747177,-0.036369748413562775,0.9998506903648376,0.544654369354248,0.34109947085380554,-0.021424058824777603,0.8953680396080017,0.3873094618320465,0.28715386986732483,-0.07764607667922974,0.7968457937240601,0.506754994392395,0.5239301323890686,-0.019270159304142,0.9113039970397949,0.38456252217292786,0.220337375998497,0.21976283192634583,0.4961569011211395,0.5067316293716431,0.5751614570617676,-0.08951090276241302,0.9091477990150452,0.3580954968929291,0.24617309868335724,0.2552942633628845,0.4613829553127289
178,5.933333333333334,0.6632424592971802,0.03751465305685997,-0.45712247490882874,0.9993345737457275,0.6383146047592163,0.05587111413478851,-0.23784275352954865,0.999917209148407,0.5846325159072876,0.034215446561574936,-0.35610273480415344,0.9995323419570923,0.585554301738739,0.10011418908834457,-0.058020301163196564,0.22699689865112305,0.5224530696868896,0.07249350845813751,-0.3021515905857086,0.6962446570396423,0.540143609046936,0.1374131143093109,0.06197090819478035,0.319655179977417,0.5522423386573792,0.07719625532627106,-0.2540765702724457,0.6298831701278687,0.5366879105567932,0.16334982216358185,0.0388084277510643,0.9998980164527893,0.48750218749046326,0.11879468709230423,-0.038812361657619476,0.9998487234115601,0.545263409614563,0.3400176763534546,-0.013000178150832653,0.8894299268722534,0.38631731271743774,0.28382232785224915,-0.07406776398420334,0.8025303483009338,0.5062528252601624,0.5230078101158142,0.013791593722999096,0.9143170714378357,0.3826589286327362,0.2250673770904541,0.2440844476222992,0.496211439371109,0.506600022315979,0.5740292072296143,-0.0623096339404583,0.9116470217704773,0.35657650232315063,0.24685730040073395,0.2758728563785553,0.4581177234649658
179,5.966666666666667,0.6620579957962036,0.03701895475387573,-0.43805447220802307,0.9991955757141113,0.6401382088661194,0.06261652708053589,-0.24215003848075867,0.999914824962616,0.5730575919151306,0.013797377236187458,-0.3376907408237457,0.9994562268257141,0.5862103700637817,0.11381194740533829,-0.0757477879524231,0.2069617211818695,0.5309999585151672,0.09843511879444122,-0.3698105216026306,0.7150135636329651,0.541793167591095,0.16562050580978394,0.03074149414896965,0.28862252831459045,0.6159616708755493,0.038369134068489075,-0.41992777585983276,0.6468735337257385,0.5374493598937988,0.15978392958641052,0.032401468604803085,0.9998948574066162,0.48874884843826294,0.11665873974561691,-0.03244347870349884,0.9998437762260437,0.5462545156478882,0.33844462037086487,-0.04350920766592026,0.8957228064537048,0.3871205449104309,0.28480619192123413,-0.05840463563799858,0.817079484462738,0.5064924955368042,0.5186502933502197,-0.0021323594264686108,0.920981764793396,0.38251248002052307,0.22642435133457184,0.2695457935333252,0.516346275806427,0.5072644948959351,0.5707023739814758,-0.07969403266906738,0.9176828861236572,0.3491629362106323,0.2447492629289627,0.2963626980781555,0.47388482093811035
180,6.0,0.6609148383140564,0.03488682582974434,-0.46866124868392944,0.9991588592529297,0.6441165208816528,0.04800013452768326,-0.27296021580696106,0.9998998641967773,0.5736855864524841,0.03584519401192665,-0.35352960228919983,0.9993239045143127,0.609614372253418,0.10503177344799042,-0.10743348300457001,0.18704988062381744,0.5302445292472839,0.05268483608961105,-0.33078351616859436,0.674552857875824,0.5601083636283875,0.10197724401950836,-0.0028628436848521233,0.2600170075893402,0.5676924586296082,0.02290903404355049,-0.32825934886932373,0.59263014793396,0.5388513207435608,0.15549001097679138,0.03192507475614548,0.9998713135719299,0.49065160751342773,0.11203859001398087,-0.03197682648897171,0.9998152852058411,0.5463806390762329,0.34033647179603577,0.0030484404414892197,0.8717114925384521,0.3876604437828064,0.28440383076667786,-0.058104008436203,0.8114519715309143,0.5063729286193848,0.5180122256278992,-0.007721158675849438,0.9208346605300903,0.3835604786872864,0.22258076071739197,0.2542443573474884,0.4972638785839081,0.5094276666641235,0.5689558386802673,-0.09039711952209473,0.9168033599853516,0.3503478169441223,0.24550168216228485,0.2790077030658722,0.4565591812133789
181,6.033333333333333,0.6600386500358582,0.03610232472419739,-0.5197396278381348,0.9991994500160217,0.6439141035079956,0.04975220188498497,-0.2936234176158905,0.9998924732208252,0.57462477684021,0.037924204021692276,-0.3852353096008301,0.9991967678070068,0.604214072227478,0.10081108659505844,-0.10729309171438217,0.17018111050128937,0.544009268283844,0.0267326720058918,-0.3865808844566345,0.666863739490509,0.5550348162651062,0.13965986669063568,0.002331147901713848,0.23499278724193573,0.5933468341827393,-0.0249731857329607,-0.41726046800613403,0.5721844434738159,0.540850043296814,0.15182916820049286,0.0318872295320034,0.9998394250869751,0.49274563789367676,0.10922645032405853,-0.03193972259759903,0.9997736811637878,0.5463394522666931,0.3385162651538849,0.005278675351291895,0.872443437576294,0.3880878686904907,0.27933749556541443,-0.0500822439789772,0.8196306228637695,0.506286084651947,0.5160954594612122,0.01330111175775528,0.9261137843132019,0.38376495242118835,0.22212505340576172,0.2751586139202118,0.4998685419559479,0.5089737176895142,0.5691983699798584,-0.08169446885585785,0.9215219020843506,0.35345759987831116,0.24496017396450043,0.29841405153274536,0.45815134048461914
182,6.066666666666666,0.6600297689437866,0.03365432843565941,-0.40713614225387573,0.9992221593856812,0.6439350247383118,0.049926307052373886,-0.2711568772792816,0.9998937845230103,0.5771409869194031,0.03349264711141586,-0.3111644387245178,0.9991679191589355,0.5943537950515747,0.10533874481916428,-0.08578319847583771,0.1568126082420349,0.5358312129974365,0.06316981464624405,-0.29503723978996277,0.6534044742584229,0.5463278293609619,0.15714752674102783,-0.022781355306506157,0.21325911581516266,0.5616375803947449,0.029582299292087555,-0.32218196988105774,0.545658528804779,0.5406323671340942,0.153120756149292,0.0315246656537056,0.9998424053192139,0.4919896125793457,0.11047814786434174,-0.03157516196370125,0.9997777342796326,0.5462558269500732,0.33916446566581726,0.02139940671622753,0.8763214349746704,0.3882584273815155,0.2829170525074005,-0.05265665799379349,0.8329587578773499,0.5068422555923462,0.5179193615913391,0.003523681778460741,0.9319627285003662,0.3831270933151245,0.22013723850250244,0.25659865140914917,0.5203877687454224,0.5151129961013794,0.5728811621665955,-0.07994250953197479,0.9273703098297119,0.3524154722690582,0.24687786400318146,0.28526338934898376,0.4773622453212738
183,6.1,0.6602717041969299,-0.04682371765375137,0.0464777871966362,0.985601544380188,0.6508537530899048,-0.011409665457904339,0.17384913563728333,0.9997051954269409,0.6225771307945251,-0.07400541752576828,-0.037184569984674454,0.9985878467559814,0.5973544716835022,0.04810070991516113,0.2527337670326233,0.14143820106983185,0.5939580798149109,-0.04817371442914009,-0.1093016117811203,0.6069837808609009,0.5552482008934021,0.06547288596630096,0.2624921500682831,0.19212652742862701,0.6125911474227905,-0.12478045374155045,-0.1310579925775528,0.4954940974712372,0.5403621196746826,0.10178600251674652,0.06811971962451935,0.9998300075531006,0.4991118013858795,0.06597940623760223,-0.06832893937826157,0.9997609853744507,0.5475102663040161,0.28599533438682556,0.045509930700063705,0.8643798828125,0.39149388670921326,0.23574665188789368,-0.1546269655227661,0.8453952670097351,0.5086957216262817,0.4620552957057953,0.0768360048532486,0.9339360594749451,0.3836345374584198,0.12809771299362183,0.07271978259086609,0.5451650023460388,0.5184844136238098,0.5183663964271545,0.008614235557615757,0.9271946549415588,0.3433424234390259,0.1496361792087555,0.08454318344593048,0.4956853985786438
184,6.133333333333334,0.6400715708732605,-0.005507796537131071,0.055978335440158844,0.9734190702438354,0.6380634903907776,-0.0076017240062355995,0.16384898126125336,0.9996418356895447,0.6214595437049866,-0.06923392415046692,-0.023861709982156754,0.9985170960426331,0.5997430682182312,0.04400834068655968,0.285898357629776,0.127691388130188,0.6155048608779907,-0.09603103250265121,-0.10101814568042755,0.589340329170227,0.5688772797584534,0.044820208102464676,0.36772552132606506,0.17319980263710022,0.6350309252738953,-0.17288793623447418,-0.13052906095981598,0.45677855610847473,0.540101170539856,0.09898486733436584,0.06328193098306656,0.9998357892036438,0.4992586076259613,0.0640438050031662,-0.0634726732969284,0.9997714757919312,0.5483136177062988,0.276044636964798,0.06454236805438995,0.8308676481246948,0.39157217741012573,0.2373180240392685,-0.1376442015171051,0.856999933719635,0.5099976658821106,0.45398569107055664,0.049612194299697876,0.9310058951377869,0.3839881420135498,0.11882329732179642,0.031534384936094284,0.5722543597221375,0.5168309807777405,0.5238702297210693,-0.026295825839042664,0.9216071367263794,0.34048032760620117,0.1390247344970703,0.030383989214897156,0.5196512937545776
185,6.166666666666667,0.6426347494125366,-0.00608194712549448,-0.020526468753814697,0.9661755561828613,0.6381839513778687,-0.007099069654941559,0.08934558928012848,0.9995835423469543,0.6186490654945374,-0.07404900342226028,-0.06279247999191284,0.9983429908752441,0.600094199180603,0.05893232673406601,0.20728711783885956,0.11531288176774979,0.6043515205383301,-0.07186439633369446,-0.10176169872283936,0.5606697201728821,0.5830305814743042,0.061022523790597916,0.2941316068172455,0.1560778170824051,0.6409664154052734,-0.14512331783771515,-0.11129575967788696,0.4206864535808563,0.5433247685432434,0.09422046691179276,0.05622900277376175,0.9998257160186768,0.5017510652542114,0.062413766980171204,-0.05636059492826462,0.9997588396072388,0.54825359582901,0.2843816578388214,0.03999488800764084,0.7957398891448975,0.39226123690605164,0.23811230063438416,-0.12008856236934662,0.861291766166687,0.5099069476127625,0.4582744240760803,0.03958253934979439,0.9252464771270752,0.38414129614830017,0.1187792643904686,0.07843507081270218,0.5786287784576416,0.5174432396888733,0.5168103575706482,-0.03686889633536339,0.9111477136611938,0.34032854437828064,0.13701525330543518,0.08169515430927277,0.5220478773117065
186,6.2,0.6430996656417847,-0.012485786341130733,0.09768010675907135,0.9226059317588806,0.6409284472465515,-0.01337769441306591,0.2020573616027832,0.9994197487831116,0.6259947419166565,-0.08076531440019608,0.004307362250983715,0.9981696605682373,0.6057983040809631,0.04246608912944794,0.2979728877544403,0.10410188138484955,0.6060274839401245,-0.08242639154195786,-0.08464045822620392,0.5476723313331604,0.5899208784103394,0.038005631417036057,0.3388868272304535,0.14077354967594147,0.6285445094108582,-0.1354459971189499,-0.13441786170005798,0.3904825747013092,0.5435508489608765,0.09281226992607117,0.06351898610591888,0.9998224377632141,0.5041153430938721,0.060419224202632904,-0.06375262141227722,0.9997583627700806,0.5483819246292114,0.28687790036201477,0.041591573506593704,0.7736926078796387,0.3932003974914551,0.23833702504634857,-0.14484889805316925,0.8715145587921143,0.509811282157898,0.4577775299549103,0.035837456583976746,0.923669159412384,0.3840518593788147,0.11927735805511475,0.03298138827085495,0.6004154682159424,0.5168225765228271,0.5213779807090759,-0.04034379869699478,0.9060567021369934,0.33811619877815247,0.13938085734844208,0.03651737794280052,0.5400585532188416
187,6.233333333333333,0.6178560256958008,-0.0037263515405356884,-0.0435156524181366,0.8432005047798157,0.60955411195755,-0.03968847170472145,0.10875018686056137,0.9993460178375244,0.5977362394332886,-0.06620567291975021,-0.10238078981637955,0.9977170825004578,0.5764228105545044,0.028118973597884178,0.2070743292570114,0.09388571232557297,0.5930201411247253,-0.03821837902069092,-0.11672916263341904,0.5055112838745117,0.5592433214187622,0.04516452178359032,0.25663211941719055,0.12677603960037231,0.6226416826248169,-0.11316870898008347,-0.06790684908628464,0.3555062711238861,0.5250565409660339,0.04955890402197838,0.052830517292022705,0.9997923374176025,0.5026222467422485,0.030801091343164444,-0.05311690643429756,0.9997179508209229,0.5487115979194641,0.21798072755336761,0.061960745602846146,0.7050129771232605,0.3985450565814972,0.19149067997932434,-0.0687154084444046,0.8667137622833252,0.5138946175575256,0.39585763216018677,0.11976895481348038,0.8881511092185974,0.37687158584594727,0.04484158754348755,0.04635096341371536,0.6284647583961487,0.5193582773208618,0.4579288363456726,0.07865280658006668,0.8755634427070618,0.3326978087425232,0.07344356924295425,0.0372793972492218,0.5685720443725586
188,6.266666666666667,0.6149476766586304,-0.006515866611152887,0.04227661341428757,0.7707726955413818,0.6095512509346008,-0.04824912175536156,0.10205737501382828,0.9992859363555908,0.5978140234947205,-0.08816146105527878,-0.02501259744167328,0.9974268674850464,0.5809310674667358,0.0011543893488124013,0.19778220355510712,0.08490303158760071,0.58974289894104,-0.060173068195581436,-0.04807498678565025,0.4703027904033661,0.563115119934082,0.011046758852899075,0.27082952857017517,0.11438361555337906,0.6191477179527283,-0.09382990002632141,-0.01576319709420204,0.3246537148952484,0.5259497761726379,0.04628939554095268,0.0524858720600605,0.9997987151145935,0.4986337721347809,0.014516906812787056,-0.05289433151483536,0.9997251629829407,0.550087034702301,0.22184601426124573,0.07114791870117188,0.681449294090271,0.3998221158981323,0.18003994226455688,-0.08231161534786224,0.8768832087516785,0.5146686434745789,0.38794490694999695,0.1103585734963417,0.889497697353363,0.3774315118789673,0.04101121798157692,0.0030742567032575607,0.6609556078910828,0.5077107548713684,0.4631940722465515,0.06002558395266533,0.8732742071151733,0.32853594422340393,0.06473171710968018,-0.01183161698281765,0.6023715734481812
189,6.3,0.6326858997344971,-0.1571308821439743,-0.07314710319042206,0.7028552889823914,0.6271955966949463,-0.15574972331523895,-0.06389918923377991,0.995816171169281,0.6169988512992859,-0.17334012687206268,-0.050819624215364456,0.9879025816917419,0.6098284721374512,-0.09176572412252426,-0.04847314953804016,0.08474399894475937,0.6027136445045471,-0.07772845774888992,-0.11046238988637924,0.4361207187175751,0.6208226084709167,-0.1285763531923294,-0.06097514182329178,0.10445655137300491,0.6175011992454529,-0.1294480711221695,-0.10373866558074951,0.29511138796806335,0.5278664231300354,-0.04083032160997391,0.029678529128432274,0.9994701147079468,0.5071327090263367,-0.049726612865924835,-0.029904469847679138,0.9992738366127014,0.5507695078849792,0.161118283867836,0.04996806010603905,0.6609120965003967,0.46715718507766724,0.1418365091085434,-0.02634250745177269,0.8467884659767151,0.5209288597106934,0.3366146385669708,0.13048310577869415,0.8831270933151245,0.4409428536891937,0.20161694288253784,0.09650450944900513,0.6461650133132935,0.5517650842666626,0.3894060254096985,0.07885132730007172,0.8553037047386169,0.42841070890426636,0.23768272995948792,-0.0031088083051145077,0.5769582986831665
190,6.333333333333333,0.6302129626274109,-0.16467761993408203,-0.07450675964355469,0.6364011168479919,0.6264140605926514,-0.15755750238895416,-0.05159490182995796,0.9910244345664978,0.6133245229721069,-0.1753694862127304,-0.08953098207712173,0.975774884223938,0.6212379932403564,-0.08479136973619461,0.03130980208516121,0.07964355498552322,0.6022894978523254,-0.08005201071500778,-0.1300482153892517,0.4027077853679657,0.6366791725158691,-0.12132657319307327,0.05666951462626457,0.09489402920007706,0.6221214532852173,-0.1332045942544937,-0.12503960728645325,0.2679343819618225,0.5159881711006165,-0.04441668093204498,0.033101245760917664,0.9991517663002014,0.5050570964813232,-0.05251413583755493,-0.033304743468761444,0.9988366365432739,0.5493866205215454,0.14579802751541138,0.04307558760046959,0.6321970224380493,0.4847242832183838,0.13327406346797943,-0.026054823771119118,0.8345168232917786,0.5212395787239075,0.32997164130210876,0.14002516865730286,0.8722982406616211,0.46580591797828674,0.2676248848438263,0.09928295761346817,0.6575673222541809,0.5427442789077759,0.3893008232116699,0.09297056496143341,0.8355876207351685,0.462214857339859,0.3419298529624939,0.06608130037784576,0.5778234004974365
191,6.366666666666666,0.6426373720169067,-0.18467405438423157,-0.08955645561218262,0.5899245738983154,0.6268666982650757,-0.17963142693042755,-0.03183097392320633,0.987199068069458,0.6216261386871338,-0.18438157439231873,-0.12847954034805298,0.9736714959144592,0.6185009479522705,-0.11118752509355545,0.0017064778367057443,0.07491481304168701,0.6038006544113159,-0.0812637209892273,-0.17949429154396057,0.39645421504974365,0.6306741833686829,-0.12649418413639069,-0.04761137813329697,0.08627993613481522,0.6168832182884216,-0.12577612698078156,-0.1618581861257553,0.24503540992736816,0.5191790461540222,-0.07197528332471848,0.0416485033929348,0.9988686442375183,0.5119139552116394,-0.07422726601362228,-0.041872620582580566,0.9986070990562439,0.548650860786438,0.1435946822166443,0.07465242594480515,0.5940688252449036,0.5383952856063843,0.147019624710083,-0.03985270857810974,0.8348925709724426,0.521083414554596,0.3313013017177582,0.15600673854351044,0.862057626247406,0.5094451904296875,0.3310830891132355,0.04987414926290512,0.6839386224746704,0.5528646111488342,0.3814144432544708,0.10052428394556046,0.8201180100440979,0.49160224199295044,0.39501962065696716,0.013359484262764454,0.600971519947052
192,6.4,0.6279898881912231,-0.13412831723690033,-0.1896236687898636,0.5417635440826416,0.6306856870651245,-0.13633780181407928,-0.10862091928720474,0.9852494597434998,0.6091273427009583,-0.16964173316955566,-0.18753091990947723,0.9682789444923401,0.625289797782898,-0.0796530544757843,-0.0033607587683945894,0.06929388642311096,0.5995309948921204,-0.105597123503685,-0.19118048250675201,0.3734266459941864,0.6263045072555542,-0.11863969266414642,0.056785304099321365,0.0779862329363823,0.6187196373939514,-0.14699696004390717,-0.16118761897087097,0.22482819855213165,0.5233355164527893,-0.045996762812137604,0.036601368337869644,0.9984557628631592,0.5090447068214417,-0.07067207992076874,-0.03679875656962395,0.9980881810188293,0.54875648021698,0.14180110394954681,0.06311903893947601,0.5604755282402039,0.4432752728462219,0.1172647699713707,-0.03938760608434677,0.811854362487793,0.5189568400382996,0.3318989872932434,0.1352054923772812,0.8304299712181091,0.41962116956710815,0.0917372778058052,0.11990245431661606,0.647035539150238,0.5443538427352905,0.39451631903648376,0.10760132968425751,0.7741612195968628,0.40271949768066406,0.10826997458934784,0.14764496684074402,0.5587502717971802
193,6.433333333333334,0.6205253005027771,-0.12344935536384583,-0.22627365589141846,0.5022217035293579,0.6305486559867859,-0.12417116016149521,-0.13888631761074066,0.9831740856170654,0.5998145937919617,-0.16927944123744965,-0.2155735194683075,0.9647353887557983,0.620880126953125,-0.06860403716564178,-0.015719059854745865,0.06457866728305817,0.5979853272438049,-0.11087086796760559,-0.19787520170211792,0.3576359748840332,0.6257093548774719,-0.11459880322217941,0.08195263147354126,0.0706777274608612,0.6203912496566772,-0.15785104036331177,-0.1591143161058426,0.21021603047847748,0.5243045687675476,-0.03924266993999481,0.0322745218873024,0.9979507327079773,0.5029019713401794,-0.0750049352645874,-0.032439880073070526,0.9975953102111816,0.5491362810134888,0.1504094898700714,0.08390258252620697,0.5395728349685669,0.41862136125564575,0.09037173539400101,9.343659621663392e-05,0.8038070201873779,0.5179036259651184,0.33313193917274475,0.18516798317432404,0.8149325847625732,0.3695789873600006,0.02760632522404194,0.17299845814704895,0.6420891284942627,0.5326797962188721,0.39759936928749084,0.16180731356143951,0.7475890517234802,0.34510713815689087,0.05846065282821655,0.1877373903989792,0.5413514971733093
194,6.466666666666667,0.6236828565597534,-0.12334126234054565,-0.20298795402050018,0.499125212430954,0.6313159465789795,-0.12835825979709625,-0.10913171619176865,0.9831214547157288,0.6003742218017578,-0.17224176228046417,-0.19127260148525238,0.9645520448684692,0.6199867129325867,-0.07566274702548981,-0.019248487427830696,0.06322900205850601,0.5962412357330322,-0.1082209050655365,-0.18648511171340942,0.35325947403907776,0.6258140802383423,-0.12530775368213654,0.044590260833501816,0.06479707360267639,0.6193506121635437,-0.15995298326015472,-0.14770948886871338,0.19991250336170197,0.5250062346458435,-0.04137740284204483,0.03177183121442795,0.9977766275405884,0.5014695525169373,-0.07463477551937103,-0.031931884586811066,0.9974141120910645,0.5495312213897705,0.15379269421100616,0.07223941385746002,0.5478734374046326,0.419626384973526,0.07649009674787521,-0.0032474349718540907,0.8058907389640808,0.5161305665969849,0.3337850868701935,0.17975404858589172,0.8167216777801514,0.3650969862937927,0.023128867149353027,0.18569323420524597,0.6490084528923035,0.530764639377594,0.39772534370422363,0.1508544683456421,0.7427815198898315,0.34174230694770813,0.06021430343389511,0.19331583380699158,0.5375721454620361
195,6.5,0.6257245540618896,-0.12220653891563416,-0.20445899665355682,0.5058031678199768,0.6331490874290466,-0.12715734541416168,-0.10683611780405045,0.9835039377212524,0.6008745431900024,-0.17119100689888,-0.1935470998287201,0.9654998779296875,0.6196516752243042,-0.07410042732954025,-0.0159212127327919,0.06043863296508789,0.5954055190086365,-0.11368651688098907,-0.18742026388645172,0.35604333877563477,0.6228405833244324,-0.1195451095700264,0.0521463081240654,0.05912361666560173,0.6162606477737427,-0.1655493825674057,-0.1484338492155075,0.19258186221122742,0.5253450870513916,-0.041800446808338165,0.032399632036685944,0.997680127620697,0.5011703372001648,-0.0738622322678566,-0.03256530314683914,0.9973439574241638,0.5498453378677368,0.1552881896495819,0.07745127379894257,0.5474374890327454,0.41680917143821716,0.10363836586475372,-0.018461747094988823,0.8144712448120117,0.5152020454406738,0.33349883556365967,0.18009071052074432,0.8135992884635925,0.36305326223373413,0.015963196754455566,0.1600978523492813,0.6598231792449951,0.5303027629852295,0.40191709995269775,0.15544947981834412,0.7325099110603333,0.3358404040336609,0.05169416964054108,0.17090211808681488,0.5399918556213379
196,6.533333333333333,0.6376909017562866,-0.13498826324939728,-0.18599645793437958,0.5246762037277222,0.6369348168373108,-0.13751034438610077,-0.07098794728517532,0.9840620160102844,0.6102858781814575,-0.1738629937171936,-0.18366512656211853,0.9669024348258972,0.6187316179275513,-0.07486292719841003,0.0028380630537867546,0.06071414798498154,0.5959378480911255,-0.10578189790248871,-0.18466289341449738,0.3771607279777527,0.624801754951477,-0.12525859475135803,0.04514525830745697,0.054832831025123596,0.616216778755188,-0.1567084789276123,-0.1496138721704483,0.18972259759902954,0.5257757306098938,-0.042874302715063095,0.039730485528707504,0.9976493120193481,0.5012319684028625,-0.07032604515552521,-0.03989723324775696,0.997318685054779,0.5499553084373474,0.15764664113521576,0.07047231495380402,0.5571252107620239,0.41669735312461853,0.10844128578901291,-0.05119870975613594,0.8268589973449707,0.515051007270813,0.3366130590438843,0.1582164764404297,0.8167136907577515,0.36430901288986206,0.0194901954382658,0.1106129139661789,0.6761410236358643,0.5301557779312134,0.4032489061355591,0.12754394114017487,0.7310881614685059,0.337962806224823,0.043576132506132126,0.1303187608718872,0.5509558916091919
197,6.566666666666666,0.6588225960731506,-0.19232036173343658,-0.22049590945243835,0.5672348141670227,0.6402888298034668,-0.18418583273887634,-0.06971655786037445,0.9840801954269409,0.6284691095352173,-0.19464410841464996,-0.18942716717720032,0.9678800702095032,0.6364808678627014,-0.12995076179504395,-0.04900975525379181,0.06078324466943741,0.6291165947914124,-0.12981146574020386,-0.22885946929454803,0.3711337149143219,0.6589738130569458,-0.1438896358013153,-0.1132221668958664,0.05426305904984474,0.6453453898429871,-0.15493886172771454,-0.23172330856323242,0.1865396648645401,0.5304843783378601,-0.09569321572780609,0.04153287410736084,0.9976440072059631,0.522079348564148,-0.09918006509542465,-0.04168067127466202,0.9973803162574768,0.5501247644424438,0.11151128262281418,0.10022827237844467,0.5647979974746704,0.5329517126083374,0.10355370491743088,-0.02654874697327614,0.8382102847099304,0.5155837535858154,0.2886850833892822,0.20469196140766144,0.8277878761291504,0.4993782639503479,0.2661780118942261,0.09342292696237564,0.7057890295982361,0.5308656692504883,0.3459145128726959,0.14622358977794647,0.7465065717697144,0.49545639753341675,0.3172397017478943,0.051003843545913696,0.5889779329299927
198,6.6,0.6676856875419617,-0.1933850198984146,-0.1339484006166458,0.6019853353500366,0.6435737013816833,-0.18465463817119598,-0.014511669985949993,0.9846653938293457,0.6379203796386719,-0.1996968388557434,-0.11117061227560043,0.968689501285553,0.6346244812011719,-0.14038331806659698,-0.02058326080441475,0.06608077883720398,0.632244884967804,-0.1357256919145584,-0.1643790751695633,0.354372501373291,0.652624249458313,-0.15154124796390533,-0.07116179168224335,0.056664835661649704,0.6489502191543579,-0.15873605012893677,-0.22986193001270294,0.17813228070735931,0.5357298254966736,-0.10682306438684464,0.03845331817865372,0.9974445700645447,0.5315450429916382,-0.11224955320358276,-0.03861052542924881,0.9971715211868286,0.5500909090042114,0.10223112255334854,0.0847855806350708,0.5622772574424744,0.546425461769104,0.10892024636268616,-0.051439471542835236,0.8392758369445801,0.5149235129356384,0.28337690234184265,0.15108539164066315,0.8330844044685364,0.5053325295448303,0.28034260869026184,0.04149077087640762,0.725594162940979,0.528071939945221,0.33980265259742737,0.08655254542827606,0.7531921863555908,0.5045084953308105,0.33488768339157104,0.007889688946306705,0.6114182472229004
