frame,timestamp,nose_x,nose_y,nose_z,nose_visibility,left_shoulder_x,left_shoulder_y,left_shoulder_z,left_shoulder_visibility,right_shoulder_x,right_shoulder_y,right_shoulder_z,right_shoulder_visibility,left_elbow_x,left_elbow_y,left_elbow_z,left_elbow_visibility,right_elbow_x,right_elbow_y,right_elbow_z,right_elbow_visibility,left_wrist_x,left_wrist_y,left_wrist_z,left_wrist_visibility,right_wrist_x,right_wrist_y,right_wrist_z,right_wrist_visibility,left_hip_x,left_hip_y,left_hip_z,left_hip_visibility,right_hip_x,right_hip_y,right_hip_z,right_hip_visibility,left_knee_x,left_knee_y,left_knee_z,left_knee_visibility,right_knee_x,right_knee_y,right_knee_z,right_knee_visibility,left_ankle_x,left_ankle_y,left_ankle_z,left_ankle_visibility,right_ankle_x,right_ankle_y,right_ankle_z,right_ankle_visibility,left_foot_x,left_foot_y,left_foot_z,left_foot_visibility,right_foot_x,right_foot_y,right_foot_z,right_foot_visibility
1,0.03333333333333333,0.5331135392189026,0.4686458110809326,-0.2758444547653198,0.9993284344673157,0.558161735534668,0.4977398216724396,-0.08867096900939941,0.9999212622642517,0.4933921694755554,0.499478280544281,-0.12057937681674957,0.9998456835746765,0.575282633304596,0.5325530767440796,-0.019340401515364647,0.9348762631416321,0.4609711170196533,0.5422449111938477,-0.06929431110620499,0.9092596173286438,0.5600532293319702,0.5917554497718811,-0.058427609503269196,0.9275352954864502,0.4716680645942688,0.6205066442489624,-0.09294373542070389,0.8925689458847046,0.5359660387039185,0.6553248763084412,0.013098212890326977,0.9999315142631531,0.5005781650543213,0.6574110984802246,-0.01326609868556261,0.9998831748962402,0.5340343117713928,0.7738378643989563,-0.05073298141360283,0.9806955456733704,0.5085302591323853,0.7825412154197693,-0.05526397377252579,0.9713984727859497,0.5197460651397705,0.9014682173728943,0.005467218346893787,0.9928769469261169,0.4939107894897461,0.8271737694740295,0.2048412263393402,0.932072103023529,0.5152505040168762,0.936298131942749,-0.08236254751682281,0.9903262853622437,0.4980185031890869,0.881897509098053,0.19363926351070404,0.9375117421150208
2,0.06666666666666667,0.5331792235374451,0.46865513920783997,-0.27597492933273315,0.9993936419487,0.5582451224327087,0.49774420261383057,-0.08711649477481842,0.9999287724494934,0.4933924078941345,0.49948638677597046,-0.11964253336191177,0.9998579621315002,0.5745836496353149,0.5332964658737183,-0.01886950060725212,0.9396806359291077,0.4609357714653015,0.5416820049285889,-0.07539882510900497,0.917702317237854,0.560045063495636,0.5926608443260193,-0.05813733488321304,0.934261679649353,0.47178998589515686,0.620373010635376,-0.11457254737615585,0.902744472026825,0.5361773371696472,0.655678927898407,0.012754244729876518,0.9998897314071655,0.5005521178245544,0.6575013995170593,-0.01291609276086092,0.9997782111167908,0.5341445207595825,0.7731963396072388,-0.055298399180173874,0.9807142615318298,0.5085262060165405,0.7821139097213745,-0.06071394681930542,0.9682876467704773,0.5200420618057251,0.9002259969711304,-0.01830110140144825,0.9930199384689331,0.49358171224594116,0.8267183303833008,0.19700080156326294,0.8888694643974304,0.5146037936210632,0.936296820640564,-0.11554628610610962,0.9906297326087952,0.4978216588497162,0.8815435767173767,0.1836443394422531,0.9040567278862
3,0.1,0.5330825448036194,0.4696976840496063,-0.2801470160484314,0.9994528293609619,0.5582327842712402,0.49957045912742615,-0.08713222295045853,0.999935507774353,0.4930419325828552,0.4994945824146271,-0.11890043318271637,0.9998686909675598,0.5746641755104065,0.5403286218643188,-0.020536204800009727,0.9446932077407837,0.4609224200248718,0.5374600887298584,-0.07514889538288116,0.9254059195518494,0.5598322749137878,0.5987019538879395,-0.06413375586271286,0.9405842423439026,0.469679057598114,0.6177464723587036,-0.11505164951086044,0.9121056199073792,0.5362790822982788,0.6572079062461853,0.011854135431349277,0.9998540282249451,0.500529944896698,0.6589189171791077,-0.01201362069696188,0.9996775388717651,0.5340718030929565,0.7775198817253113,-0.04923371225595474,0.9808033108711243,0.5084498524665833,0.7827104926109314,-0.05894875526428223,0.965756893157959,0.5197116732597351,0.9011513590812683,-0.011600303463637829,0.99330073595047,0.4946666359901428,0.8260089159011841,0.20507101714611053,0.8528737425804138,0.5140728950500488,0.9379109740257263,-0.10986350476741791,0.9910897016525269,0.49775075912475586,0.8808720111846924,0.19179300963878632,0.8778347373008728
4,0.13333333333333333,0.5330384969711304,0.47055307030677795,-0.2800614833831787,0.9995061159133911,0.5582294464111328,0.5004096031188965,-0.08647800236940384,0.9999415874481201,0.4928852617740631,0.49946239590644836,-0.11775229871273041,0.9998782873153687,0.5747417211532593,0.5428963303565979,-0.02026766911149025,0.949153482913971,0.4609139859676361,0.5356882810592651,-0.07469990104436874,0.9323108792304993,0.5596921443939209,0.6007717251777649,-0.06331393867731094,0.9462639093399048,0.4688054919242859,0.6163586974143982,-0.11414013803005219,0.9205012917518616,0.5363496541976929,0.657944917678833,0.01145410630851984,0.9998177289962769,0.5005125999450684,0.6596307754516602,-0.01161199901252985,0.9995760917663574,0.5340219736099243,0.7789306640625,-0.047950975596904755,0.9807621240615845,0.5083041191101074,0.7833268046379089,-0.05861760303378105,0.9632492065429688,0.5194615125656128,0.9016996026039124,-0.013590733520686626,0.9935387969017029,0.49531060457229614,0.825648307800293,0.20539040863513947,0.8186344504356384,0.5136738419532776,0.9387900233268738,-0.11396054178476334,0.9914938807487488,0.4977279603481293,0.8804479241371155,0.19226320087909698,0.8530910611152649
5,0.16666666666666666,0.5321661233901978,0.47062182426452637,-0.24546675384044647,0.9995532631874084,0.5581069588661194,0.5026524066925049,-0.06942974030971527,0.9999470710754395,0.49249953031539917,0.49946150183677673,-0.08722750842571259,0.999887228012085,0.5765295624732971,0.5488725900650024,-0.0014500159304589033,0.9534518122673035,0.4609373211860657,0.5305062532424927,-0.04044919088482857,0.9384616613388062,0.559309720993042,0.6043563485145569,-0.02964130975306034,0.9514553546905518,0.4662807583808899,0.6143835783004761,-0.07319106161594391,0.9281501173973083,0.5364868640899658,0.662400484085083,0.010182676836848259,0.9998019337654114,0.5005255341529846,0.6627674698829651,-0.010343670845031738,0.9995320439338684,0.5338886380195618,0.7859734296798706,-0.03604782000184059,0.9810981750488281,0.5067476034164429,0.7869910597801208,-0.059042640030384064,0.9625799655914307,0.5189794898033142,0.9024786353111267,0.024370040744543076,0.9936688542366028,0.49534177780151367,0.8274201154708862,0.19777965545654297,0.8051481246948242,0.5131503343582153,0.9393686652183533,-0.0648365467786789,0.991724967956543,0.4968906044960022,0.8831068277359009,0.18412616848945618,0.8422111868858337
6,0.2,0.5317480564117432,0.4706045389175415,-0.2333163470029831,0.9995949864387512,0.5580308437347412,0.5040460228919983,-0.05882648751139641,0.999951958656311,0.49236583709716797,0.499469131231308,-0.07795499265193939,0.9998950958251953,0.5772397518157959,0.5508891344070435,0.00556522561237216,0.957181453704834,0.46093764901161194,0.529525101184845,-0.033146582543849945,0.94392329454422,0.5589190721511841,0.6056585907936096,-0.02795061469078064,0.9561152458190918,0.4653194546699524,0.6138859987258911,-0.06892360001802444,0.9350175857543945,0.5365629196166992,0.6644846200942993,0.010185377672314644,0.9997870326042175,0.5005427598953247,0.6645653247833252,-0.010348730720579624,0.9994901418685913,0.5337764024734497,0.7889864444732666,-0.0294354148209095,0.9811399579048157,0.5060893893241882,0.788283109664917,-0.06085217744112015,0.9611524939537048,0.5184299349784851,0.9030789732933044,0.031144583597779274,0.9937542676925659,0.4953117370605469,0.8277138471603394,0.19186599552631378,0.7905576825141907,0.5131171941757202,0.9395093321800232,-0.05837736651301384,0.9918854236602783,0.49644574522972107,0.8832144141197205,0.17716898024082184,0.8299949765205383
7,0.23333333333333334,0.5305212140083313,0.4706006348133087,-0.24576249718666077,0.9996339082717896,0.5580097436904907,0.5056753158569336,-0.060257650911808014,0.9999563694000244,0.4922342896461487,0.49899742007255554,-0.08967791497707367,0.99990314245224,0.5787836909294128,0.554966926574707,-0.004879106301814318,0.960931658744812,0.4610477089881897,0.5241934657096863,-0.04056118428707123,0.9490020871162415,0.5582095384597778,0.6072238087654114,-0.0409962423145771,0.9603679776191711,0.46447664499282837,0.609114944934845,-0.07644860446453094,0.941300630569458,0.5365849137306213,0.667216420173645,0.009509876370429993,0.999782145023346,0.5005356073379517,0.665520191192627,-0.00966474786400795,0.9994779825210571,0.5335679054260254,0.7903168797492981,-0.029130462557077408,0.9819138050079346,0.5047538876533508,0.7902215719223022,-0.05409909412264824,0.9625954627990723,0.5183616280555725,0.9036156535148621,0.04490970820188522,0.994046151638031,0.49570339918136597,0.8323416113853455,0.2119884043931961,0.7886266112327576,0.5131341218948364,0.939281702041626,-0.0453396812081337,0.9923083782196045,0.49643391370773315,0.8885810971260071,0.1951383352279663,0.8287377953529358
8,0.26666666666666666,0.5299149751663208,0.47057825326919556,-0.25051698088645935,0.9996691346168518,0.5579591393470764,0.5063046216964722,-0.06824182718992233,0.9999604225158691,0.49218353629112244,0.4987007975578308,-0.08535518497228622,0.9999105930328369,0.5794979929924011,0.5562872886657715,-0.006078886799514294,0.9642677307128906,0.4611360430717468,0.5228562951087952,-0.034008175134658813,0.9535408616065979,0.5577956438064575,0.6073052883148193,-0.04213782772421837,0.9641997814178467,0.4641520380973816,0.6073598861694336,-0.06967367976903915,0.9469559788703918,0.5366345643997192,0.6679673194885254,0.008725990541279316,0.99977707862854,0.5005204677581787,0.66611647605896,-0.008878001011908054,0.9994663000106812,0.5334559679031372,0.7906306982040405,-0.028452495113015175,0.9825363755226135,0.5038731098175049,0.792331337928772,-0.05443785712122917,0.9638803005218506,0.5183706879615784,0.9036369919776917,0.04637731984257698,0.9942615032196045,0.4962323307991028,0.8334635496139526,0.21005651354789734,0.7863547205924988,0.5131206512451172,0.9390534162521362,-0.04200396314263344,0.9926385879516602,0.496441513299942,0.8892059922218323,0.19480298459529877,0.8273319005966187
9,0.3,0.5297685265541077,0.4705459177494049,-0.24450047314167023,0.9997008442878723,0.5578036904335022,0.5064440965652466,-0.068203866481781,0.9999640583992004,0.49207669496536255,0.4985937476158142,-0.08100266009569168,0.9999172687530518,0.5798207521438599,0.5567054152488708,-0.007426939904689789,0.9671955704689026,0.4611864686012268,0.5224136710166931,-0.02844909206032753,0.9575824737548828,0.5575535297393799,0.6075534224510193,-0.04810313135385513,0.9676324129104614,0.463963121175766,0.6066171526908875,-0.061361201107501984,0.9520344138145447,0.5366514921188354,0.6687496900558472,0.008416229858994484,0.9997721910476685,0.5005011558532715,0.6666939854621887,-0.008568169549107552,0.9994557499885559,0.5334192514419556,0.791443407535553,-0.023870505392551422,0.9829809665679932,0.5035408735275269,0.7936438918113708,-0.055858172476291656,0.9648292660713196,0.5183805227279663,0.903626024723053,0.04963047802448273,0.9944072961807251,0.4965917468070984,0.8343740701675415,0.20635375380516052,0.7834202647209167,0.5131310820579529,0.939008355140686,-0.036143794655799866,0.9928717017173767,0.4964524209499359,0.8895476460456848,0.19276770949363708,0.8248761892318726
10,0.3333333333333333,0.5297210216522217,0.47049954533576965,-0.23915240168571472,0.999729335308075,0.5577405095100403,0.5065923929214478,-0.06513026356697083,0.9999673366546631,0.4919969439506531,0.4985205829143524,-0.07699842005968094,0.9999231696128845,0.579927384853363,0.5571601986885071,-0.008346103131771088,0.9697731733322144,0.4612230658531189,0.5224323868751526,-0.02397138997912407,0.9611630439758301,0.557420551776886,0.6078246831893921,-0.05253011733293533,0.9707118272781372,0.463898241519928,0.6063150763511658,-0.055925656110048294,0.9565651416778564,0.5366774201393127,0.6691572666168213,0.008398647420108318,0.9997664093971252,0.5005003213882446,0.66703861951828,-0.008550400845706463,0.999445378780365,0.5333978533744812,0.7920306921005249,-0.019505079835653305,0.983259379863739,0.5035273432731628,0.7942608594894409,-0.05998236685991287,0.9656687378883362,0.5183888673782349,0.9035748839378357,0.05711629241704941,0.9944557547569275,0.49668869376182556,0.834767758846283,0.19835923612117767,0.7806031107902527,0.5131447315216064,0.9388061761856079,-0.026339491829276085,0.9929747581481934,0.49646133184432983,0.8899530172348022,0.18579724431037903,0.8219513297080994
11,0.36666666666666664,0.5286936163902283,0.47024276852607727,-0.25041645765304565,0.9997546672821045,0.5576776266098022,0.5070169568061829,-0.07551649957895279,0.999970018863678,0.4922303259372711,0.49471935629844666,-0.08285552263259888,0.9999288320541382,0.5802844762802124,0.5595495104789734,-0.01657024212181568,0.9720584154129028,0.4619576334953308,0.5156187415122986,-0.020826583728194237,0.9643512964248657,0.5564806461334229,0.607587456703186,-0.0530533604323864,0.9734320640563965,0.46168380975723267,0.5979346632957458,-0.04555722326040268,0.9607053995132446,0.5366804003715515,0.669630229473114,0.00848431047052145,0.9997603297233582,0.5004948377609253,0.6668047904968262,-0.008635004982352257,0.9994513988494873,0.5331034660339355,0.7935792803764343,-0.007469411939382553,0.9834392666816711,0.5036689043045044,0.7928193211555481,-0.07054629921913147,0.9672215580940247,0.5184124708175659,0.9014971256256104,0.09995141625404358,0.9941956400871277,0.4979313313961029,0.8399481177330017,0.1778849959373474,0.7880432605743408,0.5133676528930664,0.9387142658233643,0.024564791470766068,0.9926717877388,0.49694180488586426,0.8988217115402222,0.15701673924922943,0.8252286314964294
12,0.4,0.5280686616897583,0.4698231518268585,-0.2535587251186371,0.9997773170471191,0.557619571685791,0.5072331428527832,-0.08103413879871368,0.9999724626541138,0.492319256067276,0.4928749203681946,-0.08525050431489944,0.9999338984489441,0.5806065797805786,0.5603643655776978,-0.022736484184861183,0.9741047024726868,0.4624101221561432,0.5142994523048401,-0.023254865780472755,0.9671997427940369,0.5560241937637329,0.6072724461555481,-0.05754408985376358,0.9758508801460266,0.4609389305114746,0.5969688892364502,-0.04904786869883537,0.9643856287002563,0.5366954803466797,0.6699250936508179,0.008509795181453228,0.9997564554214478,0.5005139112472534,0.6666773557662964,-0.008657975122332573,0.9994592666625977,0.5330087542533875,0.7945876121520996,-0.007259003818035126,0.9833056330680847,0.5036934614181519,0.7921704053878784,-0.07132688909769058,0.9681694507598877,0.5184809565544128,0.9000051617622375,0.10066654533147812,0.9937665462493896,0.4984242022037506,0.8414075970649719,0.17596621811389923,0.7920359373092651,0.5136678814888,0.9386870265007019,0.02606227993965149,0.9921775460243225,0.49716266989707947,0.9010365009307861,0.15507002174854279,0.8257027864456177
13,0.43333333333333335,0.5268808603286743,0.46867072582244873,-0.2671460807323456,0.9997982978820801,0.5576227903366089,0.5071144104003906,-0.0966828316450119,0.9999746084213257,0.4925219416618347,0.4862775206565857,-0.08665146678686142,0.9999393224716187,0.5816469192504883,0.5611137747764587,-0.03220710530877113,0.9761309027671814,0.4633259177207947,0.5056219696998596,-0.019389422610402107,0.9698934555053711,0.5554732084274292,0.6071382164955139,-0.05610781908035278,0.9780349731445312,0.46041345596313477,0.5892114043235779,-0.042219772934913635,0.9677861332893372,0.5369366407394409,0.668768048286438,0.00616398686543107,0.9997667670249939,0.500703752040863,0.6645920872688293,-0.006276789121329784,0.9994968771934509,0.5317548513412476,0.7938929796218872,-0.0023100110702216625,0.9837629795074463,0.5037860870361328,0.7893516421318054,-0.06884525716304779,0.9705618619918823,0.5188159942626953,0.8939425945281982,0.1404535472393036,0.9933476448059082,0.5013869404792786,0.851238489151001,0.16031494736671448,0.8078941702842712,0.513863205909729,0.9385319948196411,0.07516439259052277,0.9917447566986084,0.4979841113090515,0.9086982011795044,0.12809672951698303,0.8373844027519226
14,0.4666666666666667,0.5264803171157837,0.46792471408843994,-0.2653388977050781,0.9998166561126709,0.5576244592666626,0.507040798664093,-0.09533431380987167,0.9999764561653137,0.4926484227180481,0.4842883348464966,-0.08490975201129913,0.9999440908432007,0.582085132598877,0.5614254474639893,-0.03253097087144852,0.9778462648391724,0.46383896470069885,0.5036115646362305,-0.01514702569693327,0.9722696542739868,0.555139422416687,0.6070526838302612,-0.05576884746551514,0.9799652099609375,0.46020179986953735,0.5873381495475769,-0.03707944601774216,0.9708316326141357,0.5371290445327759,0.6682313084602356,0.005250692833214998,0.9997752904891968,0.500861644744873,0.6636824011802673,-0.005356396082788706,0.9995298385620117,0.531155526638031,0.7934218645095825,-0.0023887334391474724,0.9840087890625,0.5038214921951294,0.7880092859268188,-0.06758944690227509,0.9726099371910095,0.5190228223800659,0.8918902277946472,0.1397382915019989,0.9928975701332092,0.5024041533470154,0.8532992005348206,0.15814907848834991,0.82180255651474,0.5139791369438171,0.9383344650268555,0.07438091188669205,0.9912772178649902,0.4984295964241028,0.910592794418335,0.12552477419376373,0.8474826812744141
15,0.5,0.5259318351745605,0.466424822807312,-0.29491716623306274,0.9998342394828796,0.5575591921806335,0.5055980086326599,-0.1286076009273529,0.999978244304657,0.49264365434646606,0.479537695646286,-0.11265946924686432,0.9999489784240723,0.5825367569923401,0.5606495141983032,-0.07139340043067932,0.9793024063110352,0.4640532433986664,0.49784010648727417,-0.02307550236582756,0.9744852185249329,0.5542280673980713,0.601473331451416,-0.09294790029525757,0.9814123511314392,0.460202157497406,0.582061231136322,-0.03652958944439888,0.9735729694366455,0.5373319983482361,0.6613757610321045,0.0044228448532521725,0.9997849464416504,0.5008673071861267,0.655238926410675,-0.004528895951807499,0.9995651841163635,0.5310060977935791,0.7859596014022827,-0.0012283279793336987,0.9826507568359375,0.5048099756240845,0.7746043801307678,-0.058881230652332306,0.9737840294837952,0.5192266702651978,0.8917645215988159,0.11463743448257446,0.991722047328949,0.5029793977737427,0.8620150089263916,0.10724935680627823,0.8352433443069458,0.514203667640686,0.9379625916481018,0.04085450991988182,0.9904666543006897,0.4996693730354309,0.9143137335777283,0.052592791616916656,0.8581799268722534
16,0.5333333333333333,0.5254539847373962,0.4652954041957855,-0.29562902450561523,0.9998497366905212,0.5575584173202515,0.5045838356018066,-0.12760180234909058,0.9999797940254211,0.4926636219024658,0.4783368706703186,-0.1101992279291153,0.9999532103538513,0.5829403400421143,0.5600853562355042,-0.07838735729455948,0.9807487726211548,0.46413642168045044,0.4963699281215668,-0.025026623159646988,0.9765005707740784,0.5538283586502075,0.5992670655250549,-0.11212853342294693,0.9828509092330933,0.4602048397064209,0.5801823735237122,-0.03366441652178764,0.9760472178459167,0.5375577807426453,0.6590202450752258,0.003951996099203825,0.9997938871383667,0.5009027719497681,0.6531865000724792,-0.004057115875184536,0.9995967745780945,0.5309382677078247,0.7832778692245483,-0.0009378700633533299,0.982072114944458,0.5055221319198608,0.7715339064598083,-0.05876598507165909,0.9752808809280396,0.5193867683410645,0.8918797969818115,0.11844024807214737,0.9910896420478821,0.5032886266708374,0.8632972836494446,0.10902263224124908,0.8481826186180115,0.5142882466316223,0.9378823041915894,0.04413953423500061,0.9900238513946533,0.5002886056900024,0.9151888489723206,0.055277056992053986,0.868479311466217
17,0.5666666666666667,0.5253411531448364,0.4637848734855652,-0.302680104970932,0.9998640418052673,0.5574905276298523,0.49884575605392456,-0.1316516250371933,0.9999812841415405,0.4924802780151367,0.4741800129413605,-0.12038743495941162,0.9999573826789856,0.5833677053451538,0.55733323097229,-0.06804446876049042,0.9813646674156189,0.46414175629615784,0.49227315187454224,-0.04018690437078476,0.9779483675956726,0.5525466799736023,0.5926733016967773,-0.08854715526103973,0.9833196401596069,0.46035534143447876,0.5789991021156311,-0.03746650367975235,0.9780989289283752,0.537858784198761,0.6518288254737854,0.0022647224832326174,0.9998014569282532,0.5009436011314392,0.6445539593696594,-0.002369432244449854,0.9996270537376404,0.5307720899581909,0.7758333086967468,-0.0037890151143074036,0.978422224521637,0.5070562958717346,0.7588800191879272,-0.05967092514038086,0.9746881127357483,0.5195600390434265,0.8921957015991211,0.06632775813341141,0.9894009828567505,0.5045081377029419,0.8722211122512817,0.03164932504296303,0.8596029877662659,0.5144749283790588,0.9354288578033447,-0.02711496874690056,0.989173173904419,0.5028505325317383,0.9196475744247437,-0.051345378160476685,0.8785079121589661
18,0.6,0.525296688079834,0.46170443296432495,-0.302456796169281,0.9998767375946045,0.5573930740356445,0.4969371259212494,-0.13106215000152588,0.999982476234436,0.49246945977211,0.47345322370529175,-0.11366017162799835,0.9999609589576721,0.5836385488510132,0.5557380318641663,-0.0881451815366745,0.9820290803909302,0.46419721841812134,0.4913128614425659,-0.038321059197187424,0.9790402054786682,0.5519174933433533,0.5908282995223999,-0.12867595255374908,0.9836935997009277,0.4605013430118561,0.5776042938232422,-0.043103866279125214,0.9798821210861206,0.538009524345398,0.6501041650772095,0.0002595872792880982,0.9998053312301636,0.501140832901001,0.6437928676605225,-0.000359901663614437,0.9996525645256042,0.5306903123855591,0.7723854780197144,-0.011560169979929924,0.9731404185295105,0.5079039335250854,0.7547190189361572,-0.07643570005893707,0.9740869402885437,0.5195959806442261,0.8920033574104309,0.05990723520517349,0.987205445766449,0.5048609972000122,0.8741835951805115,0.010624416172504425,0.8692270517349243,0.5147892236709595,0.9341596961021423,-0.03574346750974655,0.9878376126289368,0.5042494535446167,0.9207476377487183,-0.07698331773281097,0.8868646621704102
19,0.6333333333333333,0.5249913930892944,0.4595896005630493,-0.2946957051753998,0.99988853931427,0.5572223663330078,0.49398213624954224,-0.1254309117794037,0.9999838471412659,0.49246102571487427,0.4699184000492096,-0.11022286117076874,0.9999643564224243,0.5840814113616943,0.5509850978851318,-0.06947816908359528,0.9829164743423462,0.46443408727645874,0.4895508289337158,-0.02963426150381565,0.9799116253852844,0.5517051219940186,0.5865498185157776,-0.10980194807052612,0.9843226671218872,0.46100300550460815,0.5754356384277344,-0.035511888563632965,0.9813531637191772,0.5383402705192566,0.6467992067337036,0.00030245428206399083,0.9998043179512024,0.5019338726997375,0.6394132375717163,-0.0003973545099142939,0.9996722936630249,0.5306370854377747,0.7684856653213501,-0.0169253908097744,0.9633866548538208,0.5084758400917053,0.7505852580070496,-0.09498555958271027,0.9719901084899902,0.5201355218887329,0.8893678188323975,0.05396629497408867,0.9808202981948853,0.5063454508781433,0.875688910484314,-0.02207122929394245,0.8747305274009705,0.5156229734420776,0.9311613440513611,-0.03985389322042465,0.9842296242713928,0.5087367296218872,0.9230332970619202,-0.1130264401435852,0.8925031423568726
20,0.6666666666666666,0.5248569250106812,0.45780181884765625,-0.2992488741874695,0.9998990893363953,0.5571635365486145,0.4927546977996826,-0.12629839777946472,0.9999849200248718,0.4924395978450775,0.46960175037384033,-0.10942079871892929,0.9999673962593079,0.5842753648757935,0.5493631958961487,-0.06623311340808868,0.9834235310554504,0.464559406042099,0.489309698343277,-0.029888251796364784,0.9806637167930603,0.5515908598899841,0.5857658982276917,-0.10194259881973267,0.9844046235084534,0.46139293909072876,0.5744743943214417,-0.03887638449668884,0.9826573729515076,0.538671612739563,0.6439948081970215,-6.913931429153308e-05,0.999801754951477,0.5024648904800415,0.6363904476165771,-2.4374337954213843e-05,0.9996895790100098,0.5304098725318909,0.766061544418335,-0.022139184176921844,0.9544662237167358,0.5090165138244629,0.74867182970047,-0.09826567023992538,0.9699214100837708,0.5203947424888611,0.887194037437439,0.04835937172174454,0.9758387804031372,0.5069282054901123,0.8744398951530457,-0.02092459611594677,0.879961371421814,0.5158711671829224,0.92966628074646,-0.04825485870242119,0.98136305809021,0.5097967386245728,0.9232268333435059,-0.11281608045101166,0.8977407813072205
21,0.7,0.5246522426605225,0.45731547474861145,-0.3199484944343567,0.9999086260795593,0.5571388006210327,0.4920334815979004,-0.14142289757728577,0.999985933303833,0.4922221302986145,0.46999046206474304,-0.12398221343755722,0.9999701380729675,0.5845093727111816,0.5485684871673584,-0.07462947070598602,0.9839237332344055,0.4649624228477478,0.4910971224308014,-0.034322164952754974,0.9815257787704468,0.5517191290855408,0.5852457284927368,-0.09263312816619873,0.9846829771995544,0.46160799264907837,0.5742641687393188,-0.0401616171002388,0.9839447736740112,0.5389227271080017,0.6415897607803345,-0.000140638294396922,0.9997920393943787,0.5026358366012573,0.6343551874160767,4.917597470921464e-05,0.9996998310089111,0.5303470492362976,0.76419997215271,-0.02346537634730339,0.9409425854682922,0.5090585947036743,0.7483193874359131,-0.09489917010068893,0.9656357765197754,0.5205888152122498,0.8868008852005005,0.04443272203207016,0.968975305557251,0.5070325136184692,0.8753497004508972,-0.021918725222349167,0.8823978304862976,0.5161880254745483,0.9281226396560669,-0.05527337267994881,0.9776883125305176,0.5102323889732361,0.9231569766998291,-0.11786828190088272,0.9010961055755615
22,0.7333333333333333,0.5246848464012146,0.45685648918151855,-0.32226765155792236,0.9999173879623413,0.5571252703666687,0.4920409619808197,-0.14286427199840546,0.9999868869781494,0.4913577139377594,0.4711272716522217,-0.12402424961328506,0.9999726414680481,0.5850083827972412,0.5485559105873108,-0.08253927528858185,0.9846035838127136,0.4651462435722351,0.49172714352607727,-0.03402303159236908,0.982412576675415,0.5518211722373962,0.5852739810943604,-0.10076284408569336,0.985115110874176,0.46177539229393005,0.5735369920730591,-0.03563663735985756,0.9851592183113098,0.539152204990387,0.6416294574737549,-0.0003009376232512295,0.9997787475585938,0.5028200149536133,0.6351673007011414,0.00021608840324915946,0.9997065663337708,0.5302850008010864,0.7632793188095093,-0.022348463535308838,0.9274476170539856,0.5090643167495728,0.748163104057312,-0.1015612930059433,0.9623131155967712,0.5207856893539429,0.8861628174781799,0.05113250017166138,0.9612952470779419,0.5072610974311829,0.876186728477478,-0.033787764608860016,0.88450026512146,0.5166736841201782,0.9263249039649963,-0.047265615314245224,0.9733574390411377,0.5109924077987671,0.9227207899093628,-0.13217444717884064,0.9038829207420349
23,0.7666666666666667,0.5244842767715454,0.4555983245372772,-0.3142566382884979,0.9999251961708069,0.5570526719093323,0.48975634574890137,-0.14004962146282196,0.9999877214431763,0.49072226881980896,0.4703522026538849,-0.12204381078481674,0.9999748468399048,0.5853051543235779,0.5452830791473389,-0.07537698745727539,0.9849275350570679,0.4653015732765198,0.49240541458129883,-0.03475970774888992,0.9829859733581543,0.5518894791603088,0.5821672081947327,-0.08850769698619843,0.9849526882171631,0.46282869577407837,0.5740619897842407,-0.03838200494647026,0.986152172088623,0.5393105745315552,0.6387008428573608,-0.0010480432538315654,0.9997726678848267,0.5032945275306702,0.6315411925315857,0.0009722391259856522,0.9997167587280273,0.5302374958992004,0.7613585591316223,-0.021600913256406784,0.9184050559997559,0.509290337562561,0.7472955584526062,-0.09994114935398102,0.9600074291229248,0.520962119102478,0.8832131028175354,0.05321385711431503,0.9550447463989258,0.5086444616317749,0.8763092160224915,-0.036583445966243744,0.8872867822647095,0.5170930027961731,0.9244542717933655,-0.04117138683795929,0.969813883304596,0.512346088886261,0.9223944544792175,-0.13028623163700104,0.907252848148346
24,0.8,0.5243294835090637,0.4551857113838196,-0.3078029751777649,0.9999322891235352,0.5570942163467407,0.48912379145622253,-0.1383093297481537,0.9999884963035583,0.49030667543411255,0.47003626823425293,-0.11355473101139069,0.9999768733978271,0.5856062173843384,0.5438804030418396,-0.06897864490747452,0.985602617263794,0.46528396010398865,0.492995023727417,-0.03143494203686714,0.9837265014648438,0.5519431829452515,0.5820869207382202,-0.07338228821754456,0.9852978587150574,0.46332892775535583,0.574040412902832,-0.03974083811044693,0.9870879650115967,0.5396026372909546,0.6381314396858215,-0.0015583820641040802,0.9997625946998596,0.5036701560020447,0.6314802169799805,0.001476936973631382,0.9997237324714661,0.5302324891090393,0.7602097988128662,-0.018446175381541252,0.9068678617477417,0.5094451904296875,0.7476738691329956,-0.10238341242074966,0.9576444625854492,0.5213362574577332,0.8825429081916809,0.04763919115066528,0.9462339282035828,0.509387731552124,0.8801174759864807,-0.06416942179203033,0.8901857137680054,0.5177114605903625,0.9232946038246155,-0.04534877464175224,0.9646939635276794,0.5131317377090454,0.9228507280349731,-0.16178853809833527,0.910551130771637
25,0.8333333333333334,0.5241097211837769,0.45473387837409973,-0.3024612367153168,0.9999385476112366,0.5570729970932007,0.48694849014282227,-0.13436950743198395,0.9999892711639404,0.4894345700740814,0.47028589248657227,-0.11231714487075806,0.9999786615371704,0.5859807729721069,0.5422962307929993,-0.061357416212558746,0.9858289361000061,0.4652712941169739,0.4961661994457245,-0.03003687784075737,0.9839528203010559,0.5520407557487488,0.5824736952781677,-0.058037351816892624,0.985366702079773,0.46468955278396606,0.574114203453064,-0.0353635773062706,0.987751305103302,0.5403770208358765,0.6375223398208618,-0.00237732520326972,0.9997577667236328,0.5047450065612793,0.6312906742095947,0.002285958034917712,0.999732494354248,0.5303526520729065,0.7601456642150879,-0.014812360517680645,0.8832888603210449,0.5099581480026245,0.7486945390701294,-0.09758663177490234,0.9506596326828003,0.5218683481216431,0.8766786456108093,0.0517226979136467,0.926853358745575,0.5110724568367004,0.8849027752876282,-0.07255539298057556,0.8909571170806885,0.5184412598609924,0.9202479720115662,-0.03389822691679001,0.9535195231437683,0.5148831605911255,0.9246324300765991,-0.16802793741226196,0.9122461676597595
26,0.8666666666666667,0.5239500403404236,0.45424360036849976,-0.30550044775009155,0.9999442100524902,0.5570715665817261,0.48645955324172974,-0.13719190657138824,0.9999900460243225,0.4891693592071533,0.4695494472980499,-0.11753316223621368,0.9999803304672241,0.5863050222396851,0.5406407117843628,-0.0624752938747406,0.9859368205070496,0.46526503562927246,0.4973427355289459,-0.03432201221585274,0.9840452671051025,0.5521945953369141,0.5824431777000427,-0.0605941005051136,0.9851720333099365,0.4653487205505371,0.5742945671081543,-0.03703290969133377,0.9882075190544128,0.540706217288971,0.6371408700942993,-0.0024994625709950924,0.9997573494911194,0.5050528049468994,0.6309844255447388,0.002401219215244055,0.9997429847717285,0.530691385269165,0.760456919670105,-0.014407399110496044,0.8553507328033447,0.5103427767753601,0.7488779425621033,-0.09650970995426178,0.9415572881698608,0.5224766135215759,0.8760992288589478,0.053347039967775345,0.9019484519958496,0.5119068026542664,0.8868972063064575,-0.07905547320842743,0.889388382434845,0.5191118121147156,0.9186457991600037,-0.03052983246743679,0.9388687610626221,0.5153639316558838,0.9249749779701233,-0.1761859506368637,0.9123442769050598
27,0.9,0.5238648056983948,0.453479140996933,-0.30468207597732544,0.9999487400054932,0.5570700764656067,0.48560523986816406,-0.1352068930864334,0.999990701675415,0.4891323447227478,0.4698244333267212,-0.11670739948749542,0.9999819397926331,0.5867029428482056,0.5383329391479492,-0.056644730269908905,0.9856254458427429,0.4651638865470886,0.5025948882102966,-0.03977326676249504,0.9838925004005432,0.5539482831954956,0.5827762484550476,-0.050800859928131104,0.9841405153274536,0.46717458963394165,0.5854889154434204,-0.05647826939821243,0.9886037707328796,0.5417175889015198,0.6372368931770325,-0.0022861738689243793,0.9997719526290894,0.5060406923294067,0.6315378546714783,0.0021870865020900965,0.999764084815979,0.5318624973297119,0.7610995769500732,0.0023520474787801504,0.821768045425415,0.5103460550308228,0.7489961981773376,-0.11657103151082993,0.9412336945533752,0.5229522585868835,0.8624765276908875,0.16079182922840118,0.8408960700035095,0.5136120915412903,0.892956018447876,-0.11873944848775864,0.8945081830024719,0.5190492868423462,0.9058219790458679,0.11712272465229034,0.8863609433174133,0.5155726671218872,0.9258946180343628,-0.21653743088245392,0.9153873324394226
28,0.9333333333333333,0.5237039923667908,0.45303744077682495,-0.31105104088783264,0.9999527335166931,0.5570751428604126,0.48508816957473755,-0.14201270043849945,0.999991238117218,0.48913121223449707,0.4700489342212677,-0.1235741376876831,0.9999833106994629,0.5868989825248718,0.5366506576538086,-0.06145654246211052,0.9856629967689514,0.46494922041893005,0.5046141147613525,-0.05458909273147583,0.9844326972961426,0.5547949075698853,0.5831294059753418,-0.05828220769762993,0.9837722182273865,0.4679778218269348,0.589270293712616,-0.07876535505056381,0.9891207814216614,0.5422442555427551,0.6362096667289734,-0.0022352493833750486,0.9997832775115967,0.5065284967422485,0.6315040588378906,0.002126056235283613,0.999781608581543,0.5321720838546753,0.7615514993667603,-0.0023450355511158705,0.7978580594062805,0.5102134943008423,0.7506163716316223,-0.09347289055585861,0.9392293691635132,0.5231608152389526,0.8628301620483398,0.12446285784244537,0.8030799031257629,0.5143805146217346,0.8955796957015991,-0.08515705913305283,0.8996253609657288,0.5190219283103943,0.9050303101539612,0.06383392214775085,0.8562166690826416,0.5155240297317505,0.9266107082366943,-0.18524914979934692,0.9184823036193848
29,0.9666666666666667,0.5237870216369629,0.45303958654403687,-0.3116464912891388,0.9999568462371826,0.5572004318237305,0.4834956228733063,-0.14142872393131256,0.9999919533729553,0.4890977442264557,0.4717333912849426,-0.12234444916248322,0.9999847412109375,0.5869150757789612,0.5348043441772461,-0.06144052743911743,0.9864533543586731,0.46437549591064453,0.5119262933731079,-0.05962364748120308,0.9851043820381165,0.556244432926178,0.5848625898361206,-0.06654582172632217,0.9846855401992798,0.46950745582580566,0.5967140793800354,-0.09880980104207993,0.9894950985908508,0.5436924695968628,0.636724591255188,-0.001694094156846404,0.9997992515563965,0.508190929889679,0.6317508220672607,0.0015861851861700416,0.9998012185096741,0.5335055589675903,0.7628871202468872,0.017259467393159866,0.7754350304603577,0.5109441876411438,0.7542883157730103,-0.07709507644176483,0.9418788552284241,0.5280431509017944,0.8091808557510376,0.25216516852378845,0.7313836812973022,0.5161508917808533,0.9013749957084656,-0.06674215197563171,0.9054685235023499,0.5251199007034302,0.8599909543991089,0.2377302646636963,0.7840980291366577,0.516523003578186,0.9309423565864563,-0.16089418530464172,0.9205778241157532
30,1.0,0.5238137245178223,0.453088641166687,-0.3155173659324646,0.9999605417251587,0.5574036836624146,0.48274824023246765,-0.145008847117424,0.9999926090240479,0.48904433846473694,0.4729856252670288,-0.1249503344297409,0.9999860525131226,0.5869399309158325,0.534328043460846,-0.06323325634002686,0.9872190356254578,0.46398648619651794,0.5146422386169434,-0.06266848742961884,0.9857661128044128,0.5570402145385742,0.5860199928283691,-0.07227373868227005,0.9855233430862427,0.46999964118003845,0.59801185131073,-0.1021590381860733,0.9898881912231445,0.5439260601997375,0.6368577480316162,-0.001245077233761549,0.9998140335083008,0.5085417032241821,0.632134735584259,0.0011380219366401434,0.9998189806938171,0.5338675379753113,0.7638477087020874,0.016588818281888962,0.7611019015312195,0.511143147945404,0.7567399740219116,-0.0699266716837883,0.9447134733200073,0.528883159160614,0.8077085018157959,0.24569113552570343,0.6705754399299622,0.516647219657898,0.9025676250457764,-0.059147607535123825,0.9114139676094055,0.5260568857192993,0.8584572672843933,0.22803616523742676,0.7241690754890442,0.5165508985519409,0.9323485493659973,-0.15288673341274261,0.9233608245849609
31,1.0333333333333334,0.5238279104232788,0.453567236661911,-0.3030802309513092,0.9999642968177795,0.5575743913650513,0.48270323872566223,-0.13872738182544708,0.9999932646751404,0.48928728699684143,0.4805062711238861,-0.11606208980083466,0.9999873042106628,0.5868540406227112,0.5324186682701111,-0.061606623232364655,0.9882916808128357,0.46365007758140564,0.5229284763336182,-0.05819087103009224,0.9868999123573303,0.5609880685806274,0.5891880393028259,-0.08430306613445282,0.9868260622024536,0.47210922837257385,0.6059404015541077,-0.10810123383998871,0.990694522857666,0.5443698763847351,0.637036919593811,-0.0011043391423299909,0.9998289942741394,0.509307324886322,0.6339665055274963,0.0009797123493626714,0.9998353123664856,0.5350525379180908,0.7683628797531128,-0.010860771872103214,0.7716772556304932,0.511381208896637,0.7633092999458313,-0.05133774131536484,0.9484002590179443,0.5281537771224976,0.8246006369590759,0.1951039731502533,0.6354262828826904,0.5167833566665649,0.905426025390625,-0.023133249953389168,0.9178491234779358,0.5219039916992188,0.8748379945755005,0.16594474017620087,0.6948351263999939,0.5176474452018738,0.9376726746559143,-0.11525815725326538,0.9275295734405518
32,1.0666666666666667,0.5238326787948608,0.45389246940612793,-0.2977953255176544,0.999967634677887,0.5577207207679749,0.48250240087509155,-0.13283611834049225,0.9999938607215881,0.48946061730384827,0.48284903168678284,-0.11119149625301361,0.9999884366989136,0.5867319703102112,0.5315151810646057,-0.0609789714217186,0.9892436861991882,0.46347254514694214,0.5248465538024902,-0.05656976252794266,0.9878944754600525,0.5624447464942932,0.5907697677612305,-0.09093045443296432,0.9879854917526245,0.4727938771247864,0.6081898808479309,-0.11012707650661469,0.9914154410362244,0.544696569442749,0.6371697187423706,-0.000928939669393003,0.9998424649238586,0.5096603035926819,0.6354936957359314,0.0007901650969870389,0.9998500347137451,0.5356729030609131,0.7695732712745667,-0.013935307040810585,0.7789871692657471,0.5113505125045776,0.7655802369117737,-0.05511137843132019,0.9516074657440186,0.5277098417282104,0.8285859823226929,0.1929749995470047,0.6014823913574219,0.5170832276344299,0.9071165919303894,-0.02874802052974701,0.9235523343086243,0.5204251408576965,0.8808956742286682,0.16366112232208252,0.6659389138221741,0.5181441307067871,0.9396858215332031,-0.12175741046667099,0.931211531162262
33,1.1,0.5238379836082458,0.4541219174861908,-0.29460564255714417,0.9999706745147705,0.5578333139419556,0.4823494851589203,-0.13052836060523987,0.9999943971633911,0.48963332176208496,0.4835372865200043,-0.10896581411361694,0.9999894499778748,0.586642861366272,0.530745804309845,-0.060482095927000046,0.9901033043861389,0.4633358120918274,0.5250737071037292,-0.055863093584775925,0.9887754321098328,0.563093900680542,0.5916315913200378,-0.09076095372438431,0.9890233278274536,0.4729060232639313,0.6092342138290405,-0.10947170108556747,0.9920434355735779,0.544928789138794,0.6373374462127686,-0.0008720433106645942,0.999854564666748,0.5098040699958801,0.6362670660018921,0.0007241899147629738,0.9998632073402405,0.5358930230140686,0.7718770503997803,-0.021193284541368484,0.7847275137901306,0.5113555788993835,0.766238808631897,-0.055356066673994064,0.9539921283721924,0.5274640321731567,0.8298309445381165,0.1841396689414978,0.567136287689209,0.5172982215881348,0.907384991645813,-0.024809978902339935,0.9277428984642029,0.5191715955734253,0.8841301202774048,0.15450790524482727,0.6361090540885925,0.5185914635658264,0.9406272172927856,-0.11584462970495224,0.9333778023719788
34,1.1333333333333333,0.5238356590270996,0.45430612564086914,-0.2964033782482147,0.9999734163284302,0.5579186677932739,0.48230281472206116,-0.130772203207016,0.9999948740005493,0.48971661925315857,0.48380202054977417,-0.10959754884243011,0.9999903440475464,0.5865611433982849,0.5305299758911133,-0.06236817687749863,0.990867018699646,0.46322521567344666,0.5252817869186401,-0.05634715035557747,0.989533007144928,0.5632659196853638,0.5922092199325562,-0.09877835214138031,0.9899404644966125,0.4729008078575134,0.6092235445976257,-0.11018645763397217,0.9925681948661804,0.5449345707893372,0.6377231478691101,-0.0007602073019370437,0.9998654723167419,0.5096511840820312,0.6371603012084961,0.0006049202056601644,0.999875009059906,0.5359925031661987,0.7734362483024597,-0.02207900956273079,0.7897438406944275,0.511409342288971,0.766528308391571,-0.05768190696835518,0.956143319606781,0.5272851586341858,0.832106351852417,0.1828705221414566,0.5388144254684448,0.5175402760505676,0.9076328873634338,-0.026500578969717026,0.9316655993461609,0.5181456208229065,0.8850206732749939,0.1515122950077057,0.6117473840713501,0.5188362002372742,0.9412064552307129,-0.11849430948495865,0.9354934096336365
35,1.1666666666666667,0.5240874886512756,0.4555180072784424,-0.29459112882614136,0.9999759793281555,0.5581360459327698,0.4832702577114105,-0.12558779120445251,0.9999953508377075,0.48985639214515686,0.48996371030807495,-0.10980399698019028,0.9999911785125732,0.5863544940948486,0.5297905206680298,-0.04453083127737045,0.9916802644729614,0.4632272720336914,0.537592887878418,-0.06089533492922783,0.9902859926223755,0.5659841299057007,0.5966441035270691,-0.07171951979398727,0.9908812046051025,0.47559985518455505,0.6168220639228821,-0.11769415438175201,0.9930510520935059,0.5457378029823303,0.6417765021324158,0.0006272398168221116,0.9998762011528015,0.5097057819366455,0.6422719955444336,-0.0007976489141583443,0.9998858571052551,0.537446916103363,0.782354474067688,-0.03344089537858963,0.7965057492256165,0.5119885206222534,0.7700654864311218,-0.05018950626254082,0.9574151635169983,0.5273298025131226,0.8318783044815063,0.18728256225585938,0.5013444423675537,0.517708957195282,0.9081824421882629,-0.00796542502939701,0.9332552552223206,0.5208954811096191,0.8817219138145447,0.16275420784950256,0.5761656761169434,0.519318699836731,0.9420922994613647,-0.09628282487392426,0.9346392750740051
36,1.2,0.5242776274681091,0.456801176071167,-0.29566511511802673,0.9999783039093018,0.5583101511001587,0.4838293194770813,-0.12636543810367584,0.999995768070221,0.4899333119392395,0.492721289396286,-0.10990504175424576,0.9999919533729553,0.5861698389053345,0.5294108390808105,-0.0434398278594017,0.9924229383468628,0.46320098638534546,0.5408450365066528,-0.06204485893249512,0.9909781217575073,0.5668675899505615,0.5988438129425049,-0.06727539747953415,0.9917398691177368,0.4766480326652527,0.6181600093841553,-0.1168900728225708,0.9934976696968079,0.5463965535163879,0.6427545547485352,0.0013752109371125698,0.9998862743377686,0.5097382068634033,0.6433717012405396,-0.0015489596407860518,0.9998958706855774,0.5382458567619324,0.7842304706573486,-0.03203362226486206,0.8055380582809448,0.5121650695800781,0.7712783217430115,-0.05054421350359917,0.9593859314918518,0.5272223353385925,0.8332688212394714,0.18521972000598907,0.4755922853946686,0.5178252458572388,0.9084063172340393,-0.008305945433676243,0.9361350536346436,0.521527111530304,0.8823844194412231,0.15732158720493317,0.5540633797645569,0.519462525844574,0.9422744512557983,-0.09785841405391693,0.9358918070793152
37,1.2333333333333334,0.524940550327301,0.4588097035884857,-0.27771100401878357,0.9999804496765137,0.5583269596099854,0.4858730435371399,-0.1184890866279602,0.9999961256980896,0.4906604290008545,0.49863293766975403,-0.10523416846990585,0.9999926686286926,0.58474200963974,0.5297051668167114,-0.03431239724159241,0.9930812120437622,0.4632142186164856,0.5490606427192688,-0.060347605496644974,0.9914835095405579,0.5701960325241089,0.6016330122947693,-0.054518550634384155,0.9925124049186707,0.4783988893032074,0.6248986124992371,-0.11098460853099823,0.9936373829841614,0.5468020439147949,0.6502522230148315,0.0014608234632760286,0.9998958110809326,0.5101848244667053,0.652556300163269,-0.0016321111470460892,0.9999053478240967,0.5425688624382019,0.7885131239891052,-0.03349452465772629,0.806242823600769,0.5146776437759399,0.7780030369758606,-0.019468147307634354,0.9591608643531799,0.533561646938324,0.7878121137619019,0.22208301723003387,0.4319591224193573,0.5185136795043945,0.910258412361145,0.04060260206460953,0.9332044124603271,0.5271341800689697,0.8402045965194702,0.22604593634605408,0.5070782899856567,0.5201283693313599,0.9432222843170166,-0.03177734464406967,0.9287489056587219
38,1.2666666666666666,0.5258824229240417,0.4606771171092987,-0.28772690892219543,0.9999823570251465,0.5586543679237366,0.4877229332923889,-0.12956903874874115,0.9999964833259583,0.4911216199398041,0.5012005567550659,-0.11836818605661392,0.9999933242797852,0.584385871887207,0.5298649072647095,-0.040712226182222366,0.9936643242835999,0.46328964829444885,0.549802839756012,-0.06338607519865036,0.9920889735221863,0.5711146593093872,0.6026868224143982,-0.0531579963862896,0.993198037147522,0.4793747365474701,0.6267247796058655,-0.10919374227523804,0.993930459022522,0.5471254587173462,0.6510481238365173,0.001747974893078208,0.9999045729637146,0.5102878212928772,0.653514564037323,-0.0019061698112636805,0.9999140501022339,0.5443141460418701,0.7882479429244995,-0.037017010152339935,0.8130652904510498,0.5155903100967407,0.7800816893577576,-0.015539850108325481,0.9607274532318115,0.5359069108963013,0.7876095175743103,0.2210325449705124,0.39517661929130554,0.5187556147575378,0.9103677272796631,0.049405865371227264,0.9337916970252991,0.5288078784942627,0.8391311764717102,0.22136333584785461,0.47016263008117676,0.5204156637191772,0.9435617327690125,-0.025026455521583557,0.9269419312477112
39,1.3,0.5262912511825562,0.4627411663532257,-0.28185200691223145,0.999984085559845,0.5589437484741211,0.4891408383846283,-0.11970578134059906,0.9999967813491821,0.4916294515132904,0.5058450102806091,-0.108037568628788,0.9999938607215881,0.5838234424591064,0.5292012691497803,-0.034592919051647186,0.9941898584365845,0.4636077284812927,0.559138834476471,-0.0620732307434082,0.9925554990768433,0.5748149752616882,0.6033024191856384,-0.05119650810956955,0.9938262104988098,0.481595903635025,0.6326169967651367,-0.10677536576986313,0.9940723776817322,0.5477789640426636,0.65793776512146,0.000857246108353138,0.9999125599861145,0.5107319355010986,0.6602379679679871,-0.0010099303908646107,0.9999216794967651,0.5441077947616577,0.7898276448249817,-0.06601172685623169,0.8274874687194824,0.5153394341468811,0.7854559421539307,-0.018234793096780777,0.9629770517349243,0.5401636362075806,0.8010856509208679,0.19771264493465424,0.3772127628326416,0.5190929174423218,0.9121307134628296,0.05088257044553757,0.937481701374054,0.5319560766220093,0.8502110838890076,0.1855529397726059,0.4565413296222687,0.5203653573989868,0.9452285170555115,-0.02134186029434204,0.9296558499336243
40,1.3333333333333333,0.5263274908065796,0.4626774191856384,-0.2854343056678772,0.9999856352806091,0.5590103268623352,0.48999345302581787,-0.1183619350194931,0.999997079372406,0.49216094613075256,0.5067617893218994,-0.10708187520503998,0.9999943375587463,0.583537220954895,0.5284681916236877,-0.021850626915693283,0.9946469068527222,0.4636513590812683,0.5593184232711792,-0.058134205639362335,0.9929328560829163,0.5756982564926147,0.6031754612922668,-0.025085920467972755,0.9943907260894775,0.48220792412757874,0.6328110098838806,-0.09649178385734558,0.9941868782043457,0.5481610894203186,0.6605778932571411,3.373377330717631e-05,0.9999197125434875,0.5109286308288574,0.6623217463493347,-0.0001725221809465438,0.9999284744262695,0.5440903902053833,0.7917846441268921,-0.06572262942790985,0.8411336541175842,0.515262246131897,0.7881989479064941,-0.011853771284222603,0.9650392532348633,0.5410913228988647,0.8079190850257874,0.19583378732204437,0.3627818524837494,0.519434928894043,0.9127635359764099,0.06714142113924026,0.940964937210083,0.5320470333099365,0.8558787703514099,0.18779340386390686,0.4461691379547119,0.5202504992485046,0.9459784030914307,-0.004181608557701111,0.9323219656944275
41,1.3666666666666667,0.5265106558799744,0.46329766511917114,-0.2940690219402313,0.9999870657920837,0.5591190457344055,0.4900515377521515,-0.1186857596039772,0.9999973773956299,0.49310144782066345,0.5103051662445068,-0.11532267183065414,0.9999948143959045,0.5830566883087158,0.5255498290061951,-0.023808259516954422,0.9950853586196899,0.46455082297325134,0.5670568943023682,-0.06732534617185593,0.9933220744132996,0.5783719420433044,0.6026929020881653,-0.023678971454501152,0.9949058294296265,0.48520317673683167,0.6369134783744812,-0.10556481033563614,0.9941546320915222,0.5487176179885864,0.662798285484314,1.1761703717638738e-05,0.9999270439147949,0.511155366897583,0.6652740836143494,-0.00014955582446418703,0.9999350905418396,0.545085072517395,0.7921027541160583,-0.07105246931314468,0.8560910820960999,0.5151525735855103,0.7930830121040344,-0.002986848820000887,0.9679603576660156,0.5436490774154663,0.8134584426879883,0.1935635656118393,0.381757527589798,0.5193224549293518,0.913012683391571,0.07243834435939789,0.9460768699645996,0.5369049906730652,0.8709951043128967,0.1852063536643982,0.4687497019767761,0.5201641321182251,0.9468763470649719,-2.0281020624679513e-05,0.9377142786979675
42,1.4,0.5265547037124634,0.4647926688194275,-0.3094889223575592,0.999988317489624,0.559231162071228,0.4899612367153168,-0.12820175290107727,0.999997615814209,0.4934473931789398,0.5106545686721802,-0.12404477596282959,0.999995231628418,0.5826154351234436,0.5249761939048767,-0.027131706476211548,0.9954663515090942,0.4651212692260742,0.5677307844161987,-0.07227741181850433,0.9936805963516235,0.5791123509407043,0.6025277376174927,-0.02369130775332451,0.9953603744506836,0.4856796860694885,0.6378997564315796,-0.10924486070871353,0.994156002998352,0.5491699576377869,0.6626554727554321,1.1332881513226312e-05,0.9999336004257202,0.5114743113517761,0.6659320592880249,-0.00014727625239174813,0.9999410510063171,0.5453354120254517,0.7916029095649719,-0.06878095865249634,0.8696994185447693,0.5150482654571533,0.7962575554847717,0.0001738294813549146,0.970724880695343,0.5443279147148132,0.8156051635742188,0.19869688153266907,0.40166816115379333,0.5192567110061646,0.9136892557144165,0.07678266614675522,0.950794517993927,0.5379782915115356,0.8784131407737732,0.19382795691490173,0.4911826550960541,0.5201056599617004,0.9483451843261719,0.0024193208664655685,0.9427357316017151
43,1.4333333333333333,0.5276310443878174,0.4645392894744873,-0.30514124035835266,0.99998939037323,0.5592912435531616,0.489136278629303,-0.12655910849571228,0.9999977946281433,0.4938226342201233,0.5116894841194153,-0.12214504182338715,0.9999955892562866,0.5808109641075134,0.5215729475021362,-0.017463693395256996,0.9955931901931763,0.465728759765625,0.5720605850219727,-0.06979771703481674,0.9937752485275269,0.5800279974937439,0.5922067761421204,-0.001525525120086968,0.9956580996513367,0.48895812034606934,0.6385985612869263,-0.10269404947757721,0.993817925453186,0.5495162010192871,0.6612805724143982,-0.0004700251738540828,0.9999393224716187,0.5115841627120972,0.6645672917366028,0.00033553276443853974,0.9999462366104126,0.5452317595481873,0.7912089824676514,-0.07301189005374908,0.881203293800354,0.5149936079978943,0.7962135076522827,-0.005016734823584557,0.9726529121398926,0.5447611808776855,0.830733060836792,0.17720310389995575,0.4144764840602875,0.5185551643371582,0.9134413003921509,0.06997580826282501,0.9544299840927124,0.5385171175003052,0.8953614830970764,0.17137369513511658,0.504993736743927,0.5199916958808899,0.9484060406684875,0.00032643976737745106,0.9463659524917603
44,1.4666666666666666,0.5280579924583435,0.4644142985343933,-0.30491629242897034,0.9999903440475464,0.5593804121017456,0.4886792004108429,-0.12655702233314514,0.9999979734420776,0.49417781829833984,0.5114936828613281,-0.12225507199764252,0.9999958872795105,0.5798570513725281,0.5204362869262695,-0.01779094710946083,0.9956633448600769,0.46615058183670044,0.5721955299377441,-0.06823784112930298,0.9938351511955261,0.5803567171096802,0.5888991951942444,-0.0005857258220203221,0.9959045648574829,0.48952341079711914,0.6384612321853638,-0.09533542394638062,0.9935257434844971,0.5496984720230103,0.6605784893035889,-0.0007429060060530901,0.9999444484710693,0.5116809606552124,0.6640118360519409,0.0006100654718466103,0.9999509453773499,0.5451328158378601,0.791182816028595,-0.07236458361148834,0.891426146030426,0.5149117708206177,0.7973578572273254,-0.0034418688155710697,0.9742822051048279,0.545080304145813,0.8346325159072876,0.1761907935142517,0.42410674691200256,0.5182189345359802,0.9129708409309387,0.07596541196107864,0.9575158953666687,0.53868168592453,0.8992313742637634,0.16942885518074036,0.5156469345092773,0.5199403166770935,0.948262095451355,0.008231802843511105,0.9493282437324524
45,1.5,0.5282590985298157,0.46431729197502136,-0.3026030659675598,0.999991238117218,0.5594494938850403,0.4884357750415802,-0.12741023302078247,0.999998152256012,0.4943971633911133,0.5114915370941162,-0.12344342470169067,0.9999961853027344,0.5794509649276733,0.5197345018386841,-0.01969655603170395,0.9957789182662964,0.4664098620414734,0.5721215009689331,-0.06903479248285294,0.9939060211181641,0.5805428624153137,0.5872477889060974,-0.0034848270006477833,0.9961498379707336,0.48966747522354126,0.6384117603302002,-0.0962161272764206,0.9932591319084167,0.549776554107666,0.6604195833206177,-0.0009970942046493292,0.9999491572380066,0.5116971731185913,0.6638113856315613,0.000866097048856318,0.9999552369117737,0.545028567314148,0.7916380167007446,-0.07246124744415283,0.9010362029075623,0.5148586630821228,0.798643171787262,-0.0017711907858029008,0.9759584665298462,0.5452436804771423,0.8363386392593384,0.17773142457008362,0.4393284320831299,0.5180233120918274,0.9126653075218201,0.08073440194129944,0.960585355758667,0.5389549732208252,0.8995668888092041,0.16979505121707916,0.5308628678321838,0.5198696851730347,0.9480814337730408,0.01325986348092556,0.9524451494216919
46,1.5333333333333334,0.5284504294395447,0.4642280638217926,-0.29609423875808716,0.9999920129776001,0.5595052242279053,0.48811057209968567,-0.12638425827026367,0.9999982714653015,0.4945354461669922,0.5114215016365051,-0.12232892215251923,0.9999964237213135,0.5791881680488586,0.519368588924408,-0.01874108426272869,0.9959055781364441,0.46659332513809204,0.5722446441650391,-0.06823406368494034,0.9939648509025574,0.5806043744087219,0.5868552327156067,-0.0029809181578457355,0.9963723421096802,0.489743709564209,0.6385095715522766,-0.09543247520923615,0.9929868578910828,0.549868643283844,0.6604163646697998,-0.0013568117283284664,0.9999534487724304,0.5117530226707458,0.6638259291648865,0.001224299194291234,0.9999590516090393,0.5449687838554382,0.792044997215271,-0.07155190408229828,0.9097014665603638,0.5148178935050964,0.7990080118179321,-0.00017008284339681268,0.9774302840232849,0.5454744696617126,0.8373275995254517,0.17564158141613007,0.455009400844574,0.5179600715637207,0.9120821356773376,0.0806041955947876,0.9633685946464539,0.5391637682914734,0.8993921875953674,0.1684945970773697,0.5459374189376831,0.5195087194442749,0.9479177594184875,0.014850740320980549,0.955302894115448
47,1.5666666666666667,0.5302873253822327,0.4632515013217926,-0.2672395706176758,0.9999925494194031,0.5597047805786133,0.4869537055492401,-0.10361502319574356,0.9999983906745911,0.4952208995819092,0.512117326259613,-0.11058872938156128,0.999996542930603,0.578429102897644,0.5151442289352417,-0.00020648057397920638,0.9959944486618042,0.4672679901123047,0.5730098485946655,-0.06888312101364136,0.9939470291137695,0.5813292264938354,0.5808804631233215,0.013724115677177906,0.9965967535972595,0.4922219216823578,0.6406654119491577,-0.10812316834926605,0.9928286075592041,0.5502421855926514,0.660159707069397,-0.0007419696776196361,0.9999569058418274,0.5125529170036316,0.6637061834335327,0.0006020605214871466,0.9999619722366333,0.546840250492096,0.787420928478241,-0.06875170022249222,0.9176896214485168,0.5148293972015381,0.7974632382392883,-0.004780259449034929,0.9786399602890015,0.5455290079116821,0.849585235118866,0.14853067696094513,0.4911123812198639,0.5179085731506348,0.9106301069259644,0.0718734860420227,0.9661213159561157,0.5400651097297668,0.9083452224731445,0.1278659552335739,0.5758934617042542,0.5191248655319214,0.9478627443313599,0.0037698957603424788,0.9583579897880554
48,1.6,0.5309077501296997,0.4628312885761261,-0.25511157512664795,0.9999929666519165,0.5598593950271606,0.48622384667396545,-0.09707141667604446,0.9999985098838806,0.49578428268432617,0.5124987959861755,-0.10314508527517319,0.9999966621398926,0.5782226324081421,0.5120031833648682,-0.0003584766818676144,0.9961141347885132,0.467720091342926,0.5731258988380432,-0.06870678067207336,0.9939587712287903,0.5816270112991333,0.578924834728241,0.011578313075006008,0.9967613816261292,0.49311932921409607,0.6417842507362366,-0.10818691551685333,0.9927098751068115,0.5503300428390503,0.6600573062896729,-0.0006479457370005548,0.9999597668647766,0.5128908157348633,0.6635815501213074,0.0005043498240411282,0.9999644160270691,0.5472754836082458,0.7859076857566833,-0.06391924619674683,0.924750804901123,0.5148063898086548,0.7968664169311523,-0.005151285324245691,0.9796597361564636,0.545547366142273,0.8532636761665344,0.1427946835756302,0.5266095399856567,0.5178148150444031,0.909421980381012,0.07285790145397186,0.9685465097427368,0.5399388074874878,0.9111659526824951,0.11910780519247055,0.6048464775085449,0.5188677310943604,0.9477984309196472,0.007362650241702795,0.9610618352890015
49,1.6333333333333333,0.5319697856903076,0.4605618417263031,-0.2584923207759857,0.9999926090240479,0.5606759786605835,0.48204007744789124,-0.09404011815786362,0.9999985694885254,0.4972239136695862,0.5122114419937134,-0.10567702353000641,0.9999960064888,0.5775216221809387,0.508448600769043,0.0005485927686095238,0.9960752129554749,0.4690006375312805,0.5727635025978088,-0.07599417865276337,0.9939067959785461,0.5819907784461975,0.5746639966964722,0.007861441001296043,0.9969379901885986,0.4947442412376404,0.6411802172660828,-0.11859164386987686,0.9923118948936462,0.5506258606910706,0.6546884179115295,0.0012454513926059008,0.9999592304229736,0.5137465000152588,0.6615473628044128,-0.0014157322002574801,0.999961793422699,0.5489662885665894,0.767781138420105,-0.10200854390859604,0.9311904907226562,0.5148770809173584,0.7942715287208557,-0.011602958664298058,0.9794322848320007,0.5455144047737122,0.8643078207969666,0.03360176458954811,0.5684553384780884,0.5178031325340271,0.9076421856880188,0.06939569860696793,0.9703114032745361,0.5409728288650513,0.9189000725746155,-0.026867279782891273,0.6389974355697632,0.5189731121063232,0.947746217250824,-0.0029881459195166826,0.9628564715385437
50,1.6666666666666667,0.532439649105072,0.45903319120407104,-0.2558167278766632,0.9999922513961792,0.5609626770019531,0.47934481501579285,-0.09323698282241821,0.9999985694885254,0.4981248378753662,0.5120254755020142,-0.10618343204259872,0.9999954700469971,0.5770266056060791,0.5075069665908813,-7.513233867939562e-05,0.9959646463394165,0.46959084272384644,0.5724944472312927,-0.07739768177270889,0.9938130378723145,0.5818688273429871,0.5734668970108032,0.005275513045489788,0.9970837235450745,0.4951210021972656,0.6407347321510315,-0.12034382671117783,0.9918991923332214,0.5509542226791382,0.6513691544532776,0.0022032433189451694,0.9999585151672363,0.5144510865211487,0.6596530675888062,-0.0023822428192943335,0.9999592900276184,0.5498584508895874,0.7626914978027344,-0.10076413303613663,0.9366699457168579,0.5150732398033142,0.7918618321418762,-0.014833824709057808,0.9788036942481995,0.5455599427223206,0.8643542528152466,0.029492896050214767,0.6054731011390686,0.5177249312400818,0.9068368077278137,0.06519878655672073,0.9717360138893127,0.5413955450057983,0.9200881719589233,-0.03241635859012604,0.6693326234817505,0.5190438032150269,0.9477495551109314,-0.014509955421090126,0.9643200635910034
51,1.7,0.5334897637367249,0.45652416348457336,-0.2625729441642761,0.9999921321868896,0.5616523027420044,0.47496646642684937,-0.09866680204868317,0.9999985098838806,0.49989113211631775,0.510624885559082,-0.12270967662334442,0.9999948143959045,0.5761874914169312,0.5051517486572266,-0.0033173332922160625,0.995354950428009,0.47095075249671936,0.5718650221824646,-0.09864736348390579,0.9936246871948242,0.5817556977272034,0.5682013034820557,0.004283840302377939,0.9969618320465088,0.49621090292930603,0.6403008103370667,-0.13973717391490936,0.9909389615058899,0.5515533089637756,0.643121600151062,0.005567813757807016,0.999954104423523,0.5157251358032227,0.6514265537261963,-0.0057602510787546635,0.9999522566795349,0.5505478382110596,0.7542356848716736,-0.10841254889965057,0.938669741153717,0.5150733590126038,0.783744215965271,-0.024583112448453903,0.9709582924842834,0.5462874174118042,0.8760175108909607,-0.025261804461479187,0.6326470971107483,0.5174095630645752,0.9067742824554443,0.03180084377527237,0.9690898060798645,0.5425610542297363,0.9276303648948669,-0.1042577251791954,0.6922846436500549,0.5192552804946899,0.9477254152297974,-0.057065874338150024,0.9613269567489624
52,1.7333333333333334,0.5335054397583008,0.45383208990097046,-0.26177334785461426,0.999991774559021,0.5623913407325745,0.4745507538318634,-0.09310559183359146,0.9999984502792358,0.5003669857978821,0.5098206400871277,-0.12046545743942261,0.9999940991401672,0.5762174725532532,0.5050615072250366,0.0020763014908879995,0.9950070381164551,0.4716067314147949,0.571417510509491,-0.0918600931763649,0.9934650659561157,0.5817864537239075,0.5680058598518372,0.011345653794705868,0.9969432353973389,0.4967654347419739,0.6400021910667419,-0.13549552857875824,0.9900273680686951,0.5517216920852661,0.6415356993675232,0.005791096948087215,0.9999511241912842,0.5159424543380737,0.6497251987457275,-0.005989516619592905,0.9999461770057678,0.5508099794387817,0.7509046792984009,-0.13144102692604065,0.9420784711837769,0.5151211023330688,0.7803910374641418,-0.02527899108827114,0.9650595188140869,0.5466398000717163,0.8788051009178162,-0.05895709991455078,0.6608585715293884,0.5171926617622375,0.9067565202713013,0.029738446697592735,0.9674987196922302,0.5434066653251648,0.929057240486145,-0.14398744702339172,0.716237485408783,0.5192531943321228,0.9477370977401733,-0.06130138039588928,0.9595944285392761
53,1.7666666666666666,0.5347925424575806,0.45118382573127747,-0.2685700058937073,0.9999920725822449,0.563506007194519,0.4694235026836395,-0.09668384492397308,0.9999983906745911,0.5015420913696289,0.5066169500350952,-0.12790191173553467,0.9999938011169434,0.5761321783065796,0.5024101734161377,0.0011742983479052782,0.9944725036621094,0.47293877601623535,0.569462776184082,-0.10452605783939362,0.993537187576294,0.5816635489463806,0.5634249448776245,0.011167969554662704,0.9968702793121338,0.4973883628845215,0.6390092968940735,-0.1487673819065094,0.9899085164070129,0.552539587020874,0.6370846629142761,0.007488506846129894,0.9999464154243469,0.5170670747756958,0.6446688771247864,-0.0077029005624353886,0.9999386668205261,0.5515686273574829,0.747144341468811,-0.13068418204784393,0.9440475106239319,0.5151749849319458,0.7750250697135925,-0.03169114142656326,0.9559829235076904,0.5476666688919067,0.8850641250610352,-0.08160500228404999,0.6859811544418335,0.5161617398262024,0.9040794968605042,0.019850732758641243,0.9632485508918762,0.543883204460144,0.9300806522369385,-0.17631851136684418,0.7380642294883728,0.5192710161209106,0.9476965069770813,-0.07381706684827805,0.9557932615280151
54,1.8,0.5353502631187439,0.4496287405490875,-0.2861267924308777,0.9999923706054688,0.5651769638061523,0.4689769446849823,-0.10447107255458832,0.9999983906745911,0.501799464225769,0.5044493079185486,-0.13644656538963318,0.9999936819076538,0.5760289430618286,0.5025677680969238,-0.0007966211996972561,0.9939365983009338,0.473438024520874,0.5691403150558472,-0.10552932322025299,0.993668258190155,0.5815951824188232,0.5627398490905762,0.010545207187533379,0.9967527985572815,0.49775058031082153,0.6381096839904785,-0.14605817198753357,0.9898406863212585,0.5528589487075806,0.6354486346244812,0.007567064370959997,0.9999411106109619,0.5173691511154175,0.6429525017738342,-0.00777643034234643,0.9999314546585083,0.551626980304718,0.7448248863220215,-0.13476815819740295,0.9455416798591614,0.5151953101158142,0.7714782953262329,-0.029790252447128296,0.947442352771759,0.5480445623397827,0.88731449842453,-0.08782952278852463,0.708167552947998,0.5155283212661743,0.903259813785553,0.02153211645781994,0.9591915011405945,0.5441874265670776,0.9305614829063416,-0.18638935685157776,0.7578535676002502,0.5193783640861511,0.9476792216300964,-0.0759195014834404,0.952523946762085
55,1.8333333333333333,0.5452471971511841,0.35895416140556335,-0.17422416806221008,0.9999898076057434,0.5824611186981201,0.42224133014678955,-0.03315979987382889,0.999998152256012,0.5078920125961304,0.429399311542511,0.0027096641715615988,0.9999935626983643,0.6174895167350769,0.4940224885940552,-0.048672400414943695,0.9941325783729553,0.4986897110939026,0.49830496311187744,0.008993502706289291,0.9913250803947449,0.5827390551567078,0.5326987504959106,-0.17098087072372437,0.996561586856842,0.5010695457458496,0.5546804070472717,-0.1032201498746872,0.9904093146324158,0.5708584785461426,0.6161693334579468,-0.0006746426224708557,0.9999446868896484,0.5299142599105835,0.6150057315826416,0.0005542049766518176,0.9999366402626038,0.56895911693573,0.7563968300819397,-0.01332069467753172,0.9475439190864563,0.5380892753601074,0.7461441159248352,-0.05872579291462898,0.9513047337532043,0.5631505846977234,0.879850447177887,0.18512098491191864,0.7275791764259338,0.5435225963592529,0.894390344619751,0.026900198310613632,0.9617093205451965,0.558563232421875,0.9338658452033997,0.12223462760448456,0.7726384997367859,0.5475708246231079,0.9445099830627441,-0.05793080851435661,0.9549615383148193
56,1.8666666666666667,0.5463089942932129,0.35337504744529724,-0.16920575499534607,0.9999864101409912,0.5852261781692505,0.4177662432193756,-0.03468509763479233,0.9999977946281433,0.510815441608429,0.42036962509155273,0.01244598813354969,0.999992847442627,0.6202097535133362,0.4908507764339447,-0.07130564749240875,0.9942857027053833,0.5017961859703064,0.4866812825202942,0.007840260863304138,0.9864048957824707,0.5831138491630554,0.5286738276481628,-0.1991853415966034,0.9964368343353271,0.5033427476882935,0.5495697259902954,-0.11066408455371857,0.9904527068138123,0.5736318826675415,0.6164512038230896,-0.004707708023488522,0.9999451637268066,0.5325470566749573,0.613788366317749,0.004599031526595354,0.9999388456344604,0.5709241628646851,0.7586525678634644,0.0016831012908369303,0.9415783882141113,0.5412238836288452,0.738120973110199,-0.07162034511566162,0.9519528746604919,0.5659354329109192,0.8773407936096191,0.17721298336982727,0.7405502200126648,0.545495867729187,0.8871111273765564,0.0241656843572855,0.9612550735473633,0.5609652400016785,0.9344016909599304,0.10363888740539551,0.7829368114471436,0.5516128540039062,0.942095935344696,-0.07033523172140121,0.9545274376869202
57,1.9,0.5474177598953247,0.3525453805923462,-0.18079760670661926,0.9999827742576599,0.5851471424102783,0.41676709055900574,-0.0374419279396534,0.9999971985816956,0.5113269090652466,0.4221876859664917,-0.0006158441537991166,0.9999915361404419,0.6216436624526978,0.4905349016189575,-0.07606063783168793,0.9941458106040955,0.5045749545097351,0.4963023364543915,-0.017606686800718307,0.9826342463493347,0.5833446383476257,0.530256450176239,-0.2097722738981247,0.9961354732513428,0.5048891305923462,0.5577943325042725,-0.15451708436012268,0.9905353784561157,0.5736538767814636,0.6174303293228149,-0.00432673329487443,0.999944269657135,0.5338081121444702,0.614428699016571,0.004217774141579866,0.999940037727356,0.5713942646980286,0.7612456679344177,0.014014167711138725,0.9335886836051941,0.5414696931838989,0.7377435564994812,-0.09476909786462784,0.9534724950790405,0.5656255483627319,0.8756013512611389,0.19104206562042236,0.74802166223526,0.5461066961288452,0.8895661234855652,-0.015788022428750992,0.9617213010787964,0.5618545413017273,0.9345033168792725,0.12102536857128143,0.7881813049316406,0.5514806509017944,0.9416995644569397,-0.11487529426813126,0.9548226594924927
58,1.9333333333333333,0.5479645133018494,0.35246819257736206,-0.19098900258541107,0.9999805092811584,0.5852892994880676,0.4175224006175995,-0.04573154076933861,0.9999964237213135,0.511652410030365,0.4220043122768402,-0.012996668927371502,0.9999898076057434,0.6220917105674744,0.49045059084892273,-0.08677180856466293,0.9939322471618652,0.5043503046035767,0.4963374733924866,-0.03336406499147415,0.9796299338340759,0.5835518836975098,0.5292778611183167,-0.2220572978258133,0.9957132935523987,0.5057541131973267,0.5567070245742798,-0.1777133047580719,0.9904496669769287,0.5743098258972168,0.6152830123901367,-0.004164324142038822,0.9999411106109619,0.5344573259353638,0.6119678616523743,0.004047180525958538,0.99993896484375,0.5709360837936401,0.7609602808952332,0.010012242943048477,0.923156201839447,0.541553795337677,0.7374026775360107,-0.08119602501392365,0.9525729417800903,0.565701961517334,0.8773767352104187,0.16132806241512299,0.7525515556335449,0.5462360382080078,0.8912612795829773,-0.020048096776008606,0.9609814286231995,0.5627429485321045,0.9341586828231812,0.08541460335254669,0.7911098003387451,0.549937903881073,0.940484344959259,-0.12295888364315033,0.9536806344985962
59,1.9666666666666666,0.5472032427787781,0.3483198881149292,-0.1668706238269806,0.9999794960021973,0.5850945711135864,0.41386643052101135,-0.037668053060770035,0.9999963045120239,0.5118364095687866,0.4215084910392761,0.004914894700050354,0.9999896287918091,0.6220000982284546,0.4885910451412201,-0.076529860496521,0.9938470721244812,0.5027877688407898,0.4919777810573578,-0.024917583912611008,0.9731860160827637,0.5835331082344055,0.5256829857826233,-0.1998789757490158,0.9953511357307434,0.5053965449333191,0.5529112219810486,-0.17171204090118408,0.989374577999115,0.5739940404891968,0.6128948926925659,-0.004140491597354412,0.9999405145645142,0.5340476036071777,0.6081823706626892,0.0040273056365549564,0.9999409914016724,0.5720945596694946,0.7612662315368652,0.020284507423639297,0.8907660841941833,0.5403935313224792,0.7355020046234131,-0.11713363230228424,0.9518134593963623,0.5655089616775513,0.8620145916938782,0.23159876465797424,0.7012962102890015,0.5468958020210266,0.897017240524292,-0.10385137796401978,0.9595798254013062,0.5596574544906616,0.9238449931144714,0.18967825174331665,0.7436459064483643,0.5489776730537415,0.9399363994598389,-0.21165525913238525,0.9517450332641602
60,2.0,0.5466709136962891,0.34745293855667114,-0.17231746017932892,0.9999753832817078,0.5851329565048218,0.4119381308555603,-0.04140130430459976,0.9999961256980896,0.5114554166793823,0.42102694511413574,0.010884433053433895,0.9999890327453613,0.6217944025993347,0.487989604473114,-0.07281026244163513,0.9938473701477051,0.5019756555557251,0.4891971945762634,0.008813390508294106,0.9668102860450745,0.5835192203521729,0.52486252784729,-0.19184552133083344,0.9950218200683594,0.5053393840789795,0.5537739992141724,-0.11678533256053925,0.9880139231681824,0.5757379531860352,0.6124509572982788,-0.005754103418439627,0.9999419450759888,0.5349896550178528,0.6095321178436279,0.00564683647826314,0.9999442100524902,0.5724917650222778,0.7621583938598633,0.011452168226242065,0.8740708231925964,0.5403110980987549,0.7355533242225647,-0.13095203042030334,0.9539039134979248,0.565829873085022,0.85130774974823,0.241256445646286,0.6631997227668762,0.5462185144424438,0.8976929783821106,-0.10393717139959335,0.9602396488189697,0.5578755140304565,0.9165886640548706,0.205368310213089,0.7084540128707886,0.5493664741516113,0.9399255514144897,-0.2090797871351242,0.9518688917160034
61,2.033333333333333,0.5459787249565125,0.3458279073238373,-0.16077002882957458,0.9999737739562988,0.5851405262947083,0.41040530800819397,-0.036354996263980865,0.9999960660934448,0.5113595724105835,0.42042291164398193,0.02339116670191288,0.9999892115592957,0.6222349405288696,0.48597678542137146,-0.06538151204586029,0.9937525391578674,0.4998803734779358,0.48567068576812744,0.03536615148186684,0.9625113606452942,0.5838760137557983,0.5242053866386414,-0.17618651688098907,0.9944582581520081,0.5052054524421692,0.5527858138084412,-0.0692014992237091,0.986725926399231,0.5764641761779785,0.6113141775131226,-0.006782418582588434,0.9999456405639648,0.5350013971328735,0.6095460057258606,0.006657873746007681,0.9999487400054932,0.5727907419204712,0.7630733847618103,0.003919030539691448,0.861667275428772,0.5392464399337769,0.7390075922012329,-0.10010091960430145,0.9561564326286316,0.5669279098510742,0.8192034363746643,0.25725653767585754,0.6188479661941528,0.5455147624015808,0.904239296913147,-0.07430591434240341,0.9614956974983215,0.5569419860839844,0.8876465559005737,0.24008111655712128,0.6660317182540894,0.5497527718544006,0.940037190914154,-0.17506961524486542,0.952059805393219
62,2.066666666666667,0.5454321503639221,0.3467054069042206,-0.1598147302865982,0.9999722242355347,0.585326075553894,0.4110479950904846,-0.03268371522426605,0.9999960064888,0.5112148523330688,0.42265552282333374,0.0274983998388052,0.9999892711639404,0.6224860548973083,0.48538345098495483,-0.06300695240497589,0.993529736995697,0.4997945725917816,0.48640090227127075,0.04241884872317314,0.9558194279670715,0.5842550992965698,0.5243247747421265,-0.16534283757209778,0.9938251376152039,0.505213737487793,0.5542609095573425,-0.059607405215501785,0.9847983717918396,0.5768406987190247,0.6114860773086548,-0.007341696880757809,0.9999485611915588,0.5351073145866394,0.610028862953186,0.0072072958573699,0.9999525547027588,0.5732294917106628,0.763163685798645,0.008940964937210083,0.8414024114608765,0.5390458703041077,0.7405441403388977,-0.10265499353408813,0.9573174118995667,0.5672995448112488,0.8164799809455872,0.2575418949127197,0.5737780332565308,0.5452563166618347,0.9096832275390625,-0.09008888900279999,0.9615276455879211,0.5564792156219482,0.8852753639221191,0.23959538340568542,0.621981680393219,0.549557626247406,0.9401229023933411,-0.1916256844997406,0.9508147835731506
63,2.1,0.5450707674026489,0.3484521806240082,-0.17101362347602844,0.9999711513519287,0.5858281850814819,0.4119472801685333,-0.03562232106924057,0.9999958276748657,0.5108681321144104,0.42536675930023193,0.007867900654673576,0.99998939037323,0.6233413815498352,0.4855940639972687,-0.04572601616382599,0.9929290413856506,0.49907374382019043,0.4923683702945709,0.02743295207619667,0.953740656375885,0.5857619047164917,0.5257179737091064,-0.14766064286231995,0.9923871755599976,0.504900336265564,0.558516263961792,-0.06246465444564819,0.9831053614616394,0.5785256624221802,0.610745370388031,-0.006048122886568308,0.9999516010284424,0.5358859300613403,0.6115469336509705,0.005887933075428009,0.9999563097953796,0.5737705826759338,0.7628730535507202,0.013064822182059288,0.8375281691551208,0.5386062860488892,0.7441579103469849,-0.06781353056430817,0.9593542218208313,0.5670459270477295,0.8018813133239746,0.26225975155830383,0.5406705737113953,0.5457056164741516,0.9131659865379333,-0.06200386956334114,0.9632868766784668,0.5567547082901001,0.8653334975242615,0.2488056868314743,0.5897380113601685,0.5492593050003052,0.946054995059967,-0.15985673666000366,0.9515101313591003
64,2.1333333333333333,0.544986367225647,0.3486040234565735,-0.17519846558570862,0.999971330165863,0.5860000848770142,0.4120045602321625,-0.037802040576934814,0.9999957084655762,0.5106548070907593,0.4258408844470978,0.0039989156648516655,0.9999895691871643,0.6233850717544556,0.4859648048877716,-0.04655270278453827,0.9924618005752563,0.4985998570919037,0.49379822611808777,0.023122532293200493,0.9523196220397949,0.5863007307052612,0.5264725089073181,-0.1499951183795929,0.991224467754364,0.5046902298927307,0.5598669648170471,-0.06797271221876144,0.9815446734428406,0.5792866945266724,0.6089680790901184,-0.0060154893435537815,0.9999540448188782,0.5365932583808899,0.6116412281990051,0.005839980207383633,0.9999595284461975,0.5747760534286499,0.7612061500549316,0.014113846234977245,0.831866979598999,0.5385245084762573,0.7479521632194519,-0.054551564157009125,0.9604043364524841,0.567085862159729,0.8083223700523376,0.2610781490802765,0.5070721507072449,0.5456701517105103,0.9142643213272095,-0.05589558929204941,0.9642473459243774,0.557013750076294,0.8645437359809875,0.24763457477092743,0.5561578869819641,0.5491467714309692,0.948461651802063,-0.15156932175159454,0.9510131478309631
65,2.1666666666666665,0.5447365045547485,0.34916117787361145,-0.17886854708194733,0.9999662637710571,0.5861479640007019,0.4131040871143341,-0.04038837179541588,0.9999955296516418,0.5105761885643005,0.42691856622695923,-0.0023432308807969093,0.9999896883964539,0.6223413348197937,0.48645150661468506,-0.03713148459792137,0.9908090233802795,0.49697980284690857,0.4956885576248169,0.012838808819651604,0.9464120268821716,0.5871720314025879,0.527127742767334,-0.12276752293109894,0.9879652857780457,0.5046631097793579,0.561038613319397,-0.07833170145750046,0.9762036800384521,0.5793511867523193,0.6103277206420898,-0.00015471907681785524,0.9999558925628662,0.536216139793396,0.6120907664299011,-2.098149252560688e-06,0.9999625086784363,0.5743840336799622,0.760533332824707,0.05521150305867195,0.7869651317596436,0.5389965176582336,0.7518444657325745,-0.09106078743934631,0.9595324397087097,0.5666398406028748,0.7925100326538086,0.30677521228790283,0.4628785252571106,0.5459290742874146,0.9240586161613464,-0.10438410192728043,0.9626491069793701,0.5581293702125549,0.846856951713562,0.29788389801979065,0.5101830959320068,0.5485794544219971,0.9518418312072754,-0.20896318554878235,0.9470685124397278
66,2.2,0.5443999171257019,0.349210262298584,-0.17441628873348236,0.9999623894691467,0.5860591530799866,0.413571834564209,-0.03370937705039978,0.9999954104423523,0.5104695558547974,0.4272712767124176,-0.004668581299483776,0.9999898672103882,0.6218977570533752,0.4867291748523712,-0.020961333066225052,0.9886849522590637,0.4958687424659729,0.4967142343521118,0.010152038186788559,0.9401148557662964,0.5875597596168518,0.5275270342826843,-0.09813589602708817,0.9839332103729248,0.5045804977416992,0.5612404942512512,-0.07851947844028473,0.9711950421333313,0.5794483423233032,0.611146092414856,0.003743403824046254,0.9999569654464722,0.5361676812171936,0.6127564907073975,-0.0038925546687096357,0.9999649524688721,0.5740894079208374,0.7603679299354553,0.05710412189364433,0.736750066280365,0.539171576499939,0.754879355430603,-0.11013726145029068,0.9566285014152527,0.5662862062454224,0.7933242917060852,0.3029101490974426,0.420911580324173,0.5462466478347778,0.9267220497131348,-0.1251671016216278,0.958215057849884,0.5584120154380798,0.845223069190979,0.29202067852020264,0.4658011794090271,0.5484119653701782,0.9529328942298889,-0.23175184428691864,0.9394863843917847
67,2.2333333333333334,0.5437823534011841,0.35053732991218567,-0.19831594824790955,0.9999619722366333,0.5857048630714417,0.41459494829177856,-0.04362768679857254,0.9999952912330627,0.5094736814498901,0.4282708168029785,-0.027552645653486252,0.9999898076057434,0.6212307810783386,0.48697027564048767,-0.026009604334831238,0.9886943697929382,0.49107617139816284,0.500651478767395,-0.005449104122817516,0.9431289434432983,0.5887072086334229,0.5354136824607849,-0.10721608251333237,0.9841876029968262,0.5036729574203491,0.5615324378013611,-0.09738954156637192,0.9722409844398499,0.5788686275482178,0.6115338802337646,0.0038614924997091293,0.999954879283905,0.536011278629303,0.6144759058952332,-0.004013258498162031,0.9999656081199646,0.5737321972846985,0.7628872990608215,0.03455609455704689,0.7184039354324341,0.5390292406082153,0.7606053948402405,-0.10252223908901215,0.95709228515625,0.5639581680297852,0.7985821962356567,0.2658427357673645,0.38906630873680115,0.546234667301178,0.9313795566558838,-0.10714276880025864,0.9571166634559631,0.5583410263061523,0.8577975630760193,0.24787092208862305,0.43204426765441895,0.5485000610351562,0.9640672206878662,-0.20961269736289978,0.9358739852905273
68,2.2666666666666666,0.5432800650596619,0.35111215710639954,-0.19975127279758453,0.9999626874923706,0.5854677557945251,0.4152313768863678,-0.0450197234749794,0.9999952912330627,0.5088883638381958,0.428880512714386,-0.02886071801185608,0.9999898672103882,0.6208342909812927,0.4871422350406647,-0.024542924016714096,0.9887813925743103,0.4893325865268707,0.5025834441184998,-0.006350995507091284,0.9459829330444336,0.5891439318656921,0.538780927658081,-0.10590102523565292,0.9844861626625061,0.5030108690261841,0.5619699954986572,-0.09952442348003387,0.97320157289505,0.5786305069923401,0.6118124127388,0.003771662013605237,0.9999536871910095,0.535999596118927,0.6155291795730591,-0.003927174024283886,0.9999663233757019,0.5735942721366882,0.7647685408592224,0.027468759566545486,0.7052666544914246,0.5389851927757263,0.763366162776947,-0.09902393072843552,0.9571528434753418,0.5617870092391968,0.806621789932251,0.26027148962020874,0.3622482120990753,0.5462161302566528,0.9322519302368164,-0.10062170028686523,0.9558271169662476,0.5581005811691284,0.8633856177330017,0.23230037093162537,0.4039716124534607,0.5487378239631653,0.9672014713287354,-0.20236627757549286,0.9323924779891968
69,2.3,0.5429204702377319,0.3513329029083252,-0.1986190229654312,0.999963641166687,0.5853027105331421,0.41563695669174194,-0.04607222229242325,0.9999953508377075,0.5085275173187256,0.4292692542076111,-0.028192946687340736,0.9999900460243225,0.6205904483795166,0.48726826906204224,-0.025525879114866257,0.9888832569122314,0.48856204748153687,0.5037882328033447,-0.0059670498594641685,0.9484952688217163,0.5893471837043762,0.5402600765228271,-0.10793952643871307,0.9847949743270874,0.502643346786499,0.5620828866958618,-0.09940473735332489,0.9740036725997925,0.5784569978713989,0.6124330163002014,0.003661667462438345,0.9999540448188782,0.5360250473022461,0.6165663003921509,-0.003819176461547613,0.9999677538871765,0.5734875202178955,0.7665573954582214,0.024076759815216064,0.6991499066352844,0.5390135049819946,0.7651993632316589,-0.09483124315738678,0.9578949809074402,0.5611163973808289,0.8094015121459961,0.2551244795322418,0.339531272649765,0.5461814403533936,0.9321606755256653,-0.09037594497203827,0.955956220626831,0.5580313205718994,0.8651018738746643,0.23604874312877655,0.38109850883483887,0.5488927960395813,0.9681878685951233,-0.19180192053318024,0.9313437342643738
70,2.3333333333333335,0.5426219701766968,0.3514323830604553,-0.19835448265075684,0.9999644756317139,0.5851839780807495,0.415904700756073,-0.04708390682935715,0.9999954104423523,0.5082995295524597,0.42952629923820496,-0.027899328619241714,0.9999902248382568,0.6204448342323303,0.4873574674129486,-0.026092592626810074,0.9890421628952026,0.4881649613380432,0.5043623447418213,-0.0054286629892885685,0.9508643746376038,0.5894665718078613,0.541046679019928,-0.10877269506454468,0.9851560592651367,0.502417266368866,0.5622501969337463,-0.09923884272575378,0.9747661352157593,0.5783542394638062,0.6130068898200989,0.0035556883085519075,0.9999542832374573,0.5360579490661621,0.6173667907714844,-0.003714620368555188,0.999968945980072,0.5734043717384338,0.767382800579071,0.022436976432800293,0.6948720216751099,0.5390663146972656,0.7661949396133423,-0.08690886199474335,0.9584933519363403,0.5604724287986755,0.8103402853012085,0.2528741657733917,0.31968745589256287,0.5461410880088806,0.932226300239563,-0.08966989815235138,0.9560832977294922,0.5578805208206177,0.8662049174308777,0.23517915606498718,0.3613000214099884,0.5489283204078674,0.9687001705169678,-0.18990913033485413,0.9304125308990479
71,2.3666666666666667,0.5424355864524841,0.3522351384162903,-0.19732321798801422,0.9999659061431885,0.5851473212242126,0.41676533222198486,-0.04715024679899216,0.9999954104423523,0.5078772306442261,0.4319455027580261,-0.027028467506170273,0.9999904036521912,0.6203835606575012,0.48769840598106384,-0.026856526732444763,0.9894763827323914,0.4864298701286316,0.51230788230896,-0.008577458560466766,0.9542197585105896,0.5922142267227173,0.5456923842430115,-0.10989109426736832,0.9860222339630127,0.502734899520874,0.5674037933349609,-0.10599713027477264,0.9763035178184509,0.5782127380371094,0.617179811000824,0.0018535617273300886,0.9999548196792603,0.5360211730003357,0.620995283126831,-0.0020321914926171303,0.9999702572822571,0.5734955072402954,0.7702518105506897,0.00720529118552804,0.7058774828910828,0.5392189025878906,0.7725685238838196,-0.04827200993895531,0.9600884318351746,0.5614374876022339,0.800392746925354,0.2510340213775635,0.30369049310684204,0.5476158261299133,0.9350499510765076,-0.0394209548830986,0.9576516151428223,0.5583275556564331,0.8506015539169312,0.24221935868263245,0.3452649712562561,0.5488256216049194,0.9708619117736816,-0.13239999115467072,0.9315621256828308
72,2.4,0.5423010587692261,0.3527412712574005,-0.19683429598808289,0.9999669790267944,0.5850857496261597,0.41726091504096985,-0.048299506306648254,0.9999953508377075,0.507596492767334,0.4331667125225067,-0.02679472230374813,0.9999904632568359,0.6203112602233887,0.48807424306869507,-0.03010217845439911,0.9897782206535339,0.48531341552734375,0.5144100785255432,-0.01211606152355671,0.9569441080093384,0.5932219624519348,0.5473437905311584,-0.12387049198150635,0.9866853952407837,0.5027287006378174,0.5685827732086182,-0.11121533811092377,0.9774649143218994,0.5781134963035583,0.6197406649589539,0.00024886493338271976,0.9999550580978394,0.5358351469039917,0.6232755184173584,-0.000433196168160066,0.999971330165863,0.5736421346664429,0.7713544368743896,0.004784068558365107,0.7129939794540405,0.5392299890518188,0.7747567892074585,-0.045090094208717346,0.9610900282859802,0.5623792409896851,0.7959121465682983,0.25035443902015686,0.28846848011016846,0.5485541224479675,0.9374949336051941,-0.03668724000453949,0.9586886167526245,0.5583246946334839,0.8479180932044983,0.24113690853118896,0.3293116092681885,0.5484676361083984,0.972594141960144,-0.12781676650047302,0.9318144917488098
73,2.433333333333333,0.5422128438949585,0.3577404022216797,-0.18066047132015228,0.9999690055847168,0.5854617357254028,0.41987258195877075,-0.03800828382372856,0.9999955296516418,0.5077928900718689,0.43959587812423706,-0.01612001284956932,0.999990701675415,0.6201733350753784,0.4888623058795929,-0.0007242475403472781,0.9903148412704468,0.4840124547481537,0.5203247666358948,-0.00910167582333088,0.9584807753562927,0.5983007550239563,0.5521551966667175,-0.07316072285175323,0.9877833127975464,0.5033503770828247,0.5741325616836548,-0.10936824977397919,0.9786185026168823,0.57844078540802,0.628270149230957,-0.002067872788757086,0.9999533891677856,0.5358931422233582,0.631399929523468,0.001834080321714282,0.9999712109565735,0.5745652914047241,0.778241753578186,-0.02949342131614685,0.7061676979064941,0.5394701957702637,0.7787154316902161,-0.018594473600387573,0.9554383754730225,0.5650811195373535,0.781722366809845,0.23222431540489197,0.26293861865997314,0.5503564476966858,0.9375102519989014,0.014234734699130058,0.9512698650360107,0.5583856105804443,0.8125354051589966,0.2453213483095169,0.30178195238113403,0.5480876564979553,0.9745591878890991,-0.053564272820949554,0.9170629978179932
74,2.466666666666667,0.5420796871185303,0.35930976271629333,-0.1752762794494629,0.9999712705612183,0.5857773423194885,0.42136403918266296,-0.03403607755899429,0.999995768070221,0.5078424215316772,0.44246914982795715,-0.010316050611436367,0.9999910593032837,0.6201037168502808,0.4896019697189331,0.0009781086118891835,0.9908764362335205,0.4834079146385193,0.5222079753875732,-0.0050878883339464664,0.9606107473373413,0.5998420715332031,0.5525793433189392,-0.07406336814165115,0.9888061881065369,0.5036536455154419,0.5761439204216003,-0.10759347677230835,0.9800952672958374,0.5792661905288696,0.6295979619026184,-0.003681555390357971,0.9999523758888245,0.536064863204956,0.6333240270614624,0.003430990967899561,0.9999712705612183,0.5755510926246643,0.782802939414978,-0.03337472304701805,0.7082836627960205,0.5397039651870728,0.7813205122947693,-0.01802428439259529,0.952393651008606,0.5666201710700989,0.790368378162384,0.22443394362926483,0.24209056794643402,0.5509493947029114,0.9370324611663818,0.017274335026741028,0.9471392035484314,0.5587342977523804,0.8276802897453308,0.24090266227722168,0.2798617482185364,0.5471838712692261,0.9759202003479004,-0.05098513886332512,0.9081483483314514
75,2.5,0.5420633554458618,0.36078134179115295,-0.1652633249759674,0.9999731779098511,0.5857418775558472,0.42265209555625916,-0.028336649760603905,0.9999959468841553,0.5076758861541748,0.448045939207077,-0.009035121649503708,0.9999910593032837,0.6186121702194214,0.4895177483558655,-0.004946376662701368,0.9913259744644165,0.48271530866622925,0.5283588171005249,-0.011289061978459358,0.9615365266799927,0.6018218398094177,0.552042543888092,-0.0887896865606308,0.9897050261497498,0.5049198269844055,0.5797392725944519,-0.11738721281290054,0.9809136390686035,0.5791674852371216,0.6366806626319885,-0.0036198017187416553,0.9999536871910095,0.5360519886016846,0.6427121758460999,0.003374291118234396,0.999971866607666,0.576370894908905,0.7837139368057251,-0.03510988503694534,0.7197438478469849,0.5401232242584229,0.7927458882331848,-0.007365492172539234,0.949709951877594,0.5664968490600586,0.7902731895446777,0.21706096827983856,0.22780083119869232,0.5515461564064026,0.9382975101470947,0.03734602779150009,0.9448623657226562,0.5586806535720825,0.8322668075561523,0.23391404747962952,0.2658645212650299,0.5466550588607788,0.97639399766922,-0.02618774212896824,0.9030972719192505
76,2.533333333333333,0.5420578122138977,0.36090749502182007,-0.1644364595413208,0.9999746680259705,0.5857011079788208,0.4239257872104645,-0.02624678611755371,0.9999961256980896,0.5072782039642334,0.44866299629211426,-0.008609315380454063,0.9999911785125732,0.6173830628395081,0.48934683203697205,0.0037537910975515842,0.9915974140167236,0.48238104581832886,0.5301666259765625,-0.012811683118343353,0.9622195959091187,0.6025199890136719,0.5532926917076111,-0.07650581002235413,0.9904562830924988,0.5060398578643799,0.583023726940155,-0.11917243897914886,0.9815336465835571,0.5791677832603455,0.6384153962135315,-0.003930388949811459,0.9999545216560364,0.5359835028648376,0.6456810832023621,0.0036790906451642513,0.9999725818634033,0.5775281190872192,0.7844539880752563,-0.040774475783109665,0.7229666709899902,0.540264368057251,0.7971842288970947,0.0010349610820412636,0.9455732107162476,0.566267192363739,0.7777491807937622,0.22137896716594696,0.20947180688381195,0.551813542842865,0.9403496384620667,0.044601403176784515,0.9403017163276672,0.5591689348220825,0.8109540939331055,0.24553465843200684,0.24629415571689606,0.5458034873008728,0.9772812724113464,-0.01393282413482666,0.8932424783706665
77,2.566666666666667,0.5414109230041504,0.3608882427215576,-0.1639034003019333,0.9999766945838928,0.5852476358413696,0.4245886504650116,-0.02494102343916893,0.9999963045120239,0.5069402456283569,0.4495750963687897,-0.005112718790769577,0.9999914169311523,0.615410327911377,0.4881834387779236,0.0004315366386435926,0.9920724630355835,0.48210054636001587,0.53001469373703,-0.012358522973954678,0.9636345505714417,0.6035887598991394,0.5526576042175293,-0.08472605794668198,0.9912385940551758,0.5070184469223022,0.5825689435005188,-0.11977200210094452,0.9824565052986145,0.5791153907775879,0.6371071934700012,-0.005352863110601902,0.9999565482139587,0.535569965839386,0.6453109979629517,0.005099081434309483,0.9999736547470093,0.5763014554977417,0.7833811640739441,-0.051926545798778534,0.741157054901123,0.5404736995697021,0.7960897088050842,0.0070280274376273155,0.9460319876670837,0.566103458404541,0.7818015813827515,0.2023337334394455,0.20325681567192078,0.5515618920326233,0.940122663974762,0.042130887508392334,0.9418781399726868,0.5597284436225891,0.8284314274787903,0.21854066848754883,0.24248866736888885,0.5449588298797607,0.9771327376365662,-0.02286113239824772,0.8954970836639404
78,2.6,0.5412403345108032,0.3610060513019562,-0.16825184226036072,0.9999785423278809,0.5848680138587952,0.42530933022499084,-0.025795474648475647,0.9999964833259583,0.5065160393714905,0.4501667022705078,-0.007163110189139843,0.9999915957450867,0.6145086288452148,0.4879726469516754,-0.0022111660800874233,0.9924718737602234,0.481781542301178,0.5301817655563354,-0.01648673042654991,0.9651376605033875,0.6040399074554443,0.5525890588760376,-0.08625156432390213,0.9919240474700928,0.50771164894104,0.5822333097457886,-0.1272871196269989,0.9833659529685974,0.5790749192237854,0.6360896229743958,-0.0053148334845900536,0.9999582171440125,0.5352665185928345,0.6450521349906921,0.005066758953034878,0.9999744892120361,0.5757788419723511,0.7827808856964111,-0.0459122397005558,0.7576308250427246,0.5407021641731262,0.7950690388679504,0.001351146842353046,0.9467284083366394,0.5661365985870361,0.7913674116134644,0.2039782702922821,0.20198814570903778,0.551365852355957,0.9395539164543152,0.038182057440280914,0.9437801241874695,0.5600982904434204,0.8496160507202148,0.21094083786010742,0.2442469298839569,0.5449310541152954,0.976857602596283,-0.03166579455137253,0.898736298084259
79,2.6333333333333333,0.5405471920967102,0.3596523702144623,-0.18651433289051056,0.9999790191650391,0.5845627188682556,0.4233230650424957,-0.038154639303684235,0.9999963641166687,0.5065223574638367,0.44956550002098083,-0.030112367123365402,0.999991238117218,0.6109532117843628,0.48478299379348755,-0.041717734187841415,0.9927444458007812,0.481900691986084,0.5294108390808105,-0.06182978302240372,0.9677798748016357,0.6057194471359253,0.5501322746276855,-0.16288629174232483,0.9924473762512207,0.5099296569824219,0.5821789503097534,-0.18183377385139465,0.9841110706329346,0.5788940787315369,0.6350984573364258,-0.005758019629865885,0.9999609589576721,0.5352427363395691,0.6435757875442505,0.005518765188753605,0.9999759197235107,0.5753570795059204,0.7661715745925903,-0.12769216299057007,0.7809411287307739,0.5407117605209351,0.793097198009491,0.014608544297516346,0.950895369052887,0.5720522403717041,0.8108628392219543,0.12376511096954346,0.25248074531555176,0.5512713193893433,0.9375702738761902,0.0681845098733902,0.9487491250038147,0.5639188289642334,0.8794553279876709,0.1123371571302414,0.2941574156284332,0.545589029788971,0.9766259789466858,-0.009840661659836769,0.9073755145072937
80,2.6666666666666665,0.5401402115821838,0.35872969031333923,-0.18857185542583466,0.9999794363975525,0.5843003988265991,0.4222199022769928,-0.04108152911067009,0.9999962449073792,0.5065276622772217,0.4493168592453003,-0.033158548176288605,0.9999908804893494,0.6096969246864319,0.4828415811061859,-0.04400120675563812,0.992972731590271,0.48195892572402954,0.5289437770843506,-0.06480123102664948,0.9701173305511475,0.6063110828399658,0.548557460308075,-0.16268952190876007,0.9928722381591797,0.5107649564743042,0.5819501876831055,-0.18308138847351074,0.9846449494361877,0.5787604451179504,0.6349875330924988,-0.006052092649042606,0.9999635219573975,0.5352267026901245,0.6426010727882385,0.005816369783133268,0.9999772310256958,0.574988603591919,0.7617568969726562,-0.13831104338169098,0.8020380735397339,0.540718138217926,0.791674792766571,0.01654367335140705,0.9546554684638977,0.5737308263778687,0.8164892196655273,0.11523643881082535,0.2982136607170105,0.5512179136276245,0.9362569451332092,0.07233457267284393,0.9532234072685242,0.5652949213981628,0.8843552470207214,0.10518497228622437,0.3390016257762909,0.5460478663444519,0.9764789342880249,-0.004839005880057812,0.9151179790496826
81,2.7,0.5398989319801331,0.3581607937812805,-0.18942001461982727,0.9999797344207764,0.5840643048286438,0.42149606347084045,-0.04225674644112587,0.9999961256980896,0.5065318942070007,0.4491398334503174,-0.034586112946271896,0.9999905228614807,0.6090636253356934,0.481557160615921,-0.04412933439016342,0.9931545853614807,0.4819577634334564,0.5285589098930359,-0.06591073423624039,0.9721993207931519,0.6064717769622803,0.5471039414405823,-0.1617766171693802,0.9932297468185425,0.5111690759658813,0.5816987752914429,-0.18302825093269348,0.9850326180458069,0.5786383748054504,0.6349044442176819,-0.006194239482283592,0.9999657869338989,0.5352191925048828,0.642022967338562,0.005961124785244465,0.9999784231185913,0.5747320652008057,0.7604216933250427,-0.13755476474761963,0.8210130929946899,0.5407215356826782,0.7908077836036682,0.016463324427604675,0.9580318927764893,0.5742976665496826,0.8182887434959412,0.1164279356598854,0.3391554653644562,0.5511721968650818,0.9352877140045166,0.07350100576877594,0.9572356939315796,0.5658493041992188,0.885262131690979,0.10715029388666153,0.3789086639881134,0.5463248491287231,0.9763637185096741,-0.002661484992131591,0.9220412969589233
82,2.7333333333333334,0.5397917032241821,0.35775503516197205,-0.1901550143957138,0.9999800324440002,0.5839017033576965,0.42105212807655334,-0.04284830018877983,0.9999960064888,0.5065365433692932,0.44903814792633057,-0.03538677096366882,0.9999902248382568,0.6088209748268127,0.48088833689689636,-0.04291219264268875,0.9933112263679504,0.4819580018520355,0.528320848941803,-0.06526968628168106,0.9740903973579407,0.6065266728401184,0.5462344288825989,-0.1588069647550583,0.9935338497161865,0.5113319158554077,0.5814149379730225,-0.18066397309303284,0.9853736162185669,0.5785146951675415,0.6347203850746155,-0.0062650577165186405,0.9999678730964661,0.53521329164505,0.6416723728179932,0.006033454556018114,0.9999794960021973,0.5745459794998169,0.7599931359291077,-0.1392149031162262,0.8381436467170715,0.5407189130783081,0.7902663946151733,0.016466675326228142,0.9611290097236633,0.5745759606361389,0.8191275000572205,0.1150585412979126,0.3767000138759613,0.551094114780426,0.9347078800201416,0.07340587675571442,0.960878312587738,0.5661026239395142,0.8855940699577332,0.10601691901683807,0.415448397397995,0.546474039554596,0.9762240052223206,-0.0027692168951034546,0.9283338189125061
83,2.7666666666666666,0.5397968292236328,0.3528057038784027,-0.19943867623806,0.9999780654907227,0.5841971635818481,0.41551291942596436,-0.04249659553170204,0.9999956488609314,0.5074028968811035,0.44596028327941895,-0.04755067080259323,0.9999898076057434,0.6070979833602905,0.4770469665527344,-0.017917627468705177,0.9929779171943665,0.4820130467414856,0.5275462865829468,-0.0711466521024704,0.9757383465766907,0.6068623065948486,0.5406220555305481,-0.1021907702088356,0.9934080243110657,0.5140546560287476,0.5790857076644897,-0.18032768368721008,0.9853063225746155,0.5784928202629089,0.6304033398628235,-0.004080249462276697,0.9999691843986511,0.5353290438652039,0.6375223994255066,0.003851761342957616,0.9999800324440002,0.5737627744674683,0.7544295191764832,-0.1432422548532486,0.8533813953399658,0.540942370891571,0.7837353348731995,0.00900838803499937,0.9637284278869629,0.5744333267211914,0.8334991335868835,0.10168536007404327,0.4130237400531769,0.5503175258636475,0.9317564368247986,0.06265608966350555,0.9641401171684265,0.5658014416694641,0.9008057713508606,0.08480007946491241,0.4506118595600128,0.5478768944740295,0.9744565486907959,-0.016782231628894806,0.934005618095398
84,2.8,0.5398019552230835,0.3509007692337036,-0.20060360431671143,0.9999759793281555,0.5842509269714355,0.4129072427749634,-0.042493823915719986,0.9999954104423523,0.5081841945648193,0.4435040354728699,-0.04731683433055878,0.99998939037323,0.6063675284385681,0.47473955154418945,-0.003739361884072423,0.9927677512168884,0.4821106493473053,0.5262036919593811,-0.06402070820331573,0.9771112203598022,0.6068810224533081,0.5382086634635925,-0.07434823364019394,0.9933599829673767,0.5152019262313843,0.5777645707130432,-0.16983649134635925,0.9849916696548462,0.5784461498260498,0.6263686418533325,-0.0035279877483844757,0.9999703168869019,0.5354939699172974,0.6338171362876892,0.0033010276965796947,0.9999804496765137,0.5733875036239624,0.7518441081047058,-0.14111223816871643,0.8671382069587708,0.5410952568054199,0.7807683944702148,0.00587939377874136,0.9661993384361267,0.5745202898979187,0.8366148471832275,0.09851694852113724,0.44768184423446655,0.5496891736984253,0.9311211705207825,0.05609888955950737,0.967144787311554,0.5657594799995422,0.9036387801170349,0.08000960946083069,0.4833865761756897,0.5484101176261902,0.9735540747642517,-0.02229519560933113,0.9392537474632263
85,2.8333333333333335,0.5398381948471069,0.3438183069229126,-0.19549378752708435,0.9999745488166809,0.5844514966011047,0.4064030945301056,-0.025851529091596603,0.9999950528144836,0.5095223188400269,0.4360458254814148,-0.044249776750802994,0.9999890923500061,0.6042471528053284,0.4682287573814392,0.044677067548036575,0.99241703748703,0.4826695919036865,0.5209840536117554,-0.059920184314250946,0.9786151647567749,0.606601893901825,0.5300569534301758,0.011843571439385414,0.9933222532272339,0.5186688303947449,0.5700411200523376,-0.164369598031044,0.9855473637580872,0.5782977342605591,0.6179857850074768,0.0021615279838442802,0.9999693632125854,0.5354820489883423,0.6262160539627075,-0.0024039330892264843,0.9999784827232361,0.5732397437095642,0.7399368286132812,-0.17604772746562958,0.8792718648910522,0.5410901308059692,0.7766645550727844,-0.02392352931201458,0.9668067097663879,0.5742343068122864,0.8504610657691956,0.008036594837903976,0.48732081055641174,0.5478161573410034,0.9271048903465271,0.05577203631401062,0.9687833189964294,0.5661630034446716,0.9202755689620972,-0.043305546045303345,0.5206643342971802,0.5483640432357788,0.9733627438545227,-0.025315824896097183,0.9420422911643982
86,2.8666666666666667,0.5398423671722412,0.341086208820343,-0.19221600890159607,0.9999741911888123,0.584446132183075,0.40356165170669556,-0.01943657547235489,0.9999947547912598,0.5103912949562073,0.43275341391563416,-0.04126249998807907,0.999988853931427,0.6032198071479797,0.4653768837451935,0.029368076473474503,0.9920011162757874,0.48305997252464294,0.5186112523078918,-0.05732962489128113,0.9800274968147278,0.6064392924308777,0.5261530876159668,-0.03660186380147934,0.9932684302330017,0.5191174149513245,0.566365122795105,-0.15921439230442047,0.9861324429512024,0.5782326459884644,0.6119558811187744,0.0033402792178094387,0.9999684691429138,0.5354743003845215,0.6207292079925537,-0.0035875141620635986,0.9999767541885376,0.5731903314590454,0.7355330586433411,-0.1773471236228943,0.8904082179069519,0.541094183921814,0.7731766700744629,-0.025017794221639633,0.9679171442985535,0.573987603187561,0.8549248576164246,-0.002612837590277195,0.5273205041885376,0.5471688508987427,0.9258587956428528,0.053539834916591644,0.9706906080245972,0.5662885904312134,0.9247201085090637,-0.0609264075756073,0.5580793619155884,0.5483261346817017,0.9731115698814392,-0.035222701728343964,0.945351243019104
87,2.9,0.5400499701499939,0.3353743553161621,-0.1661718189716339,0.9999698400497437,0.5845521688461304,0.39671143889427185,0.0039484333246946335,0.9999931454658508,0.5108664035797119,0.42452317476272583,-0.024107951670885086,0.9999886155128479,0.6010386943817139,0.46444210410118103,0.01978963427245617,0.9865528345108032,0.484517902135849,0.512235701084137,-0.05693387985229492,0.9809434413909912,0.6060680150985718,0.5217941999435425,-0.061825282871723175,0.9883777499198914,0.5214310884475708,0.5593061447143555,-0.16853740811347961,0.9866280555725098,0.5782037377357483,0.6082385182380676,0.0047335452400147915,0.9999672174453735,0.5354694128036499,0.6158303022384644,-0.0049691153690218925,0.9999757409095764,0.5729444026947021,0.7290112972259521,-0.19235336780548096,0.9003586173057556,0.5405269861221313,0.7717981338500977,-0.02490277588367462,0.9682369232177734,0.5724726915359497,0.8649044632911682,-0.03493564575910568,0.5657563209533691,0.5453594326972961,0.9232171177864075,0.05305036902427673,0.9720194935798645,0.5670391321182251,0.9300775527954102,-0.10466513782739639,0.5936465263366699,0.5480049848556519,0.9731049537658691,-0.042214080691337585,0.9473925232887268
88,2.933333333333333,0.5400857329368591,0.3338031768798828,-0.17246142029762268,0.9999672770500183,0.5846147537231445,0.3956814110279083,-0.001425354857929051,0.9999920725822449,0.5109702348709106,0.422660231590271,-0.02570265159010887,0.9999885559082031,0.6009289026260376,0.46219220757484436,0.02444865182042122,0.9833744764328003,0.4851040840148926,0.510801374912262,-0.05975617840886116,0.9819009900093079,0.6060042977333069,0.518119752407074,-0.06324002891778946,0.9855443239212036,0.5222470164299011,0.5560023188591003,-0.18339183926582336,0.9872761964797974,0.5781949162483215,0.604884147644043,0.005845841020345688,0.9999655485153198,0.5354616045951843,0.6125063300132751,-0.006082191132009029,0.9999741911888123,0.5728732943534851,0.7261834740638733,-0.1880868822336197,0.9092933535575867,0.5399855375289917,0.7705216407775879,-0.026512298732995987,0.9684171676635742,0.5715761184692383,0.8672889471054077,-0.03434965759515762,0.600680947303772,0.5446830987930298,0.922577977180481,0.0524318628013134,0.9732439517974854,0.5673424005508423,0.9311746954917908,-0.10739810764789581,0.6261569261550903,0.5478236079216003,0.9730618000030518,-0.04878471419215202,0.9494481682777405
89,2.966666666666667,0.5401799082756042,0.3289874494075775,-0.16027937829494476,0.9999522566795349,0.5846916437149048,0.3919658958911896,0.014420745894312859,0.9999880790710449,0.511351466178894,0.4179338216781616,-0.02220691181719303,0.9999872446060181,0.6003509759902954,0.45979440212249756,0.03598786145448685,0.9699227809906006,0.4863770604133606,0.5058452486991882,-0.05854662507772446,0.9816378951072693,0.6052678823471069,0.5153068900108337,-0.05348530411720276,0.9706003069877625,0.524358868598938,0.5473049879074097,-0.18419727683067322,0.9873653054237366,0.5781801342964172,0.5999612808227539,0.0092694703489542,0.9999622702598572,0.5354658961296082,0.6056985855102539,-0.009494646452367306,0.9999712705612183,0.5728402137756348,0.726008415222168,-0.1673218309879303,0.9161482453346252,0.5398411750793457,0.761647641658783,-0.039670057594776154,0.9648905396461487,0.5692588090896606,0.8823117017745972,-0.03870895877480507,0.6333954334259033,0.5442200899124146,0.9036622643470764,0.05014748498797417,0.9722789525985718,0.5672119855880737,0.9384074807167053,-0.1268821507692337,0.656173586845398,0.5478076934814453,0.9663694500923157,-0.052776165306568146,0.9480233788490295
90,3.0,0.5403581261634827,0.3276132047176361,-0.1542450338602066,0.9999419450759888,0.5849324464797974,0.3909650444984436,0.015336786396801472,0.9999852776527405,0.5115622878074646,0.41708141565322876,-0.014905452728271484,0.9999864101409912,0.600352942943573,0.45951926708221436,0.025030190125107765,0.9609754681587219,0.4872048795223236,0.5047541856765747,-0.0576193742454052,0.9819483757019043,0.6047741174697876,0.5144022107124329,-0.08307567983865738,0.962259829044342,0.5248583555221558,0.545509934425354,-0.1892826110124588,0.9878689646720886,0.5781744718551636,0.600310742855072,0.008644672110676765,0.9999590516090393,0.5354663133621216,0.6060459017753601,-0.00886972900480032,0.9999685287475586,0.5728413462638855,0.7270371913909912,-0.17159727215766907,0.9225161671638489,0.5396537184715271,0.7603318095207214,-0.03727823123335838,0.9620985984802246,0.5680145621299744,0.8831655979156494,-0.03239995241165161,0.6617947220802307,0.543668270111084,0.8994399309158325,0.06446794420480728,0.9711921811103821,0.5671526789665222,0.9400383830070496,-0.1161322221159935,0.682196855545044,0.5477960109710693,0.9642905592918396,-0.03371160849928856,0.946234941482544
91,3.033333333333333,0.540474534034729,0.32411688566207886,-0.14391079545021057,0.999931812286377,0.5853692293167114,0.387853741645813,0.025418097153306007,0.9999805688858032,0.5118788480758667,0.4125558137893677,-0.013527917675673962,0.9999837279319763,0.6001882553100586,0.45599475502967834,0.030774548649787903,0.9465736746788025,0.48746126890182495,0.5012775659561157,-0.05901991203427315,0.9819275736808777,0.6040988564491272,0.509080171585083,-0.07560308277606964,0.9494255185127258,0.5264313817024231,0.5389525294303894,-0.18910396099090576,0.9880121350288391,0.5782241821289062,0.598656952381134,0.010057520121335983,0.9999511241912842,0.535571277141571,0.6047070026397705,-0.01028164941817522,0.9999583959579468,0.5729886293411255,0.7222587466239929,-0.18973010778427124,0.9282972812652588,0.5395556688308716,0.7578540444374084,-0.03352970629930496,0.9528590440750122,0.5671921372413635,0.8903818130493164,-0.11862035095691681,0.6913837790489197,0.5435923337936401,0.8829817771911621,0.10853687673807144,0.9602773785591125,0.5671117901802063,0.9408466815948486,-0.22407157719135284,0.7092885971069336,0.5483191013336182,0.9468129277229309,0.02929343283176422,0.9315134882926941
92,3.066666666666667,0.5406634211540222,0.32333898544311523,-0.13551610708236694,0.9999179244041443,0.5857792496681213,0.38669267296791077,0.03227823227643967,0.9999748468399048,0.5119568109512329,0.4116740822792053,-0.00848276074975729,0.9999814033508301,0.6002711057662964,0.4554683268070221,0.037021368741989136,0.9300300478935242,0.4878459870815277,0.499592125415802,-0.058283478021621704,0.9817683100700378,0.6037415266036987,0.5080214142799377,-0.0667448341846466,0.9320664405822754,0.5269103050231934,0.5369096398353577,-0.18778471648693085,0.9881552457809448,0.5782538056373596,0.5983093976974487,0.010657438077032566,0.9999451637268066,0.5356602072715759,0.604240357875824,-0.010877788998186588,0.9999513626098633,0.5732733607292175,0.7188751101493835,-0.19224542379379272,0.9336473941802979,0.5395259261131287,0.7555509209632874,-0.034864626824855804,0.9453405737876892,0.5668891668319702,0.8912929892539978,-0.12122438848018646,0.7182153463363647,0.5435308814048767,0.8786253929138184,0.10465417802333832,0.9519771933555603,0.5670962333679199,0.94040846824646,-0.22662392258644104,0.7338158488273621,0.5486981868743896,0.9425348043441772,0.023703137412667274,0.9195913076400757
93,3.1,0.540779709815979,0.32298964262008667,-0.13191625475883484,0.999913215637207,0.5859769582748413,0.38642480969429016,0.033161409199237823,0.9999714493751526,0.5119110345840454,0.41185981035232544,-0.004204134922474623,0.9999798536300659,0.6003724336624146,0.4554422199726105,0.030758023262023926,0.9190807938575745,0.488182008266449,0.4994189441204071,-0.057325027883052826,0.9819496870040894,0.6035946607589722,0.5082107186317444,-0.08308655023574829,0.9215027093887329,0.5268343687057495,0.5354183316230774,-0.1883813887834549,0.9885819554328918,0.5782507658004761,0.5986019968986511,0.010337293148040771,0.9999391436576843,0.5356603860855103,0.6044116616249084,-0.010554305277764797,0.9999438524246216,0.5736550092697144,0.7173373699188232,-0.19585983455181122,0.9385771155357361,0.5395222306251526,0.7546936869621277,-0.03303956612944603,0.9386256337165833,0.5666407942771912,0.8930188417434692,-0.12961378693580627,0.7428557276725769,0.5434544682502747,0.8772802352905273,0.11602749675512314,0.9427227973937988,0.5671271085739136,0.9412634968757629,-0.2371237725019455,0.7565520405769348,0.5490790605545044,0.9410002827644348,0.03784482181072235,0.9073408842086792
94,3.1333333333333333,0.5408369898796082,0.3228079378604889,-0.13903462886810303,0.9999081492424011,0.5861541628837585,0.3861906826496124,0.026570212095975876,0.9999698996543884,0.5118805170059204,0.4120961129665375,-0.007749844342470169,0.9999786615371704,0.6004642844200134,0.4546571373939514,0.028696361929178238,0.9122774004936218,0.48836231231689453,0.4996294379234314,-0.057275690138339996,0.9821165204048157,0.6035844683647156,0.5068762302398682,-0.08211994916200638,0.9173189997673035,0.5270451903343201,0.5349752306938171,-0.19133849442005157,0.9888745546340942,0.5782507658004761,0.5980462431907654,0.01032876968383789,0.9999330043792725,0.535664975643158,0.6035870313644409,-0.010549538768827915,0.9999364614486694,0.5738703012466431,0.7173545956611633,-0.18508905172348022,0.9419487714767456,0.5395243167877197,0.7538642287254333,-0.03644906356930733,0.9304153919219971,0.5666944980621338,0.8915531635284424,-0.08729502558708191,0.7622656226158142,0.5432335734367371,0.8751484155654907,0.1092069000005722,0.9344087839126587,0.5670949816703796,0.9416276812553406,-0.18490764498710632,0.7739970088005066,0.5491399765014648,0.9401913285255432,0.030526867136359215,0.8957024812698364
95,3.1666666666666665,0.5405915379524231,0.3199802041053772,-0.1388774961233139,0.9999158382415771,0.5864481329917908,0.38554033637046814,0.02851533517241478,0.9999707937240601,0.5118055939674377,0.4094586968421936,-0.007910064421594143,0.9999752640724182,0.6005546450614929,0.45246073603630066,0.008869143202900887,0.9155345559120178,0.4883476793766022,0.4977668821811676,-0.06769774854183197,0.9826433062553406,0.6036444902420044,0.5026071071624756,-0.13635461032390594,0.9221310019493103,0.5269446969032288,0.5329879522323608,-0.1937953680753708,0.9891923666000366,0.5782527327537537,0.5988732576370239,0.010097870603203773,0.9999227523803711,0.5355878472328186,0.6045209765434265,-0.010306915268301964,0.999905526638031,0.573850154876709,0.7242444157600403,-0.18104231357574463,0.9466933012008667,0.5394665002822876,0.7548609375953674,-0.0014954385114833713,0.9281426668167114,0.5658881068229675,0.9004407525062561,-0.17431709170341492,0.7854642271995544,0.542557954788208,0.856849730014801,0.24891254305839539,0.9002100825309753,0.5624610185623169,0.9396728277206421,-0.30284205079078674,0.795930802822113,0.5491210222244263,0.9172757267951965,0.21425041556358337,0.8672040104866028
96,3.2,0.5402488708496094,0.3190554678440094,-0.1428801715373993,0.999923050403595,0.5867087244987488,0.384836882352829,0.024789363145828247,0.999971866607666,0.5117844939231873,0.40871161222457886,-0.018427522853016853,0.9999722242355347,0.6007115244865417,0.4501446485519409,0.01005540695041418,0.9192755222320557,0.4883250296115875,0.49661779403686523,-0.07380226254463196,0.9832008481025696,0.6037702560424805,0.5014610886573792,-0.11090745031833649,0.9273892045021057,0.5266625881195068,0.531956136226654,-0.1969580352306366,0.9895682334899902,0.5782625675201416,0.5991851091384888,0.010265328921377659,0.9999122023582458,0.5355750322341919,0.6047194004058838,-0.010464144870638847,0.9998731017112732,0.5737828612327576,0.7295305132865906,-0.14388646185398102,0.9507331252098083,0.5394443273544312,0.7552437782287598,0.007207168731838465,0.9265162944793701,0.565478503704071,0.9032713174819946,-0.14546748995780945,0.8064009547233582,0.5420993566513062,0.8533164858818054,0.25661134719848633,0.8723099827766418,0.5605085492134094,0.9384757280349731,-0.270039826631546,0.815708577632904,0.5491079688072205,0.9129883050918579,0.2281116247177124,0.8446367383003235
97,3.2333333333333334,0.5398924350738525,0.31596070528030396,-0.1913350522518158,0.999929666519165,0.5868427753448486,0.38489389419555664,-0.008951196447014809,0.9999732971191406,0.5113203525543213,0.4080078899860382,-0.05572468787431717,0.9999684691429138,0.6023789048194885,0.4484768807888031,0.004782603122293949,0.9238536953926086,0.48767367005348206,0.49567273259162903,-0.09483464062213898,0.9835949540138245,0.6042600870132446,0.5012248158454895,-0.10347670316696167,0.9330756068229675,0.5264340043067932,0.5314251780509949,-0.21488872170448303,0.989929735660553,0.5782889127731323,0.6014384627342224,0.010209676809608936,0.999898374080658,0.535098671913147,0.6064853072166443,-0.010402228683233261,0.9998254179954529,0.5731608867645264,0.7453328371047974,-0.07091976702213287,0.9528423547744751,0.5399492979049683,0.7569797039031982,0.02049879916012287,0.9201933145523071,0.5633455514907837,0.9080542922019958,-0.048997096717357635,0.8250239491462708,0.5396103858947754,0.8208437561988831,0.3240280747413635,0.8256634473800659,0.5566366910934448,0.9423611760139465,-0.17330947518348694,0.8332340717315674,0.548812747001648,0.886205792427063,0.31953078508377075,0.8089064359664917
98,3.2666666666666666,0.539641797542572,0.3149787187576294,-0.19391393661499023,0.9999356269836426,0.5869544744491577,0.3848796784877777,-0.01181933842599392,0.9999744892120361,0.5110142827033997,0.40761587023735046,-0.05808833986520767,0.9999649524688721,0.6033285856246948,0.4481184184551239,0.002633192576467991,0.9277182221412659,0.48724570870399475,0.49533963203430176,-0.09692414849996567,0.9838629364967346,0.6045727133750916,0.5011586546897888,-0.1041833758354187,0.9380436539649963,0.5262719988822937,0.5313873291015625,-0.21824483573436737,0.9902132153511047,0.5782982110977173,0.6030562520027161,0.010249998420476913,0.9998849630355835,0.53477543592453,0.6078285574913025,-0.010435421951115131,0.9997802376747131,0.5727487802505493,0.7503517866134644,-0.06710439920425415,0.9544678330421448,0.5402306914329529,0.7585890293121338,0.02266986295580864,0.9133651256561279,0.5623413324356079,0.9098897576332092,-0.04254565387964249,0.8417500853538513,0.5386408567428589,0.8177850246429443,0.3265382945537567,0.780758261680603,0.5556491017341614,0.9433225989341736,-0.16170968115329742,0.8489694595336914,0.5486869812011719,0.8835052251815796,0.321396142244339,0.7738338708877563
99,3.3,0.5398511290550232,0.3152501881122589,-0.20751595497131348,0.9999416470527649,0.5871559381484985,0.3852326273918152,-0.017144858837127686,0.9999762773513794,0.5108415484428406,0.4075329601764679,-0.07084234058856964,0.9999635815620422,0.6064537167549133,0.4487932324409485,0.0003919689042959362,0.9326151013374329,0.48697152733802795,0.4952752888202667,-0.11547130346298218,0.9844262599945068,0.6059423685073853,0.5021296143531799,-0.10852299630641937,0.9432761669158936,0.5258970856666565,0.5314562320709229,-0.24060995876789093,0.9906315803527832,0.5783255100250244,0.6070301532745361,0.010211796499788761,0.9998776316642761,0.5346299409866333,0.6109426021575928,-0.010398432612419128,0.9997389912605286,0.5724971890449524,0.754449725151062,-0.09934134036302567,0.9568390846252441,0.5402264595031738,0.762519896030426,0.06358014047145844,0.903113842010498,0.5592998266220093,0.9186198711395264,-0.08275353163480759,0.8570489883422852,0.5381151437759399,0.8093464970588684,0.3852536082267761,0.7321881651878357,0.5526283979415894,0.9478374123573303,-0.2115311622619629,0.8635605573654175,0.5486996173858643,0.8725082278251648,0.3806464374065399,0.7392662763595581
100,3.3333333333333335,0.5399719476699829,0.31540027260780334,-0.20871992409229279,0.9999468922615051,0.5872870683670044,0.38544073700904846,-0.01925991289317608,0.999977707862854,0.5107628107070923,0.4073747396469116,-0.07010753452777863,0.9999607801437378,0.6076167225837708,0.4490363299846649,-0.0019731326028704643,0.9369425773620605,0.48687535524368286,0.4952978491783142,-0.11360011994838715,0.984792947769165,0.6066809296607971,0.5027638673782349,-0.11098819971084595,0.9479662179946899,0.5256960988044739,0.5312507748603821,-0.23963001370429993,0.990918755531311,0.5783311724662781,0.6088409423828125,0.010145863518118858,0.9998679161071777,0.5344909429550171,0.6123015284538269,-0.010334205813705921,0.9996936917304993,0.5721629858016968,0.7570200562477112,-0.08426687866449356,0.9587047100067139,0.5402229428291321,0.765228271484375,0.05897277593612671,0.895048975944519,0.5582945942878723,0.920857310295105,-0.07121025770902634,0.8707972764968872,0.5377796292304993,0.8086295127868652,0.3787687420845032,0.691544234752655,0.5515552759170532,0.9511646032333374,-0.19504494965076447,0.8766158223152161,0.5486727952957153,0.8716299533843994,0.3752911388874054,0.7096366882324219
101,3.3666666666666667,0.5414099097251892,0.31600111722946167,-0.20619459450244904,0.9999513030052185,0.5878380537033081,0.3864363431930542,-0.020438332110643387,0.9999790191650391,0.5107592940330505,0.40769514441490173,-0.060065604746341705,0.999957799911499,0.6118868589401245,0.4513844847679138,-0.012528332881629467,0.941074550151825,0.4868179261684418,0.49552926421165466,-0.1024952381849289,0.9848664999008179,0.6091597080230713,0.5058959722518921,-0.13501805067062378,0.9521469473838806,0.5245119333267212,0.5315760970115662,-0.22855213284492493,0.9909861087799072,0.5782259702682495,0.6108859777450562,0.008215287700295448,0.9998621940612793,0.5340098142623901,0.6147692203521729,-0.008392741903662682,0.9996533989906311,0.5721622109413147,0.7578588128089905,-0.11265639215707779,0.9614107608795166,0.5404271483421326,0.7715434432029724,0.058609455823898315,0.8888764977455139,0.5571404099464417,0.9263440370559692,-0.09756647050380707,0.8832377791404724,0.5380492210388184,0.7899103760719299,0.3947482705116272,0.648097813129425,0.5501655340194702,0.9586342573165894,-0.22478751838207245,0.8884037733078003,0.5481164455413818,0.8468445539474487,0.3931840658187866,0.6759001612663269
102,3.4,0.5419803857803345,0.3163571357727051,-0.19837448000907898,0.9999554753303528,0.5881240367889404,0.3871746361255646,-0.015386010520160198,0.9999803304672241,0.510755717754364,0.40795961022377014,-0.05797923356294632,0.9999557137489319,0.6131407022476196,0.45217472314834595,-0.00715659698471427,0.945157527923584,0.48676371574401855,0.4956858456134796,-0.09140221774578094,0.985040009021759,0.6102615594863892,0.5077949166297913,-0.12702642381191254,0.9560901522636414,0.5237642526626587,0.5318978428840637,-0.2175004780292511,0.9911172389984131,0.5781373977661133,0.611345648765564,0.006795770488679409,0.9998570084571838,0.5336027145385742,0.6155139207839966,-0.006970988120883703,0.9996132850646973,0.572166919708252,0.7566829919815063,-0.15151940286159515,0.9641139507293701,0.5408076643943787,0.7727759480476379,0.05690233036875725,0.8825970888137817,0.5572402477264404,0.9270225763320923,-0.12509480118751526,0.8943673968315125,0.5381917357444763,0.7805577516555786,0.3961504101753235,0.6051990389823914,0.5493870973587036,0.9601320624351501,-0.25161415338516235,0.8989629745483398,0.5478689670562744,0.8374132513999939,0.3955954909324646,0.641860842704773
103,3.433333333333333,0.5424902439117432,0.31744086742401123,-0.15771842002868652,0.9999582767486572,0.5884199142456055,0.39179089665412903,0.002995900809764862,0.9999812841415405,0.5107444524765015,0.4084291160106659,-0.009440597146749496,0.9999527335166931,0.6183855533599854,0.456219345331192,0.01410771906375885,0.9482707977294922,0.4862740635871887,0.49582067131996155,-0.022318698465824127,0.9844273924827576,0.611427903175354,0.5143299698829651,-0.09473267942667007,0.9596396088600159,0.5210925340652466,0.5329107642173767,-0.14144282042980194,0.9910363554954529,0.5776952505111694,0.6152190566062927,0.0030304170213639736,0.9998397827148438,0.5331764817237854,0.6194448471069336,-0.003206782042980194,0.999546229839325,0.5717120170593262,0.7597931623458862,-0.09104190766811371,0.9627702236175537,0.5407649278640747,0.7868492007255554,-0.028346046805381775,0.8679813146591187,0.5563069581985474,0.9331393837928772,-0.054025858640670776,0.9008707404136658,0.5382760763168335,0.7753434181213379,0.30319744348526,0.5546170473098755,0.547319233417511,0.9679657816886902,-0.15647844970226288,0.9032474160194397,0.5477337837219238,0.831390380859375,0.3128141760826111,0.5913628339767456
104,3.466666666666667,0.5427634119987488,0.3181004524230957,-0.16614368557929993,0.9999608397483826,0.5885611176490784,0.3936300575733185,0.0011746773961931467,0.9999821186065674,0.5107405185699463,0.4087648093700409,-0.016840104013681412,0.9999487996101379,0.6194580793380737,0.4580911099910736,0.007332863751798868,0.9511091113090515,0.48606109619140625,0.495880126953125,-0.0313868373632431,0.9840842485427856,0.6122937798500061,0.516357421875,-0.11055972427129745,0.9627388119697571,0.5199886560440063,0.5340415835380554,-0.14994704723358154,0.990912914276123,0.5776104927062988,0.6159607172012329,0.0013964215759187937,0.999820351600647,0.5329667925834656,0.62047278881073,-0.0015689833089709282,0.999467670917511,0.5715550780296326,0.7606436610221863,-0.10403011739253998,0.9622331261634827,0.5407599210739136,0.7881901860237122,-0.006079212296754122,0.8495195508003235,0.5561586022377014,0.9342973232269287,-0.06356256455183029,0.907795250415802,0.5382441282272339,0.776533842086792,0.3259640038013458,0.5071783661842346,0.5464398264884949,0.9699879884719849,-0.17173990607261658,0.9089354872703552,0.5468567609786987,0.8283026814460754,0.339057981967926,0.5445840358734131
105,3.5,0.5429543852806091,0.3184901475906372,-0.16286107897758484,0.9999635815620422,0.5886081457138062,0.3945550322532654,0.0031433762051165104,0.9999829530715942,0.5107367038726807,0.4089861214160919,-0.011621412821114063,0.9999465942382812,0.6193059086799622,0.45882949233055115,0.008008843287825584,0.9536375403404236,0.4860221743583679,0.49590644240379333,-0.028364524245262146,0.9839661121368408,0.6125080585479736,0.5171945691108704,-0.11028839647769928,0.9654746055603027,0.5197371244430542,0.5349392294883728,-0.1476660519838333,0.9909042119979858,0.5775660872459412,0.6161966323852539,0.0006687697605229914,0.9998031258583069,0.5328472256660461,0.6209998726844788,-0.0008418026263825595,0.999397873878479,0.5715014338493347,0.7599515318870544,-0.12851987779140472,0.9621853828430176,0.5407548546791077,0.7892355918884277,0.00012583952047862113,0.8311592936515808,0.5562835931777954,0.9347392320632935,-0.09533250331878662,0.9139013886451721,0.5381467342376709,0.7788331508636475,0.33746036887168884,0.4628599286079407,0.5459719896316528,0.9704192876815796,-0.20866794884204865,0.9141242504119873,0.5464630126953125,0.8314828872680664,0.3500029444694519,0.5005373358726501
106,3.533333333333333,0.5430755019187927,0.318693608045578,-0.157258540391922,0.9999660849571228,0.5886367559432983,0.3949390947818756,0.008222592994570732,0.9999837279319763,0.5107341408729553,0.4091585874557495,-0.006340889725834131,0.9999450445175171,0.6191535592079163,0.4591617286205292,0.0127547737210989,0.9558607935905457,0.48601633310317993,0.4959350526332855,-0.02546282485127449,0.9838947057723999,0.6125996112823486,0.5175095200538635,-0.10646895319223404,0.967925488948822,0.5197290182113647,0.5357162356376648,-0.1463012844324112,0.9908985495567322,0.5775343179702759,0.6162992715835571,0.0003754060890059918,0.9997891783714294,0.532795786857605,0.6211831569671631,-0.0005518911057151854,0.9993401169776917,0.5714709162712097,0.7595432996749878,-0.14588662981987,0.9624394178390503,0.5407681465148926,0.7898932695388794,0.0002876362414099276,0.8135872483253479,0.556394100189209,0.9343520402908325,-0.11260288953781128,0.9192216396331787,0.5381407141685486,0.7800346612930298,0.33580127358436584,0.4226464331150055,0.546029806137085,0.9698575139045715,-0.22670161724090576,0.9186492562294006,0.5462453961372375,0.8324950337409973,0.34696584939956665,0.4604246914386749
107,3.566666666666667,0.543059229850769,0.32060331106185913,-0.17213259637355804,0.9999672174453735,0.589593768119812,0.40105140209198,-0.013488516211509705,0.9999844431877136,0.5106398463249207,0.4105012118816376,-0.013683801516890526,0.9999409914016724,0.6239286661148071,0.4680260121822357,-0.013577289879322052,0.9580406546592712,0.48548394441604614,0.4965122640132904,-0.02159894071519375,0.9806645512580872,0.612377941608429,0.5230099558830261,-0.13672465085983276,0.970510721206665,0.5180938243865967,0.5409501194953918,-0.136935293674469,0.9894847273826599,0.576813817024231,0.6197079420089722,-1.4098293831921183e-05,0.9997819662094116,0.5324569940567017,0.6229957938194275,-0.00016120933287311345,0.9993071556091309,0.571444571018219,0.7635083794593811,-0.025342028588056564,0.9473899602890015,0.5407642722129822,0.7936668992042542,-0.049427133053541183,0.7873660922050476,0.5551386475563049,0.9332214593887329,0.042264826595783234,0.9116366505622864,0.5379449129104614,0.7642323970794678,0.25934702157974243,0.38477379083633423,0.5439187288284302,0.9729703068733215,-0.04636680334806442,0.9054836630821228,0.5446370244026184,0.8083480596542358,0.28493160009384155,0.42108458280563354
108,3.6,0.5430465340614319,0.32153910398483276,-0.1720752865076065,0.999966561794281,0.5899797677993774,0.4032894968986511,-0.015615184791386127,0.999984860420227,0.5104191303253174,0.411615788936615,-0.01282317005097866,0.9999338388442993,0.6254339814186096,0.4701100289821625,-0.016499662771821022,0.9598604440689087,0.4853757917881012,0.4968562722206116,-0.01193586178123951,0.9766923785209656,0.6123133897781372,0.5255305171012878,-0.139704167842865,0.9728115797042847,0.5173753499984741,0.5429303646087646,-0.12062688916921616,0.9874818325042725,0.5764297246932983,0.6206689476966858,-0.000740127288736403,0.9997732639312744,0.5321422219276428,0.6234551668167114,0.000566221890039742,0.999264121055603,0.5714275240898132,0.7657347917556763,-0.016875606030225754,0.9325338006019592,0.5407894253730774,0.7951545715332031,-0.05495979264378548,0.7610284090042114,0.5544491410255432,0.9330171942710876,0.049840297549963,0.900982677936554,0.5380477905273438,0.7581177353858948,0.23959162831306458,0.3500266373157501,0.5431532859802246,0.9746626019477844,-0.03474174439907074,0.8869128823280334,0.537280797958374,0.7894741296768188,0.26549845933914185,0.3844205439090729
109,3.6333333333333333,0.5430648922920227,0.3232826292514801,-0.20087380707263947,0.9999669194221497,0.5924621820449829,0.4089132845401764,-0.028961598873138428,0.99998539686203,0.5105292201042175,0.41515398025512695,-0.02938149869441986,0.9999319911003113,0.6291102170944214,0.4812541604042053,-0.03431285172700882,0.9613221883773804,0.48539939522743225,0.4993361532688141,-0.023244310170412064,0.973503053188324,0.6122639775276184,0.5327474474906921,-0.171072319149971,0.9748547673225403,0.5155635476112366,0.5469745993614197,-0.13503387570381165,0.9864833354949951,0.5763285756111145,0.6231275796890259,0.001351508079096675,0.9997767210006714,0.531757116317749,0.6248787641525269,-0.001527806743979454,0.9992748498916626,0.5717998743057251,0.7694309949874878,-0.006138383410871029,0.914790153503418,0.5408282279968262,0.7964439988136292,-0.06808051466941833,0.7398600578308105,0.5510413646697998,0.9334385395050049,0.08012866973876953,0.893369197845459,0.536806583404541,0.7648113965988159,0.24128980934619904,0.32034677267074585,0.5433459877967834,0.9760083556175232,-0.0037880451418459415,0.8762181997299194,0.5387066602706909,0.8061527013778687,0.2603618800640106,0.3538268208503723
110,3.6666666666666665,0.5431332588195801,0.3245852589607239,-0.1984945684671402,0.9999648928642273,0.5936313271522522,0.41099217534065247,-0.03160984069108963,0.9999856352806091,0.5105388164520264,0.41670307517051697,-0.03433101996779442,0.9999265670776367,0.629984438419342,0.48439937829971313,-0.04395442083477974,0.9633237719535828,0.48543301224708557,0.5004532337188721,-0.0286053828895092,0.9707988500595093,0.6121828556060791,0.5344557166099548,-0.1858423948287964,0.976845383644104,0.5150436758995056,0.5484267473220825,-0.14208848774433136,0.9855060577392578,0.5761948823928833,0.626214325428009,0.0025300905108451843,0.9997764825820923,0.5312925577163696,0.6268249750137329,-0.0027011719066649675,0.9992693662643433,0.5719959735870361,0.7740891575813293,-0.0066771372221410275,0.9060721397399902,0.5407002568244934,0.7957283854484558,-0.07121741026639938,0.7328313589096069,0.5498350262641907,0.934820830821991,0.07041460275650024,0.8910841941833496,0.5368438363075256,0.7701126337051392,0.23752793669700623,0.29684731364250183,0.5448786020278931,0.976659893989563,-0.014082252979278564,0.8704685568809509,0.5387037396430969,0.8135379552841187,0.25715744495391846,0.3290902078151703
111,3.7,0.5433818101882935,0.3262879252433777,-0.2183973342180252,0.9999659657478333,0.5938442945480347,0.415192186832428,-0.03806309401988983,0.9999860525131226,0.5107362270355225,0.4200960397720337,-0.04937159642577171,0.999923586845398,0.6311907172203064,0.490978866815567,-0.052492111921310425,0.9656885266304016,0.48590460419654846,0.5011157989501953,-0.05788927152752876,0.9717296361923218,0.6120448708534241,0.5403382778167725,-0.19734546542167664,0.9785890579223633,0.5127400159835815,0.5485217571258545,-0.18470719456672668,0.9860807657241821,0.575935959815979,0.6293875575065613,0.005196843296289444,0.999777615070343,0.5309162139892578,0.6286256909370422,-0.00537559250369668,0.999276340007782,0.5719985365867615,0.7840663194656372,-0.026505663990974426,0.9114917516708374,0.5406888723373413,0.7903538346290588,-0.036064863204956055,0.7392961382865906,0.548241376876831,0.9368782639503479,0.052325207740068436,0.9004861116409302,0.5334725379943848,0.7898077368736267,0.3154178261756897,0.2940696179866791,0.5481696128845215,0.9807509779930115,-0.05087294429540634,0.8812944293022156,0.537571132183075,0.8473074436187744,0.31744086742401123,0.3284660875797272
112,3.7333333333333334,0.5434983372688293,0.32759326696395874,-0.22248438000679016,0.9999663829803467,0.593722939491272,0.4163142740726471,-0.04219518601894379,0.999986469745636,0.5107830166816711,0.42201632261276245,-0.05404965952038765,0.9999199509620667,0.631150484085083,0.49239295721054077,-0.059677548706531525,0.9678553342819214,0.4860966205596924,0.5022671222686768,-0.06360583007335663,0.9724697470664978,0.611758828163147,0.5421972274780273,-0.20873355865478516,0.9802327752113342,0.51194167137146,0.5487244725227356,-0.18853290379047394,0.9865999221801758,0.5757349729537964,0.6293736100196838,0.006209608633071184,0.9997748136520386,0.5305960178375244,0.6286373734474182,-0.006393528077751398,0.9992703199386597,0.571993350982666,0.7842607498168945,-0.029029861092567444,0.9152785539627075,0.5406872630119324,0.7853397130966187,-0.03415023535490036,0.7426602244377136,0.5478063821792603,0.9366058111190796,0.049984417855739594,0.9084932208061218,0.5325176119804382,0.7971010208129883,0.3103199601173401,0.2901118993759155,0.548639714717865,0.980735182762146,-0.05434013158082962,0.8904598355293274,0.5373024344444275,0.8572831749916077,0.3122500479221344,0.326482355594635
113,3.7666666666666666,0.5436684489250183,0.32877859473228455,-0.23485882580280304,0.9999670386314392,0.5935808420181274,0.41779008507728577,-0.06372110545635223,0.9999868869781494,0.5108323693275452,0.4228341281414032,-0.059879034757614136,0.9999154806137085,0.6319452524185181,0.496110200881958,-0.08312393724918365,0.9701082706451416,0.48704177141189575,0.5022661089897156,-0.061385780572891235,0.9727352261543274,0.6097632646560669,0.5435516238212585,-0.2264881134033203,0.9817113876342773,0.5103979706764221,0.5484861135482788,-0.17912523448467255,0.9865471124649048,0.575593113899231,0.632729172706604,0.0036795444320887327,0.9997802972793579,0.5303108096122742,0.630212664604187,-0.0038622065912932158,0.9992910623550415,0.5723183155059814,0.7819635272026062,-0.03867049142718315,0.9193494319915771,0.5392972826957703,0.7780085206031799,-0.01804172247648239,0.7486183047294617,0.5477929711341858,0.936195433139801,0.03933924064040184,0.9162403345108032,0.5327562093734741,0.8073933720588684,0.31923991441726685,0.29797449707984924,0.548676073551178,0.980389416217804,-0.06769584119319916,0.8996130228042603,0.5349501967430115,0.8766069412231445,0.3146563768386841,0.3387598991394043
114,3.8,0.5436326265335083,0.32969236373901367,-0.2309645712375641,0.9999669790267944,0.5934915542602539,0.4180898070335388,-0.06135190650820732,0.9999872446060181,0.5108343362808228,0.4232243001461029,-0.056195251643657684,0.9999114274978638,0.6320098042488098,0.4969554543495178,-0.08211012184619904,0.9720399975776672,0.4875902533531189,0.5019662976264954,-0.05845547467470169,0.9726948142051697,0.6086592674255371,0.5440712571144104,-0.2267095297574997,0.9829989671707153,0.5091562867164612,0.5484511852264404,-0.17529448866844177,0.9864135384559631,0.5754764080047607,0.633549153804779,0.0024864973966032267,0.9997836351394653,0.5301373600959778,0.6305735111236572,-0.0026697409339249134,0.9993073344230652,0.5727249383926392,0.7818368673324585,-0.04000139981508255,0.9225829243659973,0.5389872789382935,0.7739686965942383,-0.01851763390004635,0.7523731589317322,0.5477158427238464,0.9358173608779907,0.04083073139190674,0.9229673743247986,0.5329389572143555,0.8099179863929749,0.3083335757255554,0.3046008348464966,0.5486820936203003,0.9801629781723022,-0.06778119504451752,0.907483696937561,0.5340643525123596,0.879485547542572,0.3078956604003906,0.34853142499923706
115,3.8333333333333335,0.5431793332099915,0.3295229971408844,-0.2137846052646637,0.99996018409729,0.5931730270385742,0.416953444480896,-0.046317972242832184,0.999987006187439,0.5108652710914612,0.4228920042514801,-0.030339106917381287,0.9999077916145325,0.6313731074333191,0.4965517222881317,-0.06670576333999634,0.9736638069152832,0.48903441429138184,0.5001376867294312,-0.04270549863576889,0.969852089881897,0.6031087040901184,0.5430009961128235,-0.20523026585578918,0.9841543436050415,0.5086256265640259,0.5470665097236633,-0.17533144354820251,0.986186146736145,0.5752864480018616,0.632527768611908,0.004364169668406248,0.9997843503952026,0.5299064517021179,0.6287457942962646,-0.004517365247011185,0.9993294477462769,0.5724862217903137,0.782282829284668,-0.009743737988173962,0.9170357584953308,0.5390015840530396,0.7646012306213379,-0.14577391743659973,0.7626116275787354,0.5477116703987122,0.9357729554176331,0.12182249128818512,0.9246693253517151,0.5331324338912964,0.8234313726425171,0.15120860934257507,0.31933701038360596,0.5484799146652222,0.9798640012741089,0.028306175023317337,0.9085187315940857,0.5344835519790649,0.8943135738372803,0.1289159208536148,0.3619270920753479
116,3.8666666666666667,0.5428615808486938,0.32940319180488586,-0.21108047664165497,0.9999529123306274,0.5930691957473755,0.4163529574871063,-0.04498470202088356,0.9999867677688599,0.510879397392273,0.42266175150871277,-0.02738667093217373,0.9999048113822937,0.6310557126998901,0.4969331622123718,-0.05840126425027847,0.9751462936401367,0.489664226770401,0.4988355040550232,-0.03977842628955841,0.967298150062561,0.6011285185813904,0.5424485802650452,-0.19529786705970764,0.9851765036582947,0.5083774328231812,0.5462525486946106,-0.175594300031662,0.9859394431114197,0.5751487612724304,0.631976842880249,0.005324152298271656,0.9997857213020325,0.5297594666481018,0.6268764734268188,-0.005462097004055977,0.9993535280227661,0.5722442865371704,0.7819815874099731,-0.006386595778167248,0.9118600487709045,0.5390230417251587,0.7601913213729858,-0.15858712792396545,0.7738928198814392,0.5478694438934326,0.9350910782814026,0.13440370559692383,0.925577700138092,0.5332433581352234,0.8262017965316772,0.13381421566009521,0.3365842401981354,0.548088014125824,0.9797326922416687,0.04268006607890129,0.9085939526557922,0.5345646142959595,0.8966540694236755,0.10847373306751251,0.37738972902297974
117,3.9,0.5425829291343689,0.32932254672050476,-0.20892801880836487,0.9999469518661499,0.5929481983184814,0.41603830456733704,-0.04266602545976639,0.9999866485595703,0.5108834505081177,0.4224897027015686,-0.026728849858045578,0.9999029636383057,0.6308452486991882,0.4969857931137085,-0.055459070950746536,0.9765483140945435,0.4900082051753998,0.4981021583080292,-0.03908989578485489,0.9654171466827393,0.6003921627998352,0.5421679019927979,-0.19138139486312866,0.9861302375793457,0.5083035230636597,0.5457541942596436,-0.17615418136119843,0.9858351945877075,0.5750064253807068,0.6317204236984253,0.005508406553417444,0.9997876286506653,0.5296143293380737,0.6255252957344055,-0.0056432094424963,0.999377429485321,0.5719402432441711,0.7815735936164856,-0.007292708847671747,0.9073208570480347,0.5390441417694092,0.758115291595459,-0.1544751673936844,0.7840431928634644,0.5480262041091919,0.9341619610786438,0.13678373396396637,0.9260271191596985,0.5332927107810974,0.8268342614173889,0.13452431559562683,0.353535920381546,0.5475600957870483,0.979710578918457,0.045855578035116196,0.908247172832489,0.5346575975418091,0.8968963027000427,0.1077374592423439,0.3926784098148346
118,3.933333333333333,0.5423917174339294,0.3292877972126007,-0.2083503007888794,0.9999399185180664,0.5928172469139099,0.41585543751716614,-0.04084904491901398,0.9999863505363464,0.5108882188796997,0.42235976457595825,-0.027339855208992958,0.9999008178710938,0.630740225315094,0.4970742464065552,-0.056631457060575485,0.977699875831604,0.4902631640434265,0.4976121187210083,-0.03902287408709526,0.9636310935020447,0.6000787615776062,0.5419950485229492,-0.19244146347045898,0.9869071841239929,0.5082610845565796,0.5454365611076355,-0.17653989791870117,0.9857526421546936,0.5749272108078003,0.6314593553543091,0.00556521350517869,0.9997889995574951,0.5295600891113281,0.6248546838760376,-0.005698582157492638,0.9993994832038879,0.5717254877090454,0.7813341617584229,-0.007680081762373447,0.9031895399093628,0.539061963558197,0.7572820782661438,-0.1572389304637909,0.7933911681175232,0.5481182336807251,0.9335899353027344,0.13650484383106232,0.9267049431800842,0.5332914590835571,0.8273477554321289,0.13019201159477234,0.36986127495765686,0.5475153923034668,0.9796338677406311,0.04409302771091461,0.9082731008529663,0.5347099900245667,0.8973808288574219,0.10129261016845703,0.40751180052757263
119,3.966666666666667,0.541930079460144,0.32378509640693665,-0.18528467416763306,0.9998924136161804,0.5916380882263184,0.4123854339122772,-0.031153585761785507,0.9999831914901733,0.510172426700592,0.41961127519607544,-0.012138424441218376,0.9998959898948669,0.6305681467056274,0.49616092443466187,-0.06256796419620514,0.9778023362159729,0.49352678656578064,0.4951231777667999,-0.0546601302921772,0.959360659122467,0.5951410531997681,0.5371503829956055,-0.19755078852176666,0.9862100481987,0.5082684755325317,0.5435438752174377,-0.23478715121746063,0.985646665096283,0.5752081871032715,0.6311348676681519,0.005533784627914429,0.9997892379760742,0.529565691947937,0.6237221956253052,-0.005658079870045185,0.9994305968284607,0.5716480016708374,0.7822306156158447,-0.012108192779123783,0.8921074271202087,0.5390671491622925,0.7434912919998169,-0.23246464133262634,0.8049651980400085,0.549346387386322,0.9311493039131165,0.1298704445362091,0.9248678088188171,0.5335683822631836,0.8443083167076111,0.005368357058614492,0.3987382650375366,0.548194408416748,0.979600191116333,0.03320392966270447,0.9051373600959778,0.5360328555107117,0.9150302410125732,-0.0489378422498703,0.4326847791671753
120,4.0,0.5413150191307068,0.3213168978691101,-0.17933091521263123,0.9998409748077393,0.5911750197410583,0.4105849862098694,-0.026795482262969017,0.9999799728393555,0.5097575187683105,0.4179648458957672,-0.008837463334202766,0.999891459941864,0.6304278373718262,0.4955640137195587,-0.0626617819070816,0.9777856469154358,0.4947440028190613,0.49374231696128845,-0.05848280340433121,0.9549703598022461,0.5932036638259888,0.534780740737915,-0.19669680297374725,0.9854446053504944,0.5083696842193604,0.5423542261123657,-0.24015286564826965,0.985444962978363,0.5753267407417297,0.6308059096336365,0.005512837320566177,0.9997893571853638,0.529572069644928,0.6233517527580261,-0.005637224297970533,0.9994588494300842,0.5715259909629822,0.7827164530754089,-0.013838028535246849,0.8805922269821167,0.5390519499778748,0.7395469546318054,-0.24273467063903809,0.8150043487548828,0.5499274134635925,0.9301163554191589,0.12544091045856476,0.9229953289031982,0.5336481332778931,0.8479072451591492,-0.00854838453233242,0.4238603711128235,0.5490951538085938,0.9795510172843933,0.02729920484125614,0.902130126953125,0.5367369055747986,0.9178107380867004,-0.06458922475576401,0.45481163263320923
121,4.033333333333333,0.5413256287574768,0.31270718574523926,-0.16540415585041046,0.9997732043266296,0.5904437303543091,0.40115004777908325,-0.02479146607220173,0.9999779462814331,0.509550929069519,0.41207414865493774,0.009604303166270256,0.9998911619186401,0.6297721862792969,0.49224603176116943,-0.06431522965431213,0.977128267288208,0.49623721837997437,0.4900970160961151,-0.041498783975839615,0.9400375485420227,0.5875194668769836,0.5208349227905273,-0.19489745795726776,0.9818843603134155,0.5084736943244934,0.5381796360015869,-0.2201627492904663,0.9822126626968384,0.5757436752319336,0.6219648718833923,0.0013690084451809525,0.999796986579895,0.529916524887085,0.6135932207107544,-0.0014688253868371248,0.9994981288909912,0.5714007616043091,0.7769724726676941,-0.014483529143035412,0.860482394695282,0.5391297936439514,0.7220001816749573,-0.2542080581188202,0.8241854310035706,0.5541155934333801,0.9208340048789978,0.11654096841812134,0.9138854146003723,0.5367217063903809,0.8621193766593933,-0.10667011886835098,0.46024295687675476,0.5500012040138245,0.9736512899398804,0.01802842691540718,0.8919413089752197,0.5381461977958679,0.9245468974113464,-0.19027747213840485,0.4874861240386963
122,4.066666666666666,0.5412949323654175,0.31050193309783936,-0.16781680285930634,0.9997004270553589,0.5901374816894531,0.39810851216316223,-0.02433905377984047,0.999975323677063,0.5094055533409119,0.40954917669296265,0.009142288938164711,0.9998905062675476,0.6295572519302368,0.49055197834968567,-0.06671382486820221,0.9760928750038147,0.49669593572616577,0.4878651797771454,-0.04176885634660721,0.9275891780853271,0.5862327814102173,0.5163206458091736,-0.1964806318283081,0.9778725504875183,0.5084933042526245,0.5358837842941284,-0.22515344619750977,0.9795164465904236,0.5762463808059692,0.6188278794288635,0.0004677823162637651,0.9998025894165039,0.5303093791007996,0.6110299229621887,-0.0005664904601871967,0.9995326399803162,0.5713983178138733,0.7739713191986084,-0.014528125524520874,0.8402745723724365,0.5392749309539795,0.7199499607086182,-0.2564724087715149,0.8318520784378052,0.555345892906189,0.9166876077651978,0.11984618753194809,0.9047920107841492,0.5380111336708069,0.8639317154884338,-0.09917192906141281,0.4913600981235504,0.5503351092338562,0.9710349440574646,0.020932821556925774,0.8817594647407532,0.5387927293777466,0.9264180660247803,-0.1814880520105362,0.5150922536849976
123,4.1,0.5412987470626831,0.305426687002182,-0.15008392930030823,0.9996408224105835,0.5885211825370789,0.3903811275959015,-0.022080734372138977,0.9999734163284302,0.5091596245765686,0.4054199755191803,0.015912991017103195,0.9998900294303894,0.6278342008590698,0.4834389090538025,-0.07144853472709656,0.9745954871177673,0.4987509250640869,0.4860650897026062,-0.04191317409276962,0.9055050611495972,0.5812287330627441,0.5085141062736511,-0.19873780012130737,0.9722058773040771,0.5089529752731323,0.531493067741394,-0.2331874817609787,0.9739071726799011,0.5765789747238159,0.6121346354484558,-0.0010336646810173988,0.9998095631599426,0.5307611227035522,0.6046335697174072,0.0009439533459953964,0.9995660185813904,0.5712364912033081,0.7681834697723389,-0.009805278852581978,0.8091340065002441,0.5392653942108154,0.7177783250808716,-0.23945598304271698,0.8322951197624207,0.5572704076766968,0.911447286605835,0.11585428565740585,0.8861898183822632,0.5410236120223999,0.8768346905708313,-0.13156220316886902,0.5154135823249817,0.5528548955917358,0.9658217430114746,0.01224592886865139,0.8637902140617371,0.5406387448310852,0.9301259517669678,-0.2287922203540802,0.5367685556411743
124,4.133333333333334,0.5413333177566528,0.30282723903656006,-0.15303492546081543,0.9995759129524231,0.5875609517097473,0.3879058361053467,-0.022471969947218895,0.9999708533287048,0.508884072303772,0.4035646319389343,0.01104523241519928,0.9998879432678223,0.6269558072090149,0.480418860912323,-0.07793978601694107,0.9726817011833191,0.49929681420326233,0.4851298928260803,-0.05912550166249275,0.8859933614730835,0.5805671215057373,0.506175696849823,-0.20861990749835968,0.9665066003799438,0.5091919302940369,0.5297118425369263,-0.2587507963180542,0.969262421131134,0.5770550966262817,0.610433042049408,-0.0009901212761178613,0.9998152256011963,0.5314759016036987,0.6038434505462646,0.0008999112178571522,0.9995951652526855,0.5712348222732544,0.7663990259170532,-0.0062681520357728004,0.7814655900001526,0.5391690731048584,0.7172791957855225,-0.23786751925945282,0.83143550157547,0.5582678914070129,0.9096137285232544,0.11224649101495743,0.8723756074905396,0.5421646237373352,0.8772947788238525,-0.12071238458156586,0.5366359353065491,0.5539991855621338,0.9632050395011902,0.011668398045003414,0.8507118225097656,0.5413886308670044,0.9300380349159241,-0.21764428913593292,0.5560063123703003
125,4.166666666666667,0.5411267280578613,0.3002232611179352,-0.1302908957004547,0.9995463490486145,0.585769772529602,0.38312509655952454,-0.00915218610316515,0.9999704957008362,0.5084666609764099,0.4017614722251892,0.03216439485549927,0.9998888373374939,0.6248204708099365,0.4745945930480957,-0.07330520451068878,0.973412811756134,0.5019814968109131,0.4845117926597595,-0.04812275245785713,0.8687402606010437,0.5757965445518494,0.4956507086753845,-0.20614798367023468,0.9661434888839722,0.510518491268158,0.5285866856575012,-0.24655573070049286,0.9642512798309326,0.5772914290428162,0.6030396223068237,-0.0013367660576477647,0.9998216032981873,0.5318154692649841,0.59769606590271,0.001249331166036427,0.9996235966682434,0.571267306804657,0.7624666690826416,-0.005250883288681507,0.751039981842041,0.5391529202461243,0.7132650017738342,-0.2311326563358307,0.832007646560669,0.5583239197731018,0.9027111530303955,0.13127443194389343,0.8378406167030334,0.5434149503707886,0.8810019493103027,-0.14092731475830078,0.5569127202033997,0.5539946556091309,0.9595968723297119,0.03196052089333534,0.8184044361114502,0.5444958209991455,0.9356000423431396,-0.2500063180923462,0.5736294984817505
126,4.2,0.5407606363296509,0.30032894015312195,-0.13545727729797363,0.9995455741882324,0.5851386785507202,0.38119277358055115,-0.010773605667054653,0.9999715089797974,0.5081418752670288,0.4003550708293915,0.0348878912627697,0.9998924732208252,0.6240957379341125,0.47317713499069214,-0.07114022970199585,0.9746416211128235,0.5024489164352417,0.48404961824417114,-0.035801924765110016,0.8509218692779541,0.5752965807914734,0.4941790699958801,-0.20582234859466553,0.967002809047699,0.510840117931366,0.5280370712280273,-0.23702263832092285,0.9569135308265686,0.5773645043373108,0.6011425256729126,-0.0019656282383948565,0.9998306035995483,0.5319405794143677,0.5964792370796204,0.001876343972980976,0.9996525645256042,0.5713691115379333,0.7594712972640991,-0.005778510123491287,0.7254342436790466,0.539111316204071,0.712534487247467,-0.225229412317276,0.8357863426208496,0.558551549911499,0.8964439630508423,0.14722123742103577,0.8023837804794312,0.5439925789833069,0.8841066360473633,-0.14813485741615295,0.5826338529586792,0.5541560649871826,0.9541864395141602,0.052341680973768234,0.7876529097557068,0.5456685423851013,0.941352903842926,-0.2632772922515869,0.5971702337265015
127,4.233333333333333,0.5401442646980286,0.2989908754825592,-0.13169702887535095,0.9995652437210083,0.5842229127883911,0.37606674432754517,-0.013723775744438171,0.9999731183052063,0.5081448554992676,0.39929428696632385,0.029419362545013428,0.999900221824646,0.6228407621383667,0.4696677625179291,-0.07587556540966034,0.9760565757751465,0.5046799182891846,0.4844455420970917,-0.04008600488305092,0.8398596048355103,0.5700988173484802,0.48448851704597473,-0.20504441857337952,0.9680956602096558,0.511907160282135,0.5281758904457092,-0.2475462704896927,0.954544186592102,0.5777133703231812,0.6003546714782715,-0.0018851967761293054,0.9998423457145691,0.5325525999069214,0.5963457822799683,0.0018011971842497587,0.999683678150177,0.572145938873291,0.7583712935447693,0.01647062972187996,0.693435549736023,0.5389667749404907,0.7133694291114807,-0.22569160163402557,0.8429721593856812,0.5589553117752075,0.8873693943023682,0.21406908333301544,0.7434704303741455,0.54552161693573,0.8889965415000916,-0.1993924081325531,0.6125891208648682,0.5539975166320801,0.9380039572715759,0.14408457279205322,0.7356919646263123,0.5476279854774475,0.9383277893066406,-0.32259827852249146,0.6256332397460938
128,4.266666666666667,0.5397951006889343,0.2983519732952118,-0.12850028276443481,0.9995912909507751,0.5838834047317505,0.3749249279499054,-0.014562524855136871,0.99997478723526,0.5081548094749451,0.3987135887145996,0.033950306475162506,0.9999077916145325,0.6222596764564514,0.46859100461006165,-0.07455557584762573,0.9775388240814209,0.5058413743972778,0.48471853137016296,-0.03643915802240372,0.8338186144828796,0.5682990550994873,0.48282524943351746,-0.20414240658283234,0.9696773290634155,0.512731671333313,0.5286368727684021,-0.24020043015480042,0.9542202949523926,0.5779318809509277,0.5989488959312439,-0.002455684822052717,0.9998523592948914,0.5330089330673218,0.5953995585441589,0.0023783594369888306,0.9997110366821289,0.5728678107261658,0.7568517923355103,0.010768809355795383,0.665427565574646,0.5389688014984131,0.7150936722755432,-0.22045361995697021,0.8472622036933899,0.5593432188034058,0.8844213485717773,0.1996203064918518,0.6923923492431641,0.5461689829826355,0.889674723148346,-0.17972779273986816,0.6358575820922852,0.5538822412490845,0.9345259666442871,0.12712866067886353,0.6912968158721924,0.5480141639709473,0.9377949833869934,-0.30029410123825073,0.6477079391479492
129,4.3,0.5391424298286438,0.29836034774780273,-0.13468798995018005,0.9996033906936646,0.5837661623954773,0.3744259178638458,-0.016721632331609726,0.9999759197235107,0.5080925822257996,0.3981327414512634,0.03081035614013672,0.9999143481254578,0.6220239400863647,0.46765491366386414,-0.0774926021695137,0.9785012006759644,0.506048858165741,0.48462584614753723,-0.03743349760770798,0.8264997601509094,0.568827748298645,0.4841291308403015,-0.20482237637043,0.9704030156135559,0.5131481289863586,0.528538167476654,-0.23763792216777802,0.9529168605804443,0.5780904293060303,0.5986202955245972,-0.0025223097763955593,0.9998617172241211,0.5331223607063293,0.5954415798187256,0.0024431785568594933,0.9997366666793823,0.5734739899635315,0.7549660801887512,0.016751457005739212,0.6365405321121216,0.5389745831489563,0.7168639898300171,-0.2176104038953781,0.8540256023406982,0.5604354739189148,0.8741143345832825,0.24276642501354218,0.6379327774047852,0.5465709567070007,0.8893089890480042,-0.1798209547996521,0.6610430479049683,0.5537958145141602,0.9284451603889465,0.18593111634254456,0.6418145298957825,0.5485974550247192,0.9383574724197388,-0.29867637157440186,0.6707171201705933
130,4.333333333333333,0.5382113456726074,0.2985173165798187,-0.13588330149650574,0.9996267557144165,0.5838638544082642,0.3747718334197998,-0.019911281764507294,0.9999774694442749,0.5080476999282837,0.3977354168891907,0.030530035495758057,0.9999209642410278,0.6219534277915955,0.4676593244075775,-0.08192520588636398,0.9798696041107178,0.5061022639274597,0.48457086086273193,-0.038086410611867905,0.8206444978713989,0.5685117840766907,0.48619353771209717,-0.20714470744132996,0.9720249176025391,0.5133942365646362,0.5280886888504028,-0.24119536578655243,0.9519028067588806,0.5782262682914734,0.5986291170120239,-0.002839763881638646,0.9998711943626404,0.5331535935401917,0.5955348014831543,0.00276381173171103,0.9997601509094238,0.5739954710006714,0.754543662071228,0.019721772521734238,0.6103358864784241,0.539007306098938,0.7176254391670227,-0.22135432064533234,0.8600562214851379,0.5606178641319275,0.8753689527511597,0.23851008713245392,0.5882914066314697,0.5469497442245483,0.891161322593689,-0.20004971325397491,0.6834641695022583,0.553730845451355,0.9263245463371277,0.1770745813846588,0.5974690318107605,0.5487064123153687,0.9370375871658325,-0.32198745012283325,0.6926645636558533
131,4.366666666666666,0.5377210974693298,0.29829132556915283,-0.138412207365036,0.9996476769447327,0.5839763283729553,0.3750240206718445,-0.030132358893752098,0.9999789595603943,0.5080348253250122,0.3972216844558716,0.027460509911179543,0.9999272227287292,0.6220464706420898,0.46792030334472656,-0.0889044851064682,0.9812203049659729,0.5062025785446167,0.484270304441452,-0.04384539648890495,0.8178857564926147,0.5676029920578003,0.486837774515152,-0.20874309539794922,0.9737274646759033,0.5134730935096741,0.52732914686203,-0.24860027432441711,0.951512336730957,0.5783350467681885,0.5989190340042114,-0.003375693690031767,0.9998800754547119,0.5331797003746033,0.5958088040351868,0.003303374396637082,0.9997817873954773,0.5743675827980042,0.7545191645622253,0.02775469794869423,0.5891736745834351,0.5390743017196655,0.7182461023330688,-0.22628886997699738,0.8674910068511963,0.5607985854148865,0.8733079433441162,0.2603358328342438,0.5424503684043884,0.5471782684326172,0.8921595215797424,-0.20874348282814026,0.7065140604972839,0.5536843538284302,0.9237634539604187,0.20345692336559296,0.5566405057907104,0.548736572265625,0.9360728859901428,-0.33107858896255493,0.7154220938682556
132,4.4,0.5377806425094604,0.2973639667034149,-0.13500870764255524,0.9996587634086609,0.5839718580245972,0.37292051315307617,-0.028650084510445595,0.9999802708625793,0.5080515146255493,0.3976249396800995,0.0282992422580719,0.9999328851699829,0.6219849586486816,0.46616342663764954,-0.09077400714159012,0.9825208783149719,0.5066563487052917,0.48457810282707214,-0.04798812419176102,0.8187931180000305,0.5658857822418213,0.4789072573184967,-0.20994322001934052,0.975495457649231,0.5136691927909851,0.527361273765564,-0.24936862289905548,0.9510420560836792,0.5788489580154419,0.598861038684845,-0.0040046111680567265,0.9998893737792969,0.533957839012146,0.5960456728935242,0.003926084842532873,0.9998023509979248,0.5752255916595459,0.7551472783088684,0.04333887994289398,0.5942590236663818,0.5393329858779907,0.7202340960502625,-0.23484572768211365,0.8778747916221619,0.5622074604034424,0.8468155860900879,0.3094712793827057,0.4931904375553131,0.5492543578147888,0.8946609497070312,-0.23896396160125732,0.7335118055343628,0.5539699792861938,0.907934844493866,0.26817744970321655,0.512042224407196,0.5510920882225037,0.9354079365730286,-0.36824145913124084,0.7414174675941467
133,4.433333333333334,0.537752628326416,0.2948806881904602,-0.13588957488536835,0.9996758699417114,0.5838347673416138,0.37055739760398865,-0.028947893530130386,0.9999816417694092,0.5081065893173218,0.397780179977417,0.02695205807685852,0.9999385476112366,0.6218338012695312,0.46552249789237976,-0.09034310281276703,0.9836276173591614,0.508289635181427,0.4879828691482544,-0.046352602541446686,0.8198922872543335,0.5636833906173706,0.47489193081855774,-0.20988444983959198,0.9771097302436829,0.5141597986221313,0.5321827530860901,-0.2369171380996704,0.9505214691162109,0.5794976949691772,0.5982598662376404,-0.003595337737351656,0.9998984932899475,0.5341565012931824,0.5962307453155518,0.0035064227413386106,0.9998213052749634,0.5761392116546631,0.755656361579895,0.052545078098773956,0.5893757939338684,0.5394188761711121,0.7307820916175842,-0.22743980586528778,0.8862348198890686,0.5658790469169617,0.8268643617630005,0.3412647843360901,0.44599539041519165,0.5503539443016052,0.8986877202987671,-0.2149617224931717,0.756847083568573,0.554763674736023,0.8861300349235535,0.30951181054115295,0.4666454493999481,0.552155077457428,0.9329327940940857,-0.3433501720428467,0.763710081577301
134,4.466666666666667,0.5376346111297607,0.2939806282520294,-0.1375129222869873,0.9996870756149292,0.583761990070343,0.37001317739486694,-0.031231123954057693,0.9999827146530151,0.508165180683136,0.397988498210907,0.0263163261115551,0.9999433159828186,0.6215770840644836,0.46531790494918823,-0.09266670793294907,0.9840057492256165,0.5089151859283447,0.48957008123397827,-0.04478355124592781,0.8097655177116394,0.5628606677055359,0.4734545052051544,-0.21223095059394836,0.9773803353309631,0.5144418478012085,0.5348466038703918,-0.23309537768363953,0.9464317560195923,0.5797950029373169,0.5979660749435425,-0.0018991732504218817,0.9999061226844788,0.534254789352417,0.596392810344696,0.0018093489343300462,0.9998380541801453,0.5764619708061218,0.756032407283783,0.05194775387644768,0.5484808087348938,0.539444088935852,0.7344840168952942,-0.21980790793895721,0.8888318538665771,0.5657283663749695,0.8326143026351929,0.32934319972991943,0.40373706817626953,0.5509339570999146,0.9000792503356934,-0.21168842911720276,0.7694072723388672,0.5549994707107544,0.8862379193305969,0.2966386377811432,0.4242742359638214,0.5530304312705994,0.9326674342155457,-0.33607813715934753,0.7747657895088196
135,4.5,0.5368708968162537,0.293690949678421,-0.1333945095539093,0.9996902346611023,0.5835461020469666,0.36944326758384705,-0.03015740215778351,0.9999834299087524,0.5081291794776917,0.39878952503204346,0.029440905898809433,0.999946653842926,0.6204215288162231,0.46448394656181335,-0.08990191668272018,0.9841275215148926,0.5087652206420898,0.4922555685043335,-0.0383053794503212,0.7880856990814209,0.5613528490066528,0.474279522895813,-0.2113906890153885,0.9768735766410828,0.5144345164299011,0.539431095123291,-0.2268793284893036,0.9327880144119263,0.5799760818481445,0.5977697372436523,0.0005603268509730697,0.9999130368232727,0.5339826345443726,0.5968332290649414,-0.0006549287354573607,0.9998529553413391,0.5779683589935303,0.7609105706214905,0.04276420921087265,0.5098106265068054,0.5391947031021118,0.7381155490875244,-0.19777598977088928,0.8865881562232971,0.5665121674537659,0.8310847878456116,0.3194953501224518,0.36536917090415955,0.5518554449081421,0.9045004844665527,-0.19195984303951263,0.7747783064842224,0.5567835569381714,0.8916653990745544,0.2882058024406433,0.3852570652961731,0.5547767877578735,0.9380400776863098,-0.3096727728843689,0.7759393453598022
136,4.533333333333333,0.5363597869873047,0.293363094329834,-0.1329188495874405,0.9996941685676575,0.5834592580795288,0.3692173957824707,-0.029543379321694374,0.999984085559845,0.5080882906913757,0.39935415983200073,0.029867008328437805,0.9999495148658752,0.6199113130569458,0.46418482065200806,-0.08901035040616989,0.9843952655792236,0.5086705088615417,0.49375155568122864,-0.036473724991083145,0.7693195939064026,0.5609670877456665,0.47465938329696655,-0.21077409386634827,0.9767565727233887,0.5144473314285278,0.541375458240509,-0.2244255542755127,0.9205908179283142,0.5801407098770142,0.597815990447998,0.0011522051645442843,0.9999193549156189,0.533838152885437,0.5972493290901184,-0.001248345011845231,0.9998663663864136,0.5787731409072876,0.7628586888313293,0.03909427672624588,0.47699087858200073,0.5390634536743164,0.7396310567855835,-0.19271604716777802,0.8860008716583252,0.5665779709815979,0.8319569826126099,0.316463440656662,0.3311048746109009,0.5524559020996094,0.9063347578048706,-0.185296893119812,0.7816703915596008,0.5570920705795288,0.8923733234405518,0.28780099749565125,0.35046714544296265,0.5558476448059082,0.9419571161270142,-0.3042851686477661,0.7789031267166138
137,4.566666666666666,0.5353831648826599,0.2936673164367676,-0.13050056993961334,0.9997162222862244,0.5834823846817017,0.36977851390838623,-0.033364441245794296,0.9999850988388062,0.507885754108429,0.40057510137557983,0.03538224846124649,0.9999532699584961,0.6191156506538391,0.46435225009918213,-0.08939085155725479,0.9849339723587036,0.5085175633430481,0.4967157542705536,-0.016754306852817535,0.7509098052978516,0.5604411363601685,0.4763522744178772,-0.20377668738365173,0.9771313071250916,0.5144363641738892,0.5467932820320129,-0.18976479768753052,0.9134307503700256,0.5801745057106018,0.6004968881607056,-0.002850752091035247,0.9999259114265442,0.5338259339332581,0.6014091372489929,0.0027529369108378887,0.9998788833618164,0.5792434215545654,0.7701753973960876,0.02636275812983513,0.44916045665740967,0.5407959222793579,0.7442536950111389,-0.17480820417404175,0.882463812828064,0.5665351152420044,0.8391602635383606,0.29496854543685913,0.30000513792037964,0.5586251616477966,0.9260839819908142,-0.1881181299686432,0.7870911359786987,0.5577861070632935,0.8965532779693604,0.2742317318916321,0.31887030601501465,0.5572441220283508,0.9457939863204956,-0.30291083455085754,0.7820608019828796
138,4.6,0.5347336530685425,0.293854683637619,-0.11899558454751968,0.9997361898422241,0.5834996104240417,0.3701536953449249,-0.03294990584254265,0.9999860525131226,0.5077840089797974,0.40150418877601624,0.04458433762192726,0.9999566674232483,0.6186344623565674,0.46439459919929504,-0.087346151471138,0.9854943156242371,0.5084251165390015,0.49812957644462585,-0.005975021980702877,0.7356071472167969,0.560165524482727,0.47797420620918274,-0.19365788996219635,0.9774469137191772,0.5144263505935669,0.548419177532196,-0.17666557431221008,0.9061733484268188,0.5801820755004883,0.6020872592926025,-0.004703367594629526,0.9999319911003113,0.5338165760040283,0.6036431789398193,0.004606352187693119,0.9998902678489685,0.5793480277061462,0.7728757858276367,0.01915319263935089,0.42556917667388916,0.5418798327445984,0.7455444931983948,-0.1793355941772461,0.8808090090751648,0.5667253732681274,0.8418493270874023,0.2877334952354431,0.2719508707523346,0.5603912472724915,0.9293724298477173,-0.19947925209999084,0.792508602142334,0.5582824349403381,0.8976374864578247,0.2700849771499634,0.2902832329273224,0.5575689077377319,0.946187436580658,-0.31238189339637756,0.7855004072189331
139,4.633333333333334,0.5348423719406128,0.295520544052124,-0.1176658496260643,0.9997524619102478,0.5835083723068237,0.37212830781936646,-0.03204039856791496,0.9999868273735046,0.5077738165855408,0.4052112102508545,0.054554570466279984,0.9999596476554871,0.6187065243721008,0.46623891592025757,-0.08599580824375153,0.9863777756690979,0.5081301927566528,0.504202663898468,0.013488858938217163,0.738587498664856,0.5609253644943237,0.4817778766155243,-0.19376878440380096,0.9785983562469482,0.5142187476158142,0.5525585412979126,-0.15763208270072937,0.9097623229026794,0.5804862976074219,0.6057378053665161,-0.009518495760858059,0.9999369382858276,0.5339392423629761,0.6083874702453613,0.009407507255673409,0.999900221824646,0.5812275409698486,0.7833234071731567,0.001821355544961989,0.41778257489204407,0.5451960563659668,0.7529728412628174,-0.15861156582832336,0.8829600214958191,0.5682724714279175,0.8403664231300354,0.28527987003326416,0.24727964401245117,0.5645588040351868,0.9365893602371216,-0.164846271276474,0.7988230586051941,0.5634661912918091,0.8995131850242615,0.2683136761188507,0.2649584412574768,0.5611004829406738,0.9623935222625732,-0.26657387614250183,0.7875773906707764
140,4.666666666666667,0.5349079966545105,0.2965042293071747,-0.11916755139827728,0.999767541885376,0.5835081934928894,0.3734610378742218,-0.031496595591306686,0.9999874830245972,0.5077396035194397,0.4069046974182129,0.05516846105456352,0.9999623894691467,0.618752121925354,0.4674401879310608,-0.0826193243265152,0.9871538281440735,0.5080615282058716,0.5065950751304626,0.01720501109957695,0.7429752945899963,0.5613635182380676,0.48519012331962585,-0.19252905249595642,0.9796270132064819,0.514099657535553,0.5543168187141418,-0.1521635204553604,0.9133873581886292,0.5806735157966614,0.6073374152183533,-0.01096414402127266,0.999941349029541,0.5339920520782471,0.6103661060333252,0.010847541503608227,0.9999091625213623,0.582027792930603,0.7860990166664124,-0.001952588907442987,0.411704957485199,0.5459464192390442,0.7555934190750122,-0.14831027388572693,0.8845168352127075,0.5690823793411255,0.8344085812568665,0.28265684843063354,0.22493527829647064,0.5660446882247925,0.9371426105499268,-0.14654922485351562,0.8036526441574097,0.564537763595581,0.8996082544326782,0.2722027599811554,0.2419300377368927,0.5624421834945679,0.965325653553009,-0.2467225342988968,0.787728488445282
141,4.7,0.5349568128585815,0.2972126305103302,-0.12127280235290527,0.9997810125350952,0.5834974646568298,0.374358206987381,-0.0332895889878273,0.9999880790710449,0.5077101588249207,0.4077703356742859,0.050627488642930984,0.9999648332595825,0.6187515258789062,0.46803024411201477,-0.08264252543449402,0.9878014922142029,0.5080242156982422,0.5077400207519531,0.009784931316971779,0.7431414723396301,0.5616475343704224,0.48808130621910095,-0.19419771432876587,0.9805386662483215,0.5140131711959839,0.5549957156181335,-0.16185496747493744,0.9152353405952454,0.580793023109436,0.609062135219574,-0.01082153432071209,0.9999455213546753,0.5340725183486938,0.6123179197311401,0.010703200474381447,0.9999173283576965,0.5824651122093201,0.7872045040130615,-0.005040082149207592,0.4049464166164398,0.5464635491371155,0.7564100623130798,-0.15418995916843414,0.8865775465965271,0.5698846578598022,0.8280714154243469,0.28765857219696045,0.2045655995607376,0.5662542581558228,0.9372873306274414,-0.1481979489326477,0.8097327947616577,0.5640871524810791,0.88996821641922,0.28462517261505127,0.22106367349624634,0.5627360939979553,0.9654837846755981,-0.25013574957847595,0.7899302840232849
142,4.733333333333333,0.5350004434585571,0.2977290451526642,-0.12316795438528061,0.9997929334640503,0.5834730863571167,0.37497881054878235,-0.03195115551352501,0.9999886155128479,0.5076635479927063,0.4084433615207672,0.053660135716199875,0.9999670386314392,0.6187800765037537,0.4685727059841156,-0.0783076137304306,0.9884560704231262,0.5079992413520813,0.5085148215293884,0.012490089982748032,0.7452199459075928,0.5618451833724976,0.48980993032455444,-0.1931755095720291,0.9815676808357239,0.5139498710632324,0.5556586980819702,-0.1612645834684372,0.9169138073921204,0.5808715224266052,0.6108117699623108,-0.011131102219223976,0.9999493360519409,0.53408282995224,0.613584578037262,0.011005747132003307,0.9999247789382935,0.5828176736831665,0.7903054356575012,-0.011387131176888943,0.41369521617889404,0.5466517806053162,0.757632851600647,-0.14780321717262268,0.890220582485199,0.5695858597755432,0.8117927312850952,0.2958867847919464,0.18594995141029358,0.5664186477661133,0.9372081160545349,-0.1275668740272522,0.8184484839439392,0.5639019012451172,0.874741792678833,0.2966678738594055,0.20220337808132172,0.5624014139175415,0.9659010171890259,-0.22747281193733215,0.7953396439552307
143,4.766666666666667,0.535012423992157,0.3006700873374939,-0.1383349597454071,0.9997972249984741,0.5836008787155151,0.37888023257255554,-0.03764495998620987,0.9999890327453613,0.5076643228530884,0.41107505559921265,0.05056963488459587,0.9999685287475586,0.6188598871231079,0.47257331013679504,-0.08495420217514038,0.9894407987594604,0.5079559683799744,0.5147508978843689,0.012417174875736237,0.7615742683410645,0.5623229146003723,0.4932509660720825,-0.2067956030368805,0.9832257628440857,0.5136757493019104,0.5637863874435425,-0.15963640809059143,0.9234281182289124,0.5820432901382446,0.6154654026031494,-0.014763112179934978,0.9999525547027588,0.5347611904144287,0.6193824410438538,0.014630143530666828,0.9999312162399292,0.5868161916732788,0.7999257445335388,-0.027827788144350052,0.46248382329940796,0.5476076006889343,0.7607700824737549,-0.16635513305664062,0.8991403579711914,0.5727531313896179,0.8176285624504089,0.2930467426776886,0.1727984994649887,0.5683389902114868,0.9383468627929688,-0.13532781600952148,0.8344104886054993,0.5660192370414734,0.8947075009346008,0.2828013598918915,0.19306141138076782,0.5632750391960144,0.9714759588241577,-0.24069324135780334,0.8125004768371582
144,4.8,0.5351072549819946,0.3020576238632202,-0.15082409977912903,0.9997937083244324,0.5836774706840515,0.38005194067955017,-0.04383295029401779,0.9999889731407166,0.5076442360877991,0.4119287133216858,0.05006565898656845,0.9999690651893616,0.6189461946487427,0.4739546477794647,-0.09275402128696442,0.990103542804718,0.5079104900360107,0.5141292810440063,0.01563587225973606,0.7677465081214905,0.56272292137146,0.4959110617637634,-0.2181297093629837,0.9841956496238708,0.5133246779441833,0.565085768699646,-0.15113328397274017,0.9266649484634399,0.582587718963623,0.6178038716316223,-0.014216078445315361,0.9999537467956543,0.534943699836731,0.6215182542800903,0.014088571071624756,0.9999361038208008,0.5878758430480957,0.8032284379005432,-0.03206992894411087,0.4699763059616089,0.5479481816291809,0.7623152136802673,-0.16745337843894958,0.9030640721321106,0.5735586881637573,0.8306211829185486,0.2854275107383728,0.15963265299797058,0.5695970058441162,0.9389282464981079,-0.12626053392887115,0.8386508226394653,0.5668685436248779,0.9044034481048584,0.275030255317688,0.1791132241487503,0.5641618967056274,0.9740702509880066,-0.22660060226917267,0.8127392530441284
145,4.833333333333333,0.5354950428009033,0.30510473251342773,-0.16301412880420685,0.9997899532318115,0.5837361216545105,0.3851073086261749,-0.04928264766931534,0.9999887943267822,0.5075518488883972,0.414655476808548,0.04522562026977539,0.9999682307243347,0.6194822192192078,0.4788036048412323,-0.09850306808948517,0.9908377528190613,0.5078408122062683,0.5163129568099976,0.01148948073387146,0.7778735160827637,0.5636662840843201,0.5046265125274658,-0.22640275955200195,0.9854090809822083,0.5114477872848511,0.5671818852424622,-0.1546606868505478,0.9293192625045776,0.5825859308242798,0.6260585188865662,-0.018292883411049843,0.9999557137489319,0.5349442362785339,0.627922534942627,0.018142851069569588,0.999940812587738,0.5893183946609497,0.8079774379730225,-0.04808295518159866,0.5164037942886353,0.5486134886741638,0.7649110555648804,-0.16562025249004364,0.9103339910507202,0.5753164887428284,0.8215544819831848,0.2859439253807068,0.14762815833091736,0.5696131587028503,0.9391453266143799,-0.087799072265625,0.8520810008049011,0.570717990398407,0.8830804824829102,0.2809060215950012,0.1698722243309021,0.5638865828514099,0.9772658348083496,-0.18126961588859558,0.8270173072814941
146,4.866666666666666,0.535513162612915,0.3066974878311157,-0.16849586367607117,0.9997779130935669,0.5838702321052551,0.3871304392814636,-0.05939095467329025,0.9999886751174927,0.507468044757843,0.4158129096031189,0.04486868530511856,0.9999669790267944,0.619796633720398,0.4814795255661011,-0.1143287792801857,0.9915356040000916,0.5077341794967651,0.5164753794670105,0.018400322645902634,0.7843318581581116,0.5658047795295715,0.5045834183692932,-0.2453715056180954,0.9865818619728088,0.5099523067474365,0.5678444504737854,-0.14094287157058716,0.9302228093147278,0.5825565457344055,0.6278738379478455,-0.020985297858715057,0.9999570846557617,0.5349226593971252,0.6289951205253601,0.02084580436348915,0.9999446868896484,0.589948832988739,0.8078919053077698,-0.040539924055337906,0.5549653768539429,0.5483868718147278,0.7630344033241272,-0.173859640955925,0.9164810180664062,0.579369843006134,0.8233963847160339,0.2946665287017822,0.13678213953971863,0.5691642165184021,0.9377158880233765,-0.10469349473714828,0.8637166619300842,0.5757254362106323,0.8838424682617188,0.28512337803840637,0.16146011650562286,0.5641027688980103,0.9756463766098022,-0.20558634400367737,0.8396794199943542
147,4.9,0.5356004238128662,0.30825281143188477,-0.18191535770893097,0.9997922778129578,0.5839503407478333,0.3896316885948181,-0.07096017897129059,0.9999891519546509,0.5071667432785034,0.41851022839546204,0.03262481838464737,0.9999656677246094,0.620384693145752,0.48578962683677673,-0.11841283738613129,0.9917738437652588,0.5076714754104614,0.5194568037986755,-0.02442856878042221,0.7757574915885925,0.5674552321434021,0.5140381455421448,-0.25074437260627747,0.9871376752853394,0.5082768797874451,0.5676188468933105,-0.22574400901794434,0.9219823479652405,0.582426130771637,0.6287566423416138,-0.021007496863603592,0.9999602437019348,0.5348719358444214,0.6304097771644592,0.020841170102357864,0.9999492168426514,0.5892326235771179,0.8044753074645996,-0.05462552234530449,0.591790497303009,0.5489999055862427,0.7781964540481567,-0.024461284279823303,0.9204599261283875,0.5868477821350098,0.8241378664970398,0.2856411933898926,0.14982017874717712,0.5686842203140259,0.9371903538703918,0.07276128232479095,0.8735138177871704,0.5855556726455688,0.8853923082351685,0.2802485525608063,0.1761239916086197,0.5641747713088989,0.9770983457565308,-0.009823430329561234,0.8483325242996216
148,4.933333333333334,0.5356123447418213,0.3090783655643463,-0.18697747588157654,0.9998003840446472,0.5839741230010986,0.3915552496910095,-0.07285439223051071,0.9999894499778748,0.5066226720809937,0.42129403352737427,0.021955402567982674,0.9999638199806213,0.620815634727478,0.48737233877182007,-0.11856478452682495,0.9919840693473816,0.5075978636741638,0.524381160736084,-0.050546012818813324,0.7621787786483765,0.5681453943252563,0.5166687965393066,-0.2493804395198822,0.9876789450645447,0.507519006729126,0.5668494701385498,-0.26682186126708984,0.9158207178115845,0.5824047327041626,0.6301974654197693,-0.019741158932447433,0.9999629855155945,0.5348669290542603,0.6316940784454346,0.019585292786359787,0.9999531507492065,0.5888684988021851,0.8035354018211365,-0.049941085278987885,0.6235819458961487,0.5494385361671448,0.7811394333839417,-0.06359265744686127,0.9246518611907959,0.588975191116333,0.8234951496124268,0.2885647416114807,0.16422700881958008,0.5683426856994629,0.9374184608459473,0.036466680467128754,0.88291335105896,0.587358295917511,0.8866233229637146,0.28218573331832886,0.1928202509880066,0.5642178654670715,0.9779046773910522,-0.049400605261325836,0.8573662638664246
149,4.966666666666667,0.5355966687202454,0.3095735013484955,-0.20483019948005676,0.9998093247413635,0.5843664407730103,0.39235585927963257,-0.08938543498516083,0.9999893307685852,0.5065939426422119,0.42228248715400696,0.00607462739571929,0.9999619126319885,0.6208688616752625,0.4888409972190857,-0.13735058903694153,0.9915417432785034,0.5075337290763855,0.5304539799690247,-0.084950290620327,0.7576794028282166,0.5733019113540649,0.5177313685417175,-0.2759315073490143,0.98792964220047,0.5024113059043884,0.5542981624603271,-0.32999375462532043,0.9208652377128601,0.5820479989051819,0.6289953589439392,-0.02214932069182396,0.9999653100967407,0.5348145961761475,0.632072389125824,0.021963462233543396,0.999956488609314,0.5876338481903076,0.7995907068252563,-0.055656176060438156,0.6554109454154968,0.549283504486084,0.7888721823692322,0.012063728645443916,0.926490068435669,0.5933181047439575,0.8398655652999878,0.24713048338890076,0.20338799059391022,0.5682098865509033,0.9374393820762634,0.10797925293445587,0.892126202583313,0.5946343541145325,0.9143190979957581,0.22373051941394806,0.23406337201595306,0.564182698726654,0.9794873595237732,0.02139151841402054,0.8669862747192383
150,5.0,0.5356327891349792,0.3097745180130005,-0.2038937509059906,0.9998170137405396,0.5845082998275757,0.39272862672805786,-0.08871735632419586,0.9999892115592957,0.506565272808075,0.42249250411987305,0.004424572456628084,0.9999605417251587,0.6209967732429504,0.4890844523906708,-0.1353568434715271,0.9911116361618042,0.5075069069862366,0.5312278866767883,-0.0855691209435463,0.7555185556411743,0.5749527215957642,0.518124520778656,-0.27167338132858276,0.9880768656730652,0.5010908842086792,0.550669252872467,-0.3290935158729553,0.9256947636604309,0.5817763209342957,0.6285514235496521,-0.022562094032764435,0.9999672770500183,0.5347999334335327,0.6324052810668945,0.022369420155882835,0.9999594688415527,0.5871713757514954,0.7976080179214478,-0.05679597705602646,0.6831904649734497,0.5491719841957092,0.7907231450080872,0.012122293002903461,0.9271629452705383,0.594323992729187,0.8467482924461365,0.2420649528503418,0.23363174498081207,0.5681220889091492,0.937345027923584,0.10934488475322723,0.8997927904129028,0.596071183681488,0.9211202263832092,0.2190408706665039,0.2666167914867401,0.5641214847564697,0.9796329140663147,0.02364998497068882,0.8745866417884827
151,5.033333333333333,0.5362342000007629,0.3095720410346985,-0.23437681794166565,0.9998224973678589,0.5850299596786499,0.3921515643596649,-0.11243174970149994,0.999988317489624,0.506536602973938,0.42225515842437744,-0.02010521851480007,0.9999544024467468,0.6212128400802612,0.4892640709877014,-0.15928561985492706,0.9907411336898804,0.5038985013961792,0.5359402298927307,-0.11630590260028839,0.7666139006614685,0.5773583650588989,0.5214223861694336,-0.298050194978714,0.9878199100494385,0.4964500367641449,0.5289273262023926,-0.3608638644218445,0.930395245552063,0.5815889835357666,0.6273851990699768,-0.026395758613944054,0.999968945980072,0.5347381830215454,0.6315853595733643,0.02618763968348503,0.9999616742134094,0.5825071930885315,0.7814975380897522,-0.1356237679719925,0.7137166857719421,0.5489073991775513,0.7950029373168945,0.03624052554368973,0.9304218292236328,0.5941177606582642,0.856555163860321,0.12134771049022675,0.29781574010849,0.5680069327354431,0.9372863173484802,0.1490561068058014,0.9084806442260742,0.5974248051643372,0.9322469830513,0.07517923414707184,0.3272631764411926,0.564031720161438,0.9803018569946289,0.06122886389493942,0.88432377576828
152,5.066666666666666,0.5365883111953735,0.30943408608436584,-0.2369156777858734,0.9998276233673096,0.5853441953659058,0.39177414774894714,-0.11445100605487823,0.9999875426292419,0.5065129399299622,0.4221351742744446,-0.020860647782683372,0.9999493956565857,0.6213042736053467,0.48939597606658936,-0.1623983383178711,0.9904125928878784,0.5023900270462036,0.5372353792190552,-0.11555447429418564,0.777442216873169,0.5781472325325012,0.5226945877075195,-0.3025640845298767,0.9876002073287964,0.4951001703739166,0.5248512029647827,-0.3599800765514374,0.9348958134651184,0.5813893675804138,0.6261837482452393,-0.028081903234124184,0.9999704360961914,0.5346615314483643,0.6310497522354126,0.027870982885360718,0.9999637007713318,0.5805457830429077,0.7763229608535767,-0.14384153485298157,0.7412261366844177,0.5486983060836792,0.7962042689323425,0.036812249571084976,0.9333856701850891,0.5939742922782898,0.858316957950592,0.11439551413059235,0.3555258810520172,0.567926287651062,0.937190055847168,0.15250615775585175,0.916282594203949,0.5975693464279175,0.934505820274353,0.06814083456993103,0.38183853030204773,0.5639446377754211,0.9804482460021973,0.06489774584770203,0.8930720686912537
153,5.1,0.5368237495422363,0.3093264400959015,-0.2364724576473236,0.9998318552970886,0.5855785608291626,0.39151957631111145,-0.11368171870708466,0.9999868273735046,0.5064924359321594,0.4220678508281708,-0.02194344438612461,0.9999446868896484,0.621457040309906,0.4894393980503082,-0.16130106151103973,0.990048885345459,0.5017342567443848,0.5379257202148438,-0.11741957813501358,0.7871735692024231,0.5785354971885681,0.5231674313545227,-0.30097270011901855,0.9873069524765015,0.4946465492248535,0.5237069129943848,-0.3612498939037323,0.9388595223426819,0.5813115239143372,0.6254066228866577,-0.02815212868154049,0.999971866607666,0.5346247553825378,0.6307071447372437,0.027942020446062088,0.9999655485153198,0.5797959566116333,0.7747714519500732,-0.1443081796169281,0.7659872770309448,0.5485450029373169,0.7968846559524536,0.03604386746883392,0.9360982775688171,0.5938295125961304,0.8584093451499939,0.11527092754840851,0.40708139538764954,0.5678716897964478,0.9371836185455322,0.15199950337409973,0.9233010411262512,0.5975236892700195,0.9348441958427429,0.07009144127368927,0.4305497407913208,0.563883364200592,0.9807349443435669,0.06496849656105042,0.9009090662002563
154,5.133333333333334,0.5369536876678467,0.3092433512210846,-0.23493309319019318,0.9998359680175781,0.5857511162757874,0.3913416862487793,-0.11359520256519318,0.9999861717224121,0.5064838528633118,0.42198508977890015,-0.020548971369862556,0.9999403953552246,0.6215669512748718,0.48943400382995605,-0.16100642085075378,0.989737868309021,0.5013870000839233,0.5381209850311279,-0.11515595018863678,0.795519232749939,0.5786913633346558,0.5234208106994629,-0.2996539771556854,0.987040102481842,0.49448055028915405,0.5233551263809204,-0.3579957187175751,0.942272424697876,0.5812340974807739,0.6248794198036194,-0.028424352407455444,0.9999731779098511,0.5345786809921265,0.6304731369018555,0.02821427583694458,0.9999672174453735,0.579477846622467,0.7740761637687683,-0.1441303789615631,0.7882772088050842,0.5484226942062378,0.797056257724762,0.03688766434788704,0.9385360479354858,0.5937967896461487,0.8584482073783875,0.11467200517654419,0.45361295342445374,0.5678277611732483,0.9371547102928162,0.15235692262649536,0.929618775844574,0.5975683927536011,0.9348829388618469,0.06953110545873642,0.47447606921195984,0.5638388991355896,0.9808088541030884,0.06558576971292496,0.9079760313034058
155,5.166666666666667,0.5372442007064819,0.30622056126594543,-0.2481730431318283,0.9998148083686829,0.5867035388946533,0.3897726237773895,-0.10825574398040771,0.9999832510948181,0.5065074563026428,0.4202917814254761,-0.04523463919758797,0.9999260306358337,0.6225781440734863,0.4892041087150574,-0.15272971987724304,0.988107442855835,0.500819981098175,0.5399561524391174,-0.13754621148109436,0.8056329488754272,0.5819070935249329,0.5230000615119934,-0.29623645544052124,0.9854430556297302,0.49053364992141724,0.509190022945404,-0.3733075261116028,0.9457260966300964,0.5812788009643555,0.6167052388191223,-0.024409625679254532,0.9999722242355347,0.5345829725265503,0.626492440700531,0.024219313636422157,0.9999659657478333,0.5781472325325012,0.7633423805236816,-0.15099237859249115,0.8080329895019531,0.5476577877998352,0.7948138117790222,0.0098338071256876,0.9394307732582092,0.5933102369308472,0.8756880164146423,0.06214011460542679,0.5006951689720154,0.5672231912612915,0.9363822340965271,0.13512925803661346,0.934682309627533,0.5962128639221191,0.9467787742614746,-0.014063708484172821,0.5189170837402344,0.563821017742157,0.982060432434082,0.040085647255182266,0.9134295582771301
156,5.2,0.5374728441238403,0.3046477138996124,-0.2429606020450592,0.9998006820678711,0.5870298147201538,0.3886978030204773,-0.10347429662942886,0.9999807476997375,0.5065959095954895,0.4193742573261261,-0.04095393791794777,0.9999133944511414,0.6236506700515747,0.4890923500061035,-0.15177640318870544,0.9863301515579224,0.5003747940063477,0.5401519536972046,-0.1328929215669632,0.813069224357605,0.5828207731246948,0.522720217704773,-0.2898249328136444,0.9836484789848328,0.4892860949039459,0.505889892578125,-0.3675191402435303,0.9484584927558899,0.5813082456588745,0.6133340001106262,-0.02234593965113163,0.9999713897705078,0.5346099138259888,0.6242855787277222,0.022162850946187973,0.9999647736549377,0.577650249004364,0.760045051574707,-0.15256686508655548,0.8256198167800903,0.5472574830055237,0.7935000658035278,0.005845078732818365,0.9392518401145935,0.5931016206741333,0.8786681890487671,0.0560532808303833,0.5426402688026428,0.566852331161499,0.9357781410217285,0.13220569491386414,0.9390439987182617,0.5957913994789124,0.9492108821868896,-0.02239333838224411,0.558618426322937,0.5638158321380615,0.9824321269989014,0.03485647588968277,0.9180179238319397
157,5.233333333333333,0.5378795862197876,0.2998005151748657,-0.22126951813697815,0.9997648000717163,0.587394654750824,0.38574090600013733,-0.06836645305156708,0.9999770522117615,0.506655216217041,0.4168171286582947,-0.04059600085020065,0.9998943209648132,0.62360680103302,0.4881816804409027,-0.10345859825611115,0.9803932309150696,0.4970385432243347,0.5372036695480347,-0.11527891457080841,0.8178764581680298,0.5853680968284607,0.5222328901290894,-0.24840548634529114,0.9784718751907349,0.48419490456581116,0.4823777377605438,-0.34545019268989563,0.9498628377914429,0.581305205821991,0.6041104197502136,-0.01846141554415226,0.9999681711196899,0.534636914730072,0.6158336400985718,0.01826760359108448,0.9999600052833557,0.576866865158081,0.7401590943336487,-0.20671649277210236,0.8405002951622009,0.5458073616027832,0.7927888035774231,-0.0033231470733880997,0.9308593273162842,0.5929883718490601,0.8888862729072571,-0.02176831290125847,0.5767112374305725,0.5655128955841064,0.932736873626709,0.12624531984329224,0.939133882522583,0.5951400399208069,0.9558998942375183,-0.11902209371328354,0.5905929803848267,0.5657171010971069,0.98228520154953,0.022992493584752083,0.9157934784889221
158,5.266666666666667,0.538170576095581,0.29817718267440796,-0.21683278679847717,0.9997422099113464,0.5875259041786194,0.38408026099205017,-0.06347018480300903,0.9999740123748779,0.5066561102867126,0.4155477285385132,-0.029220934957265854,0.9998802542686462,0.6236714124679565,0.48816317319869995,-0.0964004173874855,0.9747026562690735,0.4959180951118469,0.5347982048988342,-0.11243359744548798,0.8215773701667786,0.5860692858695984,0.5219660401344299,-0.24002774059772491,0.9733939170837402,0.4838229715824127,0.4809938967227936,-0.33920595049858093,0.9509899616241455,0.5812785029411316,0.602318286895752,-0.016396593302488327,0.9999650716781616,0.5346271991729736,0.6132088303565979,0.016199184581637383,0.9999551773071289,0.5764396786689758,0.7331736087799072,-0.21881380677223206,0.8539936542510986,0.5448581576347351,0.7927201986312866,-0.0057173133827745914,0.9211662411689758,0.5927703976631165,0.8920387029647827,-0.044700294733047485,0.6069430708885193,0.5647745132446289,0.9317151308059692,0.12062253057956696,0.9384984970092773,0.5948715209960938,0.9570702314376831,-0.14374305307865143,0.6191492080688477,0.5658292174339294,0.9820996522903442,0.016538918018341064,0.9128099679946899
159,5.3,0.5388355255126953,0.29201942682266235,-0.1657375693321228,0.9997517466545105,0.5878670811653137,0.37916040420532227,-0.02196250483393669,0.9999733567237854,0.5066118836402893,0.4075673520565033,0.004106354899704456,0.9998807311058044,0.6236803531646729,0.4814864695072174,-0.05379558354616165,0.9705609679222107,0.4908321797847748,0.5155922174453735,-0.09536162763834,0.8302578926086426,0.5881102085113525,0.5197182297706604,-0.19515873491764069,0.9724003076553345,0.4784139096736908,0.4512205719947815,-0.31787559390068054,0.9550394415855408,0.5809557437896729,0.5903171896934509,-0.011303259059786797,0.9999569058418274,0.5346292853355408,0.6004317402839661,0.011112255975604057,0.9999432563781738,0.5759618878364563,0.7248503565788269,-0.20080022513866425,0.8613647222518921,0.5427757501602173,0.7771224975585938,-0.04074513912200928,0.8969297409057617,0.59037184715271,0.9061998128890991,-0.07511918246746063,0.6285175681114197,0.5634716749191284,0.9258334040641785,0.06500021368265152,0.9294169545173645,0.5893958210945129,0.9623154401779175,-0.188234344124794,0.6406883597373962,0.5654173493385315,0.9796695113182068,-0.047649264335632324,0.9005880355834961
160,5.333333333333333,0.5392340421676636,0.2892341911792755,-0.1640060842037201,0.9997618794441223,0.5881348848342896,0.37615302205085754,-0.024529635906219482,0.9999725818634033,0.5066096186637878,0.4060415029525757,0.007938196882605553,0.9998788237571716,0.6241113543510437,0.4793422818183899,-0.056699834764003754,0.9658808708190918,0.4892202913761139,0.5108476281166077,-0.09269588440656662,0.8342283368110657,0.5886624455451965,0.5171359777450562,-0.19479447603225708,0.9709784984588623,0.47714725136756897,0.4458092451095581,-0.31186074018478394,0.9582423567771912,0.580767035484314,0.5913777947425842,-0.011150715872645378,0.9999496936798096,0.5345174670219421,0.6016660332679749,0.010956292040646076,0.9999313354492188,0.5758450031280518,0.7253374457359314,-0.22285953164100647,0.8691728711128235,0.542098879814148,0.7737197279930115,-0.032145045697689056,0.8694150447845459,0.5889672636985779,0.9069598913192749,-0.09377245604991913,0.6464473605155945,0.5629830956459045,0.9247053265571594,0.07665326446294785,0.9198184609413147,0.587310791015625,0.9626288414001465,-0.20300868153572083,0.6599552035331726,0.5648843050003052,0.9782522320747375,-0.03104654885828495,0.8885113596916199
161,5.366666666666666,0.5397188663482666,0.2824822664260864,-0.16783708333969116,0.9997782707214355,0.5882454514503479,0.3697744905948639,-0.035448186099529266,0.9999728202819824,0.5066088438034058,0.3961547315120697,0.007887999527156353,0.9998747706413269,0.6249491572380066,0.4717857241630554,-0.06641529500484467,0.961540162563324,0.4837794303894043,0.49815621972084045,-0.09105353057384491,0.8387059569358826,0.5904737710952759,0.5137839913368225,-0.1953740417957306,0.9697740077972412,0.47316449880599976,0.40554025769233704,-0.3011927604675293,0.9612491130828857,0.5807597637176514,0.5888059735298157,-0.011735809035599232,0.9999409317970276,0.5345228314399719,0.5990656614303589,0.011556964367628098,0.9999136924743652,0.5757918357849121,0.7217013835906982,-0.2442566156387329,0.8753620982170105,0.5421673655509949,0.7681280970573425,-0.008880307897925377,0.824527382850647,0.5864621996879578,0.9135845899581909,-0.1561797559261322,0.667088508605957,0.5616613030433655,0.9212427139282227,0.08879972994327545,0.9032975435256958,0.5845091342926025,0.9623770713806152,-0.281039297580719,0.6822394728660583,0.562370240688324,0.9746001958847046,-0.023330453783273697,0.8718304634094238
162,5.4,0.5400222539901733,0.2813093662261963,-0.17127127945423126,0.9997959136962891,0.5883134603500366,0.3677016496658325,-0.0342821404337883,0.9999731779098511,0.5066093802452087,0.39544975757598877,0.005630999803543091,0.9998717904090881,0.6253436803817749,0.4699088931083679,-0.06590305268764496,0.95746248960495,0.4822031557559967,0.4954657256603241,-0.09140846878290176,0.8414249420166016,0.5909817814826965,0.511482298374176,-0.19725096225738525,0.9684450626373291,0.4715542197227478,0.40068116784095764,-0.30179089307785034,0.9637279510498047,0.5807605981826782,0.588175356388092,-0.012629358097910881,0.9999305605888367,0.5345778465270996,0.5992119908332825,0.012446780689060688,0.9998922944068909,0.575912356376648,0.7212018370628357,-0.2616997957229614,0.8809351325035095,0.5422376394271851,0.7641059160232544,-0.007780238054692745,0.7801125049591064,0.5853421688079834,0.9156924486160278,-0.1908363699913025,0.6861638426780701,0.5614341497421265,0.9208330512046814,0.08722709864377975,0.885040283203125,0.5822028517723083,0.962231457233429,-0.3233470916748047,0.7035064697265625,0.5616083145141602,0.9714046716690063,-0.027554741129279137,0.8550406098365784
163,5.433333333333334,0.540152907371521,0.2805548906326294,-0.17198558151721954,0.9998104572296143,0.5885442495346069,0.367209792137146,-0.03480404615402222,0.999972939491272,0.5066919922828674,0.39486587047576904,0.00629778066650033,0.9998682737350464,0.6258653402328491,0.4695793688297272,-0.06776916235685349,0.9524993300437927,0.48150724172592163,0.49427154660224915,-0.08981846272945404,0.8448489308357239,0.5912286043167114,0.509270966053009,-0.20111460983753204,0.9665084481239319,0.47070908546447754,0.3985902667045593,-0.29581350088119507,0.96598881483078,0.5807373523712158,0.5871432423591614,-0.01317750196903944,0.9999217987060547,0.5345780253410339,0.5984584093093872,0.012990896590054035,0.9998758435249329,0.5760103464126587,0.7231066226959229,-0.25402772426605225,0.8850558400154114,0.5423254370689392,0.763486921787262,-0.0069494545459747314,0.7405810952186584,0.584595263004303,0.9169728755950928,-0.17351467907428741,0.7010161876678467,0.5614166259765625,0.9210208654403687,0.0879083052277565,0.868547797203064,0.5824195146560669,0.9610705971717834,-0.3030519187450409,0.7203343510627747,0.5613166093826294,0.9699552655220032,-0.026051318272948265,0.8385680317878723
164,5.466666666666667,0.5404146909713745,0.277328759431839,-0.15343008935451508,0.9998278021812439,0.5886294841766357,0.36446893215179443,-0.025451505556702614,0.9999738335609436,0.5068442225456238,0.3885916769504547,0.01848377101123333,0.9998592734336853,0.6271489858627319,0.46479517221450806,-0.07390923798084259,0.9506351351737976,0.47374382615089417,0.47168880701065063,-0.08211362361907959,0.8527489900588989,0.5922391414642334,0.5067819952964783,-0.2077493965625763,0.9662542939186096,0.4685816168785095,0.3667775094509125,-0.27059125900268555,0.9683572053909302,0.5807362198829651,0.5880625247955322,-0.017737077549099922,0.9999008774757385,0.5344290733337402,0.5996472835540771,0.017523011192679405,0.9998165965080261,0.5763148069381714,0.724273681640625,-0.30691295862197876,0.8916102051734924,0.5425440669059753,0.7653059959411621,0.05156651884317398,0.6958677172660828,0.5795516967773438,0.9250538945198059,-0.31602615118026733,0.7279571294784546,0.5613488554954529,0.91120845079422,0.21744365990161896,0.8277496099472046,0.575316309928894,0.9604570865631104,-0.47910255193710327,0.7463786005973816,0.561586320400238,0.9579175114631653,0.12554703652858734,0.8080262541770935
165,5.5,0.5410091280937195,0.27531832456588745,-0.15262095630168915,0.9998435974121094,0.5889431238174438,0.36343714594841003,-0.02480478025972843,0.9999746680259705,0.5069047808647156,0.3872251808643341,0.015439009293913841,0.999855637550354,0.628106951713562,0.4634273052215576,-0.07440805435180664,0.9480989575386047,0.4720113277435303,0.4692182242870331,-0.08428613841533661,0.8597845435142517,0.5925651788711548,0.505585789680481,-0.21339860558509827,0.9658610224723816,0.4677797257900238,0.36290663480758667,-0.2780912518501282,0.9706313610076904,0.580748438835144,0.5879852175712585,-0.01814112439751625,0.9998806118965149,0.5343822240829468,0.6000040769577026,0.017925400286912918,0.9997649788856506,0.5764804482460022,0.724888026714325,-0.29709869623184204,0.8959564566612244,0.5425868034362793,0.7664555311203003,0.04327750951051712,0.6519283652305603,0.5783610343933105,0.9268101453781128,-0.305806040763855,0.7509855031967163,0.5613681077957153,0.9103845953941345,0.189364492893219,0.7916944622993469,0.5733218193054199,0.9597627520561218,-0.46728402376174927,0.7691130638122559,0.5618153214454651,0.9536343812942505,0.09214074909687042,0.7808883190155029
166,5.533333333333333,0.5411861538887024,0.27415528893470764,-0.14997103810310364,0.9998576045036316,0.5891658663749695,0.36279746890068054,-0.02300426736474037,0.9999752640724182,0.5068966150283813,0.3870832622051239,0.014902877621352673,0.9998509883880615,0.6284024119377136,0.4626353085041046,-0.07198955118656158,0.9453214406967163,0.4713817238807678,0.4692302644252777,-0.08584742993116379,0.8660542368888855,0.5925658941268921,0.5051349997520447,-0.21317899227142334,0.9652388691902161,0.4675807058811188,0.36487138271331787,-0.27654531598091125,0.9726526737213135,0.5807479619979858,0.5880995988845825,-0.018338898196816444,0.9998606443405151,0.5343047380447388,0.6004368662834167,0.018121879547834396,0.999712347984314,0.5765697360038757,0.7249886989593506,-0.2932596206665039,0.8991552591323853,0.5426114797592163,0.7669006586074829,0.04317132383584976,0.6097632050514221,0.5776618719100952,0.9278849363327026,-0.3090032935142517,0.7714924216270447,0.5613704919815063,0.9096264243125916,0.18985633552074432,0.753977358341217,0.5722466111183167,0.9592523574829102,-0.4718242287635803,0.7893924117088318,0.5618807077407837,0.9517171382904053,0.09482993185520172,0.7518826723098755
167,5.566666666666666,0.5422353148460388,0.27250733971595764,-0.15841703116893768,0.9998712539672852,0.589584231376648,0.36218923330307007,-0.03008260391652584,0.999976396560669,0.5070131421089172,0.3830394744873047,0.015965979546308517,0.9998539686203003,0.6306729912757874,0.4599781036376953,-0.0947408601641655,0.9452707171440125,0.46221476793289185,0.4467902183532715,-0.08675617724657059,0.87314772605896,0.593083918094635,0.503447949886322,-0.23504893481731415,0.9668997526168823,0.46627888083457947,0.33874523639678955,-0.2806476354598999,0.9750973582267761,0.5799602270126343,0.5886254906654358,-0.023011645302176476,0.9998345971107483,0.533443808555603,0.6010839939117432,0.02277318201959133,0.9996567368507385,0.5766128301620483,0.7322856187820435,-0.24369974434375763,0.9013575315475464,0.5426915884017944,0.7674227952957153,0.06759544461965561,0.5791118741035461,0.5754081010818481,0.927212119102478,-0.23774544894695282,0.7921822667121887,0.5610575675964355,0.9028667211532593,0.23684458434581757,0.732020378112793,0.5697760581970215,0.9589797258377075,-0.38707202672958374,0.8091517090797424,0.5620789527893066,0.9464241862297058,0.1597907990217209,0.7377277612686157
168,5.6,0.5428979992866516,0.27221086621284485,-0.17278814315795898,0.9998834729194641,0.5898981690406799,0.36211323738098145,-0.047248028218746185,0.9999774098396301,0.5071164965629578,0.3814728558063507,0.014423785731196404,0.9998570680618286,0.6317557692527771,0.4583602845668793,-0.11105881631374359,0.9459913372993469,0.46043092012405396,0.4434824585914612,-0.08890228718519211,0.8805566430091858,0.5935545563697815,0.5030427575111389,-0.2553085684776306,0.9686320424079895,0.46585410833358765,0.33505678176879883,-0.28425851464271545,0.9773556590080261,0.579572319984436,0.5887472629547119,-0.025152618065476418,0.9998201727867126,0.5330804586410522,0.6015487909317017,0.02490869350731373,0.9996294379234314,0.5765835642814636,0.735020101070404,-0.23415915668010712,0.9046887159347534,0.542705237865448,0.7677924036979675,0.07116539031267166,0.5597344636917114,0.5746480226516724,0.9239360094070435,-0.2084578573703766,0.8108230829238892,0.5606015920639038,0.8983166813850403,0.25284343957901,0.7224674820899963,0.5695321559906006,0.9592174887657166,-0.35040169954299927,0.8269443511962891,0.562576174736023,0.9461348652839661,0.17572318017482758,0.7325778007507324
169,5.633333333333334,0.5440924763679504,0.271793931722641,-0.1816655546426773,0.9998937249183655,0.5901387929916382,0.36249852180480957,-0.05667148903012276,0.9999773502349854,0.5072148442268372,0.37797778844833374,0.013660170137882233,0.9998530745506287,0.6333556175231934,0.456979364156723,-0.12269393354654312,0.9406726360321045,0.45388373732566833,0.42093610763549805,-0.08159101754426956,0.8841755986213684,0.5949175953865051,0.5022577047348022,-0.26553624868392944,0.9691351056098938,0.46419015526771545,0.3101452589035034,-0.2668594717979431,0.9792803525924683,0.5784642696380615,0.5928816199302673,-0.026356693357229233,0.9997645020484924,0.5321478843688965,0.6041544079780579,0.026099875569343567,0.9995298981666565,0.5761502981185913,0.7506386041641235,-0.10905884206295013,0.8774905204772949,0.5427271127700806,0.774988055229187,0.05298983305692673,0.5196703672409058,0.5707803964614868,0.92338627576828,-0.08001361787319183,0.8228895664215088,0.5596867799758911,0.8847489953041077,0.2523084282875061,0.6752417087554932,0.5638066530227661,0.9597033858299255,-0.208464115858078,0.839309811592102,0.5623665452003479,0.938582181930542,0.2047816514968872,0.6908580660820007
170,5.666666666666667,0.5448188185691833,0.2717260718345642,-0.18510226905345917,0.9999027848243713,0.5903083682060242,0.3627127408981323,-0.06061343103647232,0.9999772310256958,0.5073630213737488,0.37669500708580017,0.014901365153491497,0.999849259853363,0.6340817213058472,0.4564623236656189,-0.1255146563053131,0.9377883672714233,0.452838271856308,0.41844308376312256,-0.07594963908195496,0.8880741000175476,0.5955443978309631,0.5019835233688354,-0.2645778954029083,0.9698365330696106,0.46381980180740356,0.30691468715667725,-0.2618831694126129,0.9810473918914795,0.5777407884597778,0.5955942869186401,-0.02777152694761753,0.9997202754020691,0.5315752029418945,0.60611492395401,0.02751779928803444,0.9994568824768066,0.5758262872695923,0.7557471394538879,-0.0935264527797699,0.8511337637901306,0.5427512526512146,0.781658411026001,0.042857103049755096,0.4867347478866577,0.5697178244590759,0.9229440689086914,-0.04457966983318329,0.8326783180236816,0.5593575239181519,0.8806139826774597,0.2518753409385681,0.6339477300643921,0.5624039769172668,0.9623597860336304,-0.16584138572216034,0.8494932055473328,0.562339186668396,0.938191831111908,0.2081727534532547,0.6541725993156433
171,5.7,0.5449635982513428,0.2722119688987732,-0.1852952390909195,0.9999116063117981,0.5907172560691833,0.363392174243927,-0.05707080289721489,0.9999764561653137,0.507347047328949,0.3740537762641907,0.01109333150088787,0.9998353123664856,0.6349742412567139,0.45732739567756653,-0.13687916100025177,0.9369869232177734,0.44830673933029175,0.39907217025756836,-0.08649709820747375,0.8961856961250305,0.5959047675132751,0.502048909664154,-0.29999998211860657,0.9692120552062988,0.4646863043308258,0.29121968150138855,-0.25947052240371704,0.9825822114944458,0.5771962404251099,0.5989491939544678,-0.029120292514562607,0.9996634721755981,0.5307868719100952,0.6079338788986206,0.02883809804916382,0.9993053078651428,0.5752919912338257,0.7581917643547058,-0.1930253654718399,0.8478264212608337,0.5427764654159546,0.7856419682502747,0.09081657230854034,0.45296546816825867,0.5669970512390137,0.9332339763641357,-0.21772360801696777,0.8445169925689697,0.5585675239562988,0.8739919662475586,0.36247819662094116,0.5796462297439575,0.5607178211212158,0.9634812474250793,-0.35754695534706116,0.8607324361801147,0.5610066652297974,0.9286839962005615,0.33700019121170044,0.6030715107917786
172,5.733333333333333,0.5451494455337524,0.27257421612739563,-0.174379363656044,0.9999200105667114,0.5909419655799866,0.36382827162742615,-0.04174424335360527,0.999976634979248,0.5073227286338806,0.37313348054885864,0.015051543712615967,0.9998329877853394,0.6352546215057373,0.45783084630966187,-0.1287277787923813,0.9374197721481323,0.44745320081710815,0.39643096923828125,-0.08673395216464996,0.9041374921798706,0.5960284471511841,0.5020447373390198,-0.2996739447116852,0.9697229266166687,0.4651425778865814,0.28966811299324036,-0.2552369236946106,0.9840496778488159,0.5768840312957764,0.6005619764328003,-0.028872836381196976,0.9996301531791687,0.5302871465682983,0.6093445420265198,0.028584744781255722,0.9992098808288574,0.574532687664032,0.7561287879943848,-0.24186381697654724,0.852466344833374,0.5428186655044556,0.7894080877304077,0.08140809088945389,0.42593812942504883,0.5664207935333252,0.9348363280296326,-0.2596636116504669,0.8567679524421692,0.5582491159439087,0.8719964027404785,0.35009056329727173,0.5332943201065063,0.5595540404319763,0.9631975889205933,-0.4044778347015381,0.8723840117454529,0.560369610786438,0.9262480139732361,0.32046476006507874,0.5623188018798828
173,5.766666666666667,0.545409619808197,0.2725048363208771,-0.1807355284690857,0.9999263882637024,0.5910746455192566,0.36793386936187744,-0.04858999326825142,0.9999747276306152,0.5066081881523132,0.3707256019115448,0.0077481335029006,0.9998125433921814,0.6356304883956909,0.4579545855522156,-0.16104641556739807,0.9406708478927612,0.4446551203727722,0.37324976921081543,-0.10009123384952545,0.9125193953514099,0.5943024158477783,0.5008110404014587,-0.34396666288375854,0.9704464077949524,0.4675528109073639,0.2764546573162079,-0.25916752219200134,0.9853923916816711,0.5766302943229675,0.604982316493988,-0.02959812805056572,0.9994893670082092,0.5293053984642029,0.6137610673904419,0.029319370165467262,0.998823344707489,0.5733178853988647,0.7603026628494263,-0.2769506573677063,0.8511590957641602,0.5426182746887207,0.7975547909736633,0.06954628974199295,0.3956567347049713,0.5654786229133606,0.9454768896102905,-0.26402217149734497,0.8612444996833801,0.558326780796051,0.8457167148590088,0.41116923093795776,0.4814843535423279,0.5569285154342651,0.9749269485473633,-0.3993743062019348,0.8770891427993774,0.5562847852706909,0.9134242534637451,0.4077555239200592,0.5091261863708496
174,5.8,0.5455911159515381,0.2724590599536896,-0.20023557543754578,0.9999319911003113,0.5912219285964966,0.37004250288009644,-0.06253774464130402,0.9999728202819824,0.506057858467102,0.3692929148674011,-0.003950055688619614,0.9997926950454712,0.6356911659240723,0.45805180072784424,-0.1682361662387848,0.9436536431312561,0.44406500458717346,0.3702620267868042,-0.11382478475570679,0.9203090071678162,0.593567967414856,0.5001983642578125,-0.34483638405799866,0.9715768694877625,0.4692952036857605,0.27345162630081177,-0.27780210971832275,0.9866232872009277,0.576613187789917,0.606693685054779,-0.02922729216516018,0.9994189739227295,0.528606653213501,0.6155803203582764,0.028957460075616837,0.9986166954040527,0.5728796124458313,0.7590464353561401,-0.2658361494541168,0.8548998832702637,0.542495608329773,0.8003498315811157,0.050795428454875946,0.3813295066356659,0.5660951137542725,0.9417023658752441,-0.22148606181144714,0.8670451641082764,0.5572153329849243,0.8059448003768921,0.418865829706192,0.4356202781200409,0.5567426681518555,0.9764442443847656,-0.3550662398338318,0.8821569085121155,0.5568128228187561,0.8704273700714111,0.42728930711746216,0.46254611015319824
175,5.833333333333333,0.5453847646713257,0.27369287610054016,-0.18966034054756165,0.9999359846115112,0.5905342102050781,0.3723989725112915,-0.07450450956821442,0.9999721050262451,0.5049549341201782,0.3692806363105774,0.0076980129815638065,0.9997438192367554,0.6329110860824585,0.45841267704963684,-0.17394644021987915,0.9483235478401184,0.44093912839889526,0.359422504901886,-0.04964936524629593,0.9274753332138062,0.5858684778213501,0.48839229345321655,-0.32769230008125305,0.9735866785049438,0.47601738572120667,0.27135932445526123,-0.1645287573337555,0.9871765375137329,0.5755851864814758,0.609460175037384,-0.03420408070087433,0.9993787407875061,0.5265529155731201,0.6173678040504456,0.03398071974515915,0.9984435439109802,0.5715268850326538,0.7676784992218018,-0.17921674251556396,0.855287492275238,0.5400627851486206,0.8038137555122375,0.03744352236390114,0.36687570810317993,0.5656549334526062,0.9512748122215271,-0.13032864034175873,0.8692155480384827,0.5520784854888916,0.783396303653717,0.3931359052658081,0.39300525188446045,0.5537732839584351,0.9969000816345215,-0.23898263275623322,0.8812052607536316,0.5516062378883362,0.8309733867645264,0.42098864912986755,0.41848352551460266
176,5.866666666666666,0.5452984571456909,0.27423882484436035,-0.1699422299861908,0.9999384880065918,0.5900338888168335,0.37353065609931946,-0.0710887759923935,0.9999707937240601,0.5043114423751831,0.3696042001247406,0.021665189415216446,0.9996972680091858,0.6314393281936646,0.4586712419986725,-0.16764777898788452,0.9521015286445618,0.44014328718185425,0.3580870032310486,-0.034463830292224884,0.9336681365966797,0.5838735103607178,0.48518362641334534,-0.3160358965396881,0.975034773349762,0.4776380658149719,0.2715998888015747,-0.1497187614440918,0.9873964786529541,0.5750182867050171,0.6108058094978333,-0.036652423441410065,0.9993274211883545,0.5256298184394836,0.6184821128845215,0.036432553082704544,0.9982609748840332,0.5708519220352173,0.7704503536224365,-0.17454853653907776,0.8495174646377563,0.5389918684959412,0.8067275285720825,0.026390179991722107,0.34580570459365845,0.5655074715614319,0.9534635543823242,-0.12585237622261047,0.8637510538101196,0.5512577295303345,0.7844600081443787,0.37636762857437134,0.3543398678302765,0.5531617403030396,0.9982803463935852,-0.2317778617143631,0.8724247217178345,0.5510495901107788,0.8302364945411682,0.4052487015724182,0.37809431552886963
177,5.9,0.5452712774276733,0.2748641073703766,-0.16997312009334564,0.9999402761459351,0.5896381735801697,0.37432292103767395,-0.07534624636173248,0.9999691247940063,0.5040233731269836,0.37026071548461914,0.022345982491970062,0.999660074710846,0.6305850148200989,0.45884913206100464,-0.16345146298408508,0.9547217488288879,0.44027179479599,0.35669198632240295,-0.02723989263176918,0.9387535452842712,0.5829092264175415,0.48419490456581116,-0.3094344735145569,0.9759430885314941,0.47844165563583374,0.27236613631248474,-0.14132940769195557,0.9873983263969421,0.5746875405311584,0.6114607453346252,-0.03730582445859909,0.9992827773094177,0.5251339673995972,0.6190335154533386,0.03709094226360321,0.9981286525726318,0.5708893537521362,0.7733662128448486,-0.10860034078359604,0.8279935121536255,0.5386563539505005,0.8081181645393372,0.011311845853924751,0.32188495993614197,0.5650963187217712,0.9542798399925232,-0.05625730752944946,0.8516248464584351,0.5519319772720337,0.7868642807006836,0.3516116142272949,0.31949880719184875,0.5531869530677795,0.9986937046051025,-0.15431082248687744,0.8556821346282959,0.5514954328536987,0.8312066197395325,0.37982165813446045,0.3415807783603668
178,5.933333333333334,0.5452315211296082,0.27520740032196045,-0.17078399658203125,0.9999426603317261,0.5893388986587524,0.3746245205402374,-0.07598727941513062,0.9999679923057556,0.5037969946861267,0.37060409784317017,0.02128875069320202,0.9996266961097717,0.6301981806755066,0.4589865803718567,-0.16888859868049622,0.957796573638916,0.440462201833725,0.3563069999217987,-0.0368988998234272,0.9438251256942749,0.5823835134506226,0.4838632345199585,-0.31577178835868835,0.9772536158561707,0.47916674613952637,0.2720651924610138,-0.15964709222316742,0.9877263307571411,0.5746842622756958,0.6115508079528809,-0.03727457672357559,0.9992378950119019,0.5249737501144409,0.6193763017654419,0.03705614060163498,0.9979873299598694,0.5710027813911438,0.7723710536956787,-0.1451594978570938,0.8229103088378906,0.5388244986534119,0.8083648681640625,0.0136659424751997,0.3057454824447632,0.5651967525482178,0.9534578919410706,-0.08980091661214828,0.8463468551635742,0.5521206259727478,0.7860561609268188,0.35732319951057434,0.28831103444099426,0.5532846450805664,0.9989715814590454,-0.19263583421707153,0.8472117781639099,0.5522105097770691,0.8309876322746277,0.3862374722957611,0.30905529856681824
179,5.966666666666667,0.5451872944831848,0.2755213975906372,-0.17147551476955414,0.9999449253082275,0.5891801118850708,0.37487921118736267,-0.07360734045505524,0.9999667406082153,0.5036400556564331,0.37088969349861145,0.020855428650975227,0.9995936155319214,0.6300629377365112,0.45909127593040466,-0.16930747032165527,0.9605421423912048,0.44070133566856384,0.35657966136932373,-0.04425952211022377,0.9485180377960205,0.5821527242660522,0.483782023191452,-0.3190878629684448,0.9783777594566345,0.47941890358924866,0.2720746695995331,-0.17295946180820465,0.9881090521812439,0.574703574180603,0.6121533513069153,-0.03671445697546005,0.999206006526947,0.5249265432357788,0.6199342012405396,0.036489568650722504,0.9978766441345215,0.5711126327514648,0.7726598978042603,-0.16386400163173676,0.8232545852661133,0.5389419794082642,0.8080532550811768,0.013648644089698792,0.29484298825263977,0.565176248550415,0.9532095193862915,-0.11176896095275879,0.8440178632736206,0.5519863963127136,0.7848615646362305,0.3656122386455536,0.26041704416275024,0.5532186031341553,0.999207079410553,-0.21676698327064514,0.8425374031066895,0.5521206855773926,0.8290102481842041,0.39566561579704285,0.280116468667984
180,6.0,0.5453667640686035,0.27855658531188965,-0.17154473066329956,0.9999418258666992,0.58847576379776,0.37613072991371155,-0.08231906592845917,0.9999603629112244,0.5036741495132446,0.37130844593048096,0.020456908270716667,0.9994909763336182,0.6278753876686096,0.4583219289779663,-0.18372106552124023,0.9620113968849182,0.44158005714416504,0.34979838132858276,0.07616113126277924,0.9510340690612793,0.570850133895874,0.47105035185813904,-0.31440237164497375,0.978797972202301,0.4854254126548767,0.2732992470264435,0.13180789351463318,0.9864641427993774,0.5743345022201538,0.6146563291549683,-0.03495313972234726,0.9992052316665649,0.5244830846786499,0.6224871873855591,0.0348050631582737,0.9978610277175903,0.5719823837280273,0.7764525413513184,-0.10258354991674423,0.8185477256774902,0.5365548729896545,0.8096084594726562,0.004912132862955332,0.2934774160385132,0.5628741979598999,0.9533043503761292,-0.006203967612236738,0.8347102999687195,0.5510613322257996,0.7514690160751343,0.36264610290527344,0.23547659814357758,0.5538291931152344,1.0026737451553345,-0.0820024237036705,0.8281202912330627,0.5567260980606079,0.8043187260627747,0.40454068779945374,0.25392481684684753
181,6.033333333333333,0.5473054051399231,0.27903398871421814,-0.17248870432376862,0.9999185800552368,0.5859288573265076,0.3771204948425293,-0.08522547036409378,0.9999240636825562,0.5037182569503784,0.37260374426841736,0.002122852485626936,0.9993128776550293,0.6238605976104736,0.4508867859840393,-0.19501276314258575,0.960161566734314,0.44237226247787476,0.3467595875263214,0.022560490295290947,0.9534833431243896,0.5684365630149841,0.4470105469226837,-0.31204915046691895,0.9728747606277466,0.4924575686454773,0.2756710350513458,0.03574345260858536,0.9848515391349792,0.5741305947303772,0.6178222298622131,-0.03046680986881256,0.9992172718048096,0.524572491645813,0.6251682639122009,0.030362248420715332,0.9979499578475952,0.5729187726974487,0.7836687564849854,-0.04478294774889946,0.8125680685043335,0.5324798822402954,0.8048872947692871,-0.021031666547060013,0.3094741404056549,0.5620909333229065,0.9522895812988281,0.06640337407588959,0.8302164077758789,0.5509450435638428,0.764374315738678,0.32496821880340576,0.21460579335689545,0.5549112558364868,1.0018342733383179,0.000558562926016748,0.8159494996070862,0.5579531192779541,0.8079131841659546,0.38263267278671265,0.23203633725643158
182,6.066666666666666,0.5482897162437439,0.2794152796268463,-0.1751474291086197,0.9998595714569092,0.585383951663971,0.37758806347846985,-0.08600832521915436,0.9998748302459717,0.5038921236991882,0.3730223774909973,-0.012509144842624664,0.9989228248596191,0.6217106580734253,0.4487971067428589,-0.19465361535549164,0.9581385254859924,0.44272834062576294,0.3456856310367584,0.010745054110884666,0.9549412131309509,0.5642465949058533,0.44138485193252563,-0.3003290891647339,0.9651539325714111,0.49480685591697693,0.27653464674949646,0.04744712635874748,0.9810871481895447,0.574158787727356,0.6185757517814636,-0.023976881057024002,0.9992064237594604,0.5246082544326782,0.6258439421653748,0.02388320118188858,0.9979737401008606,0.5737569332122803,0.7885292768478394,-0.02201433852314949,0.7961123585700989,0.53110271692276,0.8026334047317505,-0.03744027763605118,0.3166173994541168,0.561661422252655,0.9517659544944763,0.0839608684182167,0.8195014595985413,0.5506801009178162,0.7512829303741455,0.3018377721309662,0.1950971484184265,0.5560609698295593,1.0016188621520996,0.017681803554296494,0.7954068183898926,0.5581524968147278,0.8074436783790588,0.35045358538627625,0.2113608866930008
183,6.1,0.5481256246566772,0.27514833211898804,-0.15073135495185852,0.9997133016586304,0.5841636657714844,0.37732917070388794,-0.08122499287128448,0.9998290538787842,0.503998875617981,0.3712010979652405,-0.01160791888833046,0.9983599781990051,0.6112710237503052,0.4347863495349884,-0.23162703216075897,0.9602850079536438,0.44558659195899963,0.345592200756073,-0.1008390560746193,0.9575150012969971,0.5497088432312012,0.4080679714679718,-0.3662186563014984,0.9652003049850464,0.4992392063140869,0.2775837182998657,-0.1676865667104721,0.9777894616127014,0.5741041302680969,0.6182010173797607,-0.016563210636377335,0.9992043972015381,0.5246180295944214,0.6253525018692017,0.01637589931488037,0.9979908466339111,0.5740481019020081,0.7884764671325684,-0.07906609773635864,0.8034071922302246,0.5261095762252808,0.7693620324134827,-0.0977807566523552,0.34893807768821716,0.5613511204719543,0.951659619808197,0.024076921865344048,0.8245540857315063,0.5431703925132751,0.765734076499939,0.2331915646791458,0.18303774297237396,0.5563367009162903,1.003150224685669,-0.06526430696249008,0.7960856556892395,0.551959216594696,0.8191881775856018,0.24703934788703918,0.19917212426662445
184,6.133333333333334,0.5480735301971436,0.2731906771659851,-0.1444810926914215,0.9995747804641724,0.5835645794868469,0.37696224451065063,-0.07454802095890045,0.9997895359992981,0.5041325092315674,0.3703633248806,-0.00937633030116558,0.997873067855835,0.6085618138313293,0.4309900403022766,-0.23176701366901398,0.9621122479438782,0.44722089171409607,0.34575092792510986,-0.11170099675655365,0.9596647024154663,0.5472492575645447,0.40437769889831543,-0.36961060762405396,0.9652766585350037,0.5001652240753174,0.2783200144767761,-0.19325974583625793,0.97464919090271,0.5741066336631775,0.617809534072876,-0.01476159505546093,0.9992038607597351,0.5246645212173462,0.6250355839729309,0.01454895455390215,0.998010516166687,0.574316680431366,0.7887769937515259,-0.08283375203609467,0.8098375201225281,0.52444988489151,0.7630707025527954,-0.09345848113298416,0.378456711769104,0.561156153678894,0.9515717625617981,0.026056727394461632,0.8297224640846252,0.5409536957740784,0.771916389465332,0.2355257272720337,0.17336468398571014,0.5564287900924683,1.003720760345459,-0.06510651856660843,0.7977430820465088,0.5492045283317566,0.822754979133606,0.24562525749206543,0.1894126832485199
185,6.166666666666667,0.5478464365005493,0.2691073417663574,-0.14308609068393707,0.999385416507721,0.5834895372390747,0.3758954405784607,-0.06627258658409119,0.9996650218963623,0.5046018362045288,0.3640160858631134,-0.007537410594522953,0.9976769089698792,0.5852934122085571,0.40981823205947876,-0.2140323370695114,0.9593814015388489,0.4482495188713074,0.3471256196498871,-0.11712606996297836,0.9600785970687866,0.5341355800628662,0.3720323443412781,-0.3179273009300232,0.9561252593994141,0.500117838382721,0.2790369987487793,-0.20654161274433136,0.9705520868301392,0.5737110376358032,0.6156615018844604,-0.009899093769490719,0.9992594718933105,0.5236395597457886,0.6179964542388916,0.009725505486130714,0.9981751441955566,0.5749369859695435,0.7879197597503662,-0.06737460196018219,0.8211561441421509,0.5216330885887146,0.738158106803894,-0.2070445567369461,0.43172284960746765,0.5607397556304932,0.9521588683128357,0.05793648213148117,0.842264711856842,0.536554217338562,0.7747246623039246,0.095541812479496,0.19116629660129547,0.5564739108085632,1.0037962198257446,-0.031538404524326324,0.8104261755943298,0.5457909107208252,0.83509761095047,0.09097551554441452,0.2110690325498581
186,6.2,0.5476445555686951,0.2673720419406891,-0.14388641715049744,0.9992556571960449,0.5833696126937866,0.3751652240753174,-0.06405660510063171,0.9995847344398499,0.5048367977142334,0.3617457449436188,-0.006192279048264027,0.9975389838218689,0.5825807452201843,0.4063246548175812,-0.21541626751422882,0.957855224609375,0.4488109052181244,0.3473981022834778,-0.13077229261398315,0.9601283073425293,0.5323054194450378,0.3697713613510132,-0.3181785047054291,0.9502480030059814,0.500221848487854,0.27954500913619995,-0.24168777465820312,0.9665647745132446,0.573511004447937,0.613983690738678,-0.008983246982097626,0.9993098974227905,0.5232354402542114,0.6152985692024231,0.008811618201434612,0.9983220100402832,0.5753589868545532,0.7875542640686035,-0.07127393782138824,0.831980288028717,0.5204337239265442,0.73533695936203,-0.21475031971931458,0.48039373755455017,0.5605247616767883,0.9520657062530518,0.06182743236422539,0.8536157011985779,0.5358323454856873,0.7763192653656006,0.09532444179058075,0.20919106900691986,0.5565444231033325,1.0034637451171875,-0.026950249448418617,0.8219889998435974,0.5444127321243286,0.8406368494033813,0.09130389243364334,0.23212172091007233
187,6.233333333333333,0.5475720167160034,0.2579488456249237,-0.13866940140724182,0.9991047382354736,0.5831477642059326,0.36708131432533264,-0.06225927546620369,0.9994676113128662,0.5043755173683167,0.3465736508369446,0.004066756460815668,0.9975623488426208,0.5697464942932129,0.38878560066223145,-0.17949679493904114,0.9550186991691589,0.4488232135772705,0.34806445240974426,-0.11750247329473495,0.9595542550086975,0.5190984010696411,0.35598865151405334,-0.21619629859924316,0.936889111995697,0.49940547347068787,0.2798970937728882,-0.23963014781475067,0.9624444246292114,0.57326340675354,0.60454261302948,-0.008599238470196724,0.9993497133255005,0.5208919048309326,0.600494921207428,0.00844887737184763,0.9984596967697144,0.5747681856155396,0.7868080139160156,-0.05749368667602539,0.8368654251098633,0.5210007429122925,0.7059944868087769,-0.2684282660484314,0.5269752144813538,0.5604966878890991,0.9489958882331848,0.10030611604452133,0.856192409992218,0.5330588221549988,0.7752485275268555,-0.020872795954346657,0.24037127196788788,0.5564906597137451,1.0036566257476807,0.023748228326439857,0.8203923106193542,0.5405982732772827,0.849858283996582,-0.04449210315942764,0.2640477120876312
188,6.266666666666667,0.5475128889083862,0.2535226047039032,-0.12771667540073395,0.9988805651664734,0.5829915404319763,0.36050859093666077,-0.048411354422569275,0.9993717670440674,0.5032700896263123,0.34161075949668884,0.015579715371131897,0.9975817799568176,0.5716463327407837,0.3837868571281433,-0.1527482569217682,0.9554966688156128,0.4485695958137512,0.34893161058425903,-0.1149158626794815,0.9600793123245239,0.5197707414627075,0.35068488121032715,-0.18883684277534485,0.9345727562904358,0.49836525321006775,0.2808662950992584,-0.2517748475074768,0.9618886709213257,0.5732730031013489,0.6004229784011841,-0.006771341897547245,0.9993749856948853,0.5199160575866699,0.5953810214996338,0.0066334838047623634,0.9985685348510742,0.5744760036468506,0.7865614891052246,-0.05329517647624016,0.84552001953125,0.5207117795944214,0.7007627487182617,-0.2815031111240387,0.5704939961433411,0.5604039430618286,0.9468263387680054,0.11205259710550308,0.8614634871482849,0.5323082208633423,0.7738344669342041,-0.022953243926167488,0.2702566385269165,0.5564769506454468,1.0036109685897827,0.0335082970559597,0.8225789666175842,0.5387784838676453,0.8540643453598022,-0.04707809165120125,0.2931605577468872
189,6.3,0.5470021963119507,0.2529027462005615,-0.130544513463974,0.9986254572868347,0.5830191373825073,0.3600460886955261,-0.05321090668439865,0.9992170333862305,0.5030516982078552,0.3444097638130188,0.01467811781913042,0.9975143074989319,0.5658401250839233,0.38421401381492615,-0.16606387495994568,0.952667236328125,0.44868120551109314,0.3494866192340851,-0.12209808826446533,0.9593928456306458,0.5168290138244629,0.35008442401885986,-0.2063770741224289,0.9245783686637878,0.4977450966835022,0.2810043394565582,-0.2607681155204773,0.9591811895370483,0.5731662511825562,0.5993524193763733,-0.008096534758806229,0.9993970394134521,0.5195701718330383,0.5944128036499023,0.00795535184442997,0.9986685514450073,0.57353276014328,0.7864440083503723,-0.051596544682979584,0.85039883852005,0.5207701921463013,0.7039068937301636,-0.27189287543296814,0.6083871722221375,0.5604044198989868,0.9439460635185242,0.11144785583019257,0.8645773530006409,0.531884491443634,0.7741313576698303,-0.013707508333027363,0.29342925548553467,0.5563832521438599,1.0032579898834229,0.034915316849946976,0.8220876455307007,0.5383287668228149,0.8547945022583008,-0.03384944051504135,0.31606507301330566
190,6.333333333333333,0.5469759702682495,0.25302863121032715,-0.12478923797607422,0.9982842206954956,0.583053708076477,0.35921531915664673,-0.04950848966836929,0.9990429282188416,0.5029019117355347,0.3451732099056244,0.017058733850717545,0.9974929690361023,0.5658981204032898,0.38260388374328613,-0.13299839198589325,0.9474151730537415,0.4488179683685303,0.3498656451702118,-0.11516264826059341,0.9587554931640625,0.5188578367233276,0.34679657220840454,-0.13648369908332825,0.9099940657615662,0.4976066052913666,0.2813275158405304,-0.24960510432720184,0.9581421613693237,0.573163628578186,0.5984676480293274,-0.008423907682299614,0.9994251728057861,0.5195145606994629,0.5937823057174683,0.008286012336611748,0.9987694025039673,0.572933554649353,0.7861209511756897,-0.04389502853155136,0.8543956875801086,0.5206738710403442,0.7065661549568176,-0.2639892101287842,0.6414117217063904,0.5604583024978638,0.9425163269042969,0.11402489244937897,0.8677146434783936,0.5319544076919556,0.7743971943855286,-0.00741609837859869,0.3096204698085785,0.5563742518424988,1.0029051303863525,0.04019960016012192,0.8212565779685974,0.5383214950561523,0.8557392358779907,-0.0249410942196846,0.33127665519714355
191,6.366666666666666,0.5463243722915649,0.24346692860126495,-0.09280073642730713,0.9982152581214905,0.5821452140808105,0.34328192472457886,-0.03790336102247238,0.9989096522331238,0.5029157996177673,0.34261375665664673,0.05976719781756401,0.9973701238632202,0.5600221753120422,0.3598651587963104,-0.11271140724420547,0.9467875361442566,0.4488118290901184,0.3511068820953369,-0.06809280812740326,0.9515372514724731,0.5120972990989685,0.32362714409828186,-0.09522004425525665,0.9011904001235962,0.4959772527217865,0.28214380145072937,-0.22764822840690613,0.9500851035118103,0.5726550817489624,0.5802183747291565,-0.011774851009249687,0.9994366765022278,0.519667387008667,0.5739155411720276,0.011668900027871132,0.9988434314727783,0.5704606771469116,0.7803794145584106,-0.04189809784293175,0.8601399660110474,0.5193617939949036,0.6704397201538086,-0.2800065875053406,0.6734463572502136,0.5601630806922913,0.9415159225463867,0.0875529795885086,0.8748674392700195,0.5292091369628906,0.7747942805290222,-0.0964265912771225,0.34785473346710205,0.5563890337944031,1.0025291442871094,0.03425003960728645,0.8276562094688416,0.5353289246559143,0.862012505531311,-0.13705042004585266,0.36835798621177673
192,6.4,0.5464641451835632,0.24260105192661285,-0.10633303970098495,0.9980136752128601,0.5822095274925232,0.341687947511673,-0.04334954544901848,0.9986693263053894,0.5035104155540466,0.34444519877433777,0.042012203484773636,0.997275173664093,0.555098295211792,0.3621900677680969,-0.10935688018798828,0.9397250413894653,0.4488089084625244,0.3513553738594055,-0.07811380922794342,0.9487001895904541,0.5099095106124878,0.3260734975337982,-0.07161122560501099,0.8734745383262634,0.4959244728088379,0.28184542059898376,-0.23494616150856018,0.9467297196388245,0.5726553201675415,0.5804635882377625,-0.012138720601797104,0.9994497895240784,0.519807755947113,0.5741139054298401,0.012044142000377178,0.9989193081855774,0.5698596239089966,0.7768325209617615,-0.04135406017303467,0.8650757670402527,0.5191773176193237,0.6737770438194275,-0.26943111419677734,0.7017621994018555,0.5599421858787537,0.9402310848236084,0.07630620896816254,0.8822977542877197,0.5284186601638794,0.7750641703605652,-0.06465674936771393,0.3831422030925751,0.556405782699585,1.0023788213729858,0.0007010650588199496,0.8351176381111145,0.5345982909202576,0.8632296323776245,-0.09732718020677567,0.4024565517902374
193,6.433333333333334,0.545302152633667,0.23433195054531097,-0.10814211517572403,0.9980330467224121,0.5806158781051636,0.3231599032878876,-0.05411391705274582,0.9985374212265015,0.5055776238441467,0.34043148159980774,0.053505249321460724,0.9972299933433533,0.5529916882514954,0.33472782373428345,-0.12458312511444092,0.9347899556159973,0.449334055185318,0.3515866696834564,-0.08070309460163116,0.9398168921470642,0.5063477158546448,0.3006945848464966,-0.1328931748867035,0.8600528240203857,0.4915550649166107,0.28191813826560974,-0.25853782892227173,0.9419738054275513,0.5720881223678589,0.5659971237182617,-0.02001401036977768,0.9994797706604004,0.5205329060554504,0.5576967597007751,0.01991419680416584,0.9990028738975525,0.5682441592216492,0.7648522257804871,-0.041401296854019165,0.8718186616897583,0.5168716907501221,0.6594448685646057,-0.2649875283241272,0.729027271270752,0.5593547224998474,0.9260273575782776,0.06145332008600235,0.8916770219802856,0.5268257856369019,0.7862114906311035,-0.0827685222029686,0.430957168340683,0.5539431571960449,0.994295597076416,-0.042615003883838654,0.8474439978599548,0.5306926965713501,0.8700198531150818,-0.1307404339313507,0.4498831629753113
194,6.466666666666667,0.5456134080886841,0.23307423293590546,-0.09318305552005768,0.9981111884117126,0.579994261264801,0.32139506936073303,-0.04817211627960205,0.9985255599021912,0.5070571303367615,0.3417156934738159,0.06589247286319733,0.9973269701004028,0.5529691576957703,0.3348366916179657,-0.12159490585327148,0.9328456521034241,0.44962579011917114,0.35179775953292847,-0.0715976282954216,0.937163770198822,0.5090247988700867,0.30297619104385376,-0.10132501274347305,0.8546674251556396,0.4905009865760803,0.279286652803421,-0.2458406686782837,0.9438896775245667,0.5720796585083008,0.5632261633872986,-0.02365846373140812,0.9995123744010925,0.5214109420776367,0.5553090572357178,0.023550592362880707,0.9990845322608948,0.5672820806503296,0.7600288391113281,-0.042764388024806976,0.8784024715423584,0.5163482427597046,0.6602216362953186,-0.26508137583732605,0.753513753414154,0.559310257434845,0.9214966893196106,0.049907878041267395,0.9000651240348816,0.5266475677490234,0.7916191816329956,-0.08884353935718536,0.4734804928302765,0.5525863766670227,0.9884340763092041,-0.05397164821624756,0.8584701418876648,0.5292597413063049,0.8767241835594177,-0.1361479014158249,0.4923880696296692
195,6.5,0.5453540086746216,0.22684083878993988,-0.09570389986038208,0.9981406331062317,0.5777601003646851,0.3055925965309143,-0.05738305300474167,0.9984926581382751,0.5082327127456665,0.3386977016925812,0.07987033575773239,0.997369647026062,0.5495113134384155,0.3113630414009094,-0.13472376763820648,0.9277998208999634,0.44961899518966675,0.35405462980270386,-0.05584994703531265,0.9197087287902832,0.5085021257400513,0.2755708694458008,-0.1328590363264084,0.8385952115058899,0.48613443970680237,0.2769027352333069,-0.24215929210186005,0.9372383952140808,0.5707507133483887,0.5523585677146912,-0.031643517315387726,0.9995501041412354,0.5213943719863892,0.544646680355072,0.031543031334877014,0.9991664290428162,0.5659521818161011,0.7437427043914795,-0.029723215848207474,0.8818938136100769,0.5133580565452576,0.648815393447876,-0.2543823719024658,0.7756402492523193,0.5584923028945923,0.8873090147972107,0.09151700139045715,0.9070788621902466,0.5255759954452515,0.8005366921424866,-0.08641935884952545,0.517565906047821,0.5461335182189941,0.9590437412261963,-0.0052027627825737,0.8679954409599304,0.5253069996833801,0.8781710863113403,-0.14398173987865448,0.5357758402824402
196,6.533333333333333,0.5449328422546387,0.2258448302745819,-0.10088811069726944,0.9982507228851318,0.5772424340248108,0.30414068698883057,-0.0610649399459362,0.9985160231590271,0.5091955661773682,0.33426985144615173,0.07394378632307053,0.9975098371505737,0.5450528264045715,0.3099217712879181,-0.12470217049121857,0.9272107481956482,0.45025545358657837,0.35453686118125916,-0.052162595093250275,0.9122210144996643,0.508048415184021,0.27745145559310913,-0.08296389877796173,0.8322269320487976,0.4850877821445465,0.2749667763710022,-0.23744995892047882,0.9359071850776672,0.5703765153884888,0.5477902889251709,-0.032108403742313385,0.9995867013931274,0.521462082862854,0.5411632657051086,0.03201520815491676,0.9992427229881287,0.5652788877487183,0.740423858165741,-0.020668843761086464,0.8885400891304016,0.5121856927871704,0.649730384349823,-0.24662049114704132,0.796561598777771,0.5580309629440308,0.8860312700271606,0.10428019613027573,0.9148690104484558,0.525036633014679,0.803095817565918,-0.0715399757027626,0.5605965852737427,0.5435991883277893,0.95849609375,0.007670152001082897,0.8787626624107361,0.5241747498512268,0.8782709836959839,-0.12878456711769104,0.5779537558555603
197,6.566666666666666,0.542964518070221,0.21716901659965515,-0.08869631588459015,0.9984050989151001,0.5746287107467651,0.2919008135795593,-0.062327105551958084,0.9986185431480408,0.5100980997085571,0.3339346945285797,0.08778999000787735,0.9977076649665833,0.5451977252960205,0.29092609882354736,-0.12964653968811035,0.9307848811149597,0.45014968514442444,0.3551761507987976,-0.03877700865268707,0.9067966341972351,0.5091930627822876,0.2611648738384247,-0.09911012649536133,0.8290432095527649,0.48038917779922485,0.2662621736526489,-0.23482349514961243,0.9351096153259277,0.5698765516281128,0.5424389839172363,-0.03368907421827316,0.9996235370635986,0.5214717984199524,0.535216212272644,0.033609721809625626,0.9993153214454651,0.5633069276809692,0.7317555546760559,-0.006741032004356384,0.8907119035720825,0.5112865567207336,0.6420857310295105,-0.2441379278898239,0.8153250217437744,0.5574773550033569,0.8540791869163513,0.16943900287151337,0.9188680052757263,0.5236779451370239,0.805978536605835,-0.08997957408428192,0.5995158553123474,0.5414248704910278,0.9252819418907166,0.09358635544776917,0.8851885199546814,0.5249220728874207,0.8860158920288086,-0.15431728959083557,0.6164507269859314
198,6.6,0.5423460006713867,0.21503464877605438,-0.08134867250919342,0.9985472559928894,0.5733329057693481,0.2897105813026428,-0.061750732362270355,0.9987213015556335,0.5103998780250549,0.33210045099258423,0.09152217209339142,0.9978945851325989,0.5488106608390808,0.28741347789764404,-0.13320636749267578,0.9354807734489441,0.4501373767852783,0.35509803891181946,-0.03685611113905907,0.9014742970466614,0.5097803473472595,0.26476335525512695,-0.09301815927028656,0.8250450491905212,0.47918587923049927,0.2627658545970917,-0.23238837718963623,0.9347800016403198,0.5689789652824402,0.5408326387405396,-0.03406699746847153,0.9996572732925415,0.5214592218399048,0.5328284502029419,0.033994030207395554,0.9993810653686523,0.5612140893936157,0.7301625609397888,-0.007426035590469837,0.8945637941360474,0.5100271701812744,0.6448314785957336,-0.24449226260185242,0.8325096368789673,0.5568518042564392,0.8487249612808228,0.17725884914398193,0.9229366779327393,0.5231438875198364,0.8108537197113037,-0.09513870626688004,0.6356165409088135,0.5399185419082642,0.9222586154937744,0.10745759308338165,0.8913585543632507,0.524071455001831,0.8921188116073608,-0.15764372050762177,0.6518332362174988
199,6.633333333333334,0.5390843152999878,0.2081582397222519,-0.05233297869563103,0.998690664768219,0.5732758641242981,0.2813175618648529,-0.03219449520111084,0.9988418817520142,0.510269284248352,0.32875293493270874,0.1150210052728653,0.9980906248092651,0.5392664670944214,0.26965394616127014,-0.11872193962335587,0.941596269607544,0.45013195276260376,0.35542675852775574,-0.012545272707939148,0.9011553525924683,0.49350792169570923,0.2508595287799835,-0.08030558377504349,0.8357661962509155,0.4729112684726715,0.2551310658454895,-0.20599201321601868,0.936299741268158,0.5690435171127319,0.5349913835525513,-0.03369242325425148,0.9996864199638367,0.5216422080993652,0.5267274975776672,0.03357640653848648,0.9994400143623352,0.5562832951545715,0.7220155596733093,-0.001276831841096282,0.8879933953285217,0.5084367394447327,0.6291045546531677,-0.2461918592453003,0.8478730320930481,0.556404709815979,0.8144862651824951,0.2395736426115036,0.8995956182479858,0.5235265493392944,0.8191655278205872,-0.1913118213415146,0.6692153215408325,0.541254460811615,0.8900766968727112,0.20078840851783752,0.8754257559776306,0.5251242518424988,0.8940678834915161,-0.28217631578445435,0.6845563054084778
200,6.666666666666667,0.5386255979537964,0.2052253782749176,-0.04213690012693405,0.9988183975219727,0.5729933977127075,0.28005746006965637,-0.026608427986502647,0.9989482760429382,0.5101306438446045,0.3271756172180176,0.11945205926895142,0.9982625246047974,0.5412700772285461,0.26909339427948,-0.1150733083486557,0.9470345973968506,0.45013555884361267,0.3557397127151489,-0.012018872424960136,0.8990399241447449,0.4947679042816162,0.24853205680847168,-0.07595228403806686,0.8453599810600281,0.47163596749305725,0.25183409452438354,-0.20050843060016632,0.936855673789978,0.5691033005714417,0.5334024429321289,-0.032669685781002045,0.9997127652168274,0.5218819379806519,0.5241915583610535,0.032548606395721436,0.9994930028915405,0.5560019016265869,0.7239034175872803,-0.010577930137515068,0.8865531086921692,0.5074588060379028,0.6306415796279907,-0.24789822101593018,0.8618736267089844,0.5562344789505005,0.8095592856407166,0.24584324657917023,0.8837236166000366,0.5238450765609741,0.8200047016143799,-0.16840019822120667,0.6998775601387024,0.5420789122581482,0.8860177993774414,0.21523013710975647,0.8645752668380737,0.5257269740104675,0.8943929672241211,-0.24762952327728271,0.7141706943511963
201,6.7,0.5385279059410095,0.20595049858093262,-0.04175534099340439,0.998934268951416,0.5731819868087769,0.2809198200702667,-0.025740399956703186,0.9990471601486206,0.509971559047699,0.32652637362480164,0.12114721536636353,0.9984184503555298,0.5418390035629272,0.2676127552986145,-0.11393211781978607,0.9520993232727051,0.4501291811466217,0.35597631335258484,-0.010574359446763992,0.8973115086555481,0.49609747529029846,0.2474367916584015,-0.07051083445549011,0.8560999631881714,0.47085800766944885,0.2511829733848572,-0.19718356430530548,0.9367249011993408,0.5691181421279907,0.5332114100456238,-0.03164326027035713,0.9997380971908569,0.5221201777458191,0.5244678258895874,0.031532563269138336,0.9995414614677429,0.5550919771194458,0.7199862003326416,-0.010603651404380798,0.8900728821754456,0.506984293460846,0.6325107216835022,-0.2464747130870819,0.8746572732925415,0.5562552809715271,0.8118153214454651,0.23778514564037323,0.8806096315383911,0.5240417718887329,0.8205494284629822,-0.1637832671403885,0.7280187010765076,0.5423558950424194,0.8875882625579834,0.20318272709846497,0.8645219802856445,0.5253623723983765,0.8947665095329285,-0.24225454032421112,0.7413545846939087
202,6.733333333333333,0.538610577583313,0.2060360610485077,-0.0435730442404747,0.999038815498352,0.5733742117881775,0.28034961223602295,-0.025378644466400146,0.9991371035575867,0.5098915100097656,0.3260210156440735,0.11971386522054672,0.9985602498054504,0.5422856211662292,0.26674219965934753,-0.11296124756336212,0.9566711783409119,0.4500875473022461,0.35648688673973083,-0.008779407478868961,0.8945378661155701,0.4968165457248688,0.24770677089691162,-0.06761688739061356,0.8650555610656738,0.4707154631614685,0.25075313448905945,-0.19184646010398865,0.9345609545707703,0.569205641746521,0.53471839427948,-0.031310152262449265,0.9997613430023193,0.5223590135574341,0.5256316065788269,0.031185846775770187,0.9995853304862976,0.5538798570632935,0.7212833762168884,-0.008705931715667248,0.8925156593322754,0.5068744421005249,0.6298456192016602,-0.25000816583633423,0.886071503162384,0.5562605857849121,0.815969705581665,0.23759964108467102,0.8772618770599365,0.5237492322921753,0.8206042647361755,-0.17316178977489471,0.7532179951667786,0.5426680445671082,0.8881398439407349,0.201960489153862,0.8643898963928223,0.5253908634185791,0.8957247138023376,-0.2534821033477783,0.7657865881919861
203,6.766666666666667,0.5347527265548706,0.20206476747989655,-0.049451764672994614,0.9991329312324524,0.572054922580719,0.2757807672023773,-0.019760459661483765,0.9992181658744812,0.5098294615745544,0.326381653547287,0.11660300195217133,0.9986975789070129,0.5348691344261169,0.25380805134773254,-0.09825512021780014,0.9608024954795837,0.44897812604904175,0.3618406653404236,-0.0011190506629645824,0.8967907428741455,0.4944244921207428,0.24187961220741272,-0.04685196280479431,0.869594395160675,0.46655216813087463,0.2508161962032318,-0.18054164946079254,0.9363753795623779,0.5689634084701538,0.5348628759384155,-0.03000941500067711,0.9997810125350952,0.5223613977432251,0.5261826515197754,0.029890451580286026,0.9996253252029419,0.552871584892273,0.7243146896362305,-0.002691445406526327,0.8931476473808289,0.5064747929573059,0.631579577922821,-0.25086289644241333,0.8967549800872803,0.5560453534126282,0.7746033668518066,0.29032668471336365,0.8214519619941711,0.5238543748855591,0.8297753930091858,-0.2305591106414795,0.7769399881362915,0.5448673963546753,0.8485605120658875,0.28598251938819885,0.8239508271217346,0.525542140007019,0.9011818170547485,-0.322242796421051,0.788402795791626
204,6.8,0.5331563353538513,0.20104770362377167,-0.056002289056777954,0.9992181658744812,0.5716379284858704,0.27525267004966736,-0.0255837794393301,0.999291181564331,0.5097696781158447,0.32638150453567505,0.11160226911306381,0.9988209009170532,0.5337833166122437,0.25210514664649963,-0.11340334266424179,0.9644676446914673,0.4486209750175476,0.3635013699531555,-0.012811558321118355,0.8974809646606445,0.49321436882019043,0.23948347568511963,-0.08290451765060425,0.8763680458068848,0.46576380729675293,0.25063779950141907,-0.19253629446029663,0.9385456442832947,0.5687164664268494,0.5354931354522705,-0.02971724048256874,0.9997979402542114,0.5223628878593445,0.5268012285232544,0.02959587052464485,0.9996610283851624,0.5517497062683105,0.7260410785675049,-0.00554676866158843,0.8873218297958374,0.5058537125587463,0.6322305798530579,-0.25792255997657776,0.9062018990516663,0.5558075904846191,0.7678948044776917,0.299248605966568,0.7606562972068787,0.5239197611808777,0.833925187587738,-0.22777828574180603,0.7979180812835693,0.5456812977790833,0.8427349328994751,0.29293984174728394,0.777789831161499,0.5256956219673157,0.9032868146896362,-0.32025080919265747,0.8084946870803833
205,6.833333333333333,0.5321934223175049,0.20110446214675903,-0.10920868068933487,0.9992954134941101,0.5690451264381409,0.274212509393692,-0.07058863341808319,0.999356210231781,0.5091673731803894,0.3261464834213257,0.08540941774845123,0.9989330172538757,0.5261951684951782,0.23699615895748138,-0.15164285898208618,0.9678059816360474,0.4474338889122009,0.3682287931442261,-0.028111089020967484,0.8988457918167114,0.49424034357070923,0.23235420882701874,-0.12634940445423126,0.8851162195205688,0.461033433675766,0.2512607276439667,-0.2196945697069168,0.9422962069511414,0.5685903429985046,0.5360115766525269,-0.0307620856910944,0.999811053276062,0.5223491191864014,0.5279825925827026,0.030688026919960976,0.9996928572654724,0.5475929379463196,0.7253948450088501,-0.006860588677227497,0.8925015926361084,0.5034325122833252,0.6343284845352173,-0.24195632338523865,0.9149203896522522,0.5550405979156494,0.7491444945335388,0.30880221724510193,0.7225691676139832,0.5245307683944702,0.8414627909660339,-0.1925281137228012,0.8171022534370422,0.5465999245643616,0.821416974067688,0.3122161328792572,0.7553697824478149,0.5253621935844421,0.9096765518188477,-0.27603983879089355,0.8268691897392273
206,6.866666666666666,0.5320432186126709,0.20114287734031677,-0.118661068379879,0.9993646740913391,0.568762481212616,0.27303874492645264,-0.07589800655841827,0.9994130730628967,0.508577823638916,0.32572227716445923,0.07478593289852142,0.9990338683128357,0.5271047949790955,0.23851081728935242,-0.14261625707149506,0.9707115292549133,0.44683605432510376,0.3701153099536896,-0.03127909451723099,0.8970580101013184,0.4981134533882141,0.22823849320411682,-0.10004188865423203,0.890056848526001,0.4592598080635071,0.2514753043651581,-0.21834692358970642,0.9456618428230286,0.5685390830039978,0.5363900065422058,-0.030630966648459435,0.9998202323913574,0.5223464965820312,0.5284860134124756,0.03057267889380455,0.9997206926345825,0.5459142923355103,0.7253628969192505,-0.015976928174495697,0.8953449130058289,0.5023285746574402,0.6355800032615662,-0.2298274040222168,0.9223698973655701,0.5545128583908081,0.7464665770530701,0.3022153079509735,0.6875708699226379,0.52471524477005,0.8439058661460876,-0.17820188403129578,0.8336168527603149,0.5474790334701538,0.8207704424858093,0.31175196170806885,0.7321779131889343,0.5254302024841309,0.9117469787597656,-0.25766581296920776,0.8427526950836182
207,6.9,0.5312485098838806,0.20075169205665588,-0.11162392050027847,0.9994264841079712,0.5654380917549133,0.26875120401382446,-0.07781124114990234,0.9994654059410095,0.5073093771934509,0.32327795028686523,0.0782831460237503,0.9991222620010376,0.5262841582298279,0.22511838376522064,-0.15015597641468048,0.9731959104537964,0.4465864598751068,0.3717769980430603,-0.015465684235095978,0.8877804279327393,0.4970286786556244,0.2179391086101532,-0.11799567937850952,0.8946490287780762,0.4567839503288269,0.2523118853569031,-0.20839445292949677,0.9474111199378967,0.5678882002830505,0.5317811965942383,-0.03602252155542374,0.9998252987861633,0.5222779512405396,0.526850700378418,0.03594784811139107,0.9997442364692688,0.5428141355514526,0.7124044895172119,-0.023479443043470383,0.8868178129196167,0.5004916191101074,0.6481016874313354,-0.1872863620519638,0.9280714392662048,0.5560502409934998,0.7211320400238037,0.309342622756958,0.6359741687774658,0.524734616279602,0.8541144728660583,-0.15340077877044678,0.8477311134338379,0.5523182153701782,0.7918669581413269,0.32746997475624084,0.6895495057106018,0.5240016579627991,0.9196074604988098,-0.2373833954334259,0.8562306761741638
208,6.933333333333334,0.5314818620681763,0.20064173638820648,-0.10991816222667694,0.9994817972183228,0.5640937089920044,0.2678661048412323,-0.07836171239614487,0.9995115399360657,0.5068773031234741,0.32209011912345886,0.08185714483261108,0.9992008209228516,0.5261626839637756,0.223795086145401,-0.14490625262260437,0.9754047393798828,0.44650182127952576,0.3726036548614502,-0.011209926567971706,0.8797701001167297,0.4949982166290283,0.2171269953250885,-0.1059909462928772,0.8965615034103394,0.4566836953163147,0.2526453137397766,-0.1974117010831833,0.9489079117774963,0.5677996277809143,0.5297361016273499,-0.03821723535656929,0.9998267889022827,0.5223284363746643,0.5257511734962463,0.03814098238945007,0.9997641444206238,0.5400742888450623,0.7053136825561523,-0.028951644897460938,0.8778970837593079,0.499826043844223,0.6516326665878296,-0.16930072009563446,0.9320354461669922,0.5583633780479431,0.7221344709396362,0.2951677441596985,0.5887834429740906,0.5246565937995911,0.857745885848999,-0.14255291223526,0.8594148755073547,0.5553302764892578,0.7950799465179443,0.31550899147987366,0.6492626667022705,0.5229747295379639,0.9217919111251831,-0.2231176197528839,0.8673933744430542
209,6.966666666666667,0.5306060314178467,0.1996508240699768,-0.10552217811346054,0.9995282292366028,0.5595158338546753,0.26207008957862854,-0.08210068196058273,0.9995535612106323,0.5067999958992004,0.31887784600257874,0.08333641290664673,0.9992696046829224,0.5181883573532104,0.20860858261585236,-0.09557200968265533,0.9773856401443481,0.4465148448944092,0.3734697997570038,0.00727187329903245,0.8562804460525513,0.4931929111480713,0.2117806077003479,0.008090607821941376,0.8904721140861511,0.45533162355422974,0.2529381513595581,-0.1774921417236328,0.9445257782936096,0.5678200125694275,0.5221065878868103,-0.04381407052278519,0.9998247623443604,0.5234528183937073,0.5230299234390259,0.04373861104249954,0.9997797012329102,0.533226728439331,0.687536895275116,-0.04105415195226669,0.8675317168235779,0.499006450176239,0.6624407768249512,-0.12111510336399078,0.9317474961280823,0.5587660670280457,0.7013996839523315,0.2841513156890869,0.5477032661437988,0.5246695280075073,0.8637259006500244,-0.109896220266819,0.8685687780380249,0.5543776750564575,0.7750601768493652,0.2965797781944275,0.6095387935638428,0.5196629762649536,0.9270105957984924,-0.1810627430677414,0.8751007318496704
210,7.0,0.5296334028244019,0.20022089779376984,-0.10477708280086517,0.9995704293251038,0.5588804483413696,0.2631717622280121,-0.08113779872655869,0.9995918869972229,0.5063110589981079,0.31926584243774414,0.09258680790662766,0.9993325471878052,0.5169762372970581,0.20674318075180054,-0.09253814071416855,0.9792833924293518,0.4463333189487457,0.37317779660224915,0.03584342449903488,0.8459792733192444,0.49429160356521606,0.20881502330303192,0.02150609716773033,0.884587824344635,0.4556330144405365,0.2532462775707245,-0.11636354774236679,0.942296028137207,0.567811131477356,0.5205404162406921,-0.04647328704595566,0.9998299479484558,0.5240922570228577,0.5227667093276978,0.04641249030828476,0.9997965693473816,0.5312986969947815,0.6827626824378967,-0.0436413437128067,0.8685693740844727,0.4987083971500397,0.6651033759117126,-0.11049695312976837,0.9347817897796631,0.5589767694473267,0.7010016441345215,0.26940828561782837,0.5264499187469482,0.5246835350990295,0.8634040951728821,-0.10311851650476456,0.8786625862121582,0.5540233850479126,0.7812755107879639,0.2891004681587219,0.5892948508262634,0.5186620354652405,0.9281477332115173,-0.1707065999507904,0.8839929699897766
211,7.033333333333333,0.5292037725448608,0.20054855942726135,-0.10721554607152939,0.9996089935302734,0.5587753057479858,0.2617434561252594,-0.08147428929805756,0.9996265769004822,0.5062392950057983,0.319548636674881,0.08925481140613556,0.9993903636932373,0.5162797570228577,0.20605774223804474,-0.08718613535165787,0.9809330701828003,0.4463578760623932,0.3728756308555603,0.03160906583070755,0.8365684151649475,0.501878559589386,0.20727407932281494,0.027175817638635635,0.8801534175872803,0.4559313654899597,0.2533220648765564,-0.1141020879149437,0.9413309693336487,0.5678248405456543,0.5192741751670837,-0.0444219596683979,0.9998356103897095,0.524720311164856,0.5224945545196533,0.04437053203582764,0.9998122453689575,0.5328540802001953,0.6821653246879578,-0.03896329551935196,0.8700867295265198,0.4984990656375885,0.6636035442352295,-0.12190060317516327,0.9383504390716553,0.5592347979545593,0.7028263807296753,0.26737040281295776,0.5113000273704529,0.5247217416763306,0.8648912906646729,-0.11815333366394043,0.8881344199180603,0.5536566972732544,0.7823758721351624,0.29204338788986206,0.574842631816864,0.5182381868362427,0.9278466105461121,-0.18943151831626892,0.8924328088760376
212,7.066666666666666,0.5278390645980835,0.20075634121894836,-0.07652892172336578,0.9996352791786194,0.5575971603393555,0.26271307468414307,-0.07771790027618408,0.9996546506881714,0.5056115388870239,0.31981515884399414,0.10619723796844482,0.9994429349899292,0.5139998197555542,0.1996607929468155,-0.0667877346277237,0.9820899367332458,0.44645723700523376,0.37622448801994324,0.07475022971630096,0.8353561758995056,0.5050143599510193,0.20316074788570404,0.08553998172283173,0.8370124697685242,0.4559449255466461,0.25486209988594055,-0.039175696671009064,0.9351862668991089,0.5677300691604614,0.5207687616348267,-0.05397561937570572,0.9998490810394287,0.5247308015823364,0.5226536393165588,0.05390247702598572,0.9998299479484558,0.5242043733596802,0.6699717044830322,-0.11251997947692871,0.8796291947364807,0.4973207414150238,0.6691368222236633,-0.05373474955558777,0.9420756697654724,0.5612910985946655,0.6881296038627625,0.1554485559463501,0.5155843496322632,0.524776041507721,0.8678370714187622,-0.06991173326969147,0.8978196978569031,0.5572066307067871,0.7829609513282776,0.19972822070121765,0.5712630152702332,0.5153239369392395,0.9322778582572937,-0.1240801215171814,0.9006606936454773
213,7.1,0.5277763605117798,0.20070192217826843,-0.0776989534497261,0.9996622204780579,0.5576082468032837,0.26312536001205444,-0.07581739127635956,0.9996803998947144,0.5052617788314819,0.3200383484363556,0.10449804365634918,0.9994894862174988,0.5165669322013855,0.20370163023471832,-0.0561152882874012,0.9830413460731506,0.44658026099205017,0.37769269943237305,0.06480541825294495,0.830130934715271,0.5108503103256226,0.2005445510149002,0.09706231206655502,0.8091810941696167,0.45578742027282715,0.2573278546333313,-0.05788000300526619,0.9302576780319214,0.5676307678222656,0.5216529965400696,-0.05367458984255791,0.9998594522476196,0.5247361063957214,0.5230008363723755,0.05361108109354973,0.9998452067375183,0.5222145915031433,0.668070912361145,-0.08454041182994843,0.8856346607208252,0.4965057373046875,0.6701800227165222,-0.06353195011615753,0.9445247054100037,0.5619674324989319,0.6864399909973145,0.18144644796848297,0.5113210678100586,0.5247856378555298,0.8682408928871155,-0.07942075282335281,0.9060721397399902,0.5594710111618042,0.7827404737472534,0.22172772884368896,0.5628100633621216,0.5141457915306091,0.9332630634307861,-0.13470861315727234,0.9075540900230408
214,7.133333333333334,0.5276715159416199,0.20072531700134277,-0.07956364005804062,0.9996882081031799,0.557646632194519,0.26336997747421265,-0.07506877183914185,0.9997046589851379,0.5049989819526672,0.32008352875709534,0.10269097238779068,0.9995316863059998,0.5170323848724365,0.20321474969387054,-0.05391164869070053,0.98394376039505,0.4466586709022522,0.3788144886493683,0.05807824060320854,0.826418399810791,0.5137969255447388,0.1993495672941208,0.09402874112129211,0.7939936518669128,0.4557543694972992,0.2583329975605011,-0.06728091835975647,0.9270713925361633,0.5675662159919739,0.5222293138504028,-0.05218984931707382,0.999868631362915,0.5247186422348022,0.5232818722724915,0.05213034898042679,0.9998587965965271,0.5214987993240356,0.6679694652557373,-0.07748202979564667,0.8898199200630188,0.49628394842147827,0.6704636812210083,-0.07148773223161697,0.946398913860321,0.5623675584793091,0.6862114667892456,0.1881760060787201,0.5029590725898743,0.5247989892959595,0.8692573308944702,-0.08763573318719864,0.9131391644477844,0.5604724884033203,0.7835777401924133,0.228429913520813,0.5522045493125916,0.5138680338859558,0.9340553879737854,-0.1446656882762909,0.9133633375167847
215,7.166666666666667,0.5271114110946655,0.19993607699871063,-0.05325127765536308,0.9997110962867737,0.5554343461990356,0.2633570730686188,-0.07464273273944855,0.9997265934944153,0.5045150518417358,0.3203534483909607,0.13455697894096375,0.9995725750923157,0.5120643973350525,0.19428375363349915,-0.06864653527736664,0.9849352240562439,0.44816333055496216,0.3839496076107025,0.13695365190505981,0.8300509452819824,0.5110756158828735,0.19460663199424744,0.08049529045820236,0.7584643363952637,0.4558294415473938,0.26139622926712036,0.056870825588703156,0.9253992438316345,0.5665394067764282,0.5211958289146423,-0.06318508088588715,0.9998802542686462,0.5248849391937256,0.5254738330841064,0.06310763210058212,0.9998723864555359,0.5148777961730957,0.6573476195335388,-0.1349809169769287,0.8991486430168152,0.49576807022094727,0.6747540831565857,-0.032510899007320404,0.9500111937522888,0.5641796588897705,0.6876518726348877,0.10714416205883026,0.5306302309036255,0.524797797203064,0.8747768998146057,-0.06713984906673431,0.9207796454429626,0.5631360411643982,0.788676381111145,0.14135174453258514,0.5711113214492798,0.5113056302070618,0.9397952556610107,-0.12867708504199982,0.9202041029930115
216,7.2,0.526785135269165,0.19998978078365326,-0.05440090224146843,0.9997305274009705,0.5550525188446045,0.2637469470500946,-0.07437015324831009,0.9997430443763733,0.5037110447883606,0.32058894634246826,0.13470543920993805,0.9996074438095093,0.5123888254165649,0.19944201409816742,-0.07157626003026962,0.9855753183364868,0.44876590371131897,0.38632625341415405,0.12881425023078918,0.8323507308959961,0.5097376108169556,0.1910284012556076,0.07417101413011551,0.7307666540145874,0.4555315375328064,0.2656574249267578,0.04549438878893852,0.9243605732917786,0.5661337375640869,0.5204095840454102,-0.06358981877565384,0.9998902678489685,0.5249100923538208,0.5267061591148376,0.06350978463888168,0.9998844265937805,0.5142487287521362,0.6557684540748596,-0.14227303862571716,0.9069734811782837,0.49569839239120483,0.6771929264068604,-0.03241676092147827,0.9528318643569946,0.5653823018074036,0.6898007392883301,0.10093913227319717,0.549463152885437,0.5247095227241516,0.8765766620635986,-0.06092553585767746,0.9273579120635986,0.5635297298431396,0.7913868427276611,0.13154180347919464,0.5826671123504639,0.5106225609779358,0.9411882758140564,-0.12439461797475815,0.9258015155792236
217,7.233333333333333,0.5263587236404419,0.20027774572372437,-0.03049071505665779,0.9997495412826538,0.553825855255127,0.2651258111000061,-0.04786574840545654,0.9997557401657104,0.5018555521965027,0.3215242922306061,0.14281639456748962,0.9996365308761597,0.5290694832801819,0.20048654079437256,-0.06889083981513977,0.9865633845329285,0.4506567418575287,0.396178662776947,0.12183734029531479,0.8416385054588318,0.5089220404624939,0.1856754869222641,0.056471120566129684,0.7174719572067261,0.4556763768196106,0.27252018451690674,0.0424361526966095,0.927064061164856,0.5661634802818298,0.5196953415870667,-0.062287576496601105,0.9998992085456848,0.5258070826530457,0.5315911173820496,0.06218035891652107,0.9998951554298401,0.5093210339546204,0.6406657695770264,-0.17137064039707184,0.9154139757156372,0.49507465958595276,0.6828665137290955,-0.04036637768149376,0.9556150436401367,0.566245436668396,0.6945431232452393,0.019928669556975365,0.5812292695045471,0.5246996283531189,0.8823479413986206,-0.07716228067874908,0.9335021376609802,0.5636261701583862,0.7979130148887634,0.036384567618370056,0.608195424079895,0.5079058408737183,0.9517962336540222,-0.14157047867774963,0.9312630295753479
218,7.266666666666667,0.5265063047409058,0.20034080743789673,-0.04443486034870148,0.9997660517692566,0.5536105632781982,0.2657112777233124,-0.053107064217329025,0.9997672438621521,0.5010653734207153,0.3218899965286255,0.13649150729179382,0.9996616840362549,0.5338832139968872,0.2085522711277008,-0.07575638592243195,0.9874919056892395,0.4512835443019867,0.3990883231163025,0.11437992751598358,0.8498787879943848,0.5072528123855591,0.18292702734470367,0.03452950716018677,0.7157372832298279,0.45580872893333435,0.2740856409072876,0.03873756155371666,0.9291782379150391,0.5661908388137817,0.5196212530136108,-0.06260427832603455,0.9999072551727295,0.5263718962669373,0.5341557264328003,0.06248955801129341,0.9999047517776489,0.508437991142273,0.6389338374137878,-0.18478451669216156,0.9231972098350525,0.4948931336402893,0.6852537393569946,-0.03234151750802994,0.9581184983253479,0.5664759874343872,0.6967565417289734,0.02043808624148369,0.6111482977867126,0.5246695280075073,0.8853911757469177,-0.06666067242622375,0.9391371011734009,0.563967227935791,0.8025686740875244,0.03555408865213394,0.63319993019104,0.5069186687469482,0.954852819442749,-0.13388337194919586,0.936400830745697
219,7.3,0.5259349942207336,0.2026681751012802,-0.04248015955090523,0.9997590184211731,0.5526021718978882,0.27202025055885315,-0.05305374786257744,0.9997614622116089,0.4992853105068207,0.32888802886009216,0.13384082913398743,0.9996544718742371,0.5357104539871216,0.21655437350273132,-0.11849135160446167,0.9883829951286316,0.4548213481903076,0.4060429036617279,0.09759391844272614,0.8560325503349304,0.5070040225982666,0.1782888025045395,-0.06983588635921478,0.7292904853820801,0.4558661878108978,0.28382450342178345,0.0104751568287611,0.9305542707443237,0.5671610832214355,0.5224443078041077,-0.06352858245372772,0.9999132752418518,0.5286195874214172,0.5426835417747498,0.06339011341333389,0.9999123215675354,0.5085140466690063,0.6208358407020569,-0.22246626019477844,0.9305199980735779,0.4939858913421631,0.7059632539749146,-0.03194572031497955,0.9596565365791321,0.5633293986320496,0.71205073595047,-0.05275034159421921,0.6453629732131958,0.5256217122077942,0.8911548852920532,-0.03772927075624466,0.9437276721000671,0.5610376596450806,0.8151803612709045,-0.05277160555124283,0.6636695861816406,0.5057479739189148,0.969190239906311,-0.09461682289838791,0.9403020143508911
220,7.333333333333333,0.5260299444198608,0.20334076881408691,-0.04843730479478836,0.9997377395629883,0.5523926019668579,0.2735658288002014,-0.055261410772800446,0.9997445344924927,0.4983670711517334,0.3290572762489319,0.13063302636146545,0.9996344447135925,0.5362673997879028,0.2200869470834732,-0.13915547728538513,0.9887570738792419,0.45612162351608276,0.40816840529441833,0.08796296268701553,0.8594582080841064,0.5065973997116089,0.17678764462471008,-0.12082646042108536,0.7410483360290527,0.45595160126686096,0.2868781089782715,-0.007007057778537273,0.9306368827819824,0.5680449604988098,0.5237571001052856,-0.06468890607357025,0.9999182224273682,0.529984712600708,0.544252872467041,0.064530149102211,0.9999188780784607,0.50853031873703,0.618708610534668,-0.22855111956596375,0.9367144703865051,0.49330276250839233,0.7083591818809509,-0.03058965876698494,0.9591035842895508,0.5629075765609741,0.718752384185791,-0.05410097911953926,0.6708375215530396,0.5259443521499634,0.8926413655281067,-0.030847717076539993,0.946832537651062,0.5600593686103821,0.819611132144928,-0.05796261504292488,0.685027003288269,0.5059725642204285,0.9709816575050354,-0.09114643931388855,0.9421249628067017
221,7.366666666666666,0.5259574055671692,0.20395611226558685,-0.03602788597345352,0.999729573726654,0.552014946937561,0.2736273407936096,-0.04575217515230179,0.9997395873069763,0.4975588321685791,0.32937881350517273,0.1374252736568451,0.9996286630630493,0.5379732847213745,0.22642925381660461,-0.11959707736968994,0.9892736077308655,0.4568261206150055,0.40948688983917236,0.08587908744812012,0.8628031611442566,0.5065049529075623,0.17744570970535278,-0.07131113857030869,0.7521318793296814,0.4560166001319885,0.28835976123809814,-0.012410457246005535,0.9306320548057556,0.5684818029403687,0.5240024328231812,-0.0639381930232048,0.9999228119850159,0.5303663015365601,0.5447273850440979,0.06377998739480972,0.9999248385429382,0.5081450343132019,0.6184549927711487,-0.21772274374961853,0.942306637763977,0.4925876259803772,0.7072021961212158,-0.03262905031442642,0.9585761427879333,0.5627912282943726,0.722101092338562,-0.05818207934498787,0.6949664354324341,0.5259597897529602,0.8919738531112671,-0.04543047398328781,0.9495353102684021,0.5596831440925598,0.8242948651313782,-0.0614183247089386,0.7057958245277405,0.5061600208282471,0.971232533454895,-0.10664282739162445,0.9437125325202942
222,7.4,0.5229624509811401,0.20492273569107056,-0.029389644041657448,0.9996758103370667,0.5504838228225708,0.2746104300022125,-0.04301181063055992,0.9997419118881226,0.49437013268470764,0.3308023512363434,0.13436166942119598,0.9996163845062256,0.5407938957214355,0.22296537458896637,-0.06438541412353516,0.9897822141647339,0.46087121963500977,0.4178689420223236,0.04737120121717453,0.8547632694244385,0.504060685634613,0.17291206121444702,0.027184974402189255,0.7587106227874756,0.4564239978790283,0.30023637413978577,-0.11983378231525421,0.9276260137557983,0.569810688495636,0.5260429978370667,-0.06316695362329483,0.9999239444732666,0.5321539640426636,0.5470118522644043,0.06302402913570404,0.9999271035194397,0.5065015554428101,0.6135749220848083,-0.2127174586057663,0.9473598003387451,0.49277496337890625,0.7125961184501648,-0.03717650845646858,0.9573066830635071,0.5624174475669861,0.7602137327194214,-0.11298446357250214,0.7218052744865417,0.5276597738265991,0.8981626033782959,-0.07683160901069641,0.9522922039031982,0.5449587106704712,0.8414047360420227,-0.141048401594162,0.7305641770362854,0.5063849687576294,0.9846872687339783,-0.14849212765693665,0.9458810687065125
223,7.433333333333334,0.5188283920288086,0.21964222192764282,-0.037248678505420685,0.9995964765548706,0.5492337942123413,0.28602200746536255,-0.046798136085271835,0.9997404217720032,0.4928286075592041,0.3401823937892914,0.11786900460720062,0.9996035695075989,0.5397404432296753,0.22690849006175995,-0.06330474466085434,0.9892953634262085,0.4645320773124695,0.43125149607658386,0.00417789863422513,0.8384971618652344,0.504048228263855,0.1662621796131134,0.019650960341095924,0.7667361497879028,0.4604042172431946,0.32546520233154297,-0.19038814306259155,0.9220166802406311,0.5697526335716248,0.5379967093467712,-0.06267480552196503,0.9999206066131592,0.5342069864273071,0.5580856800079346,0.06252481788396835,0.9999254941940308,0.5001516938209534,0.6083022952079773,-0.20673123002052307,0.9491028189659119,0.4955012798309326,0.7304695248603821,-0.02958289161324501,0.9436715841293335,0.5543774962425232,0.7817175388336182,-0.11575975269079208,0.7362050414085388,0.5292688608169556,0.9167365431785583,-0.05590655282139778,0.9493550062179565,0.5330838561058044,0.8538358807563782,-0.14987793564796448,0.743567943572998,0.5106180310249329,0.9976552128791809,-0.12762294709682465,0.9404650330543518
224,7.466666666666667,0.5134663581848145,0.22865833342075348,-0.01937159337103367,0.9995341897010803,0.548157811164856,0.28996968269348145,-0.048025935888290405,0.999750018119812,0.49297890067100525,0.34261077642440796,0.1255088448524475,0.9996105432510376,0.5319948196411133,0.2094392329454422,-0.052435822784900665,0.9889554977416992,0.46566635370254517,0.4347684979438782,0.029735112562775612,0.8203842639923096,0.5031353235244751,0.16108624637126923,0.037494391202926636,0.7748817205429077,0.46120205521583557,0.3295997977256775,-0.1607806235551834,0.9147711396217346,0.569956362247467,0.5392391085624695,-0.062336958944797516,0.999921977519989,0.5363407731056213,0.5610461831092834,0.062195487320423126,0.9999273419380188,0.49834370613098145,0.6072791218757629,-0.21322950720787048,0.9510321021080017,0.49836722016334534,0.733133852481842,-0.03371574729681015,0.9274688363075256,0.5513855218887329,0.7867913842201233,-0.14866359531879425,0.7537060379981995,0.5311043858528137,0.9170925617218018,-0.06713001430034637,0.9454171657562256,0.5323925614356995,0.8571963906288147,-0.18939821422100067,0.7601933479309082,0.5126186013221741,0.9975706934928894,-0.14302287995815277,0.9354377388954163
225,7.5,0.5130431056022644,0.2268916219472885,-0.020053310319781303,0.9994558095932007,0.5470477342605591,0.28778430819511414,-0.04817023500800133,0.9997575283050537,0.49305787682533264,0.3428981602191925,0.1327545940876007,0.9996148943901062,0.5273423194885254,0.1978803277015686,-0.04611045867204666,0.9881784915924072,0.4673897624015808,0.43677008152008057,0.039872340857982635,0.7954635620117188,0.5022989511489868,0.15869854390621185,0.05074351280927658,0.7725332975387573,0.46190890669822693,0.3312678933143616,-0.1487666666507721,0.9040717482566833,0.5701562762260437,0.5395594239234924,-0.06318290531635284,0.9999223351478577,0.5380226373672485,0.5621482133865356,0.06304684281349182,0.9999285340309143,0.4977789521217346,0.6082871556282043,-0.20028050243854523,0.9514116644859314,0.5006200075149536,0.7332985997200012,-0.028533542528748512,0.9069652557373047,0.5512086153030396,0.7898316979408264,-0.12286745011806488,0.7669104933738708,0.5308254957199097,0.9155580401420593,-0.06637192517518997,0.9410452246665955,0.53113853931427,0.8535497188568115,-0.15793731808662415,0.7719969153404236,0.5127943754196167,0.9961351156234741,-0.14219500124454498,0.9294942021369934
226,7.533333333333333,0.5125938653945923,0.23337776958942413,-0.015469769947230816,0.9993195533752441,0.5467442274093628,0.2879950702190399,-0.042373236268758774,0.9997543692588806,0.4933788776397705,0.3457515835762024,0.13644257187843323,0.9996058344841003,0.5277472734451294,0.20132723450660706,-0.04713256284594536,0.9863256812095642,0.46784132719039917,0.43733495473861694,0.04331837594509125,0.7744641900062561,0.5022491216659546,0.16026173532009125,0.03757597506046295,0.7716147303581238,0.4621655344963074,0.33159300684928894,-0.1283467710018158,0.8958762288093567,0.5702885389328003,0.5411795973777771,-0.06288211792707443,0.9999197721481323,0.5386447906494141,0.5642595291137695,0.0627477765083313,0.9999277591705322,0.4972831606864929,0.6070284247398376,-0.18703311681747437,0.9501844048500061,0.5012156963348389,0.7352522015571594,-0.028854433447122574,0.8902739882469177,0.5512751936912537,0.7842327356338501,-0.11138959228992462,0.774912416934967,0.5314573049545288,0.9154841303825378,-0.07427878677845001,0.9357119798660278,0.5319697260856628,0.8518078923225403,-0.13859441876411438,0.7793607115745544,0.5134254693984985,0.9973403215408325,-0.14281262457370758,0.9220781922340393
227,7.566666666666666,0.511201024055481,0.23173609375953674,-0.0012250388972461224,0.9992640018463135,0.5444517135620117,0.29240018129348755,-0.03372643142938614,0.9997669458389282,0.4936220049858093,0.3508835434913635,0.13585638999938965,0.9996204376220703,0.527949869632721,0.19776573777198792,-0.007400255650281906,0.9860990047454834,0.46806764602661133,0.44841694831848145,0.03309737890958786,0.757625162601471,0.5017675757408142,0.14648768305778503,0.0865626335144043,0.7836177349090576,0.46366414427757263,0.36379072070121765,-0.18623235821723938,0.8842198252677917,0.5696021318435669,0.5458456873893738,-0.05796460434794426,0.9999217391014099,0.538506269454956,0.5703386068344116,0.05780739337205887,0.9999291300773621,0.49430909752845764,0.6100945472717285,-0.22042353451251984,0.9466122984886169,0.5043288469314575,0.7445771098136902,-0.032393161207437515,0.8604044914245605,0.5414384007453918,0.8131579160690308,-0.14205887913703918,0.7538138628005981,0.5353723168373108,0.9295642375946045,-0.07366053760051727,0.9139343500137329,0.5294588208198547,0.8598166704177856,-0.17984674870967865,0.7598180174827576,0.5216454267501831,1.0015424489974976,-0.1501205861568451,0.8940834999084473
228,7.6,0.509461522102356,0.232908695936203,-0.0013679148396477103,0.9990034699440002,0.5438791513442993,0.2966471016407013,-0.030157536268234253,0.9997664093971252,0.4936724603176117,0.35138413310050964,0.1347985565662384,0.9996093511581421,0.5285463929176331,0.1985357254743576,-0.0148208262398839,0.9846044778823853,0.46865519881248474,0.45036616921424866,0.024897554889321327,0.7343533039093018,0.5017240643501282,0.14545102417469025,0.06435815989971161,0.7933611869812012,0.46464037895202637,0.36868035793304443,-0.18940220773220062,0.8676359057426453,0.5693737864494324,0.5463045239448547,-0.055410802364349365,0.9999211430549622,0.5380266308784485,0.5724639892578125,0.055261868983507156,0.9999279379844666,0.4937649667263031,0.61153244972229,-0.2200077474117279,0.9423198699951172,0.5058614611625671,0.7474071979522705,-0.04747072607278824,0.8324205279350281,0.5394201874732971,0.8203430771827698,-0.16151463985443115,0.7452793717384338,0.5382190346717834,0.9325025677680969,-0.07986348122358322,0.8927986025810242,0.5272666215896606,0.8670114874839783,-0.21075062453746796,0.7520073056221008,0.5246010422706604,1.0037156343460083,-0.15898184478282928,0.8687750697135925
229,7.633333333333334,0.5088003873825073,0.23092587292194366,0.03150424361228943,0.9989352226257324,0.5405579805374146,0.30215945839881897,0.010180875658988953,0.9997723698616028,0.4926793575286865,0.35530799627304077,0.14910687506198883,0.9996111392974854,0.5333438515663147,0.19600121676921844,0.04739200696349144,0.9812437295913696,0.4718433916568756,0.4642150402069092,0.03279808908700943,0.6975446939468384,0.5016092658042908,0.12544594705104828,0.10464112460613251,0.8077507019042969,0.46807488799095154,0.40795767307281494,-0.18763934075832367,0.8438165783882141,0.567629873752594,0.5477028489112854,-0.054408274590969086,0.9999195337295532,0.5393577814102173,0.5782167315483093,0.05422312021255493,0.9999231100082397,0.49360236525535583,0.6123459935188293,-0.22408552467823029,0.939824104309082,0.5101274251937866,0.7547552585601807,-0.047917440533638,0.801845371723175,0.5242906212806702,0.811461329460144,-0.2408140003681183,0.7435100078582764,0.5567739009857178,0.9493238925933838,-0.09882890433073044,0.8658810257911682,0.5054156184196472,0.8566250205039978,-0.3202202022075653,0.7549508213996887,0.5291720628738403,1.007586121559143,-0.18393869698047638,0.8431079387664795
230,7.666666666666667,0.5081663727760315,0.22993771731853485,0.04282917454838753,0.9989475011825562,0.5392512083053589,0.30402523279190063,0.01729108951985836,0.9997854828834534,0.49271464347839355,0.35811784863471985,0.15383104979991913,0.9996237754821777,0.5352241396903992,0.19384147226810455,0.05294147878885269,0.9802811145782471,0.47178322076797485,0.4691964387893677,0.035428937524557114,0.6679733991622925,0.5014539957046509,0.12042572349309921,0.1135254055261612,0.8218900561332703,0.47053736448287964,0.4135315418243408,-0.17902086675167084,0.8279537558555603,0.5668573975563049,0.5497114062309265,-0.05360482260584831,0.9999213814735413,0.5407336354255676,0.5815566778182983,0.053416214883327484,0.9999222159385681,0.49329423904418945,0.6131094694137573,-0.21916429698467255,0.9420509934425354,0.5110695362091064,0.7593050599098206,-0.04732261225581169,0.7817717790603638,0.5200077295303345,0.8141250610351562,-0.23636643588542938,0.757197380065918,0.5584067702293396,0.949808657169342,-0.09356165677309036,0.8518134355545044,0.5018936991691589,0.8535983562469482,-0.3166007399559021,0.7701864242553711,0.526991605758667,1.0056805610656738,-0.1690090447664261,0.8321954011917114
231,7.7,0.5062298774719238,0.23578128218650818,0.0367853119969368,0.9989815354347229,0.5378810167312622,0.31458038091659546,0.03788159042596817,0.9997976422309875,0.4923976957798004,0.3719298839569092,0.1512441337108612,0.9996146559715271,0.536109209060669,0.19228583574295044,0.07046522200107574,0.9746696949005127,0.47269314527511597,0.4771730601787567,0.04278656095266342,0.6215832829475403,0.503308892250061,0.10985411703586578,0.09420992434024811,0.8332149982452393,0.47757020592689514,0.4222908020019531,-0.16291064023971558,0.7763011455535889,0.5650900602340698,0.552697479724884,-0.051902927458286285,0.9999208450317383,0.5403854846954346,0.5873444080352783,0.051667071878910065,0.9999145865440369,0.49352914094924927,0.6286969780921936,-0.2244175374507904,0.9430339336395264,0.5156445503234863,0.7638760805130005,-0.023012155666947365,0.7335832715034485,0.5146885514259338,0.8210989236831665,-0.34000349044799805,0.775436282157898,0.5638604164123535,0.9536536335945129,-0.0405450277030468,0.8190484046936035,0.4812687039375305,0.834394097328186,-0.4665163457393646,0.7896694540977478,0.5276561975479126,1.003190279006958,-0.1235114112496376,0.8115571141242981
232,7.733333333333333,0.5053256750106812,0.2392280101776123,0.021900374442338943,0.9990299344062805,0.5378743410110474,0.31705060601234436,0.02923995815217495,0.9998084902763367,0.49164122343063354,0.373884916305542,0.14078006148338318,0.9996182918548584,0.5365830063819885,0.1914040893316269,0.06179727241396904,0.9696087837219238,0.47321248054504395,0.47901102900505066,0.03164587914943695,0.5874965786933899,0.5045201778411865,0.10729613900184631,0.0842200294137001,0.8441715240478516,0.4795638620853424,0.4292062520980835,-0.1826367974281311,0.742885410785675,0.5644027590751648,0.5542859435081482,-0.05016174167394638,0.9999167919158936,0.5400571823120117,0.5895624756813049,0.04989933222532272,0.99990314245224,0.4938276410102844,0.6340551376342773,-0.23349134624004364,0.94144606590271,0.515179455280304,0.7641063928604126,-0.023964563384652138,0.6879881620407104,0.5137050151824951,0.8242998719215393,-0.3569181561470032,0.7867637276649475,0.5631032586097717,0.9509201645851135,-0.05172207951545715,0.7831699848175049,0.4786262512207031,0.8272977471351624,-0.48406705260276794,0.8049060702323914,0.5271681547164917,1.0025265216827393,-0.12590110301971436,0.789108395576477
233,7.766666666666667,0.5045880675315857,0.25938495993614197,0.032069865614175797,0.999123752117157,0.5369622111320496,0.33220595121383667,0.0268788430839777,0.9998255372047424,0.4920618534088135,0.38105008006095886,0.16376015543937683,0.9996500015258789,0.5393285155296326,0.19636671245098114,0.03601851314306259,0.9719939231872559,0.4789617657661438,0.4781363904476166,0.08917979896068573,0.5910910367965698,0.5111974477767944,0.10078024119138718,0.034330859780311584,0.859285295009613,0.4834834933280945,0.47682106494903564,-0.11068493127822876,0.7496479749679565,0.5631442070007324,0.5639945268630981,-0.05636313557624817,0.9999194741249084,0.539975643157959,0.5985885858535767,0.05603473633527756,0.9999036192893982,0.49431943893432617,0.6473240852355957,-0.25138768553733826,0.94703209400177,0.5148447155952454,0.7760076522827148,-0.0023444662801921368,0.699988603591919,0.5021258592605591,0.8276278972625732,-0.4017488360404968,0.8075615763664246,0.5646757483482361,0.9557162523269653,-0.0005231102695688605,0.787379264831543,0.4539816379547119,0.8190696835517883,-0.5366567373275757,0.8241586685180664,0.5310288667678833,1.008344054222107,-0.0719277411699295,0.8003586530685425
234,7.8,0.5039795637130737,0.2616346478462219,0.03328675404191017,0.9992011785507202,0.5366223454475403,0.3380332589149475,0.032228752970695496,0.9998377561569214,0.4921420216560364,0.38474294543266296,0.1622755378484726,0.9996665120124817,0.5405969619750977,0.19960199296474457,0.02885737456381321,0.9735756516456604,0.4790492653846741,0.4800175130367279,0.083928681910038,0.5819026231765747,0.513588547706604,0.09938247501850128,0.014071254059672356,0.8724117875099182,0.48379749059677124,0.4806421399116516,-0.10625123977661133,0.7355795502662659,0.5626462697982788,0.5658462643623352,-0.056437600404024124,0.9999048709869385,0.539387583732605,0.6015000939369202,0.056100137531757355,0.9998750686645508,0.49441391229629517,0.6519469022750854,-0.272895485162735,0.9511533975601196,0.5141860842704773,0.778626024723053,-0.0033374105114489794,0.687003493309021,0.5014837980270386,0.8283317685127258,-0.4519878923892975,0.8238232731819153,0.565108060836792,0.9584870338439941,-0.019108472391963005,0.7633611559867859,0.4553019106388092,0.8135249018669128,-0.5961419939994812,0.8403418660163879,0.5325645208358765,1.0098155736923218,-0.09571421891450882,0.7888941168785095
235,7.833333333333333,0.5043142437934875,0.2632436454296112,0.030953500419855118,0.9992803335189819,0.5365840792655945,0.34324127435684204,0.020843742415308952,0.9998518228530884,0.4911755919456482,0.38292190432548523,0.17230120301246643,0.9996959567070007,0.5436918139457703,0.20995822548866272,0.002977541880682111,0.9761977195739746,0.47985967993736267,0.48085784912109375,0.18954399228096008,0.6103842258453369,0.5173121690750122,0.09960078448057175,-0.05189670994877815,0.8851301074028015,0.48364466428756714,0.526225745677948,0.11986140161752701,0.756770133972168,0.5612455606460571,0.5788823962211609,-0.061134856194257736,0.9999067783355713,0.5353030562400818,0.606830358505249,0.06077829748392105,0.9998767971992493,0.49761447310447693,0.6773828268051147,-0.3043765723705292,0.9560322761535645,0.5138852596282959,0.7858972549438477,0.004734785761684179,0.7169867157936096,0.4901869297027588,0.8360354900360107,-0.5800871849060059,0.8413987159729004,0.5639274716377258,0.9569893479347229,0.001077784807421267,0.7848697900772095,0.4401512145996094,0.8135136961936951,-0.7258139848709106,0.8562989234924316,0.532305121421814,1.0118709802627563,-0.06441493332386017,0.8088449835777283
236,7.866666666666666,0.504172682762146,0.2673856317996979,0.029694978147745132,0.9993513226509094,0.5365406274795532,0.3461255729198456,0.04156994819641113,0.9998612403869629,0.49028339982032776,0.38525593280792236,0.1591251790523529,0.999719500541687,0.5444868803024292,0.2133941501379013,0.00862512830644846,0.9780899882316589,0.47900715470314026,0.4887794852256775,0.12511718273162842,0.6327707767486572,0.5183418989181519,0.09871222078800201,-0.03885751962661743,0.89621901512146,0.48311203718185425,0.5316344499588013,0.0015777178341522813,0.7741782069206238,0.5595694780349731,0.5811010003089905,-0.050091229379177094,0.9998924732208252,0.5316475629806519,0.608916163444519,0.0496346615254879,0.9998593330383301,0.5005658268928528,0.6873554587364197,-0.2884964346885681,0.9601155519485474,0.5135585069656372,0.7789226174354553,-0.08398167043924332,0.7403167486190796,0.48968037962913513,0.8351483941078186,-0.5092534422874451,0.855755627155304,0.5641423463821411,0.9566775560379028,-0.21952763199806213,0.7918572425842285,0.4400205612182617,0.812414824962616,-0.6453872919082642,0.8701672554016113,0.533237099647522,1.010591745376587,-0.2984906733036041,0.8206124901771545
237,7.9,0.5043333172798157,0.26704326272010803,0.027140865102410316,0.9994141459465027,0.5365334749221802,0.34590646624565125,0.05565308406949043,0.9998656511306763,0.4883228838443756,0.3872491121292114,0.13918809592723846,0.9997397065162659,0.5451798439025879,0.21527592837810516,0.022524025291204453,0.9793028235435486,0.47838687896728516,0.49194806814193726,0.09493604302406311,0.6552911400794983,0.5190872550010681,0.09881087392568588,-0.032913945615291595,0.9059113264083862,0.4818562865257263,0.5338473320007324,-0.04111005738377571,0.7920879125595093,0.5589856505393982,0.5807796716690063,-0.042010076344013214,0.9998724460601807,0.5287191867828369,0.6065292954444885,0.04152851551771164,0.9998381733894348,0.5030843615531921,0.6861972808837891,-0.26663002371788025,0.9633966088294983,0.5111768841743469,0.7764504551887512,-0.08052808046340942,0.7571272850036621,0.4887629449367523,0.8368598818778992,-0.5182081460952759,0.8665534257888794,0.5638941526412964,0.9571104049682617,-0.17287547886371613,0.7904213070869446,0.439228355884552,0.8094040751457214,-0.6590579748153687,0.8820663094520569,0.5338431000709534,1.0097002983093262,-0.24887816607952118,0.8250110149383545
238,7.933333333333334,0.5044862031936646,0.26609423756599426,0.025540843605995178,0.9994707703590393,0.5365557670593262,0.34526264667510986,0.054876893758773804,0.9998684525489807,0.48765844106674194,0.3881961703300476,0.13422973453998566,0.9997571706771851,0.5454321503639221,0.216238871216774,0.030875202268362045,0.9801100492477417,0.4780976176261902,0.49227213859558105,0.0925397127866745,0.6743579506874084,0.5194233655929565,0.09891702979803085,-0.02146819792687893,0.9144465327262878,0.4814877510070801,0.5331522822380066,-0.03507304564118385,0.8066638708114624,0.5583325028419495,0.5801597833633423,-0.039003875106573105,0.9998422861099243,0.5271703600883484,0.6053527593612671,0.03851868212223053,0.9998055100440979,0.5058762431144714,0.6955868005752563,-0.2658393979072571,0.9658421277999878,0.5091228485107422,0.7752776145935059,-0.09116276353597641,0.7679104804992676,0.4887937009334564,0.8362120985984802,-0.49647587537765503,0.8731272220611572,0.5638155341148376,0.9584147334098816,-0.2092280089855194,0.7753348350524902,0.4417455792427063,0.8090860843658447,-0.6307336091995239,0.8914920687675476,0.5254759192466736,1.0057952404022217,-0.2849954664707184,0.8207114934921265
239,7.966666666666667,0.5062412619590759,0.268605500459671,0.009848292917013168,0.9995231628417969,0.5365866422653198,0.3490498960018158,0.051253724843263626,0.9998756647109985,0.48787379264831543,0.38756248354911804,0.14144715666770935,0.9997789263725281,0.5471617579460144,0.22516511380672455,0.026553397998213768,0.9819126129150391,0.4774949550628662,0.4920351207256317,0.16729502379894257,0.7009090781211853,0.5222870111465454,0.10118912905454636,-0.04781992360949516,0.9225987792015076,0.47097048163414,0.5637670755386353,0.10999294370412827,0.8240929245948792,0.5563031435012817,0.58896803855896,-0.0411546565592289,0.9998449683189392,0.5243219137191772,0.6062790751457214,0.04081704467535019,0.9998109936714172,0.5067766904830933,0.7080996632575989,-0.32284319400787354,0.9691541194915771,0.4990524649620056,0.7911263108253479,-0.014071492478251457,0.7872902750968933,0.4791529178619385,0.8443797826766968,-0.6609249711036682,0.884443461894989,0.5633338093757629,0.957915723323822,0.0015586796216666698,0.7858725786209106,0.43561774492263794,0.8076522946357727,-0.8025354146957397,0.9021677374839783,0.5269194841384888,1.005561351776123,-0.042792610824108124,0.830098569393158
240,8.0,0.507338285446167,0.2679439187049866,0.004156895913183689,0.999569833278656,0.5367265939712524,0.34978151321411133,0.0527687594294548,0.9998790621757507,0.4874996244907379,0.3877178132534027,0.14265352487564087,0.9997957944869995,0.5481516122817993,0.22849267721176147,0.02932562865316868,0.9835967421531677,0.4771091938018799,0.49219170212745667,0.18069550395011902,0.7239055037498474,0.5230954885482788,0.10262581706047058,-0.03573038429021835,0.9300141930580139,0.46694403886795044,0.5701262950897217,0.14304760098457336,0.8390329480171204,0.5553985834121704,0.5923365354537964,-0.04253826662898064,0.9998302459716797,0.522095799446106,0.6072947382926941,0.04211985319852829,0.999794602394104,0.5094567537307739,0.7096890211105347,-0.34221500158309937,0.9721477031707764,0.4981577396392822,0.79156494140625,-0.010605783201754093,0.8052269816398621,0.47771725058555603,0.846361517906189,-0.7001858949661255,0.8943564295768738,0.564142107963562,0.9595842957496643,0.008651536889374256,0.7961947321891785,0.43571048974990845,0.8045608401298523,-0.8401427268981934,0.9117578864097595,0.5285230875015259,1.007891297340393,-0.033465635031461716,0.8379631042480469
241,8.033333333333333,0.5093812942504883,0.26745250821113586,-0.0075530968606472015,0.9996103644371033,0.5369542241096497,0.3484508991241455,0.025846296921372414,0.9998829960823059,0.4905732274055481,0.38696327805519104,0.11352459341287613,0.9998127818107605,0.5484269857406616,0.24324466288089752,-0.04183042049407959,0.9844785928726196,0.4768041670322418,0.5056509375572205,0.1505163013935089,0.7410299181938171,0.5249181985855103,0.1275545358657837,-0.14885303378105164,0.9362045526504517,0.4575805068016052,0.6045482158660889,0.11074169725179672,0.8514983654022217,0.5498857498168945,0.5984233617782593,-0.04081130027770996,0.9998359084129333,0.5175786018371582,0.6093159317970276,0.04034200683236122,0.9998014569282532,0.508902907371521,0.7257813215255737,-0.31145477294921875,0.9744316339492798,0.49871009588241577,0.7847908139228821,-0.06405393779277802,0.8116300106048584,0.4766048789024353,0.8560703992843628,-0.5625975131988525,0.9013147950172424,0.5611242651939392,0.9521961808204651,-0.15160733461380005,0.7664008736610413,0.4395948350429535,0.8103223443031311,-0.6895626187324524,0.9194419980049133,0.5245357155799866,0.9827428460121155,-0.20715224742889404,0.827651858329773
242,8.066666666666666,0.5094273686408997,0.2714284658432007,-0.030830562114715576,0.9996442794799805,0.5369752645492554,0.35012534260749817,-0.007512687239795923,0.9998840689659119,0.49154725670814514,0.3869517743587494,0.10303976386785507,0.9998257160186768,0.5485414266586304,0.2490083873271942,-0.0799710601568222,0.9859336614608765,0.4766237139701843,0.5082295536994934,0.14246492087841034,0.7615728974342346,0.5259397029876709,0.1350153535604477,-0.18625381588935852,0.9423685669898987,0.4554895758628845,0.6069227457046509,0.10794663429260254,0.864578366279602,0.5478265285491943,0.6029923558235168,-0.04148545861244202,0.9998428225517273,0.5152403116226196,0.6110961437225342,0.04094523936510086,0.9998095631599426,0.5086301565170288,0.7254948019981384,-0.32719168066978455,0.976950466632843,0.49847641587257385,0.7884884476661682,-0.010393986478447914,0.8287816643714905,0.473460853099823,0.8569737672805786,-0.5873610377311707,0.9107123613357544,0.5606920123100281,0.952161431312561,0.0004050032584927976,0.7846090197563171,0.44151726365089417,0.8135713338851929,-0.7099896669387817,0.9274084568023682,0.5269495248794556,0.9891138076782227,-0.04493848979473114,0.8410751819610596
243,8.1,0.5094073414802551,0.27291902899742126,-0.031124556437134743,0.999675989151001,0.5376979112625122,0.3532487750053406,-0.013006146065890789,0.9998852014541626,0.491631418466568,0.3880020081996918,0.10599257051944733,0.9998380541801453,0.5485242605209351,0.2504473030567169,-0.07485044747591019,0.987269401550293,0.47642889618873596,0.5108436942100525,0.14559906721115112,0.7810603380203247,0.5263385772705078,0.1354018747806549,-0.1671387404203415,0.947981595993042,0.45510849356651306,0.6059809327125549,0.10989081859588623,0.8768107891082764,0.5479134917259216,0.604172945022583,-0.04484069347381592,0.999850332736969,0.5143710374832153,0.6112402081489563,0.04426995664834976,0.9998184442520142,0.5082269906997681,0.722091019153595,-0.332613080739975,0.9792346954345703,0.4958954453468323,0.7897320985794067,0.01041253563016653,0.844699501991272,0.476055771112442,0.857548177242279,-0.5880376100540161,0.9194045066833496,0.5605827569961548,0.9518526792526245,0.04095486178994179,0.8027114272117615,0.4418594241142273,0.8199599385261536,-0.7187026739120483,0.9346190690994263,0.5292304754257202,0.9951704144477844,-0.007375297602266073,0.8543838262557983
244,8.133333333333333,0.5260692834854126,0.2628367245197296,-0.18737396597862244,0.9988322257995605,0.5358951091766357,0.37563666701316833,-0.18259607255458832,0.9988328814506531,0.5004841089248657,0.361087828874588,0.007177283056080341,0.9997920393943787,0.522013247013092,0.43701624870300293,-0.21097798645496368,0.9666146039962769,0.4780804514884949,0.5162790417671204,0.04045991972088814,0.7739443182945251,0.5180052518844604,0.3626146614551544,-0.22794215381145477,0.8990461230278015,0.43717527389526367,0.6250349879264832,-0.045180097222328186,0.875607430934906,0.5314851403236389,0.629241406917572,-0.05591481924057007,0.9997926354408264,0.5017918348312378,0.6157509088516235,0.05565635487437248,0.9998047947883606,0.49514102935791016,0.8533638715744019,-0.08811860531568527,0.9734739065170288,0.46012353897094727,0.8030023574829102,0.005229644477367401,0.8366185426712036,0.5157988667488098,0.9453608989715576,0.0926482155919075,0.8985385894775391,0.5224233865737915,0.9359777569770813,0.15996485948562622,0.7687675356864929,0.5118049383163452,1.0476099252700806,0.053186070173978806,0.8987489938735962,0.5169042348861694,1.0041097402572632,0.12497304379940033,0.8067407608032227
245,8.166666666666666,0.529600977897644,0.2619651257991791,-0.12170696258544922,0.997494101524353,0.5359159708023071,0.37314122915267944,-0.15022671222686768,0.9974643588066101,0.502597987651825,0.3603358268737793,0.06611555814743042,0.9997076392173767,0.5141435861587524,0.402372270822525,-0.16796748340129852,0.9577992558479309,0.4783565402030945,0.5191215872764587,0.07854783535003662,0.7595236897468567,0.5175608396530151,0.31327757239341736,-0.15486940741539001,0.8740460276603699,0.4324718415737152,0.6316403746604919,-0.019414488226175308,0.8705796003341675,0.5261421799659729,0.629036009311676,-0.06896159797906876,0.9997580647468567,0.49573689699172974,0.6167427897453308,0.06879471987485886,0.9997990727424622,0.4949045181274414,0.8562806844711304,-0.10170958191156387,0.9648661613464355,0.45834922790527344,0.8081293702125549,-0.034760016947984695,0.8277096152305603,0.5118635892868042,0.949072003364563,0.048852480947971344,0.8801215887069702,0.529535174369812,0.936560332775116,0.06549427658319473,0.7377235889434814,0.4956255853176117,1.030491828918457,-0.004302175249904394,0.8695422410964966,0.543746829032898,1.0126540660858154,0.012270941399037838,0.7671447992324829
246,8.2,0.5373719334602356,0.2623196840286255,-0.10580972582101822,0.9968502521514893,0.5370590090751648,0.3687625527381897,-0.12640440464019775,0.9969490170478821,0.5040984153747559,0.3537940979003906,0.08086980879306793,0.9996823072433472,0.5053622126579285,0.42180562019348145,-0.15975485742092133,0.9483184814453125,0.47889405488967896,0.5185070633888245,0.09210498631000519,0.7554222941398621,0.49564704298973083,0.36407309770584106,-0.16383104026317596,0.8575782179832458,0.42665353417396545,0.6187163591384888,-0.010270451195538044,0.8761075735092163,0.520553708076477,0.6250542998313904,-0.06471211463212967,0.9997575879096985,0.4871353209018707,0.6175196170806885,0.06447054445743561,0.9998049139976501,0.4943428039550781,0.8066526651382446,-0.23939776420593262,0.9667864441871643,0.4536563456058502,0.8129397630691528,-0.05245310813188553,0.8319128751754761,0.5081864595413208,0.9461571574211121,-0.18714377284049988,0.8847315907478333,0.517597496509552,0.9332829713821411,0.03476947173476219,0.722476065158844,0.482391357421875,1.0128321647644043,-0.2747955322265625,0.8713751435279846,0.5235112309455872,0.9995335340499878,-0.004773867316544056,0.7437543869018555
247,8.233333333333333,0.5380982160568237,0.26365840435028076,-0.09014667570590973,0.9966775178909302,0.5393637418746948,0.36754629015922546,-0.10864269733428955,0.9965963959693909,0.5046260952949524,0.3520866930484772,0.10877077281475067,0.9996680021286011,0.5046144127845764,0.41287264227867126,-0.19396086037158966,0.9387915134429932,0.4787178039550781,0.5182240605354309,0.13523590564727783,0.7467671036720276,0.4983314871788025,0.3380025327205658,-0.24390825629234314,0.8475318551063538,0.4233546257019043,0.6165949702262878,0.03882183879613876,0.8825529217720032,0.517310619354248,0.6248289942741394,-0.06464901566505432,0.9997493028640747,0.48203244805336,0.6192611455917358,0.06442337483167648,0.9998083710670471,0.49406424164772034,0.7912830114364624,-0.2134295403957367,0.9620863199234009,0.45398926734924316,0.8167653679847717,-0.05320413038134575,0.8300313353538513,0.5042092800140381,0.9509550333023071,-0.10745742172002792,0.8628984689712524,0.5195900201797485,0.9335777163505554,0.02733973227441311,0.6897285580635071,0.4763343334197998,1.0279910564422607,-0.17888207733631134,0.8462948203086853,0.533301591873169,1.0084834098815918,-0.02471212111413479,0.7069228291511536
248,8.266666666666667,0.537811279296875,0.2637065351009369,-0.06894174963235855,0.9967027306556702,0.5442973971366882,0.3669622540473938,-0.09104597568511963,0.9964888095855713,0.5056856870651245,0.3502465486526489,0.10693367570638657,0.999670147895813,0.5065084099769592,0.3947564363479614,-0.11751550436019897,0.9322062134742737,0.47929590940475464,0.5167579054832458,0.12887153029441833,0.758721649646759,0.4877142906188965,0.3392486274242401,-0.06771521270275116,0.8346626162528992,0.42545390129089355,0.6132773756980896,0.03742554038763046,0.8907673358917236,0.5167105197906494,0.6215798854827881,-0.05019010975956917,0.9997649192810059,0.4798111021518707,0.6189819574356079,0.04995123669505119,0.9998220205307007,0.49347877502441406,0.7866061925888062,-0.21772709488868713,0.9645293951034546,0.4515244960784912,0.8155059814453125,-0.057767510414123535,0.8440247178077698,0.5029221177101135,0.9461246132850647,-0.13541454076766968,0.8682783842086792,0.5199719071388245,0.9334686398506165,0.025202374905347824,0.7047466039657593,0.4739779531955719,1.0261054039001465,-0.2098921835422516,0.8494354486465454,0.5300711393356323,1.005874514579773,-0.03253709897398949,0.7134562730789185
249,8.3,0.5380210876464844,0.2670731246471405,-0.1121143326163292,0.996701717376709,0.5452514886856079,0.36630019545555115,-0.11296777427196503,0.9965338706970215,0.509662926197052,0.3529997169971466,0.10629381984472275,0.9996652603149414,0.5114548802375793,0.4173462390899658,-0.20450106263160706,0.9320462942123413,0.48129233717918396,0.5158438086509705,0.1251285821199417,0.7472102642059326,0.49432381987571716,0.34335842728614807,-0.25719037652015686,0.8375550508499146,0.4233640730381012,0.6154187917709351,0.027221661061048508,0.8957752585411072,0.5134397149085999,0.6203044652938843,-0.057547084987163544,0.9997812509536743,0.4801560044288635,0.6182956099510193,0.05737585946917534,0.9998351335525513,0.4933345317840576,0.7707778811454773,-0.2730877697467804,0.9673978090286255,0.45175856351852417,0.8136706948280334,-0.053167618811130524,0.8547383546829224,0.5025470852851868,0.9342309832572937,-0.17478926479816437,0.8776179552078247,0.5164591073989868,0.928685188293457,0.07413797080516815,0.7094997763633728,0.4772512912750244,0.9936922788619995,-0.2596956789493561,0.8580006957054138,0.528437077999115,1.006266474723816,0.015214244835078716,0.7109100222587585
250,8.333333333333334,0.5360831022262573,0.26705268025398254,-0.09455300867557526,0.9966775178909302,0.5449587106704712,0.3657151460647583,-0.11496822535991669,0.996658444404602,0.513623833656311,0.3544962704181671,0.11594388633966446,0.9996654391288757,0.5115240812301636,0.4219115674495697,-0.19992288947105408,0.9319197535514832,0.48371800780296326,0.5151793360710144,0.1441963165998459,0.7283293008804321,0.4972851276397705,0.34718185663223267,-0.2454691380262375,0.8428934812545776,0.4238603711128235,0.6171215772628784,0.04975051432847977,0.8982951641082764,0.5134856700897217,0.619305431842804,-0.06107249855995178,0.9997981190681458,0.4815005362033844,0.6196747422218323,0.060933541506528854,0.9998483061790466,0.49362143874168396,0.758238673210144,-0.2709382474422455,0.9699000716209412,0.4517877995967865,0.8147117495536804,-0.057523615658283234,0.8628278970718384,0.5007700324058533,0.9355145692825317,-0.18997138738632202,0.88618403673172,0.5183480978012085,0.9289088845252991,0.06536763906478882,0.6986831426620483,0.47277218103408813,1.0128898620605469,-0.26981478929519653,0.8659400939941406,0.53171306848526,1.0079689025878906,0.016905222088098526,0.6946960091590881
251,8.366666666666667,0.5463776588439941,0.2693937420845032,-0.12336321920156479,0.9967973232269287,0.5451924204826355,0.3723066449165344,-0.12970075011253357,0.9968408942222595,0.5207362174987793,0.3555789589881897,0.11324159055948257,0.9996665716171265,0.5107190608978271,0.4537637531757355,-0.1989254355430603,0.9126055240631104,0.4856370985507965,0.5004487633705139,0.14538823068141937,0.6780561208724976,0.4926754832267761,0.4569336771965027,-0.2538437247276306,0.806002676486969,0.43043407797813416,0.5772533416748047,0.04500224068760872,0.8904507160186768,0.5061128735542297,0.6162804961204529,-0.07093709707260132,0.9997959136962891,0.477059543132782,0.61366206407547,0.07082480192184448,0.9998483657836914,0.49346381425857544,0.7654048204421997,-0.1803775280714035,0.9644525051116943,0.45512300729751587,0.8161985874176025,-0.01839926466345787,0.8315167427062988,0.49989867210388184,0.9615610837936401,-0.1783054769039154,0.8894881010055542,0.5074859261512756,0.9297605156898499,0.06145285815000534,0.659214973449707,0.47657331824302673,0.9960871338844299,-0.27831006050109863,0.8686973452568054,0.500617504119873,0.9933046698570251,0.00789555348455906,0.6619512438774109
252,8.4,0.5484961271286011,0.2696531414985657,-0.10736417770385742,0.9968084692955017,0.5449511408805847,0.3727784752845764,-0.11217492818832397,0.9970056414604187,0.5235282182693481,0.355762779712677,0.12732112407684326,0.9996641278266907,0.5117958784103394,0.4650144875049591,-0.19727008044719696,0.8780197501182556,0.48622211813926697,0.49696117639541626,0.16802829504013062,0.6316558718681335,0.491032212972641,0.4861651659011841,-0.23876047134399414,0.757685124874115,0.4330849051475525,0.572107195854187,0.0641370564699173,0.8825634717941284,0.5040158033370972,0.615021824836731,-0.07042546570301056,0.9998030662536621,0.47460418939590454,0.6112388968467712,0.07029636204242706,0.9998543858528137,0.49349966645240784,0.7714707255363464,-0.16565333306789398,0.958254337310791,0.4547502100467682,0.8160328269004822,-0.017021125182509422,0.8049119114875793,0.49842268228530884,0.9585908055305481,-0.13131608068943024,0.8889991044998169,0.5025991797447205,0.9156030416488647,0.0904100090265274,0.6178369522094727,0.47624897956848145,0.9924384951591492,-0.2173149138689041,0.864718496799469,0.5013282895088196,0.9868382811546326,0.052502673119306564,0.6225728392601013
253,8.433333333333334,0.5567257404327393,0.2864973843097687,-0.1675773561000824,0.9970701336860657,0.5524492263793945,0.38779690861701965,-0.17185072600841522,0.9972923994064331,0.5233058333396912,0.3571924865245819,0.10351836681365967,0.999610960483551,0.5300351977348328,0.49849000573158264,-0.2535361647605896,0.8896793127059937,0.4877029359340668,0.460861474275589,0.13452377915382385,0.5945131182670593,0.49060431122779846,0.5489591956138611,-0.3578319847583771,0.7813103795051575,0.4406747817993164,0.4960554838180542,-0.00645814836025238,0.8828412294387817,0.5021080374717712,0.6164904236793518,-0.07814902812242508,0.9997860789299011,0.46887388825416565,0.6111659407615662,0.07806141674518585,0.9997999668121338,0.49203386902809143,0.7899173498153687,-0.10244566202163696,0.9419132471084595,0.45085015892982483,0.8182600140571594,0.004663554485887289,0.7576884627342224,0.4942286014556885,0.9662386775016785,-0.036529023200273514,0.8762994408607483,0.4946826994419098,0.9215711951255798,0.10330325365066528,0.5748109817504883,0.47772207856178284,1.0067722797393799,-0.12323591858148575,0.8489497303962708,0.49490246176719666,0.9889037013053894,0.05530654639005661,0.584796130657196
254,8.466666666666667,0.5603309869766235,0.29147040843963623,-0.15150956809520721,0.9972986578941345,0.5549314618110657,0.39145058393478394,-0.13759122788906097,0.9975503087043762,0.5219197273254395,0.3498130440711975,0.09423068165779114,0.9995908737182617,0.5336422324180603,0.5025704503059387,-0.203882098197937,0.8997882008552551,0.48708969354629517,0.44874832034111023,0.09066799283027649,0.5775951147079468,0.49050313234329224,0.5546545386314392,-0.3015812039375305,0.8023707866668701,0.44222384691238403,0.4877278506755829,-0.06643560528755188,0.8894230723381042,0.5016471147537231,0.6172692179679871,-0.07461203634738922,0.999772846698761,0.46450597047805786,0.6111946702003479,0.07446567714214325,0.999758780002594,0.4912121891975403,0.7914237976074219,-0.09642857313156128,0.9226192831993103,0.44981369376182556,0.818489670753479,0.006706823594868183,0.705918550491333,0.4941067695617676,0.9679350852966309,-0.03388995677232742,0.856990396976471,0.49283045530319214,0.9281480312347412,0.11717616021633148,0.5312198400497437,0.46319276094436646,1.045427680015564,-0.12121237814426422,0.8278449773788452,0.49055272340774536,0.990082859992981,0.0731373056769371,0.5451309084892273
255,8.5,0.5659840106964111,0.30279332399368286,-0.13300199806690216,0.9972599744796753,0.5584437847137451,0.4170664846897125,-0.044160012155771255,0.997785747051239,0.5173789858818054,0.35108762979507446,0.062299974262714386,0.9991914629936218,0.5339250564575195,0.5494204759597778,-0.042253464460372925,0.9082661867141724,0.48688220977783203,0.4623428285121918,-0.0051706586964428425,0.5290775895118713,0.4822608530521393,0.6127230525016785,-0.11236409097909927,0.820227861404419,0.4577324390411377,0.49162957072257996,-0.17931297421455383,0.8127456903457642,0.4990585744380951,0.6275046467781067,-0.017141452059149742,0.9997876286506653,0.450551837682724,0.6123945116996765,0.01706220582127571,0.9997382164001465,0.4905281662940979,0.7863213419914246,-0.13086138665676117,0.9271448254585266,0.4475059509277344,0.8246614933013916,-0.08752967417240143,0.7147769331932068,0.49332746863365173,0.9623198509216309,-0.03685549646615982,0.8577873706817627,0.4804759919643402,0.9254909157752991,0.13141457736492157,0.5088290572166443,0.4790770411491394,1.0247362852096558,-0.12548349797725677,0.8220049738883972,0.47361183166503906,0.9887591600418091,0.10494758933782578,0.5146716833114624
256,8.533333333333333,0.5666602849960327,0.30801352858543396,-0.12464810907840729,0.9974219799041748,0.5579758286476135,0.4193265736103058,-0.04453277215361595,0.9980005621910095,0.515696108341217,0.35144302248954773,0.06174507737159729,0.9988083839416504,0.5334470868110657,0.5527466535568237,-0.04099728912115097,0.9165130257606506,0.4848453998565674,0.45218169689178467,-0.02486817166209221,0.48699960112571716,0.4793775677680969,0.6132678389549255,-0.10103068500757217,0.8374016284942627,0.46031689643859863,0.41062113642692566,-0.22390738129615784,0.7653703093528748,0.4963274896144867,0.6291504502296448,-0.014920556917786598,0.9997935891151428,0.4479358196258545,0.6129634380340576,0.01483328640460968,0.99967360496521,0.4904855191707611,0.785351037979126,-0.09775393456220627,0.9272772669792175,0.4481286406517029,0.8274694085121155,-0.08623944222927094,0.7072888612747192,0.4916009306907654,0.9610495567321777,-0.018040498718619347,0.8486340641975403,0.47936806082725525,0.9259133338928223,0.1289135068655014,0.4747774004936218,0.4818611145019531,1.017675518989563,-0.10226968675851822,0.8050358295440674,0.48003679513931274,0.9713638424873352,0.1116543561220169,0.4786686897277832
257,8.566666666666666,0.5702435970306396,0.3247697055339813,-0.11309349536895752,0.9976114630699158,0.5594172477722168,0.45285919308662415,0.007296705152839422,0.9981884956359863,0.5148330926895142,0.3512488305568695,-0.005949246231466532,0.998782753944397,0.5337303876876831,0.5849009156227112,0.005874911788851023,0.9235271215438843,0.4768616259098053,0.3417440950870514,-0.1719847023487091,0.5231471657752991,0.47839412093162537,0.6585058569908142,-0.07156454771757126,0.852529764175415,0.4788754880428314,0.332695871591568,-0.37711915373802185,0.7684018611907959,0.4952276647090912,0.6339693069458008,0.01780223473906517,0.9997936487197876,0.4456191062927246,0.6129105687141418,-0.01792103610932827,0.9996540546417236,0.4906705319881439,0.7835928797721863,-0.034629035741090775,0.926257312297821,0.4426160752773285,0.8264271020889282,-0.1075744479894638,0.7187013626098633,0.489763081073761,0.9618892073631287,0.05745672062039375,0.8453601002693176,0.46300172805786133,0.9375561475753784,0.07798540592193604,0.4726940095424652,0.4818190038204193,1.0148581266403198,-0.029298270121216774,0.7957939505577087,0.47174620628356934,0.9758756160736084,0.031005224213004112,0.46584340929985046
258,8.6,0.5724791288375854,0.32925379276275635,-0.11657415330410004,0.9977445602416992,0.5602062940597534,0.45508483052253723,-0.008646785281598568,0.9983598589897156,0.5146015882492065,0.3509707450866699,-0.02349124476313591,0.9987385272979736,0.5349042415618896,0.5861468315124512,-0.013783122412860394,0.9300367832183838,0.47451266646385193,0.32477274537086487,-0.18431688845157623,0.554310142993927,0.47709330916404724,0.6622453331947327,-0.0950453132390976,0.8660131096839905,0.48690375685691833,0.32737672328948975,-0.37852105498313904,0.7585975527763367,0.49477919936180115,0.6336739659309387,0.015580597333610058,0.9997934103012085,0.44420918822288513,0.6102621555328369,-0.015700727701187134,0.9996405243873596,0.4907838702201843,0.7859882116317749,-0.010748016647994518,0.9200019240379333,0.4388963282108307,0.8111701011657715,-0.0807601734995842,0.7238709330558777,0.48992103338241577,0.9607848525047302,0.08637020736932755,0.8370041847229004,0.4596948027610779,0.9393607974052429,0.07632332295179367,0.47686129808425903,0.48225611448287964,1.0123857259750366,-0.004104667343199253,0.7835188508033752,0.4721498489379883,0.9783221483230591,0.013960030861198902,0.4604448080062866
259,8.633333333333333,0.5762243866920471,0.3393389880657196,-0.10689784586429596,0.9979246258735657,0.5608905553817749,0.4652906060218811,0.01761416718363762,0.9985066056251526,0.5153310894966125,0.3509913384914398,-0.003309084102511406,0.9986761808395386,0.5371394753456116,0.5962432026863098,0.016836557537317276,0.9343955516815186,0.4900900721549988,0.29764270782470703,-0.11438973993062973,0.5900251269340515,0.4756878912448883,0.6746324896812439,-0.06497855484485626,0.8765844702720642,0.4892239570617676,0.22748444974422455,-0.24639098346233368,0.7697478532791138,0.49367794394493103,0.6394906640052795,0.017960678786039352,0.999788224697113,0.4433572292327881,0.6147331595420837,-0.01807725429534912,0.999635636806488,0.49064284563064575,0.8026396632194519,0.024052882567048073,0.9086706638336182,0.4359104633331299,0.8244186639785767,-0.07215379178524017,0.7328312397003174,0.4887843728065491,0.9734247922897339,0.1227942556142807,0.8242323994636536,0.45445841550827026,0.9539108276367188,0.08334875851869583,0.47893375158309937,0.47797131538391113,1.0477886199951172,0.033922042697668076,0.7676870226860046,0.4688476622104645,0.9854797124862671,0.022111281752586365,0.4531095325946808
260,8.666666666666666,0.5782639384269714,0.34229061007499695,-0.10747164487838745,0.9980641007423401,0.5610719323158264,0.4683971703052521,0.007401716895401478,0.9986405372619629,0.5170744061470032,0.3502303659915924,-0.010265873745083809,0.9985610842704773,0.537314772605896,0.6002184748649597,0.01449032686650753,0.9371500015258789,0.49400776624679565,0.29311931133270264,-0.08140158653259277,0.6179394721984863,0.4748857617378235,0.6760132312774658,-0.059931833297014236,0.8852840065956116,0.48916110396385193,0.2186170369386673,-0.17985574901103973,0.7697561979293823,0.4922037124633789,0.6429533362388611,0.017709042876958847,0.9997768402099609,0.4424631595611572,0.6181938648223877,-0.017842242494225502,0.9996170401573181,0.4907018542289734,0.8048189878463745,0.023436017334461212,0.8888152241706848,0.43498581647872925,0.8299462795257568,-0.06503652036190033,0.7296883463859558,0.48858195543289185,0.9727122783660889,0.12049515545368195,0.8041051030158997,0.452531635761261,0.954820990562439,0.10416414588689804,0.46712782979011536,0.4750204086303711,1.0491195917129517,0.039075594395399094,0.74570631980896,0.4663332402706146,0.9894312620162964,0.05089510604739189,0.43574005365371704
261,8.7,0.5770155191421509,0.34236136078834534,-0.11504314839839935,0.9982253909111023,0.5610784292221069,0.47444236278533936,-0.0015209836419671774,0.998765766620636,0.5177353620529175,0.34964072704315186,-0.015607580542564392,0.9985347390174866,0.5368373990058899,0.6027745604515076,-0.004339381121098995,0.9411799907684326,0.4951506555080414,0.2924043536186218,-0.12963558733463287,0.6468177437782288,0.47461193799972534,0.6784672141075134,-0.0826031044125557,0.8948524594306946,0.48785680532455444,0.22101029753684998,-0.258822500705719,0.7781734466552734,0.4926227927207947,0.6417374610900879,0.016896488144993782,0.9997767806053162,0.44311365485191345,0.6185956001281738,-0.017030935734510422,0.999616801738739,0.4907658100128174,0.8045670390129089,0.01421731524169445,0.8848675489425659,0.4348145127296448,0.8261116743087769,-0.06970642507076263,0.7423872351646423,0.48869752883911133,0.97144615650177,0.10135501623153687,0.8050758838653564,0.4512975215911865,0.9525884985923767,0.08493946492671967,0.48373541235923767,0.47520965337753296,1.0493160486221313,0.011385874822735786,0.7466687560081482,0.4643324315547943,0.9905449151992798,0.021342754364013672,0.4449314773082733
262,8.733333333333333,0.5772873163223267,0.34285828471183777,-0.1303456425666809,0.9983704686164856,0.5611036419868469,0.4748576581478119,-0.015199747867882252,0.9988802671432495,0.5182457566261292,0.34926095604896545,-0.014991967007517815,0.9984572529792786,0.5370520353317261,0.603145182132721,-0.012099504470825195,0.9450518488883972,0.49555128812789917,0.2917022407054901,-0.07932873070240021,0.6679924130439758,0.47458553314208984,0.6797892451286316,-0.08076438307762146,0.9035240411758423,0.4877162575721741,0.2209310084581375,-0.12577667832374573,0.7778129577636719,0.4932205080986023,0.6415349841117859,0.012908036820590496,0.9997754096984863,0.44360455870628357,0.619294285774231,-0.013045874424278736,0.9996098875999451,0.49078553915023804,0.8045070171356201,0.008395444601774216,0.8808445334434509,0.4342893958091736,0.8254725933074951,-0.06708791851997375,0.750856339931488,0.48865756392478943,0.970088541507721,0.09275555610656738,0.8056067824363708,0.4500022828578949,0.9516379237174988,0.09580731391906738,0.4895741641521454,0.47350889444351196,1.0488016605377197,0.007877062074840069,0.7463783621788025,0.4643203616142273,0.9910029172897339,0.042192183434963226,0.4442910850048065
263,8.766666666666667,0.5777948498725891,0.3669205605983734,-0.12631747126579285,0.9985063076019287,0.5609570145606995,0.4817805886268616,0.008525664918124676,0.9989798665046692,0.5181761980056763,0.34944820404052734,-0.008901377208530903,0.9985095262527466,0.5325882434844971,0.6032146215438843,0.02930477261543274,0.94527268409729,0.5038280487060547,0.24924062192440033,-0.07182217389345169,0.6959372162818909,0.47469362616539,0.6883499622344971,-0.04343533515930176,0.9099597334861755,0.498835027217865,0.14478546380996704,-0.14412595331668854,0.7956060171127319,0.49199143052101135,0.6411904096603394,0.020394597202539444,0.9997545480728149,0.4436821937561035,0.6186586022377014,-0.02055620215833187,0.9995867013931274,0.4875292181968689,0.8134422898292542,0.034311410039663315,0.8799364566802979,0.43587571382522583,0.8212870359420776,-0.052547674626111984,0.7601249814033508,0.48789137601852417,0.9708571434020996,0.14859002828598022,0.8033531308174133,0.43361896276474,0.9427932500839233,0.10836891829967499,0.5009071230888367,0.47315993905067444,1.0443192720413208,0.059576909989118576,0.7493702173233032,0.45561686158180237,0.9897013306617737,0.041872091591358185,0.4552108347415924
264,8.8,0.5787280201911926,0.374326229095459,-0.12885671854019165,0.9986186027526855,0.5607999563217163,0.4832582175731659,0.007502357475459576,0.9990700483322144,0.5181115865707397,0.3495897352695465,-0.012509693391621113,0.9985193610191345,0.5297569036483765,0.604057252407074,0.029423218220472336,0.945862889289856,0.5056453943252563,0.24866047501564026,-0.07979973405599594,0.7205828428268433,0.47451677918434143,0.6877447366714478,-0.04237306863069534,0.9156872630119324,0.5019239187240601,0.13980980217456818,-0.1570783406496048,0.8111360669136047,0.49179545044898987,0.6401029825210571,0.021374855190515518,0.9997206926345825,0.44413119554519653,0.6185357570648193,-0.021542761474847794,0.999534547328949,0.4863266944885254,0.8182283043861389,0.034078843891620636,0.8824092745780945,0.43680739402770996,0.8212332725524902,-0.048511944711208344,0.7680578231811523,0.48679375648498535,0.9734443426132202,0.14439883828163147,0.8078401684761047,0.43087053298950195,0.9378327131271362,0.13795407116413116,0.507109522819519,0.47301849722862244,1.0476362705230713,0.05072902515530586,0.7574700117111206,0.4507456421852112,0.9876046776771545,0.07392604649066925,0.4600427746772766
265,8.833333333333334,0.5772212743759155,0.40162089467048645,-0.13277263939380646,0.9987451434135437,0.5571138262748718,0.4961945414543152,0.014527360908687115,0.999152660369873,0.5192878842353821,0.35074493288993835,-0.014135445468127728,0.9986031651496887,0.5150312185287476,0.6067417860031128,0.030986523255705833,0.9424188137054443,0.5137613415718079,0.22621369361877441,-0.08952894806861877,0.7468963265419006,0.4746156632900238,0.6948723196983337,-0.04701178893446922,0.9184219837188721,0.5123884677886963,0.08604104816913605,-0.18220046162605286,0.8274567127227783,0.4888432025909424,0.6231337785720825,0.0327087827026844,0.9996653199195862,0.4418168067932129,0.5998038053512573,-0.032876092940568924,0.9994819760322571,0.48407936096191406,0.8173332810401917,0.02926943264901638,0.8822285532951355,0.43632006645202637,0.8143577575683594,-0.06211007758975029,0.7840161919593811,0.48612985014915466,0.9723802208900452,0.13315993547439575,0.8079709410667419,0.41871675848960876,0.9297471642494202,0.13298605382442474,0.5282357335090637,0.4753202795982361,1.0500355958938599,0.043713949620723724,0.7617862820625305,0.44168633222579956,0.9876779913902283,0.04639851301908493,0.4802124500274658
266,8.866666666666667,0.577846109867096,0.4042862355709076,-0.14248833060264587,0.9988558292388916,0.555812656879425,0.5000108480453491,0.003388248383998871,0.9992326498031616,0.5195623636245728,0.3508394658565521,-0.037870608270168304,0.9987022280693054,0.5112785696983337,0.6090129613876343,0.023775413632392883,0.9392179250717163,0.5162344574928284,0.2178071290254593,-0.10532049089670181,0.7689835429191589,0.4750664234161377,0.6976079344749451,-0.04950940981507301,0.9222321510314941,0.512840986251831,0.08320144563913345,-0.18623296916484833,0.8410781621932983,0.48853644728660583,0.6146083474159241,0.0333976186811924,0.9996566772460938,0.4404149651527405,0.5913898944854736,-0.033588897436857224,0.9994799494743347,0.4834822714328766,0.8154547810554504,0.02301446534693241,0.875324547290802,0.43673476576805115,0.8092904090881348,-0.0709531158208847,0.793179988861084,0.4851830005645752,0.9722931981086731,0.11305701732635498,0.7967636585235596,0.4161762595176697,0.9285151958465576,0.07757468521595001,0.5401856303215027,0.4753147065639496,1.0479000806808472,0.023067861795425415,0.7577854990959167,0.4403254985809326,0.9894697666168213,-0.0004021251224912703,0.4932589530944824
267,8.9,0.5772634744644165,0.4226738512516022,-0.13752970099449158,0.9989441633224487,0.5531858801841736,0.5008573532104492,0.019520733505487442,0.999299168586731,0.5203896760940552,0.3526172339916229,-0.036325063556432724,0.9987924695014954,0.5049779415130615,0.6073122620582581,0.05118833854794502,0.9231194257736206,0.5185937285423279,0.24426189064979553,-0.10552322864532471,0.788446307182312,0.47536754608154297,0.7056837677955627,-0.016791343688964844,0.9145482182502747,0.526346743106842,0.12741036713123322,-0.186854749917984,0.8526018261909485,0.48202401399612427,0.6103698015213013,0.03857073560357094,0.9996351599693298,0.43663841485977173,0.5845937728881836,-0.03869063779711723,0.9994770288467407,0.47917717695236206,0.8146697282791138,0.0285445898771286,0.8586225509643555,0.4369630813598633,0.7884930372238159,-0.0858052521944046,0.8022364377975464,0.48426300287246704,0.9653908610343933,0.11469383537769318,0.7726902961730957,0.4081663191318512,0.9283565878868103,0.023385822772979736,0.5544592142105103,0.4762214720249176,1.0113539695739746,0.03180766850709915,0.7433508634567261,0.4330875873565674,0.991262674331665,-0.056909751147031784,0.5082800388336182
268,8.933333333333334,0.5769047141075134,0.4246542751789093,-0.15524879097938538,0.9990359544754028,0.5518103837966919,0.5037772059440613,0.011137580499053001,0.9993568062782288,0.5205775499343872,0.35528215765953064,-0.050205789506435394,0.9988698959350586,0.5026553869247437,0.6063658595085144,0.030814751982688904,0.9073915481567383,0.5189195871353149,0.2519500255584717,-0.10962812602519989,0.8047223091125488,0.4759240746498108,0.7066836357116699,-0.03668173402547836,0.9060897827148438,0.5283056497573853,0.1334349662065506,-0.1852293312549591,0.8625524044036865,0.48154544830322266,0.6093209385871887,0.036587901413440704,0.9995899796485901,0.4359489381313324,0.5839340090751648,-0.036709245294332504,0.9994508028030396,0.47948211431503296,0.8139185309410095,0.01918691024184227,0.8391183018684387,0.43705588579177856,0.7830216884613037,-0.08548035472631454,0.8038760423660278,0.4828522801399231,0.9664621949195862,0.08607146143913269,0.7483249306678772,0.40652933716773987,0.9288972616195679,0.008517894893884659,0.5596121549606323,0.4736027717590332,1.0328682661056519,0.0009015320101752877,0.7266705632209778,0.4312763810157776,0.9928697943687439,-0.07152789831161499,0.5138928890228271
269,8.966666666666667,0.5706413388252258,0.4312123954296112,-0.191828653216362,0.9991083145141602,0.5503674745559692,0.49883490800857544,0.009801634587347507,0.9994041919708252,0.5192378163337708,0.3567536175251007,-0.08523018658161163,0.9987989068031311,0.5024151802062988,0.6060413122177124,0.03866922855377197,0.8982521295547485,0.5264306664466858,0.2532407343387604,-0.04706476628780365,0.7801293730735779,0.475818932056427,0.7015074491500854,-0.008983640931546688,0.8957957625389099,0.5515240430831909,0.329956591129303,0.08146436512470245,0.7799670100212097,0.47795677185058594,0.6017452478408813,0.0397123321890831,0.9995790719985962,0.43295779824256897,0.5725618600845337,-0.03980547934770584,0.9994215965270996,0.4765954911708832,0.7967858910560608,0.0063982876017689705,0.8261946439743042,0.4370748996734619,0.7626029849052429,-0.10341048240661621,0.809654176235199,0.478851854801178,0.9672024846076965,0.0368349626660347,0.7282245755195618,0.4014686644077301,0.9264928102493286,-0.03162189573049545,0.5667845010757446,0.46633824706077576,1.0420522689819336,-0.054770320653915405,0.7089412212371826,0.4234026372432709,0.9929805397987366,-0.11413902044296265,0.5146118998527527
270,9.0,0.5690001845359802,0.4316657483577728,-0.18853281438350677,0.9991891980171204,0.5484694838523865,0.4969395101070404,-1.5370636674560956e-06,0.9994547367095947,0.5188434720039368,0.3585105538368225,-0.08239321410655975,0.9988137483596802,0.5012838840484619,0.6050900816917419,0.032192789018154144,0.8904714584350586,0.5253298282623291,0.2631153464317322,-0.03606072813272476,0.7532520890235901,0.47569718956947327,0.6967427730560303,-0.016731122508645058,0.8860117197036743,0.5446112155914307,0.33159002661705017,0.07792295515537262,0.7058500051498413,0.4776172637939453,0.5972094535827637,0.03811502456665039,0.9995922446250916,0.43228045105934143,0.5707083940505981,-0.0382024310529232,0.9994334578514099,0.4770664572715759,0.7887521386146545,-0.001573412329889834,0.8242853283882141,0.43687400221824646,0.7585279941558838,-0.09750016033649445,0.8209074139595032,0.4793742597103119,0.968760073184967,0.033025261014699936,0.7263421416282654,0.40043148398399353,0.9266128540039062,-0.03397482633590698,0.5931586027145386,0.4671398103237152,1.0418908596038818,-0.05800449103116989,0.7114046812057495,0.42227402329444885,0.9935882687568665,-0.12004707753658295,0.5394018292427063
271,9.033333333333333,0.5612149238586426,0.435629665851593,-0.28099867701530457,0.9992453455924988,0.5501388311386108,0.48271191120147705,-0.11685562133789062,0.9995054006576538,0.5124414563179016,0.3708473742008209,-0.1844577193260193,0.9987608790397644,0.5037322640419006,0.5879243016242981,-0.051141511648893356,0.8963103890419006,0.49731358885765076,0.47135841846466064,-0.1106499657034874,0.7098612785339355,0.47989708185195923,0.6911307573318481,-0.08512680232524872,0.8911336064338684,0.530489981174469,0.4893549978733063,-0.0014080374967306852,0.641325056552887,0.47503018379211426,0.583094596862793,0.03581102192401886,0.9996079802513123,0.42999276518821716,0.5550764799118042,-0.03589837998151779,0.999411940574646,0.47040876746177673,0.7766901850700378,-0.0011724805226549506,0.8267318606376648,0.433450311422348,0.7462183833122253,-0.06776352226734161,0.8295310735702515,0.47350549697875977,0.966880202293396,0.020008061081171036,0.7364289164543152,0.3984898626804352,0.9228506088256836,-0.008799008093774319,0.618821918964386,0.46159058809280396,1.0392239093780518,-0.07098568975925446,0.7265869975090027,0.42010658979415894,0.9933214783668518,-0.08643220365047455,0.5669263601303101
272,9.066666666666666,0.5584046244621277,0.43432819843292236,-0.2571686804294586,0.9993115663528442,0.5502793192863464,0.4806070625782013,-0.09969417750835419,0.9995535612106323,0.5121639966964722,0.3742433786392212,-0.16232004761695862,0.9988287687301636,0.5048477649688721,0.5842607617378235,-0.047717008739709854,0.8998189568519592,0.49785318970680237,0.48194485902786255,-0.11730388551950455,0.6645529270172119,0.48039382696151733,0.6896544098854065,-0.09614937752485275,0.8948248028755188,0.5275170803070068,0.48312169313430786,-0.035238128155469894,0.5843003392219543,0.4742264747619629,0.5769058465957642,0.03551032394170761,0.9996443390846252,0.42981886863708496,0.5482279062271118,-0.03559838980436325,0.9994622468948364,0.4700344204902649,0.7672061324119568,0.0033297904301434755,0.8258693218231201,0.4330563545227051,0.7454233765602112,-0.06968434154987335,0.8390945196151733,0.47425761818885803,0.9577562808990479,0.023030471056699753,0.7458673715591431,0.3975296914577484,0.923225462436676,-0.025538718327879906,0.6477271318435669,0.46248191595077515,1.0216546058654785,-0.06597200781106949,0.7424588799476624,0.42015138268470764,0.9936760663986206,-0.10428104549646378,0.5995222926139832
273,9.1,0.5567049980163574,0.43378832936286926,-0.24217955768108368,0.999372661113739,0.5503692030906677,0.4807324707508087,-0.08858568221330643,0.9995961785316467,0.5124583840370178,0.3744499981403351,-0.15511950850486755,0.9988905787467957,0.5051475763320923,0.5833498239517212,-0.04286383464932442,0.9034121036529541,0.4950076937675476,0.4791542887687683,-0.10793088376522064,0.6372528076171875,0.4810701906681061,0.6883469223976135,-0.09115885943174362,0.8985766172409058,0.527357816696167,0.4875800609588623,-0.018975520506501198,0.5396649241447449,0.4734433591365814,0.5765044689178467,0.035495370626449585,0.9996671080589294,0.42941147089004517,0.5460138320922852,-0.035572413355112076,0.9994824528694153,0.46992117166519165,0.7669575214385986,0.0003153184079565108,0.8253340721130371,0.4331374168395996,0.7448315024375916,-0.07009075582027435,0.8489391803741455,0.4744661748409271,0.9585626125335693,-0.002994582522660494,0.7500919699668884,0.3968265652656555,0.9215274453163147,-0.03991517797112465,0.6728664636611938,0.46295875310897827,1.020842432975769,-0.08589579910039902,0.7541684508323669,0.41886672377586365,0.9936911463737488,-0.11195089668035507,0.6279847025871277
274,9.133333333333333,0.5556445121765137,0.43336737155914307,-0.23071277141571045,0.9994328618049622,0.5504097938537598,0.4820939302444458,-0.0750279575586319,0.9996355175971985,0.5124143362045288,0.37330082058906555,-0.1380896419286728,0.9989794492721558,0.5051283240318298,0.5819933414459229,-0.03513335436582565,0.9088733196258545,0.4884730875492096,0.44977471232414246,-0.13368183374404907,0.6424895524978638,0.48157668113708496,0.6872574090957642,-0.09177877753973007,0.9052541255950928,0.5242258310317993,0.47334036231040955,-0.11364637315273285,0.5193918943405151,0.4737296998500824,0.5763183236122131,0.034836649894714355,0.9996917247772217,0.4290817379951477,0.5452731847763062,-0.03491619974374771,0.9995155930519104,0.4701022207736969,0.7641908526420593,0.007899687625467777,0.8291820883750916,0.43325191736221313,0.7385193705558777,-0.06688645482063293,0.860639214515686,0.473446786403656,0.9582957029342651,0.01337076909840107,0.7556654214859009,0.39613330364227295,0.9149722456932068,-0.02726115845143795,0.697682797908783,0.46331077814102173,1.0172796249389648,-0.06796460598707199,0.7651207447052002,0.4160085618495941,0.9918948411941528,-0.0946570560336113,0.6559271216392517
275,9.166666666666666,0.5557660460472107,0.4349975287914276,-0.24953779578208923,0.99948650598526,0.5505105257034302,0.4821217358112335,-0.09587579220533371,0.9996710419654846,0.5124238729476929,0.3731604814529419,-0.15851177275180817,0.9990542531013489,0.5053596496582031,0.5815123915672302,-0.04947897419333458,0.9137276411056519,0.4902423024177551,0.45468708872795105,-0.12440427392721176,0.6340564489364624,0.4818073809146881,0.6860677003860474,-0.09636402130126953,0.9107236862182617,0.5241736769676208,0.4781341552734375,-0.06682603061199188,0.48697760701179504,0.4744931757450104,0.5754082202911377,0.034564144909381866,0.9997158050537109,0.4295613169670105,0.5450388789176941,-0.034661706537008286,0.9995484352111816,0.4690821170806885,0.7635750770568848,0.007135109510272741,0.8317161202430725,0.43272313475608826,0.7377058863639832,-0.0652075707912445,0.8711434006690979,0.471892774105072,0.9580191969871521,0.011997725814580917,0.7630113363265991,0.3960734009742737,0.9150997400283813,-0.02470398135483265,0.721569299697876,0.4636536240577698,1.0012413263320923,-0.06950608640909195,0.77735435962677,0.4168263375759125,0.9914026260375977,-0.0927770584821701,0.6827796101570129
276,9.2,0.5562079548835754,0.4323466420173645,-0.2650362253189087,0.9995372891426086,0.5537596940994263,0.4625258445739746,-0.08006322383880615,0.9997012615203857,0.510318398475647,0.38928234577178955,-0.21167416870594025,0.9991480112075806,0.5140243768692017,0.5426790118217468,-0.05388588458299637,0.9074909090995789,0.496725469827652,0.5091334581375122,-0.23678246140480042,0.6701964139938354,0.49929943680763245,0.6352711915969849,-0.14184896647930145,0.8997043371200562,0.5126234292984009,0.621538519859314,-0.25326651334762573,0.5378909707069397,0.4706420302391052,0.5671014785766602,0.045538030564785004,0.99974125623703,0.4278786778450012,0.5372686386108398,-0.04561915993690491,0.9995917081832886,0.4666324555873871,0.7484263181686401,0.012738848105072975,0.8403770327568054,0.43198785185813904,0.7317756414413452,-0.08103003352880478,0.8833383321762085,0.467599093914032,0.9494603276252747,0.01834779605269432,0.7739025354385376,0.39525970816612244,0.9152439832687378,-0.07850043475627899,0.7477474212646484,0.4638992249965668,0.9852234721183777,-0.06903578341007233,0.792741596698761,0.4179062247276306,0.9900687336921692,-0.15143777430057526,0.7126858830451965
277,9.233333333333333,0.5563360452651978,0.4317060708999634,-0.34408801794052124,0.9995773434638977,0.5565774440765381,0.4389725625514984,-0.17096386849880219,0.9997120499610901,0.5034564733505249,0.4237828552722931,-0.26638931035995483,0.9992305040359497,0.5921862125396729,0.4483272135257721,-0.1245579719543457,0.8912590742111206,0.49564847350120544,0.5735171437263489,-0.28280961513519287,0.7028719186782837,0.5970317721366882,0.46682316064834595,-0.1502741426229477,0.8507423996925354,0.5005922317504883,0.7093511819839478,-0.3202734589576721,0.5833737850189209,0.47101855278015137,0.5531328916549683,0.03714272379875183,0.9997636675834656,0.4284750819206238,0.530558705329895,-0.037210095673799515,0.9996309876441956,0.46223321557044983,0.7438960671424866,-0.01576578989624977,0.8522234559059143,0.43060898780822754,0.7245365381240845,-0.06417547911405563,0.8946108818054199,0.46153727173805237,0.9510427713394165,-0.012176400981843472,0.7928798198699951,0.3952925503253937,0.9124272465705872,-0.06113041192293167,0.7724757194519043,0.45054927468299866,0.9842360019683838,-0.09949633479118347,0.8116506338119507,0.4175800383090973,0.9834745526313782,-0.14444321393966675,0.7408962845802307
278,9.266666666666667,0.5562849640846252,0.43156933784484863,-0.38664546608924866,0.9996173977851868,0.5578247308731079,0.4346263110637665,-0.19522979855537415,0.9997318983078003,0.5015925168991089,0.4325905740261078,-0.2984007000923157,0.9993058443069458,0.591209888458252,0.44443032145500183,-0.14121776819229126,0.8860169649124146,0.4951145648956299,0.5825461745262146,-0.31215110421180725,0.7324538826942444,0.5877046585083008,0.49618420004844666,-0.1663646697998047,0.8168951272964478,0.49918150901794434,0.7167328596115112,-0.3456064462661743,0.624672532081604,0.47244396805763245,0.5502588748931885,0.036498524248600006,0.9997837543487549,0.4287934899330139,0.5270577073097229,-0.03652878478169441,0.9996662735939026,0.46134036779403687,0.7450590133666992,-0.031202083453536034,0.864446759223938,0.429591566324234,0.7212859988212585,-0.08291465044021606,0.9049832820892334,0.4602220952510834,0.9549321532249451,-0.027754034847021103,0.8115456104278564,0.39539533853530884,0.9114106297492981,-0.09783133864402771,0.7950446009635925,0.44425374269485474,0.9819779396057129,-0.12089483439922333,0.8296069502830505,0.41749826073646545,0.978928804397583,-0.1912902295589447,0.7666344046592712
279,9.3,0.5561102032661438,0.43011611700057983,-0.3454926609992981,0.9996532797813416,0.558266818523407,0.4348771870136261,-0.1537657529115677,0.9997568130493164,0.49921363592147827,0.43081432580947876,-0.26015543937683105,0.9993720054626465,0.5280721187591553,0.4877477288246155,-0.10128015279769897,0.8854087591171265,0.48602408170700073,0.5768682956695557,-0.25796204805374146,0.7589152455329895,0.5382823944091797,0.509276270866394,-0.0769360214471817,0.8257842659950256,0.4895420968532562,0.7420744299888611,-0.26503700017929077,0.6616978645324707,0.47298240661621094,0.5419378280639648,0.03662606701254845,0.999797523021698,0.4282192289829254,0.5199362635612488,-0.03666381910443306,0.9996935725212097,0.46152758598327637,0.7366630434989929,-0.06555444002151489,0.8715217113494873,0.4273039400577545,0.7134010195732117,-0.08150177448987961,0.9136971235275269,0.45875629782676697,0.9513395428657532,-0.05337328463792801,0.819979727268219,0.3963645398616791,0.9079208374023438,-0.0720229372382164,0.8140794634819031,0.4469413161277771,0.9843803644180298,-0.1287313848733902,0.8415221571922302,0.41794246435165405,0.9788033962249756,-0.1485779583454132,0.7885543704032898
280,9.333333333333334,0.5563613176345825,0.42941293120384216,-0.3482477366924286,0.9996820092201233,0.5594571828842163,0.4315814971923828,-0.15569159388542175,0.9997789859771729,0.4993278384208679,0.43202582001686096,-0.2555094361305237,0.9994275569915771,0.5210667252540588,0.5019373893737793,-0.09090076386928558,0.8733140230178833,0.4843541979789734,0.5742034316062927,-0.25353261828422546,0.7819823026657104,0.5212048888206482,0.5369554162025452,-0.06671752035617828,0.8135288953781128,0.4873737692832947,0.7383051514625549,-0.25415050983428955,0.690619170665741,0.4730723798274994,0.5389207601547241,0.036445796489715576,0.9998130202293396,0.42840415239334106,0.5161729454994202,-0.03649061545729637,0.9997199177742004,0.4623478353023529,0.727398157119751,-0.1090712770819664,0.879439115524292,0.4269799292087555,0.7107040882110596,-0.08826226741075516,0.9217677712440491,0.45697253942489624,0.9465755820274353,-0.092963807284832,0.8293351531028748,0.39701709151268005,0.905176043510437,-0.08349020034074783,0.8317506313323975,0.4474736750125885,0.9818631410598755,-0.16372911632061005,0.8527654409408569,0.4184921681880951,0.9784857034683228,-0.15139245986938477,0.8087289929389954
281,9.366666666666667,0.5564907193183899,0.42927953600883484,-0.3747137486934662,0.9997127652168274,0.5593165159225464,0.42627063393592834,-0.16312749683856964,0.999799907207489,0.49356967210769653,0.44999581575393677,-0.2624489367008209,0.9994828104972839,0.5235230922698975,0.4898446798324585,-0.048643480986356735,0.8684349060058594,0.4790608882904053,0.590802788734436,-0.24892917275428772,0.8034855723381042,0.5208758115768433,0.564390242099762,-0.015049817971885204,0.8150142431259155,0.4842435419559479,0.7333040833473206,-0.24798449873924255,0.7209880352020264,0.4731294512748718,0.5375388860702515,0.03611176088452339,0.9998284578323364,0.4265355169773102,0.5184546113014221,-0.03616686910390854,0.9997453093528748,0.46120986342430115,0.7259702682495117,-0.10986784845590591,0.887496292591095,0.42667660117149353,0.7085244059562683,-0.0869082435965538,0.9292031526565552,0.4543660283088684,0.9436740279197693,-0.070633165538311,0.8397296071052551,0.39724069833755493,0.9063126444816589,-0.08256958425045013,0.8481407761573792,0.4483010768890381,0.9805026650428772,-0.14043357968330383,0.8647597432136536,0.4201168417930603,0.9782425165176392,-0.15584413707256317,0.8274598717689514
282,9.4,0.5566061735153198,0.4290918707847595,-0.3599826693534851,0.9997397661209106,0.5592631101608276,0.42427754402160645,-0.15848805010318756,0.9998186230659485,0.49189844727516174,0.4528442323207855,-0.25305888056755066,0.9995315074920654,0.5246294736862183,0.48611879348754883,-0.038689613342285156,0.8677374124526978,0.4781358242034912,0.5930605530738831,-0.23913487792015076,0.8227921724319458,0.5205820798873901,0.5682191848754883,-0.010771465487778187,0.8209705352783203,0.4841229319572449,0.7320968508720398,-0.23572614789009094,0.7481527924537659,0.4733249247074127,0.5378408432006836,0.03598742559552193,0.9998413324356079,0.42620983719825745,0.5186998248100281,-0.03605286404490471,0.999767005443573,0.4606078565120697,0.7252600193023682,-0.11177612841129303,0.8938154578208923,0.4264291226863861,0.7059065699577332,-0.08561468869447708,0.935759425163269,0.45271286368370056,0.9399975538253784,-0.06625813990831375,0.8452508449554443,0.3981999158859253,0.9016332626342773,-0.07512741535902023,0.8625468611717224,0.4479232430458069,0.9803045392036438,-0.1310453563928604,0.87349933385849,0.4200773239135742,0.9770738482475281,-0.14580339193344116,0.8439633250236511
283,9.433333333333334,0.5565178394317627,0.42870670557022095,-0.3660223186016083,0.9997624754905701,0.5545579195022583,0.41590818762779236,-0.18415740132331848,0.9998356699943542,0.4851296842098236,0.4609639048576355,-0.2583385407924652,0.9995751976966858,0.536915123462677,0.4632326662540436,-0.05016947537660599,0.8578827381134033,0.46828651428222656,0.5930902361869812,-0.23312166333198547,0.8398275375366211,0.5230313539505005,0.5208488702774048,-0.005613026209175587,0.8049281239509583,0.48445457220077515,0.7136138677597046,-0.22675052285194397,0.7719807624816895,0.47244659066200256,0.5317474603652954,0.034290142357349396,0.9998539090156555,0.42455196380615234,0.518713653087616,-0.03437123820185661,0.999787449836731,0.45543742179870605,0.7208842039108276,-0.09449619054794312,0.8980986475944519,0.42448005080223083,0.7021719813346863,-0.0824785828590393,0.9418018460273743,0.4476819932460785,0.9353340864181519,-0.06231709569692612,0.8556015491485596,0.3997701406478882,0.9028177261352539,-0.07731351256370544,0.8759947419166565,0.4479910433292389,0.9768197536468506,-0.12570062279701233,0.8843526840209961,0.4204729497432709,0.9770233035087585,-0.14253681898117065,0.8592926859855652
284,9.466666666666667,0.556290328502655,0.42851829528808594,-0.36783838272094727,0.9997840523719788,0.5531352758407593,0.415787935256958,-0.18381911516189575,0.9998510479927063,0.4833081364631653,0.4608827233314514,-0.25719723105430603,0.999614953994751,0.5398859977722168,0.4613398611545563,-0.051603805273771286,0.8523900508880615,0.4685891270637512,0.5917112827301025,-0.23067228496074677,0.8553445339202881,0.5236552953720093,0.5170765519142151,-0.005874431226402521,0.7994940876960754,0.4842480719089508,0.7103389501571655,-0.22313909232616425,0.7938578128814697,0.47213640809059143,0.5306945443153381,0.03372298926115036,0.9998649954795837,0.42396992444992065,0.518572211265564,-0.0338108129799366,0.9998056888580322,0.45461422204971313,0.7181910872459412,-0.09741177409887314,0.902655303478241,0.42424649000167847,0.7014746069908142,-0.08112169057130814,0.9472828507423401,0.44659295678138733,0.9318298101425171,-0.06804291903972626,0.8649432063102722,0.4009067118167877,0.9028262495994568,-0.08285519480705261,0.8881304264068604,0.44691333174705505,0.9761247634887695,-0.1305948793888092,0.894199550151825,0.4217659533023834,0.9770501852035522,-0.14771343767642975,0.8731261491775513
285,9.5,0.556043803691864,0.4283239543437958,-0.36886924505233765,0.9998036623001099,0.5511189699172974,0.41566556692123413,-0.181451216340065,0.9998646378517151,0.48340487480163574,0.46195754408836365,-0.25853431224823,0.9996505975723267,0.5388175845146179,0.45928114652633667,-0.05146189406514168,0.8461139798164368,0.46938806772232056,0.591492772102356,-0.2307775318622589,0.8693743944168091,0.5245410203933716,0.5164633393287659,0.0018056563567370176,0.7977027297019958,0.4841857850551605,0.7101843953132629,-0.22133474051952362,0.8137905597686768,0.47161465883255005,0.529937207698822,0.03371214121580124,0.9998747110366821,0.4232950806617737,0.518537163734436,-0.03379848599433899,0.9998220205307007,0.4543341100215912,0.7187848687171936,-0.09216595441102982,0.9070772528648376,0.4242013990879059,0.7034556269645691,-0.08010648936033249,0.9522619843482971,0.4461219310760498,0.9338483214378357,-0.06507039070129395,0.8744819760322571,0.4009605348110199,0.9033965468406677,-0.08558743447065353,0.8991144299507141,0.44713640213012695,0.9752428531646729,-0.129497691988945,0.9033780694007874,0.42264890670776367,0.9769667983055115,-0.15164926648139954,0.8856202363967896
286,9.533333333333333,0.5559523105621338,0.4277905225753784,-0.3640094995498657,0.9998207092285156,0.5501193404197693,0.4155964255332947,-0.1807750165462494,0.9998769760131836,0.4829879701137543,0.46349698305130005,-0.2593942880630493,0.9996822476387024,0.5381437540054321,0.45756182074546814,-0.05048017576336861,0.8365848660469055,0.46800199151039124,0.5922751426696777,-0.23120586574077606,0.8817986249923706,0.5250197052955627,0.5170669555664062,0.0052786534652113914,0.7966693639755249,0.48344746232032776,0.7097243666648865,-0.22055694460868835,0.8315421938896179,0.47127270698547363,0.5298802852630615,0.03379384055733681,0.9998835325241089,0.4228677749633789,0.5187390446662903,-0.03388659283518791,0.9998366236686707,0.45426541566848755,0.7213518023490906,-0.08276660740375519,0.9092225432395935,0.4238246977329254,0.7051593661308289,-0.07059408724308014,0.9566714763641357,0.4458983540534973,0.9352250099182129,-0.05039646103978157,0.8825644254684448,0.4011504054069519,0.9035615921020508,-0.07109314203262329,0.908968985080719,0.44635921716690063,0.9767318964004517,-0.11452879011631012,0.9112675786018372,0.42301926016807556,0.9771005511283875,-0.13485175371170044,0.8967998027801514
287,9.566666666666666,0.5517105460166931,0.4379827678203583,-0.3590591251850128,0.9998108744621277,0.5502405166625977,0.42053714394569397,-0.1898007094860077,0.9998873472213745,0.47529736161231995,0.4603584408760071,-0.25937792658805847,0.9996960163116455,0.5201533436775208,0.516753077507019,-0.09486905485391617,0.766586184501648,0.4421760141849518,0.552026629447937,-0.20276308059692383,0.8174715042114258,0.4868822693824768,0.6143759489059448,-0.10328131914138794,0.7214633822441101,0.4639803469181061,0.5928069949150085,-0.12896846234798431,0.7569045424461365,0.4714208245277405,0.5321758389472961,0.032746635377407074,0.999890148639679,0.42305272817611694,0.518549382686615,-0.03281226009130478,0.9998474717140198,0.4546292722225189,0.7231453657150269,-0.0564594566822052,0.8532910943031311,0.4232187271118164,0.7065073847770691,-0.06883407384157181,0.9465736746788025,0.4455709457397461,0.9399828314781189,-0.0629180446267128,0.8259359002113342,0.403353214263916,0.908838152885437,-0.08466775715351105,0.9005878567695618,0.44331178069114685,0.97776859998703,-0.1376207023859024,0.867543637752533,0.4199913442134857,0.9772439002990723,-0.15152759850025177,0.8876038789749146
288,9.6,0.5501772165298462,0.441425621509552,-0.35953575372695923,0.9997888803482056,0.5504957437515259,0.42219531536102295,-0.1892174780368805,0.9998893737792969,0.4753872752189636,0.46363818645477295,-0.2716907560825348,0.9997116327285767,0.5106099247932434,0.49970096349716187,-0.10162679851055145,0.6926668286323547,0.4518071115016937,0.5623976588249207,-0.22036151587963104,0.8022431135177612,0.478903591632843,0.5376285314559937,-0.10679535567760468,0.6496190428733826,0.4717240333557129,0.6260709762573242,-0.1626308709383011,0.693095326423645,0.47106438875198364,0.5331436395645142,0.03184778243303299,0.9998984336853027,0.4228227138519287,0.5190970301628113,-0.031877510249614716,0.9998612403869629,0.45446157455444336,0.7237178087234497,-0.04137256368994713,0.8095916509628296,0.42284005880355835,0.7073150277137756,-0.06911970674991608,0.9473354816436768,0.4455181062221527,0.9411646723747253,-0.05273982137441635,0.8070537447929382,0.40434756875038147,0.9105342626571655,-0.08186568319797516,0.9065739512443542,0.44392266869544983,0.9783873558044434,-0.1332792192697525,0.8560492396354675,0.42013072967529297,0.9776516556739807,-0.1527843177318573,0.8940165638923645
289,9.633333333333333,0.5464901924133301,0.4532519578933716,-0.4036412239074707,0.9998024702072144,0.5506786704063416,0.4243026375770569,-0.234051913022995,0.9998981356620789,0.47292089462280273,0.4498707354068756,-0.2896201014518738,0.9997347593307495,0.5109457969665527,0.4725668728351593,-0.08756668865680695,0.6239209175109863,0.40819114446640015,0.4362046420574188,-0.19877026975154877,0.734948992729187,0.46895870566368103,0.4969088137149811,0.0304873026907444,0.5847223997116089,0.39598825573921204,0.3971986174583435,-0.08142438530921936,0.6248236298561096,0.46725374460220337,0.5322219133377075,0.032563284039497375,0.9999063611030579,0.4228228032588959,0.5194889307022095,-0.03259982541203499,0.9998736381530762,0.4543852210044861,0.725517213344574,-0.02237497642636299,0.7542559504508972,0.4235925078392029,0.710191547870636,-0.09230422228574753,0.939551591873169,0.4448765218257904,0.9413066506385803,-0.05528607964515686,0.7681733965873718,0.40639472007751465,0.922179639339447,-0.14363522827625275,0.9055776596069336,0.4451363980770111,0.9812146425247192,-0.13617345690727234,0.8306648135185242,0.4243931770324707,0.9813940525054932,-0.21964135766029358,0.8933622241020203
290,9.666666666666666,0.5453699827194214,0.45586273074150085,-0.4079075753688812,0.9998156428337097,0.5507798790931702,0.42610472440719604,-0.24056920409202576,0.9999060034751892,0.4732925295829773,0.43948644399642944,-0.2920689582824707,0.9997562766075134,0.5120634436607361,0.46854373812675476,-0.08354826271533966,0.5620706081390381,0.40835100412368774,0.41467925906181335,-0.19342438876628876,0.6767944097518921,0.4687685966491699,0.49714699387550354,0.03865402191877365,0.5263141393661499,0.39459705352783203,0.37734219431877136,-0.07212147116661072,0.5636231899261475,0.46587520837783813,0.5319172143936157,0.032630085945129395,0.9999132752418518,0.4227481484413147,0.5197632908821106,-0.0326661542057991,0.9998847246170044,0.4542904794216156,0.7258440852165222,-0.023054789751768112,0.7064743638038635,0.42444857954978943,0.7122005224227905,-0.09907542169094086,0.933668315410614,0.4447782039642334,0.9408482909202576,-0.06452812254428864,0.7338554859161377,0.4086383283138275,0.9279190897941589,-0.15328308939933777,0.9048155546188354,0.4454061985015869,0.9822951555252075,-0.14427533745765686,0.8094533681869507,0.4261505603790283,0.9838061928749084,-0.22672493755817413,0.8936163187026978
291,9.7,0.5413610339164734,0.45919597148895264,-0.48593395948410034,0.9998295903205872,0.5496076345443726,0.4282454550266266,-0.2825719714164734,0.9999136328697205,0.45941346883773804,0.4459902346134186,-0.356741726398468,0.999778151512146,0.514016330242157,0.46764642000198364,-0.11632313579320908,0.5066231489181519,0.37542814016342163,0.4450473487377167,-0.3031405210494995,0.6534101963043213,0.4664996564388275,0.4955485463142395,0.003125349525362253,0.47383564710617065,0.324771910905838,0.43886223435401917,-0.24579492211341858,0.5120734572410583,0.46457797288894653,0.5319837927818298,0.036106593906879425,0.9999202489852905,0.4220840036869049,0.5238950848579407,-0.036224834620952606,0.9998952746391296,0.4544621407985687,0.7329390645027161,-0.034233175218105316,0.6712309122085571,0.4262668490409851,0.7155004739761353,-0.09364455938339233,0.9189440011978149,0.44376593828201294,0.9371615052223206,-0.041736945509910583,0.7151248455047607,0.4083934724330902,0.9311769008636475,-0.12416225671768188,0.903315007686615,0.4455292820930481,0.9818498492240906,-0.139333575963974,0.8013967275619507,0.42673540115356445,0.9861772060394287,-0.20717279613018036,0.893622875213623
292,9.733333333333333,0.5397840738296509,0.46079689264297485,-0.49488115310668945,0.9998379945755005,0.5494669675827026,0.42993974685668945,-0.2862505316734314,0.9999195337295532,0.4601460099220276,0.44614630937576294,-0.37492772936820984,0.9997979998588562,0.515241801738739,0.4670830965042114,-0.13952134549617767,0.45646265149116516,0.3789442777633667,0.4349243938922882,-0.3400423526763916,0.6383909583091736,0.46749553084373474,0.49878624081611633,-0.05282874032855034,0.4265366494655609,0.3168557286262512,0.43154534697532654,-0.3078210651874542,0.4686065912246704,0.4645320773124695,0.5326493978500366,0.03852028027176857,0.9999261498451233,0.4214678704738617,0.5249344110488892,-0.038680609315633774,0.9999047517776489,0.4545578956604004,0.7348819375038147,-0.03875087574124336,0.6373905539512634,0.42724475264549255,0.7167551517486572,-0.09190268814563751,0.8989664316177368,0.4436179995536804,0.9330912828445435,-0.04277042672038078,0.6954882144927979,0.40852871537208557,0.9319341778755188,-0.12319198995828629,0.8963673710823059,0.44714194536209106,0.9814932346343994,-0.14353933930397034,0.791619062423706,0.42902716994285583,0.9868232607841492,-0.22018270194530487,0.8890680074691772
293,9.766666666666667,0.5346180200576782,0.4624119997024536,-0.5229700803756714,0.9998452067375183,0.5454106330871582,0.4280966818332672,-0.302413672208786,0.999920666217804,0.45672592520713806,0.45522114634513855,-0.4017247259616852,0.9998136758804321,0.5235071778297424,0.4241423010826111,-0.17251011729240417,0.41133368015289307,0.3743305504322052,0.4311967194080353,-0.37887728214263916,0.6147794723510742,0.4944040775299072,0.4301566779613495,-0.1088973730802536,0.3839893639087677,0.31753748655319214,0.43846920132637024,-0.35757410526275635,0.4278762638568878,0.46365275979042053,0.5337458252906799,0.044208019971847534,0.9999278783798218,0.4207368493080139,0.5286016464233398,-0.04440584406256676,0.9999117851257324,0.4542558193206787,0.7426965236663818,-0.018192265182733536,0.583460807800293,0.42741313576698303,0.7233700156211853,-0.09345365315675735,0.8591560125350952,0.4427310526371002,0.9355135560035706,-0.025102589279413223,0.6454868912696838,0.4097530245780945,0.9487220048904419,-0.12658622860908508,0.8710942268371582,0.44876909255981445,0.981540322303772,-0.1284843385219574,0.7442842125892639,0.43171972036361694,0.9958785772323608,-0.22894445061683655,0.860359251499176
294,9.8,0.5329729914665222,0.4630265235900879,-0.4697989523410797,0.9998515844345093,0.5457549691200256,0.4286065101623535,-0.2864537239074707,0.9999186396598816,0.4516073167324066,0.4559828042984009,-0.3577078878879547,0.999819815158844,0.5890530347824097,0.4338555932044983,-0.2320806086063385,0.37957972288131714,0.3711441457271576,0.42675918340682983,-0.34585779905319214,0.5926072597503662,0.6318324208259583,0.4341026246547699,-0.23498931527137756,0.34814852476119995,0.3133701682090759,0.42579519748687744,-0.3418428599834442,0.3915523290634155,0.46360713243484497,0.5365142226219177,0.04314419627189636,0.9999279379844666,0.4197086691856384,0.5306225419044495,-0.04328624904155731,0.9999151229858398,0.45427900552749634,0.7459849119186401,-0.02734694443643093,0.5598624348640442,0.4278445839881897,0.7251914739608765,-0.09355829656124115,0.8382272720336914,0.4428662657737732,0.9387626051902771,-0.06253504008054733,0.618437647819519,0.4113925099372864,0.9530512690544128,-0.142215758562088,0.8577213287353516,0.45011281967163086,0.9816052913665771,-0.15268488228321075,0.722668468952179,0.4332400858402252,0.9971683025360107,-0.2345796823501587,0.8437116742134094
295,9.833333333333334,0.5317102074623108,0.4702737629413605,-0.48653000593185425,0.9998617768287659,0.5431181788444519,0.42300787568092346,-0.2968754768371582,0.9999168515205383,0.4518361985683441,0.4587451219558716,-0.36739620566368103,0.9998273253440857,0.5912036299705505,0.4323852062225342,-0.23681101202964783,0.3608095943927765,0.3761254549026489,0.4247852861881256,-0.3550749123096466,0.5988168120384216,0.6361747980117798,0.4366985261440277,-0.23184049129486084,0.3214832544326782,0.3206685185432434,0.4282326102256775,-0.3510809540748596,0.3707883954048157,0.46238088607788086,0.5373668670654297,0.04215467721223831,0.9999287724494934,0.41940268874168396,0.5367308855056763,-0.042303793132305145,0.9999194741249084,0.45434433221817017,0.7488026022911072,0.028733709827065468,0.5526469945907593,0.4301508963108063,0.7318390011787415,-0.07088250666856766,0.8436467051506042,0.4428638815879822,0.9380359053611755,0.03876795992255211,0.6097919940948486,0.4124017655849457,0.9605602622032166,-0.09421013295650482,0.8631130456924438,0.45151036977767944,0.9818589687347412,-0.0338701494038105,0.7148434519767761,0.438795804977417,1.0003587007522583,-0.17935539782047272,0.8455470204353333
296,9.866666666666667,0.5315786600112915,0.47237175703048706,-0.46352797746658325,0.9998674988746643,0.540812075138092,0.42009928822517395,-0.2763725817203522,0.9999157786369324,0.45514431595802307,0.46321308612823486,-0.3481737971305847,0.9998254776000977,0.5898376107215881,0.41437339782714844,-0.18183761835098267,0.3273105323314667,0.38769635558128357,0.4394030272960663,-0.2880331873893738,0.5658396482467651,0.5781809687614441,0.4344242811203003,-0.14840462803840637,0.2903807759284973,0.3574689030647278,0.4003041982650757,-0.21897172927856445,0.3390185534954071,0.46071624755859375,0.5362817645072937,0.04178047925233841,0.9999295473098755,0.41928377747535706,0.5392774939537048,-0.04192737117409706,0.9999234080314636,0.45436230301856995,0.7489948868751526,0.010126536712050438,0.5288463234901428,0.4313448965549469,0.7321116328239441,-0.07986621558666229,0.8463035821914673,0.4428440034389496,0.9373663067817688,0.004759394563734531,0.5914843678474426,0.41357555985450745,0.9564110636711121,-0.112521231174469,0.8663290739059448,0.4521335959434509,0.983748197555542,-0.07096517831087112,0.7006645202636719,0.4404679834842682,1.0008820295333862,-0.19488881528377533,0.8457075953483582
297,9.9,0.5316689610481262,0.47236764430999756,-0.43953341245651245,0.9998669028282166,0.5395188331604004,0.41940367221832275,-0.2720014154911041,0.9999126195907593,0.456564724445343,0.4650191366672516,-0.33098846673965454,0.999798595905304,0.5829349756240845,0.4189164936542511,-0.19009800255298615,0.29918959736824036,0.40212875604629517,0.4386430084705353,-0.26811471581459045,0.5265430808067322,0.627831757068634,0.4301074147224426,-0.20654527842998505,0.26582667231559753,0.40314722061157227,0.3954356014728546,-0.2029784619808197,0.30854180455207825,0.4576261043548584,0.5345634818077087,0.04149555787444115,0.9999256730079651,0.41898971796035767,0.5403236746788025,-0.04165130481123924,0.9999215006828308,0.45441070199012756,0.7482982873916626,0.00813758373260498,0.4878104329109192,0.43177714943885803,0.7318434715270996,-0.0805608332157135,0.8305380344390869,0.4430012106895447,0.9365220069885254,-0.005214910954236984,0.5529883503913879,0.41502270102500916,0.9537072777748108,-0.11244811117649078,0.8540574312210083,0.45233288407325745,0.98395174741745,-0.07903002947568893,0.6652003526687622,0.44057369232177734,1.000784158706665,-0.19105955958366394,0.8260238170623779
298,9.933333333333334,0.5312246084213257,0.47246843576431274,-0.43425607681274414,0.9998217821121216,0.5400052666664124,0.4201452434062958,-0.2697567343711853,0.9999015927314758,0.4572084844112396,0.468717485666275,-0.319687157869339,0.9996955990791321,0.5822685956954956,0.42322632670402527,-0.1793338507413864,0.2751965820789337,0.4093451499938965,0.44321930408477783,-0.2539893686771393,0.48346686363220215,0.6332701444625854,0.43073514103889465,-0.1791999787092209,0.24537552893161774,0.41709256172180176,0.41620072722435,-0.18297913670539856,0.2797858715057373,0.45838475227355957,0.5457549691200256,0.04120641574263573,0.9999099373817444,0.41867461800575256,0.5421320796012878,-0.04136034846305847,0.9999052286148071,0.4544389247894287,0.7486199140548706,0.0017231146339327097,0.44773975014686584,0.431831419467926,0.7331061363220215,-0.08597288280725479,0.8102704286575317,0.4430912137031555,0.936269998550415,-0.006232899148017168,0.5137768387794495,0.41500625014305115,0.954809308052063,-0.1242278590798378,0.8384272456169128,0.4528180956840515,0.9845583438873291,-0.08821012824773788,0.6247290968894958,0.44119614362716675,1.0022259950637817,-0.19728349149227142,0.8001134395599365
299,9.966666666666667,0.5317764282226562,0.47082245349884033,-0.38915619254112244,0.9997088313102722,0.5335599780082703,0.4167170226573944,-0.25906744599342346,0.9999005198478699,0.4568837285041809,0.49680808186531067,-0.3094044029712677,0.999579668045044,0.5782023668289185,0.4265846312046051,-0.18297144770622253,0.2544809579849243,0.4211547374725342,0.528110146522522,-0.2606399655342102,0.44258150458335876,0.642333984375,0.4198582172393799,-0.19643306732177734,0.22836388647556305,0.44659003615379333,0.5758075714111328,-0.22523272037506104,0.25230494141578674,0.45892125368118286,0.548175573348999,0.03894477337598801,0.9999120235443115,0.4185597896575928,0.5514495372772217,-0.0390838161110878,0.9999056458473206,0.4566221237182617,0.7548157572746277,0.009184176102280617,0.4118829369544983,0.4347613751888275,0.7507150173187256,-0.04850325360894203,0.7967590689659119,0.4427051544189453,0.9386064410209656,0.006796481553465128,0.47957783937454224,0.4146672785282135,0.958048403263092,-0.04988900572061539,0.8330968618392944,0.4528144896030426,0.9846304059028625,-0.06044609472155571,0.5864839553833008,0.44022053480148315,1.0003434419631958,-0.10471409559249878,0.7847437262535095
300,10.0,0.5312849283218384,0.4698149263858795,-0.37445133924484253,0.9994584321975708,0.5326144695281982,0.4171299934387207,-0.2509179711341858,0.9998961091041565,0.45611706376075745,0.5062044262886047,-0.3030018210411072,0.9995175004005432,0.5803626775741577,0.42912644147872925,-0.21677057445049286,0.235767662525177,0.424010694026947,0.5546422004699707,-0.26499778032302856,0.4043812155723572,0.6358320116996765,0.4241902232170105,-0.2821079194545746,0.21291446685791016,0.44507384300231934,0.6387155652046204,-0.24772056937217712,0.22778627276420593,0.4591626524925232,0.5531231164932251,0.035593874752521515,0.9999147653579712,0.41841068863868713,0.5562340617179871,-0.035742491483688354,0.9999082088470459,0.45911669731140137,0.7578251957893372,0.0131657300516963,0.37706252932548523,0.43541622161865234,0.7555347681045532,-0.042500514537096024,0.7718148827552795,0.44256386160850525,0.9384937882423401,0.01591310277581215,0.4470672011375427,0.41419124603271484,0.9584442973136902,-0.03527315333485603,0.81861811876297,0.45277148485183716,0.9844872355461121,-0.04705598205327988,0.5510692000389099,0.4398497939109802,0.9997878074645996,-0.08772983402013779,0.7618755102157593
301,10.033333333333333,0.5315872430801392,0.46954545378685,-0.30742162466049194,0.9978227615356445,0.5137262940406799,0.39554011821746826,-0.2146117240190506,0.9998384714126587,0.4632638096809387,0.5190654993057251,-0.262538343667984,0.9989274740219116,0.5201641321182251,0.36353132128715515,-0.13774292171001434,0.21335725486278534,0.47340673208236694,0.5829640030860901,-0.23224656283855438,0.3733042776584625,0.522113025188446,0.3684801757335663,-0.10338430106639862,0.19175955653190613,0.5112422108650208,0.5407164096832275,-0.148885577917099,0.20534367859363556,0.44961756467819214,0.553342878818512,0.03500084951519966,0.999900221824646,0.41490912437438965,0.5757960677146912,-0.035195715725421906,0.9998970627784729,0.46363726258277893,0.7582712769508362,0.010762499645352364,0.3407333791255951,0.4379233717918396,0.772033154964447,-0.06946751475334167,0.7287254333496094,0.442659467458725,0.9362251162528992,0.03975074738264084,0.40694501996040344,0.40882039070129395,0.962277889251709,-0.07225599139928818,0.7860584855079651,0.45293527841567993,0.9841462969779968,-0.01537824235856533,0.5007237195968628,0.43952569365501404,1.006337285041809,-0.11379022896289825,0.7129852771759033
302,10.066666666666666,0.5316564440727234,0.4678289592266083,-0.31835514307022095,0.9978256225585938,0.5060639381408691,0.39142486453056335,-0.19556614756584167,0.9998356699943542,0.46913212537765503,0.5139574408531189,-0.24502602219581604,0.9986833930015564,0.49130457639694214,0.3432844281196594,-0.10109295696020126,0.19415535032749176,0.4773264527320862,0.5868089199066162,-0.2206393927335739,0.340506374835968,0.4931763708591461,0.3560536205768585,-0.06491515785455704,0.173483744263649,0.5110951662063599,0.5164771676063538,-0.15518434345722198,0.1854829639196396,0.44959235191345215,0.5530642867088318,0.03528938442468643,0.9998939037322998,0.41424232721328735,0.5770124197006226,-0.035525016486644745,0.9998887181282043,0.4661082327365875,0.7581482529640198,0.009669328108429909,0.3081955015659332,0.44061678647994995,0.7738404870033264,-0.08640194684267044,0.690252423286438,0.44269877672195435,0.9362636804580688,0.03136802464723587,0.3712615370750427,0.4077739715576172,0.9615625739097595,-0.1023673266172409,0.7597459554672241,0.4544535279273987,0.9843453168869019,-0.025059008970856667,0.45683714747428894,0.4393852651119232,1.0050499439239502,-0.16192851960659027,0.6729977130889893
303,10.1,0.5310880541801453,0.4649137258529663,-0.3278590738773346,0.9980322122573853,0.5102606415748596,0.39394938945770264,-0.1993553340435028,0.9998463988304138,0.46824440360069275,0.5138626098632812,-0.25085145235061646,0.9987465739250183,0.49985194206237793,0.3429117500782013,-0.10981061309576035,0.18952636420726776,0.48740291595458984,0.6027323007583618,-0.24544687569141388,0.3972487449645996,0.5055869817733765,0.3653668165206909,-0.05703107640147209,0.1651671826839447,0.5343075394630432,0.5049983859062195,-0.2440018355846405,0.2398160994052887,0.44921159744262695,0.5540934801101685,0.03522326424717903,0.9998883605003357,0.4121382236480713,0.5855839848518372,-0.03544596582651138,0.9998817443847656,0.4704710841178894,0.7607710957527161,0.006822966039180756,0.29534703493118286,0.44273295998573303,0.7846402525901794,-0.06952404975891113,0.7165018916130066,0.4432472586631775,0.9324508905410767,0.06256844103336334,0.36470794677734375,0.40741032361984253,0.9613699913024902,-0.07107464969158173,0.7792617678642273,0.45690250396728516,0.985005259513855,0.032904334366321564,0.45642274618148804,0.428121417760849,1.0398153066635132,-0.1139553040266037,0.6972869038581848
304,10.133333333333333,0.5310630798339844,0.4626065194606781,-0.3066035807132721,0.9980576038360596,0.5062872171401978,0.39531826972961426,-0.19190089404582977,0.9998424053192139,0.46748700737953186,0.5150637030601501,-0.25223663449287415,0.998721718788147,0.5167164206504822,0.35293611884117126,-0.09726560115814209,0.17546963691711426,0.49362802505493164,0.6056832075119019,-0.2505970895290375,0.43444040417671204,0.5244166851043701,0.3924906849861145,-0.04343191534280777,0.15116679668426514,0.537145733833313,0.5018208026885986,-0.23801489174365997,0.27995243668556213,0.44883567094802856,0.5573937892913818,0.034037474542856216,0.9998722672462463,0.4109721779823303,0.5902278423309326,-0.03423004969954491,0.9998653531074524,0.47213777899742126,0.763692319393158,0.013435390777885914,0.27423715591430664,0.4440460205078125,0.7867586612701416,-0.07553239166736603,0.72899329662323,0.4442790150642395,0.9312373399734497,0.06529562920331955,0.3470553755760193,0.40486565232276917,0.96638023853302,-0.08659098297357559,0.7909153699874878,0.45710939168930054,0.9858115911483765,0.03355969861149788,0.43727096915245056,0.4303286075592041,1.034522533416748,-0.12856189906597137,0.7077538371086121
305,10.166666666666666,0.5308282375335693,0.45384567975997925,-0.234063059091568,0.9982510209083557,0.5035432577133179,0.39585813879966736,-0.10206986963748932,0.9998562932014465,0.47168365120887756,0.513873815536499,-0.18549562990665436,0.9988364577293396,0.47795525193214417,0.3168236315250397,-0.010541257448494434,0.23584125936031342,0.4986538887023926,0.6208369135856628,-0.17879799008369446,0.4898967146873474,0.46181854605674744,0.2885868549346924,0.04506362974643707,0.21421103179454803,0.5477878451347351,0.5167733430862427,-0.1239471435546875,0.34899938106536865,0.44981256127357483,0.5653256177902222,0.049527768045663834,0.9998753666877747,0.4103776514530182,0.5943246483802795,-0.049685150384902954,0.9998703598976135,0.4766893982887268,0.7696900963783264,0.04905222728848457,0.31329500675201416,0.44860225915908813,0.7967602014541626,-0.09038078784942627,0.7559471726417542,0.44513583183288574,0.9196261167526245,0.14992359280586243,0.37179917097091675,0.4038293957710266,0.9685207605361938,-0.08713877946138382,0.8112274408340454,0.4570821225643158,0.9859619736671448,0.15302428603172302,0.462535560131073,0.42037534713745117,1.0461403131484985,-0.11202219873666763,0.7356560826301575
306,10.2,0.5305052399635315,0.45169639587402344,-0.20800992846488953,0.9984249472618103,0.5017384886741638,0.3958696722984314,-0.08054406195878983,0.999869704246521,0.47050413489341736,0.5133653879165649,-0.15997114777565002,0.9989428520202637,0.4817306101322174,0.3253275454044342,0.005582783836871386,0.29030415415763855,0.4963281750679016,0.6223973035812378,-0.16948194801807404,0.5387371182441711,0.4597998261451721,0.28025609254837036,0.05521126464009285,0.2732837498188019,0.5472448468208313,0.5225874781608582,-0.13793522119522095,0.4096115529537201,0.45031213760375977,0.5685685276985168,0.05264268070459366,0.9998788237571716,0.40980416536331177,0.5956047177314758,-0.05281179025769234,0.9998744130134583,0.47870755195617676,0.771791398525238,0.057334233075380325,0.31648552417755127,0.45182132720947266,0.7975780963897705,-0.09309717267751694,0.7797992825508118,0.44544488191604614,0.9174153804779053,0.15282872319221497,0.3608657717704773,0.40249165892601013,0.9710549116134644,-0.08880830556154251,0.8279080390930176,0.45804470777511597,0.9865894913673401,0.15194885432720184,0.4548327326774597,0.4145228862762451,1.0434839725494385,-0.11482860893011093,0.7579575181007385
307,10.233333333333333,0.5300781726837158,0.44981473684310913,-0.20326480269432068,0.9985817670822144,0.5009668469429016,0.3952151834964752,-0.06685766577720642,0.9998816847801208,0.4699595868587494,0.5118569135665894,-0.1513703167438507,0.999039888381958,0.4819570481777191,0.32412585616111755,0.023613177239894867,0.3458631634712219,0.4968854486942291,0.623123824596405,-0.1421312838792801,0.583632230758667,0.4589601457118988,0.2808516323566437,0.08177617192268372,0.32519280910491943,0.5479975342750549,0.5227925181388855,-0.08908021450042725,0.46448615193367004,0.4505850672721863,0.5712939500808716,0.05544095113873482,0.9998827576637268,0.4092566967010498,0.5965526700019836,-0.05559086799621582,0.9998791813850403,0.47998476028442383,0.7727067470550537,0.05364200472831726,0.33731719851493835,0.45238596200942993,0.7991138100624084,-0.09602420032024384,0.8016082644462585,0.44543489813804626,0.9173476099967957,0.14716842770576477,0.3671833276748657,0.4014067053794861,0.9730314612388611,-0.09388603270053864,0.84410160779953,0.45924291014671326,0.9868370294570923,0.14700725674629211,0.46483898162841797,0.4146314263343811,1.0440325736999512,-0.119764544069767,0.7802261710166931
308,10.266666666666667,0.530194103717804,0.4464249908924103,-0.23160815238952637,0.9987233281135559,0.49823084473609924,0.38872748613357544,-0.08454085141420364,0.9998927712440491,0.4712754189968109,0.5151936411857605,-0.1774633824825287,0.9991260170936584,0.4745352864265442,0.321609765291214,0.01745520904660225,0.39014139771461487,0.49576711654663086,0.631304144859314,-0.20135784149169922,0.6229559779167175,0.4418773651123047,0.27995309233665466,0.08767615258693695,0.3789421617984772,0.5556929111480713,0.5510508418083191,-0.2255619317293167,0.5159481167793274,0.4506617486476898,0.5714161992073059,0.057282865047454834,0.9998781085014343,0.40917500853538513,0.5988826155662537,-0.05745463818311691,0.9998738169670105,0.48300600051879883,0.771539032459259,0.05635879188776016,0.32930758595466614,0.45287275314331055,0.7986656427383423,-0.10534097999334335,0.8200625777244568,0.44552215933799744,0.9157266616821289,0.1538960039615631,0.34820401668548584,0.40169858932495117,0.9718710780143738,-0.09096881002187729,0.8551766872406006,0.4556392729282379,0.9873543381690979,0.15913069248199463,0.446776807308197,0.4146188199520111,1.0495107173919678,-0.10377607494592667,0.7948845624923706
309,10.3,0.5302711725234985,0.44461333751678467,-0.24621541798114777,0.9988508224487305,0.4982975125312805,0.3878460228443146,-0.09606797993183136,0.9999029636383057,0.4717450737953186,0.5169392228126526,-0.18082872033119202,0.9992055296897888,0.47573360800743103,0.32282981276512146,0.0020157163962721825,0.44258883595466614,0.4959719181060791,0.6334940195083618,-0.20667317509651184,0.6593003869056702,0.4407368302345276,0.2777993381023407,0.07124491780996323,0.43151628971099854,0.5561882257461548,0.5553538203239441,-0.21394367516040802,0.5626072287559509,0.45073166489601135,0.5727415680885315,0.05563691258430481,0.9998798966407776,0.4093484878540039,0.6012461185455322,-0.055813707411289215,0.9998744130134583,0.48383527994155884,0.7711410522460938,0.0488433837890625,0.3461417555809021,0.45233750343322754,0.8009898662567139,-0.1017051562666893,0.8374977707862854,0.44551557302474976,0.9166820049285889,0.15236572921276093,0.34520116448402405,0.40144091844558716,0.9712415337562561,-0.06932120025157928,0.8674536943435669,0.45451322197914124,0.9886779189109802,0.15829995274543762,0.447597861289978,0.41337576508522034,1.0482358932495117,-0.07891204208135605,0.8115349411964417
310,10.333333333333334,0.530295729637146,0.44414910674095154,-0.23534217476844788,0.9989655017852783,0.49820226430892944,0.3890746533870697,-0.0858740285038948,0.9999120831489563,0.47188717126846313,0.5188609957695007,-0.17202752828598022,0.9992770552635193,0.4760971665382385,0.32421064376831055,0.01382458209991455,0.4884181618690491,0.49566155672073364,0.6329516768455505,-0.20073528587818146,0.6913568377494812,0.4413517415523529,0.27745822072029114,0.08632893860340118,0.47664675116539,0.5561957359313965,0.5564507246017456,-0.20361682772636414,0.604181706905365,0.4508526921272278,0.5716606378555298,0.05555552989244461,0.9998815059661865,0.40940967202186584,0.6007172465324402,-0.055737316608428955,0.9998754262924194,0.48374858498573303,0.7683219909667969,0.0521274134516716,0.3533259928226471,0.4529547095298767,0.7982895970344543,-0.10367242246866226,0.8529889583587646,0.4461633265018463,0.9143437743186951,0.16396644711494446,0.3399507403373718,0.4016585350036621,0.9691839218139648,-0.07025512307882309,0.8781141638755798,0.4545382559299469,0.9891749024391174,0.17119190096855164,0.4440123736858368,0.4141522943973541,1.0483838319778442,-0.08346293121576309,0.8258679509162903
311,10.366666666666667,0.5310429334640503,0.4374740719795227,-0.3606404662132263,0.9990689158439636,0.4932655692100525,0.3801988363265991,-0.18947096168994904,0.999920666217804,0.47079214453697205,0.5206151604652405,-0.27226394414901733,0.9993415474891663,0.4642943739891052,0.31954607367515564,-0.09249375760555267,0.5375676155090332,0.49176549911499023,0.6424722075462341,-0.3080408573150635,0.7218380570411682,0.4222028851509094,0.2897058427333832,-0.029165634885430336,0.5273599624633789,0.5567327737808228,0.5864933133125305,-0.3019455373287201,0.6425049901008606,0.44457101821899414,0.5671110153198242,0.05655122920870781,0.9998887777328491,0.4093230366706848,0.6000757813453674,-0.05672015622258186,0.9998820424079895,0.4852202832698822,0.7518170475959778,0.04937001317739487,0.4080071747303009,0.45236915349960327,0.7989010214805603,-0.10138796269893646,0.8676382303237915,0.44541749358177185,0.9111355543136597,0.16589975357055664,0.3799129128456116,0.401688814163208,0.9683130979537964,-0.06581863760948181,0.89012211561203,0.44424787163734436,0.9866343140602112,0.1657378077507019,0.48595094680786133,0.41487255692481995,1.059946894645691,-0.08898746222257614,0.842873752117157
312,10.4,0.5316094160079956,0.42733174562454224,-0.323961466550827,0.999161958694458,0.4952682852745056,0.3703967332839966,-0.1693114936351776,0.9999282956123352,0.4719056189060211,0.5136333107948303,-0.2491546869277954,0.9993933439254761,0.46728238463401794,0.3135097920894623,-0.07896468043327332,0.5789777040481567,0.49093836545944214,0.6418476104736328,-0.2930510640144348,0.7472993731498718,0.4107432961463928,0.2986553907394409,0.009210803546011448,0.5716182589530945,0.5581763982772827,0.6207602620124817,-0.298653781414032,0.6726927757263184,0.4406123757362366,0.5634379982948303,0.05599188059568405,0.9998785257339478,0.40865063667297363,0.5985561609268188,-0.05618021637201309,0.9998621940612793,0.48870426416397095,0.7510554194450378,0.04856208711862564,0.40942683815956116,0.45190829038619995,0.7975510358810425,-0.10444966703653336,0.8795029520988464,0.44549450278282166,0.9101404547691345,0.14614734053611755,0.36383527517318726,0.4017910957336426,0.968690037727356,-0.06992564350366592,0.8979272842407227,0.4433055818080902,0.9848122596740723,0.14032813906669617,0.4744842052459717,0.4150623381137848,1.0597562789916992,-0.09601546823978424,0.8528984189033508
313,10.433333333333334,0.5316939949989319,0.4238191246986389,-0.31581202149391174,0.9992457032203674,0.4952051639556885,0.3677618205547333,-0.16104058921337128,0.9999351501464844,0.4717697501182556,0.5079591274261475,-0.24625027179718018,0.9994332790374756,0.4662805497646332,0.3134196102619171,-0.0511031337082386,0.6109975576400757,0.4901149868965149,0.6408055424690247,-0.2822000980377197,0.7698705196380615,0.4072195589542389,0.30280327796936035,0.030798310413956642,0.6083618402481079,0.559161365032196,0.6246939897537231,-0.2915765643119812,0.6969500780105591,0.44212278723716736,0.5654996633529663,0.0554266981780529,0.999862015247345,0.40741753578186035,0.5976830720901489,-0.0556170754134655,0.9998300075531006,0.4896915853023529,0.7518969178199768,0.04364325851202011,0.4061553180217743,0.45162254571914673,0.7966433167457581,-0.09345011413097382,0.8892441391944885,0.4449887275695801,0.9080135822296143,0.1530188024044037,0.3417297303676605,0.4026786684989929,0.964276134967804,-0.03274843841791153,0.901660144329071,0.44215959310531616,0.9816336631774902,0.15510252118110657,0.45207542181015015,0.4170452654361725,1.0556868314743042,-0.046263907104730606,0.8567844033241272
314,10.466666666666667,0.5320945382118225,0.42212677001953125,-0.301207035779953,0.9993211030960083,0.49462777376174927,0.36680886149406433,-0.1483973115682602,0.9999412894248962,0.47255080938339233,0.5035538077354431,-0.23579517006874084,0.9994702935218811,0.4631827771663666,0.3134188652038574,-0.04491043463349342,0.6384669542312622,0.48870930075645447,0.6388594508171082,-0.27922555804252625,0.7900912761688232,0.4061358869075775,0.30453619360923767,0.025225937366485596,0.6415299773216248,0.5592190623283386,0.6254908442497253,-0.2950217127799988,0.7193430662155151,0.442814439535141,0.5658383965492249,0.05528867989778519,0.9998424053192139,0.40706148743629456,0.5970548987388611,-0.05548135191202164,0.9997924566268921,0.4900963306427002,0.752109706401825,0.0427561029791832,0.3980861306190491,0.4513867497444153,0.7961219549179077,-0.08417096734046936,0.8972144722938538,0.44442781805992126,0.9044769406318665,0.15519298613071442,0.3204208314418793,0.4036744236946106,0.9579554796218872,-0.014579003676772118,0.9029413461685181,0.44153428077697754,0.9777458906173706,0.15644848346710205,0.430331289768219,0.42557305097579956,1.0081175565719604,-0.025353919714689255,0.8577337861061096
315,10.5,0.5326207876205444,0.41422122716903687,-0.2865771949291229,0.9993889331817627,0.49334216117858887,0.3579878509044647,-0.1426626294851303,0.999946653842926,0.47513431310653687,0.4962466359138489,-0.2157323658466339,0.999495804309845,0.4566732347011566,0.31050050258636475,-0.057537175714969635,0.6533994674682617,0.4861147999763489,0.6354386806488037,-0.2845771908760071,0.8040822148323059,0.3982905149459839,0.31700456142425537,-0.01024864986538887,0.6673886179924011,0.5579774379730225,0.6475988030433655,-0.3292331099510193,0.735338568687439,0.4431523382663727,0.5586095452308655,0.05097080394625664,0.9997857213020325,0.40772032737731934,0.5920459032058716,-0.051166094839572906,0.9996927976608276,0.49050387740135193,0.7445082068443298,0.03375238552689552,0.3727472722530365,0.45122820138931274,0.7891735434532166,-0.07369036972522736,0.8913866877555847,0.44291630387306213,0.905788004398346,0.11610879004001617,0.29892033338546753,0.4038819670677185,0.9522922039031982,-0.025943895801901817,0.8935381174087524,0.44175952672958374,0.9782323241233826,0.10585808753967285,0.4061151444911957,0.4256296157836914,0.9953159093856812,-0.04472312703728676,0.8462506532669067
316,10.533333333333333,0.5326229929924011,0.4120733439922333,-0.2835237383842468,0.9994500279426575,0.4925827980041504,0.35753804445266724,-0.13559426367282867,0.9999514818191528,0.4762919843196869,0.4899253845214844,-0.21320104598999023,0.9995278120040894,0.4559032917022705,0.3105897605419159,-0.06202097609639168,0.6670045852661133,0.48542651534080505,0.6335853934288025,-0.2992349863052368,0.8185988068580627,0.3965217173099518,0.3208739459514618,-0.02493540570139885,0.6907608509063721,0.558355450630188,0.6498380899429321,-0.3612193167209625,0.7532804608345032,0.4436180591583252,0.558833658695221,0.0509062297642231,0.9997339844703674,0.4079771041870117,0.5912715196609497,-0.05109681561589241,0.9996134042739868,0.49026161432266235,0.745418906211853,0.03578204661607742,0.34854182600975037,0.4508243501186371,0.7875239849090576,-0.07782737910747528,0.8911094665527344,0.4413451552391052,0.909211277961731,0.11468933522701263,0.2809569835662842,0.40366244316101074,0.9529663920402527,-0.03745612874627113,0.8907490968704224,0.4423734247684479,0.9798914790153503,0.1015724390745163,0.38863399624824524,0.4253503680229187,1.0193043947219849,-0.058603234589099884,0.8448126316070557
317,10.566666666666666,0.5352360010147095,0.397039532661438,-0.264398992061615,0.9995048642158508,0.49154433608055115,0.34516701102256775,-0.12035755068063736,0.9999555945396423,0.47735849022865295,0.4781094491481781,-0.1953609138727188,0.9995592832565308,0.4488503932952881,0.31031399965286255,-0.016432659700512886,0.65261310338974,0.4828825891017914,0.6228762269020081,-0.24537868797779083,0.8319783806800842,0.39243167638778687,0.3435479998588562,0.05646534636616707,0.6950138807296753,0.5570951104164124,0.6642066240310669,-0.28797924518585205,0.7672290802001953,0.4382597804069519,0.548872172832489,0.04767584428191185,0.999717652797699,0.4094112515449524,0.5814143419265747,-0.047875478863716125,0.9996000528335571,0.48966455459594727,0.74297034740448,0.03590664640069008,0.3211212158203125,0.44673410058021545,0.7798072099685669,-0.07144223898649216,0.8852051496505737,0.43979230523109436,0.909328281879425,0.1070171594619751,0.2623837888240814,0.40362095832824707,0.951375424861908,-0.037493783980607986,0.8840101957321167,0.4428141117095947,0.9796901941299438,0.0959557592868805,0.36650776863098145,0.42419132590293884,1.0269562005996704,-0.0587770938873291,0.8383034467697144
318,10.6,0.5361021757125854,0.3961294889450073,-0.215378075838089,0.9995533227920532,0.4906846582889557,0.34277042746543884,-0.09959656000137329,0.9999591112136841,0.477253258228302,0.4740382730960846,-0.17245207726955414,0.9995847940444946,0.448509156703949,0.3111588656902313,0.007500924170017242,0.640076220035553,0.48252472281455994,0.6181175112724304,-0.199323832988739,0.8451290130615234,0.39298397302627563,0.34843286871910095,0.08412183821201324,0.6961088180541992,0.5557177066802979,0.6664189100265503,-0.20512735843658447,0.7794412970542908,0.43899139761924744,0.5506802797317505,0.04578026384115219,0.9997188448905945,0.41009721159935,0.5777401328086853,-0.04598342999815941,0.9996069073677063,0.49008259177207947,0.7434440851211548,0.030850360170006752,0.2995876967906952,0.44208964705467224,0.7793213129043579,-0.06740780174732208,0.8831208944320679,0.43945518136024475,0.9094973206520081,0.10532379150390625,0.2444332093000412,0.402387797832489,0.9520961046218872,-0.035011500120162964,0.8759009838104248,0.4437885880470276,0.9810642600059509,0.09924094378948212,0.34391793608665466,0.4235244691371918,1.0350961685180664,-0.054113227874040604,0.8287152647972107
319,10.633333333333333,0.5377673506736755,0.3791746497154236,-0.20606157183647156,0.9995967745780945,0.4881807267665863,0.32869526743888855,-0.08330792188644409,0.9999624490737915,0.4805215895175934,0.45445042848587036,-0.17241205275058746,0.9996170401573181,0.44318580627441406,0.3120911717414856,0.03161310777068138,0.6181432008743286,0.4820169508457184,0.6006791591644287,-0.20539402961730957,0.8571241497993469,0.3928198516368866,0.36141788959503174,0.10961005836725235,0.6996261477470398,0.5479048490524292,0.6656093001365662,-0.221206933259964,0.7952186465263367,0.43924611806869507,0.5513371825218201,0.045982714742422104,0.9997286200523376,0.4110390245914459,0.5740536451339722,-0.04618605598807335,0.9996252655982971,0.4933347702026367,0.735276460647583,0.023402225226163864,0.29189756512641907,0.43491268157958984,0.7777113318443298,-0.05862995982170105,0.8847686648368835,0.440187931060791,0.904121458530426,0.09282730519771576,0.2421153336763382,0.40156182646751404,0.9505323767662048,-0.011625723913311958,0.8768759369850159,0.44682803750038147,0.980303943157196,0.07916667312383652,0.34247174859046936,0.4225645065307617,1.0321906805038452,-0.034854456782341,0.8294494152069092
320,10.666666666666666,0.5389508008956909,0.3786934018135071,-0.22783775627613068,0.9996361136436462,0.4887598156929016,0.33094701170921326,-0.09510163217782974,0.9999653697013855,0.4817603528499603,0.45786958932876587,-0.17732350528240204,0.9996411800384521,0.44159072637557983,0.3128911256790161,0.013289066031575203,0.6028681397438049,0.4816141724586487,0.5980393886566162,-0.20288178324699402,0.8669302463531494,0.3930903673171997,0.3667122721672058,0.0817258358001709,0.7039101719856262,0.5451342463493347,0.6643577814102173,-0.21480175852775574,0.8050414323806763,0.4403032660484314,0.5505577921867371,0.04591669142246246,0.9997371435165405,0.4117237627506256,0.573659360408783,-0.04611548036336899,0.9996395707130432,0.4950741231441498,0.73052978515625,0.020822500810027122,0.28489720821380615,0.4315062165260315,0.7763262391090393,-0.05485475808382034,0.882821261882782,0.44119030237197876,0.9017569422721863,0.08929966390132904,0.23849524557590485,0.40162181854248047,0.9398987889289856,-0.005908125080168247,0.8713321089744568,0.44907745718955994,0.980328381061554,0.07500530779361725,0.3369147777557373,0.4228088855743408,1.0008244514465332,-0.03017496131360531,0.8226776719093323
321,10.7,0.5397246479988098,0.3776775300502777,-0.2145175039768219,0.9996700286865234,0.48867303133010864,0.3322667181491852,-0.09082923084497452,0.9999678134918213,0.4825063645839691,0.45741453766822815,-0.17606616020202637,0.999660074710846,0.4407717287540436,0.3134310245513916,0.014836646616458893,0.5877733826637268,0.48126062750816345,0.596960186958313,-0.20250563323497772,0.8732790350914001,0.3928636908531189,0.3680974841117859,0.07811690866947174,0.7121591567993164,0.5436791181564331,0.664537787437439,-0.21318145096302032,0.8125340342521667,0.44074544310569763,0.5486375093460083,0.046065427362918854,0.9997383952140808,0.4121552109718323,0.574653148651123,-0.046260472387075424,0.9996427297592163,0.4959382116794586,0.7270469069480896,0.021081723272800446,0.2711901068687439,0.43085259199142456,0.7756849527359009,-0.050944674760103226,0.8746246099472046,0.44216060638427734,0.9006339907646179,0.08691229671239853,0.23228734731674194,0.40164288878440857,0.9384243488311768,-0.008108468726277351,0.8624387383460999,0.4502292275428772,0.9803900122642517,0.0710325613617897,0.32829758524894714,0.42341023683547974,0.99567711353302,-0.032653894275426865,0.8107446432113647
