frame,timestamp,nose_x,nose_y,nose_z,nose_visibility,left_shoulder_x,left_shoulder_y,left_shoulder_z,left_shoulder_visibility,right_shoulder_x,right_shoulder_y,right_shoulder_z,right_shoulder_visibility,left_elbow_x,left_elbow_y,left_elbow_z,left_elbow_visibility,right_elbow_x,right_elbow_y,right_elbow_z,right_elbow_visibility,left_wrist_x,left_wrist_y,left_wrist_z,left_wrist_visibility,right_wrist_x,right_wrist_y,right_wrist_z,right_wrist_visibility,left_hip_x,left_hip_y,left_hip_z,left_hip_visibility,right_hip_x,right_hip_y,right_hip_z,right_hip_visibility,left_knee_x,left_knee_y,left_knee_z,left_knee_visibility,right_knee_x,right_knee_y,right_knee_z,right_knee_visibility,left_ankle_x,left_ankle_y,left_ankle_z,left_ankle_visibility,right_ankle_x,right_ankle_y,right_ankle_z,right_ankle_visibility,left_foot_x,left_foot_y,left_foot_z,left_foot_visibility,right_foot_x,right_foot_y,right_foot_z,right_foot_visibility
0,0.0,0.46246832609176636,0.39017587900161743,-0.2274390012025833,0.9995753765106201,0.4751221239566803,0.395077645778656,-0.17773404717445374,0.9999822974205017,0.4625071883201599,0.41387104988098145,-0.18165144324302673,0.9999299049377441,0.4680004119873047,0.4442288279533386,-0.14664626121520996,0.8655248880386353,0.46861618757247925,0.4658719301223755,-0.18582117557525635,0.9198574423789978,0.4575592875480652,0.4653061330318451,-0.1455518901348114,0.9231501817703247,0.4664705693721771,0.4942966103553772,-0.21308307349681854,0.9502812027931213,0.4276757836341858,0.490121454000473,0.01639634370803833,0.9999059438705444,0.4208225607872009,0.501552164554596,-0.016522806137800217,0.9999030828475952,0.4512064456939697,0.5733976364135742,0.051328420639038086,0.8927516341209412,0.4449528157711029,0.5794742703437805,0.007216456346213818,0.9498487710952759,0.4522266983985901,0.6726045608520508,0.1230882853269577,0.9379355907440186,0.4536318778991699,0.6866779923439026,0.054758161306381226,0.954626202583313,0.45624884963035583,0.7019379734992981,0.09282232820987701,0.9669902324676514,0.4600849747657776,0.7105401158332825,0.021822992712259293,0.9647231101989746
1,0.03333333333333333,0.45634573698043823,0.3843364715576172,-0.29216620326042175,0.9995396137237549,0.4883768558502197,0.40798652172088623,-0.2369588315486908,0.9999822378158569,0.4590514302253723,0.36963996291160583,-0.20770597457885742,0.9998611807823181,0.498268187046051,0.48228707909584045,-0.2073352336883545,0.8778968453407288,0.4582691788673401,0.4070602059364319,-0.18228885531425476,0.8479772806167603,0.498643159866333,0.5530695915222168,-0.22750282287597656,0.9303911328315735,0.459620863199234,0.3978998064994812,-0.1641470193862915,0.9165846109390259,0.45080113410949707,0.4712073504924774,-0.0016475236043334007,0.9999113082885742,0.43571385741233826,0.45178350806236267,0.0014923943672329187,0.9999039769172668,0.4479130804538727,0.5819774866104126,0.057777125388383865,0.8906892538070679,0.44206786155700684,0.49781718850135803,0.11031414568424225,0.9101513028144836,0.45722657442092896,0.6834457516670227,0.12277700752019882,0.9399488568305969,0.4427730441093445,0.5757489800453186,0.21322020888328552,0.9230771660804749,0.46524953842163086,0.704625129699707,0.07750342786312103,0.966473400592804,0.4430253505706787,0.6064980626106262,0.19339442253112793,0.935843288898468
2,0.06666666666666667,0.46140187978744507,0.3714649975299835,-0.3376768231391907,0.9995513558387756,0.49020639061927795,0.40974146127700806,-0.2514731287956238,0.9999829530715942,0.4560123085975647,0.38051143288612366,-0.2367698699235916,0.9998430013656616,0.49587100744247437,0.48273274302482605,-0.2273019254207611,0.8890982270240784,0.4551100730895996,0.44043347239494324,-0.24794507026672363,0.798757791519165,0.49818533658981323,0.5656172633171082,-0.26454976201057434,0.9368857145309448,0.45628753304481506,0.4552854001522064,-0.31186553835868835,0.9046078324317932,0.453888475894928,0.460216224193573,0.0026610312052071095,0.9999173283576965,0.4374065399169922,0.44836166501045227,-0.0027811513282358646,0.9999083280563354,0.46315798163414,0.5737575888633728,0.01552240364253521,0.8924016952514648,0.4554339349269867,0.5507937669754028,0.02861171029508114,0.9096551537513733,0.4677565097808838,0.6835030317306519,0.05766187980771065,0.9429728388786316,0.45363155007362366,0.654733419418335,0.08974410593509674,0.9273799657821655,0.4705531597137451,0.7134796977043152,-0.00943446159362793,0.9677201509475708,0.455199658870697,0.6818711757659912,0.037053968757390976,0.9389039874076843
3,0.1,0.4576343894004822,0.3786252439022064,-0.3185517191886902,0.999535083770752,0.48955121636390686,0.42571669816970825,-0.25292763113975525,0.9999834895133972,0.45648932456970215,0.37520653009414673,-0.2089434117078781,0.9998325109481812,0.4948715567588806,0.49209335446357727,-0.2266472578048706,0.8994303345680237,0.4528570771217346,0.4166504740715027,-0.14490056037902832,0.735689640045166,0.49490222334861755,0.5671141743659973,-0.24682088196277618,0.9428586363792419,0.45335644483566284,0.4435267150402069,-0.1164613589644432,0.8587230443954468,0.45355239510536194,0.4752250611782074,-0.00599684426560998,0.9999240040779114,0.4358883798122406,0.4533593952655792,0.005886306520551443,0.9999146461486816,0.4630632996559143,0.586580216884613,0.00797891803085804,0.8989641070365906,0.44818371534347534,0.5455870032310486,0.025710195302963257,0.9093392491340637,0.46937379240989685,0.6954267024993896,0.055948756635189056,0.947876513004303,0.4460468292236328,0.6408324241638184,0.12188408523797989,0.9282419085502625,0.470095694065094,0.7185057997703552,-0.004580945707857609,0.9702194929122925,0.4424302577972412,0.6782993674278259,0.08880656957626343,0.9383469820022583
4,0.13333333333333333,0.46048611402511597,0.3919544219970703,-0.3174130320549011,0.9995726943016052,0.4869146943092346,0.4360719919204712,-0.2566413879394531,0.9999837279319763,0.46685680747032166,0.3752175569534302,-0.22890213131904602,0.9998346567153931,0.4934680461883545,0.504413366317749,-0.20573639869689941,0.908767580986023,0.47790345549583435,0.3784744143486023,-0.14572688937187195,0.6946350336074829,0.49565911293029785,0.574253499507904,-0.19965337216854095,0.9484765529632568,0.45985502004623413,0.41998741030693054,-0.08284053206443787,0.8596488237380981,0.4684813916683197,0.46521812677383423,-0.008331195451319218,0.999930739402771,0.4569006860256195,0.4366627633571625,0.008188246749341488,0.9999213218688965,0.46432700753211975,0.590009331703186,0.017139237374067307,0.9049251675605774,0.46142324805259705,0.5244032740592957,0.06114121153950691,0.885256826877594,0.46857842803001404,0.6953426599502563,0.05713198333978653,0.9522509574890137,0.4636489748954773,0.5545398592948914,0.18565045297145844,0.9100106358528137,0.4607545733451843,0.7438212633132935,0.004821703769266605,0.9724467396736145,0.45649489760398865,0.5739688277244568,0.1806792914867401,0.9252688884735107
5,0.16666666666666666,0.461315780878067,0.3863770067691803,-0.31906625628471375,0.9995657801628113,0.4906955361366272,0.4147341549396515,-0.2615760266780853,0.999984085559845,0.4707924723625183,0.3799884021282196,-0.23135995864868164,0.999837338924408,0.4937465190887451,0.4915153980255127,-0.23281724750995636,0.9159409999847412,0.467049777507782,0.43557998538017273,-0.22085066139698029,0.6729454398155212,0.4930270314216614,0.5732268691062927,-0.2417103350162506,0.9532293081283569,0.45535048842430115,0.4619367718696594,-0.27227652072906494,0.8706588745117188,0.474632203578949,0.4409603476524353,-0.009625544771552086,0.9999362230300903,0.46555042266845703,0.42752328515052795,0.009441478177905083,0.9999257922172546,0.4680522084236145,0.5770539045333862,0.010863689705729485,0.9128004908561707,0.4617937505245209,0.49203240871429443,0.0722845047712326,0.8663790225982666,0.46803897619247437,0.6827368140220642,0.04118872433900833,0.9565247297286987,0.4561624526977539,0.483782023191452,0.18377098441123962,0.8990303874015808,0.46787938475608826,0.7334064841270447,-0.0035394541919231415,0.9746619462966919,0.4508889317512512,0.4861088991165161,0.18635615706443787,0.917085587978363
6,0.2,0.47039932012557983,0.3923881947994232,-0.30861765146255493,0.9995856881141663,0.4946862757205963,0.4253467917442322,-0.2542589008808136,0.999984860420227,0.4690995216369629,0.38059964776039124,-0.21985816955566406,0.9998423457145691,0.49587178230285645,0.4958084523677826,-0.2392214834690094,0.9217287302017212,0.4661340117454529,0.42465052008628845,-0.2020624577999115,0.6546669602394104,0.4962562918663025,0.569278359413147,-0.2646836042404175,0.9568216800689697,0.4546499252319336,0.44794028997421265,-0.23367419838905334,0.8755395412445068,0.472342312335968,0.451925665140152,-0.008621156215667725,0.9999411106109619,0.45855146646499634,0.42984017729759216,0.00846626702696085,0.9999297857284546,0.47067680954933167,0.5745767951011658,0.0073097264394164085,0.9194197654724121,0.4583650529384613,0.47684016823768616,0.05637050420045853,0.8580740690231323,0.46416935324668884,0.6705982089042664,0.05058081075549126,0.9603860974311829,0.44925904273986816,0.4979541301727295,0.1825803816318512,0.8888967037200928,0.4665130078792572,0.7206923365592957,0.003311676438897848,0.9765831828117371,0.44364863634109497,0.5117180943489075,0.1791771948337555,0.9075814485549927
27,0.9,0.4721146523952484,0.33493465185165405,-0.15045861899852753,0.9993515610694885,0.4973927140235901,0.3768727481365204,-0.05490858480334282,0.9999128580093384,0.4502963125705719,0.38521498441696167,-0.042578812688589096,0.9998482465744019,0.5024507641792297,0.43608617782592773,-0.08608513325452805,0.8366301655769348,0.44583407044410706,0.4388827979564667,-0.10523662716150284,0.6363576054573059,0.4977649748325348,0.45075443387031555,-0.1624934822320938,0.8626342415809631,0.4447692930698395,0.4170139729976654,-0.22924181818962097,0.8536126017570496,0.4999777376651764,0.4984397888183594,-0.005952488165348768,0.99993896484375,0.4734625816345215,0.5075327754020691,0.005859674420207739,0.9999343156814575,0.4948158264160156,0.557364284992218,-0.11721397936344147,0.8746195435523987,0.47226086258888245,0.5820190906524658,-0.13273628056049347,0.8569994568824768,0.49991005659103394,0.5770235061645508,0.054370153695344925,0.8716372847557068,0.4779299795627594,0.6860665678977966,-0.07359173148870468,0.8902744054794312,0.5062817931175232,0.6029502749443054,0.04122883453965187,0.8918152451515198,0.4733971953392029,0.713600218296051,-0.1336345374584198,0.9014813899993896
28,0.9333333333333333,0.47221627831459045,0.3352970480918884,-0.10131005942821503,0.9994140863418579,0.4980803430080414,0.37691107392311096,0.0051410202868282795,0.9999138712882996,0.4504864811897278,0.3848639726638794,0.0060668704099953175,0.9998600482940674,0.5116593837738037,0.4266599118709564,-0.062331993132829666,0.8436986804008484,0.44615378975868225,0.4402844309806824,-0.08186529576778412,0.6520043611526489,0.5129367113113403,0.4256216585636139,-0.18670448660850525,0.8567406535148621,0.44353097677230835,0.4330538511276245,-0.22767651081085205,0.8637871146202087,0.4986051619052887,0.49879395961761475,-0.0044602686539292336,0.9999409914016724,0.4706695079803467,0.506230354309082,0.004328708630055189,0.9999388456344604,0.4917057454586029,0.5490305423736572,-0.21534109115600586,0.8852489590644836,0.47225460410118103,0.5790832042694092,-0.1806008666753769,0.8705236911773682,0.49627718329429626,0.602887749671936,-0.3093321919441223,0.880234956741333,0.4779864251613617,0.6858880519866943,-0.20267653465270996,0.9010227918624878,0.49288278818130493,0.6029562950134277,-0.40839117765426636,0.9022661447525024,0.4743293225765228,0.7127576470375061,-0.29949575662612915,0.9110453724861145
29,0.9666666666666667,0.47253546118736267,0.3355023264884949,-0.082069993019104,0.9994473457336426,0.49841099977493286,0.3770350217819214,0.013203345239162445,0.9999071955680847,0.4510677754878998,0.3848874270915985,0.020026786252856255,0.9998707175254822,0.5122662782669067,0.42607730627059937,-0.048640310764312744,0.7888235449790955,0.44617098569869995,0.4400724768638611,-0.04854651540517807,0.6458696722984314,0.5134152173995972,0.42792120575904846,-0.179311603307724,0.790041446685791,0.44157296419143677,0.431001752614975,-0.1834094077348709,0.8663468360900879,0.49730944633483887,0.4999919831752777,-0.003440538886934519,0.9999433755874634,0.468832790851593,0.5054996013641357,0.00332605536095798,0.9999434351921082,0.49103981256484985,0.5767950415611267,-0.1605750024318695,0.8641209006309509,0.47174134850502014,0.5746235847473145,-0.17888309061527252,0.8695444464683533,0.49185889959335327,0.6519569158554077,-0.10097088664770126,0.8307741284370422,0.4778866171836853,0.6859679818153381,-0.19678357243537903,0.9018915295600891,0.4871993064880371,0.673375129699707,-0.1646777093410492,0.8652099370956421,0.47540679574012756,0.7113707065582275,-0.28733599185943604,0.9099894165992737
30,1.0,0.47265371680259705,0.33558890223503113,-0.10199987888336182,0.9994820356369019,0.4990610182285309,0.3769973814487457,-0.016301235184073448,0.9999101758003235,0.4511435627937317,0.38321226835250854,-0.0012164430227130651,0.999881386756897,0.5199449062347412,0.4192254841327667,-0.05496778339147568,0.7534498572349548,0.44588541984558105,0.43868476152420044,-0.06794760376214981,0.6523943543434143,0.5102313756942749,0.4310172498226166,-0.16419053077697754,0.7405763268470764,0.4464883804321289,0.4490450918674469,-0.18907533586025238,0.8694506287574768,0.49692243337631226,0.5020838975906372,-0.0019920000340789557,0.9999443888664246,0.46814656257629395,0.5055958032608032,0.001864308724179864,0.9999468326568604,0.4933110773563385,0.5849429965019226,-0.1092902421951294,0.8449336290359497,0.47251883149147034,0.5889586806297302,-0.07827247679233551,0.854893684387207,0.4914342761039734,0.6350432634353638,-0.04658437520265579,0.7899067997932434,0.47913631796836853,0.695390522480011,-0.04685118794441223,0.8969848155975342,0.48704099655151367,0.6520694494247437,-0.09781350195407867,0.835705578327179,0.4791387617588043,0.7210527062416077,-0.12505537271499634,0.8997641205787659
31,1.0333333333333334,0.47293058037757874,0.3365481495857239,-0.14341077208518982,0.999500572681427,0.4994605481624603,0.37699639797210693,-0.025379996746778488,0.9999129772186279,0.4510353207588196,0.3827905058860779,-0.023704800754785538,0.999890148639679,0.5226168632507324,0.4180750548839569,-0.05345770716667175,0.7177643179893494,0.4452741742134094,0.4371403157711029,-0.06747561693191528,0.6397235989570618,0.5117596387863159,0.4398917853832245,-0.14094704389572144,0.6849299669265747,0.4486852288246155,0.45245712995529175,-0.175175741314888,0.8570824265480042,0.496474027633667,0.5037441849708557,-0.0005677152657881379,0.9999434947967529,0.466974675655365,0.5056130886077881,0.00044848505058325827,0.9999490976333618,0.4956282675266266,0.5940061211585999,-0.06691537797451019,0.8011106252670288,0.47279566526412964,0.5918861031532288,-0.08959914743900299,0.8400498628616333,0.48917508125305176,0.6392412781715393,0.038361310958862305,0.7291110157966614,0.4794453978538513,0.6982951760292053,-0.05882430076599121,0.889333188533783,0.4843514859676361,0.6581125855445862,-0.009554730728268623,0.779481828212738,0.4805358350276947,0.7232941389083862,-0.13461557030677795,0.8861888647079468
32,1.0666666666666667,0.4729885458946228,0.33658215403556824,-0.14436863362789154,0.9995051026344299,0.49948757886886597,0.37699592113494873,-0.028247317299246788,0.9999152421951294,0.451045423746109,0.3822818696498871,-0.02656351588666439,0.9998965859413147,0.5221527814865112,0.4179372191429138,-0.058692991733551025,0.6896016597747803,0.4448188245296478,0.4359174370765686,-0.07542186975479126,0.6171684861183167,0.5115505456924438,0.4402540922164917,-0.1500716358423233,0.6458398699760437,0.44827795028686523,0.4498639702796936,-0.1848253607749939,0.8477290868759155,0.4962882995605469,0.5039483904838562,0.003035625908523798,0.9999369382858276,0.4668624997138977,0.5056602954864502,-0.0031029880046844482,0.9999487400054932,0.4951559007167816,0.6014527678489685,0.0006288428558036685,0.728273868560791,0.4732047915458679,0.5927972197532654,-0.1433807760477066,0.8221722841262817,0.4855176508426666,0.6593617796897888,0.127064511179924,0.6644594073295593,0.479703426361084,0.6987007856369019,-0.12663841247558594,0.8786464929580688,0.4824013113975525,0.681542158126831,0.07722543925046921,0.716343879699707,0.4814278483390808,0.7228569984436035,-0.21410295367240906,0.8766941428184509
33,1.1,0.47317951917648315,0.3365897536277771,-0.0938543826341629,0.999479353427887,0.5013429522514343,0.3769974112510681,0.0007574789924547076,0.9999210834503174,0.4532977044582367,0.38430163264274597,0.0070905983448028564,0.9999030232429504,0.5226988196372986,0.41958606243133545,-0.04577745124697685,0.7002345323562622,0.44703221321105957,0.4370877146720886,-0.05895071104168892,0.5943241715431213,0.5159944295883179,0.4486241936683655,-0.1532120555639267,0.6567371487617493,0.4507180154323578,0.45701056718826294,-0.19599130749702454,0.8459430932998657,0.49643808603286743,0.5069429278373718,0.004636085592210293,0.9999399781227112,0.4671035408973694,0.5065211653709412,-0.0046864962205290794,0.999951958656311,0.49426284432411194,0.6122193336486816,0.0005816645571030676,0.6661194562911987,0.47368669509887695,0.5965977311134338,-0.15875244140625,0.8166220784187317,0.4848082661628723,0.6705372333526611,0.13837948441505432,0.6042757630348206,0.4807383418083191,0.7027037143707275,-0.1435994654893875,0.8691340088844299,0.4837772250175476,0.6962044835090637,0.09423220902681351,0.6544524431228638,0.48295921087265015,0.723690390586853,-0.2286950647830963,0.8663058280944824
34,1.1333333333333333,0.4739437997341156,0.33567681908607483,-0.09156955033540726,0.9993904232978821,0.5031751394271851,0.37686508893966675,-0.0010940853971987963,0.9999253749847412,0.45414429903030396,0.38458451628685,0.011633804067969322,0.9999073147773743,0.5238006114959717,0.4205726683139801,-0.04808584600687027,0.7081456780433655,0.44744691252708435,0.4373329281806946,-0.0487375482916832,0.5750028491020203,0.5180008411407471,0.4525149464607239,-0.1562875658273697,0.663767397403717,0.4508397579193115,0.4571247398853302,-0.18780405819416046,0.8467168211936951,0.49652862548828125,0.5091712474822998,0.003201268147677183,0.99994295835495,0.46714282035827637,0.5073326826095581,-0.0032679818104952574,0.9999548196792603,0.4921415448188782,0.616428554058075,-0.021087098866701126,0.6183581948280334,0.4742388129234314,0.5982016921043396,-0.14785133302211761,0.8117830157279968,0.4836699068546295,0.6712546348571777,0.11498679965734482,0.5557288527488708,0.48160991072654724,0.7048555016517639,-0.12357566505670547,0.8618590235710144,0.4823276996612549,0.6974998116493225,0.07381554692983627,0.6054872870445251,0.48322486877441406,0.7303580641746521,-0.2026669979095459,0.8564963936805725
35,1.1666666666666667,0.4739230275154114,0.3363059163093567,-0.1029197946190834,0.9993959665298462,0.5033722519874573,0.37686777114868164,-0.007386064622551203,0.9999296069145203,0.4542596936225891,0.38569197058677673,0.0019499141490086913,0.999913215637207,0.5245884656906128,0.4208243489265442,-0.052964381873607635,0.7203310132026672,0.44822654128074646,0.440569132566452,-0.05465875193476677,0.5848955512046814,0.5190620422363281,0.45264294743537903,-0.17294539511203766,0.679440438747406,0.45107388496398926,0.45703452825546265,-0.18606020510196686,0.857535719871521,0.4965975284576416,0.5101214647293091,0.0024325682315975428,0.9999440312385559,0.46711745858192444,0.508120059967041,-0.0025047194212675095,0.9999565482139587,0.4924179017543793,0.6062324643135071,-0.054534804075956345,0.6023459434509277,0.4742482602596283,0.6003450751304626,-0.14593450725078583,0.8161545991897583,0.4852355420589447,0.6661905646324158,0.04524330422282219,0.5215949416160583,0.48183268308639526,0.7071540951728821,-0.13737225532531738,0.8638831377029419,0.482337087392807,0.6928388476371765,-0.0048364452086389065,0.5751042366027832,0.4836753308773041,0.7322689294815063,-0.21925167739391327,0.8569391369819641
36,1.2,0.4741729199886322,0.33696991205215454,-0.14178943634033203,0.9994306564331055,0.503997802734375,0.38180720806121826,-0.05084151774644852,0.999934196472168,0.4540519118309021,0.3861389458179474,-0.001677161082625389,0.9999207854270935,0.5222329497337341,0.44962823390960693,-0.03569506108760834,0.7250045537948608,0.4481085240840912,0.44412460923194885,-0.054116129875183105,0.6115896701812744,0.51692795753479,0.528637170791626,-0.06742274761199951,0.6652246713638306,0.4535135328769684,0.46195313334465027,-0.1794079840183258,0.8684635758399963,0.496298611164093,0.5146864652633667,-0.014136584475636482,0.9999481439590454,0.46723613142967224,0.514132559299469,0.014051685109734535,0.99996018409729,0.4827384352684021,0.6080955862998962,-0.1076839342713356,0.6316060423851013,0.4743309020996094,0.6208856105804443,0.005677643232047558,0.8157093524932861,0.4923298954963684,0.6639230251312256,0.08473287522792816,0.4921766519546509,0.4828062951564789,0.7104982733726501,0.12865036725997925,0.8642944693565369,0.483039528131485,0.6795229315757751,0.07097934931516647,0.5485985279083252,0.4844393730163574,0.7494958639144897,0.08427087217569351,0.8500804901123047
37,1.2333333333333334,0.47423848509788513,0.33899837732315063,-0.14850559830665588,0.9994683265686035,0.5050524473190308,0.3837171792984009,-0.05766899511218071,0.9999382495880127,0.45402270555496216,0.3872111439704895,-0.0055711762979626656,0.9999275207519531,0.5221109390258789,0.4543980062007904,-0.040885042399168015,0.733140230178833,0.4479897618293762,0.44586652517318726,-0.05862155556678772,0.6382976770401001,0.5157454013824463,0.5345178842544556,-0.07436317205429077,0.6598682999610901,0.45377111434936523,0.4631279408931732,-0.18343272805213928,0.8792980909347534,0.4963451325893402,0.516803503036499,-0.019324226304888725,0.9999507665634155,0.46765080094337463,0.5164958834648132,0.01923028752207756,0.9999629259109497,0.4798358976840973,0.6063632369041443,-0.12228836119174957,0.6502643823623657,0.47482386231422424,0.6217644810676575,0.011946232989430428,0.8005266785621643,0.4940565228462219,0.6594611406326294,0.06716703623533249,0.4592178165912628,0.48379725217819214,0.7146722674369812,0.12647180259227753,0.8564044237136841,0.48401087522506714,0.6760274767875671,0.04364659637212753,0.5187457203865051,0.484764039516449,0.754464864730835,0.07713039219379425,0.835017204284668
38,1.2666666666666666,0.4743633270263672,0.34094899892807007,-0.1404964029788971,0.9995026588439941,0.5055304765701294,0.3843778073787689,-0.04549882560968399,0.9999396800994873,0.4540160298347473,0.38769081234931946,-0.0010321293957531452,0.9999334812164307,0.5210316777229309,0.45166459679603577,-0.03707949072122574,0.7211246490478516,0.44790521264076233,0.4461580514907837,-0.05213187262415886,0.6620917320251465,0.5150244832038879,0.513887345790863,-0.08606921881437302,0.6301249861717224,0.45428457856178284,0.46358761191368103,-0.18824858963489532,0.8893004655838013,0.49637192487716675,0.5182371139526367,-0.020515531301498413,0.9999508261680603,0.4683712124824524,0.5185022354125977,0.020407479256391525,0.9999646544456482,0.47999605536460876,0.6069953441619873,-0.14558205008506775,0.6631036996841431,0.47478652000427246,0.6298410296440125,0.013050143606960773,0.7679027915000916,0.49389761686325073,0.65824955701828,0.0015753215411677957,0.4335072338581085,0.4848669469356537,0.7215686440467834,0.11168639361858368,0.8385410308837891,0.4848712384700775,0.684416651725769,-0.03579697385430336,0.4979276657104492,0.4851047396659851,0.7578380107879639,0.05404378101229668,0.8125905990600586
39,1.3,0.4748907685279846,0.34098076820373535,-0.14741846919059753,0.9995232224464417,0.507176399230957,0.3844655454158783,-0.047465454787015915,0.9999420046806335,0.45618686079978943,0.3891187906265259,-0.014087778516113758,0.9999386668205261,0.5200108885765076,0.4553138017654419,-0.0726640522480011,0.7176019549369812,0.44683852791786194,0.4492378532886505,-0.055418603122234344,0.6787517666816711,0.5159598588943481,0.5099499821662903,-0.17351491749286652,0.6259086728096008,0.45626649260520935,0.46142828464508057,-0.1998758167028427,0.8963402509689331,0.4992188513278961,0.5217118859291077,-0.01963411085307598,0.9999533891677856,0.4713737964630127,0.5202141404151917,0.019581902772188187,0.9999673366546631,0.4949251711368561,0.6245564222335815,-0.08147789537906647,0.6683340668678284,0.47474098205566406,0.62166428565979,-0.04568079486489296,0.7799540162086487,0.4961555600166321,0.6825061440467834,0.10832613706588745,0.409735769033432,0.4857993721961975,0.7223324179649353,0.026170765981078148,0.8456116914749146,0.48692601919174194,0.7137097120285034,0.08427763730287552,0.47378912568092346,0.4865058958530426,0.7532434463500977,-0.03691711276769638,0.8183719515800476
40,1.3333333333333333,0.475289911031723,0.34118905663490295,-0.14196419715881348,0.9994721412658691,0.5080017447471619,0.3871764838695526,-0.043535493314266205,0.9999396204948425,0.4576196074485779,0.3906012773513794,-0.00651864567771554,0.9999423623085022,0.5172258019447327,0.4570188820362091,-0.07894915342330933,0.7033729553222656,0.4467623829841614,0.4498625099658966,-0.05015058442950249,0.6797298789024353,0.5117310285568237,0.4870337247848511,-0.18578660488128662,0.6092807054519653,0.45616960525512695,0.46018773317337036,-0.19904223084449768,0.8996090888977051,0.4999602735042572,0.5257306694984436,-0.018478628247976303,0.9999545216560364,0.4722241461277008,0.5245145559310913,0.018371770158410072,0.999969482421875,0.49886250495910645,0.6340053677558899,-0.0769425481557846,0.6408118605613708,0.4747069478034973,0.6200581192970276,-0.10363709926605225,0.7857983708381653,0.49640369415283203,0.6690225005149841,0.12695181369781494,0.37377288937568665,0.48621469736099243,0.725012481212616,-0.03986632078886032,0.8430589437484741,0.48842325806617737,0.7141699194908142,0.10874960571527481,0.43420714139938354,0.4868165850639343,0.7563543319702148,-0.10681333392858505,0.8126183748245239
41,1.3666666666666667,0.47526097297668457,0.34127429127693176,-0.14813737571239471,0.9994707703590393,0.5093129873275757,0.38696813583374023,-0.04327389970421791,0.9999380111694336,0.45823007822036743,0.3907218873500824,-0.006888122763484716,0.9999457597732544,0.5178370475769043,0.45753708481788635,-0.08458031713962555,0.6898645162582397,0.44700637459754944,0.4500671923160553,-0.05424507334828377,0.684481680393219,0.5160961151123047,0.4740147590637207,-0.20237472653388977,0.5980873107910156,0.4563908576965332,0.46048223972320557,-0.20678985118865967,0.9025610089302063,0.500021755695343,0.5243080854415894,-0.01799655333161354,0.999955415725708,0.4721013009548187,0.5233871340751648,0.017930882051587105,0.9999713897705078,0.4995132088661194,0.6308820247650146,-0.07023067772388458,0.6282896995544434,0.4746921956539154,0.6187906861305237,-0.06273271143436432,0.7898511290550232,0.4960855543613434,0.6633593440055847,0.14451128244400024,0.3431103229522705,0.4861592650413513,0.7231239080429077,0.021995747461915016,0.8421464562416077,0.4891158640384674,0.7067826390266418,0.12721744179725647,0.40152403712272644,0.4871475100517273,0.757078230381012,-0.041170451790094376,0.8081917762756348
42,1.4,0.47523489594459534,0.34035515785217285,-0.14437231421470642,0.9994661211967468,0.5098221302032471,0.38716238737106323,-0.043080445379018784,0.9999365210533142,0.4587174952030182,0.39094090461730957,-0.006118571385741234,0.9999479055404663,0.5171504020690918,0.4551438093185425,-0.08461762964725494,0.6740236282348633,0.4477144777774811,0.44997477531433105,-0.05441934987902641,0.6726059317588806,0.5115151405334473,0.46731895208358765,-0.19765524566173553,0.5851050019264221,0.4565986096858978,0.46040594577789307,-0.20505812764167786,0.8946454524993896,0.49996811151504517,0.5235618352890015,-0.01586817391216755,0.9999570846557617,0.47203031182289124,0.52265465259552,0.01579117402434349,0.9999732971191406,0.4994312822818756,0.628105103969574,-0.055549245327711105,0.6100011467933655,0.47451257705688477,0.6180769801139832,-0.03982461243867874,0.7891643047332764,0.4969097077846527,0.6592462062835693,0.15565112233161926,0.3152385652065277,0.48593077063560486,0.7209650874137878,0.044643502682447433,0.8404936194419861,0.48649245500564575,0.6995866894721985,0.1386803388595581,0.37202271819114685,0.4872737526893616,0.7548699975013733,-0.01633986085653305,0.8032470941543579
43,1.4333333333333333,0.476917028427124,0.33898085355758667,-0.1465323567390442,0.9994845986366272,0.5099496245384216,0.3846833109855652,-0.03956940025091171,0.9999333024024963,0.45998334884643555,0.3865898847579956,-0.019323503598570824,0.9999509453773499,0.5175593495368958,0.4498277008533478,-0.05317723751068115,0.6543654799461365,0.4478461742401123,0.4422004818916321,-0.05561782047152519,0.693188488483429,0.511235773563385,0.46873095631599426,-0.14341703057289124,0.5618704557418823,0.4588223397731781,0.4550761878490448,-0.18799200654029846,0.9014706611633301,0.5002670884132385,0.5175307393074036,-0.008383920416235924,0.9999585151672363,0.47414207458496094,0.5167793035507202,0.008297832682728767,0.99997478723526,0.5006799697875977,0.6170567274093628,-0.06569850444793701,0.6377659440040588,0.4753752648830414,0.6180485486984253,-0.026073474436998367,0.8011640310287476,0.4991947114467621,0.6695346236228943,0.08185650408267975,0.35213494300842285,0.48622122406959534,0.7197107076644897,0.05902712792158127,0.8503293991088867,0.49531692266464233,0.7103025913238525,0.031250592321157455,0.40663138031959534,0.4870801866054535,0.7564831376075745,-0.007687503006309271,0.8134238719940186
44,1.4666666666666666,0.4774440824985504,0.3372754752635956,-0.14706064760684967,0.9994781017303467,0.5099440217018127,0.38461893796920776,-0.042095448821783066,0.9999296069145203,0.4603217542171478,0.3853384256362915,-0.020495330914855003,0.999953031539917,0.5176857113838196,0.45080217719078064,-0.0589374378323555,0.6326697468757629,0.44729822874069214,0.4398592710494995,-0.06032581254839897,0.7044879794120789,0.49978703260421753,0.46978697180747986,-0.14786088466644287,0.5305718779563904,0.4591759741306305,0.45291802287101746,-0.19065359234809875,0.9015173316001892,0.5002950429916382,0.5174983739852905,-0.006976013537496328,0.9999599456787109,0.4745640754699707,0.5166346430778503,0.006892058998346329,0.9999762177467346,0.5005892515182495,0.614479660987854,-0.06937965005636215,0.6535527110099792,0.4758946895599365,0.61898273229599,-0.026649411767721176,0.8029550313949585,0.4989503026008606,0.6795233488082886,0.08327095955610275,0.367235004901886,0.4864577651023865,0.7191310524940491,0.07021395117044449,0.853303074836731,0.4947827458381653,0.7260416746139526,0.03693661466240883,0.4223586618900299,0.48690277338027954,0.7573484778404236,0.004262981005012989,0.8153189420700073
45,1.5,0.47762757539749146,0.3342992961406708,-0.14542154967784882,0.9995023012161255,0.51015704870224,0.38458865880966187,-0.03566659241914749,0.9999276995658875,0.46064242720603943,0.3847590684890747,-0.01954171061515808,0.9999549388885498,0.5185793042182922,0.45043128728866577,-0.04897008836269379,0.6182534098625183,0.4473179876804352,0.4386727511882782,-0.05649694800376892,0.7188718914985657,0.5066123604774475,0.4704224765300751,-0.13927391171455383,0.5107678174972534,0.4593796133995056,0.4519788920879364,-0.17816273868083954,0.9015225768089294,0.5004984736442566,0.5167470574378967,-0.0055180140770971775,0.9999620318412781,0.47472772002220154,0.5159462094306946,0.005427608732134104,0.9999777674674988,0.5006323456764221,0.6113694906234741,-0.08072055876255035,0.6798445582389832,0.47601518034935,0.6189472675323486,-0.02446122094988823,0.8137844204902649,0.4991064965724945,0.6798891425132751,0.06645577400922775,0.40067481994628906,0.48654523491859436,0.7187118530273438,0.06888933479785919,0.8625304698944092,0.4966611862182617,0.7262802124023438,0.018670106306672096,0.45375925302505493,0.4867953360080719,0.7571995854377747,0.0031135408207774162,0.8251659870147705
46,1.5333333333333334,0.47975677251815796,0.32520046830177307,-0.14045928418636322,0.9994143843650818,0.5127185583114624,0.37057092785835266,-0.027588924393057823,0.9999282360076904,0.46375808119773865,0.3757752776145935,-0.029905106872320175,0.9999514818191528,0.5266249179840088,0.4250287711620331,-0.03998393192887306,0.6265645623207092,0.44747719168663025,0.425976425409317,-0.05900387093424797,0.7304549813270569,0.5250175595283508,0.4500086009502411,-0.1360798180103302,0.5316321849822998,0.4614434242248535,0.4465116858482361,-0.17227020859718323,0.9001648426055908,0.5017217397689819,0.4954502582550049,0.0024598105810582638,0.9999632835388184,0.4773181974887848,0.4960388243198395,-0.0025493206921964884,0.9999777674674988,0.5027984976768494,0.5912237167358398,-0.03429681062698364,0.706111490726471,0.47678041458129883,0.5941928625106812,-0.03434907644987106,0.8278469443321228,0.4987635612487793,0.6795684695243835,0.057290881872177124,0.45854857563972473,0.4842921197414398,0.6981590986251831,0.05227307602763176,0.8749174475669861,0.49998465180397034,0.7179431319236755,-0.018631603568792343,0.5060809254646301,0.4786514341831207,0.7308482527732849,-0.045344602316617966,0.8405771255493164
47,1.5666666666666667,0.48057252168655396,0.32467514276504517,-0.15599849820137024,0.9993870854377747,0.5133360028266907,0.37050196528434753,-0.04110640659928322,0.9999276399612427,0.46381983160972595,0.37409037351608276,-0.04513897746801376,0.999950110912323,0.5247580409049988,0.4315488040447235,-0.0456370934844017,0.6143218278884888,0.44677120447158813,0.42698097229003906,-0.06946271657943726,0.7353615760803223,0.5218172073364258,0.45403391122817993,-0.12637032568454742,0.5137326717376709,0.4632786810398102,0.44715261459350586,-0.17468078434467316,0.8854526877403259,0.5027674436569214,0.49660632014274597,0.0034379896242171526,0.9999635815620422,0.477888286113739,0.4963294267654419,-0.0035273742396384478,0.9999775886535645,0.5032016038894653,0.5903567671775818,-0.05502469092607498,0.7287928462028503,0.4774119257926941,0.5933775901794434,-0.042355746030807495,0.838274359703064,0.4985421597957611,0.6803758144378662,0.03308270871639252,0.5079734921455383,0.4840354919433594,0.696151077747345,0.026684070006012917,0.8847905397415161,0.500038743019104,0.7159411311149597,-0.04255814477801323,0.5504476428031921,0.4830666482448578,0.7293253540992737,-0.060186147689819336,0.8525451421737671
48,1.6,0.48097294569015503,0.31021302938461304,-0.06065931171178818,0.9994301199913025,0.5126774311065674,0.36267372965812683,-0.0010782212484627962,0.9999314546585083,0.4647936224937439,0.3707677125930786,0.03388643264770508,0.9999451637268066,0.5284213423728943,0.3741060793399811,-0.07694113254547119,0.6512051224708557,0.4462505280971527,0.4233962595462799,-0.013332282193005085,0.7340584397315979,0.49760523438453674,0.3572346866130829,-0.17667904496192932,0.5599825978279114,0.46366024017333984,0.4462376832962036,-0.1101614236831665,0.8704084157943726,0.5033724308013916,0.4883655607700348,0.0016407720977440476,0.9999651312828064,0.47906607389450073,0.490164577960968,-0.0017236905405297875,0.9999774098396301,0.5026423931121826,0.5863877534866333,-0.04621540382504463,0.743623673915863,0.4783371090888977,0.5908825397491455,-0.042857952415943146,0.84397292137146,0.49836403131484985,0.6807988286018372,0.03208089992403984,0.5434238910675049,0.48398762941360474,0.6946465969085693,0.0029991609044373035,0.8903294801712036,0.5004652738571167,0.7142799496650696,-0.044734083116054535,0.5839068293571472,0.4828854203224182,0.7296140193939209,-0.08274246007204056,0.8601223230361938
49,1.6333333333333333,0.48209691047668457,0.30907711386680603,-0.07563145458698273,0.9988622665405273,0.516000509262085,0.36511197686195374,0.0032476552296429873,0.9999067783355713,0.4645676612854004,0.369564950466156,0.0005761384963989258,0.9999272227287292,0.5267413854598999,0.3944229483604431,-0.026665687561035156,0.6136581897735596,0.4429444372653961,0.42198625206947327,-0.034259114414453506,0.7000754475593567,0.5262420177459717,0.4135470390319824,-0.1512189507484436,0.5346134901046753,0.462961345911026,0.4450995624065399,-0.13855522871017456,0.8363549709320068,0.5031619668006897,0.49428388476371765,0.011808925308287144,0.9999549388885498,0.47843050956726074,0.49534353613853455,-0.011831114999949932,0.9999682903289795,0.504245936870575,0.5932292342185974,0.0007125212578102946,0.7151540517807007,0.4905187487602234,0.5893014669418335,-0.1475493609905243,0.8401431441307068,0.4965284764766693,0.6840665340423584,0.1389153003692627,0.5518196225166321,0.4862075448036194,0.65605229139328,0.01414384227246046,0.8431425094604492,0.5000277757644653,0.7192351222038269,0.08060124516487122,0.5835233926773071,0.4876600205898285,0.6964048743247986,-0.018442213535308838,0.8148307204246521
50,1.6666666666666667,0.4823335111141205,0.3105853199958801,-0.10070230066776276,0.9981801509857178,0.5169057846069336,0.36715617775917053,0.0011328852269798517,0.9998698234558105,0.46416717767715454,0.3695259094238281,-0.016983836889266968,0.999912679195404,0.5262570381164551,0.41039085388183594,-0.020225021988153458,0.5725620985031128,0.4417154788970947,0.42161938548088074,-0.03456927835941315,0.67982417345047,0.5259764790534973,0.4272027015686035,-0.13477197289466858,0.5067518949508667,0.4624478220939636,0.4450409412384033,-0.12484029680490494,0.8214789032936096,0.5030465722084045,0.4968976676464081,0.012514926493167877,0.9999475479125977,0.47803443670272827,0.49757394194602966,-0.012544269673526287,0.9999620318412781,0.5054134130477905,0.594086229801178,-0.01305537112057209,0.7082005143165588,0.48864778876304626,0.5876485109329224,-0.12981221079826355,0.8389617800712585,0.4965148866176605,0.6843786835670471,0.1118784099817276,0.5786535143852234,0.4861329197883606,0.6550876498222351,0.045613013207912445,0.8149152994155884,0.4991995692253113,0.7203572392463684,0.05151060223579407,0.6038066744804382,0.48643383383750916,0.7001357078552246,0.009546937420964241,0.7861016988754272
51,1.7,0.4822377562522888,0.31338343024253845,-0.12177189439535141,0.9980581402778625,0.5166946649551392,0.36808595061302185,-0.007299522869288921,0.9998517632484436,0.4639793038368225,0.3694702982902527,-0.022404061630368233,0.9999098777770996,0.5259917378425598,0.41449204087257385,-0.02412363700568676,0.5395280718803406,0.4416719973087311,0.4221457540988922,-0.035068392753601074,0.6767153143882751,0.526105523109436,0.43162354826927185,-0.12501554191112518,0.47888341546058655,0.4621013104915619,0.4446587562561035,-0.12210160493850708,0.8181633949279785,0.5029579401016235,0.4976420998573303,0.01018773578107357,0.9999479055404663,0.4777542054653168,0.49836909770965576,-0.01023164950311184,0.9999622702598572,0.5056506991386414,0.594307541847229,-0.03073606826364994,0.7240619659423828,0.4871591031551361,0.5873777270317078,-0.11679692566394806,0.8473253846168518,0.4967138171195984,0.6850112080574036,0.09353671967983246,0.6136627793312073,0.4861825406551361,0.6611812114715576,0.04744793474674225,0.8148217797279358,0.4992620050907135,0.7212949991226196,0.024914437904953957,0.6346642374992371,0.4854063093662262,0.7054644823074341,0.006140886340290308,0.7855992317199707
52,1.7333333333333334,0.483401358127594,0.31091877818107605,-0.12361282110214233,0.9981345534324646,0.518937885761261,0.36511990427970886,-0.0026019129436463118,0.9998528957366943,0.46412143111228943,0.36895430088043213,-0.019052397459745407,0.9999006390571594,0.5280880331993103,0.4162376821041107,-0.03293045610189438,0.5479778051376343,0.4405342936515808,0.41914811730384827,-0.03776804357767105,0.6842436194419861,0.5303277969360352,0.4347672760486603,-0.15763495862483978,0.5077614784240723,0.4590640068054199,0.4419476389884949,-0.13823965191841125,0.820844829082489,0.5042682886123657,0.4982626736164093,0.008340372703969479,0.9999381899833679,0.47828513383865356,0.498979777097702,-0.00839148834347725,0.9999484419822693,0.5051732659339905,0.5948252081871033,-0.029444465413689613,0.7316896319389343,0.48692384362220764,0.5914840698242188,-0.09859823435544968,0.8427488803863525,0.4959191381931305,0.6940838694572449,0.07147806137800217,0.6421215534210205,0.4875113368034363,0.6571877598762512,0.0833587571978569,0.7817175984382629,0.49558281898498535,0.730562150478363,0.0004711821093223989,0.6580328345298767,0.48667091131210327,0.6912169456481934,0.050268661230802536,0.754065752029419
53,1.7666666666666666,0.4835333228111267,0.30972549319267273,-0.12210242450237274,0.9981817603111267,0.519781231880188,0.36533182859420776,-0.0051857056096196175,0.9998492002487183,0.4641736149787903,0.3688437044620514,-0.017419062554836273,0.9998907446861267,0.5276991724967957,0.4252229332923889,-0.044667355716228485,0.5459687113761902,0.4401938319206238,0.41937124729156494,-0.039652660489082336,0.6886803507804871,0.5291163325309753,0.4341730773448944,-0.17729853093624115,0.5245139598846436,0.4574976861476898,0.4420233368873596,-0.14255285263061523,0.8207038044929504,0.5045603513717651,0.4985377788543701,0.007417941931635141,0.9999319911003113,0.478231281042099,0.4994235634803772,-0.007474537938833237,0.9999374747276306,0.5047933459281921,0.5952423810958862,-0.06312079727649689,0.7443392276763916,0.48649296164512634,0.594885528087616,-0.09340783953666687,0.8331692814826965,0.4955509603023529,0.6964884996414185,0.023329146206378937,0.6689510941505432,0.4876589775085449,0.6436789035797119,0.10159291326999664,0.736465573310852,0.4938352704048157,0.7326712012290955,-0.04710925370454788,0.6813091039657593,0.4877695143222809,0.6737878322601318,0.0765032097697258,0.712984561920166
54,1.8,0.48351216316223145,0.3098970055580139,-0.12350071966648102,0.9981546998023987,0.5192536115646362,0.3659926950931549,-0.005866973660886288,0.9998400807380676,0.46418294310569763,0.3688357472419739,-0.018998395651578903,0.9998827576637268,0.5273909568786621,0.430973082780838,-0.04311887547373772,0.5349476933479309,0.4403002858161926,0.42002224922180176,-0.04117325693368912,0.6893952488899231,0.5281432271003723,0.4346146881580353,-0.16693013906478882,0.5277297496795654,0.456214040517807,0.4416520297527313,-0.14284875988960266,0.8171727061271667,0.5043676495552063,0.4991007149219513,0.007470231503248215,0.9999284744262695,0.47812265157699585,0.5005404353141785,-0.007529022637754679,0.999932587146759,0.5045530796051025,0.5955705642700195,-0.06559450924396515,0.7573872208595276,0.48625651001930237,0.5974648594856262,-0.09233981370925903,0.8291673064231873,0.4954594671726227,0.6967530846595764,0.03656245395541191,0.6918763518333435,0.48831701278686523,0.6549872159957886,0.09673596173524857,0.7109652161598206,0.49324122071266174,0.7337238788604736,-0.030208129435777664,0.7005435228347778,0.4880257546901703,0.6804662346839905,0.0670592412352562,0.6872885823249817
55,1.8333333333333333,0.4842606484889984,0.31604793667793274,-0.1052461713552475,0.9982668161392212,0.520520806312561,0.3675512671470642,0.015063325874507427,0.9998437762260437,0.46416813135147095,0.369005411863327,-0.0009271891904063523,0.9998918771743774,0.5283182263374329,0.43098607659339905,0.00909376796334982,0.5312932729721069,0.43926119804382324,0.4154689908027649,-0.013135179877281189,0.7139523029327393,0.5268117189407349,0.4475269019603729,-0.07471808046102524,0.5206384658813477,0.4558858275413513,0.44789212942123413,-0.10008449852466583,0.8330950736999512,0.5047353506088257,0.50459223985672,0.008223367854952812,0.9999233484268188,0.47765955328941345,0.5087019801139832,-0.008312095887959003,0.999931275844574,0.5060886144638062,0.6023581624031067,-0.07944042980670929,0.7678707242012024,0.48883429169654846,0.6106958389282227,-0.0842902660369873,0.8243866562843323,0.4942902624607086,0.7093101143836975,-0.011269542388617992,0.7107467651367188,0.4886849522590637,0.6926864981651306,0.0388166680932045,0.7066237926483154,0.49331387877464294,0.7424001693725586,-0.08650822937488556,0.7174301147460938,0.4887147545814514,0.7191513180732727,-0.01916387677192688,0.6804202198982239
56,1.8666666666666667,0.48465365171432495,0.31708449125289917,-0.08328815549612045,0.9983744025230408,0.5205369591712952,0.3679623603820801,0.029350901022553444,0.9998487830162048,0.4641014635562897,0.36935335397720337,0.013768975622951984,0.9999000430107117,0.5283318758010864,0.4302513897418976,0.033232785761356354,0.5166048407554626,0.4382355809211731,0.41267484426498413,0.0043114786967635155,0.7310984134674072,0.5263854265213013,0.45300474762916565,-0.033921368420124054,0.49714866280555725,0.4555304944515228,0.4490704834461212,-0.0736364871263504,0.8442041277885437,0.5050418376922607,0.5063474774360657,0.00826696865260601,0.9999237656593323,0.4776318073272705,0.5112520456314087,-0.008370599709451199,0.9999327659606934,0.5064460039138794,0.6057667136192322,-0.08894924074411392,0.7761275768280029,0.48850196599960327,0.6137561798095703,-0.0915958434343338,0.816408634185791,0.49238157272338867,0.7131928205490112,-0.04029122367501259,0.7281213402748108,0.488825261592865,0.6944746971130371,0.01458791084587574,0.6956650614738464,0.4931480884552002,0.7425123453140259,-0.11590570211410522,0.7328523397445679,0.48861733078956604,0.7240243554115295,-0.03910248726606369,0.6687330603599548
57,1.9,0.4845331609249115,0.31734538078308105,-0.0927414670586586,0.9984625577926636,0.5208866000175476,0.36849164962768555,0.02226095087826252,0.9998486638069153,0.4640299677848816,0.3695042133331299,0.0100474301725626,0.9999067783355713,0.5279591679573059,0.4302646517753601,0.03075472079217434,0.5004098415374756,0.4381021559238434,0.41196730732917786,0.007039470132440329,0.7458949089050293,0.5240353345870972,0.45447659492492676,-0.03164932504296303,0.4737955927848816,0.4550909101963043,0.44935205578804016,-0.06648186594247818,0.8535363078117371,0.5053665041923523,0.5068525671958923,0.00802498497068882,0.9999229311943054,0.47757720947265625,0.5118000507354736,-0.008127165026962757,0.9999338984489441,0.506661593914032,0.607577383518219,-0.07486467808485031,0.7779367566108704,0.48891276121139526,0.6153520941734314,-0.07336676120758057,0.8050057888031006,0.4920969605445862,0.7134475708007812,-0.00517353555187583,0.7379412055015564,0.48894262313842773,0.6987884640693665,0.02748907543718815,0.684609055519104,0.4929462969303131,0.7439900040626526,-0.07715683430433273,0.7406023740768433,0.4885110855102539,0.7281241416931152,-0.019557863473892212,0.6562841534614563
58,1.9333333333333333,0.48453211784362793,0.3173983693122864,-0.10645568370819092,0.9985749125480652,0.521348774433136,0.36871716380119324,0.0139345433562994,0.9998510479927063,0.46398457884788513,0.3696632385253906,0.004918287042528391,0.9999130964279175,0.527961790561676,0.4286595284938812,0.021243568509817123,0.49452322721481323,0.4381416440010071,0.41157349944114685,-0.0039072902873158455,0.7612072825431824,0.5240054726600647,0.45415082573890686,-0.04630444198846817,0.4636528789997101,0.4548780918121338,0.4494551718235016,-0.0845029279589653,0.862992525100708,0.5056397318840027,0.5079092979431152,0.007869966328144073,0.9999219179153442,0.4775330126285553,0.5128570199012756,-0.007969753816723824,0.9999348521232605,0.5068520307540894,0.6091781854629517,-0.06136246770620346,0.7809727191925049,0.48931413888931274,0.6163715720176697,-0.06047718599438667,0.7990976572036743,0.49190324544906616,0.713186502456665,0.013131496496498585,0.7488922476768494,0.4887917637825012,0.7022978663444519,0.05690113827586174,0.6812189817428589,0.49258822202682495,0.7453531622886658,-0.0561661496758461,0.7501709461212158,0.48845165967941284,0.7309048175811768,0.0017562743742018938,0.6518760919570923
59,1.9666666666666666,0.48521748185157776,0.32405608892440796,-0.10644032061100006,0.9987104535102844,0.5187365412712097,0.377367228269577,0.02605653740465641,0.9998624920845032,0.46394792199134827,0.37011295557022095,0.005246068350970745,0.9999198913574219,0.5294706225395203,0.43105798959732056,0.01292281411588192,0.5292028784751892,0.43827947974205017,0.4106801748275757,-0.010998391546308994,0.778634250164032,0.5243654251098633,0.46834683418273926,-0.06404244154691696,0.5041861534118652,0.45412081480026245,0.4513821601867676,-0.08617383241653442,0.874426007270813,0.5060256719589233,0.5207943320274353,0.011446959339082241,0.9999223351478577,0.47771111130714417,0.5254337191581726,-0.011535147204995155,0.9999354481697083,0.5068952441215515,0.6244555115699768,-0.029258865863084793,0.7911319732666016,0.4891965389251709,0.6275103688240051,-0.10181013494729996,0.8122406601905823,0.4911883473396301,0.7161493301391602,0.0821184441447258,0.7605502605438232,0.4850025773048401,0.7059780955314636,0.03444105014204979,0.689291775226593,0.4911646246910095,0.7513610124588013,0.019941575825214386,0.7605916261672974,0.48842087388038635,0.7350144386291504,-0.016609586775302887,0.6597325205802917
60,2.0,0.48615074157714844,0.3261973559856415,-0.09798125177621841,0.9988144040107727,0.5183538794517517,0.3805341422557831,0.02019514888525009,0.9998733997344971,0.46393465995788574,0.37129995226860046,0.014061255380511284,0.9999213814735413,0.5313568115234375,0.43955448269844055,-0.013826882466673851,0.570350706577301,0.4383407235145569,0.4082220792770386,-0.01382358092814684,0.7826078534126282,0.5248839259147644,0.47001540660858154,-0.1375027894973755,0.55083829164505,0.4535489082336426,0.45195090770721436,-0.12098704278469086,0.8807095885276794,0.5061711072921753,0.5217416286468506,0.01123910304158926,0.9999067783355713,0.4776797294616699,0.5239850878715515,-0.011315802112221718,0.9999092817306519,0.5067707300186157,0.6279264092445374,-0.014166489243507385,0.7562131881713867,0.48891669511795044,0.6229220628738403,-0.15476320683956146,0.8001367449760437,0.4905611574649811,0.7156574726104736,0.09678743779659271,0.7330756187438965,0.48336082696914673,0.6785776615142822,0.003921953029930592,0.638374388217926,0.4898659288883209,0.7488863468170166,0.035042133182287216,0.7332501411437988,0.48762696981430054,0.7079437971115112,-0.03386279568076134,0.6161027550697327
61,2.033333333333333,0.48671388626098633,0.32803744077682495,-0.09886260330677032,0.9988992214202881,0.518075704574585,0.3812943696975708,0.020977003499865532,0.9998819828033447,0.4642844796180725,0.3716159462928772,0.016011809930205345,0.9999232888221741,0.5314463376998901,0.44167792797088623,-0.012097536586225033,0.5997133255004883,0.4383917450904846,0.4058067202568054,-0.006377347745001316,0.785588264465332,0.5254773497581482,0.4700298011302948,-0.12949927151203156,0.5889029502868652,0.45305076241493225,0.45182761549949646,-0.1096438616514206,0.8870211839675903,0.506364107131958,0.5214293003082275,0.010822631418704987,0.9998960494995117,0.4776771664619446,0.5231688022613525,-0.010897910222411156,0.9998947978019714,0.5062775611877441,0.6338152885437012,-0.005866770166903734,0.7220873832702637,0.4885031580924988,0.6210325360298157,-0.15861786901950836,0.7881543636322021,0.49050718545913696,0.7290387749671936,0.10585645586252213,0.709658145904541,0.48325878381729126,0.6693248152732849,-0.004979256074875593,0.5912622213363647,0.48892921209335327,0.7559597492218018,0.04519333317875862,0.7084797024726868,0.48688483238220215,0.7044296264648438,-0.04219847172498703,0.5756749510765076
62,2.066666666666667,0.4865303933620453,0.32909828424453735,-0.10029133409261703,0.9989563822746277,0.517977774143219,0.38373687863349915,0.019627144560217857,0.9998863935470581,0.4635732173919678,0.3742327392101288,0.012799601070582867,0.9999212026596069,0.5310319066047668,0.4413429796695709,-0.02510024979710579,0.6206973195075989,0.4411390423774719,0.4063299894332886,-0.01037449948489666,0.7783834338188171,0.5195736289024353,0.46901312470436096,-0.15665844082832336,0.6150462031364441,0.45172205567359924,0.4516398012638092,-0.12407498061656952,0.8860602378845215,0.5064828991889954,0.5269627571105957,0.012530939653515816,0.9998891949653625,0.4779089391231537,0.5270290970802307,-0.012594903819262981,0.9998864531517029,0.5054740905761719,0.6357048749923706,0.004322724882513285,0.6846966743469238,0.48848897218704224,0.6197384595870972,-0.1479332149028778,0.77327960729599,0.4881926476955414,0.7385390400886536,0.11981157958507538,0.6842949986457825,0.4822509288787842,0.6733893156051636,0.0003677940112538636,0.5514391660690308,0.48933523893356323,0.7605259418487549,0.055688731372356415,0.6842376589775085,0.48680272698402405,0.7077054977416992,-0.04499251767992973,0.5406813025474548
63,2.1,0.48640498518943787,0.33142104744911194,-0.10053166002035141,0.9990059733390808,0.5179716944694519,0.3842407763004303,0.01792147569358349,0.9998922944068909,0.4634629189968109,0.3750169575214386,0.012491902336478233,0.9999208450317383,0.5311428308486938,0.44254645705223083,-0.02928094007074833,0.6426799893379211,0.4434085488319397,0.4062568247318268,-0.02687809430062771,0.7723862528800964,0.5199321508407593,0.4662902355194092,-0.15679621696472168,0.6435254216194153,0.45171576738357544,0.45136359333992004,-0.15618914365768433,0.8883069753646851,0.5068191885948181,0.5302121639251709,0.012048831209540367,0.999883234500885,0.47800716757774353,0.5290244221687317,-0.012114054523408413,0.9998793601989746,0.5048888921737671,0.6415632367134094,8.407140558119863e-05,0.6534659266471863,0.48837023973464966,0.6176624894142151,-0.159203439950943,0.7624461650848389,0.4878247380256653,0.7346692681312561,0.12254849821329117,0.6568716168403625,0.48095136880874634,0.6726018786430359,-0.004265996627509594,0.5140206217765808,0.4894139766693115,0.7591695189476013,0.06217540428042412,0.6594184637069702,0.4853803515434265,0.7051742076873779,-0.04719150438904762,0.5090066194534302
64,2.1333333333333333,0.4863089621067047,0.3326405882835388,-0.10306145995855331,0.9990561008453369,0.5179917216300964,0.38475099205970764,0.01567041501402855,0.9998969435691833,0.4634518027305603,0.37585046887397766,0.011635789647698402,0.9999195337295532,0.5316941142082214,0.4436820149421692,-0.02375810407102108,0.6553527116775513,0.4444649815559387,0.4067226052284241,-0.012217046692967415,0.766293466091156,0.5202359557151794,0.4648759663105011,-0.1412513554096222,0.6637275815010071,0.4518502652645111,0.4512624442577362,-0.11731181293725967,0.8864706158638,0.5071520805358887,0.5315412878990173,0.010870084166526794,0.9998819231987,0.47803544998168945,0.5298560857772827,-0.010940298438072205,0.9998779296875,0.5046635270118713,0.6386105418205261,-0.001499016652815044,0.6354062557220459,0.4860835075378418,0.6180323958396912,-0.13451895117759705,0.7527661919593811,0.4879458546638489,0.734418511390686,0.10867120325565338,0.6472311615943909,0.4801400601863861,0.6810460686683655,0.0034276999067515135,0.49291375279426575,0.48984289169311523,0.757593035697937,0.045493047684431076,0.6506724953651428,0.4824105203151703,0.7124322652816772,-0.042917218059301376,0.49176520109176636
65,2.1666666666666665,0.4860910475254059,0.332520067691803,-0.09209741652011871,0.9991186261177063,0.5179802179336548,0.3839404582977295,0.001183021697215736,0.9998997449874878,0.46301865577697754,0.37582269310951233,0.02219892293214798,0.9999152421951294,0.5316063761711121,0.4393458962440491,-0.07792128622531891,0.6856871843338013,0.44421976804733276,0.3882412314414978,-0.027952611446380615,0.7688602805137634,0.5123530626296997,0.44531261920928955,-0.20353186130523682,0.6928869485855103,0.449521541595459,0.4396776556968689,-0.15487514436244965,0.8903208374977112,0.5098482966423035,0.5342966914176941,0.006279016844928265,0.9998692870140076,0.4787495732307434,0.5338414311408997,-0.00634383037686348,0.9998655915260315,0.5044004321098328,0.654125452041626,-0.011654437519609928,0.600434422492981,0.48590102791786194,0.6116508841514587,-0.19449493288993835,0.744448184967041,0.48809343576431274,0.7539452314376831,0.10206019878387451,0.609675943851471,0.4810580611228943,0.6813908219337463,-0.03900020197033882,0.4583633542060852,0.4850086271762848,0.78305983543396,0.04059572145342827,0.6134151816368103,0.48209619522094727,0.7231606245040894,-0.07838110625743866,0.46195662021636963
66,2.2,0.4860040545463562,0.33058783411979675,-0.09656311571598053,0.9991273283958435,0.5179735422134399,0.38343608379364014,-0.004303190391510725,0.9998987913131714,0.46228379011154175,0.3757338225841522,0.01809900999069214,0.9999030232429504,0.5314466953277588,0.43694958090782166,-0.07764183729887009,0.7057434916496277,0.44485536217689514,0.39026543498039246,-0.04665730521082878,0.7508630752563477,0.5109677910804749,0.43838217854499817,-0.2013045847415924,0.7112856507301331,0.4499490261077881,0.43943414092063904,-0.18118509650230408,0.8820608854293823,0.5104126930236816,0.5327392220497131,0.004877431783825159,0.9998666048049927,0.47888320684432983,0.533062219619751,-0.00494327861815691,0.99986332654953,0.5061071515083313,0.645942747592926,-0.015118293464183807,0.5805450677871704,0.485828161239624,0.6117331981658936,-0.1947808712720871,0.7446192502975464,0.48819655179977417,0.7387586832046509,0.1255943924188614,0.5854635238647461,0.48227375745773315,0.6810932159423828,-0.015148395672440529,0.4370490312576294,0.4852709174156189,0.772442638874054,0.07452871650457382,0.5885963439941406,0.4822976589202881,0.7260589599609375,-0.054799504578113556,0.44330599904060364
67,2.2333333333333334,0.485853374004364,0.3295854926109314,-0.09810519218444824,0.9991530179977417,0.5179060101509094,0.38321176171302795,-0.003155964659526944,0.9998992085456848,0.4616449475288391,0.37470775842666626,0.01593078300356865,0.9998959898948669,0.5313594341278076,0.43552085757255554,-0.07549327611923218,0.7266789078712463,0.4450325071811676,0.39005839824676514,-0.05291702225804329,0.7467870116233826,0.5105535387992859,0.4354747235774994,-0.19890354573726654,0.7328142523765564,0.44993987679481506,0.4396769106388092,-0.19492845237255096,0.8854790329933167,0.5106139779090881,0.5311151146888733,0.0040401192381978035,0.9998524785041809,0.47898396849632263,0.5317277908325195,-0.004109256900846958,0.9998474717140198,0.5073403716087341,0.6423823237419128,-0.016439761966466904,0.5625682473182678,0.4856685698032379,0.6114575266838074,-0.1873888075351715,0.7383608818054199,0.4892194867134094,0.7331612706184387,0.12140145152807236,0.5637710094451904,0.48240503668785095,0.6771227121353149,-0.011913081631064415,0.4083673655986786,0.48615914583206177,0.76804518699646,0.06904161721467972,0.5655616521835327,0.4824446141719818,0.7250747084617615,-0.026714229956269264,0.4169762432575226
68,2.2666666666666666,0.4859141707420349,0.32221394777297974,-0.1247016042470932,0.9991526007652283,0.5178653001785278,0.3702402412891388,-0.00927324965596199,0.9999019503593445,0.4615987241268158,0.36807820200920105,0.0037494697608053684,0.9998974204063416,0.5351992249488831,0.43340760469436646,-0.08429457247257233,0.7476897835731506,0.4474354386329651,0.3926006853580475,-0.07763995230197906,0.7584157586097717,0.5105428099632263,0.42694777250289917,-0.22228887677192688,0.7557568550109863,0.45008721947669983,0.4399664103984833,-0.24705009162425995,0.8950944542884827,0.5118756890296936,0.524432897567749,0.0042806058190763,0.9998315572738647,0.482069730758667,0.5223903059959412,-0.004345095716416836,0.9998329281806946,0.5045713186264038,0.6325479745864868,-0.0060722241178154945,0.5459201335906982,0.4862234592437744,0.5904654860496521,-0.22884730994701385,0.7507213950157166,0.488880455493927,0.7183513045310974,0.13196590542793274,0.5640370845794678,0.48235398530960083,0.6612036228179932,-0.06309957802295685,0.41439899802207947,0.48681649565696716,0.7584760189056396,0.07109056413173676,0.5669112801551819,0.48001164197921753,0.7211761474609375,-0.10712812095880508,0.42873436212539673
69,2.3,0.48637738823890686,0.3208276629447937,-0.14181917905807495,0.9991582036018372,0.5175319910049438,0.3673114776611328,-0.02296978421509266,0.9999030232429504,0.46167683601379395,0.3665080964565277,-0.008635085076093674,0.9998961091041565,0.5376423597335815,0.431801438331604,-0.09867362678050995,0.7660531401634216,0.4476349353790283,0.3881458342075348,-0.08991234004497528,0.7628281712532043,0.5112882852554321,0.4244977831840515,-0.23371079564094543,0.7747274041175842,0.45024508237838745,0.43838241696357727,-0.2592659592628479,0.9021825194358826,0.5126424431800842,0.5221173167228699,0.002950166119262576,0.9998142123222351,0.48330631852149963,0.5186728835105896,-0.002998166251927614,0.9998199939727783,0.5041724443435669,0.630037784576416,-0.005351328756660223,0.5386384129524231,0.48626360297203064,0.5884068608283997,-0.225745290517807,0.7611957788467407,0.48866528272628784,0.71592777967453,0.1290515512228012,0.5753980278968811,0.4824294447898865,0.6552505493164062,-0.052848804742097855,0.42031997442245483,0.4871390759944916,0.7582826614379883,0.06410740315914154,0.5762878060340881,0.48041900992393494,0.7031131982803345,-0.09815023839473724,0.4388614296913147
70,2.3333333333333335,0.48634177446365356,0.3197343051433563,-0.14693444967269897,0.9991445541381836,0.5173565149307251,0.36672815680503845,-0.02965686284005642,0.9999054074287415,0.46171730756759644,0.36586472392082214,-0.01168348640203476,0.9998902082443237,0.537812352180481,0.4317206144332886,-0.10474703460931778,0.7829983830451965,0.449462890625,0.39028486609458923,-0.09022963047027588,0.7548303008079529,0.5113802552223206,0.4238121807575226,-0.24114644527435303,0.7924997210502625,0.4507908821105957,0.4389585256576538,-0.25863587856292725,0.9046035408973694,0.5130269527435303,0.5213936567306519,0.0019523464143276215,0.9998070001602173,0.48365625739097595,0.5179521441459656,-0.0019969239365309477,0.999811589717865,0.5040443539619446,0.6273747682571411,-0.008869204670190811,0.5360421538352966,0.486228883266449,0.5902351140975952,-0.21944189071655273,0.7708273530006409,0.48869556188583374,0.712873101234436,0.12972386181354523,0.5862364768981934,0.4824671149253845,0.6604688763618469,-0.037537552416324615,0.4284190833568573,0.48741984367370605,0.756900429725647,0.06546623259782791,0.5856114029884338,0.48067861795425415,0.7062175869941711,-0.0810244083404541,0.4494568705558777
71,2.3666666666666667,0.4859932065010071,0.31204745173454285,-0.14044740796089172,0.9992251992225647,0.5171155333518982,0.35803645849227905,-0.032172150909900665,0.9999142289161682,0.46173182129859924,0.3586951792240143,-0.007687730249017477,0.9999009370803833,0.5403570532798767,0.4248879849910736,-0.1034407988190651,0.8043869733810425,0.4498206079006195,0.38722488284111023,-0.07283993065357208,0.7785883545875549,0.510654091835022,0.41868922114372253,-0.2239314317703247,0.8130205869674683,0.4521041512489319,0.4360699951648712,-0.22524335980415344,0.9138466715812683,0.5130216479301453,0.5090554356575012,-0.0042463624849915504,0.9998219013214111,0.48344534635543823,0.5016246438026428,0.004156819079071283,0.9998297691345215,0.503522515296936,0.6221336722373962,0.0022408959921449423,0.574478030204773,0.485773503780365,0.5569443106651306,-0.26812654733657837,0.7934778928756714,0.4886901378631592,0.6623840928077698,0.20926856994628906,0.5341521501541138,0.48313266038894653,0.6684848070144653,-0.2811024785041809,0.48536404967308044,0.47658953070640564,0.7075697779655457,0.16385653614997864,0.5474740862846375,0.4811984896659851,0.7037572860717773,-0.39092764258384705,0.5043650269508362
72,2.4,0.48458561301231384,0.30957192182540894,-0.1344909518957138,0.9992908239364624,0.5166602730751038,0.35449734330177307,-0.0316048339009285,0.9999216198921204,0.46180829405784607,0.3541274964809418,-0.00646504620090127,0.9999099969863892,0.5404945611953735,0.4176695644855499,-0.09688523411750793,0.8232004642486572,0.4493834972381592,0.37622690200805664,-0.04028720781207085,0.7981255650520325,0.5095134973526001,0.4167742133140564,-0.21245026588439941,0.8310646414756775,0.45253491401672363,0.43232646584510803,-0.15725627541542053,0.9214054942131042,0.5128346085548401,0.5039786100387573,-0.0033441055566072464,0.9998331069946289,0.48337310552597046,0.4977225065231323,0.003256607800722122,0.999845027923584,0.5038686990737915,0.6106346845626831,-0.002024106215685606,0.5649580359458923,0.4857609272003174,0.5597825646400452,-0.23717892169952393,0.8116546273231506,0.48542293906211853,0.6687980890274048,0.1568942666053772,0.4919464588165283,0.4846796989440918,0.6705049872398376,-0.23023228347301483,0.5324194431304932,0.46813148260116577,0.7125399112701416,0.10390524566173553,0.5121782422065735,0.48222312331199646,0.7032346725463867,-0.3228376507759094,0.5507879257202148
73,2.433333333333333,0.48323577642440796,0.30843356251716614,-0.13146516680717468,0.9993511438369751,0.5161067843437195,0.35450848937034607,-0.026939313858747482,0.9999282360076904,0.4620986580848694,0.3526751399040222,0.011023148894309998,0.9999182224273682,0.53971928358078,0.4143930971622467,-0.0917711928486824,0.8399524688720703,0.44930440187454224,0.3755677044391632,-0.01783950813114643,0.8142961859703064,0.5088258385658264,0.4148906171321869,-0.21082715690135956,0.8471975326538086,0.4526344835758209,0.43083804845809937,-0.1380583792924881,0.9280604124069214,0.5127866864204407,0.50074303150177,-0.004091239534318447,0.9998425245285034,0.4835726320743561,0.4941598176956177,0.0040036956779658794,0.9998583793640137,0.5038675665855408,0.6037258505821228,-0.008225996978580952,0.5386609435081482,0.4856937825679779,0.5625320672988892,-0.22154870629310608,0.8246315121650696,0.48457616567611694,0.6689358353614807,0.15213556587696075,0.44786012172698975,0.4850808084011078,0.6732802987098694,-0.19197024405002594,0.5671126842498779,0.47407612204551697,0.7054577469825745,0.10516804456710815,0.47078078985214233,0.48230329155921936,0.7044777870178223,-0.2795211374759674,0.5866640210151672
74,2.466666666666667,0.482799768447876,0.3070650100708008,-0.1156386137008667,0.9994052052497864,0.5158073902130127,0.35397017002105713,-0.014687344431877136,0.9999337792396545,0.46218639612197876,0.3520219922065735,0.01944989524781704,0.999924898147583,0.5392081141471863,0.41310420632362366,-0.08825227618217468,0.8548498153686523,0.4496935307979584,0.3762378692626953,-0.025076761841773987,0.827794075012207,0.5084593296051025,0.4141344428062439,-0.21041281521320343,0.8617163896560669,0.4526882767677307,0.4302594065666199,-0.15781772136688232,0.9342548847198486,0.5126235485076904,0.5000229477882385,-0.003050904255360365,0.9998428225517273,0.48380178213119507,0.49503785371780396,0.0029673047829419374,0.9998663067817688,0.5038926005363464,0.5996542572975159,-0.017412561923265457,0.514572262763977,0.485872358083725,0.5609852075576782,-0.22396007180213928,0.8332375884056091,0.48320889472961426,0.6731534600257874,0.11612262576818466,0.4147777259349823,0.48589348793029785,0.6717004776000977,-0.18342895805835724,0.5900893807411194,0.47654828429222107,0.709743320941925,0.060878075659275055,0.44307753443717957,0.48374098539352417,0.7041870355606079,-0.26371365785598755,0.6134938597679138
75,2.5,0.4819641709327698,0.3072105646133423,-0.09229960292577744,0.9994214177131653,0.5154672861099243,0.3500109314918518,0.009944080375134945,0.9999330043792725,0.4622761607170105,0.3497062623500824,0.019484590739011765,0.9999314546585083,0.5373104810714722,0.4042440950870514,-0.042978640645742416,0.8533584475517273,0.4496467709541321,0.37512269616127014,0.008169963024556637,0.8392252922058105,0.5112937092781067,0.4170677661895752,-0.15549743175506592,0.8503513336181641,0.45287060737609863,0.42965424060821533,-0.07250837981700897,0.9391793012619019,0.512489378452301,0.4966641664505005,0.003138585016131401,0.9998536705970764,0.4841688275337219,0.48947256803512573,-0.0032388982363045216,0.9998788237571716,0.5045617818832397,0.5984882712364197,-0.01235391478985548,0.4812420606613159,0.4858771860599518,0.561812698841095,-0.2188796103000641,0.8438907861709595,0.4782158434391022,0.6477873921394348,0.13719353079795837,0.37629351019859314,0.48581117391586304,0.6759840846061707,-0.219257190823555,0.6193030476570129,0.47365689277648926,0.6840015649795532,0.1016126275062561,0.4047536551952362,0.4837161898612976,0.7110153436660767,-0.3086521625518799,0.6410006284713745
76,2.533333333333333,0.48179763555526733,0.3062659502029419,-0.08537708967924118,0.9994619488716125,0.5154724717140198,0.3488958477973938,0.022363346070051193,0.9999338388442993,0.46223920583724976,0.3486335575580597,0.020586451515555382,0.9999378323554993,0.5367006063461304,0.40384042263031006,-0.03157983720302582,0.854394793510437,0.44959768652915955,0.37629371881484985,0.007071343250572681,0.8510873317718506,0.5122967958450317,0.41844606399536133,-0.14643070101737976,0.8400855660438538,0.4530670642852783,0.42976298928260803,-0.0748717337846756,0.9436617493629456,0.5124530792236328,0.4959542155265808,0.00861244834959507,0.9998644590377808,0.48405423760414124,0.48666465282440186,-0.00870216079056263,0.9998904466629028,0.5056573748588562,0.6008613109588623,-0.0050535304471850395,0.45499762892723083,0.485878050327301,0.5580875873565674,-0.23673352599143982,0.8569374680519104,0.4788454473018646,0.6413760185241699,0.1561509072780609,0.3410022258758545,0.4843626916408539,0.6799525618553162,-0.2515689730644226,0.6515908241271973,0.47350478172302246,0.678784191608429,0.11525864899158478,0.36980533599853516,0.4860592484474182,0.7094210386276245,-0.3512313961982727,0.6717262268066406
77,2.566666666666667,0.4818228781223297,0.30646684765815735,-0.06663741916418076,0.9995012879371643,0.5153842568397522,0.3488940894603729,0.03551153838634491,0.9999345541000366,0.4621427059173584,0.3479337692260742,0.03404520824551582,0.9999436736106873,0.5357031226158142,0.40406370162963867,-0.02896411158144474,0.8561949133872986,0.4499111771583557,0.37754762172698975,0.02086099050939083,0.8609011173248291,0.5119476914405823,0.41915133595466614,-0.1493454873561859,0.8314733505249023,0.45320218801498413,0.4295631945133209,-0.055435456335544586,0.9474150538444519,0.5123873949050903,0.4960367977619171,0.009679356589913368,0.9998754262924194,0.483786016702652,0.48589766025543213,-0.009758208878338337,0.9999011158943176,0.5056241154670715,0.6035031080245972,-0.00232943007722497,0.4311375916004181,0.4859030842781067,0.5569907426834106,-0.24096615612506866,0.869316816329956,0.47785934805870056,0.6375693678855896,0.1591573804616928,0.3088191747665405,0.48428839445114136,0.6795517802238464,-0.2715778946876526,0.6819971203804016,0.4729883670806885,0.6681662201881409,0.12053002417087555,0.3375117778778076,0.4868338704109192,0.7067722082138062,-0.37368839979171753,0.7003833651542664
78,2.6,0.4808081090450287,0.30673015117645264,-0.11718334257602692,0.9995313882827759,0.5152885317802429,0.34926727414131165,0.033507294952869415,0.9999263286590576,0.4621706008911133,0.3510247766971588,0.0020292173139750957,0.9999480843544006,0.5343306660652161,0.4066767394542694,-0.017604799941182137,0.8200743794441223,0.44981104135513306,0.3870810270309448,-0.0007077199988998473,0.8613777756690979,0.5177888870239258,0.431768000125885,-0.12273260205984116,0.7798221111297607,0.45424142479896545,0.4343112111091614,-0.09887629002332687,0.9472073316574097,0.5123476982116699,0.49565446376800537,0.00840083323419094,0.9998831748962402,0.4842996597290039,0.48813119530677795,-0.008482946082949638,0.9999101758003235,0.5073433518409729,0.6040402054786682,-0.004906772635877132,0.4009970724582672,0.48501500487327576,0.5833697319030762,-0.09778393805027008,0.8612917065620422,0.48311272263526917,0.6202752590179443,0.18491151928901672,0.27922460436820984,0.48800307512283325,0.7068821787834167,-0.05980232357978821,0.6885796785354614,0.4772659242153168,0.6528546810150146,0.17032945156097412,0.306380033493042,0.49290865659713745,0.7413173913955688,-0.13636769354343414,0.6959436535835266
79,2.6333333333333333,0.48023706674575806,0.3068040907382965,-0.1150292381644249,0.9995448589324951,0.5151690244674683,0.34931349754333496,0.017567681148648262,0.9999123215675354,0.4622248709201813,0.35225802659988403,0.00031116820173338056,0.9999518990516663,0.5335242748260498,0.407116562128067,0.004197560250759125,0.7667864561080933,0.44981393218040466,0.3903179466724396,-0.0023516654036939144,0.8562417030334473,0.5192140340805054,0.43557146191596985,-0.08477123081684113,0.7152344584465027,0.45495954155921936,0.4365273416042328,-0.08160053193569183,0.943974494934082,0.5122023820877075,0.49593988060951233,0.008851813152432442,0.9998908638954163,0.4843863546848297,0.49054083228111267,-0.008953386917710304,0.9999184608459473,0.5087544322013855,0.6049658060073853,-0.017938069999217987,0.37422361969947815,0.4849664568901062,0.5873658657073975,-0.09372636675834656,0.8495617508888245,0.4831269383430481,0.6158474087715149,0.16746728122234344,0.2526962161064148,0.4894210696220398,0.7101253867149353,-0.050132911652326584,0.6904366612434387,0.4783710837364197,0.6530163288116455,0.1500236988067627,0.27867645025253296,0.4953782558441162,0.7462596297264099,-0.12159550189971924,0.6876806020736694
80,2.6666666666666665,0.47986072301864624,0.306783527135849,-0.10117001831531525,0.9995650053024292,0.5151275396347046,0.34958139061927795,0.02583712711930275,0.9999073147773743,0.4623498022556305,0.3532928228378296,0.0011060077231377363,0.999955415725708,0.5323256850242615,0.40777724981307983,0.009304163977503777,0.731112003326416,0.44986844062805176,0.39160284399986267,-0.005445881746709347,0.8520579934120178,0.5205680727958679,0.43730050325393677,-0.09088010340929031,0.6706698536872864,0.4554371237754822,0.4376757740974426,-0.09722448885440826,0.9424858689308167,0.511894166469574,0.496529757976532,0.00992041639983654,0.9998979568481445,0.4843684732913971,0.4918633699417114,-0.010026528500020504,0.9999257922172546,0.5096532702445984,0.605268120765686,-0.023266658186912537,0.35111984610557556,0.48497551679611206,0.5888843536376953,-0.09975633025169373,0.8385754227638245,0.4822349548339844,0.6305682063102722,0.15934929251670837,0.2290974259376526,0.48989564180374146,0.7129428386688232,-0.059100933372974396,0.6909704208374023,0.4765082001686096,0.6629126071929932,0.13403522968292236,0.2541322112083435,0.4952542185783386,0.751765251159668,-0.13136540353298187,0.6785995960235596
81,2.7,0.4799741208553314,0.31094875931739807,-0.15847960114479065,0.9995421171188354,0.515360951423645,0.3518470525741577,-0.024939827620983124,0.9999054670333862,0.46193844079971313,0.36094486713409424,-0.03310812637209892,0.9999564290046692,0.531505286693573,0.4107998311519623,-0.05077243596315384,0.725663423538208,0.4468344748020172,0.41382840275764465,-0.04492922127246857,0.8539556264877319,0.5258908271789551,0.4461081922054291,-0.17521855235099792,0.668420672416687,0.45546022057533264,0.45060259103775024,-0.14254240691661835,0.9405931830406189,0.5120314359664917,0.5038435459136963,0.00950036384165287,0.9998999834060669,0.48432573676109314,0.5043086409568787,-0.009597907774150372,0.9999305009841919,0.5095638036727905,0.6161031723022461,-0.013992682099342346,0.3448069393634796,0.48475518822669983,0.599462628364563,-0.10640360414981842,0.843741238117218,0.48538416624069214,0.6651986241340637,0.17119480669498444,0.2166413962841034,0.4895728528499603,0.721418023109436,-0.060649383813142776,0.7092409729957581,0.4832650125026703,0.6980761289596558,0.1395116150379181,0.2447216510772705,0.49418559670448303,0.7586784362792969,-0.14223626255989075,0.6932946443557739
82,2.7333333333333334,0.4800449013710022,0.312774121761322,-0.16677525639533997,0.9995426535606384,0.5155998468399048,0.35451802611351013,-0.03587308153510094,0.9999070763587952,0.4619416296482086,0.3640453815460205,-0.045781396329402924,0.9999581575393677,0.5292402505874634,0.4247443675994873,-0.06398658454418182,0.718959391117096,0.4459584653377533,0.41653209924697876,-0.06654693186283112,0.8526996970176697,0.5271263122558594,0.45382118225097656,-0.1862303614616394,0.6688063144683838,0.4554356634616852,0.45116516947746277,-0.16811256110668182,0.9350224733352661,0.5124378204345703,0.5065690875053406,0.010417936369776726,0.9999027252197266,0.48460817337036133,0.5082384347915649,-0.010509504936635494,0.999935507774353,0.509183943271637,0.615510880947113,-0.010537452064454556,0.32403090596199036,0.48438650369644165,0.6035017967224121,-0.10565423965454102,0.8446484804153442,0.4878714680671692,0.6392242908477783,0.19660864770412445,0.19708286225795746,0.4892713129520416,0.728265643119812,-0.06549765914678574,0.7218589186668396,0.4842042326927185,0.6653419137001038,0.18006642162799835,0.22457151114940643,0.493196576833725,0.7644487023353577,-0.14594310522079468,0.700509786605835
83,2.7666666666666666,0.48006051778793335,0.31276413798332214,-0.15237566828727722,0.9995054006576538,0.5157243013381958,0.3552377223968506,-0.023352380841970444,0.9999011158943176,0.46193885803222656,0.3650221526622772,-0.03202594071626663,0.9999591112136841,0.5298234820365906,0.41912171244621277,-0.056486159563064575,0.6993858814239502,0.44533833861351013,0.41681426763534546,-0.05515427514910698,0.8482968807220459,0.5265440344810486,0.4489555358886719,-0.18071506917476654,0.6461897492408752,0.4553760886192322,0.4513969421386719,-0.15846726298332214,0.9290483593940735,0.512614905834198,0.5109680891036987,0.009953834116458893,0.999906599521637,0.48457056283950806,0.5122581124305725,-0.01004689559340477,0.9999405741691589,0.5083986520767212,0.6210020780563354,-0.01941891759634018,0.3086724877357483,0.4841977059841156,0.6051892638206482,-0.10124125331640244,0.843751847743988,0.48768582940101624,0.6327489614486694,0.18970578908920288,0.17929518222808838,0.48920661211013794,0.7335881590843201,-0.049538590013980865,0.730226993560791,0.4783828854560852,0.6652135848999023,0.1771681159734726,0.20576733350753784,0.490975946187973,0.771760106086731,-0.12290748208761215,0.7014279961585999
84,2.8,0.48007187247276306,0.31488853693008423,-0.14173641800880432,0.9995211958885193,0.5157021284103394,0.36443719267845154,-0.01742413267493248,0.9999033808708191,0.4617689549922943,0.3774702847003937,-0.02371302619576454,0.9999604821205139,0.5239752531051636,0.4373163878917694,-0.06160299852490425,0.683751106262207,0.44667547941207886,0.4466148018836975,-0.06795410066843033,0.8421726822853088,0.5291139483451843,0.4578343331813812,-0.2103528082370758,0.6545856595039368,0.4560483992099762,0.4598860740661621,-0.20097212493419647,0.9331292510032654,0.511721670627594,0.5258639454841614,0.009846661239862442,0.9999081492424011,0.48339882493019104,0.5248352289199829,-0.009922479279339314,0.9999440312385559,0.507551908493042,0.6361744999885559,-0.04823094978928566,0.3066841959953308,0.4840559959411621,0.635256826877594,-0.04286300763487816,0.8235210180282593,0.48434343934059143,0.626015841960907,0.1815742403268814,0.16281408071517944,0.48619407415390015,0.732421338558197,0.06541852653026581,0.7091013193130493,0.47064846754074097,0.6541808247566223,0.17979374527931213,0.1885378211736679,0.4890979826450348,0.7687469720840454,0.016471875831484795,0.6704278588294983
85,2.8333333333333335,0.48006677627563477,0.3150794804096222,-0.1391519159078598,0.9995155930519104,0.5160290002822876,0.3664039075374603,-0.016326280310750008,0.9999048113822937,0.4617505669593811,0.3800170123577118,-0.021717853844165802,0.9999604225158691,0.5248221755027771,0.43562546372413635,-0.06630675494670868,0.6745622754096985,0.44752150774002075,0.4453640282154083,-0.061948902904987335,0.827168881893158,0.5299863219261169,0.4562470018863678,-0.21369604766368866,0.6520363688468933,0.45704370737075806,0.4616287350654602,-0.185040682554245,0.9250580072402954,0.5117153525352478,0.5258612036705017,0.009665608406066895,0.9999113082885742,0.4832457900047302,0.5251662731170654,-0.009749659337103367,0.9999476075172424,0.5062440633773804,0.6368486881256104,-0.03928598389029503,0.28839370608329773,0.4842796325683594,0.6210889220237732,-0.09655054658651352,0.8087934851646423,0.48413562774658203,0.6309706568717957,0.18486766517162323,0.14712992310523987,0.48443612456321716,0.7265271544456482,-0.029563913121819496,0.6844304203987122,0.47248560190200806,0.656392514705658,0.18289148807525635,0.17096427083015442,0.4872375428676605,0.7617175579071045,-0.0927216187119484,0.6409910321235657
86,2.8666666666666667,0.47985950112342834,0.3152143359184265,-0.13782252371311188,0.9995117783546448,0.5162926912307739,0.3684636950492859,-0.01531066931784153,0.9999051094055176,0.4614277780056,0.38248878717422485,-0.022392455488443375,0.9999603033065796,0.5259369611740112,0.4364181160926819,-0.0605754628777504,0.6591785550117493,0.44775933027267456,0.45053017139434814,-0.06622745841741562,0.8140995502471924,0.5305513143539429,0.45451226830482483,-0.1959163099527359,0.6472358107566833,0.4571135640144348,0.4627363979816437,-0.19235660135746002,0.9211089015007019,0.5117328763008118,0.5285173058509827,0.009557711891829967,0.9999131560325623,0.4829932749271393,0.5288028120994568,-0.009648834355175495,0.9999504685401917,0.5056076049804688,0.63462895154953,-0.06372673809528351,0.28023600578308105,0.48570141196250916,0.6234858632087708,-0.10394853353500366,0.8000960350036621,0.48220452666282654,0.6274909377098083,0.16411283612251282,0.13356588780879974,0.48703107237815857,0.7294126749038696,-0.02819700539112091,0.6708785891532898,0.4626426696777344,0.6571166515350342,0.16792748868465424,0.1562734991312027,0.48863378167152405,0.7657944560050964,-0.08271916955709457,0.6216485500335693
87,2.9,0.4797223210334778,0.3136191964149475,-0.11673275381326675,0.999548614025116,0.5162900686264038,0.3684677481651306,-0.010794861242175102,0.9999098181724548,0.46135663986206055,0.3810618817806244,0.004889186006039381,0.9999611973762512,0.530541181564331,0.43380454182624817,-0.05877004191279411,0.6533907651901245,0.44809824228286743,0.446428120136261,-0.05226997658610344,0.810941755771637,0.5281542539596558,0.4455426037311554,-0.1945522278547287,0.6525129079818726,0.45886126160621643,0.4603610038757324,-0.17977191507816315,0.9176285862922668,0.5102243423461914,0.5259575843811035,-0.0027629989199340343,0.9999111890792847,0.4814438819885254,0.5249735116958618,0.0025916588492691517,0.9999496936798096,0.5053739547729492,0.6053647994995117,-0.1786637008190155,0.2991769015789032,0.48219791054725647,0.6264573335647583,-0.019828882068395615,0.7480113506317139,0.48272210359573364,0.6284413933753967,-0.05343946814537048,0.12407109141349792,0.4875757098197937,0.7360606789588928,0.04692697152495384,0.6433707475662231,0.462808758020401,0.6529767513275146,-0.0954538956284523,0.14872078597545624,0.4864341616630554,0.7702317237854004,-0.020882049575448036,0.5898247361183167
88,2.933333333333333,0.47971296310424805,0.31340914964675903,-0.09918813407421112,0.999589204788208,0.5162924528121948,0.3685995638370514,0.008423903025686741,0.9999161958694458,0.46117836236953735,0.3804672956466675,0.0214170441031456,0.9999622106552124,0.5337046980857849,0.4331020712852478,-0.046662405133247375,0.6551410555839539,0.4478820860385895,0.4454079866409302,-0.03488042205572128,0.8086747527122498,0.5273066163063049,0.44248872995376587,-0.19436611235141754,0.6693205237388611,0.45912814140319824,0.4596492052078247,-0.17502672970294952,0.914448082447052,0.5096520185470581,0.5250241160392761,-0.005897899158298969,0.99990314245224,0.4807671904563904,0.5228146910667419,0.0057019866071641445,0.9999424815177917,0.505185604095459,0.5764337182044983,-0.22342021763324738,0.32596296072006226,0.4806661605834961,0.62674480676651,-0.013138232752680779,0.6973080039024353,0.48500126600265503,0.6183966994285583,-0.18071748316287994,0.1263652890920639,0.48847728967666626,0.7372157573699951,0.04762697219848633,0.6103097200393677,0.4726387858390808,0.6341800093650818,-0.2526386082172394,0.1650972068309784,0.4857470989227295,0.7729427814483643,-0.025409158319234848,0.5595056414604187
89,2.966666666666667,0.4797235429286957,0.31293538212776184,-0.09271858632564545,0.9996227025985718,0.5162802934646606,0.36871960759162903,0.015037673525512218,0.9999209046363831,0.4611077308654785,0.380639910697937,0.02257109060883522,0.9999628663063049,0.534384548664093,0.4325155019760132,-0.0370522066950798,0.6463086009025574,0.4476012587547302,0.4454149007797241,-0.028209786862134933,0.8036478161811829,0.5268851518630981,0.44051891565322876,-0.17981144785881042,0.6784166097640991,0.4589848518371582,0.45931869745254517,-0.15883247554302216,0.9086964130401611,0.5091330409049988,0.5233531594276428,-0.0042145224288105965,0.9998964667320251,0.4800453186035156,0.5224485397338867,0.004025271162390709,0.9999374747276306,0.5051740407943726,0.5733267664909363,-0.20127305388450623,0.33584368228912354,0.48023223876953125,0.6276140213012695,-0.021573523059487343,0.647156298160553,0.49016880989074707,0.6175047755241394,-0.1360200196504593,0.12015234678983688,0.487719863653183,0.7422242760658264,0.037081651389598846,0.575927734375,0.4824037551879883,0.6346808671951294,-0.19701062142848969,0.16278454661369324,0.48522648215293884,0.772765040397644,-0.033237703144550323,0.5253390073776245
90,3.0,0.4797338843345642,0.3129395544528961,-0.0840529054403305,0.9996581673622131,0.5162510871887207,0.3687399625778198,0.024145733565092087,0.9999260902404785,0.461101770401001,0.3802899718284607,0.030902747064828873,0.9999637603759766,0.5345379114151001,0.4319814443588257,-0.02818380855023861,0.6664564609527588,0.44706887006759644,0.4442095458507538,-0.012818257324397564,0.8088533878326416,0.5260093212127686,0.43802985548973083,-0.16610795259475708,0.7023099660873413,0.4588380455970764,0.45935818552970886,-0.12695765495300293,0.9109058380126953,0.5089098215103149,0.5218549370765686,-0.004437620751559734,0.9998918175697327,0.4799436032772064,0.5216644406318665,0.004250660538673401,0.9999327659606934,0.5066666603088379,0.5522273778915405,-0.2224559336900711,0.3817122280597687,0.4802219867706299,0.6273833513259888,-0.023330874741077423,0.6435404419898987,0.49218907952308655,0.6122222542762756,-0.23358044028282166,0.15225380659103394,0.48785561323165894,0.7434969544410706,0.033308591693639755,0.5872781872749329,0.4880775809288025,0.6195241808891296,-0.3130073845386505,0.2217576950788498,0.4850848317146301,0.7761319279670715,-0.03851132094860077,0.5350344777107239
91,3.033333333333333,0.48072415590286255,0.31230628490448,-0.09744352102279663,0.9996422529220581,0.5167988538742065,0.3629704415798187,0.011982524767518044,0.9999291300773621,0.4625907838344574,0.3759908378124237,0.019134681671857834,0.9999639987945557,0.5353215932846069,0.4309315085411072,-0.029028747230768204,0.6657164692878723,0.44739723205566406,0.4430483877658844,-0.024291805922985077,0.810853898525238,0.5234750509262085,0.43822747468948364,-0.1694152057170868,0.6925228238105774,0.4639364182949066,0.4519524872303009,-0.15254294872283936,0.9053633809089661,0.5092822313308716,0.504310667514801,-0.003551807953044772,0.9998937249183655,0.48032236099243164,0.5059633255004883,0.003372055944055319,0.9999328851699829,0.5077590346336365,0.5701237320899963,-0.21142175793647766,0.4270786643028259,0.4802778363227844,0.6207276582717896,-0.04776499792933464,0.6365396976470947,0.5082336664199829,0.6559680700302124,-0.12077087163925171,0.16431497037410736,0.48852449655532837,0.7399217486381531,0.01296224258840084,0.5957726836204529,0.5032840967178345,0.7051653265953064,-0.18793216347694397,0.23463687300682068,0.4879675507545471,0.7743982076644897,-0.07227969169616699,0.5368929505348206
92,3.066666666666667,0.4810897409915924,0.31140613555908203,-0.1012604832649231,0.9995970726013184,0.5169408321380615,0.3614913821220398,-0.014308932237327099,0.9999305605888367,0.462721586227417,0.37359702587127686,0.014357425272464752,0.9999621510505676,0.533220648765564,0.4288555979728699,-0.0613115057349205,0.6729314923286438,0.44680914282798767,0.44116127490997314,-0.0262130293995142,0.7979749441146851,0.500967264175415,0.4388473629951477,-0.17125943303108215,0.6806169748306274,0.4638046622276306,0.45067232847213745,-0.15525618195533752,0.885046124458313,0.5093313455581665,0.5033003091812134,-0.0029629154596477747,0.999895453453064,0.4803977906703949,0.5043386220932007,0.0027976094279438257,0.9999333620071411,0.5076322555541992,0.5807068943977356,-0.19069266319274902,0.44559890031814575,0.4804408550262451,0.6171369552612305,-0.05960960313677788,0.6322663426399231,0.5057232975959778,0.6787532567977905,-0.05650101974606514,0.16120891273021698,0.4889552593231201,0.7378010153770447,-0.012900663539767265,0.5999457240104675,0.5021375417709351,0.7174779176712036,-0.18345090746879578,0.23022674024105072,0.4903879761695862,0.7734287977218628,-0.09623172879219055,0.536961555480957
93,3.1,0.48111772537231445,0.3105194866657257,-0.10423658043146133,0.9995546340942383,0.5169506669044495,0.36126455664634705,-0.010181196965277195,0.9999286532402039,0.4630289077758789,0.3721996247768402,0.012348475866019726,0.9999611377716064,0.5313827991485596,0.4269244372844696,-0.05813031643629074,0.6569638252258301,0.4465745985507965,0.43846815824508667,-0.03337852284312248,0.7878931760787964,0.5051666498184204,0.4398139417171478,-0.1766456812620163,0.6480025053024292,0.4642913341522217,0.4489003121852875,-0.16643646359443665,0.8715654611587524,0.5093072056770325,0.5031507611274719,-0.0024978243745863438,0.9998978972434998,0.4803968369960785,0.5039016008377075,0.002336189616471529,0.9999351501464844,0.5078598260879517,0.5813913345336914,-0.16372670233249664,0.464471697807312,0.48056697845458984,0.6161091923713684,-0.051464855670928955,0.6243057250976562,0.5073544383049011,0.67058265209198,-0.040837522596120834,0.16037286818027496,0.4891611635684967,0.7368937730789185,-0.009518537670373917,0.6062164306640625,0.501687228679657,0.7125438451766968,-0.10747289657592773,0.22852514684200287,0.49087801575660706,0.7726129293441772,-0.09028032422065735,0.5378866195678711
94,3.1333333333333333,0.48081517219543457,0.30699747800827026,-0.11203084141016006,0.9994347095489502,0.5171283483505249,0.34914863109588623,-0.0097896633669734,0.9999268651008606,0.4636944830417633,0.3605773150920868,0.001272519351914525,0.9999617338180542,0.5272301435470581,0.4226504862308502,-0.05973996967077255,0.6167658567428589,0.44369927048683167,0.4222014844417572,-0.06629428267478943,0.7829341888427734,0.5246444940567017,0.44633543491363525,-0.19027262926101685,0.6019352674484253,0.463736355304718,0.434342622756958,-0.21066796779632568,0.8634174466133118,0.5090513229370117,0.4883038401603699,-0.002793728606775403,0.9999029040336609,0.48034781217575073,0.4945424497127533,0.002618690486997366,0.9999386072158813,0.5074708461761475,0.5715470910072327,-0.2068459540605545,0.5050066709518433,0.4818893373012543,0.6130536198616028,-0.05055807903409004,0.627912163734436,0.5038976669311523,0.66727215051651,-0.08022015541791916,0.18126481771469116,0.48901814222335815,0.7370745539665222,0.013810208067297935,0.626859188079834,0.500129222869873,0.7087658643722534,-0.13805867731571198,0.2502150535583496,0.48868855834007263,0.7732094526290894,-0.06643354892730713,0.5560566782951355
95,3.1666666666666665,0.480559766292572,0.3053596615791321,-0.17255359888076782,0.9994593262672424,0.5173813104629517,0.34699174761772156,-0.04808000475168228,0.9999301433563232,0.4644193649291992,0.35865384340286255,-0.046073369681835175,0.9999628663063049,0.5278377532958984,0.4200526475906372,-0.05764079838991165,0.6046750545501709,0.4432273805141449,0.4173576235771179,-0.09937924891710281,0.7840722799301147,0.5315356254577637,0.4521028399467468,-0.14033401012420654,0.581780731678009,0.4633331298828125,0.4319988191127777,-0.23421037197113037,0.8534018397331238,0.5089889168739319,0.4840664267539978,-0.002431600820273161,0.9999045729637146,0.48036065697669983,0.49082261323928833,0.0022483619395643473,0.9999396800994873,0.5074174404144287,0.5688321590423584,-0.17538516223430634,0.5377933382987976,0.4844450056552887,0.605756402015686,-0.046004362404346466,0.6393884420394897,0.5018635392189026,0.6627658605575562,-0.05516808107495308,0.20324283838272095,0.4889894425868988,0.7367678880691528,0.007483474910259247,0.6529380083084106,0.5003772974014282,0.7052334547042847,-0.1111040711402893,0.2755142152309418,0.48918142914772034,0.7731518149375916,-0.07536794990301132,0.5839158296585083
96,3.2,0.48067694902420044,0.3052496314048767,-0.14344538748264313,0.9993813633918762,0.517398476600647,0.346267431974411,-0.028866007924079895,0.9999287724494934,0.46480870246887207,0.3577936291694641,-0.024347655475139618,0.9999630451202393,0.5281310081481934,0.4033486247062683,-0.0528547465801239,0.5712974071502686,0.44220542907714844,0.4145047962665558,-0.07290010899305344,0.7860787510871887,0.5303875207901001,0.4487839639186859,-0.15461374819278717,0.5435147285461426,0.46353641152381897,0.4321509003639221,-0.20735785365104675,0.8514569401741028,0.5088978409767151,0.486360639333725,-0.0026331113185733557,0.9999039173126221,0.4800199568271637,0.49181729555130005,0.0024377615191042423,0.999939501285553,0.5073702335357666,0.5699793696403503,-0.19492021203041077,0.5513736605644226,0.48403388261795044,0.6017032861709595,-0.04256982356309891,0.615661084651947,0.5008396506309509,0.6680105924606323,-0.11049847304821014,0.20734617114067078,0.48882824182510376,0.733457624912262,-0.0037686065770685673,0.6538209319114685,0.5005406737327576,0.7005581259727478,-0.17393524944782257,0.2804975211620331,0.48916158080101013,0.7702723145484924,-0.08859556168317795,0.5816992521286011
97,3.2333333333333334,0.48208099603652954,0.2939612567424774,-0.18774160742759705,0.9992613792419434,0.5176156759262085,0.3412497341632843,-0.05906318500638008,0.9999263286590576,0.46472007036209106,0.3513379693031311,-0.07257837057113647,0.9999604821205139,0.5284051895141602,0.39642906188964844,-0.06151026487350464,0.5601552724838257,0.43916019797325134,0.4113383889198303,-0.12163356691598892,0.7952842712402344,0.5303736925125122,0.44522950053215027,-0.15064644813537598,0.5167602300643921,0.4634162485599518,0.426105797290802,-0.2496517449617386,0.8530219197273254,0.5087710618972778,0.48009029030799866,0.003020317293703556,0.9999058842658997,0.4797596335411072,0.4831705391407013,-0.003161664353683591,0.9999398589134216,0.5073343515396118,0.5731335282325745,-0.10636855661869049,0.5834135413169861,0.4840911328792572,0.5894325971603394,-0.0510173924267292,0.6316816806793213,0.5000259876251221,0.6877855062484741,0.00858236663043499,0.2669871151447296,0.4872472882270813,0.702881395816803,0.0239308662712574,0.6781613230705261,0.4995928704738617,0.7253828048706055,-0.06586799025535583,0.33363670110702515,0.48914018273353577,0.7384436130523682,-0.058812014758586884,0.6094979643821716
98,3.2666666666666666,0.4827158451080322,0.29334360361099243,-0.21111604571342468,0.999238908290863,0.5179148316383362,0.33909323811531067,-0.06962058693170547,0.9999255537986755,0.46465620398521423,0.34994980692863464,-0.08757204562425613,0.9999606609344482,0.5295959115028381,0.38982251286506653,-0.06373411417007446,0.5588855743408203,0.4386530816555023,0.4105338156223297,-0.13587108254432678,0.8086786270141602,0.5311496257781982,0.43958351016044617,-0.14856833219528198,0.499450147151947,0.46363717317581177,0.42709800601005554,-0.2692307233810425,0.8612445592880249,0.5087184309959412,0.48055166006088257,0.005598579533398151,0.9999074935913086,0.47942090034484863,0.4830341041088104,-0.005726589821279049,0.9999404549598694,0.5074540972709656,0.5747584104537964,-0.1114298477768898,0.6171266436576843,0.48405367136001587,0.5881108045578003,-0.04848629608750343,0.6503105759620667,0.4994964003562927,0.6907111406326294,0.01539615262299776,0.32399243116378784,0.4866798520088196,0.6965429782867432,0.04566754773259163,0.7024619579315186,0.49923762679100037,0.7281765341758728,-0.06142937019467354,0.3854294419288635,0.489114373922348,0.7331306338310242,-0.041917070746421814,0.6376324892044067
99,3.3,0.4829452633857727,0.2927244305610657,-0.21647818386554718,0.9992465972900391,0.5180470943450928,0.3372616767883301,-0.07325045764446259,0.9999289512634277,0.4643377661705017,0.34923306107521057,-0.09281346201896667,0.9999614953994751,0.5308526754379272,0.3854251503944397,-0.05340180918574333,0.5823058485984802,0.4378989636898041,0.41083237528800964,-0.14126969873905182,0.8235805630683899,0.5327707529067993,0.43886423110961914,-0.11169765889644623,0.5170385241508484,0.4637507498264313,0.4274539649486542,-0.27220767736434937,0.8714059591293335,0.508640468120575,0.4799705147743225,0.007237023673951626,0.9999116659164429,0.47906383872032166,0.48186302185058594,-0.007368655409663916,0.9999421834945679,0.5075401067733765,0.5756883025169373,-0.11409518867731094,0.6500557661056519,0.48395663499832153,0.5862008333206177,-0.04656681790947914,0.6714414358139038,0.49915242195129395,0.6887007355690002,0.020223038271069527,0.3770316243171692,0.4853273332118988,0.6956776976585388,0.05194569379091263,0.7256762385368347,0.4994519352912903,0.7273365259170532,-0.052041880786418915,0.43226251006126404,0.4888629913330078,0.7323851585388184,-0.03236674889922142,0.6638890504837036
100,3.3333333333333335,0.48461222648620605,0.29213306307792664,-0.15459129214286804,0.9993106722831726,0.5180827975273132,0.33631575107574463,-0.011059140786528587,0.999933660030365,0.463392436504364,0.3469456434249878,-0.05431944876909256,0.999963641166687,0.5314767956733704,0.3762702941894531,0.012603032402694225,0.6028427481651306,0.43635812401771545,0.4070145785808563,-0.06313639134168625,0.8375681638717651,0.5328735113143921,0.4228142499923706,-0.05867553502321243,0.5451776385307312,0.464480459690094,0.4291090965270996,-0.15015298128128052,0.8815955519676208,0.5084108710289001,0.48250749707221985,0.006559510715305805,0.9999064207077026,0.4781966805458069,0.48478686809539795,-0.006723026279360056,0.9999362826347351,0.5087934732437134,0.578047513961792,-0.12643054127693176,0.665848433971405,0.4839375913143158,0.5890531539916992,-0.04403077811002731,0.6577582359313965,0.4989233613014221,0.6879963874816895,-0.10703269392251968,0.3967633843421936,0.4855838418006897,0.7025813460350037,-0.013275714591145515,0.7227895259857178,0.4984110891819,0.7220563292503357,-0.18855631351470947,0.4528495967388153,0.48878926038742065,0.7380797266960144,-0.09814900904893875,0.6611650586128235
101,3.3666666666666667,0.48514777421951294,0.29194438457489014,-0.128143310546875,0.9993674755096436,0.5181180238723755,0.33624541759490967,0.005038595758378506,0.9999378323554993,0.4627572000026703,0.3465569317340851,-0.02428421378135681,0.9999655485153198,0.5318953990936279,0.3752150237560272,0.01947847381234169,0.6207163333892822,0.4363125264644623,0.40534743666648865,-0.04062101989984512,0.8487352132797241,0.5327919125556946,0.42035433650016785,-0.05518476292490959,0.5699211955070496,0.46507152915000916,0.4301091432571411,-0.1294780671596527,0.8910394310951233,0.5081544518470764,0.4835300147533417,0.006747471634298563,0.9999016523361206,0.4777345061302185,0.48599183559417725,-0.006926178000867367,0.9999305009841919,0.5093168020248413,0.5833337306976318,-0.12498579919338226,0.6771056652069092,0.48392051458358765,0.5888577103614807,-0.07203804701566696,0.6538313627243042,0.49821409583091736,0.6982296109199524,-0.10188591480255127,0.42134255170822144,0.48574432730674744,0.7062764167785645,-0.05873958021402359,0.7209711074829102,0.49765151739120483,0.7262003421783447,-0.1825438290834427,0.47751638293266296,0.48823684453964233,0.7375349998474121,-0.14145055413246155,0.6622909903526306
102,3.4,0.4856061041355133,0.2917037010192871,-0.1212754100561142,0.9994135499000549,0.518261730670929,0.3362473249435425,0.005023662932217121,0.9999412894248962,0.4624514579772949,0.34627968072891235,-0.019455084577202797,0.9999673366546631,0.5320433378219604,0.37646055221557617,0.011791413649916649,0.6308618783950806,0.4364449083805084,0.40585169196128845,-0.04064609110355377,0.8586117625236511,0.5325981378555298,0.4218583106994629,-0.06904922425746918,0.5846103429794312,0.465317964553833,0.4304642081260681,-0.13073892891407013,0.8993913531303406,0.5079891085624695,0.48367151618003845,0.00626059714704752,0.9998952746391296,0.47754889726638794,0.48581644892692566,-0.006439322140067816,0.9999244809150696,0.5097550749778748,0.5832780599594116,-0.13995689153671265,0.684763491153717,0.4839685559272766,0.5880816578865051,-0.07697615027427673,0.6416410207748413,0.4981541633605957,0.6923558115959167,-0.1366935670375824,0.4342944324016571,0.486077219247818,0.7079429030418396,-0.07496485859155655,0.7116953134536743,0.4969313144683838,0.7236823439598083,-0.21938857436180115,0.49344658851623535,0.48815980553627014,0.7385851740837097,-0.15941348671913147,0.656423807144165
103,3.433333333333333,0.4857946038246155,0.29235872626304626,-0.15863701701164246,0.9994581341743469,0.5200760364532471,0.3387626111507416,-0.015941116958856583,0.9999452233314514,0.46213483810424805,0.3473462760448456,-0.04578342288732529,0.9999668598175049,0.5320057272911072,0.39193642139434814,-0.003876806702464819,0.6571835875511169,0.4355427324771881,0.4042608439922333,-0.0725879967212677,0.8641684651374817,0.5328083038330078,0.4471934735774994,-0.07456555217504501,0.6206481456756592,0.46390634775161743,0.43679338693618774,-0.17777472734451294,0.9067955613136292,0.5074129104614258,0.49809908866882324,0.007384256459772587,0.9998777508735657,0.47610822319984436,0.498015433549881,-0.007546010427176952,0.9998971223831177,0.5069640874862671,0.6128532290458679,-0.06175379082560539,0.6724614500999451,0.4836800694465637,0.6031219959259033,-0.07313425838947296,0.6166526675224304,0.4943670332431793,0.7246348261833191,-0.03655596077442169,0.4681115746498108,0.4861539900302887,0.7120112180709839,0.004316328093409538,0.6929464340209961,0.4922192692756653,0.7606631517410278,-0.13553735613822937,0.5243721008300781,0.48609644174575806,0.7405915260314941,-0.06751658022403717,0.6441416144371033
104,3.466666666666667,0.4858333468437195,0.2929192781448364,-0.17790080606937408,0.9994971752166748,0.520733118057251,0.33957454562187195,-0.0348808653652668,0.9999485611915588,0.4621339440345764,0.3469867408275604,-0.05356356501579285,0.9999669194221497,0.5319110155105591,0.3945276141166687,-0.011519639752805233,0.6813291311264038,0.43539363145828247,0.40183937549591064,-0.077570840716362,0.8704399466514587,0.5327878594398499,0.4492252469062805,-0.08298345655202866,0.6529192924499512,0.46268129348754883,0.4389496147632599,-0.18380776047706604,0.9135075211524963,0.5071024894714355,0.5007933974266052,0.007048425730317831,0.9998716115951538,0.47542038559913635,0.5004424452781677,-0.0072022913955152035,0.9998884797096252,0.5054879188537598,0.6139707565307617,-0.04009196534752846,0.6613053679466248,0.48238658905029297,0.6068727970123291,-0.035721760243177414,0.6038745641708374,0.4929679334163666,0.7202160954475403,0.024169592186808586,0.4919516444206238,0.4859932065010071,0.7177256345748901,0.03792475163936615,0.6922321915626526,0.49106407165527344,0.7540664076805115,-0.05576720088720322,0.5455737113952637,0.48404306173324585,0.7473834753036499,-0.03493734449148178,0.6465665698051453
105,3.5,0.4857766628265381,0.2934263348579407,-0.15150301158428192,0.9995384216308594,0.5207493305206299,0.339973121881485,-0.014661555178463459,0.9999515414237976,0.4620993137359619,0.3467801809310913,-0.03705234080553055,0.9999673962593079,0.5317264199256897,0.39596056938171387,0.004726001061499119,0.703046441078186,0.43545395135879517,0.4009876251220703,-0.06731310486793518,0.8785483241081238,0.5327016115188599,0.44988012313842773,-0.06551480293273926,0.6821749210357666,0.4618086814880371,0.43988558650016785,-0.17758901417255402,0.9207128286361694,0.5070549845695496,0.501740038394928,0.006822733674198389,0.9998669028282166,0.47508397698402405,0.5022177696228027,-0.0069776661694049835,0.999879777431488,0.5049969553947449,0.6111102104187012,-0.06083691865205765,0.6682041883468628,0.481787770986557,0.6081809997558594,-0.03997921943664551,0.597499430179596,0.4923493266105652,0.7264900803565979,-0.014922687783837318,0.5243617296218872,0.48487424850463867,0.7190496921539307,0.028811102733016014,0.6897299885749817,0.4904216229915619,0.7609903216362,-0.0923919677734375,0.5739330053329468,0.48270997405052185,0.749403715133667,-0.04135303944349289,0.6475930213928223
106,3.533333333333333,0.48568931221961975,0.2935393750667572,-0.12878857553005219,0.9995740056037903,0.5208289623260498,0.3410414755344391,-0.0033127397764474154,0.9999539852142334,0.4620428681373596,0.3468362092971802,-0.022635959088802338,0.9999678134918213,0.5316212773323059,0.3972206115722656,0.009302916005253792,0.7218854427337646,0.4351791739463806,0.4007858633995056,-0.05610264465212822,0.8858424425125122,0.5328325033187866,0.4491644501686096,-0.06410252302885056,0.7084224224090576,0.4609714448451996,0.4401733875274658,-0.16718138754367828,0.9271970391273499,0.5069946646690369,0.5030083060264587,0.006676391698420048,0.9998630881309509,0.47479763627052307,0.5040597915649414,-0.0068277097307145596,0.9998727440834045,0.5046188235282898,0.6113208532333374,-0.06512589007616043,0.6709674596786499,0.4815889298915863,0.6103354096412659,-0.04362005367875099,0.5885487794876099,0.492250919342041,0.7272979021072388,-0.02551085315644741,0.5503712892532349,0.4849538207054138,0.719476044178009,0.021512681618332863,0.68084317445755,0.4902101457118988,0.7629715204238892,-0.0970398485660553,0.5970849990844727,0.48313966393470764,0.7510960698127747,-0.04689597710967064,0.6435509324073792
107,3.566666666666667,0.4856392741203308,0.30234649777412415,-0.1278412640094757,0.9995869398117065,0.5214043855667114,0.354075163602829,-0.006528474390506744,0.9999537467956543,0.46204477548599243,0.3505856692790985,-0.017742250114679337,0.9999631643295288,0.5325819253921509,0.4214581251144409,-0.02854771539568901,0.7336323261260986,0.43493691086769104,0.39914149045944214,-0.047888558357954025,0.8891299962997437,0.5327537059783936,0.45254525542259216,-0.14920805394649506,0.7299795746803284,0.4541861116886139,0.44322454929351807,-0.15884754061698914,0.9293842911720276,0.5070092678070068,0.5134446620941162,0.005454567261040211,0.9998433589935303,0.47465676069259644,0.5150163173675537,-0.005575543735176325,0.9998486042022705,0.5043818950653076,0.6285960078239441,-0.03994348645210266,0.6396328210830688,0.4806515574455261,0.6167773604393005,-0.04465407505631447,0.5554745197296143,0.48833170533180237,0.7400436401367188,0.014965695329010487,0.5512373447418213,0.48578566312789917,0.7134132385253906,0.07283655554056168,0.6314092874526978,0.48597750067710876,0.7790086269378662,-0.0690518468618393,0.59665447473526,0.4825984835624695,0.7496101260185242,0.01831856183707714,0.6017279624938965
108,3.6,0.48560667037963867,0.3033176362514496,-0.134726420044899,0.9995924234390259,0.5214417576789856,0.3569156527519226,-0.009740939363837242,0.9999509453773499,0.46200722455978394,0.3521036207675934,-0.019960766658186913,0.9999587535858154,0.5325664281845093,0.42442041635513306,-0.04589012637734413,0.7364684343338013,0.43475231528282166,0.39847075939178467,-0.0458025187253952,0.8910406231880188,0.5326992273330688,0.4528597593307495,-0.17441341280937195,0.7427548766136169,0.45266884565353394,0.44695088267326355,-0.1527409702539444,0.9305842518806458,0.5070441961288452,0.5158738493919373,0.00333227775990963,0.9998257160186768,0.4745945334434509,0.5177528262138367,-0.0034420278389006853,0.999830961227417,0.504116415977478,0.6284931898117065,-0.044284723699092865,0.607516884803772,0.47958001494407654,0.6167531609535217,-0.04595552757382393,0.522212028503418,0.4870966374874115,0.7405726909637451,0.01569218561053276,0.5459188222885132,0.4858175814151764,0.7135869264602661,0.07665801793336868,0.5861609578132629,0.4847099781036377,0.7814515829086304,-0.06953149288892746,0.5905653238296509,0.47990378737449646,0.7483697533607483,0.020278489217162132,0.5628098845481873
109,3.6333333333333333,0.48556214570999146,0.3037290573120117,-0.13453558087348938,0.9995680451393127,0.5213733315467834,0.35919633507728577,-0.011374391615390778,0.999943733215332,0.4619738459587097,0.35277846455574036,-0.02147623710334301,0.9999540448188782,0.5321667790412903,0.4278327226638794,-0.051676057279109955,0.726718008518219,0.43489599227905273,0.3987617790699005,-0.04707954451441765,0.8924538493156433,0.5322083234786987,0.4518691301345825,-0.1818329393863678,0.7433940172195435,0.4524945318698883,0.44789624214172363,-0.15195174515247345,0.9312314391136169,0.5070557594299316,0.5169742703437805,0.0027013623621314764,0.999820351600647,0.47460538148880005,0.5187695622444153,-0.002811152720823884,0.9998300671577454,0.503731369972229,0.6278215050697327,-0.033273134380578995,0.5788252949714661,0.4790874123573303,0.6166112422943115,-0.04257466644048691,0.5006920099258423,0.48597994446754456,0.7381576299667358,0.036139972507953644,0.5430514812469482,0.4858328700065613,0.7163983583450317,0.06801759451627731,0.5611383318901062,0.48415231704711914,0.7804886698722839,-0.04333139583468437,0.5873697996139526,0.4799586236476898,0.7504482865333557,0.007893858477473259,0.5425862073898315
110,3.6666666666666665,0.485526978969574,0.3093383014202118,-0.09172780811786652,0.999567985534668,0.5220886468887329,0.3695862293243408,0.00494362972676754,0.9999446868896484,0.4614798426628113,0.35962364077568054,0.010234801098704338,0.9999536871910095,0.5367379784584045,0.4376471936702728,-0.061544351279735565,0.7380038499832153,0.4369860589504242,0.3976161479949951,-0.05117766186594963,0.8845117092132568,0.5299807190895081,0.4512730538845062,-0.1945042461156845,0.7551717162132263,0.4491948187351227,0.45052868127822876,-0.19629958271980286,0.9334375262260437,0.5072349309921265,0.5266318917274475,0.0027256147004663944,0.9998142123222351,0.47407644987106323,0.5258180499076843,-0.0028410707600414753,0.9998217821121216,0.5037829875946045,0.6305062174797058,-0.05335725471377373,0.5561246871948242,0.47724786400794983,0.6154415011405945,-0.20186826586723328,0.4924817681312561,0.4860623776912689,0.7446892857551575,0.011136682704091072,0.5407726168632507,0.4836098551750183,0.6599277257919312,-0.07463736832141876,0.517005980014801,0.48403701186180115,0.7840801477432251,-0.06969229876995087,0.5858768820762634,0.48045283555984497,0.7003173828125,-0.127913698554039,0.5091103911399841
111,3.7,0.48569998145103455,0.3089907765388489,-0.06970137357711792,0.9995718002319336,0.522617757320404,0.3709432780742645,0.01728922314941883,0.999947190284729,0.4612914025783539,0.36330416798591614,0.031105276197195053,0.9999544620513916,0.5382667779922485,0.44099345803260803,-0.05335685610771179,0.7455747723579407,0.43776607513427734,0.39719730615615845,-0.034773848950862885,0.8592824935913086,0.5283956527709961,0.45211973786354065,-0.18036852777004242,0.7585254311561584,0.44907212257385254,0.45112210512161255,-0.18620988726615906,0.9290218353271484,0.5075985789299011,0.5298830270767212,0.002537121996283531,0.999823272228241,0.4741021990776062,0.5282049775123596,-0.0026318721938878298,0.9998300075531006,0.503845751285553,0.6326969861984253,-0.058591753244400024,0.5264958739280701,0.47758013010025024,0.5996810793876648,-0.23332662880420685,0.491207093000412,0.485222727060318,0.7483232021331787,0.007762047462165356,0.5229955315589905,0.4820353388786316,0.6586006283760071,-0.17929112911224365,0.4841856062412262,0.4838349223136902,0.7877230048179626,-0.07440485060214996,0.5730493068695068,0.4801602363586426,0.6857388615608215,-0.24917587637901306,0.4920596778392792
112,3.7333333333333334,0.48591527342796326,0.3082476854324341,-0.07172675430774689,0.9995782375335693,0.5225685834884644,0.3704434633255005,0.016856521368026733,0.9999501705169678,0.46122032403945923,0.3643414378166199,0.03097481094300747,0.9999560117721558,0.5395674705505371,0.4370403289794922,-0.05283496528863907,0.7551401853561401,0.4383498728275299,0.3969418704509735,-0.03274959698319435,0.8387115597724915,0.528541624546051,0.451674222946167,-0.18163441121578217,0.7629891633987427,0.44852882623672485,0.45172664523124695,-0.1854158341884613,0.9246476888656616,0.5077162981033325,0.5321989059448242,0.0025507535319775343,0.9998359084129333,0.47409600019454956,0.5305258631706238,-0.0026500998064875603,0.99984210729599,0.503764271736145,0.6321297287940979,-0.06593935936689377,0.492334246635437,0.4783073961734772,0.5936529636383057,-0.24848392605781555,0.49116572737693787,0.48495182394981384,0.7496813535690308,-0.013867257162928581,0.4874020218849182,0.4806065559387207,0.6626350283622742,-0.2655142843723297,0.46059584617614746,0.48394775390625,0.7850744724273682,-0.08963005989789963,0.5417269468307495,0.4797164797782898,0.6724593043327332,-0.3528575897216797,0.486381471157074
113,3.7666666666666666,0.4858795702457428,0.3101741671562195,-0.09206536412239075,0.9994978308677673,0.5218195915222168,0.36929723620414734,0.00930989719927311,0.9999448657035828,0.4598609507083893,0.36314019560813904,0.018104713410139084,0.999954879283905,0.5387955904006958,0.43412432074546814,-0.06726216524839401,0.7558019757270813,0.4397568106651306,0.39447614550590515,-0.03943976014852524,0.8357058763504028,0.5267621278762817,0.445343941450119,-0.2031518965959549,0.7629311084747314,0.44723573327064514,0.4514153003692627,-0.1924867480993271,0.9292913675308228,0.5078226327896118,0.5301192998886108,0.0025508373510092497,0.9998233914375305,0.47403544187545776,0.5272349119186401,-0.0026467139832675457,0.9998396635055542,0.5038944482803345,0.6464191675186157,-0.01010903436690569,0.4603755474090576,0.4780186116695404,0.5958675146102905,-0.1960294544696808,0.49742960929870605,0.4853118360042572,0.7451466917991638,0.10303231328725815,0.4673764109611511,0.4790739119052887,0.6882144212722778,-0.11119580268859863,0.4408622980117798,0.4842417240142822,0.7850984930992126,0.030613914132118225,0.519151508808136,0.47698062658309937,0.7253071069717407,-0.19426627457141876,0.47010090947151184
114,3.8,0.48587173223495483,0.3104778230190277,-0.10066872835159302,0.9994099736213684,0.5216793417930603,0.36886245012283325,0.0033771612215787172,0.99993896484375,0.45926633477211,0.3624589145183563,0.01359059102833271,0.9999523758888245,0.538550853729248,0.4341655671596527,-0.08196188509464264,0.7591094374656677,0.44049912691116333,0.39417776465415955,-0.05258430168032646,0.8292667865753174,0.5247544050216675,0.4427489936351776,-0.22173181176185608,0.7613672614097595,0.4466675817966461,0.45121875405311584,-0.2188229262828827,0.9320982694625854,0.5079551935195923,0.5305864214897156,0.002873783465474844,0.9998111128807068,0.47403621673583984,0.5263465642929077,-0.0029509314335882664,0.9998354315757751,0.5042938590049744,0.6524630784988403,-0.012988222762942314,0.4303467571735382,0.47785210609436035,0.5960206985473633,-0.21963322162628174,0.5019514560699463,0.48528915643692017,0.7462232708930969,0.09351873397827148,0.45192277431488037,0.478205144405365,0.6922149062156677,-0.10922475904226303,0.4212942123413086,0.48446980118751526,0.7878646850585938,0.015917930752038956,0.5013260841369629,0.47568273544311523,0.7308812737464905,-0.18000349402427673,0.4543340504169464
115,3.8333333333333335,0.4858270287513733,0.3111032545566559,-0.13508835434913635,0.9993876218795776,0.5216162204742432,0.36892175674438477,-0.018369510769844055,0.9999351501464844,0.4588635563850403,0.3621085584163666,0.005312327761203051,0.9999514222145081,0.5385953187942505,0.4345914125442505,-0.09737315028905869,0.7660084962844849,0.4409301280975342,0.39437735080718994,-0.070269376039505,0.8293604850769043,0.5232197046279907,0.4421875476837158,-0.23894497752189636,0.7662043571472168,0.44650912284851074,0.4508073031902313,-0.24019697308540344,0.9363197088241577,0.5080605745315552,0.5296858549118042,0.0026253797113895416,0.9997957944869995,0.4740230143070221,0.5253862142562866,-0.0026947215665131807,0.9998293519020081,0.5044717788696289,0.6501206159591675,-0.011804796755313873,0.4075503647327423,0.47783535718917847,0.5964351892471313,-0.20537862181663513,0.5104076862335205,0.4855078160762787,0.7446832656860352,0.10915720462799072,0.4405955374240875,0.4786507487297058,0.6965633630752563,-0.09652245789766312,0.4069584906101227,0.4845826029777527,0.7866833806037903,0.032538145780563354,0.4884098172187805,0.4757545590400696,0.7362249493598938,-0.17036095261573792,0.44353339076042175
116,3.8666666666666667,0.4858779311180115,0.30390217900276184,-0.12847530841827393,0.9993026256561279,0.5202667117118835,0.3628123700618744,-0.01810966432094574,0.9999337792396545,0.45858579874038696,0.35597798228263855,0.0072960942052304745,0.999940812587738,0.5394712686538696,0.42645296454429626,-0.08994469791650772,0.7801986336708069,0.44402509927749634,0.38972485065460205,-0.03658115491271019,0.802619993686676,0.5174682140350342,0.4257168769836426,-0.2150796353816986,0.7775983214378357,0.4466349184513092,0.4459264576435089,-0.15750102698802948,0.9269576072692871,0.510178804397583,0.5208200812339783,0.0024460344575345516,0.9997940063476562,0.4783586859703064,0.5144065618515015,-0.002513797488063574,0.9998254179954529,0.504880428314209,0.643157422542572,-0.008483342826366425,0.38196974992752075,0.47944656014442444,0.5847350358963013,-0.2360561192035675,0.5169941782951355,0.48670467734336853,0.7354256510734558,0.09664066135883331,0.4200420379638672,0.47901853919029236,0.6713616251945496,-0.1452741026878357,0.38968294858932495,0.48897823691368103,0.7679483890533447,0.025064954534173012,0.4650880694389343,0.47617587447166443,0.7180187702178955,-0.21339574456214905,0.4293026030063629
117,3.9,0.4869023263454437,0.3017182946205139,-0.10816160589456558,0.9993443489074707,0.5193232893943787,0.3604840040206909,-0.015198560431599617,0.9999390244483948,0.4584272801876068,0.3526512086391449,0.013751869089901447,0.9999446868896484,0.5399854779243469,0.42219921946525574,-0.08016173541545868,0.7959073185920715,0.4442894458770752,0.38618004322052,0.003571409033611417,0.793738067150116,0.5152043104171753,0.42099955677986145,-0.20843711495399475,0.7909796237945557,0.44722017645835876,0.44285160303115845,-0.07708486914634705,0.9221914410591125,0.5104774832725525,0.5147386193275452,0.001615685410797596,0.999809205532074,0.4788815975189209,0.5091037154197693,-0.0017026864225044847,0.9998397827148438,0.5118439793586731,0.6311686038970947,-0.012210586108267307,0.35080721974372864,0.4798528552055359,0.5802143812179565,-0.22516202926635742,0.5220654010772705,0.4894751012325287,0.706760823726654,0.06598047912120819,0.38176703453063965,0.47902554273605347,0.6710435152053833,-0.3233340382575989,0.40263503789901733,0.4929894804954529,0.7383795976638794,-0.002295964863151312,0.4270458519458771,0.4765125811100006,0.6846580505371094,-0.43573325872421265,0.4556601941585541
118,3.933333333333333,0.48722043633461,0.30187100172042847,-0.08729889988899231,0.9993886947631836,0.5185046792030334,0.3589227795600891,0.0006509594386443496,0.9999436140060425,0.45820698142051697,0.35085490345954895,0.026621822267770767,0.9999485611915588,0.5398784875869751,0.41802355647087097,-0.05974680185317993,0.8053105473518372,0.4443519115447998,0.38616010546684265,0.027095362544059753,0.7791078090667725,0.515689492225647,0.4175303280353546,-0.17031341791152954,0.7940804958343506,0.44770923256874084,0.44146957993507385,-0.047382015734910965,0.9179723262786865,0.5103872418403625,0.5093333125114441,0.001508228830061853,0.9998212456703186,0.47878870368003845,0.5045406222343445,-0.0016030104598030448,0.9998515844345093,0.5132607221603394,0.6202039122581482,-0.014469221234321594,0.3189633786678314,0.4799579083919525,0.5771681070327759,-0.2107616662979126,0.5077719688415527,0.492448091506958,0.7019484043121338,0.006912580691277981,0.345998078584671,0.4791313111782074,0.6745320558547974,-0.3347548842430115,0.394905686378479,0.496486097574234,0.7233131527900696,-0.05904320999979973,0.3901171088218689,0.4766843914985657,0.682511031627655,-0.44665974378585815,0.4591253697872162
119,3.966666666666667,0.4874038100242615,0.30207303166389465,-0.13190323114395142,0.999346911907196,0.5180956125259399,0.3514025807380676,-0.02290888875722885,0.9999459981918335,0.4585812985897064,0.34113606810569763,0.018849557265639305,0.9999489188194275,0.5402446389198303,0.41203027963638306,-0.07949329912662506,0.8211737871170044,0.44440197944641113,0.3749966621398926,0.018772605806589127,0.7805593609809875,0.5138634443283081,0.4136706590652466,-0.19990281760692596,0.8104687333106995,0.448000967502594,0.43277087807655334,-0.07026530802249908,0.9213180541992188,0.5103296637535095,0.4983099699020386,-0.003721400396898389,0.999817430973053,0.47903648018836975,0.4921434223651886,0.003611518070101738,0.9998511075973511,0.510809063911438,0.6093287467956543,-0.016737837344408035,0.3124733865261078,0.48102641105651855,0.5659914612770081,-0.20671384036540985,0.5303871631622314,0.4887053966522217,0.7067334651947021,0.04441211000084877,0.34854936599731445,0.47909027338027954,0.6804616451263428,-0.2185744345188141,0.42055946588516235,0.48740753531455994,0.7379700541496277,-0.032460518181324005,0.39418643712997437,0.4767165184020996,0.7211047410964966,-0.2949828505516052,0.4832705557346344
120,4.0,0.48736685514450073,0.3025554418563843,-0.14585934579372406,0.9993736743927002,0.5183634757995605,0.34902581572532654,-0.03592521697282791,0.9999484419822693,0.4586809277534485,0.33847329020500183,0.01584961824119091,0.9999520182609558,0.5402498841285706,0.41095805168151855,-0.09619412571191788,0.8300983905792236,0.44435301423072815,0.3733513355255127,0.04556722566485405,0.7701472043991089,0.5149954557418823,0.41436898708343506,-0.20812544226646423,0.8152854442596436,0.44808831810951233,0.43098559975624084,-0.004945502616465092,0.9234994649887085,0.5107554197311401,0.497875839471817,-0.007055109832435846,0.9998235106468201,0.47895950078964233,0.49093547463417053,0.006965798791497946,0.9998595118522644,0.5104457139968872,0.6045223474502563,-0.041087232530117035,0.29585304856300354,0.4815848767757416,0.5557015538215637,-0.22797279059886932,0.5457066297531128,0.48638755083084106,0.7068401575088501,0.019873488694429398,0.33097004890441895,0.48011407256126404,0.6527205109596252,-0.2775126099586487,0.4376870095729828,0.48266229033470154,0.7418762445449829,-0.05532030388712883,0.38284608721733093,0.4768490791320801,0.6892106533050537,-0.3831635117530823,0.5084821581840515
121,4.033333333333333,0.48732298612594604,0.3035055696964264,-0.1342237889766693,0.9994128942489624,0.5183471441268921,0.3482929766178131,-0.028589200228452682,0.9999517202377319,0.4588598608970642,0.3376683294773102,0.02369033917784691,0.9999551773071289,0.5403004884719849,0.4063371419906616,-0.08761097490787506,0.8416117429733276,0.4441894590854645,0.37299567461013794,0.05590701848268509,0.7633936405181885,0.5155996084213257,0.4133546054363251,-0.19690126180648804,0.8233978748321533,0.44812989234924316,0.430435448884964,0.007495127618312836,0.9246506690979004,0.5107012987136841,0.49717357754707336,-0.008220718242228031,0.9998321533203125,0.47890719771385193,0.4900140166282654,0.008131727576255798,0.9998688697814941,0.5088545083999634,0.6013393402099609,-0.03865326568484306,0.2810680568218231,0.48136836290359497,0.5539175868034363,-0.22477492690086365,0.564120352268219,0.4858282506465912,0.7023904323577881,0.027220318093895912,0.31046944856643677,0.4801289439201355,0.6583073139190674,-0.3060978949069977,0.4621516764163971,0.4812118113040924,0.7408182621002197,-0.04667190462350845,0.3656407296657562,0.4751981198787689,0.6869720816612244,-0.41946959495544434,0.5370355844497681
122,4.066666666666666,0.4873148500919342,0.30411165952682495,-0.1260002851486206,0.9994531869888306,0.5183901190757751,0.34804683923721313,-0.02094416506588459,0.999954879283905,0.458911269903183,0.3377407193183899,0.030619140714406967,0.9999580979347229,0.5402200818061829,0.40584853291511536,-0.08191920816898346,0.851703405380249,0.4442433714866638,0.3750326335430145,0.05849137157201767,0.7618833780288696,0.5161750912666321,0.41275477409362793,-0.1857810914516449,0.8331379890441895,0.4483622908592224,0.4312746226787567,0.009261266328394413,0.9256412386894226,0.5107449293136597,0.4979826509952545,-0.007476015482097864,0.9998432993888855,0.4788680672645569,0.49111518263816833,0.007382809184491634,0.9998792409896851,0.507983922958374,0.6030581593513489,-0.03795598819851875,0.28126540780067444,0.48134326934814453,0.5521739721298218,-0.23315484821796417,0.5958034992218018,0.4853132367134094,0.7048729062080383,0.02452319860458374,0.296479731798172,0.4801681637763977,0.6433082818984985,-0.36040276288986206,0.5023835301399231,0.48108285665512085,0.7431531548500061,-0.048117443919181824,0.3580395579338074,0.4747178554534912,0.6665416955947876,-0.48289719223976135,0.5762052536010742
123,4.1,0.4870925545692444,0.3033241033554077,-0.06761650741100311,0.9994651079177856,0.5184266567230225,0.34327781200408936,0.03341129422187805,0.999955415725708,0.45906177163124084,0.33631500601768494,0.05033523961901665,0.9999597072601318,0.5404382944107056,0.40058648586273193,-0.022154036909341812,0.8568097352981567,0.4470887780189514,0.37494024634361267,0.0477069728076458,0.7616567015647888,0.516403317451477,0.4120098650455475,-0.14583510160446167,0.836280882358551,0.4508093297481537,0.4317212402820587,-0.034278929233551025,0.9276244640350342,0.5116285085678101,0.49840646982192993,0.00039601916796527803,0.9998511672019958,0.48040008544921875,0.49228715896606445,-0.0005313766305334866,0.9998875260353088,0.5071853995323181,0.6165600419044495,-0.03710925951600075,0.2606905400753021,0.4835558533668518,0.5593791007995605,-0.21287021040916443,0.6013200283050537,0.47908884286880493,0.6951069831848145,0.02673541009426117,0.27132973074913025,0.4810311198234558,0.7046792507171631,-0.2675318121910095,0.5090734958648682,0.4797748625278473,0.7347911596298218,-0.02976779267191887,0.32918375730514526,0.47784996032714844,0.7386378645896912,-0.36843055486679077,0.5758400559425354
124,4.133333333333334,0.48707276582717896,0.30332937836647034,-0.05760623887181282,0.9994704723358154,0.5184466242790222,0.34183377027511597,0.03787825256586075,0.9999551177024841,0.45919960737228394,0.3363052308559418,0.05284940451383591,0.999960720539093,0.5403923392295837,0.39616745710372925,-0.022228190675377846,0.8588552474975586,0.44839978218078613,0.37452232837677,0.041478320956230164,0.7602490186691284,0.5165576934814453,0.4099483788013458,-0.14892300963401794,0.8357042670249939,0.4518691599369049,0.43154779076576233,-0.04535417631268501,0.9291464686393738,0.5125733613967896,0.498837411403656,0.001763824955560267,0.9998564720153809,0.48151081800460815,0.4929843544960022,-0.0019008282106369734,0.9998942613601685,0.505763053894043,0.6207202076911926,-0.02562757395207882,0.24070581793785095,0.4838767647743225,0.5624966621398926,-0.1957872062921524,0.5997281074523926,0.4776180386543274,0.6968063116073608,0.027666175737977028,0.24833159148693085,0.48075589537620544,0.7157704830169678,-0.2535030245780945,0.5102614164352417,0.47944021224975586,0.734521210193634,-0.025073468685150146,0.3027060627937317,0.4809642732143402,0.7515387535095215,-0.35230982303619385,0.5712481737136841
125,4.166666666666667,0.48675093054771423,0.3033493757247925,-0.061398010700941086,0.9994819760322571,0.5185402035713196,0.342001348733902,0.034083351492881775,0.9999546408653259,0.4594338834285736,0.3368423581123352,0.0496087484061718,0.9999620914459229,0.5403842329978943,0.3967211842536926,-0.026368090882897377,0.8593890070915222,0.4492296278476715,0.37442588806152344,0.0360526442527771,0.7617161870002747,0.5167029500007629,0.40945202112197876,-0.15099464356899261,0.8334216475486755,0.452420711517334,0.4313419759273529,-0.053160108625888824,0.931739330291748,0.5128813982009888,0.4996795654296875,0.002188523765653372,0.9998612403869629,0.48198169469833374,0.49397367238998413,-0.002325634937733412,0.9999005794525146,0.5053762793540955,0.622812807559967,-0.02612474001944065,0.22272498905658722,0.48420295119285583,0.5772114396095276,-0.1909445822238922,0.5996649861335754,0.47744813561439514,0.6976990699768066,0.025872409343719482,0.22774283587932587,0.4806883931159973,0.7226250767707825,-0.2512839734554291,0.512582540512085,0.47994083166122437,0.7346846461296082,-0.026394018903374672,0.2791442275047302,0.4825216829776764,0.7534810304641724,-0.3485161066055298,0.5680657029151917
126,4.2,0.4865928292274475,0.30371344089508057,-0.07848593592643738,0.9994556307792664,0.5186284184455872,0.3414674401283264,0.020751165226101875,0.9999547600746155,0.45947590470314026,0.3369663953781128,0.04151134938001633,0.9999640583992004,0.5406435132026672,0.39367708563804626,-0.016063783317804337,0.8601493239402771,0.4491124153137207,0.3781397044658661,0.019318152219057083,0.7702302932739258,0.5206950902938843,0.41574186086654663,-0.12551793456077576,0.8335962891578674,0.4546940326690674,0.4374396502971649,-0.08237010985612869,0.9351509809494019,0.5135046243667603,0.5030016303062439,0.002977097872644663,0.9998688697814941,0.4816933274269104,0.5009989142417908,-0.0031114995945245028,0.999908447265625,0.5051844120025635,0.626198947429657,-0.010439334437251091,0.21030253171920776,0.4827914834022522,0.6034737825393677,-0.11926673352718353,0.6103284358978271,0.48567113280296326,0.6612119078636169,0.17158684134483337,0.20619849860668182,0.48290735483169556,0.7427552938461304,-0.11478511244058609,0.5221046209335327,0.48369550704956055,0.7055219411849976,0.15552037954330444,0.2533538341522217,0.48574572801589966,0.7794338464736938,-0.1979379951953888,0.5623592734336853
127,4.233333333333333,0.48645153641700745,0.30401796102523804,-0.08495403826236725,0.9994056820869446,0.5186783075332642,0.34112221002578735,0.015964273363351822,0.9999541640281677,0.4594794809818268,0.33722883462905884,0.04066399112343788,0.9999653697013855,0.5415088534355164,0.3909284472465515,-0.01851699687540531,0.857204258441925,0.44885650277137756,0.379941463470459,0.0186909269541502,0.776807963848114,0.5228756666183472,0.4183696210384369,-0.12287279218435287,0.8296815752983093,0.45571666955947876,0.44009140133857727,-0.0784732922911644,0.9385842084884644,0.5138387680053711,0.5048059821128845,0.0026323520578444004,0.9998740553855896,0.48149314522743225,0.503943145275116,-0.0027626287192106247,0.9999146461486816,0.5050657987594604,0.6277949213981628,-0.011866789311170578,0.19779786467552185,0.48179253935813904,0.6033602952957153,-0.12181826680898666,0.6129336953163147,0.48897886276245117,0.6607511043548584,0.15069912374019623,0.1870538592338562,0.4840891361236572,0.7431578636169434,-0.12051460891962051,0.5224271416664124,0.4867386221885681,0.7071874141693115,0.13027630746364594,0.23045077919960022,0.48701587319374084,0.7766129970550537,-0.19983285665512085,0.5511348247528076
128,4.266666666666667,0.4863084852695465,0.30427414178848267,-0.0941719189286232,0.9994024038314819,0.5187703967094421,0.34077873826026917,0.012611983343958855,0.9999540448188782,0.4594976305961609,0.3375708758831024,0.030933955684304237,0.9999667406082153,0.5418821573257446,0.3900720775127411,-0.02168792113661766,0.8546402454376221,0.4486047625541687,0.3808946907520294,0.01892896369099617,0.7875092625617981,0.5240180492401123,0.41922256350517273,-0.12534449994564056,0.8276102542877197,0.45611897110939026,0.4409256875514984,-0.0748792514204979,0.9426091909408569,0.51410973072052,0.5051289200782776,0.0025195819325745106,0.9998762607574463,0.4813101291656494,0.5046045780181885,-0.00266712112352252,0.9999191164970398,0.5047528147697449,0.6270385980606079,-0.0154110137373209,0.18848764896392822,0.48119741678237915,0.6056349873542786,-0.11746601015329361,0.6161288619041443,0.4895040988922119,0.6671518087387085,0.11908713728189468,0.17127414047718048,0.48451533913612366,0.7448660731315613,-0.11798004060983658,0.5252510905265808,0.4874474108219147,0.7147170901298523,0.0878949910402298,0.21206146478652954,0.4870385527610779,0.7758651971817017,-0.1977144032716751,0.5450215339660645
129,4.3,0.486306756734848,0.304280549287796,-0.12297729402780533,0.9993724822998047,0.5196030139923096,0.34232816100120544,0.012488591484725475,0.9999517202377319,0.459503173828125,0.353402316570282,-0.0035873553715646267,0.999968945980072,0.5440770387649536,0.38738131523132324,0.039190538227558136,0.8282118439674377,0.44691985845565796,0.395361065864563,0.009258320555090904,0.7983126044273376,0.5305846333503723,0.4299103617668152,-0.01204419694840908,0.7738192677497864,0.4558611810207367,0.45274093747138977,-0.06742900609970093,0.9420202970504761,0.5146085023880005,0.5141509175300598,0.007086564786732197,0.9998841881752014,0.4814984202384949,0.5152209401130676,-0.0072332420386374,0.9999261498451233,0.5057533979415894,0.6406244039535522,-0.016623008996248245,0.18258792161941528,0.48127108812332153,0.6234816908836365,-0.08942878991365433,0.6192439198493958,0.49111098051071167,0.6534336805343628,0.19169530272483826,0.1553710550069809,0.4858013689517975,0.7583547234535217,-0.046335794031620026,0.534659743309021,0.4847579598426819,0.6973275542259216,0.1799032986164093,0.19299709796905518,0.49032893776893616,0.8002907037734985,-0.12579157948493958,0.5396897792816162
130,4.333333333333333,0.4863181710243225,0.3043878376483917,-0.13356293737888336,0.9993897080421448,0.5200590491294861,0.34372246265411377,0.00493981409817934,0.9999500513076782,0.45942753553390503,0.35763853788375854,-0.006235336419194937,0.9999706745147705,0.5445955991744995,0.3869014382362366,0.021686363965272903,0.813302755355835,0.44684070348739624,0.40027379989624023,0.005379353649914265,0.811053991317749,0.5313140153884888,0.4347834587097168,-0.04947708919644356,0.7412731647491455,0.4557439684867859,0.4559972882270813,-0.07067687064409256,0.9444438815116882,0.514970064163208,0.517723798751831,0.006377690471708775,0.999890923500061,0.4823508858680725,0.5180873274803162,-0.0065273260697722435,0.9999321699142456,0.505884051322937,0.6442556977272034,-0.01768636703491211,0.1813250482082367,0.4817349910736084,0.6260444521903992,-0.0923447459936142,0.6227811574935913,0.491060733795166,0.6626001596450806,0.16229704022407532,0.14253896474838257,0.4868009686470032,0.7595445513725281,-0.05732061713933945,0.5445346832275391,0.482659250497818,0.6994315385818481,0.14026163518428802,0.17791707813739777,0.4912618100643158,0.8001614212989807,-0.13627760112285614,0.5382107496261597
131,4.366666666666666,0.4863145351409912,0.304407000541687,-0.13550755381584167,0.999413251876831,0.520285427570343,0.34462133049964905,-0.0011561862193048,0.9999491572380066,0.45922884345054626,0.3587719798088074,-0.006066567730158567,0.9999722242355347,0.5449921488761902,0.3864133954048157,0.007715185638517141,0.7998145222663879,0.44683656096458435,0.40288761258125305,-0.004668963607400656,0.8207443356513977,0.5315697193145752,0.43583497405052185,-0.0718054324388504,0.710565447807312,0.4556193947792053,0.456237256526947,-0.09367577731609344,0.9458922743797302,0.5150187611579895,0.5184366106987,0.00574860442429781,0.999897301197052,0.48243623971939087,0.5184198021888733,-0.005893469788134098,0.9999375939369202,0.5058714151382446,0.6418378353118896,-0.017439980059862137,0.18021972477436066,0.48173055052757263,0.6252871751785278,-0.09281323850154877,0.6280856132507324,0.49046236276626587,0.6678394079208374,0.1558605432510376,0.1317761093378067,0.4869522154331207,0.7627744078636169,-0.07099606096744537,0.5607035160064697,0.48272794485092163,0.70259690284729,0.13084208965301514,0.165603905916214,0.49175897240638733,0.7999519109725952,-0.15422961115837097,0.5450517535209656
132,4.4,0.48709598183631897,0.30762118101119995,-0.12467300891876221,0.9993932247161865,0.5203391313552856,0.3532956540584564,-0.00044246212928555906,0.9998993873596191,0.4594346582889557,0.37204399704933167,-0.0017846341943368316,0.999972403049469,0.5448170900344849,0.38656124472618103,-0.028854290023446083,0.758377730846405,0.4462408423423767,0.4348154664039612,-0.0314832404255867,0.8248087763786316,0.5334379076957703,0.39293810725212097,-0.14061659574508667,0.6549802422523499,0.4560266435146332,0.4654592275619507,-0.1382782757282257,0.9481857419013977,0.5149602293968201,0.5301765203475952,0.0055703334510326385,0.9999050498008728,0.4823306202888489,0.5307725071907043,-0.005718234460800886,0.9999434351921082,0.5058616399765015,0.654391884803772,-0.018004953861236572,0.20519191026687622,0.48350510001182556,0.636671245098114,-0.0756206214427948,0.6529508829116821,0.4882221221923828,0.6452628374099731,0.2239825278520584,0.1227322369813919,0.4909130036830902,0.766851544380188,-0.01828671060502529,0.5957827568054199,0.4769470691680908,0.6778202652931213,0.22895166277885437,0.1559421867132187,0.49238061904907227,0.8071052432060242,-0.08760838210582733,0.5742071866989136
133,4.433333333333334,0.4870416224002838,0.30880388617515564,-0.12292788922786713,0.9993279576301575,0.5208751559257507,0.3566139340400696,-0.0030665243975818157,0.9998668432235718,0.45987921953201294,0.37328699231147766,-0.008968299254775047,0.9999728798866272,0.5447642803192139,0.38754475116729736,-0.024668511003255844,0.7092401385307312,0.44600120186805725,0.43322721123695374,-0.025048306211829185,0.828773558139801,0.533682107925415,0.4014253318309784,-0.12712374329566956,0.5969123244285583,0.45645493268966675,0.4678507149219513,-0.11328847706317902,0.9472054839134216,0.514768123626709,0.5349845886230469,0.00551916379481554,0.9999114871025085,0.4818980097770691,0.5347061157226562,-0.005677568726241589,0.9999486207962036,0.50577712059021,0.6546146869659424,-0.02938036061823368,0.2128554880619049,0.483572781085968,0.6413834691047668,-0.06009022518992424,0.6651450991630554,0.4874698221683502,0.6411179900169373,0.19597715139389038,0.11245830357074738,0.49176859855651855,0.7670338153839111,-0.004301776178181171,0.6161749958992004,0.47240209579467773,0.6644830703735352,0.20084336400032043,0.14373157918453217,0.4920582175254822,0.808165967464447,-0.06752218306064606,0.5826990604400635
134,4.466666666666667,0.48679405450820923,0.3109026253223419,-0.12092091888189316,0.9993153810501099,0.5211385488510132,0.35735592246055603,-0.00976073369383812,0.9998506903648376,0.46044594049453735,0.3751285970211029,-0.004014839418232441,0.999973475933075,0.5450797080993652,0.3854466676712036,-0.062480367720127106,0.6966184973716736,0.4458768367767334,0.4353635609149933,-0.02457601949572563,0.8316958546638489,0.5327812433242798,0.37348926067352295,-0.18021059036254883,0.578466534614563,0.4573649764060974,0.4683593213558197,-0.11716792732477188,0.9497055411338806,0.5147274732589722,0.5357340574264526,0.0025626192800700665,0.9999184012413025,0.48184284567832947,0.536030113697052,-0.0027294792234897614,0.9999533891677856,0.5067965388298035,0.6541419625282288,-0.02326001040637493,0.2292138785123825,0.48392733931541443,0.6404038071632385,-0.04005611315369606,0.6801761388778687,0.48619312047958374,0.6384566426277161,0.22009626030921936,0.1050514280796051,0.4920288920402527,0.7643269896507263,0.036687977612018585,0.6405237913131714,0.47121748328208923,0.6645854115486145,0.22675947844982147,0.13598038256168365,0.49198850989341736,0.8077441453933716,-0.020471597090363503,0.6007420420646667
135,4.5,0.4867587983608246,0.31397706270217896,-0.1467362344264984,0.9993591904640198,0.52228844165802,0.35867753624916077,-0.02648261748254299,0.9998560547828674,0.46098965406417847,0.37916144728660583,-0.030382733792066574,0.9999752044677734,0.5449724793434143,0.4063224494457245,-0.04393335431814194,0.661090612411499,0.446561336517334,0.44807571172714233,-0.04945456609129906,0.8347093462944031,0.5365328788757324,0.4345012307167053,-0.1471562683582306,0.5413255095481873,0.45908284187316895,0.46966752409935,-0.15418381989002228,0.9525488615036011,0.5141973495483398,0.5361658334732056,0.0033120792359113693,0.9999239444732666,0.48134303092956543,0.538195013999939,-0.003468698589131236,0.9999575018882751,0.5102119445800781,0.6537194848060608,-0.034892305731773376,0.25942718982696533,0.48235172033309937,0.6416500806808472,-0.053200613707304,0.7008845806121826,0.48436346650123596,0.6402604579925537,0.18383200466632843,0.10496333986520767,0.49189481139183044,0.7636228203773499,-0.001527249114587903,0.6691952347755432,0.4677855372428894,0.6761307120323181,0.17477339506149292,0.14005345106124878,0.4917432367801666,0.8073821067810059,-0.07042518258094788,0.6288377642631531
136,4.533333333333333,0.48674696683883667,0.31479719281196594,-0.15673856437206268,0.9994013905525208,0.522321343421936,0.36033833026885986,-0.03319191187620163,0.9998556971549988,0.4611399173736572,0.38195228576660156,-0.03807755559682846,0.9999764561653137,0.5434072017669678,0.40698111057281494,-0.041069574654102325,0.6224621534347534,0.44758886098861694,0.45234155654907227,-0.05239502713084221,0.8346874713897705,0.5353907942771912,0.431289941072464,-0.13925454020500183,0.5006711483001709,0.46024656295776367,0.47072309255599976,-0.1480707824230194,0.9534783363342285,0.5139200687408447,0.5380505323410034,0.0033103241585195065,0.9999295473098755,0.4811972677707672,0.5413729548454285,-0.0034657479263842106,0.9999613761901855,0.5107404589653015,0.6531649827957153,-0.03397337347269058,0.29135721921920776,0.48131728172302246,0.6443290114402771,-0.03548502177000046,0.7205385565757751,0.4846252501010895,0.644020140171051,0.18696680665016174,0.10494227707386017,0.49272578954696655,0.7662981748580933,0.016391485929489136,0.6970040798187256,0.47006815671920776,0.6734615564346313,0.18137571215629578,0.14411818981170654,0.49239382147789,0.8075610399246216,-0.05423218756914139,0.656858503818512
137,4.566666666666666,0.4866482615470886,0.31424662470817566,-0.15892858803272247,0.9994363188743591,0.5228593945503235,0.3617176115512848,-0.03908548131585121,0.999860942363739,0.46115240454673767,0.38228246569633484,-0.04058939963579178,0.9999781847000122,0.5374124050140381,0.43115994334220886,-0.032704249024391174,0.5771419405937195,0.44806352257728577,0.4521883726119995,-0.05227944254875183,0.8294341564178467,0.528235137462616,0.471810519695282,-0.099312424659729,0.45776790380477905,0.46055513620376587,0.471306174993515,-0.1497386246919632,0.9540535807609558,0.5139104127883911,0.5371571183204651,0.0031522405333817005,0.9999351501464844,0.48100823163986206,0.5411326289176941,-0.003307359991595149,0.9999649524688721,0.511705219745636,0.6516228318214417,-0.03701455146074295,0.308991938829422,0.4802132546901703,0.6458544731140137,-0.013531344011425972,0.730517566204071,0.48682236671447754,0.6259528398513794,0.19162017107009888,0.10021468997001648,0.4927924573421478,0.7653768658638,0.06334914267063141,0.7161369919776917,0.4713619351387024,0.658409059047699,0.19221529364585876,0.14099402725696564,0.4921236038208008,0.8091751337051392,0.00260378560051322,0.6729325652122498
138,4.6,0.4865109920501709,0.31415531039237976,-0.14997999370098114,0.9994626641273499,0.5229433178901672,0.3614763617515564,-0.03158048912882805,0.999862790107727,0.4613058567047119,0.3818414807319641,-0.03243907913565636,0.999979555606842,0.5373241305351257,0.4274425208568573,-0.028067752718925476,0.5387868881225586,0.4482036530971527,0.4507419466972351,-0.04282351955771446,0.8231194615364075,0.5265612006187439,0.46296921372413635,-0.10205608606338501,0.4198717474937439,0.4605658948421478,0.4712347984313965,-0.137643963098526,0.952820897102356,0.5138232111930847,0.5361796617507935,0.003365224925801158,0.9999401569366455,0.4807058870792389,0.5402838587760925,-0.0035164612345397472,0.9999681711196899,0.5123425722122192,0.6503723859786987,-0.03475227952003479,0.32294878363609314,0.47981271147727966,0.6430838108062744,-0.023991411551833153,0.7411839962005615,0.4873127341270447,0.6247690916061401,0.19814857840538025,0.09584837406873703,0.49257516860961914,0.7643950581550598,0.04838452488183975,0.7339408993721008,0.47180429100990295,0.6605328917503357,0.19740715622901917,0.13767322897911072,0.4919416904449463,0.8086569309234619,-0.01583859883248806,0.688232421875
139,4.633333333333334,0.48748263716697693,0.3113557994365692,-0.16672351956367493,0.9994214773178101,0.5267683267593384,0.3579924404621124,-0.04929078370332718,0.9998549818992615,0.4631921350955963,0.375895231962204,-0.03421982377767563,0.9999768733978271,0.5379235744476318,0.429514616727829,-0.07956438511610031,0.5136580467224121,0.44828128814697266,0.4448898434638977,-0.08366911858320236,0.8245834112167358,0.526077926158905,0.4585806429386139,-0.19283327460289001,0.38880205154418945,0.46847349405288696,0.451928973197937,-0.221776083111763,0.943095862865448,0.5139145255088806,0.526424765586853,-0.004151433240622282,0.9999227523803711,0.48182836174964905,0.5327118039131165,0.00398603081703186,0.9999610185623169,0.5127395391464233,0.6207724213600159,-0.21125726401805878,0.37929877638816833,0.4818267822265625,0.6505377292633057,-0.01002044789493084,0.7360286712646484,0.5092586278915405,0.669672966003418,-0.03836703300476074,0.11628859490156174,0.49318400025367737,0.7645667195320129,0.1047867089509964,0.7418336868286133,0.5021408200263977,0.7172966599464417,-0.09320419281721115,0.16731788218021393,0.49201494455337524,0.8091719746589661,0.02733023464679718,0.6930396556854248
140,4.666666666666667,0.4883180558681488,0.31124794483184814,-0.16008536517620087,0.9992796182632446,0.5264643430709839,0.35732513666152954,-0.046621330082416534,0.9998416900634766,0.4639257788658142,0.3739226460456848,-0.028880229219794273,0.9999735355377197,0.5367674231529236,0.42948973178863525,-0.0796145498752594,0.4995282292366028,0.44824472069740295,0.4424527883529663,-0.07232866436243057,0.8250369429588318,0.5152751207351685,0.4524179995059967,-0.18951955437660217,0.3633391857147217,0.47024139761924744,0.4491102993488312,-0.2012539654970169,0.9323520064353943,0.5137572288513184,0.5233837962150574,-0.0054980856366455555,0.9999145269393921,0.48190170526504517,0.5299636721611023,0.005335986148566008,0.9999585151672363,0.5125316381454468,0.6182827353477478,-0.19881440699100494,0.43147721886634827,0.483121782541275,0.6514978408813477,-0.0161161907017231,0.7411272525787354,0.5125270485877991,0.6729937791824341,0.006484565325081348,0.12778420746326447,0.4937308728694916,0.7637379765510559,0.09466440975666046,0.7541981935501099,0.5057344436645508,0.7220035195350647,-0.03203025087714195,0.18450696766376495,0.49242791533470154,0.8097674250602722,0.020031580701470375,0.7025657296180725
141,4.7,0.488535076379776,0.3112114667892456,-0.16450868546962738,0.999134361743927,0.5266082286834717,0.35695236921310425,-0.05097836256027222,0.9998343586921692,0.46410927176475525,0.3726470470428467,-0.027266576886177063,0.9999698400497437,0.5365084409713745,0.43479129672050476,-0.08056823164224625,0.4920479357242584,0.4481227993965149,0.44109907746315,-0.0704229325056076,0.8228604793548584,0.5056725740432739,0.4554794728755951,-0.18280713260173798,0.34129127860069275,0.4714524745941162,0.44903627038002014,-0.19779805839061737,0.9153042435646057,0.513752818107605,0.5220441818237305,-0.0066421241499483585,0.9999033808708191,0.4819769263267517,0.5286017656326294,0.006478901021182537,0.999954104423523,0.5122410655021667,0.621180534362793,-0.19286128878593445,0.47331902384757996,0.48385968804359436,0.6505193710327148,-0.01732432283461094,0.734667181968689,0.5116664171218872,0.6838786602020264,0.007897366769611835,0.13299541175365448,0.49458909034729004,0.7631384134292603,0.10077456384897232,0.7564608454704285,0.49793991446495056,0.7369059324264526,-0.03513909876346588,0.19397364556789398,0.49307137727737427,0.8095858097076416,0.026534821838140488,0.7012608051300049
142,4.733333333333333,0.49006667733192444,0.3087475299835205,-0.11841050535440445,0.999193549156189,0.5286441445350647,0.3412109613418579,0.006488875485956669,0.9998490214347839,0.46588069200515747,0.35464930534362793,-0.004360192455351353,0.9999683499336243,0.5436767339706421,0.3794659376144409,-0.020268375054001808,0.5363585948944092,0.44682496786117554,0.4187101125717163,-0.0660015344619751,0.834714949131012,0.5409741401672363,0.4268437623977661,-0.1294403076171875,0.3973989486694336,0.4729002118110657,0.4293557107448578,-0.1907804012298584,0.9175254106521606,0.5137654542922974,0.4912821352481842,-0.004195341840386391,0.9999080896377563,0.48252177238464355,0.4939284324645996,0.003984434530138969,0.9999526739120483,0.5131056308746338,0.5845394134521484,-0.23185205459594727,0.5246191024780273,0.4843659996986389,0.6078974008560181,-0.11293083429336548,0.7586637735366821,0.5085424184799194,0.6993626356124878,-0.2717362940311432,0.21654541790485382,0.48812761902809143,0.7433387637138367,-0.10385426133871078,0.7797911167144775,0.5123637914657593,0.7273080348968506,-0.3693006634712219,0.2734225392341614,0.4777497351169586,0.7757028937339783,-0.19423480331897736,0.7295018434524536
143,4.766666666666667,0.4908755421638489,0.30877330899238586,-0.13069963455200195,0.99916011095047,0.529363214969635,0.33939415216445923,-0.00887025985866785,0.999859094619751,0.4661131799221039,0.3515639007091522,-0.0263564083725214,0.9999617338180542,0.5448814034461975,0.3784686326980591,-0.032336510717868805,0.542008638381958,0.4440244138240814,0.42026016116142273,-0.08152312785387039,0.8375232815742493,0.5440951585769653,0.4189227223396301,-0.13842453062534332,0.3998774588108063,0.4738726019859314,0.4291738271713257,-0.19580739736557007,0.9008830785751343,0.5143470168113708,0.4919006824493408,-0.0038596675731241703,0.9999082088470459,0.4831646978855133,0.4941474199295044,0.003662132192403078,0.9999469518661499,0.5136476755142212,0.582227885723114,-0.22514943778514862,0.567940354347229,0.48493990302085876,0.6118741631507874,-0.025869524106383324,0.7641765475273132,0.5078822374343872,0.7049337029457092,-0.2310975342988968,0.28669002652168274,0.48734626173973083,0.7450665235519409,-0.03060401976108551,0.7939056158065796,0.5143822431564331,0.7298507690429688,-0.326876163482666,0.3406645655632019,0.4806784689426422,0.7809147238731384,-0.12736061215400696,0.745304524898529
144,4.8,0.4914870262145996,0.3053421974182129,-0.1351260244846344,0.9992237687110901,0.5299312472343445,0.33710476756095886,-0.00844963826239109,0.9998711943626404,0.46651047468185425,0.34979039430618286,-0.028681710362434387,0.9999606013298035,0.5468369126319885,0.37696999311447144,0.0032885123509913683,0.5797898769378662,0.44390517473220825,0.41694900393486023,-0.08793596923351288,0.8463588356971741,0.546468198299408,0.42099684476852417,-0.060826800763607025,0.43940189480781555,0.4760919213294983,0.42893463373184204,-0.2028655707836151,0.8985677361488342,0.5151981711387634,0.4878053069114685,-0.003116417210549116,0.9999120831489563,0.48408666253089905,0.4905702471733093,0.002913501113653183,0.9999459385871887,0.5146316289901733,0.5771892070770264,-0.22991788387298584,0.609426736831665,0.4855138659477234,0.607204794883728,-0.03393943980336189,0.7809916734695435,0.507006049156189,0.7050267457962036,-0.274482786655426,0.3525005280971527,0.4875795245170593,0.7426350116729736,-0.01667504385113716,0.8124943375587463,0.5133556127548218,0.7288930416107178,-0.37018120288848877,0.40491753816604614,0.4772052764892578,0.7763667702674866,-0.10276268422603607,0.7676352262496948
145,4.833333333333333,0.49164479970932007,0.2751275599002838,-0.19818435609340668,0.9991024732589722,0.5314052700996399,0.33301568031311035,-0.06685670465230942,0.9998693466186523,0.46678251028060913,0.3389412462711334,-0.06889725476503372,0.9999239444732666,0.5459986925125122,0.38284820318222046,-0.11509226262569427,0.5608512759208679,0.4426100254058838,0.40549758076667786,-0.09887517243623734,0.8285331130027771,0.5428155064582825,0.4134168326854706,-0.26454174518585205,0.4446083903312683,0.4742972254753113,0.41751357913017273,-0.21730108559131622,0.8867116570472717,0.5153464078903198,0.4905521869659424,-0.0021668006666004658,0.9998885989189148,0.4840623736381531,0.4919416308403015,0.0020221031736582518,0.9998859167098999,0.5143768191337585,0.5900241136550903,-0.059234362095594406,0.6128654479980469,0.4889923930168152,0.5784808397293091,-0.016680482774972916,0.7220630049705505,0.5081737637519836,0.7138999104499817,0.02251250296831131,0.3952695429325104,0.487880140542984,0.5881380438804626,0.22229938209056854,0.7344204783439636,0.5125085711479187,0.7551530003547668,-0.055845171213150024,0.43949079513549805,0.4850941598415375,0.6087170243263245,0.21814949810504913,0.695448637008667
146,4.866666666666666,0.49151092767715454,0.27286297082901,-0.20004475116729736,0.9991308450698853,0.5316504240036011,0.33088141679763794,-0.06890535354614258,0.9998742938041687,0.4667477011680603,0.33739349246025085,-0.07156796753406525,0.9998990893363953,0.5459011793136597,0.3796693980693817,-0.11309561878442764,0.5578615665435791,0.44156965613365173,0.40218135714530945,-0.10474704205989838,0.8178648948669434,0.5431514978408813,0.41052916646003723,-0.2564643621444702,0.454010546207428,0.4733451008796692,0.4156932830810547,-0.2227955311536789,0.876264750957489,0.515457808971405,0.49111413955688477,-0.001840560114942491,0.9998840093612671,0.48398327827453613,0.49013838171958923,0.0017158582340925932,0.999855101108551,0.514217734336853,0.5943177342414856,-0.05268767476081848,0.6353068351745605,0.48679327964782715,0.5743677616119385,0.009688535705208778,0.68056720495224,0.5080376863479614,0.7158438563346863,0.029003730043768883,0.44732171297073364,0.48489999771118164,0.5675278306007385,0.2688063979148865,0.6653062105178833,0.5122867226600647,0.7587074041366577,-0.04840563237667084,0.4853547513484955,0.4842893183231354,0.5856611728668213,0.2718451917171478,0.632816731929779
147,4.9,0.49147146940231323,0.2725130021572113,-0.19829894602298737,0.9991445541381836,0.5315057039260864,0.3302772045135498,-0.06749770790338516,0.9998788237571716,0.4666334092617035,0.33733490109443665,-0.06868843734264374,0.999875009059906,0.5457786321640015,0.37742653489112854,-0.10757778584957123,0.5592971444129944,0.44141602516174316,0.4018617868423462,-0.09904993325471878,0.8053417801856995,0.5435025095939636,0.4116538166999817,-0.24723942577838898,0.4718616008758545,0.47278261184692383,0.414625346660614,-0.2168336659669876,0.8664834499359131,0.5157045125961304,0.49054092168807983,-0.0004441782948561013,0.9998762011528015,0.483959436416626,0.48932620882987976,0.0003386919852346182,0.9998183250427246,0.5140745639801025,0.5974635481834412,-0.029231246560811996,0.6504465937614441,0.4859549105167389,0.5799158215522766,-0.011843659915030003,0.6450550556182861,0.5075007677078247,0.7130842208862305,0.06906843930482864,0.4887189269065857,0.4847996234893799,0.5680789351463318,0.2423621118068695,0.6029394268989563,0.5102399587631226,0.7573605179786682,-0.001133852289058268,0.519299328327179,0.4844670295715332,0.5848782062530518,0.24823972582817078,0.5756447911262512
148,4.933333333333334,0.4918874204158783,0.2682020962238312,-0.15313175320625305,0.9991681575775146,0.5317360162734985,0.32652315497398376,-0.03321736305952072,0.9998862147331238,0.46678680181503296,0.33278125524520874,-0.04182964563369751,0.999882161617279,0.5455632209777832,0.38168537616729736,-0.05155327171087265,0.5679873824119568,0.4415210783481598,0.39442095160484314,-0.07656244933605194,0.8116580247879028,0.5426051616668701,0.4139777719974518,-0.1549341082572937,0.4932640492916107,0.4725915789604187,0.4159046709537506,-0.18676994740962982,0.8712658286094666,0.5166262984275818,0.4815717041492462,-0.0014316147426143289,0.9998677372932434,0.48580384254455566,0.4823678731918335,0.0013102074153721333,0.999820351600647,0.5145159959793091,0.5890632271766663,-0.08405575156211853,0.6433272957801819,0.49414390325546265,0.589646577835083,-0.05508901923894882,0.6281545758247375,0.5085763931274414,0.7115045189857483,-0.06776770204305649,0.5049449801445007,0.5079025030136108,0.7153452634811401,-0.0299165491014719,0.6099945306777954,0.5022706389427185,0.7515523433685303,-0.15293091535568237,0.5384443402290344,0.5010805130004883,0.7370091676712036,-0.10801137983798981,0.5856834053993225
149,4.966666666666667,0.4921022057533264,0.268830269575119,-0.10755996406078339,0.9991679191589355,0.531616747379303,0.32379773259162903,0.005159909836947918,0.9998913407325745,0.46708136796951294,0.3323848843574524,0.004769975319504738,0.9998857975006104,0.5454009771347046,0.3750024139881134,-0.015747275203466415,0.568003237247467,0.4415881633758545,0.39191916584968567,-0.02614011988043785,0.8017458319664001,0.5428736209869385,0.4122352600097656,-0.11504218727350235,0.5025715231895447,0.47233837842941284,0.41719508171081543,-0.13794299960136414,0.8722443580627441,0.517104983329773,0.47768694162368774,-0.0023521475959569216,0.9998632073402405,0.48700571060180664,0.4792374074459076,0.0022383099421858788,0.999819815158844,0.515032172203064,0.5928995609283447,-0.08781846612691879,0.6391399502754211,0.492164671421051,0.5865892767906189,-0.14556512236595154,0.6243823170661926,0.5099673867225647,0.730681300163269,-0.09530273079872131,0.5398233532905579,0.50681471824646,0.7079705595970154,-0.11108775436878204,0.6015886664390564,0.5011855959892273,0.7635642290115356,-0.19263678789138794,0.5713678598403931,0.5048905611038208,0.7318490147590637,-0.181745707988739,0.5899454951286316
150,5.0,0.4923155903816223,0.26170018315315247,-0.10370935499668121,0.9992021918296814,0.5314381122589111,0.3230576813220978,0.017612595111131668,0.9998981356620789,0.46815070509910583,0.3308325409889221,0.01289899367839098,0.9998801946640015,0.5453908443450928,0.36947834491729736,0.011538772843778133,0.5815649032592773,0.4417802691459656,0.39039289951324463,-0.0200047567486763,0.7791397571563721,0.543815016746521,0.4131792187690735,-0.07762216031551361,0.5326739549636841,0.47217679023742676,0.41791847348213196,-0.14025011658668518,0.8663334846496582,0.51701819896698,0.4767914116382599,-0.0005683510680682957,0.9998564124107361,0.48681965470314026,0.47798237204551697,0.0004808912053704262,0.9997999668121338,0.5149232149124146,0.6015001535415649,-0.03803783655166626,0.6339583396911621,0.4882959723472595,0.5675138235092163,-0.1892392635345459,0.6233620643615723,0.5110195875167847,0.7347251772880554,-0.01698214001953602,0.5754614472389221,0.5028661489486694,0.6197910904884338,-0.07808561623096466,0.564758837223053,0.5027174949645996,0.7714489698410034,-0.12727485597133636,0.5999882221221924,0.5007699131965637,0.6606420874595642,-0.12462656199932098,0.5645835995674133
151,5.033333333333333,0.4943765699863434,0.26124927401542664,-0.19229918718338013,0.9992733597755432,0.5328444242477417,0.32528477907180786,-0.05077483505010605,0.9999039769172668,0.46818429231643677,0.33141574263572693,-0.049819283187389374,0.9998791217803955,0.5471092462539673,0.3791213929653168,-0.07745293527841568,0.6058201193809509,0.4388771653175354,0.3870318830013275,-0.043900202959775925,0.7936010360717773,0.5454684495925903,0.4153186082839966,-0.21215490996837616,0.5655097365379333,0.46836814284324646,0.4216997027397156,-0.1576724499464035,0.8748379349708557,0.5169979333877563,0.4912152588367462,-0.005760077852755785,0.9998384118080139,0.48521551489830017,0.4937472343444824,0.005673911888152361,0.9997453093528748,0.5149058103561401,0.6156363487243652,-0.06043010205030441,0.6512930393218994,0.4876537322998047,0.5870711207389832,0.04150688275694847,0.5844195485115051,0.5113223195075989,0.7572129368782043,-0.023321043699979782,0.6133224964141846,0.49527281522750854,0.6015872359275818,0.2850712537765503,0.5115537047386169,0.5038763284683228,0.7897190451622009,-0.13939927518367767,0.6347334980964661,0.49270445108413696,0.6245788335800171,0.27614861726760864,0.5150004625320435
152,5.066666666666666,0.4950733184814453,0.2618919312953949,-0.18414407968521118,0.9993418455123901,0.5332392454147339,0.3266723155975342,-0.048294954001903534,0.9999107718467712,0.46820777654647827,0.3311464190483093,-0.04486668482422829,0.9998809695243835,0.5479050874710083,0.3805152177810669,-0.06849894672632217,0.6318315267562866,0.4385283887386322,0.38507041335105896,-0.04625580459833145,0.8067137598991394,0.5461688041687012,0.41894620656967163,-0.18629036843776703,0.5984203815460205,0.46673011779785156,0.4232870638370514,-0.14272460341453552,0.8824523091316223,0.5171062350273132,0.49690085649490356,-0.008480740711092949,0.9998212456703186,0.48456841707229614,0.49923020601272583,0.008384191431105137,0.9996899366378784,0.5148802995681763,0.617912232875824,-0.0727182924747467,0.6694431900978088,0.487856388092041,0.5894498825073242,0.0342852845788002,0.5514366626739502,0.5113255977630615,0.7566036581993103,-0.061908137053251266,0.647569477558136,0.49408403038978577,0.6085730195045471,0.2588178217411041,0.464110791683197,0.5033546686172485,0.7898439168930054,-0.1679520308971405,0.6662971377372742,0.4911271929740906,0.629030704498291,0.250273734331131,0.47162070870399475
153,5.1,0.4952641427516937,0.2633703947067261,-0.17712384462356567,0.9994025230407715,0.5335162878036499,0.3274575471878052,-0.04494044557213783,0.999916672706604,0.46816200017929077,0.33084264397621155,-0.04104950278997421,0.9998846054077148,0.548245370388031,0.38095131516456604,-0.06996114552021027,0.653804361820221,0.43825381994247437,0.3857238292694092,-0.04465601220726967,0.8188112378120422,0.5464786887168884,0.41985130310058594,-0.19574955105781555,0.6295766234397888,0.4663154184818268,0.42525455355644226,-0.14588312804698944,0.8909839987754822,0.5171689987182617,0.5003150701522827,-0.008356388658285141,0.9998013377189636,0.48409757018089294,0.5022106766700745,0.008259552530944347,0.9996392130851746,0.5148464441299438,0.6194356083869934,-0.06229835003614426,0.6824449300765991,0.4878361225128174,0.6086601614952087,0.0016686137532815337,0.5260463953018188,0.511370062828064,0.7580479979515076,-0.05304015427827835,0.6774643659591675,0.4940779209136963,0.6134745478630066,0.220521479845047,0.4218386113643646,0.5046469569206238,0.7909445762634277,-0.15015964210033417,0.6936367750167847,0.4912545680999756,0.632724940776825,0.2111368179321289,0.43299591541290283
154,5.133333333333334,0.49548864364624023,0.26264846324920654,-0.17875099182128906,0.9994550943374634,0.5334704518318176,0.32805535197257996,-0.04178858548402786,0.9999213218688965,0.46811240911483765,0.33047568798065186,-0.04391550272703171,0.9998824000358582,0.5487746000289917,0.3816334307193756,-0.060064710676670074,0.6733430624008179,0.4382250905036926,0.38584667444229126,-0.04814716801047325,0.8286115527153015,0.5471717119216919,0.41997575759887695,-0.18282845616340637,0.6557648181915283,0.4662042558193207,0.4264536201953888,-0.14416679739952087,0.8968899846076965,0.5171632766723633,0.5028380751609802,-0.007983897812664509,0.999779999256134,0.48346224427223206,0.5044959783554077,0.00789823941886425,0.9995675086975098,0.514771580696106,0.6216447353363037,-0.05564042925834656,0.6974304914474487,0.48879608511924744,0.603510320186615,0.00341418432071805,0.5033918023109436,0.5113548040390015,0.7606695294380188,-0.049418848007917404,0.7060378789901733,0.4938609004020691,0.6055382490158081,0.24208584427833557,0.3828794062137604,0.5052430033683777,0.7940595149993896,-0.14890412986278534,0.7195957899093628,0.49125799536705017,0.6247708797454834,0.24015037715435028,0.3964393734931946
155,5.166666666666667,0.4966452121734619,0.2632191479206085,-0.17982801795005798,0.9995091557502747,0.5334911346435547,0.33532431721687317,-0.040365688502788544,0.9999282956123352,0.46834617853164673,0.33068132400512695,-0.04184480756521225,0.9998870491981506,0.5508764982223511,0.38618531823158264,-0.04385216161608696,0.7012919783592224,0.43841734528541565,0.38154903054237366,-0.035566069185733795,0.8412565588951111,0.5483447313308716,0.42212533950805664,-0.15184368193149567,0.686725914478302,0.4623759388923645,0.43120843172073364,-0.10986562073230743,0.900819718837738,0.5173749923706055,0.509308397769928,-0.010110575705766678,0.9997912049293518,0.4828374981880188,0.5108416080474854,0.010006150230765343,0.999575674533844,0.5147199630737305,0.6229110360145569,-0.09261660277843475,0.7223361134529114,0.48729652166366577,0.623112142086029,0.0791727751493454,0.49910107254981995,0.5102793574333191,0.7648135423660278,-0.07630059123039246,0.7337297797203064,0.4894050061702728,0.6131327748298645,0.35659855604171753,0.3499257266521454,0.497934490442276,0.8040108680725098,-0.1840343177318573,0.7459273934364319,0.48584669828414917,0.6359243392944336,0.35920798778533936,0.37007468938827515
156,5.2,0.49801865220069885,0.26365363597869873,-0.1789012849330902,0.9995576739311218,0.5334941148757935,0.33779287338256836,-0.037473227828741074,0.9999343156814575,0.46867918968200684,0.3314296007156372,-0.03740393742918968,0.9998925924301147,0.5523815751075745,0.3912348747253418,-0.04564525559544563,0.725180983543396,0.4386131167411804,0.3797169029712677,-0.03575175255537033,0.8525581955909729,0.548523485660553,0.4264526665210724,-0.15652289986610413,0.7133527994155884,0.4603164792060852,0.43296775221824646,-0.1166207417845726,0.9060400724411011,0.5173671245574951,0.5092777609825134,-0.01022501289844513,0.9997944235801697,0.48256173729896545,0.5105676054954529,0.010115889832377434,0.9995754361152649,0.51468825340271,0.6230252385139465,-0.08934847265481949,0.7430323362350464,0.48805364966392517,0.6278388500213623,0.04954008013010025,0.5008624196052551,0.5098745226860046,0.7652619481086731,-0.08596033602952957,0.7587813138961792,0.4907633662223816,0.6452522873878479,0.2890976667404175,0.32639989256858826,0.495947927236557,0.805942177772522,-0.1960441619157791,0.7697308659553528,0.486217200756073,0.6782875657081604,0.279035747051239,0.355985164642334
157,5.233333333333333,0.4987821578979492,0.2649384140968323,-0.1726132333278656,0.9996013641357422,0.5334880948066711,0.33874571323394775,-0.04263003543019295,0.9999400973320007,0.4689173698425293,0.3320421278476715,-0.024042151868343353,0.9998971223831177,0.553424060344696,0.3946998119354248,-0.06884515285491943,0.7489915490150452,0.43874627351760864,0.37968263030052185,-0.023079346865415573,0.8610424399375916,0.5493292808532715,0.4319370687007904,-0.19228701293468475,0.7394330501556396,0.4597465395927429,0.4340483844280243,-0.10841697454452515,0.9102844595909119,0.5173995494842529,0.5090839266777039,-0.01545501034706831,0.9997957348823547,0.48245877027511597,0.5103670954704285,0.015346991829574108,0.9995665550231934,0.5146580934524536,0.6224241256713867,-0.09496486932039261,0.7609648108482361,0.48809710144996643,0.629087507724762,0.04146378114819527,0.4975346326828003,0.509773850440979,0.7639467716217041,-0.09463803470134735,0.7810415029525757,0.49575716257095337,0.6575213670730591,0.2780090868473053,0.3042004108428955,0.49533605575561523,0.8063579201698303,-0.2045605629682541,0.7909072637557983,0.49056077003479004,0.6908735632896423,0.26742762327194214,0.3418485224246979
158,5.266666666666667,0.49915581941604614,0.2657473385334015,-0.16540618240833282,0.9996405243873596,0.5334680080413818,0.3394629657268524,-0.041677262634038925,0.9999451041221619,0.46905604004859924,0.33243152499198914,-0.021740449592471123,0.9999018907546997,0.5535836815834045,0.3963446319103241,-0.06942784041166306,0.770589292049408,0.4388434886932373,0.37944984436035156,-0.024089399725198746,0.870849609375,0.5491117238998413,0.4329269528388977,-0.1939152628183365,0.7632490396499634,0.45934176445007324,0.43435144424438477,-0.11218181997537613,0.916638195514679,0.5174399018287659,0.5093880891799927,-0.01631743647158146,0.9997919201850891,0.4824611246585846,0.5105224251747131,0.01620928943157196,0.9995535016059875,0.5145004987716675,0.6221901178359985,-0.096007339656353,0.7767009735107422,0.4882516860961914,0.6291250586509705,0.037676990032196045,0.4938233196735382,0.5097647905349731,0.7635492086410522,-0.09141433238983154,0.8004909753799438,0.49707522988319397,0.6629527807235718,0.2681545317173004,0.28478240966796875,0.4945717751979828,0.8059716820716858,-0.19766190648078918,0.8094292283058167,0.49121522903442383,0.6975464224815369,0.2569596469402313,0.3297412693500519
159,5.3,0.49902811646461487,0.26830753684043884,-0.16534538567066193,0.9996598362922668,0.5342463850975037,0.3501040041446686,-0.03966036066412926,0.9999455213546753,0.46978598833084106,0.3358643054962158,-0.029392171651124954,0.9998977780342102,0.5589183568954468,0.4169839322566986,-0.04883469641208649,0.7741613984107971,0.4402763247489929,0.37866589426994324,-0.021709434688091278,0.8768454194068909,0.5489552617073059,0.4469050467014313,-0.15100768208503723,0.7698065638542175,0.4576184153556824,0.4403720796108246,-0.09105321764945984,0.9190405607223511,0.5201298594474792,0.5198090672492981,-0.011729680933058262,0.9997803568840027,0.4837590754032135,0.5184445977210999,0.011592891067266464,0.9995388984680176,0.5144809484481812,0.6367128491401672,-0.04024020582437515,0.7764126062393188,0.4881052076816559,0.6255407929420471,0.02212027832865715,0.4741166830062866,0.5059105157852173,0.768582820892334,0.004768890328705311,0.8133021593093872,0.4928770065307617,0.65422123670578,0.2603587508201599,0.2618103623390198,0.4934631288051605,0.8088748455047607,-0.09041079878807068,0.818949818611145,0.4890170991420746,0.6825816035270691,0.25495070219039917,0.30603688955307007
160,5.333333333333333,0.49896788597106934,0.26882725954055786,-0.1550685465335846,0.9996815323829651,0.5347989201545715,0.3532855212688446,-0.03235236927866936,0.9999462366104126,0.46988528966903687,0.33845198154449463,-0.030024727806448936,0.9998961091041565,0.5604163408279419,0.4211251139640808,-0.04144737496972084,0.7718176245689392,0.44099918007850647,0.37742555141448975,-0.017694104462862015,0.8795526027679443,0.5477918386459351,0.45012393593788147,-0.14008834958076477,0.7666298151016235,0.45648932456970215,0.44239798188209534,-0.0745612233877182,0.9192495346069336,0.5208343267440796,0.523122251033783,-0.009542500600218773,0.9997797012329102,0.484117329120636,0.521730363368988,0.009381725452840328,0.9995412826538086,0.5144733190536499,0.6390450596809387,-0.04906988888978958,0.780096709728241,0.48806673288345337,0.6233808994293213,0.020403634756803513,0.45459261536598206,0.5036869049072266,0.7715378403663635,-0.02794695273041725,0.8268995881080627,0.48864516615867615,0.6477906703948975,0.2565158009529114,0.24121728539466858,0.4926174283027649,0.812375545501709,-0.12598088383674622,0.8312013745307922,0.48524579405784607,0.6751387119293213,0.25308409333229065,0.2864173352718353
161,5.366666666666666,0.4988954961299896,0.2701777219772339,-0.1726507693529129,0.9997116923332214,0.5347780585289001,0.3523222506046295,-0.064278744161129,0.9999498724937439,0.4699119031429291,0.34055182337760925,-0.04016415774822235,0.9999033212661743,0.5611347556114197,0.42352545261383057,-0.11458656936883926,0.7904493808746338,0.445132315158844,0.3762076497077942,-0.10403198003768921,0.8875367045402527,0.5336415767669678,0.4472343921661377,-0.23417428135871887,0.7875036597251892,0.4568648934364319,0.44131147861480713,-0.26475611329078674,0.9268222451210022,0.520623505115509,0.5200484991073608,-0.01333685778081417,0.9997530579566956,0.48413658142089844,0.5193575620651245,0.013177603483200073,0.9995125532150269,0.5153180360794067,0.6360265016555786,-0.04339083284139633,0.7664268612861633,0.4884585440158844,0.6011449098587036,0.06842979043722153,0.41842588782310486,0.5036782026290894,0.7694506049156189,0.0032349955290555954,0.8285830616950989,0.4917667508125305,0.6520093083381653,0.29327592253685,0.2232593148946762,0.4933094382286072,0.8095713257789612,-0.10051311552524567,0.8364359140396118,0.4874659478664398,0.6834161281585693,0.2667559087276459,0.2707259953022003
162,5.4,0.49888911843299866,0.27043184638023376,-0.18153968453407288,0.9997392296791077,0.5347569584846497,0.3518761992454529,-0.06744741648435593,0.9999532699584961,0.46988457441329956,0.3419053852558136,-0.04817015677690506,0.9999100565910339,0.5615715980529785,0.42377784848213196,-0.12351837009191513,0.8080648183822632,0.44713491201400757,0.376817911863327,-0.12542375922203064,0.895408034324646,0.5317683815956116,0.4455317258834839,-0.25392937660217285,0.8070206046104431,0.4570658802986145,0.4412579834461212,-0.2985818684101105,0.9338234066963196,0.5205506086349487,0.5184789896011353,-0.013710428960621357,0.9997269511222839,0.48419293761253357,0.5180413126945496,0.013559098355472088,0.9994823932647705,0.5160630345344543,0.6344237327575684,-0.04718957096338272,0.7606584429740906,0.48864904046058655,0.5984238386154175,0.06631527841091156,0.38901203870773315,0.5037788152694702,0.7686854600906372,0.0023680676240473986,0.8336749076843262,0.49347934126853943,0.6569564342498779,0.29188406467437744,0.2092818319797516,0.4936145842075348,0.8083885312080383,-0.10369060933589935,0.8440201282501221,0.48861631751060486,0.6898171901702881,0.26166337728500366,0.26057037711143494
163,5.433333333333334,0.498887836933136,0.2709197998046875,-0.17720483243465424,0.999763011932373,0.5347453355789185,0.35131677985191345,-0.06259458512067795,0.9999557733535767,0.4698680341243744,0.34248772263526917,-0.046052973717451096,0.9999150633811951,0.5618680715560913,0.4229305684566498,-0.1159500703215599,0.8228121399879456,0.4482424259185791,0.37730711698532104,-0.11898341029882431,0.9015041589736938,0.5314638614654541,0.4437097907066345,-0.2405940294265747,0.8238990306854248,0.45722928643226624,0.4413142204284668,-0.2846935987472534,0.9399834275245667,0.5204856991767883,0.51753169298172,-0.013341734185814857,0.9996951222419739,0.4842524528503418,0.5172363519668579,0.013195447623729706,0.9994428753852844,0.5164463520050049,0.6338580846786499,-0.03850812092423439,0.7469614148139954,0.48981672525405884,0.5944634079933167,0.053899507969617844,0.359017550945282,0.5038614869117737,0.7682767510414124,0.012444575317203999,0.8324282765388489,0.4963383078575134,0.6557284593582153,0.2741936445236206,0.19427213072776794,0.4937382638454437,0.808341383934021,-0.09044799208641052,0.8456692695617676,0.4923049807548523,0.6880420446395874,0.24922218918800354,0.2466907650232315
164,5.466666666666667,0.4966997504234314,0.2639099657535553,-0.10638109594583511,0.9997779130935669,0.5345230102539062,0.34800344705581665,-0.019617460668087006,0.9999579191207886,0.46974295377731323,0.33803418278694153,0.016170097514986992,0.9999197125434875,0.5612708330154419,0.42014721035957336,-0.10873689502477646,0.8387703895568848,0.45034733414649963,0.3699169158935547,-0.05614592507481575,0.9002622365951538,0.5235339403152466,0.41987258195877075,-0.20450496673583984,0.8401749134063721,0.4570547640323639,0.4285370707511902,-0.219519704580307,0.9446548223495483,0.5224351286888123,0.516979455947876,-0.007040115538984537,0.999703586101532,0.48495468497276306,0.5163961052894592,0.006960074417293072,0.9994738101959229,0.5172797441482544,0.6413975358009338,-0.01192149706184864,0.7300100326538086,0.4912605285644531,0.5944303870201111,-0.1746099591255188,0.3874775469303131,0.5028461813926697,0.7672814130783081,0.08804023265838623,0.8193713426589966,0.4939909875392914,0.6821033954620361,-0.013857685029506683,0.20081207156181335,0.49393659830093384,0.8085314631462097,0.007346291095018387,0.8320056200027466,0.49016064405441284,0.7257875204086304,-0.061313726007938385,0.2586462199687958
165,5.5,0.4955321252346039,0.2600056231021881,-0.09940015524625778,0.9997905492782593,0.534440279006958,0.3456909954547882,-0.00781348068267107,0.9999599456787109,0.46960416436195374,0.3356419801712036,0.022594474256038666,0.9999244213104248,0.5606592893600464,0.41887903213500977,-0.08272688090801239,0.852292537689209,0.45190995931625366,0.3705269396305084,-0.04787588492035866,0.8976695537567139,0.5226130485534668,0.4150840640068054,-0.1906481236219406,0.8543320298194885,0.45702266693115234,0.42616021633148193,-0.2118617594242096,0.9488921761512756,0.5233031511306763,0.5165923833847046,-0.0027305358089506626,0.9997122883796692,0.4853009581565857,0.5140740871429443,0.002660600235685706,0.9995040893554688,0.5178146362304688,0.64387446641922,-0.008930256590247154,0.705791711807251,0.4922303557395935,0.5946959257125854,-0.17621655762195587,0.40841615200042725,0.5018794536590576,0.7668075561523438,0.09521486610174179,0.7980112433433533,0.4927874207496643,0.6966794729232788,-0.018356304615736008,0.2060110718011856,0.49408024549484253,0.8089173436164856,0.014937572181224823,0.811487078666687,0.48978742957115173,0.742825984954834,-0.07021594792604446,0.2672633230686188
166,5.533333333333333,0.4950321316719055,0.258513867855072,-0.08847400546073914,0.9997990131378174,0.5343090295791626,0.3443072736263275,0.002419912489131093,0.9999616146087646,0.4695497155189514,0.3343416750431061,0.03410898521542549,0.99992835521698,0.5602825284004211,0.41805750131607056,-0.07038773596286774,0.8644942045211792,0.4522024691104889,0.36835208535194397,-0.03392438590526581,0.8943060636520386,0.5220103859901428,0.4132506549358368,-0.18775446712970734,0.8671162128448486,0.4569419324398041,0.42435958981513977,-0.20564424991607666,0.9527158737182617,0.5236369371414185,0.5165287256240845,-0.0020852540619671345,0.9997227787971497,0.48573368787765503,0.5109807252883911,0.0020185033790767193,0.9995341300964355,0.5182721614837646,0.6449417471885681,-0.010963989421725273,0.6909328103065491,0.49344101548194885,0.5888850688934326,-0.2001575231552124,0.4372738301753998,0.5010954141616821,0.7664182186126709,0.09101565182209015,0.7871119379997253,0.49137353897094727,0.6847199201583862,-0.04248955473303795,0.21491768956184387,0.49379396438598633,0.808916449546814,0.010373574681580067,0.7998052835464478,0.48882707953453064,0.7346628904342651,-0.09224840253591537,0.28090059757232666
167,5.566666666666666,0.4927524924278259,0.24775928258895874,-0.11048360168933868,0.999808669090271,0.5316430330276489,0.3272169828414917,-0.004216829780489206,0.9999642372131348,0.4655187726020813,0.32485663890838623,0.010812431573867798,0.9999343752861023,0.5600470304489136,0.4072152376174927,-0.07154805958271027,0.8753893375396729,0.45476943254470825,0.3746575713157654,-0.0736890584230423,0.8966519832611084,0.5238166451454163,0.4017591178417206,-0.20833727717399597,0.8775433897972107,0.4575107991695404,0.4210386872291565,-0.2586457133293152,0.9560319781303406,0.5251350402832031,0.5023682713508606,0.006051348056644201,0.9997443556785583,0.48814481496810913,0.49768686294555664,-0.006108344532549381,0.999577522277832,0.5181796550750732,0.6244168877601624,0.023963313549757004,0.6678861379623413,0.4958329200744629,0.5776151418685913,-0.24213950335979462,0.48809847235679626,0.5027903318405151,0.7285770177841187,0.16116686165332794,0.750725269317627,0.48975175619125366,0.7078186273574829,-0.21472963690757751,0.28540655970573425,0.5068474411964417,0.7734284996986389,0.08375783264636993,0.7734438180923462,0.4895130693912506,0.7437648177146912,-0.32089608907699585,0.34653398394584656
168,5.6,0.4926064610481262,0.24169786274433136,-0.11465184390544891,0.99981689453125,0.5306727290153503,0.32190442085266113,-0.005399125628173351,0.999966561794281,0.4644545018672943,0.321970671415329,0.004484076518565416,0.9999397993087769,0.5599303245544434,0.40254801511764526,-0.07166921347379684,0.8851531147956848,0.45659464597702026,0.37625646591186523,-0.08634379506111145,0.8991909623146057,0.5238707661628723,0.3970080614089966,-0.21255068480968475,0.8872202634811401,0.4582920968532562,0.42080801725387573,-0.27238190174102783,0.9591866731643677,0.5260242223739624,0.49476274847984314,0.005695062689483166,0.9997633695602417,0.48907503485679626,0.49050140380859375,-0.00575949577614665,0.9996164441108704,0.5183054208755493,0.6172440648078918,0.021718265488743782,0.6477577686309814,0.4961774945259094,0.5755288600921631,-0.24335427582263947,0.5323821902275085,0.5035268664360046,0.7223494648933411,0.1690700650215149,0.7104899287223816,0.48681172728538513,0.7151097655296326,-0.20400270819664001,0.3479081392288208,0.5063230991363525,0.7541387677192688,0.09694626182317734,0.7402331829071045,0.477929025888443,0.7580207586288452,-0.30412885546684265,0.4045623540878296
169,5.633333333333334,0.4927242398262024,0.24332298338413239,-0.1246192678809166,0.99982750415802,0.5304774641990662,0.3226924538612366,-0.01387745700776577,0.9999690055847168,0.4642600119113922,0.32113128900527954,-0.0021930192597210407,0.9999447464942932,0.5596600770950317,0.40162238478660583,-0.08917959034442902,0.8949215412139893,0.4575417935848236,0.37627360224723816,-0.09543334692716599,0.9004485011100769,0.5230757594108582,0.39806243777275085,-0.22277423739433289,0.89676433801651,0.45835795998573303,0.42107048630714417,-0.28027933835983276,0.9614784121513367,0.5260348320007324,0.49558231234550476,0.003994530066847801,0.9997802972793579,0.48908233642578125,0.4908432364463806,-0.004058965481817722,0.999651312828064,0.5182644128799438,0.6112275123596191,0.022906597703695297,0.6397913694381714,0.495826780796051,0.5739777088165283,-0.24436955153942108,0.5734249949455261,0.503548800945282,0.7216159105300903,0.16381408274173737,0.6891283988952637,0.485994428396225,0.7117413282394409,-0.21249297261238098,0.4065152704715729,0.5047005414962769,0.7517891526222229,0.08469070494174957,0.726731538772583,0.4801700711250305,0.7455881834030151,-0.31850582361221313,0.4595915973186493
170,5.666666666666667,0.49277931451797485,0.24373666942119598,-0.12996737658977509,0.999842643737793,0.5304334163665771,0.3225766122341156,-0.02188923954963684,0.9999716877937317,0.46420425176620483,0.3207593858242035,-0.0034333691000938416,0.9999496936798096,0.5598257184028625,0.4003817141056061,-0.09884724766016006,0.9043197631835938,0.45839419960975647,0.3764951825141907,-0.09114347398281097,0.9036058783531189,0.5232058763504028,0.3975372016429901,-0.23368093371391296,0.9060194492340088,0.4583682417869568,0.42006900906562805,-0.27149221301078796,0.9638460278511047,0.5261186957359314,0.49416765570640564,0.0028928942047059536,0.9997968673706055,0.4892148971557617,0.48946842551231384,-0.002961114514619112,0.9996836185455322,0.5178931951522827,0.608630359172821,0.02696825936436653,0.6374931931495667,0.49553489685058594,0.5746878981590271,-0.24131794273853302,0.6119049191474915,0.5035579204559326,0.7225974798202515,0.1584153026342392,0.6717302799224854,0.48591527342796326,0.7152421474456787,-0.22571983933448792,0.46141767501831055,0.5043932199478149,0.7571926712989807,0.07311833649873734,0.7206836938858032,0.4843412935733795,0.7466647028923035,-0.33966588973999023,0.5109221935272217
171,5.7,0.4916757047176361,0.24579378962516785,-0.14952558279037476,0.9998524785041809,0.529154896736145,0.3139148950576782,-0.03371625393629074,0.999973714351654,0.4638841152191162,0.3169773817062378,-0.00813678465783596,0.9999542832374573,0.560469925403595,0.3854287564754486,-0.09608031809329987,0.9123303890228271,0.45745691657066345,0.37033841013908386,-0.061848342418670654,0.9109715223312378,0.5235036611557007,0.392736554145813,-0.22679364681243896,0.9142357707023621,0.4589039385318756,0.41928866505622864,-0.20724204182624817,0.96711665391922,0.5259556770324707,0.48350462317466736,0.002516397973522544,0.9998056888580322,0.489055871963501,0.48127996921539307,-0.002606774913147092,0.9997119903564453,0.5183688402175903,0.6081559062004089,0.03435653820633888,0.5878118872642517,0.49530911445617676,0.5766453742980957,-0.19853191077709198,0.6353761553764343,0.5031118392944336,0.6523517370223999,0.22839388251304626,0.6064128279685974,0.49018019437789917,0.71800297498703,-0.15070296823978424,0.4936022460460663,0.5051337480545044,0.7066867351531982,0.19237859547138214,0.6526371240615845,0.4897182583808899,0.7519505620002747,-0.24419648945331573,0.5393846035003662
172,5.733333333333333,0.4912671446800232,0.2463238537311554,-0.1602456420660019,0.999855637550354,0.5289203524589539,0.3106570243835449,-0.046240679919719696,0.9999752044677734,0.46386581659317017,0.31543269753456116,-0.017941748723387718,0.999958336353302,0.5625753402709961,0.3821966052055359,-0.10609938949346542,0.9186843037605286,0.4570140242576599,0.36734312772750854,-0.06444596499204636,0.91690993309021,0.5237419605255127,0.39285698533058167,-0.23082390427589417,0.9210224151611328,0.45899081230163574,0.41923004388809204,-0.20864835381507874,0.9700490832328796,0.5257225632667542,0.48055359721183777,0.002290076343342662,0.9998158812522888,0.48849910497665405,0.4788106381893158,-0.002419109223410487,0.9997385144233704,0.5203317403793335,0.5984057784080505,0.03863251209259033,0.5514940023422241,0.4946228563785553,0.5781179070472717,-0.17459622025489807,0.6645229458808899,0.5069493651390076,0.6225607395172119,0.22409038245677948,0.5504498481750488,0.492987722158432,0.7292103171348572,-0.1550557166337967,0.5376121997833252,0.5095764398574829,0.6672659516334534,0.19462734460830688,0.5972577333450317,0.4919774532318115,0.7657750248908997,-0.2458086460828781,0.5786547064781189
173,5.766666666666667,0.4909977912902832,0.24619892239570618,-0.19229453802108765,0.9998588562011719,0.5290031433105469,0.31048181653022766,-0.06731115281581879,0.9999765157699585,0.46399444341659546,0.3142216205596924,-0.031147310510277748,0.999961793422699,0.5630661249160767,0.3813522756099701,-0.12612709403038025,0.9249146580696106,0.45663923025131226,0.3633662462234497,-0.06570550054311752,0.9224443435668945,0.5241522789001465,0.39264076948165894,-0.2587692141532898,0.9273422956466675,0.45914655923843384,0.41742846369743347,-0.212955042719841,0.9726874828338623,0.5256721377372742,0.4780845642089844,1.339131540589733e-05,0.9998161792755127,0.4884363114833832,0.4772776663303375,-0.00014549962361343205,0.9997586011886597,0.5202323198318481,0.6035878658294678,0.030655503273010254,0.5131956338882446,0.49393755197525024,0.5791364312171936,-0.16990278661251068,0.6808058023452759,0.5029376745223999,0.6701545715332031,0.2146066427230835,0.5004777908325195,0.4928213953971863,0.7229405641555786,-0.1281709372997284,0.5628260374069214,0.5049124360084534,0.7054017186164856,0.16360506415367126,0.5469150543212891,0.4921712279319763,0.7582471370697021,-0.2224726378917694,0.6024766564369202
174,5.8,0.49112099409103394,0.24786797165870667,-0.18820801377296448,0.9998493194580078,0.5290876030921936,0.31105589866638184,-0.06776349246501923,0.9999762177467346,0.46405869722366333,0.3143940567970276,-0.030042394995689392,0.9999632239341736,0.563410222530365,0.38046613335609436,-0.12773902714252472,0.9277921319007874,0.4563932418823242,0.36428624391555786,-0.06914593279361725,0.919231653213501,0.524187445640564,0.3917255401611328,-0.2553899884223938,0.9299622774124146,0.4591469168663025,0.4175267517566681,-0.215430349111557,0.9742268919944763,0.52542644739151,0.4794454276561737,-0.00469108484685421,0.9997955560684204,0.48812156915664673,0.47814908623695374,0.004575463943183422,0.999758780002594,0.5193007588386536,0.6060218214988708,-0.005363632924854755,0.47203049063682556,0.49154824018478394,0.5796089768409729,-0.1519622951745987,0.6466804146766663,0.5006402730941772,0.7036824822425842,0.11452317237854004,0.46401160955429077,0.4918457567691803,0.71882563829422,-0.0798187181353569,0.5368463397026062,0.5018073320388794,0.745459258556366,0.036189086735248566,0.5121819376945496,0.4920700490474701,0.7554592490196228,-0.17079749703407288,0.580703854560852
175,5.833333333333333,0.4911915361881256,0.2480117827653885,-0.1640612632036209,0.9998553991317749,0.5291562676429749,0.309997022151947,-0.06098398566246033,0.9999769330024719,0.46313613653182983,0.31517112255096436,-0.023447223007678986,0.9999657869338989,0.5665236711502075,0.3751569390296936,-0.09450437873601913,0.9284003973007202,0.4558056890964508,0.36892426013946533,-0.04298146814107895,0.9216940402984619,0.5324908494949341,0.3933905363082886,-0.20982661843299866,0.9290369749069214,0.45993512868881226,0.42063432931900024,-0.16568876802921295,0.9762245416641235,0.5253297090530396,0.4800742566585541,-0.0062477607280015945,0.9997979402542114,0.4881424903869629,0.4794961214065552,0.006083393935114145,0.9997725486755371,0.5192078351974487,0.5890322327613831,-0.07309524714946747,0.45438212156295776,0.49225085973739624,0.5948091149330139,-0.06628654897212982,0.6232521533966064,0.5066201090812683,0.6845353245735168,0.010112488642334938,0.42977482080459595,0.49444976449012756,0.742146909236908,-0.04635261744260788,0.5360249876976013,0.5061364769935608,0.7191511392593384,-0.05104558914899826,0.4807738661766052,0.4942193925380707,0.7781651020050049,-0.13187675178050995,0.5723705887794495
176,5.866666666666666,0.49127522110939026,0.24769993126392365,-0.11864633858203888,0.9998667240142822,0.5291918516159058,0.3097655475139618,-0.012049002572894096,0.9999777674674988,0.4629809260368347,0.31562575697898865,0.01088260393589735,0.9999682903289795,0.5677515268325806,0.3733616769313812,-0.051552433520555496,0.9220415949821472,0.4555095136165619,0.3704432547092438,-0.02023228444159031,0.9237555265426636,0.5368902683258057,0.3943369686603546,-0.17360396683216095,0.9203773140907288,0.4605557918548584,0.42174583673477173,-0.13910576701164246,0.9773215651512146,0.525409996509552,0.4807145893573761,-0.009412030689418316,0.9998070597648621,0.4881645143032074,0.48005664348602295,0.00917125679552555,0.9997888207435608,0.5231042504310608,0.5734407901763916,-0.1923997551202774,0.47849979996681213,0.49228519201278687,0.6047281622886658,-0.0452251136302948,0.6070566177368164,0.5063784122467041,0.6321201920509338,-0.15685613453388214,0.40888315439224243,0.4959580898284912,0.7488072514533997,-0.0268710944801569,0.543569028377533,0.5056201219558716,0.6664338111877441,-0.2296462059020996,0.4681399166584015,0.4960986077785492,0.7874821424484253,-0.11043363809585571,0.5695765018463135
177,5.9,0.4913199841976166,0.24743503332138062,-0.15423841774463654,0.9998732805252075,0.5292124152183533,0.3102456331253052,-0.037692584097385406,0.9999781250953674,0.4629097878932953,0.3157375454902649,-0.02068054862320423,0.9999702572822571,0.5676800608634949,0.37376976013183594,-0.06345243006944656,0.9213975667953491,0.4554712772369385,0.371208518743515,-0.04816509783267975,0.9260579943656921,0.5371295213699341,0.3949842154979706,-0.18826007843017578,0.9184749126434326,0.46124744415283203,0.42265939712524414,-0.17446067929267883,0.9787157773971558,0.5255254507064819,0.480514258146286,-0.008835677057504654,0.9998130798339844,0.4882228970527649,0.4799485206604004,0.00864940695464611,0.9998034834861755,0.5263310670852661,0.5721439719200134,-0.11659257113933563,0.4853546619415283,0.4926672875881195,0.6058006286621094,-0.056024424731731415,0.6109538078308105,0.5064135193824768,0.6255215406417847,-0.022703172639012337,0.38520553708076477,0.4966026842594147,0.7504352927207947,-0.03810333460569382,0.56826251745224,0.5070177316665649,0.6579660773277283,-0.0813579112291336,0.4490970969200134,0.49669700860977173,0.7879584431648254,-0.1269320398569107,0.5843382477760315
178,5.933333333333334,0.49129605293273926,0.2500648498535156,-0.1277095526456833,0.9998593926429749,0.5296534299850464,0.3110683262348175,-0.006328458897769451,0.9999781250953674,0.4629054665565491,0.3245866596698761,0.0058608148247003555,0.999965488910675,0.5711269974708557,0.3656826317310333,-0.04537288472056389,0.9225108623504639,0.45327305793762207,0.3889099657535553,-0.024601180106401443,0.909234344959259,0.5487934350967407,0.39812910556793213,-0.1712620109319687,0.918570339679718,0.4612015187740326,0.4370073676109314,-0.15808629989624023,0.9753185510635376,0.5248308181762695,0.49095773696899414,-0.0022821093443781137,0.9998091459274292,0.48820996284484863,0.49184560775756836,0.002145634964108467,0.9997907876968384,0.5171914100646973,0.622898280620575,-0.03493168205022812,0.4682573974132538,0.49112558364868164,0.6079016923904419,-0.1658763587474823,0.5992978811264038,0.5050115585327148,0.7579771280288696,0.02818218432366848,0.4045236110687256,0.49427109956741333,0.7325989007949829,-0.0569620244204998,0.5408537983894348,0.5104666948318481,0.7950193881988525,-0.0565577857196331,0.46229568123817444,0.49245133996009827,0.7738364338874817,-0.13801412284374237,0.5600312352180481
179,5.966666666666667,0.4912968575954437,0.24912594258785248,-0.10284371674060822,0.9998381733894348,0.5297060012817383,0.3107875883579254,0.009143861941993237,0.999978244304657,0.4629652500152588,0.3268655836582184,0.025964459404349327,0.9999582171440125,0.571487545967102,0.3610649108886719,-0.037811245769262314,0.9239823818206787,0.4521512985229492,0.3895431160926819,-0.007897259667515755,0.8775917887687683,0.5507939457893372,0.3993259072303772,-0.16614317893981934,0.9190693497657776,0.46073418855667114,0.43667301535606384,-0.1396923065185547,0.9637746214866638,0.5248048901557922,0.4947465658187866,0.0002908571914304048,0.9998087882995605,0.48820051550865173,0.494853138923645,-0.00040218737558461726,0.9997801780700684,0.5149508714675903,0.6321986317634583,-0.02481449767947197,0.4395647346973419,0.4909347891807556,0.607072114944458,-0.19019877910614014,0.5759533047676086,0.504165530204773,0.7667596340179443,0.039502352476119995,0.40043124556541443,0.4941846430301666,0.7205697894096375,-0.09305642545223236,0.5042712092399597,0.5110853910446167,0.8047037124633789,-0.04991661757230759,0.45373010635375977,0.4924090504646301,0.759556770324707,-0.1664026528596878,0.5261994004249573
180,6.0,0.49060702323913574,0.24915653467178345,-0.16098468005657196,0.9998519420623779,0.530487060546875,0.31472665071487427,-0.021651435643434525,0.9999800324440002,0.46320977807044983,0.3390357196331024,-0.006402617786079645,0.9999613761901855,0.5707659125328064,0.3608866333961487,-0.0432506799697876,0.9302197098731995,0.44763273000717163,0.4101020395755768,-0.010700521990656853,0.8827974796295166,0.5583983659744263,0.41467639803886414,-0.16527938842773438,0.9264848828315735,0.46009358763694763,0.4493553936481476,-0.15529672801494598,0.9665572643280029,0.5254206657409668,0.49927380681037903,0.00023096465156413615,0.9998191595077515,0.4881432056427002,0.5024502873420715,-0.00037269541644491255,0.9997953176498413,0.521364152431488,0.6322901248931885,-0.02948407270014286,0.4242168962955475,0.49145421385765076,0.6294103860855103,-0.0675799548625946,0.5805951356887817,0.515113353729248,0.7515287399291992,0.14201441407203674,0.36798179149627686,0.5087049007415771,0.7778010964393616,-0.028133263811469078,0.5266192555427551,0.514956533908844,0.7809960246086121,0.10595439374446869,0.4201359748840332,0.5083584189414978,0.8128439784049988,-0.11013750731945038,0.5373741984367371
181,6.033333333333333,0.49012303352355957,0.25212928652763367,-0.14187942445278168,0.9998645782470703,0.5313975811004639,0.316754549741745,-0.013100254349410534,0.9999815821647644,0.4633041024208069,0.34193041920661926,0.008153131231665611,0.9999638199806213,0.5703277587890625,0.3623853027820587,-0.029327401891350746,0.9354603886604309,0.4459964632987976,0.41228926181793213,-0.014424833469092846,0.8859977126121521,0.5598875284194946,0.42169272899627686,-0.14879664778709412,0.9326677322387695,0.4598720073699951,0.4513465166091919,-0.14745937287807465,0.9677131175994873,0.5255088210105896,0.501542329788208,-0.0014242897741496563,0.9998289942741394,0.4877716600894928,0.5047462582588196,0.0012519407318904996,0.9998079538345337,0.5236495733261108,0.6349543333053589,-0.039067141711711884,0.4116208851337433,0.49194449186325073,0.6323606371879578,-0.058354686945676804,0.5722114443778992,0.5196988582611084,0.7331270575523376,0.09653198719024658,0.3426165282726288,0.5109338760375977,0.7818300127983093,-0.027228057384490967,0.532898485660553,0.5183550119400024,0.7676627039909363,0.041442662477493286,0.39390087127685547,0.5078355669975281,0.8196439146995544,-0.10811059176921844,0.5361243486404419
182,6.066666666666666,0.4901818335056305,0.2521052658557892,-0.13144339621067047,0.9998762011528015,0.5317768454551697,0.3181893229484558,-0.014555869624018669,0.9999829530715942,0.4635988175868988,0.3425666391849518,0.008895070292055607,0.9999662041664124,0.5699890851974487,0.3619825541973114,-0.041305072605609894,0.9401025772094727,0.44575127959251404,0.4121239185333252,-0.01372595690190792,0.8899606466293335,0.5595465302467346,0.4198474586009979,-0.16706326603889465,0.9384275078773499,0.45994892716407776,0.45271068811416626,-0.1357657015323639,0.9693918228149414,0.5256458520889282,0.5014126300811768,-0.0025023589842021465,0.9998399019241333,0.4876951575279236,0.5041472315788269,0.0023150069173425436,0.999822199344635,0.5244687795639038,0.6306971907615662,-0.03869706392288208,0.3989057242870331,0.4922347068786621,0.6307584047317505,-0.04558606818318367,0.5715809464454651,0.5164416432380676,0.7125073075294495,0.09785685688257217,0.31831982731819153,0.5122460722923279,0.7831993699073792,-0.015709269791841507,0.5468589663505554,0.5167574882507324,0.7431919574737549,0.05538024380803108,0.36968111991882324,0.510292649269104,0.8183597326278687,-0.092288538813591,0.5424633622169495
183,6.1,0.4902147650718689,0.2568706274032593,-0.200150728225708,0.9998850226402283,0.5334222912788391,0.32044321298599243,-0.04508504644036293,0.9999842047691345,0.46378645300865173,0.3466695249080658,-0.03341897204518318,0.999968409538269,0.5698728561401367,0.36120155453681946,-0.038907241076231,0.9433687329292297,0.4459163546562195,0.4244433641433716,-0.09222589433193207,0.8860077261924744,0.5615429878234863,0.4253375232219696,-0.14016100764274597,0.942579448223114,0.4603252410888672,0.4497228264808655,-0.27300769090652466,0.9703776240348816,0.5259283781051636,0.5094166994094849,-0.0022301715798676014,0.9998524188995361,0.48869413137435913,0.5120276808738708,0.0020447985734790564,0.9998371601104736,0.5232931971549988,0.6392034888267517,-0.07278033345937729,0.41957011818885803,0.4918944239616394,0.6374800205230713,-0.06864070147275925,0.5886552929878235,0.513251781463623,0.7162891030311584,0.14952479302883148,0.3022068440914154,0.5121491551399231,0.7886554002761841,-0.0036454740911722183,0.5799833536148071,0.5090042352676392,0.7568175196647644,0.11644518375396729,0.3550603687763214,0.5080493688583374,0.8207614421844482,-0.09148310869932175,0.5690646767616272
184,6.133333333333334,0.49025386571884155,0.2575974464416504,-0.18445193767547607,0.9998931884765625,0.5335204601287842,0.32132261991500854,-0.04034721851348877,0.99998539686203,0.4643733501434326,0.3468680679798126,-0.027720382437109947,0.9999704957008362,0.5699779987335205,0.35953500866889954,-0.025998443365097046,0.9460828900337219,0.446040540933609,0.4258902370929718,-0.0815841406583786,0.8759298920631409,0.5621240735054016,0.4249921441078186,-0.11825184524059296,0.9466598629951477,0.46036848425865173,0.4479954242706299,-0.25179821252822876,0.9711270332336426,0.5259135365486145,0.5115634202957153,-0.0018934954423457384,0.9998634457588196,0.4892074465751648,0.514689564704895,0.001703975722193718,0.9998505711555481,0.5225430727005005,0.640390932559967,-0.06379739940166473,0.4169554114341736,0.4919056296348572,0.6418726444244385,-0.046948641538619995,0.5905139446258545,0.5124930143356323,0.7111515402793884,0.19380095601081848,0.2782372832298279,0.5120077729225159,0.785117506980896,0.02374889701604843,0.6024240255355835,0.5050273537635803,0.7564740777015686,0.17785599827766418,0.3305447995662689,0.5087364912033081,0.8234427571296692,-0.05404595285654068,0.5835800766944885
185,6.166666666666667,0.49003520607948303,0.2554689645767212,-0.17810122668743134,0.9999009966850281,0.5335237979888916,0.3214619755744934,-0.03650994598865509,0.9999865293502808,0.46496066451072693,0.3469432294368744,-0.026204606518149376,0.9999727606773376,0.5702968835830688,0.35903066396713257,-0.000815433100797236,0.948523998260498,0.44584232568740845,0.425430029630661,-0.07593667507171631,0.865444004535675,0.5624020099639893,0.42555469274520874,-0.07526383548974991,0.9504505395889282,0.4603661894798279,0.44687318801879883,-0.24129590392112732,0.9722458720207214,0.5259053111076355,0.5117592215538025,0.00030700277420692146,0.9998736381530762,0.4893169403076172,0.5145533680915833,-0.0005047122831456363,0.9998632073402405,0.5222632884979248,0.6429389119148254,-0.04484882205724716,0.40135201811790466,0.49164533615112305,0.6442157030105591,-0.038884904235601425,0.5843876600265503,0.5072303414344788,0.6787556409835815,0.225419282913208,0.2530069053173065,0.5119208693504333,0.7870330810546875,0.034100376069545746,0.6156952381134033,0.5049412250518799,0.7316736578941345,0.21929624676704407,0.3028360903263092,0.5085873007774353,0.8226870894432068,-0.042237989604473114,0.5869255065917969
186,6.2,0.4898402690887451,0.253570020198822,-0.17585214972496033,0.999907374382019,0.5336132645606995,0.3216768801212311,-0.03838077932596207,0.9999874830245972,0.4654967784881592,0.34659543633461,-0.02675936184823513,0.9999746680259705,0.5704394578933716,0.3582095205783844,-0.01832715794444084,0.9514278769493103,0.44567012786865234,0.42331212759017944,-0.07353495061397552,0.8594270348548889,0.5633562207221985,0.42431995272636414,-0.10822288691997528,0.9540680050849915,0.46052441000938416,0.44626885652542114,-0.23492217063903809,0.972993016242981,0.5257781147956848,0.51088547706604,0.0006096280994825065,0.9998835921287537,0.4893355369567871,0.5133295059204102,-0.0007973572937771678,0.9998749494552612,0.5216172337532043,0.6419026851654053,-0.03344573453068733,0.396253764629364,0.49098891019821167,0.64156174659729,-0.046054571866989136,0.5916383266448975,0.507361888885498,0.6861945390701294,0.22199209034442902,0.23264756798744202,0.5119351148605347,0.7863034009933472,0.019110718742012978,0.6356995701789856,0.5051039457321167,0.7287637591362,0.21137234568595886,0.28163275122642517,0.5093607306480408,0.8223342299461365,-0.058804430067539215,0.6008714437484741
187,6.233333333333333,0.49046260118484497,0.24301226437091827,-0.15792115032672882,0.9999136328697205,0.5337191820144653,0.3186626136302948,-0.02847614511847496,0.9999880790710449,0.4654926359653473,0.3446747958660126,-0.02300247736275196,0.999975860118866,0.5703247785568237,0.3520791232585907,-0.020632343366742134,0.953093409538269,0.4434245526790619,0.4229746460914612,-0.07591089606285095,0.8696116805076599,0.5622128844261169,0.4235503375530243,-0.11712875217199326,0.9554218649864197,0.46555280685424805,0.43999460339546204,-0.23367026448249817,0.9746648073196411,0.5259056091308594,0.5059643387794495,0.0008093159412965178,0.9998888373374939,0.48905500769615173,0.5123263001441956,-0.0009976685978472233,0.9998794794082642,0.523755669593811,0.6270900368690491,-0.12289215624332428,0.43558457493782043,0.4905112385749817,0.6391215920448303,-0.043654754757881165,0.5899897813796997,0.5294862985610962,0.7491222620010376,0.005917626898735762,0.2582903802394867,0.5113736987113953,0.7817633748054504,0.048673950135707855,0.6392483711242676,0.5282191038131714,0.7949588298797607,-0.06893491744995117,0.30698779225349426,0.5096033811569214,0.8209380507469177,-0.0330706350505352,0.6003468632698059
188,6.266666666666667,0.4905741810798645,0.2378251552581787,-0.14566174149513245,0.9999182224273682,0.5338658094406128,0.31709834933280945,-0.022395232692360878,0.9999884963035583,0.4654601514339447,0.3431929349899292,-0.019447069615125656,0.9999768733978271,0.5701155066490173,0.3494104743003845,-0.018434274941682816,0.9539757966995239,0.44274839758872986,0.4224644899368286,-0.07194118201732635,0.8780392408370972,0.5617985129356384,0.42156511545181274,-0.11398307979106903,0.9559528231620789,0.46753278374671936,0.4375482201576233,-0.22727079689502716,0.9760110974311829,0.5259077548980713,0.5047097206115723,0.000794891850091517,0.999894380569458,0.48867183923721313,0.5115140080451965,-0.0009817900136113167,0.9998847246170044,0.5246404409408569,0.622686505317688,-0.11973458528518677,0.4680435061454773,0.49037450551986694,0.6393140554428101,-0.039202846586704254,0.5863769054412842,0.5326918363571167,0.7548697590827942,0.009366064332425594,0.2778102457523346,0.5111585855484009,0.7802220582962036,0.057055480778217316,0.6394528150558472,0.5322843194007874,0.7996037006378174,-0.06196311116218567,0.3260028064250946,0.5094285011291504,0.8207865357398987,-0.02094852551817894,0.59666508436203
189,6.3,0.49075666069984436,0.23632276058197021,-0.1415146291255951,0.9999223947525024,0.533943772315979,0.3162941038608551,-0.02111824043095112,0.9999889135360718,0.46543964743614197,0.3420589566230774,-0.017329564318060875,0.999977707862854,0.5700904130935669,0.34838947653770447,-0.0194361824542284,0.9549787044525146,0.4423295855522156,0.42229723930358887,-0.07078535109758377,0.8851022124290466,0.5619726777076721,0.4189097583293915,-0.11555533111095428,0.956811249256134,0.46838417649269104,0.43629929423332214,-0.22536709904670715,0.9771022796630859,0.5258674025535583,0.5036492347717285,0.000741358962841332,0.9998993873596191,0.48844438791275024,0.5111411213874817,-0.0009272305178456008,0.9998890161514282,0.5250320434570312,0.6211333870887756,-0.11611507833003998,0.49594905972480774,0.49035006761550903,0.639196515083313,-0.03872687369585037,0.5810354351997375,0.5328906774520874,0.7565720677375793,0.00761511642485857,0.2961159646511078,0.5111280679702759,0.7793522477149963,0.055632151663303375,0.6383155584335327,0.5305815935134888,0.8003285527229309,-0.06385903805494308,0.3437432050704956,0.5094015598297119,0.8206859230995178,-0.020882245153188705,0.592366099357605
190,6.333333333333333,0.4931007921695709,0.23588277399539948,-0.15211263298988342,0.9999272227287292,0.5345031023025513,0.30564185976982117,-0.022144947201013565,0.9999893307685852,0.4654291570186615,0.3257046043872833,-0.02033213898539543,0.9999752044677734,0.570051908493042,0.3325859606266022,-0.046368688344955444,0.9575852751731873,0.4422048032283783,0.40540939569473267,-0.10042212903499603,0.8912211060523987,0.5623036623001099,0.39737358689308167,-0.17595626413822174,0.9592936635017395,0.467698335647583,0.40993720293045044,-0.25762659311294556,0.9719377756118774,0.5267194509506226,0.49468520283699036,0.0005002074176445603,0.9999063611030579,0.48906177282333374,0.5026288628578186,-0.0006965302163735032,0.999894380569458,0.5247688889503479,0.5971266031265259,-0.18649111688137054,0.5431602597236633,0.49420779943466187,0.6311653852462769,-0.02392030693590641,0.603124737739563,0.5285587310791016,0.7437072992324829,-0.047885045409202576,0.3468717336654663,0.5111279487609863,0.7708368301391602,0.0745009332895279,0.6646977066993713,0.5276890993118286,0.7973815202713013,-0.12284617125988007,0.39139309525489807,0.5102105736732483,0.8202002048492432,-0.008968239650130272,0.6181368827819824
191,6.366666666666666,0.49323558807373047,0.23652254045009613,-0.16231907904148102,0.9999319314956665,0.5349919199943542,0.3022644817829132,-0.02819978818297386,0.9999898076057434,0.4654216170310974,0.32198986411094666,-0.021189000457525253,0.9999735951423645,0.5699936151504517,0.33205005526542664,-0.041988447308540344,0.9596887230873108,0.4424799978733063,0.39850476384162903,-0.0990641862154007,0.896445631980896,0.5622273683547974,0.39680060744285583,-0.1703873574733734,0.9611161351203918,0.46788865327835083,0.40455105900764465,-0.2556126117706299,0.9670524597167969,0.5271263718605042,0.4936620593070984,-0.0030498499982059,0.9999120831489563,0.4893665909767151,0.500994861125946,0.0028416248969733715,0.9998984336853027,0.5245774984359741,0.5926712155342102,-0.19861674308776855,0.5846202373504639,0.495932012796402,0.6291032433509827,-0.008106118068099022,0.6121711730957031,0.526350200176239,0.7324275374412537,-0.06144066900014877,0.38750919699668884,0.5110656023025513,0.7667473554611206,0.0973593145608902,0.6829258799552917,0.5258439779281616,0.7849104404449463,-0.13653117418289185,0.4307430684566498,0.5108268857002258,0.8197425007820129,0.016628731042146683,0.6359657049179077
192,6.4,0.4936424791812897,0.2371581643819809,-0.1597553789615631,0.9999345541000366,0.5353707075119019,0.3018532991409302,-0.028180941939353943,0.9999900460243225,0.4653932452201843,0.3211018145084381,-0.01808629371225834,0.9999716281890869,0.5698224306106567,0.32903552055358887,-0.04999752715229988,0.9602430462837219,0.4425423741340637,0.39743566513061523,-0.08970782905817032,0.8998215794563293,0.5625690221786499,0.3936150074005127,-0.17466124892234802,0.9614580869674683,0.46900439262390137,0.40448811650276184,-0.2443196326494217,0.9616269469261169,0.5280553698539734,0.49192407727241516,-0.004927691537886858,0.9999169111251831,0.489907830953598,0.4999391436576843,0.004719113931059837,0.9999019503593445,0.5245095491409302,0.5913927555084229,-0.2091972529888153,0.6215928196907043,0.49624425172805786,0.6291154026985168,-0.01194528304040432,0.620033323764801,0.5260440111160278,0.7267173528671265,-0.06891908496618271,0.4202256500720978,0.5110890865325928,0.7647824883460999,0.09661059826612473,0.6971160173416138,0.5245879888534546,0.7815222144126892,-0.1433163732290268,0.462909460067749,0.5112524628639221,0.8186153769493103,0.017155537381768227,0.649085283279419
193,6.433333333333334,0.49377527832984924,0.23755942285060883,-0.13846901059150696,0.9999393820762634,0.5357488989830017,0.3019201159477234,-0.01692325249314308,0.9999905228614807,0.4653877317905426,0.32083845138549805,-0.003905347315594554,0.9999710321426392,0.5696419477462769,0.325655460357666,-0.04604761302471161,0.9606736302375793,0.4426273703575134,0.396467924118042,-0.08675859123468399,0.9014071226119995,0.5636144876480103,0.3902566730976105,-0.1692948192358017,0.9619688391685486,0.4688425064086914,0.4037131369113922,-0.2298133373260498,0.9541395902633667,0.528814435005188,0.4917382001876831,-0.006574098952114582,0.9999217391014099,0.4900842607021332,0.49986374378204346,0.006358494516462088,0.9999051690101624,0.5244309306144714,0.5882017612457275,-0.22919782996177673,0.6549205780029297,0.4964001178741455,0.6294092535972595,-0.0019205395365133882,0.6171773076057434,0.5254712700843811,0.7242078185081482,-0.11328611522912979,0.4511857330799103,0.511219322681427,0.7628525495529175,0.10573015362024307,0.7023364305496216,0.5238932371139526,0.7768984436988831,-0.19291526079177856,0.4951891303062439,0.5115246772766113,0.8157676458358765,0.028456280007958412,0.6548800468444824
194,6.466666666666667,0.4958023428916931,0.2328675389289856,-0.14780481159687042,0.9999444484710693,0.5360010862350464,0.2949583828449249,-0.03353937715291977,0.9999910593032837,0.46574822068214417,0.3115067780017853,-0.014274206943809986,0.9999664425849915,0.5696113705635071,0.3204381465911865,-0.048970356583595276,0.9625055193901062,0.4424697756767273,0.3798156678676605,-0.09585103392601013,0.9030510783195496,0.5646315813064575,0.3856936991214752,-0.16410419344902039,0.9644891023635864,0.4728143811225891,0.3845343589782715,-0.24833109974861145,0.9495666027069092,0.5287052392959595,0.4858050048351288,-0.00801481306552887,0.9999232888221741,0.4899953007698059,0.4932204782962799,0.007804335094988346,0.9998951554298401,0.5253030061721802,0.593798041343689,-0.11679916083812714,0.6780792474746704,0.49198976159095764,0.6235876083374023,0.006783732213079929,0.597108006477356,0.5242297649383545,0.735011637210846,-0.03916987404227257,0.49300679564476013,0.5104650259017944,0.7103313207626343,0.18151439726352692,0.6714261770248413,0.5205687284469604,0.783858597278595,-0.11880413442850113,0.5329549908638,0.5100558996200562,0.7506105303764343,0.14249828457832336,0.6342691779136658
195,6.5,0.4978026747703552,0.2305465042591095,-0.14573556184768677,0.9999491572380066,0.5362003445625305,0.29195675253868103,-0.019500670954585075,0.9999915361404419,0.4664549231529236,0.30942538380622864,-0.013361926190555096,0.9999621510505676,0.5695968270301819,0.31837987899780273,-0.019949309527873993,0.963676393032074,0.4425191879272461,0.37203720211982727,-0.09322474151849747,0.9019325375556946,0.5648798942565918,0.3837476372718811,-0.11052905023097992,0.9665120244026184,0.47285357117652893,0.3809550106525421,-0.2462126761674881,0.9411739110946655,0.528633177280426,0.48071640729904175,-0.007418920751661062,0.9999233484268188,0.490200936794281,0.48915863037109375,0.007212786935269833,0.9998840689659119,0.5255566835403442,0.5942097306251526,-0.11106829345226288,0.7003608345985413,0.49049830436706543,0.6180362701416016,-0.005259324796497822,0.5834335684776306,0.523544430732727,0.7396687865257263,-0.04302428290247917,0.5319885015487671,0.510129988193512,0.7130988240242004,0.13159188628196716,0.658830463886261,0.519081175327301,0.7860986590385437,-0.1359202265739441,0.568070113658905,0.5092533230781555,0.749293327331543,0.07614869624376297,0.6288222670555115
196,6.533333333333333,0.4988933205604553,0.228333979845047,-0.11524473130702972,0.9999539256095886,0.5380264520645142,0.2906126379966736,-0.006228300277143717,0.9999919533729553,0.4678429067134857,0.30155307054519653,0.013103355653584003,0.9999584555625916,0.5685486197471619,0.322797954082489,-0.01780666969716549,0.9634549617767334,0.44236549735069275,0.3666643798351288,-0.03321847692131996,0.8981993198394775,0.5645896792411804,0.3834049105644226,-0.11629660427570343,0.9682859778404236,0.47212499380111694,0.3847195506095886,-0.16681557893753052,0.935574471950531,0.5284894704818726,0.4790523946285248,-0.009665665216743946,0.9999207854270935,0.4900212287902832,0.48556381464004517,0.009504313580691814,0.9998537302017212,0.5251324772834778,0.600933313369751,-0.04751931130886078,0.7121225595474243,0.48878493905067444,0.613515317440033,-0.0079426821321249,0.554751455783844,0.5232316255569458,0.7589935064315796,-0.05047350004315376,0.5711913108825684,0.5055651068687439,0.6242650151252747,0.18035124242305756,0.5992806553840637,0.519062340259552,0.7959001064300537,-0.14875362813472748,0.6021943688392639,0.5048289895057678,0.6409810185432434,0.1766389012336731,0.57776939868927
197,6.566666666666666,0.4984739422798157,0.22706598043441772,-0.10655685514211655,0.9999577403068542,0.5388433337211609,0.2885375916957855,0.004907987546175718,0.9999921321868896,0.4684082567691803,0.3007398247718811,0.024559522047638893,0.9999480843544006,0.5683937668800354,0.32314473390579224,0.011259155347943306,0.9601277112960815,0.4424116611480713,0.36564889550209045,-0.02231968566775322,0.8821074962615967,0.5643724203109741,0.3830282390117645,-0.06293030083179474,0.9680463075637817,0.47173959016799927,0.3831251263618469,-0.15882673859596252,0.9162125587463379,0.529643714427948,0.4735209047794342,-0.010063238441944122,0.9999142289161682,0.4914243221282959,0.48190608620643616,0.009907260537147522,0.9998061656951904,0.525076150894165,0.6014108061790466,-0.047388575971126556,0.7167233824729919,0.489717572927475,0.613152027130127,-0.024988945573568344,0.5200327038764954,0.5232295989990234,0.7616744041442871,-0.058658622205257416,0.6050634384155273,0.5064140558242798,0.6244333386421204,0.16275654733181,0.543488085269928,0.5190623998641968,0.7956749796867371,-0.1620861142873764,0.6303654313087463,0.5051212906837463,0.6430389881134033,0.15737654268741608,0.5278786420822144
198,6.6,0.49828609824180603,0.2273845225572586,-0.11275941133499146,0.9999606609344482,0.5401636958122253,0.28860506415367126,0.0010123567190021276,0.9999915361404419,0.46839219331741333,0.3016122579574585,0.013267015106976032,0.9999430775642395,0.5663295984268188,0.3245423138141632,-0.006335792131721973,0.9440208077430725,0.4424225389957428,0.36623361706733704,-0.0344194695353508,0.8682300448417664,0.5642606019973755,0.3798559010028839,-0.09838922321796417,0.957827627658844,0.47171550989151,0.38372373580932617,-0.1666382998228073,0.9071266055107117,0.5295315980911255,0.47396859526634216,-0.009635921567678452,0.9999087452888489,0.4913337826728821,0.4816681742668152,0.009482880122959614,0.9997825026512146,0.5249246954917908,0.6016577482223511,-0.043960537761449814,0.7175068259239197,0.48993682861328125,0.607201874256134,-0.03423310071229935,0.48935258388519287,0.5230294466018677,0.7600983381271362,-0.06594226509332657,0.6352401971817017,0.5065250992774963,0.6128543615341187,0.14207550883293152,0.4936000406742096,0.5184954404830933,0.7957534193992615,-0.16867388784885406,0.6572157740592957,0.505227267742157,0.6289794445037842,0.13298507034778595,0.48487579822540283
199,6.633333333333334,0.4990254044532776,0.22687846422195435,-0.1843496412038803,0.9999616146087646,0.5417245626449585,0.2890612483024597,-0.04332728683948517,0.9999903440475464,0.4684773087501526,0.30032745003700256,-0.036476824432611465,0.9999294281005859,0.5668173432350159,0.34743767976760864,-0.07009880244731903,0.9381546974182129,0.4409869313240051,0.3644469380378723,-0.06581518054008484,0.8644252419471741,0.5641788244247437,0.3816111385822296,-0.20030932128429413,0.9538089036941528,0.4654874801635742,0.3864637613296509,-0.17943815886974335,0.9023778438568115,0.5283167362213135,0.48050960898399353,-0.009556927718222141,0.9998961687088013,0.4891255497932434,0.4835013449192047,0.009411586448550224,0.999736487865448,0.5239942669868469,0.6140111088752747,-0.04894851893186569,0.7314015626907349,0.4900693893432617,0.6072707176208496,0.051721055060625076,0.47384682297706604,0.5196796655654907,0.7717310786247253,-0.03239784762263298,0.6686966419219971,0.504393458366394,0.6299609541893005,0.3104059398174286,0.4547540247440338,0.51241534948349,0.8142663836479187,-0.14032359421253204,0.6879491209983826,0.5013779997825623,0.6597506999969482,0.30499714612960815,0.4544394612312317
200,6.666666666666667,0.49904799461364746,0.22657249867916107,-0.18475188314914703,0.9999592900276184,0.5422323942184448,0.2894541323184967,-0.03928164392709732,0.9999875426292419,0.4685829281806946,0.2996600568294525,-0.0409880205988884,0.9999091625213623,0.5657139420509338,0.3525642454624176,-0.05235809087753296,0.9154382348060608,0.4405357241630554,0.36360809206962585,-0.0702013224363327,0.8480648398399353,0.5631623268127441,0.3824951946735382,-0.16593243181705475,0.9297908544540405,0.46418124437332153,0.387264221906662,-0.18773314356803894,0.8763003945350647,0.5272979736328125,0.4846145212650299,-0.008822670206427574,0.9998914003372192,0.487446129322052,0.4855461120605469,0.008702170103788376,0.9997196197509766,0.5237283110618591,0.6148471832275391,-0.05496609956026077,0.7464567422866821,0.4901653826236725,0.6087480187416077,0.037772975862026215,0.4687686860561371,0.5182474851608276,0.7720885276794434,-0.05110481381416321,0.7000675797462463,0.5033012628555298,0.6472320556640625,0.28209760785102844,0.4244469106197357,0.5121584534645081,0.8134453892707825,-0.16563977301120758,0.7168499231338501,0.4992751181125641,0.6791778802871704,0.272201269865036,0.4317719042301178
201,6.7,0.49935182929039,0.22668124735355377,-0.17529939115047455,0.9999602437019348,0.5424307584762573,0.2904703617095947,-0.040145084261894226,0.999985933303833,0.4686381220817566,0.2991590201854706,-0.038921769708395004,0.9998984932899475,0.5649903416633606,0.3546210527420044,-0.059240709990262985,0.9040104150772095,0.44052648544311523,0.3632221519947052,-0.07633168995380402,0.8424222469329834,0.5619616508483887,0.3838878273963928,-0.1732342392206192,0.9191278219223022,0.462573379278183,0.38652029633522034,-0.1954081952571869,0.86949622631073,0.5263415575027466,0.4864099323749542,-0.008843358606100082,0.9998853802680969,0.486320823431015,0.4867074191570282,0.008724208921194077,0.9996976256370544,0.5233906507492065,0.6146695613861084,-0.06091566011309624,0.7604078054428101,0.4897322654724121,0.6103241443634033,0.05475981906056404,0.4531860053539276,0.5173037052154541,0.7719826698303223,-0.06659738719463348,0.7278845906257629,0.5010940432548523,0.6366204023361206,0.28996795415878296,0.3923355042934418,0.5111780166625977,0.8145468831062317,-0.18153759837150574,0.7426928877830505,0.49653759598731995,0.6631680727005005,0.28067678213119507,0.4071967601776123
202,6.733333333333333,0.49922698736190796,0.22692011296749115,-0.16977712512016296,0.9999613761901855,0.5422810316085815,0.2914907932281494,-0.03998288884758949,0.9999837875366211,0.4686279892921448,0.299489825963974,-0.034858588129282,0.99989253282547,0.564155638217926,0.35454079508781433,-0.05362936109304428,0.8894122838973999,0.4405817985534668,0.3629595935344696,-0.08408401906490326,0.8379541635513306,0.5604519248008728,0.3847382962703705,-0.15854793787002563,0.905610203742981,0.45986542105674744,0.3853573203086853,-0.2241763323545456,0.8687567710876465,0.5259507298469543,0.48851749300956726,-0.00950733944773674,0.9998810291290283,0.48569804430007935,0.4894382953643799,0.009398670867085457,0.9996864199638367,0.5231598615646362,0.6159129738807678,-0.053503960371017456,0.7760618925094604,0.48817986249923706,0.6122133731842041,0.0426141656935215,0.4488668441772461,0.516457200050354,0.7733500003814697,-0.05961594730615616,0.753513514995575,0.501268208026886,0.6396013498306274,0.27275753021240234,0.36792537569999695,0.5102543234825134,0.8154096007347107,-0.17253223061561584,0.7665408253669739,0.4966731071472168,0.6665924191474915,0.26371118426322937,0.3919932544231415
203,6.766666666666667,0.49912363290786743,0.23287998139858246,-0.1697118580341339,0.9999623894691467,0.5420681834220886,0.3007717430591583,-0.041165463626384735,0.9999832510948181,0.46865448355674744,0.3019685447216034,-0.01997818611562252,0.9998947381973267,0.5656962394714355,0.3789158761501312,-0.07336363941431046,0.8889095783233643,0.44059911370277405,0.3630967438220978,-0.0496571883559227,0.8408135771751404,0.5517606139183044,0.4052563011646271,-0.19790871441364288,0.906861424446106,0.46047481894493103,0.4025563597679138,-0.19879522919654846,0.8744426369667053,0.5265966653823853,0.49273574352264404,-0.01153378002345562,0.9998778104782104,0.4858892858028412,0.4969816505908966,0.011435491964221,0.9996853470802307,0.5228132009506226,0.6306030750274658,-0.051568012684583664,0.777816891670227,0.48837709426879883,0.6442108154296875,-0.024470888078212738,0.44778135418891907,0.5147668123245239,0.78819739818573,-0.013872748240828514,0.7714816331863403,0.5017423629760742,0.6480309367179871,0.24397091567516327,0.33898812532424927,0.5097498297691345,0.8338454961776733,-0.11811196804046631,0.7820504307746887,0.49930277466773987,0.6697093844413757,0.23859567940235138,0.36563602089881897
204,6.8,0.499105304479599,0.23609597980976105,-0.16909152269363403,0.9999628067016602,0.5419358015060425,0.30466029047966003,-0.040911201387643814,0.9999827146530151,0.46868425607681274,0.30384954810142517,-0.012679492123425007,0.9998963475227356,0.5660210847854614,0.3836897909641266,-0.07747061550617218,0.8870892524719238,0.4409559369087219,0.3642973303794861,-0.04348472133278847,0.8417408466339111,0.5503438711166382,0.40960222482681274,-0.20458146929740906,0.9079341292381287,0.46068358421325684,0.40537601709365845,-0.1934889554977417,0.8790485858917236,0.5272912979125977,0.4946296215057373,-0.012042353861033916,0.9998769164085388,0.48598164319992065,0.4996761679649353,0.011945794336497784,0.9996882081031799,0.5225109457969666,0.6352712512016296,-0.042394958436489105,0.7809240818023682,0.4885205328464508,0.6529826521873474,-0.04104611277580261,0.45862942934036255,0.5135840177536011,0.7938076257705688,0.013432489708065987,0.7869454026222229,0.5018251538276672,0.6427764296531677,0.2403009831905365,0.3151807487010956,0.5089148283004761,0.8392301201820374,-0.08341246098279953,0.7947582602500916,0.5012220144271851,0.6782045364379883,0.24182963371276855,0.3441324234008789
205,6.833333333333333,0.49907246232032776,0.23742571473121643,-0.17121092975139618,0.9999631643295288,0.5418590903282166,0.3060823678970337,-0.04268348217010498,0.9999819993972778,0.46876993775367737,0.30477166175842285,-0.012644645757973194,0.9998977780342102,0.5661031007766724,0.38384178280830383,-0.08095340430736542,0.8843567371368408,0.44139862060546875,0.36500275135040283,-0.044878505170345306,0.8437759280204773,0.5501567125320435,0.4105149507522583,-0.20889624953269958,0.9078862071037292,0.46096348762512207,0.40669453144073486,-0.19378219544887543,0.8844640851020813,0.5276111364364624,0.4952176809310913,-0.012453628703951836,0.9998757243156433,0.4860195517539978,0.5004739165306091,0.012358683161437511,0.999690592288971,0.5224575996398926,0.6347827315330505,-0.04349702224135399,0.7853764891624451,0.4885956645011902,0.6533799767494202,-0.03449910134077072,0.468565434217453,0.5135424733161926,0.7929784059524536,0.0062450505793094635,0.8026953935623169,0.502100944519043,0.6417398452758789,0.24940936267375946,0.29406818747520447,0.5090076923370361,0.8390781879425049,-0.0930534154176712,0.8084473013877869,0.5019167065620422,0.680925190448761,0.2521398961544037,0.325772762298584
206,6.866666666666666,0.4992917478084564,0.24099916219711304,-0.1721101999282837,0.9999621510505676,0.5416703224182129,0.3131660223007202,-0.05958385020494461,0.9999818205833435,0.4687419533729553,0.3121647536754608,-0.023426296189427376,0.9999023079872131,0.5684264898300171,0.40490344166755676,-0.10295821726322174,0.889171838760376,0.4419463574886322,0.36545228958129883,-0.059185940772295,0.8491601943969727,0.5362979173660278,0.41777369379997253,-0.21500718593597412,0.9126851558685303,0.45797210931777954,0.40900251269340515,-0.20333988964557648,0.8925284147262573,0.5280879139900208,0.49931618571281433,-0.012507219798862934,0.9998623132705688,0.48656949400901794,0.5011098980903625,0.01239893026649952,0.9996745586395264,0.5227065682411194,0.637241780757904,-0.01990610733628273,0.7680404186248779,0.49043169617652893,0.6335561275482178,-0.01100151240825653,0.4369248151779175,0.5124026536941528,0.790018618106842,0.027127543464303017,0.8078752160072327,0.5024409294128418,0.6528869867324829,0.23738105595111847,0.2705715596675873,0.5091802477836609,0.834813117980957,-0.06995649635791779,0.8127824068069458,0.5018664598464966,0.6860694289207458,0.23549631237983704,0.30347517132759094
207,6.9,0.49950361251831055,0.2420605719089508,-0.18027307093143463,0.9999574422836304,0.5415752530097961,0.3155443072319031,-0.06643877923488617,0.9999810457229614,0.46865636110305786,0.31411850452423096,-0.03779483586549759,0.9999051094055176,0.5688861608505249,0.4081993103027344,-0.1078629121184349,0.8903137445449829,0.44243860244750977,0.36582958698272705,-0.07904897630214691,0.8517025709152222,0.5350791215896606,0.4188041388988495,-0.21791978180408478,0.914334774017334,0.45771265029907227,0.4115866720676422,-0.22023174166679382,0.8985022306442261,0.528141438961029,0.49993976950645447,-0.01242840476334095,0.9998394250869751,0.4865962862968445,0.5007733702659607,0.012305748648941517,0.9996428489685059,0.5231548547744751,0.6378313899040222,-0.019323304295539856,0.7426133751869202,0.49076399207115173,0.6057916283607483,0.011081637814640999,0.40119442343711853,0.5119994878768921,0.7885704040527344,0.023319128900766373,0.8062212467193604,0.5017374157905579,0.6536476016044617,0.23286893963813782,0.2484208345413208,0.5093784928321838,0.8329662680625916,-0.07682307809591293,0.8109933137893677,0.5001183748245239,0.6869969964027405,0.2144470512866974,0.28169575333595276
208,6.933333333333334,0.49969401955604553,0.242178812623024,-0.19543777406215668,0.9999530911445618,0.5414601564407349,0.3160829246044159,-0.07280544191598892,0.9999802112579346,0.4685963988304138,0.31459346413612366,-0.044260092079639435,0.9999081492424011,0.569110631942749,0.4073088765144348,-0.11424809694290161,0.8916264772415161,0.4426257014274597,0.3656548261642456,-0.08103501796722412,0.8548066020011902,0.5354029536247253,0.41895702481269836,-0.23100562393665314,0.9159083366394043,0.45788663625717163,0.413138747215271,-0.22214524447917938,0.9043854475021362,0.5282729864120483,0.5001255869865417,-0.012296665459871292,0.9998159408569336,0.48691242933273315,0.5005478262901306,0.012178363278508186,0.999615490436554,0.5237236022949219,0.6371127367019653,-0.02210383303463459,0.7179219126701355,0.4943809509277344,0.5994900465011597,0.006626246962696314,0.36969998478889465,0.5116981267929077,0.7886167764663696,0.02787189744412899,0.8031510710716248,0.5019188523292542,0.6572122573852539,0.22575640678405762,0.2289263904094696,0.5094820261001587,0.8323091268539429,-0.07560275495052338,0.8083013892173767,0.5001174807548523,0.6885000467300415,0.19235476851463318,0.2628401815891266
209,6.966666666666667,0.4998141825199127,0.24212762713432312,-0.1903938502073288,0.9999474287033081,0.541382908821106,0.31635582447052,-0.06909652799367905,0.9999794363975525,0.46856021881103516,0.31481385231018066,-0.04152083396911621,0.9999107122421265,0.569307804107666,0.4077478051185608,-0.1087312325835228,0.8933091759681702,0.44276943802833557,0.3654201626777649,-0.07894886285066605,0.8557113409042358,0.5353630781173706,0.418826162815094,-0.22204668819904327,0.9176087379455566,0.4580378532409668,0.41360053420066833,-0.2195715606212616,0.9091596007347107,0.5284409523010254,0.5000272989273071,-0.011873573996126652,0.999794065952301,0.487311989068985,0.500485360622406,0.011745824478566647,0.9995912313461304,0.5240634679794312,0.6370459794998169,-0.017570316791534424,0.6906452775001526,0.4967527389526367,0.5930083990097046,-0.008679570630192757,0.3415454924106598,0.511459469795227,0.7884683609008789,0.0380641408264637,0.7968989610671997,0.5020835399627686,0.6592432260513306,0.1939162313938141,0.21177905797958374,0.5096625089645386,0.8323249816894531,-0.06392374634742737,0.80268394947052,0.5002749562263489,0.6904770135879517,0.15725769102573395,0.24663126468658447
210,7.0,0.4987975060939789,0.2417992502450943,-0.10330937802791595,0.9999435544013977,0.5405820608139038,0.3153614103794098,-0.014213914051651955,0.9999808669090271,0.4678531587123871,0.315674364566803,0.04473057761788368,0.9999168515205383,0.5698590278625488,0.4066573977470398,-0.09928008168935776,0.9006105661392212,0.45095911622047424,0.377951055765152,-0.03823741152882576,0.8178170919418335,0.5305771231651306,0.41166242957115173,-0.2188694179058075,0.9230243563652039,0.45740047097206116,0.41237398982048035,-0.22580620646476746,0.9032189249992371,0.5295418500900269,0.5038660168647766,-0.01178021915256977,0.9998109936714172,0.48728013038635254,0.5025914311408997,0.011649006977677345,0.999627947807312,0.5240558385848999,0.6510729193687439,-0.010898811742663383,0.643717885017395,0.4924563765525818,0.5808762311935425,-0.25114184617996216,0.36527130007743835,0.5106109976768494,0.7894673943519592,0.06395334750413895,0.7306488156318665,0.49083393812179565,0.6450988054275513,-0.34189796447753906,0.2326991856098175,0.5081930160522461,0.833878219127655,-0.021103138104081154,0.7430930733680725,0.4901524484157562,0.6121842861175537,-0.45374053716659546,0.29095199704170227
211,7.033333333333333,0.4984610974788666,0.24160976707935333,-0.12325344979763031,0.9999362826347351,0.540016770362854,0.3147214651107788,-0.022161278873682022,0.9999818801879883,0.46691974997520447,0.3165052533149719,0.03135034814476967,0.999918520450592,0.5701106190681458,0.4061773419380188,-0.09924478828907013,0.906840443611145,0.45561641454696655,0.38895383477211,-0.04786711186170578,0.7736351490020752,0.5296177268028259,0.40688464045524597,-0.23603849112987518,0.9283711314201355,0.45709094405174255,0.41152817010879517,-0.25436997413635254,0.8964502811431885,0.5301032662391663,0.5051338076591492,-0.011077508330345154,0.9998176097869873,0.4872225821018219,0.5035594701766968,0.010990327224135399,0.9996458888053894,0.5240489840507507,0.6537088751792908,-0.008728714659810066,0.6007512211799622,0.49038681387901306,0.5836508274078369,-0.24757233262062073,0.3710489869117737,0.5104964971542358,0.7896108031272888,0.09346306324005127,0.6797863245010376,0.488961398601532,0.6429657340049744,-0.19678851962089539,0.22542139887809753,0.5080330967903137,0.8338292241096497,0.007809420581907034,0.6948184967041016,0.48388972878456116,0.6401993036270142,-0.27680641412734985,0.2930215299129486
212,7.066666666666666,0.49533525109291077,0.23557011783123016,-0.10596475750207901,0.9999268054962158,0.5372623205184937,0.3079162836074829,-0.008671475574374199,0.9999822974205017,0.46485695242881775,0.31259554624557495,0.042968906462192535,0.9999201893806458,0.5692620277404785,0.40456467866897583,-0.0758122056722641,0.912858247756958,0.45726555585861206,0.392984002828598,-0.02588208019733429,0.7472407817840576,0.5273117423057556,0.3878033459186554,-0.21079294383525848,0.9331134557723999,0.4572971761226654,0.40535226464271545,-0.21889932453632355,0.8975736498832703,0.5301102995872498,0.4984460175037384,-0.010326221585273743,0.9998077750205994,0.48674553632736206,0.49496278166770935,0.010263212956488132,0.9996455311775208,0.5240224003791809,0.6406723260879517,-0.015227136202156544,0.5629619359970093,0.48989954590797424,0.5747389197349548,-0.22515186667442322,0.3822723627090454,0.5112746357917786,0.7816898822784424,0.08369414508342743,0.6359829902648926,0.4856850504875183,0.7223213315010071,-0.12526418268680573,0.22548021376132965,0.5074964761734009,0.8289351463317871,-0.0032424875535070896,0.6510778665542603,0.4736432433128357,0.7620194554328918,-0.198759526014328,0.2937938868999481
213,7.1,0.4941633343696594,0.23190483450889587,-0.08347512781620026,0.9999179244041443,0.5358648896217346,0.3049354553222656,0.007130163721740246,0.999982476234436,0.4641357958316803,0.3106762766838074,0.053717054426670074,0.999921977519989,0.5677280426025391,0.40366131067276,-0.055193789303302765,0.9177802205085754,0.45842742919921875,0.39426904916763306,-0.014246818609535694,0.7271981239318848,0.5264933705329895,0.3821558356285095,-0.18193566799163818,0.9370535612106323,0.4574406147003174,0.40153101086616516,-0.19533772766590118,0.8992113471031189,0.5302476286888123,0.4952489733695984,-0.008703167550265789,0.9998055100440979,0.48669520020484924,0.4917930066585541,0.008652887307107449,0.9996545910835266,0.5240139961242676,0.6351183652877808,-0.01132714282721281,0.5309301018714905,0.4898594915866852,0.5758800506591797,-0.2112642228603363,0.3945457637310028,0.5117126107215881,0.7768201231956482,0.09328566491603851,0.5978001356124878,0.48677292466163635,0.7314013242721558,-0.10838301479816437,0.2278302162885666,0.5074108242988586,0.8264210820198059,0.010648231953382492,0.612140417098999,0.4745253920555115,0.7773677110671997,-0.1792570948600769,0.29527026414871216
214,7.133333333333334,0.4936458468437195,0.23037269711494446,-0.08783790469169617,0.9999065399169922,0.5355671644210815,0.30375829339027405,0.0012829790357500315,0.9999823570251465,0.46374446153640747,0.30979621410369873,0.050660211592912674,0.9999235272407532,0.5670517683029175,0.4020765423774719,-0.05875790864229202,0.9212649464607239,0.45880237221717834,0.3946097493171692,-0.013845190405845642,0.7101609706878662,0.5259811878204346,0.3814719021320343,-0.18177536129951477,0.9396905899047852,0.45751532912254333,0.4003194570541382,-0.192034512758255,0.9010450839996338,0.5304387211799622,0.49394068121910095,-0.008590282872319221,0.9998008012771606,0.48670855164527893,0.49093830585479736,0.008537361398339272,0.9996606707572937,0.524014413356781,0.6321116089820862,-0.012591330334544182,0.49846211075782776,0.4898182451725006,0.5764607191085815,-0.19854409992694855,0.39636358618736267,0.5117348432540894,0.7755197286605835,0.08778412640094757,0.561581552028656,0.48743367195129395,0.7331486940383911,-0.09221182763576508,0.22567163407802582,0.507158637046814,0.825368344783783,0.004138673190027475,0.5757525563240051,0.4747169017791748,0.7811273336410522,-0.1622987538576126,0.2917928099632263
215,7.166666666666667,0.49200862646102905,0.2257860153913498,-0.09578639268875122,0.9998924732208252,0.534768283367157,0.2928820550441742,-0.0013344527687877417,0.9999824166297913,0.4626585841178894,0.30295345187187195,0.046200208365917206,0.9999285340309143,0.5667241811752319,0.3828580975532532,-0.05671374127268791,0.9245023131370544,0.45877185463905334,0.3915056586265564,-0.015064748004078865,0.7083910703659058,0.521727979183197,0.36699163913726807,-0.17233332991600037,0.9420226216316223,0.4575476050376892,0.40004831552505493,-0.19292888045310974,0.9084538817405701,0.53043133020401,0.4870232045650482,-0.007994034327566624,0.9998074173927307,0.48652610182762146,0.48522746562957764,0.007938655093312263,0.9996838569641113,0.5242263078689575,0.6226363778114319,-0.0010590212186798453,0.45997366309165955,0.4888150095939636,0.5710811614990234,-0.20393390953540802,0.40257635712623596,0.5117993354797363,0.751767635345459,0.12926369905471802,0.5138615369796753,0.48674577474594116,0.7317301630973816,-0.15626172721385956,0.2334202378988266,0.5094687938690186,0.8049570918083191,0.06949254870414734,0.5282972455024719,0.4780673086643219,0.775152862071991,-0.23776105046272278,0.2973618805408478
216,7.2,0.49071812629699707,0.22383153438568115,-0.10725011676549911,0.9998800754547119,0.5346730351448059,0.2896330952644348,-0.007169224321842194,0.9999830722808838,0.4619675278663635,0.30128350853919983,0.04284927621483803,0.999932587146759,0.5668095350265503,0.3760465383529663,-0.05866573005914688,0.9292241334915161,0.45961934328079224,0.39146554470062256,-0.015906650573015213,0.6959194540977478,0.5216699838638306,0.3638477623462677,-0.17521746456623077,0.9454882144927979,0.45802274346351624,0.40066006779670715,-0.19754135608673096,0.91269850730896,0.5304167866706848,0.48576706647872925,-0.008040318265557289,0.9998188018798828,0.48649507761001587,0.4843842685222626,0.007990434765815735,0.9997082948684692,0.5242425203323364,0.6223623752593994,0.0038345977663993835,0.43851521611213684,0.48809701204299927,0.5730293393135071,-0.2048487365245819,0.43545371294021606,0.5118169784545898,0.7471652626991272,0.1471162885427475,0.4825315773487091,0.48678168654441833,0.7416619062423706,-0.16233055293560028,0.2728956639766693,0.5104024410247803,0.8015742897987366,0.0828302726149559,0.4982861280441284,0.4797460436820984,0.7897908687591553,-0.2536795735359192,0.3334689736366272
217,7.233333333333333,0.49007707834243774,0.2233285754919052,-0.1281193494796753,0.9998620748519897,0.534595251083374,0.289301335811615,-0.021695846691727638,0.9999833106994629,0.4617939889431,0.3010022044181824,0.036863379180431366,0.9999353885650635,0.5668863654136658,0.37403950095176697,-0.08218361437320709,0.9333788752555847,0.460104376077652,0.39165589213371277,-0.021586444228887558,0.686962902545929,0.5216728448867798,0.3627840280532837,-0.21200695633888245,0.9485782980918884,0.4585406184196472,0.4008955657482147,-0.21713252365589142,0.917224109172821,0.5302652716636658,0.48554328083992004,-0.00841727014631033,0.9998266100883484,0.48647791147232056,0.48432931303977966,0.008372191339731216,0.9997278451919556,0.5242390632629395,0.6225398778915405,0.0018810478504747152,0.42215684056282043,0.4876484274864197,0.573684573173523,-0.20415286719799042,0.46546006202697754,0.5118780136108398,0.7487258911132812,0.14159052073955536,0.4625442922115326,0.48660022020339966,0.7431100606918335,-0.14028969407081604,0.3090099096298218,0.5090542435646057,0.8034905195236206,0.06638956815004349,0.4802064597606659,0.4804169535636902,0.7911085486412048,-0.23214225471019745,0.36788925528526306
218,7.266666666666667,0.4898671507835388,0.22335869073867798,-0.1283448487520218,0.999846875667572,0.5345054864883423,0.2893984913825989,-0.02238277718424797,0.9999833703041077,0.4617021679878235,0.30092257261276245,0.0367145799100399,0.999937891960144,0.5669161677360535,0.3738824725151062,-0.08387214690446854,0.9369770288467407,0.4601407051086426,0.391798198223114,-0.022390831261873245,0.6793600916862488,0.5219675302505493,0.3625921905040741,-0.2152406871318817,0.9511856436729431,0.4588789939880371,0.4012323021888733,-0.21648864448070526,0.9214325547218323,0.5300816297531128,0.4855995178222656,-0.008699072524905205,0.999832272529602,0.48645561933517456,0.484469473361969,0.008656445890665054,0.9997444152832031,0.5242355465888977,0.6226116418838501,-0.000988601241260767,0.4068846106529236,0.48738035559654236,0.5736490488052368,-0.20792452991008759,0.4923020899295807,0.5121663808822632,0.7491061091423035,0.13447023928165436,0.44372227787971497,0.4868042469024658,0.7433880567550659,-0.13961882889270782,0.3386461138725281,0.5091161131858826,0.8024641871452332,0.056238360702991486,0.4630844295024872,0.48079878091812134,0.7909696698188782,-0.2315789759159088,0.39630064368247986
219,7.3,0.48966115713119507,0.2227236032485962,-0.12797389924526215,0.9998385310173035,0.5346016883850098,0.28547951579093933,-0.016161609441041946,0.9999831914901733,0.4614020884037018,0.2996499240398407,0.03467733412981033,0.9999411702156067,0.5679057240486145,0.3721771538257599,-0.08358608186244965,0.9390365481376648,0.45962896943092346,0.39166611433029175,-0.021206215023994446,0.6890508532524109,0.5226089954376221,0.362679123878479,-0.21779830753803253,0.9528370499610901,0.45915332436561584,0.40132445096969604,-0.2051890343427658,0.9264817833900452,0.5299578905105591,0.48464393615722656,-0.007524963468313217,0.9998376965522766,0.4863987863063812,0.48413246870040894,0.007445828523486853,0.9997615218162537,0.5242328643798828,0.6182105541229248,-0.006191064603626728,0.3881482481956482,0.48729562759399414,0.5957197546958923,-0.12610408663749695,0.4949115216732025,0.5035526752471924,0.7508713006973267,0.11707180738449097,0.41809791326522827,0.48654884099960327,0.7591109275817871,-0.09231660515069962,0.3599409759044647,0.49898043274879456,0.800258994102478,0.03770556300878525,0.44249141216278076,0.47955894470214844,0.8104435205459595,-0.18651431798934937,0.41407203674316406
220,7.333333333333333,0.4897730350494385,0.2224297672510147,-0.1272495836019516,0.9998382925987244,0.5346702337265015,0.2840459942817688,-0.013598660938441753,0.9999833703041077,0.46133047342300415,0.2997879385948181,0.033841583877801895,0.9999443888664246,0.5684686303138733,0.37187233567237854,-0.07832296192646027,0.9416279792785645,0.459303081035614,0.3913836181163788,-0.017774229869246483,0.6992161870002747,0.522850751876831,0.36266347765922546,-0.21503953635692596,0.9550254344940186,0.45952048897743225,0.40135324001312256,-0.19738803803920746,0.9311982989311218,0.5298983454704285,0.4840157926082611,-0.00709384772926569,0.9998418092727661,0.4863290786743164,0.48393410444259644,0.006999509874731302,0.9997758865356445,0.5241695642471313,0.6188674569129944,-0.011740810237824917,0.37535738945007324,0.4872713088989258,0.6021080613136292,-0.11919723451137543,0.4991777837276459,0.5005238652229309,0.7524378299713135,0.11322158575057983,0.3983455300331116,0.48654842376708984,0.7617619037628174,-0.07177090644836426,0.37980860471725464,0.4965473711490631,0.7999203205108643,0.03281038627028465,0.42798227071762085,0.4796002507209778,0.8124720454216003,-0.17488691210746765,0.43118390440940857
221,7.366666666666666,0.4897823929786682,0.22196364402770996,-0.12681066989898682,0.9998384714126587,0.5347152948379517,0.28338414430618286,-0.012551908381283283,0.999983549118042,0.4612647593021393,0.2999686896800995,0.034877028316259384,0.9999475479125977,0.5688877105712891,0.37185099720954895,-0.07540946453809738,0.9441208243370056,0.45910805463790894,0.3912874460220337,-0.012349165976047516,0.7094690203666687,0.5231294631958008,0.36254066228866577,-0.21358101069927216,0.9570753574371338,0.4598148465156555,0.4014427065849304,-0.19100184738636017,0.9358527660369873,0.5298324227333069,0.4834939241409302,-0.007016846444457769,0.9998456835746765,0.4862261712551117,0.4835491180419922,0.0069178021512925625,0.9997893571853638,0.5241295099258423,0.6193585395812988,-0.015534669160842896,0.36409151554107666,0.48724061250686646,0.6029497981071472,-0.13018456101417542,0.5068439841270447,0.49949580430984497,0.7533011436462402,0.11059882491827011,0.38054025173187256,0.4865432381629944,0.7621797919273376,-0.07201562076807022,0.3984626829624176,0.49596112966537476,0.8001208901405334,0.03222464770078659,0.4148199260234833,0.47958293557167053,0.813152551651001,-0.17880237102508545,0.4475523829460144
222,7.4,0.489086776971817,0.22267822921276093,-0.12643784284591675,0.9998298287391663,0.5347357988357544,0.2847256064414978,-0.014996401965618134,0.9999838471412659,0.4610559046268463,0.3023931086063385,0.026934530586004257,0.9999517798423767,0.5688914060592651,0.37255287170410156,-0.07049743086099625,0.9439229965209961,0.45904889702796936,0.39350807666778564,-0.02968589961528778,0.6970096230506897,0.5258740186691284,0.367232084274292,-0.19878828525543213,0.9570708870887756,0.45986706018447876,0.40444427728652954,-0.21254941821098328,0.9386093020439148,0.5295146703720093,0.49237993359565735,-0.0007410644902847707,0.9998570680618286,0.4851270318031311,0.4930046796798706,0.0006147366366349161,0.9998087882995605,0.5221239924430847,0.6392045617103577,0.00011381438525859267,0.33547160029411316,0.48722606897354126,0.624846875667572,-0.10679809004068375,0.5142484903335571,0.5070251226425171,0.6699925065040588,0.2640642821788788,0.3434518873691559,0.49222105741500854,0.781957745552063,-0.06352420151233673,0.41988709568977356,0.49714136123657227,0.7303083539009094,0.2527044415473938,0.375555157661438,0.4990481436252594,0.829899251461029,-0.1647040694952011,0.4542699158191681
223,7.433333333333334,0.4887000024318695,0.2229021042585373,-0.132126122713089,0.9998131990432739,0.5347758531570435,0.2855828106403351,-0.01839418150484562,0.9999840259552002,0.46096697449684143,0.30313950777053833,0.020522242411971092,0.9999551177024841,0.568786084651947,0.37263479828834534,-0.07089849561452866,0.944697916507721,0.4588080048561096,0.3950645923614502,-0.03660334274172783,0.6858778595924377,0.5258872509002686,0.36921441555023193,-0.20181116461753845,0.9575719237327576,0.46006473898887634,0.4056110382080078,-0.2227235734462738,0.9395914077758789,0.5294667482376099,0.49351924657821655,0.0023713218979537487,0.9998660087585449,0.48468413949012756,0.4949999451637268,-0.002492725383490324,0.9998254179954529,0.5211310386657715,0.6417369246482849,0.01112164743244648,0.31089675426483154,0.48724251985549927,0.625916600227356,-0.10287604480981827,0.5225117802619934,0.5086302161216736,0.6808786392211914,0.27511075139045715,0.31043189764022827,0.4941851496696472,0.7830104231834412,-0.05071892589330673,0.43858516216278076,0.4984474182128906,0.7436323165893555,0.2521457374095917,0.3407762348651886,0.5026616454124451,0.8324777483940125,-0.1539284586906433,0.4605216979980469
224,7.466666666666667,0.4885299801826477,0.22299596667289734,-0.13229213654994965,0.9997944235801697,0.534807562828064,0.2861522138118744,-0.018661532551050186,0.9999841451644897,0.4608364701271057,0.30376699566841125,0.017986631020903587,0.9999580979347229,0.568647027015686,0.3728584349155426,-0.07071110606193542,0.9452154040336609,0.4583214223384857,0.39681464433670044,-0.03790987282991409,0.6784412860870361,0.5259137749671936,0.3702678382396698,-0.20397281646728516,0.9580246210098267,0.4603462219238281,0.4064996540546417,-0.22217011451721191,0.9408515095710754,0.5294564366340637,0.4938196539878845,0.004767727106809616,0.9998743534088135,0.48449626564979553,0.4955407381057739,-0.004883983172476292,0.9998406171798706,0.5205103158950806,0.6422253847122192,0.021828223019838333,0.2884301245212555,0.4872581362724304,0.6238524317741394,-0.1111716777086258,0.5357213616371155,0.5107393860816956,0.6658795475959778,0.2871856391429901,0.2807298004627228,0.4943842887878418,0.7803537845611572,-0.05868476629257202,0.4594539701938629,0.5054993033409119,0.7169287800788879,0.26651841402053833,0.3095061182975769,0.5034700632095337,0.8327685594558716,-0.1604609191417694,0.47020190954208374
225,7.5,0.4884127080440521,0.22307048738002777,-0.1341383159160614,0.9997749328613281,0.53482985496521,0.28654080629348755,-0.019037097692489624,0.9999843239784241,0.4607364237308502,0.3041518032550812,0.016631055623292923,0.9999607801437378,0.568557620048523,0.3730417788028717,-0.07093571126461029,0.945506751537323,0.4579114317893982,0.39769214391708374,-0.03976064175367355,0.6668670773506165,0.5259206295013428,0.3713618814945221,-0.20821130275726318,0.9582394361495972,0.4605345129966736,0.4070993661880493,-0.2259370982646942,0.9408090114593506,0.5294502973556519,0.49426519870758057,0.00612024636939168,0.9998818039894104,0.48435530066490173,0.4958381652832031,-0.006230427883565426,0.999854326248169,0.5200110077857971,0.6430243253707886,0.024591738358139992,0.26671990752220154,0.4872675836086273,0.6232125759124756,-0.11941435188055038,0.5473348498344421,0.5115019083023071,0.6638573408126831,0.29597172141075134,0.2537109851837158,0.4944920539855957,0.7804536819458008,-0.06705908477306366,0.4767724871635437,0.5080941319465637,0.7147337198257446,0.2761213183403015,0.28085795044898987,0.5046409964561462,0.83388352394104,-0.17490124702453613,0.4778479039669037
226,7.533333333333333,0.48810428380966187,0.22539275884628296,-0.13305675983428955,0.9997819066047668,0.5350674986839294,0.2947746813297272,-0.01752656325697899,0.9999847412109375,0.4607601761817932,0.3162446916103363,0.01689385250210762,0.9999639987945557,0.5688043236732483,0.37899094820022583,-0.06466154754161835,0.9437858462333679,0.45702534914016724,0.4170486330986023,-0.044467754662036896,0.6571972966194153,0.5305020213127136,0.38738057017326355,-0.2085408717393875,0.9595910310745239,0.46033525466918945,0.4115087687969208,-0.24822266399860382,0.9456348419189453,0.528823971748352,0.5113936066627502,0.0029246590565890074,0.9998911619186401,0.4843370020389557,0.5122057795524597,-0.003130954224616289,0.9998679757118225,0.5201260447502136,0.6725894212722778,-0.04558027163147926,0.2515634000301361,0.4862845540046692,0.65207439661026,-0.0724799707531929,0.5417578816413879,0.5110677480697632,0.6543252468109131,0.2709779143333435,0.22873511910438538,0.5020962953567505,0.8083109259605408,0.009760111570358276,0.48145967721939087,0.507734477519989,0.6949711441993713,0.2872544229030609,0.2539064884185791,0.5034439563751221,0.858311116695404,-0.06596209108829498,0.46842461824417114
227,7.566666666666666,0.4877353310585022,0.2260298877954483,-0.12434564530849457,0.9997939467430115,0.5351049304008484,0.2996422350406647,-0.0150397177785635,0.9999848008155823,0.46080225706100464,0.3199843466281891,0.022842686623334885,0.9999670386314392,0.5680186152458191,0.3843356668949127,-0.05588337033987045,0.935461699962616,0.45722848176956177,0.4189661741256714,-0.04158757999539375,0.6488321423530579,0.5321097373962402,0.39198586344718933,-0.19155952334403992,0.9578343629837036,0.46007904410362244,0.41369035840034485,-0.2363751381635666,0.9499993920326233,0.5280090570449829,0.5149196982383728,-0.0007134258048608899,0.9998993277549744,0.48380613327026367,0.5127031803131104,0.00046767122694291174,0.999880313873291,0.5202165842056274,0.675734281539917,-0.044509779661893845,0.23678070306777954,0.48621243238449097,0.6580536365509033,-0.049118537455797195,0.5371099710464478,0.5012832880020142,0.6546645164489746,0.24764886498451233,0.20640183985233307,0.508514404296875,0.8228856325149536,0.017904751002788544,0.4924887418746948,0.49133291840553284,0.6842292547225952,0.2603130340576172,0.23006850481033325,0.5074480175971985,0.8681939840316772,-0.05503896623849869,0.46717068552970886
228,7.6,0.48779892921447754,0.2289259135723114,-0.13886772096157074,0.9997988939285278,0.5351446866989136,0.3059338629245758,-0.027606498450040817,0.9999852776527405,0.46158677339553833,0.33079802989959717,0.019324561581015587,0.9999673962593079,0.5688655376434326,0.38996607065200806,-0.07431631535291672,0.931790292263031,0.45229512453079224,0.4417455494403839,-0.0733487457036972,0.6300578713417053,0.5374858975410461,0.3960060477256775,-0.2186620682477951,0.9587397575378418,0.4671023488044739,0.3983742892742157,-0.2773230969905853,0.9499882459640503,0.5254234075546265,0.5220320224761963,-0.00597861735150218,0.9999064803123474,0.4824807643890381,0.5247694253921509,0.0057206107303500175,0.9998905658721924,0.5180895924568176,0.6745772361755371,-0.05723380297422409,0.22472141683101654,0.4842640459537506,0.6711943745613098,-0.028898347169160843,0.5286770462989807,0.5033129453659058,0.6602461934089661,0.2409563511610031,0.18673573434352875,0.5113455057144165,0.8319112062454224,0.04535558074712753,0.506807267665863,0.49418753385543823,0.7060173153877258,0.2505165934562683,0.20940335094928741,0.5090636014938354,0.8797908425331116,-0.025360509753227234,0.46969348192214966
229,7.633333333333334,0.4877306818962097,0.23069080710411072,-0.13340511918067932,0.9998012781143188,0.5352360010147095,0.3079390823841095,-0.026688551530241966,0.9999851584434509,0.46221238374710083,0.33363375067710876,0.024729447439312935,0.999967634677887,0.5693110823631287,0.39324280619621277,-0.07209258526563644,0.9259009957313538,0.4514223635196686,0.4443897306919098,-0.05949333310127258,0.6197471022605896,0.5371573567390442,0.39720433950424194,-0.19924092292785645,0.9583173394203186,0.46753939986228943,0.3950314521789551,-0.25349628925323486,0.9512692093849182,0.5237650275230408,0.5223808884620667,-0.011062429286539555,0.9999117851257324,0.48202842473983765,0.5261589884757996,0.010817551985383034,0.9998992681503296,0.5167302489280701,0.6705840826034546,-0.07019476592540741,0.21482719480991364,0.48203641176223755,0.6699574589729309,-0.036501675844192505,0.5200809836387634,0.5018919706344604,0.6647887229919434,0.2060210406780243,0.16924168169498444,0.51197350025177,0.8290182948112488,0.034521911293268204,0.5146059989929199,0.4911766052246094,0.708581805229187,0.2209748923778534,0.19094863533973694,0.5090000033378601,0.8746864199638367,-0.024447742849588394,0.4675271511077881
230,7.666666666666667,0.4877610206604004,0.2324170619249344,-0.14493395388126373,0.9997802376747131,0.5354374647140503,0.3091789186000824,-0.03460731357336044,0.999984622001648,0.4627865254878998,0.3348614275455475,0.020403394475579262,0.9999661445617676,0.5710762739181519,0.3937784731388092,-0.07945465296506882,0.9246152639389038,0.4510520100593567,0.44421064853668213,-0.06497833877801895,0.607080340385437,0.5370088815689087,0.3981678783893585,-0.20779827237129211,0.9585320353507996,0.4685080945491791,0.3931129574775696,-0.26113277673721313,0.9507590532302856,0.523277997970581,0.5211617350578308,-0.010894184932112694,0.9999156594276428,0.4818449914455414,0.5249207615852356,0.010690300725400448,0.9999064207077026,0.5155751705169678,0.6666160821914673,-0.052286189049482346,0.20318955183029175,0.48177313804626465,0.6621150374412537,-0.03829833120107651,0.523027777671814,0.5027109384536743,0.6652656197547913,0.2460305392742157,0.15369471907615662,0.5113582015037537,0.8255816102027893,0.02147717960178852,0.52757728099823,0.4933512806892395,0.7139191627502441,0.2558574676513672,0.1743476688861847,0.5096330642700195,0.872161865234375,-0.06585271656513214,0.4721525013446808
231,7.7,0.4877827763557434,0.23213674128055573,-0.1411656141281128,0.9997897744178772,0.5362241268157959,0.30795618891716003,-0.035182833671569824,0.9999833106994629,0.4627327024936676,0.33257347345352173,0.026820117607712746,0.9999653100967407,0.5714309811592102,0.3943580090999603,-0.07943090051412582,0.9216328859329224,0.45142874121665955,0.4462946057319641,-0.0594111792743206,0.6351824998855591,0.5405300855636597,0.39826667308807373,-0.20761168003082275,0.9538359045982361,0.4677494466304779,0.392287015914917,-0.2539597451686859,0.9535330533981323,0.5235816240310669,0.5174140334129333,-0.02218148112297058,0.9999198317527771,0.481755793094635,0.5217201709747314,0.021967507898807526,0.9999125003814697,0.5087372064590454,0.6302138566970825,-0.22288472950458527,0.27452120184898376,0.48167848587036133,0.6765450239181519,-0.012645875103771687,0.5541104674339294,0.5127414464950562,0.6935872435569763,-0.012118905782699585,0.17203208804130554,0.5124445557594299,0.8244169354438782,0.06880466639995575,0.5644006133079529,0.49960678815841675,0.7591831684112549,-0.05172184109687805,0.1983492374420166,0.5089675784111023,0.8751887679100037,-0.009899365715682507,0.5086450576782227
232,7.733333333333333,0.4878106117248535,0.2311713695526123,-0.13946284353733063,0.9997989535331726,0.5367448329925537,0.30737069249153137,-0.03853563591837883,0.9999822378158569,0.4627240300178528,0.33202457427978516,0.026773158460855484,0.999965250492096,0.5720590949058533,0.3946067690849304,-0.08025293052196503,0.9186503291130066,0.45159563422203064,0.4473598897457123,-0.057222604751586914,0.6601783633232117,0.5406568050384521,0.3977414071559906,-0.20507708191871643,0.9495114684104919,0.46728354692459106,0.39194679260253906,-0.2485639601945877,0.9564226269721985,0.5237704515457153,0.5161715745925903,-0.02423502504825592,0.9999233484268188,0.48180389404296875,0.5202434062957764,0.024017084389925003,0.9999180436134338,0.5066749453544617,0.6230114698410034,-0.221171572804451,0.33606401085853577,0.4815549850463867,0.6791702508926392,-0.0056285737082362175,0.5784130096435547,0.5142908692359924,0.6962044835090637,-0.009263310581445694,0.183127760887146,0.5127428770065308,0.8246209621429443,0.07707680761814117,0.5962502956390381,0.5014749765396118,0.7602805495262146,-0.04665706679224968,0.2152380496263504,0.5086114406585693,0.8755339980125427,-0.00011429595906520262,0.5394660234451294
233,7.766666666666667,0.4878379702568054,0.2300420105457306,-0.13844579458236694,0.9998080730438232,0.5370454788208008,0.30697378516197205,-0.03737970441579819,0.9999815225601196,0.4627194404602051,0.33172816038131714,0.027018452063202858,0.9999654293060303,0.572287917137146,0.3946920931339264,-0.0791083499789238,0.9161260724067688,0.4517292380332947,0.4477745592594147,-0.055952589958906174,0.6830005049705505,0.541271448135376,0.39733999967575073,-0.20115068554878235,0.9463831186294556,0.4669863283634186,0.3916977345943451,-0.24613407254219055,0.9592298865318298,0.5238126516342163,0.514489471912384,-0.02440723404288292,0.9999264478683472,0.4818193018436432,0.5192519426345825,0.024190299212932587,0.9999229907989502,0.5063501596450806,0.6215813159942627,-0.220175102353096,0.3901832401752472,0.4815158247947693,0.6789932250976562,-0.006400222424417734,0.5985748171806335,0.5147694945335388,0.6968947649002075,-0.01016618125140667,0.18986457586288452,0.5127041339874268,0.8250511884689331,0.0754905715584755,0.6232070326805115,0.5027791857719421,0.7585210800170898,-0.0464777871966362,0.2267851084470749,0.5084244012832642,0.8758143782615662,-0.0007326743798330426,0.5646800398826599
234,7.8,0.48793378472328186,0.22940443456172943,-0.13813865184783936,0.9998162984848022,0.5372487306594849,0.3067232370376587,-0.03748362883925438,0.9999808073043823,0.4627072215080261,0.3315393924713135,0.02697438932955265,0.9999657869338989,0.5722824931144714,0.39495018124580383,-0.07857183367013931,0.9135394096374512,0.45179447531700134,0.4480767846107483,-0.056342024356126785,0.7039318084716797,0.5412856340408325,0.39718377590179443,-0.20091266930103302,0.943350076675415,0.46675997972488403,0.39141684770584106,-0.2447424679994583,0.9618803858757019,0.5239462852478027,0.513130247592926,-0.024168794974684715,0.9999290704727173,0.48187175393104553,0.5186284184455872,0.023952284827828407,0.9999274015426636,0.5065061450004578,0.6212145686149597,-0.2204747498035431,0.4387977421283722,0.4814964830875397,0.6789600253105164,-0.007644876837730408,0.6173652410507202,0.5148649215698242,0.6969860196113586,-0.009250111877918243,0.19520951807498932,0.5127040147781372,0.8254883885383606,0.07531818747520447,0.64759361743927,0.5033847093582153,0.7557624578475952,-0.04518405348062515,0.23645080626010895,0.5082425475120544,0.8762542605400085,-0.0009481891756877303,0.5872988104820251
235,7.833333333333333,0.48795467615127563,0.2251606583595276,-0.04858464002609253,0.9998288750648499,0.5373884439468384,0.2976650297641754,0.017683904618024826,0.9999818205833435,0.46498584747314453,0.30766865611076355,0.07729900628328323,0.9999654293060303,0.5712144374847412,0.3933826982975006,-0.02999502792954445,0.9149057269096375,0.4518672823905945,0.4088497459888458,0.005627991631627083,0.6995353102684021,0.5424202084541321,0.39462539553642273,-0.13854804635047913,0.9440794587135315,0.4650086760520935,0.37281158566474915,-0.15651282668113708,0.9565101861953735,0.5224640965461731,0.48574626445770264,-0.02248496375977993,0.9999255537986755,0.48150306940078735,0.4926125109195709,0.022300878539681435,0.9999209046363831,0.506454586982727,0.5955739617347717,-0.18063774704933167,0.45347678661346436,0.480795681476593,0.626598596572876,-0.08311734348535538,0.5918338894844055,0.5085427761077881,0.7597692012786865,-0.16680282354354858,0.21167710423469543,0.503204345703125,0.7979327440261841,-0.10106494277715683,0.6217812895774841,0.4976758360862732,0.8208178877830505,-0.2543144226074219,0.2571195065975189,0.4831799864768982,0.8638840317726135,-0.18636514246463776,0.5718519687652588
236,7.866666666666666,0.4882042407989502,0.22279252111911774,-0.0303240604698658,0.9998424053192139,0.5373943448066711,0.29449960589408875,0.03161076083779335,0.9999829530715942,0.4663432240486145,0.29829612374305725,0.09175171703100204,0.9999650716781616,0.570650577545166,0.38829633593559265,-0.010682232677936554,0.9169842004776001,0.4520196318626404,0.388907790184021,0.02637515403330326,0.6859604716300964,0.5445518493652344,0.3950527608394623,-0.11084997653961182,0.9451894760131836,0.4649905562400818,0.3600774109363556,-0.1219540387392044,0.9448159337043762,0.5204882025718689,0.4755972623825073,-0.02306145429611206,0.999923825263977,0.4805956482887268,0.4830339550971985,0.022898230701684952,0.9999148845672607,0.5055214166641235,0.5942672491073608,-0.16086965799331665,0.4677674174308777,0.4788537621498108,0.6169792413711548,-0.0782274454832077,0.5619796514511108,0.5050411820411682,0.7794575095176697,-0.16490869224071503,0.23746097087860107,0.49890008568763733,0.7929436564445496,-0.09425538778305054,0.595493733882904,0.4848366677761078,0.8423618674278259,-0.25638043880462646,0.28845226764678955,0.4741672873497009,0.8569521307945251,-0.17424336075782776,0.559453547000885
237,7.9,0.4882325530052185,0.2195539027452469,-0.031988877803087234,0.9998539090156555,0.5375261902809143,0.29272282123565674,0.02945537492632866,0.9999839663505554,0.46784886717796326,0.2998218238353729,0.08843420445919037,0.9999634027481079,0.5704200863838196,0.3831078112125397,-0.014795402064919472,0.9173864722251892,0.45216527581214905,0.3880600035190582,0.016138270497322083,0.6734248995780945,0.5466423630714417,0.394836962223053,-0.12229786068201065,0.9458110332489014,0.46508488059043884,0.35346049070358276,-0.1408260017633438,0.9300041198730469,0.520675003528595,0.4753044843673706,-0.02249111421406269,0.9999229907989502,0.48010000586509705,0.4813900291919708,0.02232871949672699,0.9999096393585205,0.5047541856765747,0.5968712568283081,-0.16928455233573914,0.46969178318977356,0.47885560989379883,0.6146150827407837,-0.07803650945425034,0.5258720517158508,0.5020847916603088,0.7753986120223999,-0.17431263625621796,0.24966292083263397,0.49699369072914124,0.7959725856781006,-0.09092934429645538,0.5634080171585083,0.48622918128967285,0.8349412083625793,-0.2688353359699249,0.30525240302085876,0.47497016191482544,0.8554980754852295,-0.17564210295677185,0.537447988986969
238,7.933333333333334,0.489871084690094,0.20990556478500366,-0.0558038167655468,0.999849796295166,0.5383433103561401,0.2852593660354614,0.01795310154557228,0.9999823570251465,0.4682939946651459,0.28934717178344727,0.07142824679613113,0.9999339580535889,0.5702084898948669,0.374983549118042,-0.01666915789246559,0.9071019291877747,0.45217594504356384,0.3675217628479004,0.021304022520780563,0.6288518309593201,0.545589029788971,0.3947640657424927,-0.11105266958475113,0.9224720001220703,0.4667898118495941,0.3839069902896881,-0.09017378836870193,0.8460444211959839,0.5202761292457581,0.4731663465499878,-0.022073671221733093,0.9999232888221741,0.47956928610801697,0.47833821177482605,0.021905073896050453,0.9999033808708191,0.5051366090774536,0.6030868887901306,-0.16290785372257233,0.49450913071632385,0.47934675216674805,0.623949408531189,-0.0709989070892334,0.5030880570411682,0.5004479885101318,0.7826859951019287,-0.18830379843711853,0.29969465732574463,0.4977409839630127,0.7828713059425354,-0.0637061595916748,0.5541328191757202,0.4886253774166107,0.8189496397972107,-0.2992578446865082,0.34956660866737366,0.4812062680721283,0.8193608522415161,-0.146732360124588,0.5343460440635681
239,7.966666666666667,0.4900021553039551,0.20852048695087433,-0.06920679658651352,0.999854326248169,0.5390001535415649,0.28255707025527954,0.007125710602849722,0.9999805092811584,0.46847468614578247,0.2845138907432556,0.06961004436016083,0.99991375207901,0.5701184272766113,0.3727814555168152,-0.05358064919710159,0.8903936743736267,0.45052051544189453,0.33548131585121155,-0.03370616212487221,0.6304682493209839,0.5450114011764526,0.3939119875431061,-0.15339863300323486,0.9085084795951843,0.46675053238868713,0.280756413936615,-0.18638139963150024,0.8467363715171814,0.5200330018997192,0.47368451952934265,-0.02588077448308468,0.9999127388000488,0.4793381690979004,0.4776097536087036,0.025728534907102585,0.999883234500885,0.5052277445793152,0.6060338616371155,-0.1621902883052826,0.49468305706977844,0.47953280806541443,0.626715362071991,-0.05126895383000374,0.4635670483112335,0.497725248336792,0.7828993797302246,-0.18218055367469788,0.33687567710876465,0.4985969066619873,0.7697262167930603,-0.02241668291389942,0.5207169055938721,0.4879433512687683,0.8163283467292786,-0.2929229736328125,0.384822815656662,0.4838646352291107,0.8067935705184937,-0.09440897405147552,0.5112079381942749
240,8.0,0.49015384912490845,0.20748478174209595,-0.073954276740551,0.9998639822006226,0.5394572615623474,0.28233981132507324,0.004885093308985233,0.999979555606842,0.46834754943847656,0.28264346718788147,0.06197338551282883,0.9998977780342102,0.5697005391120911,0.3676582872867584,-0.07052560150623322,0.8791348934173584,0.44653764367103577,0.3287854790687561,-0.0554199293255806,0.6461529731750488,0.5478106737136841,0.393388956785202,-0.20329737663269043,0.9065660834312439,0.46487826108932495,0.25124767422676086,-0.22330233454704285,0.8571895360946655,0.518524706363678,0.47098150849342346,-0.025067944079637527,0.9998989105224609,0.47848501801490784,0.47518110275268555,0.02490919455885887,0.9998547434806824,0.5051935315132141,0.6084708571434021,-0.16305820643901825,0.4989260137081146,0.4804156422615051,0.6271870136260986,-0.03943847492337227,0.42933228611946106,0.49627333879470825,0.7864953875541687,-0.18850982189178467,0.3808249533176422,0.49917736649513245,0.7654201984405518,0.013870706781744957,0.4944280982017517,0.48702406883239746,0.8205466270446777,-0.3103236258029938,0.4273298680782318,0.48557060956954956,0.806970477104187,-0.06065826863050461,0.49445661902427673
241,8.033333333333333,0.4901902675628662,0.20631065964698792,-0.06911531090736389,0.9998710751533508,0.5394338369369507,0.2821034789085388,0.005403036717325449,0.9999781250953674,0.46818405389785767,0.2845360040664673,0.06119340658187866,0.9998672604560852,0.5684586763381958,0.36432188749313354,-0.0697622001171112,0.8591096997261047,0.4452158510684967,0.3333698809146881,-0.060096364468336105,0.6414252519607544,0.5486488938331604,0.3929663300514221,-0.2041555941104889,0.8957700133323669,0.4636266827583313,0.2535882592201233,-0.2239876687526703,0.8523711562156677,0.5176758766174316,0.4715125262737274,-0.02470889315009117,0.9998924732208252,0.4775370657444,0.4753926992416382,0.02454652637243271,0.9998347163200378,0.5052058696746826,0.6099481582641602,-0.1791362464427948,0.4989047050476074,0.4804672300815582,0.6269798278808594,-0.04440651461482048,0.3942722976207733,0.4951013922691345,0.7885760068893433,-0.21636894345283508,0.41444769501686096,0.4997270107269287,0.7635259032249451,-0.0008912706980481744,0.4626385271549225,0.4859170913696289,0.8204970359802246,-0.33692219853401184,0.46094152331352234,0.486555814743042,0.8040456175804138,-0.07451076805591583,0.4715200364589691
242,8.066666666666666,0.49073904752731323,0.2012365162372589,-0.1081402450799942,0.9998828172683716,0.5395098328590393,0.28224024176597595,-0.027858873829245567,0.9999785423278809,0.4685277044773102,0.2811119854450226,0.006663983222097158,0.999868631362915,0.5679963827133179,0.36448585987091064,-0.11649499833583832,0.8708052039146423,0.44437894225120544,0.26959747076034546,-0.10866010189056396,0.6709432601928711,0.5248435735702515,0.37352490425109863,-0.2188083380460739,0.905368447303772,0.4623104929924011,0.19303980469703674,-0.2535826563835144,0.8667749762535095,0.5158549547195435,0.4743480682373047,-0.015281157568097115,0.999851644039154,0.47369199991226196,0.4775140881538391,0.015150448307394981,0.9997643232345581,0.5030835270881653,0.6174723505973816,-0.041809648275375366,0.48687952756881714,0.48031505942344666,0.5709578394889832,-0.0987774133682251,0.37201759219169617,0.488737016916275,0.7909213304519653,-0.028396472334861755,0.4522596001625061,0.49338120222091675,0.6757312417030334,0.020581554621458054,0.4287526607513428,0.483894020318985,0.8273651003837585,-0.13805189728736877,0.500984251499176,0.4882326126098633,0.7201429605484009,-0.028299588710069656,0.4522176682949066
243,8.1,0.4912150502204895,0.19872413575649261,-0.12382534891366959,0.9998933672904968,0.5396193265914917,0.28239187598228455,-0.03625998646020889,0.9999791383743286,0.46885958313941956,0.2799447774887085,0.001527911052107811,0.9998661279678345,0.5679560899734497,0.36700981855392456,-0.1208905354142189,0.8805645704269409,0.44320178031921387,0.2640529274940491,-0.11073596775531769,0.6966780424118042,0.5206338763237,0.3689725697040558,-0.22751343250274658,0.913815975189209,0.46150118112564087,0.1895587295293808,-0.2568005323410034,0.8794124126434326,0.5151040554046631,0.47504666447639465,-0.015751902014017105,0.9998174905776978,0.4729135036468506,0.47829756140708923,0.015599709935486317,0.9996902942657471,0.5021559000015259,0.6231206655502319,-0.05680718272924423,0.4814372956752777,0.48073190450668335,0.5847845077514648,-0.0147379320114851,0.3420677185058594,0.4873189926147461,0.7928348779678345,-0.04529073089361191,0.4880126714706421,0.4940425455570221,0.6848737001419067,0.15595659613609314,0.39327502250671387,0.4827102720737457,0.831352174282074,-0.15335269272327423,0.5380187630653381,0.4885517954826355,0.728056013584137,0.12197700887918472,0.4233466386795044
244,8.133333333333333,0.4926663041114807,0.20077283680438995,-0.11944975703954697,0.9999009370803833,0.5396895408630371,0.2836669683456421,-0.02733961120247841,0.99997878074646,0.467609167098999,0.27553069591522217,-0.00951013807207346,0.9998185634613037,0.5635392665863037,0.3686750531196594,-0.11947943270206451,0.8893779516220093,0.438446581363678,0.1991651952266693,-0.11388607323169708,0.7222793698310852,0.5113104581832886,0.3471049964427948,-0.23761852085590363,0.9205416440963745,0.46601563692092896,0.13919034600257874,-0.24805502593517303,0.8805371522903442,0.5110536813735962,0.4999607503414154,-0.009505866095423698,0.9998107552528381,0.4676121175289154,0.49561724066734314,0.009285611100494862,0.9996504187583923,0.5010294914245605,0.6550042629241943,-0.07210956513881683,0.5038804411888123,0.4706348478794098,0.6345465779304504,-0.023073114454746246,0.3274851143360138,0.485670804977417,0.8193345069885254,-0.055131446570158005,0.5250852704048157,0.47930675745010376,0.6765798926353455,0.21132037043571472,0.35834482312202454,0.47918662428855896,0.8764171004295349,-0.1515885591506958,0.5703410506248474,0.47535547614097595,0.7226243615150452,0.21282748878002167,0.3897753655910492
245,8.166666666666666,0.49387311935424805,0.20207495987415314,-0.12880505621433258,0.9999079704284668,0.5396791696548462,0.28480592370033264,-0.03121410310268402,0.9999778866767883,0.46708622574806213,0.27277514338493347,-0.012144100852310658,0.9997826218605042,0.5626281499862671,0.3696575462818146,-0.12297264486551285,0.895189642906189,0.4368313252925873,0.19097374379634857,-0.09695161134004593,0.7441828846931458,0.5088776350021362,0.34489190578460693,-0.24552030861377716,0.9250912070274353,0.46912622451782227,0.13460242748260498,-0.18377557396888733,0.8784173130989075,0.5106475353240967,0.5060769319534302,-0.010032511316239834,0.9997941255569458,0.46566686034202576,0.5016915798187256,0.009810120798647404,0.9995953440666199,0.5002454519271851,0.6606638431549072,-0.03533986583352089,0.5032925605773926,0.46598395705223083,0.6497710943222046,-0.002032360527664423,0.3048165440559387,0.48592519760131836,0.8225964307785034,-0.006319068372249603,0.5497722029685974,0.47067174315452576,0.6676734685897827,0.26300758123397827,0.32422128319740295,0.4778958261013031,0.8829541802406311,-0.10178742557764053,0.5910344123840332,0.46568894386291504,0.7040417790412903,0.2732378840446472,0.35479414463043213
246,8.2,0.4944344460964203,0.20315076410770416,-0.11731753498315811,0.9999145865440369,0.5395894646644592,0.2852690517902374,-0.025850355625152588,0.9999760985374451,0.4665904641151428,0.27164962887763977,-0.007046947721391916,0.9997389316558838,0.5604873299598694,0.3700026273727417,-0.11795332282781601,0.9003186225891113,0.43636026978492737,0.1931517869234085,-0.11937253177165985,0.7646939158439636,0.5085462927818298,0.3432218134403229,-0.2353171408176422,0.9287354946136475,0.470644474029541,0.13215115666389465,-0.21367928385734558,0.8788456916809082,0.5104740262031555,0.5095811486244202,-0.010567888617515564,0.9997749328613281,0.4649231433868408,0.506757378578186,0.010340183041989803,0.9995253682136536,0.49872833490371704,0.6559849977493286,-0.06504186987876892,0.5254071354866028,0.46234965324401855,0.658747136592865,-0.007338342722505331,0.2864058315753937,0.4853006899356842,0.8257848024368286,-0.08350206911563873,0.5811994075775146,0.4702736437320709,0.6738646030426025,0.2529085874557495,0.29388269782066345,0.4756588339805603,0.8816654682159424,-0.187629833817482,0.6188263297080994,0.46432748436927795,0.7178232669830322,0.26495784521102905,0.3239927887916565
247,8.233333333333333,0.4944830536842346,0.21050281822681427,-0.13147561252117157,0.9999169707298279,0.5383156538009644,0.296610563993454,-0.07857529073953629,0.9999663233757019,0.46603745222091675,0.27385345101356506,-0.012353058904409409,0.9995771646499634,0.5226154923439026,0.3418806195259094,-0.22066716849803925,0.9087511897087097,0.4355909824371338,0.18886710703372955,-0.14369799196720123,0.7818352580070496,0.486588716506958,0.3021326959133148,-0.3208017647266388,0.9349031448364258,0.4735746383666992,0.14814302325248718,-0.26492947340011597,0.8770167827606201,0.5088684558868408,0.5264426469802856,-0.013013618066906929,0.999775767326355,0.46445661783218384,0.5172821283340454,0.012874722480773926,0.9995291829109192,0.49745821952819824,0.6761611104011536,-0.04727324843406677,0.5545030236244202,0.448073148727417,0.6552886366844177,-0.17309294641017914,0.3401012420654297,0.48456519842147827,0.8276852965354919,0.038301773369312286,0.615553617477417,0.4717831611633301,0.676577627658844,0.09968508034944534,0.28594374656677246,0.4751088619232178,0.8850487470626831,-0.04353218525648117,0.648834228515625,0.4666176438331604,0.7290336489677429,0.17265740036964417,0.3299040198326111
248,8.266666666666667,0.49459266662597656,0.2148725688457489,-0.1447066366672516,0.999920129776001,0.5375293493270874,0.2997378706932068,-0.08984971046447754,0.9999555945396423,0.46511930227279663,0.27422741055488586,-0.03264925256371498,0.9994260668754578,0.521693766117096,0.33500146865844727,-0.2454879730939865,0.9144881367683411,0.43518176674842834,0.19339807331562042,-0.1704033762216568,0.7990303635597229,0.4900665879249573,0.30849188566207886,-0.3786050081253052,0.939410388469696,0.4746643006801605,0.14681918919086456,-0.29573580622673035,0.8795220255851746,0.5076103806495667,0.5309668779373169,-0.014469444751739502,0.9997679591178894,0.4632861018180847,0.5203343629837036,0.014315135776996613,0.9995115399360657,0.49681487679481506,0.6801464557647705,-0.025471225380897522,0.575986921787262,0.4451681077480316,0.6497550010681152,-0.05941604822874069,0.36213555932044983,0.4842308461666107,0.8288832902908325,0.05821568891406059,0.6436991095542908,0.4697495102882385,0.6570536494255066,0.2154008150100708,0.27036765217781067,0.4744411110877991,0.8882075548171997,-0.02113639935851097,0.6729934215545654,0.4633695185184479,0.7174708843231201,0.2302328646183014,0.3200080692768097
249,8.3,0.494828462600708,0.21735335886478424,-0.1438339799642563,0.9999231100082397,0.537276029586792,0.3021334707736969,-0.08743894100189209,0.999947190284729,0.4647475779056549,0.2748543918132782,-0.028987938538193703,0.9993143677711487,0.5220186114311218,0.3343499004840851,-0.24240508675575256,0.9184674620628357,0.43559426069259644,0.19374601542949677,-0.15931859612464905,0.8134846687316895,0.4944213926792145,0.31441792845726013,-0.3785094916820526,0.9429439902305603,0.47593584656715393,0.14656008780002594,-0.2788946330547333,0.8811294436454773,0.5079995393753052,0.5308842062950134,-0.015543905086815357,0.9997646808624268,0.4630192220211029,0.5204387903213501,0.015379589982330799,0.999506950378418,0.4965589642524719,0.6799564957618713,-0.026472505182027817,0.5909072160720825,0.4446764886379242,0.6477231979370117,-0.0655287355184555,0.3850891888141632,0.48390287160873413,0.8299447894096375,0.061558060348033905,0.6677383780479431,0.4682287573814392,0.6596952080726624,0.18680666387081146,0.2567654550075531,0.4739619791507721,0.8868876099586487,-0.016557689756155014,0.6937479376792908,0.4663752019405365,0.7085093259811401,0.19570909440517426,0.31230977177619934
250,8.333333333333334,0.49508506059646606,0.21748746931552887,-0.1362362504005432,0.9999217391014099,0.5371481776237488,0.3024408221244812,-0.08314324915409088,0.9999385476112366,0.4645353853702545,0.2750435769557953,-0.01803744211792946,0.9992353320121765,0.5189465284347534,0.3363407254219055,-0.2232675850391388,0.9199312329292297,0.4355102479457855,0.19331993162631989,-0.1372925192117691,0.8236343264579773,0.49171096086502075,0.3115535378456116,-0.344068318605423,0.9448421597480774,0.4760463833808899,0.1460842490196228,-0.20306356251239777,0.8754230737686157,0.5085350275039673,0.5310534834861755,-0.01737966574728489,0.999763011932373,0.46354836225509644,0.5218110084533691,0.017221909016370773,0.9995110630989075,0.4965289533138275,0.6800603866577148,-0.0289300624281168,0.594297468662262,0.4444481432437897,0.6462134718894958,-0.09232568740844727,0.4002334177494049,0.4838145673274994,0.8301770687103271,0.06205524876713753,0.6823522448539734,0.46873044967651367,0.661395788192749,0.163003608584404,0.2397419810295105,0.4744560718536377,0.8874993920326233,-0.009378032758831978,0.7059500217437744,0.4636993408203125,0.7210485935211182,0.1732088327407837,0.29829007387161255
251,8.366666666666667,0.49607962369918823,0.20731979608535767,-0.11680492013692856,0.999914288520813,0.5345802903175354,0.29438507556915283,-0.07830292731523514,0.9999061226844788,0.4642402231693268,0.27413129806518555,-0.013716759160161018,0.9992077946662903,0.5088302493095398,0.31301918625831604,-0.20011082291603088,0.9228309988975525,0.4342109262943268,0.20056770741939545,-0.1574738323688507,0.8369676470756531,0.4924212098121643,0.30729901790618896,-0.31441083550453186,0.943793535232544,0.475382000207901,0.1767035275697708,-0.3116711676120758,0.8841999769210815,0.5084856748580933,0.5296192765235901,-0.012223290279507637,0.9997551441192627,0.4638005197048187,0.5144672989845276,0.01211144682019949,0.9995176792144775,0.49682140350341797,0.6785329580307007,-0.017732828855514526,0.6154456734657288,0.4473024010658264,0.5841084718704224,-0.23413372039794922,0.44964534044265747,0.4833497107028961,0.8390487432479858,0.059612881392240524,0.7061063647270203,0.46543437242507935,0.6540136337280273,-0.014834252186119556,0.2496374249458313,0.4741710126399994,0.8940712809562683,-0.028704186901450157,0.7260441184043884,0.46542516350746155,0.7114796042442322,-0.02496500499546528,0.31916242837905884
252,8.4,0.4968189299106598,0.2055162787437439,-0.11595793813467026,0.9999119639396667,0.5336349010467529,0.2919827997684479,-0.06888153403997421,0.9998769164085388,0.46425169706344604,0.2750551998615265,-0.011889113113284111,0.9991660714149475,0.5070223212242126,0.303360253572464,-0.2071327418088913,0.9258538484573364,0.43409666419029236,0.20210716128349304,-0.15865382552146912,0.8486849069595337,0.4920031428337097,0.3048720061779022,-0.30974188446998596,0.9431721568107605,0.47502073645591736,0.1885722428560257,-0.30702829360961914,0.8910697102546692,0.5087107419967651,0.5262056589126587,-0.01076841726899147,0.9997512698173523,0.4638617932796478,0.5122244954109192,0.010661919601261616,0.9995269775390625,0.49697017669677734,0.6788296699523926,-0.021992500871419907,0.6357663869857788,0.44771137833595276,0.5757126212120056,-0.24121224880218506,0.4949694275856018,0.4831215739250183,0.8402561545372009,0.04717783257365227,0.7283065915107727,0.46455416083335876,0.6571862101554871,-0.03470413386821747,0.2628800570964813,0.4738721251487732,0.8949497938156128,-0.043837375938892365,0.7458163499832153,0.46594104170799255,0.7092382311820984,-0.04862556606531143,0.3443334698677063
253,8.433333333333334,0.49725818634033203,0.20468008518218994,-0.11557384580373764,0.9999096393585205,0.5332125425338745,0.29048043489456177,-0.06613479554653168,0.99985271692276,0.46425682306289673,0.27550792694091797,-0.010963791981339455,0.9991274476051331,0.5067065954208374,0.30230721831321716,-0.2094348967075348,0.9289463758468628,0.4339980483055115,0.20263996720314026,-0.16107293963432312,0.859258234500885,0.49168524146080017,0.3041415810585022,-0.31055378913879395,0.9431843161582947,0.47479718923568726,0.19308613240718842,-0.31233322620391846,0.8972760438919067,0.5088683366775513,0.5241050124168396,-0.01039262767881155,0.9997470378875732,0.4640723168849945,0.5105576515197754,0.010284190997481346,0.9995337128639221,0.4970727562904358,0.6791592836380005,-0.023335952311754227,0.6537891030311584,0.4492519497871399,0.5747784376144409,-0.23968005180358887,0.5355779528617859,0.48297643661499023,0.8406925797462463,0.0463276170194149,0.7481215000152588,0.46425676345825195,0.6589406132698059,-0.03111141547560692,0.274270623922348,0.4736502766609192,0.8957371115684509,-0.04592149704694748,0.7633754014968872,0.46611231565475464,0.7085962891578674,-0.045631054788827896,0.3661208152770996
254,8.466666666666667,0.49718207120895386,0.18993669748306274,-0.07627344876527786,0.999864399433136,0.5232001543045044,0.2593671679496765,-0.07195151597261429,0.999803364276886,0.47016391158103943,0.25545886158943176,0.05929962545633316,0.9989180564880371,0.49680233001708984,0.2614514231681824,-0.15663401782512665,0.9324586987495422,0.4358353614807129,0.2160554826259613,-0.04947200044989586,0.8345687389373779,0.46391773223876953,0.237763449549675,-0.13432399928569794,0.9333630204200745,0.47368836402893066,0.22940339148044586,-0.19330613315105438,0.8646401762962341,0.5074033737182617,0.494430810213089,-0.024734001606702805,0.9997639656066895,0.46679916977882385,0.4777028262615204,0.02466936968266964,0.9995692372322083,0.49565643072128296,0.6716575622558594,-0.028376663103699684,0.6776456832885742,0.4506610929965973,0.4730572998523712,-0.2483750879764557,0.572921633720398,0.4831383228302002,0.8368045091629028,0.017854614183306694,0.7691717147827148,0.45447760820388794,0.6459206938743591,-0.1722179502248764,0.32210224866867065,0.4725338816642761,0.892579197883606,-0.08223486691713333,0.7817726731300354,0.44733723998069763,0.7087381482124329,-0.22834241390228271,0.4135787785053253
255,8.5,0.49708524346351624,0.18604066967964172,-0.07327834516763687,0.9997010231018066,0.5227265357971191,0.25689497590065,-0.05103028565645218,0.9996463060379028,0.46976175904273987,0.25171971321105957,0.03900673985481262,0.998803436756134,0.49945729970932007,0.25721198320388794,-0.13380135595798492,0.9263685941696167,0.4353640079498291,0.2169172763824463,-0.08364398032426834,0.8364871740341187,0.46642088890075684,0.2364397644996643,-0.14244920015335083,0.9040576815605164,0.47361403703689575,0.22755904495716095,-0.22114968299865723,0.8624534010887146,0.5068216323852539,0.4936579763889313,-0.020682819187641144,0.9997679591178894,0.4673183858394623,0.4737838804721832,0.020599784329533577,0.999593198299408,0.4955604076385498,0.6690439581871033,-0.025730213150382042,0.6906617283821106,0.4518074095249176,0.4679751396179199,-0.25938931107521057,0.6073240041732788,0.48317986726760864,0.8357104063034058,0.01881646178662777,0.7844662070274353,0.4528678059577942,0.6428531408309937,-0.16417834162712097,0.3604480028152466,0.4720834195613861,0.8954144716262817,-0.07712651789188385,0.7941908240318298,0.44744986295700073,0.710433304309845,-0.20805811882019043,0.4520270526409149
256,8.533333333333333,0.497014582157135,0.18599170446395874,-0.07856438308954239,0.9996164441108704,0.5220507979393005,0.25520458817481995,-0.05151220038533211,0.9995376467704773,0.47073984146118164,0.2524963319301605,0.03699517995119095,0.9987320899963379,0.49701786041259766,0.2549463212490082,-0.13036589324474335,0.9249370694160461,0.43434086441993713,0.21731261909008026,-0.07849182933568954,0.8360031247138977,0.46549472212791443,0.23618420958518982,-0.12358768284320831,0.8747261762619019,0.4733838140964508,0.23309239745140076,-0.21334746479988098,0.8539971709251404,0.5067559480667114,0.491366446018219,-0.02037087082862854,0.999774158000946,0.4679282307624817,0.47313863039016724,0.02031484618782997,0.9996175169944763,0.4954661726951599,0.6678383946418762,-0.020647678524255753,0.7058919668197632,0.4524664878845215,0.46441882848739624,-0.2576755881309509,0.6394605040550232,0.48318129777908325,0.8349456191062927,0.018975432962179184,0.8000814914703369,0.4528173804283142,0.6424465775489807,-0.18054106831550598,0.40104472637176514,0.47203415632247925,0.893988311290741,-0.07628478854894638,0.8078598380088806,0.4490669369697571,0.7117800116539001,-0.23174138367176056,0.4922819137573242
257,8.566666666666666,0.4970273971557617,0.18319736421108246,-0.07758313417434692,0.9995534420013428,0.5221556425094604,0.2539599537849426,-0.052108317613601685,0.999476969242096,0.4713822901248932,0.25192496180534363,0.044961459934711456,0.9986763596534729,0.4945945739746094,0.25806352496147156,-0.12239142507314682,0.9262667298316956,0.4343789219856262,0.21804095804691315,-0.06568445265293121,0.8325945734977722,0.4646391272544861,0.236914724111557,-0.10311655700206757,0.8551648855209351,0.4731530547142029,0.23549200594425201,-0.20527660846710205,0.8416882753372192,0.5068660974502563,0.4925221800804138,-0.019673725590109825,0.9997826814651489,0.4689652919769287,0.4738914370536804,0.01959453895688057,0.9996416568756104,0.4952404499053955,0.6677481532096863,-0.01949923485517502,0.7247802019119263,0.45251932740211487,0.46253421902656555,-0.2574666142463684,0.6699973940849304,0.48324090242385864,0.8341866135597229,0.028606122359633446,0.8155990839004517,0.4534633755683899,0.6427329182624817,-0.17285729944705963,0.44177481532096863,0.4717158377170563,0.8931785821914673,-0.06193624809384346,0.8212182521820068,0.4510846734046936,0.7125418186187744,-0.22279031574726105,0.5305985808372498
258,8.6,0.4966856837272644,0.17150701582431793,-0.0670357421040535,0.9995940923690796,0.5145341753959656,0.23987658321857452,-0.07360103726387024,0.9995136857032776,0.47675690054893494,0.2456563264131546,0.083554707467556,0.998702883720398,0.495889276266098,0.22914697229862213,-0.13100513815879822,0.9307749271392822,0.4465743601322174,0.26161473989486694,-0.019592104479670525,0.7902237176895142,0.4659612774848938,0.2261614203453064,-0.14693289995193481,0.8643019795417786,0.46747130155563354,0.2427998036146164,-0.1776086539030075,0.8213217258453369,0.5049875378608704,0.4758339822292328,-0.04028088599443436,0.9997952580451965,0.4732641279697418,0.4619346261024475,0.04022232070565224,0.9996657967567444,0.495086133480072,0.6415427923202515,-0.009696438908576965,0.7437086701393127,0.4488483965396881,0.45048972964286804,-0.21427388489246368,0.6946623921394348,0.48693522810935974,0.7825284600257874,0.058978281915187836,0.8270454406738281,0.4475594162940979,0.6397030353546143,-0.1839868575334549,0.4853992760181427,0.4599675238132477,0.8280465006828308,-0.012431635521352291,0.8318700790405273,0.43319058418273926,0.690460205078125,-0.239401176571846,0.5714725255966187
259,8.633333333333333,0.49612483382225037,0.16986523568630219,-0.04571079835295677,0.9996305108070374,0.5127960443496704,0.23879210650920868,-0.06960252672433853,0.9995548129081726,0.4810459613800049,0.24927400052547455,0.1101122498512268,0.9987891316413879,0.49287572503089905,0.22677844762802124,-0.16885733604431152,0.9276601076126099,0.4573252201080322,0.2777612805366516,0.01761068031191826,0.7223989963531494,0.463757187128067,0.2257232517004013,-0.24277040362358093,0.8593971729278564,0.4667264521121979,0.2762499749660492,-0.13946297764778137,0.7545573711395264,0.5001692771911621,0.4646652936935425,-0.05836102366447449,0.9998128414154053,0.4883255362510681,0.4675277769565582,0.05812172219157219,0.9996954798698425,0.4492762088775635,0.45235270261764526,-0.15937815606594086,0.7647871971130371,0.4858775734901428,0.6243499517440796,0.05071650817990303,0.6969555616378784,0.45281609892845154,0.6525798439979553,-0.09814181178808212,0.8357847332954407,0.48217302560806274,0.7741777300834656,0.07756271958351135,0.5311018228530884,0.4340396821498871,0.687875509262085,-0.1346176415681839,0.8432542681694031,0.44572338461875916,0.8044228553771973,0.034955255687236786,0.6088528037071228
260,8.666666666666666,0.49595388770103455,0.14488136768341064,-0.08999267965555191,0.9996613264083862,0.5144973993301392,0.21785858273506165,-0.08046357333660126,0.9995926022529602,0.4800458550453186,0.23655827343463898,0.07678577303886414,0.9988524913787842,0.48993873596191406,0.20081990957260132,-0.16318222880363464,0.934647262096405,0.4420880675315857,0.25952252745628357,-0.03699055686593056,0.7324826717376709,0.44376683235168457,0.20213037729263306,-0.145770862698555,0.8716157674789429,0.4586647152900696,0.2440756857395172,-0.2468041628599167,0.7646389603614807,0.5012694597244263,0.4559038281440735,-0.04803711920976639,0.9998272657394409,0.476857990026474,0.4491530954837799,0.0477096252143383,0.9997208714485168,0.4735906720161438,0.512428343296051,-0.020314907655119896,0.7737494111061096,0.4504343569278717,0.49212878942489624,-0.15317557752132416,0.7232180833816528,0.4826419949531555,0.7044170498847961,0.16092582046985626,0.8289218544960022,0.45066729187965393,0.7004216313362122,-0.1269015073776245,0.5704235434532166,0.46206697821617126,0.7462059855461121,0.11897660791873932,0.832682728767395,0.4208086133003235,0.7818834781646729,-0.19298487901687622,0.6419171094894409
261,8.7,0.4956863820552826,0.13998731970787048,-0.09131056070327759,0.9996935129165649,0.5146660208702087,0.21284757554531097,-0.08548205345869064,0.9996290802955627,0.47890424728393555,0.23015598952770233,0.06838894635438919,0.9989417195320129,0.480803906917572,0.20782604813575745,-0.13608387112617493,0.9409247040748596,0.4359114170074463,0.24520382285118103,-0.04233795031905174,0.7389147281646729,0.4385046064853668,0.20605900883674622,-0.08593370020389557,0.8834855556488037,0.45877623558044434,0.22064320743083954,-0.23677606880664825,0.7813906073570251,0.5018855333328247,0.4514511823654175,-0.04064547270536423,0.9998378157615662,0.47530466318130493,0.44309836626052856,0.04041222110390663,0.9997420310974121,0.4850323796272278,0.5627525448799133,0.0022015508729964495,0.7731773257255554,0.4450027346611023,0.47218215465545654,-0.17203301191329956,0.7440125346183777,0.48894184827804565,0.7134779095649719,0.17434580624103546,0.8059375286102295,0.44690126180648804,0.6772895455360413,-0.16474060714244843,0.6018214225769043,0.47312837839126587,0.7659081220626831,0.1424432396888733,0.8119478225708008,0.41717690229415894,0.7513989806175232,-0.23143866658210754,0.6700651049613953
262,8.733333333333333,0.49559053778648376,0.14015258848667145,-0.09043066203594208,0.9997220039367676,0.514282763004303,0.21016646921634674,-0.07916831225156784,0.9996629953384399,0.4781326353549957,0.23033010959625244,0.06412358582019806,0.9990321397781372,0.4829162061214447,0.19984270632266998,-0.11907675117254257,0.9466221332550049,0.42982035875320435,0.23442107439041138,-0.042076315730810165,0.754857063293457,0.44844555854797363,0.18979576230049133,-0.0768289715051651,0.8941888809204102,0.4596877992153168,0.21931396424770355,-0.21773958206176758,0.7959586381912231,0.5019497871398926,0.4589521288871765,-0.035731807351112366,0.9998506307601929,0.47427377104759216,0.4447261095046997,0.03561745584011078,0.9997655749320984,0.4889557957649231,0.5942887663841248,0.018149351701140404,0.787865400314331,0.4425249993801117,0.4626440405845642,-0.2139929234981537,0.7677596211433411,0.49301546812057495,0.697008490562439,0.22497574985027313,0.7717282176017761,0.4424324631690979,0.6618329286575317,-0.19915826618671417,0.6384072303771973,0.4802320599555969,0.7413291931152344,0.215861514210701,0.7846657037734985,0.4186628460884094,0.7478673458099365,-0.2561935782432556,0.700568437576294
263,8.766666666666667,0.49543434381484985,0.13486100733280182,-0.09402873367071152,0.9997493028640747,0.5153118371963501,0.21140435338020325,-0.08002032339572906,0.9996950626373291,0.47743749618530273,0.21889029443264008,0.05952199175953865,0.9991223216056824,0.48650527000427246,0.17735804617404938,-0.16412219405174255,0.9516400694847107,0.4250291883945465,0.1973343938589096,-0.054034750908613205,0.7672332525253296,0.45254093408584595,0.1608475297689438,-0.11753565073013306,0.902427077293396,0.45812147855758667,0.1361117959022522,-0.2107740342617035,0.8075116872787476,0.5024447441101074,0.4498976767063141,-0.034622542560100555,0.999862790107727,0.4696207642555237,0.4371681213378906,0.03451374173164368,0.9997873902320862,0.4875563979148865,0.6007940769195557,0.008259817957878113,0.7982352375984192,0.4375212788581848,0.5077524185180664,-0.16998618841171265,0.7897285223007202,0.4926603436470032,0.681732714176178,0.2073047161102295,0.7543351650238037,0.4381263852119446,0.6819977164268494,-0.22172018885612488,0.6737149953842163,0.4687504768371582,0.7268998622894287,0.17867666482925415,0.7788571119308472,0.42313605546951294,0.7234460711479187,-0.3129379451274872,0.7300176620483398
264,8.8,0.4954145550727844,0.13223862648010254,-0.09327703714370728,0.9997739195823669,0.5158880949020386,0.212464839220047,-0.08714507520198822,0.9997245669364929,0.4768919348716736,0.21996654570102692,0.05975130945444107,0.9992052912712097,0.48896265029907227,0.16357789933681488,-0.16050085425376892,0.9563822746276855,0.4237616956233978,0.19010215997695923,-0.020847802981734276,0.7830796241760254,0.44921964406967163,0.15761436522006989,-0.10456188768148422,0.9103665947914124,0.4568604826927185,0.12641622126102448,-0.13426724076271057,0.8200322389602661,0.5027185082435608,0.4481157958507538,-0.03596729785203934,0.999875545501709,0.4677705764770508,0.43906304240226746,0.0358683243393898,0.9998080134391785,0.4868822991847992,0.6018033623695374,-0.025186678394675255,0.8159729838371277,0.4374454617500305,0.5219898819923401,-0.15321193635463715,0.8102535605430603,0.4894913136959076,0.6850024461746216,0.15444007515907288,0.7636957168579102,0.4378891587257385,0.684898853302002,-0.2644314169883728,0.7060233950614929,0.4672740399837494,0.7243990302085876,0.12712934613227844,0.7903504967689514,0.4240322709083557,0.7169773578643799,-0.3640804886817932,0.7568235993385315
265,8.833333333333334,0.4942685067653656,0.1333754062652588,-0.09827719628810883,0.9997943639755249,0.5160893201828003,0.21432068943977356,-0.10573909431695938,0.9997481107711792,0.47654667496681213,0.22181835770606995,0.04718783125281334,0.9992756843566895,0.4901731610298157,0.16444724798202515,-0.16753217577934265,0.9595327377319336,0.4219640791416168,0.19192375242710114,-0.0238420981913805,0.7919324040412903,0.45191287994384766,0.17266175150871277,-0.11734741926193237,0.9012196063995361,0.4557785391807556,0.12733671069145203,-0.16672676801681519,0.8233730792999268,0.5007814168930054,0.4425737261772156,-0.04081856831908226,0.9998869895935059,0.4690771698951721,0.4416823387145996,0.04068022221326828,0.9998264908790588,0.47372403740882874,0.5991762280464172,-0.14912830293178558,0.830026388168335,0.4400596022605896,0.5397346019744873,-0.08722025156021118,0.8244621157646179,0.48004788160324097,0.6938006281852722,0.00863376259803772,0.7644950747489929,0.4407610297203064,0.6857715845108032,-0.1966024935245514,0.7333081960678101,0.4601312577724457,0.7257497310638428,-0.005818130914121866,0.7954363226890564,0.42658084630966187,0.7151300311088562,-0.27809256315231323,0.7796741724014282
266,8.866666666666667,0.49373212456703186,0.13588504493236542,-0.08879555761814117,0.999809741973877,0.5157746076583862,0.2148907482624054,-0.10090087354183197,0.9997484683990479,0.4773762822151184,0.22190973162651062,0.047897644340991974,0.9992833137512207,0.49112194776535034,0.16365541517734528,-0.16364726424217224,0.9470561146736145,0.42324620485305786,0.18991340696811676,-0.03670911863446236,0.7827924489974976,0.44499510526657104,0.1759226769208908,-0.1221640482544899,0.8611994385719299,0.45651569962501526,0.12440188974142075,-0.15477979183197021,0.8031286597251892,0.4981781542301178,0.44404810667037964,-0.04619695618748665,0.9998874664306641,0.47324642539024353,0.44226688146591187,0.04598243162035942,0.9998291730880737,0.442717969417572,0.5346019864082336,-0.1917940080165863,0.8355346918106079,0.4679563641548157,0.580942690372467,0.03247799724340439,0.7550213932991028,0.4313734173774719,0.6949396133422852,-0.21781876683235168,0.7773956656455994,0.4713253378868103,0.6943660974502563,0.09706808626651764,0.6756296753883362,0.4009625017642975,0.7050343751907349,-0.2980717718601227,0.8108391165733337,0.4475131928920746,0.7156307697296143,0.06687336415052414,0.7377729415893555
267,8.9,0.4942034184932709,0.13039343059062958,-0.10346730798482895,0.999823808670044,0.5148676633834839,0.21108050644397736,-0.1517815887928009,0.9997610449790955,0.47711119055747986,0.2156776785850525,0.07902900874614716,0.9993318319320679,0.48679012060165405,0.17825010418891907,-0.1965584009885788,0.9489906430244446,0.41921481490135193,0.19172123074531555,0.05983925610780716,0.7448499202728271,0.4676445424556732,0.11255582422018051,-0.12770329415798187,0.8720316886901855,0.4297797679901123,0.09078515321016312,-0.021938063204288483,0.8110811710357666,0.4977506995201111,0.4455295205116272,-0.05724751204252243,0.9998952746391296,0.4682747721672058,0.4399715065956116,0.057158954441547394,0.9998442530632019,0.4570648670196533,0.5668589472770691,-0.1095791831612587,0.8381178975105286,0.44498148560523987,0.5609676837921143,-0.06512735038995743,0.7745022177696228,0.48767542839050293,0.6382790803909302,0.16084744036197662,0.7416490912437439,0.4517744183540344,0.7216712832450867,-0.06268082559108734,0.7048307061195374,0.46497488021850586,0.7141637802124023,0.18635620176792145,0.7876370549201965,0.4367315173149109,0.7335904240608215,-0.11932419240474701,0.7610734701156616
268,8.933333333333334,0.49540066719055176,0.13026303052902222,-0.08995885401964188,0.999821126461029,0.5103862285614014,0.20797793567180634,-0.14074762165546417,0.9997506737709045,0.4786983132362366,0.2163226306438446,0.08092378824949265,0.9993718862533569,0.476105272769928,0.18342837691307068,-0.18192437291145325,0.9264044165611267,0.4184109568595886,0.19264839589595795,0.0677051842212677,0.7090075016021729,0.47592291235923767,0.10964639484882355,-0.11742093414068222,0.8445104956626892,0.42504096031188965,0.09322493523359299,-0.003967947326600552,0.8049623370170593,0.49696606397628784,0.44298073649406433,-0.061031490564346313,0.9999030232429504,0.4684363901615143,0.4368024170398712,0.06088728457689285,0.999858558177948,0.45152872800827026,0.5656301379203796,-0.14771929383277893,0.8351383805274963,0.4443589150905609,0.5573123693466187,-0.021370161324739456,0.7784490585327148,0.4943162798881531,0.6309922337532043,0.06471799314022064,0.7023484110832214,0.4482550621032715,0.7264499068260193,-0.08515025675296783,0.7279671430587769,0.4726766049861908,0.711936891078949,0.08651048690080643,0.7535434365272522,0.4197568893432617,0.7455770969390869,-0.1403655856847763,0.7779930830001831
269,8.966666666666667,0.496223121881485,0.13045106828212738,-0.09558618068695068,0.9998332858085632,0.5113559365272522,0.20819884538650513,-0.1506364941596985,0.9997674822807312,0.4784623980522156,0.21498987078666687,0.0864829495549202,0.9994202852249146,0.4952487349510193,0.17189157009124756,-0.191901296377182,0.931476354598999,0.41724520921707153,0.191641166806221,0.06275951117277145,0.682794988155365,0.47947558760643005,0.10821182280778885,-0.1173924058675766,0.8554480671882629,0.4233258366584778,0.0878225639462471,-0.024152036756277084,0.8147172927856445,0.49689069390296936,0.4444290101528168,-0.06197009235620499,0.9999102354049683,0.4668007493019104,0.4387129545211792,0.06187359243631363,0.9998713135719299,0.45609650015830994,0.5718953609466553,-0.12015590816736221,0.8427039384841919,0.4388636648654938,0.5557724237442017,-0.06143791601061821,0.7960559129714966,0.4968550205230713,0.63234543800354,0.13805967569351196,0.6815919280052185,0.44513988494873047,0.7271949648857117,-0.09460175782442093,0.7528011202812195,0.47452202439308167,0.7166844606399536,0.16644421219825745,0.7415738105773926,0.4229404926300049,0.7416985630989075,-0.15402737259864807,0.7978930473327637
270,9.0,0.49630075693130493,0.12522770464420319,-0.10722731053829193,0.9998348951339722,0.5116929411888123,0.20972779393196106,-0.14718163013458252,0.9996638298034668,0.4776480197906494,0.21619807183742523,0.08123885095119476,0.9992998838424683,0.5002843141555786,0.1892080456018448,-0.25318270921707153,0.9198070168495178,0.41869059205055237,0.19375644624233246,0.10109368711709976,0.6578104496002197,0.4955688416957855,0.11141747236251831,-0.2938334345817566,0.8519795536994934,0.41745567321777344,0.09508105367422104,0.06697820127010345,0.8200547099113464,0.4973275661468506,0.4460790455341339,-0.07244895398616791,0.9998878240585327,0.4679657816886902,0.4446321129798889,0.07232724130153656,0.9998573064804077,0.4425737261772156,0.5720733404159546,-0.15124890208244324,0.814308762550354,0.4366152286529541,0.553274393081665,0.025174785405397415,0.7261880040168762,0.46036070585250854,0.7403131127357483,-0.06266351044178009,0.66571044921875,0.46828165650367737,0.7089951634407043,0.11084860563278198,0.6858357191085815,0.44170960783958435,0.7889201641082764,-0.09192788600921631,0.7253531813621521,0.44801416993141174,0.7393035292625427,0.09907933324575424,0.7311628460884094
271,9.033333333333333,0.4989655613899231,0.12293848395347595,-0.10405194759368896,0.999832808971405,0.5118732452392578,0.20938706398010254,-0.1425444781780243,0.9995479583740234,0.47708433866500854,0.21712671220302582,0.08867953717708588,0.9992151856422424,0.5019171237945557,0.18993447721004486,-0.24006274342536926,0.9064132571220398,0.419595330953598,0.19514943659305573,0.11583857238292694,0.6372740268707275,0.4995582699775696,0.11015507578849792,-0.2661086320877075,0.8416308760643005,0.41683754324913025,0.09820973873138428,0.08438599109649658,0.8239216804504395,0.4976135790348053,0.447773277759552,-0.07443983852863312,0.9998649954795837,0.4680618643760681,0.4490840435028076,0.07431422919034958,0.9998484253883362,0.44105416536331177,0.5705732107162476,-0.162818044424057,0.7841925621032715,0.4366082549095154,0.5669868588447571,0.021625448018312454,0.6662295460700989,0.4574829936027527,0.7416905760765076,-0.0422079898416996,0.6316381692886353,0.4632956385612488,0.7162076234817505,0.08093730360269547,0.6320910453796387,0.43503108620643616,0.7752347588539124,-0.06152419000864029,0.6933389902114868,0.4450616240501404,0.746089518070221,0.05434451252222061,0.6784343719482422
272,9.066666666666666,0.49963822960853577,0.1219957172870636,-0.10329301655292511,0.9998341202735901,0.511963963508606,0.209724560379982,-0.14449316263198853,0.9994576573371887,0.47696080803871155,0.2172563076019287,0.08507205545902252,0.9991299510002136,0.5060129761695862,0.19119422137737274,-0.25623831152915955,0.8988187313079834,0.42014116048812866,0.196042001247406,0.10979980230331421,0.6225017309188843,0.502408504486084,0.09841828048229218,-0.2976449429988861,0.8363427519798279,0.4174736440181732,0.09768762439489365,0.08102290332317352,0.8325143456459045,0.4978134036064148,0.44952064752578735,-0.0749225839972496,0.9998359680175781,0.46822062134742737,0.45179417729377747,0.07480565458536148,0.9998273849487305,0.4408515393733978,0.5681191086769104,-0.16985659301280975,0.7708730101585388,0.4377707540988922,0.5640066862106323,0.017901960760354996,0.6098670363426208,0.45311641693115234,0.7537240982055664,-0.10584541410207748,0.6316251158714294,0.47004690766334534,0.7011477947235107,0.0858275517821312,0.5779688358306885,0.43267950415611267,0.799082338809967,-0.14947934448719025,0.6920654773712158,0.45113831758499146,0.7378033995628357,0.06253203004598618,0.6253824830055237
273,9.1,0.5000231862068176,0.12230443209409714,-0.10689203441143036,0.999833345413208,0.5122713446617126,0.2099953144788742,-0.14501522481441498,0.9992934465408325,0.4769373834133148,0.21760499477386475,0.08601954579353333,0.9990382790565491,0.5046549439430237,0.19140900671482086,-0.24972955882549286,0.8850773572921753,0.4205278754234314,0.19660478830337524,0.1131160631775856,0.6103419661521912,0.5002955198287964,0.10695827007293701,-0.28097522258758545,0.8219490051269531,0.417667955160141,0.09695998579263687,0.08417900651693344,0.8382012248039246,0.4979555606842041,0.45166751742362976,-0.07526633143424988,0.9998154044151306,0.4691075384616852,0.4535846412181854,0.075142040848732,0.9998193979263306,0.4403359293937683,0.5684283375740051,-0.17538176476955414,0.7585176825523376,0.43665823340415955,0.5606445074081421,0.02955368161201477,0.5637363791465759,0.45487338304519653,0.7465549111366272,-0.07247977703809738,0.6210536956787109,0.4718017578125,0.7058411836624146,0.10134850442409515,0.5368568301200867,0.43649134039878845,0.7973907589912415,-0.09927071630954742,0.6819005012512207,0.4522883892059326,0.7476760149002075,0.07717637717723846,0.5850206613540649
274,9.133333333333333,0.4843382239341736,0.1971874088048935,0.03339279443025589,0.9986662268638611,0.5061808824539185,0.24319833517074585,-0.025349389761686325,0.9993177056312561,0.47684773802757263,0.27686604857444763,0.12660838663578033,0.998953640460968,0.5038869380950928,0.18599313497543335,-0.06835079193115234,0.8584558963775635,0.4655245840549469,0.28339287638664246,0.08948762714862823,0.5542850494384766,0.5051780939102173,0.11334539204835892,-0.07538475841283798,0.8067820072174072,0.4620141386985779,0.19849365949630737,-0.07763776183128357,0.771190345287323,0.4980597496032715,0.4625146985054016,-0.049431659281253815,0.9998276829719543,0.4691362977027893,0.4768085777759552,0.04920694977045059,0.9998310804367065,0.44427141547203064,0.5201829075813293,-0.21194255352020264,0.7502228021621704,0.43874043226242065,0.5995284914970398,-0.04377846047282219,0.5530580282211304,0.4586329460144043,0.6730994582176208,-0.178010031580925,0.6019589304924011,0.4610385298728943,0.7923248410224915,-0.11091163009405136,0.5482040643692017,0.44010424613952637,0.7298440933227539,-0.2237270325422287,0.669385552406311,0.4400031566619873,0.8583301901817322,-0.18771550059318542,0.5888794660568237
275,9.166666666666666,0.479867547750473,0.2346585988998413,0.04812278971076012,0.9950472116470337,0.5075137615203857,0.275909960269928,0.009168097749352455,0.9993385076522827,0.47649914026260376,0.30642059445381165,0.1351056843996048,0.9987630844116211,0.5031694769859314,0.19722925126552582,-0.03562716394662857,0.8181335926055908,0.4703024923801422,0.3368498980998993,0.07608801126480103,0.500590980052948,0.5041583776473999,0.11360356211662292,-0.0602717287838459,0.7914323210716248,0.4724971354007721,0.28086161613464355,-0.07706485688686371,0.6999145150184631,0.4972975254058838,0.4674009084701538,-0.03940737619996071,0.999832272529602,0.4693657457828522,0.4808686077594757,0.03912775591015816,0.9998327493667603,0.4463168978691101,0.526264488697052,-0.18159900605678558,0.7220174074172974,0.44039663672447205,0.6109703779220581,-0.06601040065288544,0.5428768396377563,0.45998066663742065,0.6535479426383972,-0.1517575979232788,0.5750051140785217,0.45176082849502563,0.7983482480049133,-0.13049368560314178,0.5572846531867981,0.44040924310684204,0.704766035079956,-0.1932440996170044,0.6417702436447144,0.4264488220214844,0.860981822013855,-0.1992979794740677,0.5868425965309143
276,9.2,0.4833454489707947,0.197357177734375,-0.010587090626358986,0.9952639937400818,0.508366048336029,0.25743892788887024,-0.03777138143777847,0.9993826746940613,0.47573867440223694,0.281645268201828,0.11498142778873444,0.9988033771514893,0.4999411106109619,0.19706173241138458,-0.023709338158369064,0.8196713924407959,0.46084266901016235,0.31764504313468933,0.08192668110132217,0.45552945137023926,0.5016149282455444,0.1423541009426117,0.032242387533187866,0.7668057680130005,0.4652157723903656,0.2818900942802429,-0.04408632591366768,0.6376317143440247,0.4954043924808502,0.47705551981925964,-0.0438636839389801,0.999839723110199,0.4698738157749176,0.48704296350479126,0.043660588562488556,0.9998388886451721,0.4509701728820801,0.540972888469696,-0.16796886920928955,0.7276548147201538,0.4589467942714691,0.6342869997024536,-0.05652407556772232,0.5427396893501282,0.45221146941185,0.6903267502784729,-0.14876540005207062,0.5906636118888855,0.46164458990097046,0.8600397706031799,-0.10459847748279572,0.5817564725875854,0.4250081181526184,0.7075812220573425,-0.21164679527282715,0.6563470363616943,0.42940250039100647,0.8780758380889893,-0.18090702593326569,0.6091116070747375
277,9.233333333333333,0.481567919254303,0.18871363997459412,-0.016429973766207695,0.9954755306243896,0.507776141166687,0.2511994242668152,-0.04548591747879982,0.9994243383407593,0.4754284918308258,0.277722030878067,0.10871560871601105,0.9987828731536865,0.49974432587623596,0.20308268070220947,-0.034412432461977005,0.8196039199829102,0.46289974451065063,0.3165091276168823,0.08090780675411224,0.41464963555336,0.5042914152145386,0.14383527636528015,0.003831135109066963,0.7644607424736023,0.4657471179962158,0.29025647044181824,-0.018266433849930763,0.5813592672348022,0.4945332407951355,0.4812748432159424,-0.04381832107901573,0.9998430609703064,0.4701682925224304,0.48790138959884644,0.04365120828151703,0.9998365044593811,0.4561716616153717,0.568058967590332,-0.1512245088815689,0.7260913848876953,0.4622558057308197,0.6321179866790771,-0.05279310792684555,0.5320037007331848,0.4496613144874573,0.7249063849449158,-0.1369905322790146,0.602545440196991,0.46362510323524475,0.850630521774292,-0.09807078540325165,0.5918523073196411,0.42257243394851685,0.7103370428085327,-0.2049599140882492,0.6679748296737671,0.430825412273407,0.8599109053611755,-0.17182999849319458,0.6206995844841003
278,9.266666666666667,0.47136035561561584,0.21410900354385376,0.005937575362622738,0.9955464601516724,0.5022356510162354,0.24778540432453156,0.013919475488364697,0.9994666576385498,0.46312612295150757,0.28662335872650146,0.12653419375419617,0.9988155961036682,0.5008801221847534,0.2047930210828781,-0.02117948606610298,0.8231127858161926,0.4626411497592926,0.37032148241996765,0.10446310043334961,0.3786764442920685,0.5086261034011841,0.1424352079629898,-0.06566613167524338,0.7777448892593384,0.46812281012535095,0.4007883369922638,0.008071917109191418,0.5279155373573303,0.4952286183834076,0.4822068214416504,-0.037573184818029404,0.9998453259468079,0.4694964289665222,0.4871687889099121,0.03729606047272682,0.999830424785614,0.4573597311973572,0.5688457489013672,-0.19589769840240479,0.7389510869979858,0.4644487500190735,0.6472059488296509,-0.04743126407265663,0.5403112173080444,0.4458045959472656,0.7227799296379089,-0.24386385083198547,0.6159967184066772,0.46596384048461914,0.8636639714241028,-0.09360987693071365,0.6043363809585571,0.4181503653526306,0.6981503963470459,-0.33559849858283997,0.6857172846794128,0.43144112825393677,0.8761538863182068,-0.17649172246456146,0.6336959600448608
279,9.3,0.47418004274368286,0.19818757474422455,-0.01614498719573021,0.9959846138954163,0.50395667552948,0.26170939207077026,-0.0005854940973222256,0.9994983077049255,0.4604879319667816,0.29122477769851685,0.1373097449541092,0.9988874793052673,0.5065253973007202,0.178734689950943,-0.02052091807126999,0.839366614818573,0.46140608191490173,0.39038655161857605,0.11577887833118439,0.3494408130645752,0.5132592916488647,0.07994924485683441,-0.035253215581178665,0.7948811650276184,0.4627857208251953,0.4476062059402466,0.015906240791082382,0.48046955466270447,0.49719351530075073,0.49106600880622864,-0.04715432971715927,0.9998506307601929,0.4667978882789612,0.4991822838783264,0.04667224362492561,0.999833881855011,0.45645004510879517,0.5595952868461609,-0.3216923773288727,0.7645211815834045,0.45193901658058167,0.6886158585548401,-0.03393757715821266,0.5753273963928223,0.42995110154151917,0.6845394372940063,-0.5540502071380615,0.6530082821846008,0.4800909161567688,0.8636106848716736,-0.0224619023501873,0.641119122505188,0.39949125051498413,0.6364288330078125,-0.6927796006202698,0.7170442342758179,0.46569257974624634,0.9102363586425781,-0.11039429903030396,0.6683635711669922
280,9.333333333333334,0.47681862115859985,0.1965741515159607,-0.019557613879442215,0.9963517785072327,0.5049864649772644,0.26805955171585083,0.0013985310215502977,0.9995207786560059,0.45671600103378296,0.2972242832183838,0.12419775873422623,0.9989328980445862,0.5069411993026733,0.1723812073469162,0.002555433427914977,0.8501501083374023,0.4534755349159241,0.4036579430103302,0.06812625378370285,0.32470881938934326,0.5118443369865417,0.08496015518903732,0.001075707608833909,0.8049587607383728,0.4601704180240631,0.4495607912540436,-0.05401230603456497,0.4378402531147003,0.4979323744773865,0.49609696865081787,-0.04625392332673073,0.9998365640640259,0.46381956338882446,0.5070204734802246,0.04582464322447777,0.9998114109039307,0.45636337995529175,0.5537495017051697,-0.32292675971984863,0.7844049334526062,0.4471212327480316,0.6882399916648865,-0.026120657101273537,0.5742847323417664,0.42783060669898987,0.6801532506942749,-0.527042031288147,0.6777669191360474,0.4827147424221039,0.8692280054092407,-0.013409383594989777,0.6629507541656494,0.3961341083049774,0.6327202320098877,-0.6605297327041626,0.744332492351532,0.46540355682373047,0.9191824793815613,-0.09847049415111542,0.6914897561073303
281,9.366666666666667,0.4792567789554596,0.19249258935451508,-0.02389335259795189,0.9966740012168884,0.5056122541427612,0.26639625430107117,-0.009449181146919727,0.9995341300964355,0.45774737000465393,0.29577016830444336,0.11090737581253052,0.9989750981330872,0.5084286332130432,0.168257474899292,-0.015061335638165474,0.8578070998191833,0.45282649993896484,0.3979267179965973,0.04542176052927971,0.30553337931632996,0.511427104473114,0.08138915151357651,-0.01913556270301342,0.8111555576324463,0.45872801542282104,0.4395821988582611,-0.08878441154956818,0.40379106998443604,0.49943628907203674,0.4948725700378418,-0.04686588793992996,0.999830961227417,0.4641190469264984,0.5076181888580322,0.04647836834192276,0.999800980091095,0.4562077522277832,0.5456730127334595,-0.3215591311454773,0.803608775138855,0.4444591999053955,0.6838198304176331,-0.019909996539354324,0.5784159898757935,0.42702969908714294,0.6799226403236389,-0.5242021679878235,0.7049214839935303,0.4832087457180023,0.8668224811553955,-0.0072373137809336185,0.681948721408844,0.396974116563797,0.6338897943496704,-0.6558159589767456,0.7692456245422363,0.4646065831184387,0.916845440864563,-0.08288799226284027,0.7125322222709656
282,9.4,0.48071956634521484,0.19155627489089966,-0.032530251890420914,0.9969181418418884,0.5048723816871643,0.26617586612701416,-0.0027270072605460882,0.9995429515838623,0.45834270119667053,0.29454711079597473,0.08878682553768158,0.9990099668502808,0.5076519846916199,0.16518694162368774,0.018005620688199997,0.8561784625053406,0.4497769773006439,0.4027687609195709,0.006740294396877289,0.28802111744880676,0.5105233192443848,0.07116617262363434,0.03652217984199524,0.8056552410125732,0.4559403359889984,0.43115246295928955,-0.1476958692073822,0.37130463123321533,0.5001160502433777,0.49585288763046265,-0.04452042281627655,0.9998114109039307,0.4644620418548584,0.5110831260681152,0.04412805289030075,0.9997735023498535,0.45622962713241577,0.5450535416603088,-0.321358859539032,0.8153212070465088,0.44366902112960815,0.6845660209655762,-0.02280300296843052,0.5497058033943176,0.42846935987472534,0.6781929731369019,-0.4974977374076843,0.7155916094779968,0.4839181900024414,0.866726279258728,-0.015418174676597118,0.6724072098731995,0.3965144455432892,0.6385579705238342,-0.6259440183639526,0.7886661887168884,0.46392449736595154,0.9174096584320068,-0.09076619148254395,0.7114294767379761
283,9.433333333333334,0.48788580298423767,0.2054724395275116,-0.11113114655017853,0.9972230195999146,0.5070621967315674,0.29131293296813965,-0.08775147795677185,0.9995711445808411,0.45888376235961914,0.31061410903930664,0.07911238819360733,0.9990969896316528,0.5075942873954773,0.23332445323467255,-0.26915425062179565,0.8694471716880798,0.4487021565437317,0.43279147148132324,0.06446889042854309,0.29319316148757935,0.5099092125892639,0.17030739784240723,-0.4548075199127197,0.8224577307701111,0.4195684492588043,0.5321542620658875,0.006141189951449633,0.3921891748905182,0.4978702664375305,0.5181163549423218,-0.05387900397181511,0.9998266100883484,0.4613179564476013,0.5239282846450806,0.053511518985033035,0.9997929930686951,0.4561554491519928,0.5922234058380127,-0.3450426459312439,0.833339512348175,0.44169288873672485,0.6916884779930115,0.0319320484995842,0.5906627178192139,0.43073925375938416,0.6794240474700928,-0.46649807691574097,0.742322564125061,0.4826827943325043,0.8680500388145447,0.07919369637966156,0.7041057348251343,0.40258508920669556,0.6411154866218567,-0.5819342732429504,0.8096275329589844,0.46709370613098145,0.9214990139007568,-0.010941781103610992,0.739260733127594
284,9.466666666666667,0.48763495683670044,0.2030787616968155,-0.10878648608922958,0.9974997043609619,0.5070774555206299,0.29044729471206665,-0.09551288187503815,0.9996046423912048,0.4604663848876953,0.31330326199531555,0.08049506694078445,0.9991787672042847,0.5075160264968872,0.23725846409797668,-0.2708736062049866,0.8814809918403625,0.4483411908149719,0.4388066232204437,0.08776141703128815,0.29135382175445557,0.5094347596168518,0.1838708519935608,-0.4542105197906494,0.838160514831543,0.4164341390132904,0.5329968929290771,0.037983812391757965,0.4085313677787781,0.4968375563621521,0.5192890167236328,-0.05991824343800545,0.9998410940170288,0.461189329624176,0.5269430875778198,0.05959569662809372,0.9998111128807068,0.4554084837436676,0.5910415053367615,-0.3464568257331848,0.8497196435928345,0.4399127960205078,0.6907437443733215,0.03239188715815544,0.6283348798751831,0.4328518509864807,0.6818265914916992,-0.485205739736557,0.7673004865646362,0.48139524459838867,0.864737868309021,0.07500404864549637,0.7327294945716858,0.40535610914230347,0.6513735055923462,-0.6026949882507324,0.8285812735557556,0.4689582288265228,0.9188031554222107,-0.00811512116342783,0.764451801776886
285,9.5,0.48861804604530334,0.20026549696922302,-0.10566899925470352,0.9977492690086365,0.5078554153442383,0.2902211844921112,-0.09800784289836884,0.9996376633644104,0.46243152022361755,0.31256356835365295,0.07968927919864655,0.999255359172821,0.5071234107017517,0.24808603525161743,-0.270720899105072,0.8930382132530212,0.44672077894210815,0.44147932529449463,0.08940988779067993,0.29880771040916443,0.5107563734054565,0.18599016964435577,-0.4449078142642975,0.8535084128379822,0.4144690930843353,0.5352975130081177,0.041811779141426086,0.4368070960044861,0.4963051676750183,0.5203513503074646,-0.060666222125291824,0.9998542666435242,0.4594615399837494,0.5271800756454468,0.060379207134246826,0.9998277425765991,0.4553995132446289,0.5819773077964783,-0.3313528895378113,0.8645735383033752,0.44002026319503784,0.6921019554138184,0.03978339955210686,0.6634480357170105,0.43378448486328125,0.6907680630683899,-0.48056840896606445,0.7898629307746887,0.4806533753871918,0.8650643825531006,0.1003493219614029,0.7588176727294922,0.40681391954421997,0.6526129841804504,-0.5939393639564514,0.8456695675849915,0.4692298471927643,0.9168673157691956,0.021471651270985603,0.787355899810791
286,9.533333333333333,0.4909398555755615,0.19870106875896454,-0.10550601780414581,0.9979742765426636,0.5082526803016663,0.2883364260196686,-0.10787729918956757,0.9996724724769592,0.46352776885032654,0.3117772340774536,0.08009730279445648,0.9993277192115784,0.5067803263664246,0.2561523914337158,-0.2928026616573334,0.9037179946899414,0.4465344548225403,0.43840858340263367,0.08644138276576996,0.3152693808078766,0.5103716850280762,0.19375112652778625,-0.48012176156044006,0.868105411529541,0.4143850803375244,0.5316919684410095,0.043416377156972885,0.473550945520401,0.4949674606323242,0.5183993577957153,-0.06312807649374008,0.9998677372932434,0.4576314389705658,0.5244042873382568,0.06291808933019638,0.9998440146446228,0.4549395442008972,0.5773217678070068,-0.34846562147140503,0.8781080842018127,0.43809717893600464,0.6947569847106934,0.03447315841913223,0.6968915462493896,0.4350179135799408,0.6966444849967957,-0.5079272389411926,0.8108025193214417,0.48079079389572144,0.8663233518600464,0.11039076000452042,0.782863199710846,0.4071474075317383,0.6577063202857971,-0.6218961477279663,0.861098051071167,0.46938356757164,0.9170593023300171,0.030130472034215927,0.8085389733314514
287,9.566666666666666,0.4911489486694336,0.21253858506679535,-0.11180601269006729,0.998129665851593,0.5084961652755737,0.3174213469028473,-0.12959423661231995,0.9996752738952637,0.4691232740879059,0.3231682777404785,0.07706267386674881,0.9993693828582764,0.5054103136062622,0.33879968523979187,-0.29221248626708984,0.885356068611145,0.4475303292274475,0.44019615650177,0.08265388756990433,0.2913934290409088,0.503587007522583,0.2893093526363373,-0.4320034384727478,0.8468255400657654,0.4187443256378174,0.5169171094894409,0.016195673495531082,0.45098990201950073,0.48949113488197327,0.5340032577514648,-0.0627453476190567,0.9998774528503418,0.45461902022361755,0.5335482954978943,0.06254517287015915,0.9998558163642883,0.45488643646240234,0.640117883682251,-0.25202375650405884,0.8786818981170654,0.4347178339958191,0.6973174810409546,0.03380779176950455,0.6684878468513489,0.44964855909347534,0.7925170660018921,-0.15383848547935486,0.8041883111000061,0.46160292625427246,0.8282709717750549,0.07973847538232803,0.7490275502204895,0.4368019104003906,0.8322033286094666,-0.23454296588897705,0.8536122441291809,0.45880812406539917,0.8663286566734314,0.004123270977288485,0.7768149375915527
288,9.6,0.48875346779823303,0.21178661286830902,-0.10798107087612152,0.9982892870903015,0.5084983706474304,0.32400912046432495,-0.16243362426757812,0.9996973872184753,0.4738900065422058,0.3260846734046936,0.06855575740337372,0.9994195103645325,0.4977577328681946,0.3691257834434509,-0.33829113841056824,0.8779067993164062,0.44911378622055054,0.43862295150756836,0.07882316410541534,0.2669878602027893,0.501323401927948,0.337898850440979,-0.5060533285140991,0.8354891538619995,0.4205164313316345,0.5240392684936523,0.007737791631370783,0.4167269170284271,0.4860300123691559,0.5475606918334961,-0.06682147085666656,0.9998868107795715,0.4544491171836853,0.5490117073059082,0.06658174097537994,0.9998672604560852,0.45472463965415955,0.6317598819732666,-0.33119216561317444,0.8855260610580444,0.4317518174648285,0.7061878442764282,0.07013697922229767,0.6346074938774109,0.4492420554161072,0.7827666997909546,-0.2581140995025635,0.7878495454788208,0.4644148349761963,0.828798234462738,0.17223551869392395,0.7147157192230225,0.43393293023109436,0.816624641418457,-0.338184654712677,0.8491067290306091,0.4586147665977478,0.882617712020874,0.10564304888248444,0.7423560619354248
289,9.633333333333333,0.49374669790267944,0.22328954935073853,-0.14919088780879974,0.9984118938446045,0.508306622505188,0.32334521412849426,-0.16925650835037231,0.999695360660553,0.4732155203819275,0.330540269613266,0.07336558401584625,0.9994298815727234,0.476269394159317,0.379258394241333,-0.25920599699020386,0.8412686586380005,0.4492324888706207,0.42987480759620667,0.07994084060192108,0.24200354516506195,0.4675259590148926,0.3524731695652008,-0.30484074354171753,0.7753892540931702,0.43624868988990784,0.45022499561309814,-0.02503485605120659,0.3792758584022522,0.4666620194911957,0.575002133846283,-0.06685753166675568,0.9998970627784729,0.44177383184432983,0.5713929533958435,0.06668322533369064,0.9998795390129089,0.45395684242248535,0.7145427465438843,-0.18551954627037048,0.8866223096847534,0.4313626289367676,0.7088446021080017,0.03985195606946945,0.6413406729698181,0.4516471028327942,0.7842254042625427,0.07311246544122696,0.753657341003418,0.4525814950466156,0.8218387365341187,0.14299103617668152,0.7041435837745667,0.44178280234336853,0.8282029628753662,0.06923170387744904,0.8111607432365417,0.45208540558815,0.8792864680290222,0.10640790313482285,0.7280703783035278
290,9.666666666666666,0.49825912714004517,0.23219870030879974,-0.13332499563694,0.9985252022743225,0.5084558129310608,0.32419121265411377,-0.13478213548660278,0.9997000098228455,0.4725843369960785,0.32986462116241455,0.07307150214910507,0.999336302280426,0.4837154746055603,0.34545043110847473,-0.23092994093894958,0.8129037022590637,0.4491967558860779,0.40754228830337524,0.038489118218421936,0.22083696722984314,0.4657444953918457,0.3658062517642975,-0.27741238474845886,0.7353724241256714,0.44966354966163635,0.38869768381118774,-0.09120658040046692,0.34592995047569275,0.4620512127876282,0.5643987059593201,-0.05461817979812622,0.9999047517776489,0.44059380888938904,0.5655874609947205,0.05447099357843399,0.9998871684074402,0.45403099060058594,0.6841026544570923,-0.22279611229896545,0.8920003771781921,0.4323256015777588,0.7153828740119934,-0.0299479179084301,0.6465657949447632,0.45050501823425293,0.8101518154144287,-0.056111790239810944,0.7511579394340515,0.4511607587337494,0.8183192014694214,0.108828105032444,0.6882328391075134,0.4397149980068207,0.8631635308265686,-0.10431164503097534,0.8026506304740906,0.4505598545074463,0.8596580624580383,0.06362608075141907,0.7101740837097168
291,9.7,0.4993663430213928,0.233207568526268,-0.12612710893154144,0.9986688494682312,0.5085815191268921,0.32377418875694275,-0.13432547450065613,0.9997280836105347,0.47772878408432007,0.3380899727344513,0.07485391944646835,0.9993744492530823,0.48570093512535095,0.4085147976875305,-0.21323063969612122,0.8007320165634155,0.4543229937553406,0.44853612780570984,0.09065277874469757,0.1993807852268219,0.4675832688808441,0.4579324424266815,-0.27392762899398804,0.7139354348182678,0.4457881450653076,0.4965287446975708,0.008209294639527798,0.31259140372276306,0.4617813527584076,0.5767385363578796,-0.054671548306941986,0.9999121427536011,0.44390207529067993,0.573296070098877,0.05458343029022217,0.9998944997787476,0.44778090715408325,0.7677204608917236,-0.09225551038980484,0.8623455762863159,0.44261282682418823,0.7424987554550171,0.020779641345143318,0.5916716456413269,0.4505268931388855,0.8138545751571655,0.07875002920627594,0.6891791820526123,0.4486209452152252,0.7651985883712769,0.1381799727678299,0.6240267753601074,0.4368869364261627,0.8465467691421509,0.09227124601602554,0.739465594291687,0.44706448912620544,0.7806042432785034,0.14996418356895447,0.6474536657333374
292,9.733333333333333,0.515235185623169,0.23572571575641632,-0.17139440774917603,0.9987863898277283,0.5257509350776672,0.35479995608329773,-0.07181558758020401,0.9997544884681702,0.4701705574989319,0.32069042325019836,-0.010597498156130314,0.9994188547134399,0.5134541988372803,0.479390025138855,-0.04774585738778114,0.8192782402038574,0.4408363699913025,0.4409862458705902,-0.026809174567461014,0.23065143823623657,0.49050650000572205,0.5909218788146973,-0.1150112971663475,0.7413222193717957,0.42863088846206665,0.5366472601890564,-0.12665757536888123,0.316826194524765,0.468046098947525,0.5686408281326294,-0.008432561531662941,0.9999203681945801,0.43020614981651306,0.5630287528038025,0.008268295787274837,0.9999030828475952,0.45307016372680664,0.7177401781082153,-0.09060939401388168,0.8745158314704895,0.42204657196998596,0.7358937859535217,-0.06435634940862656,0.6271131038665771,0.4500052332878113,0.8575848340988159,0.06582905352115631,0.7163734436035156,0.4367426931858063,0.8366859555244446,0.13404247164726257,0.649502694606781,0.4408344328403473,0.9208133220672607,-0.009835307486355305,0.7599796056747437,0.4420410990715027,0.8854571580886841,0.092811718583107,0.6674981713294983
293,9.766666666666667,0.5171698331832886,0.23539382219314575,-0.16904546320438385,0.9988868832588196,0.5267118215560913,0.3544282913208008,-0.08399038761854172,0.9997782707214355,0.46721434593200684,0.31838512420654297,-0.013747078366577625,0.9994537234306335,0.5179505348205566,0.4821125864982605,-0.0687260851264,0.8359944820404053,0.43642958998680115,0.43958792090415955,-0.01864093914628029,0.24329696595668793,0.4947861135005951,0.6011485457420349,-0.12030515819787979,0.7658674120903015,0.42276209592819214,0.5490496158599854,-0.10423660278320312,0.3194245994091034,0.46983033418655396,0.5647918581962585,-0.01318271178752184,0.9999273419380188,0.4295431971549988,0.5583749413490295,0.013009692542254925,0.9999094605445862,0.4532620310783386,0.7256379127502441,-0.0304399486631155,0.8828969597816467,0.41952985525131226,0.7345173954963684,-0.047336407005786896,0.6485063433647156,0.44882744550704956,0.8658419251441956,0.07910779863595963,0.7398425340652466,0.4335559904575348,0.844787061214447,0.13246339559555054,0.6642630696296692,0.44027891755104065,0.9251440167427063,0.0021962709724903107,0.7776167392730713,0.43735361099243164,0.8984993100166321,0.08950971812009811,0.6807315945625305
294,9.8,0.5186275839805603,0.23387852311134338,-0.17426641285419464,0.9989819526672363,0.528875470161438,0.3552999794483185,-0.08854486048221588,0.9997997879981995,0.46602314710617065,0.3115822970867157,-0.0038288948126137257,0.9994826316833496,0.5192362070083618,0.48641282320022583,-0.07573191821575165,0.8514932990074158,0.4365167021751404,0.4369117319583893,-0.007466214708983898,0.2537812292575836,0.4952843189239502,0.6069459319114685,-0.13437746465206146,0.7883867025375366,0.422692209482193,0.5408201217651367,-0.10135781764984131,0.3168703019618988,0.4704100489616394,0.5644314289093018,-0.016264790669083595,0.9999340772628784,0.4267916679382324,0.5559253096580505,0.01610916666686535,0.9999163150787354,0.45384854078292847,0.723705530166626,-0.038650233298540115,0.8929198980331421,0.4159139096736908,0.7261382937431335,-0.04684161767363548,0.676692545413971,0.4486951231956482,0.8723894953727722,0.08339671790599823,0.7642799615859985,0.43558064103126526,0.8418510556221008,0.14407415688037872,0.6864425539970398,0.4398614764213562,0.9339937567710876,-0.0014737077290192246,0.7975969910621643,0.4365598261356354,0.901867151260376,0.10123229026794434,0.7013230919837952
295,9.833333333333334,0.5376995205879211,0.25917133688926697,-0.11721859127283096,0.9990659952163696,0.5334373712539673,0.3886698782444,-0.0019126167753711343,0.9998143315315247,0.4793962836265564,0.2997443377971649,-0.011211289092898369,0.9994796514511108,0.5152534246444702,0.5294786691665649,0.01844870112836361,0.8473145961761475,0.4600679278373718,0.2296563684940338,-0.09955094009637833,0.315223753452301,0.4870366156101227,0.641916811466217,-0.027004748582839966,0.796423614025116,0.4521850049495697,0.11855044960975647,-0.20342645049095154,0.3708184063434601,0.47492703795433044,0.5552860498428345,0.014268556609749794,0.9999373555183411,0.43144601583480835,0.5355040431022644,-0.01438860036432743,0.9999197125434875,0.4551490247249603,0.709087610244751,0.005723523907363415,0.8763440251350403,0.41509801149368286,0.7091655135154724,-0.08621951937675476,0.6936200857162476,0.44910216331481934,0.8705607652664185,0.09901024401187897,0.7718337178230286,0.4111502766609192,0.8510700464248657,0.022193964570760727,0.7032992839813232,0.44166213274002075,0.9323461651802063,0.009199116379022598,0.8045094013214111,0.41709986329078674,0.904734194278717,-0.06189391762018204,0.7167527079582214
