frame,timestamp,nose_x,nose_y,nose_z,nose_visibility,left_shoulder_x,left_shoulder_y,left_shoulder_z,left_shoulder_visibility,right_shoulder_x,right_shoulder_y,right_shoulder_z,right_shoulder_visibility,left_elbow_x,left_elbow_y,left_elbow_z,left_elbow_visibility,right_elbow_x,right_elbow_y,right_elbow_z,right_elbow_visibility,left_wrist_x,left_wrist_y,left_wrist_z,left_wrist_visibility,right_wrist_x,right_wrist_y,right_wrist_z,right_wrist_visibility,left_hip_x,left_hip_y,left_hip_z,left_hip_visibility,right_hip_x,right_hip_y,right_hip_z,right_hip_visibility,left_knee_x,left_knee_y,left_knee_z,left_knee_visibility,right_knee_x,right_knee_y,right_knee_z,right_knee_visibility,left_ankle_x,left_ankle_y,left_ankle_z,left_ankle_visibility,right_ankle_x,right_ankle_y,right_ankle_z,right_ankle_visibility,left_foot_x,left_foot_y,left_foot_z,left_foot_visibility,right_foot_x,right_foot_y,right_foot_z,right_foot_visibility
0,0.0,0.5886667966842651,0.24316079914569855,-0.0762576013803482,0.996917188167572,0.5857963562011719,0.29650208353996277,-0.05711356922984123,0.9999434351921082,0.5278356075286865,0.260795533657074,0.023441683501005173,0.9996297359466553,0.5961736440658569,0.34904351830482483,-0.10283856093883514,0.4720989465713501,0.4991527497768402,0.332615464925766,-0.0029082365799695253,0.8571544289588928,0.549517035484314,0.3551782965660095,-0.16501174867153168,0.7188305258750916,0.49286404252052307,0.3678215742111206,-0.04638320207595825,0.8172758221626282,0.5056170225143433,0.5027875304222107,-0.022013740614056587,0.9999691247940063,0.4735574722290039,0.4497314989566803,0.021638475358486176,0.9999432563781738,0.5003795027732849,0.6817432641983032,-0.08921218663454056,0.8809548020362854,0.4253614544868469,0.4370560646057129,0.0651608258485794,0.9023129940032959,0.48411184549331665,0.5764333009719849,0.09218662977218628,0.8161609172821045,0.43862420320510864,0.4486428499221802,0.06505397707223892,0.9069318175315857,0.47064146399497986,0.5669927597045898,0.11664064973592758,0.834297776222229,0.433493047952652,0.4383319914340973,0.051316045224666595,0.9026984572410583
1,0.03333333333333333,0.5557423830032349,0.2591262459754944,-0.1906699240207672,0.9971708655357361,0.5460330247879028,0.38991791009902954,-0.1922617405653,0.9998953342437744,0.5373176336288452,0.27961161732673645,-0.059134341776371,0.9996374845504761,0.49195432662963867,0.42501115798950195,-0.20645049214363098,0.4817258417606354,0.5039274096488953,0.31588104367256165,-0.0678224191069603,0.7778188586235046,0.484572172164917,0.3980984091758728,-0.22617986798286438,0.7159454226493835,0.47687095403671265,0.3098781108856201,-0.1269039809703827,0.7686452865600586,0.5043273568153381,0.5063409209251404,-0.021062886342406273,0.9999600052833557,0.4941466748714447,0.4493183195590973,0.020836997777223587,0.9999380111694336,0.5100083947181702,0.6602436304092407,-0.017998885363340378,0.8127732276916504,0.4648481011390686,0.41768988966941833,0.04437727853655815,0.8147583603858948,0.4934612810611725,0.6509703993797302,0.12932060658931732,0.7473244667053223,0.46416759490966797,0.5070754289627075,0.11821956932544708,0.8190918564796448,0.47526684403419495,0.661300003528595,0.12047437578439713,0.7656521201133728,0.44600504636764526,0.5221419930458069,0.10861565172672272,0.8178113102912903
2,0.06666666666666667,0.5663690567016602,0.25395962595939636,-0.0738367959856987,0.9974030256271362,0.5761082172393799,0.34925904870033264,-0.0687587559223175,0.9999030232429504,0.5287942290306091,0.2620711922645569,-0.015633132308721542,0.9996674060821533,0.5627533197402954,0.4030088186264038,-0.12547223269939423,0.45381084084510803,0.4996204972267151,0.28685376048088074,-0.04766754060983658,0.7131651639938354,0.5413252115249634,0.41235673427581787,-0.22414150834083557,0.6585270762443542,0.48275429010391235,0.3440448045730591,-0.11278975009918213,0.7019299268722534,0.5241061449050903,0.43546074628829956,-0.006532067898660898,0.9999627470970154,0.4914175868034363,0.397102952003479,0.006258636713027954,0.9999423623085022,0.518234372138977,0.558914840221405,-0.08628381788730621,0.7675151824951172,0.463331937789917,0.44943857192993164,-0.07322683185338974,0.7544791102409363,0.49932771921157837,0.686589241027832,-0.05851273611187935,0.7135140299797058,0.47940024733543396,0.5780572891235352,-0.006285758223384619,0.749270498752594,0.4957048296928406,0.7468991875648499,-0.11003933846950531,0.7214089632034302,0.47225984930992126,0.6329248547554016,-0.02413891814649105,0.7469449639320374
3,0.1,0.5563113689422607,0.2697005569934845,-0.10675952583551407,0.9976118206977844,0.5647210478782654,0.3506888747215271,-0.1078811064362526,0.9999070763587952,0.5209627747535706,0.271441251039505,-0.04979654401540756,0.9996950626373291,0.5324301719665527,0.43326762318611145,-0.15745265781879425,0.43443790078163147,0.4854327142238617,0.3028937876224518,-0.049823664128780365,0.660085141658783,0.5025357604026794,0.4397568106651306,-0.23137757182121277,0.6172983050346375,0.46591854095458984,0.3576132357120514,-0.1265629678964615,0.6533923745155334,0.5227597951889038,0.43868789076805115,-0.007360860705375671,0.9999646544456482,0.4890498220920563,0.3961179852485657,0.007074202410876751,0.9999459981918335,0.5197255611419678,0.5510790944099426,-0.11751419305801392,0.7381446957588196,0.4740200638771057,0.44975823163986206,-0.08688554912805557,0.7015167474746704,0.5027509927749634,0.68297278881073,-0.07264658808708191,0.6907673478126526,0.4947546422481537,0.5854098200798035,-0.0028472933918237686,0.6893230080604553,0.49906349182128906,0.7529367208480835,-0.1210692971944809,0.6938563585281372,0.48686710000038147,0.6411334276199341,-0.02382705919444561,0.6875208020210266
5,0.16666666666666666,0.6120339632034302,0.25345170497894287,-0.04898275062441826,0.9974057078361511,0.5789904594421387,0.31298568844795227,-0.00108140183147043,0.9998436570167542,0.5762526988983154,0.2678828239440918,-0.008884570561349392,0.9995334148406982,0.5469963550567627,0.37393760681152344,-0.017642995342612267,0.43985608220100403,0.5317413210868835,0.30955037474632263,-0.04020066559314728,0.6097506284713745,0.5327094793319702,0.39796096086502075,-0.09021297097206116,0.6075226068496704,0.5215334296226501,0.3577769100666046,-0.11097784340381622,0.6175783276557922,0.47377705574035645,0.31458258628845215,0.008766492828726768,0.9997502565383911,0.4731373190879822,0.27057012915611267,-0.008854555897414684,0.9996358752250671,0.3966188430786133,0.3437514901161194,0.003813361283391714,0.6924911737442017,0.40145182609558105,0.30559849739074707,-0.038301702588796616,0.6492692828178406,0.32797420024871826,0.3391892611980438,0.060503531247377396,0.6568650007247925,0.3321765065193176,0.3076348900794983,0.029963025823235512,0.6333797574043274,0.31025224924087524,0.3303214907646179,-0.008110152557492256,0.657742977142334,0.31075066328048706,0.3106512427330017,-0.022333666682243347,0.63346928358078
6,0.2,0.6081472635269165,0.2532624304294586,-0.033297207206487656,0.996955394744873,0.5802735090255737,0.3484463095664978,-0.007322987075895071,0.9998211860656738,0.5757321119308472,0.2675327956676483,0.043554775416851044,0.999445915222168,0.5313528776168823,0.3803401589393616,-0.033987242728471756,0.42770084738731384,0.5192506909370422,0.3050391376018524,0.026656946167349815,0.5543850660324097,0.512065052986145,0.3577612042427063,-0.09031979739665985,0.5711190104484558,0.5101239085197449,0.3202158510684967,-0.0490129292011261,0.5710191130638123,0.47748619318008423,0.33086222410202026,-0.009696245193481445,0.9995781779289246,0.4770132601261139,0.2763518691062927,0.009588135406374931,0.9994364976882935,0.4072980284690857,0.3486343026161194,-0.005515246652066708,0.6400992274284363,0.40740203857421875,0.29755881428718567,-0.0036542261950671673,0.597479522228241,0.33150216937065125,0.35133153200149536,0.04701680317521095,0.6204262375831604,0.33409684896469116,0.3080666661262512,0.04494533687829971,0.5880246162414551,0.3103375732898712,0.33341726660728455,-0.024589328095316887,0.6236942410469055,0.3117765784263611,0.3026443123817444,-0.011614510789513588,0.5934728384017944
7,0.23333333333333334,0.6079041957855225,0.25359171628952026,0.05309062451124191,0.9958763718605042,0.5789893269538879,0.2592622935771942,-0.006407137028872967,0.9996979236602783,0.5756438970565796,0.3398556709289551,0.04033839702606201,0.999354898929596,0.5333489179611206,0.26400262117385864,0.009344617836177349,0.3866187632083893,0.5428583025932312,0.40619027614593506,0.024029839783906937,0.5016173720359802,0.5017492175102234,0.25937891006469727,0.07367600500583649,0.5146222114562988,0.5208085179328918,0.45659545063972473,0.0014240136370062828,0.5223624110221863,0.4772648811340332,0.29018262028694153,-0.016101837158203125,0.9995050430297852,0.4767637848854065,0.3322480022907257,0.015812980011105537,0.9993997812271118,0.4052979350090027,0.27809616923332214,-0.028398748487234116,0.5778694152832031,0.4101911187171936,0.33534976840019226,0.0355631485581398,0.5383018255233765,0.34660574793815613,0.27362239360809326,-0.14942026138305664,0.5628743767738342,0.3580879271030426,0.33107322454452515,-0.054423123598098755,0.5305779576301575,0.33052998781204224,0.23837263882160187,-0.19033774733543396,0.565582275390625,0.340259850025177,0.31613418459892273,-0.07705800235271454,0.5356414914131165
8,0.26666666666666666,0.6112864017486572,0.2638148069381714,0.04906129091978073,0.989515483379364,0.5743289589881897,0.2536555230617523,0.017548058182001114,0.9992983937263489,0.5756421685218811,0.35378119349479675,-0.030179578810930252,0.9991940259933472,0.5199417471885681,0.2595024108886719,0.04808370769023895,0.34867730736732483,0.5405184626579285,0.4049672484397888,-0.03680180758237839,0.4551711976528168,0.48832473158836365,0.27359673380851746,0.09008793532848358,0.46327248215675354,0.516320526599884,0.4170900583267212,-0.01795615442097187,0.47383439540863037,0.46812090277671814,0.2836906313896179,0.012755559757351875,0.9993780851364136,0.47354310750961304,0.3394033908843994,-0.01299432385712862,0.9993511438369751,0.40498536825180054,0.2752895951271057,0.053856901824474335,0.5233808159828186,0.4079410433769226,0.3527992069721222,0.025610510259866714,0.49096643924713135,0.34354445338249207,0.25844070315361023,-0.024167124181985855,0.5134201645851135,0.35254135727882385,0.33518069982528687,-0.035541534423828125,0.48890912532806396,0.32852888107299805,0.22448083758354187,-0.04225960746407509,0.5122533440589905,0.33056601881980896,0.32694005966186523,-0.05305224657058716,0.48650676012039185
9,0.3,0.6112416386604309,0.2638237774372101,0.03562784194946289,0.9901591539382935,0.5730799436569214,0.2551347613334656,0.01288911234587431,0.9992949962615967,0.5751739144325256,0.35068508982658386,-0.017801949754357338,0.9992194771766663,0.51588374376297,0.2620503008365631,0.03454303368926048,0.3163602352142334,0.5353990197181702,0.394408643245697,-0.032410167157649994,0.4124356508255005,0.48509377241134644,0.2725561559200287,0.07157066464424133,0.41756197810173035,0.4999898374080658,0.39953672885894775,-0.030010735616087914,0.43195727467536926,0.4639464020729065,0.28089481592178345,0.010995939373970032,0.9993565678596497,0.47113093733787537,0.34017103910446167,-0.011195982806384563,0.9993616342544556,0.4011215567588806,0.28011974692344666,0.03563595563173294,0.476754754781723,0.4060055613517761,0.356276273727417,0.015400910750031471,0.4508664906024933,0.3451119065284729,0.25926315784454346,-0.04160844534635544,0.47447121143341064,0.3486696183681488,0.33534255623817444,-0.07530657202005386,0.4565393626689911,0.33093488216400146,0.21484124660491943,-0.0718110054731369,0.47003865242004395,0.33172470331192017,0.32396021485328674,-0.10502302646636963,0.4489585757255554
10,0.3333333333333333,0.6141098737716675,0.266868531703949,-0.0042579020373523235,0.990883469581604,0.5789085626602173,0.3283429741859436,0.027676722034811974,0.9993367195129395,0.576032817363739,0.298080176115036,-0.015978017821907997,0.9992493987083435,0.5227258801460266,0.371299147605896,0.039478566497564316,0.2970464825630188,0.5331503748893738,0.32200807332992554,-0.03938889876008034,0.38679710030555725,0.4895099997520447,0.38194385170936584,0.02083383873105049,0.38445088267326355,0.4993324279785156,0.3521556556224823,-0.0721316784620285,0.4149191081523895,0.4737430512905121,0.3219231367111206,0.012581875547766685,0.9992896914482117,0.4732378125190735,0.31780561804771423,-0.01269555278122425,0.9993205070495605,0.44137805700302124,0.359011709690094,0.028250908479094505,0.44984790682792664,0.43138426542282104,0.3312450051307678,-0.06457136571407318,0.447115033864975,0.3787139058113098,0.33524617552757263,-0.01333448477089405,0.4766619801521301,0.3563630282878876,0.3325161933898926,-0.07545014470815659,0.458275705575943,0.36135607957839966,0.31984803080558777,-0.06830724328756332,0.47645458579063416,0.33571913838386536,0.32260751724243164,-0.12193465232849121,0.45654305815696716
11,0.36666666666666664,0.5593875646591187,0.3744245171546936,0.16786102950572968,0.9904558062553406,0.5526581406593323,0.3204650580883026,0.18596243858337402,0.9993841052055359,0.5665743947029114,0.33478185534477234,0.07061217725276947,0.9993169903755188,0.4956769049167633,0.36432698369026184,0.15648145973682404,0.2676999568939209,0.5250827074050903,0.34345388412475586,-0.016949228942394257,0.36911138892173767,0.4667108952999115,0.37138959765434265,0.10331039130687714,0.34805724024772644,0.4921697974205017,0.3923315405845642,-0.04842962324619293,0.4016133248806,0.4737791419029236,0.3270590603351593,0.03611931949853897,0.9993301033973694,0.48123931884765625,0.33729103207588196,-0.03647274523973465,0.9993740916252136,0.4526130259037018,0.3509189784526825,0.10118472576141357,0.40810516476631165,0.4658082127571106,0.39407771825790405,-0.05121079087257385,0.47300735116004944,0.44373399019241333,0.3738749921321869,0.051127273589372635,0.431318461894989,0.4188249707221985,0.4055657684803009,-0.19351880252361298,0.4587133824825287,0.4499340057373047,0.39456796646118164,0.05485659837722778,0.4327017068862915,0.4167272448539734,0.4313805401325226,-0.2214459478855133,0.45074719190597534
12,0.4,0.5188866853713989,0.3247232735157013,-0.3184228539466858,0.991227388381958,0.5415550470352173,0.3495859205722809,-0.21511223912239075,0.9994299411773682,0.486665815114975,0.3182859718799591,-0.2248213291168213,0.9993724226951599,0.5416475534439087,0.3599230945110321,-0.13047049939632416,0.252947598695755,0.44375333189964294,0.3009894788265228,-0.2254343032836914,0.4166432023048401,0.5368285179138184,0.37305140495300293,-0.08501496911048889,0.3615104556083679,0.4458751082420349,0.3884229362010956,-0.29847508668899536,0.4598434567451477,0.5140320658683777,0.35715776681900024,0.015757648274302483,0.999369204044342,0.4928365647792816,0.3247215151786804,-0.015859555453062057,0.9994232058525085,0.4909817576408386,0.44191962480545044,0.06259021162986755,0.3714301884174347,0.46472692489624023,0.35507115721702576,-0.014914074912667274,0.44319018721580505,0.48092859983444214,0.5299513339996338,0.08117716759443283,0.3996855616569519,0.4916667342185974,0.39031216502189636,-0.01788775995373726,0.4254164397716522,0.48970264196395874,0.5629763007164001,0.06772742420434952,0.4091726243495941,0.5084214210510254,0.4101472496986389,-0.0353441946208477,0.42214179039001465
13,0.43333333333333335,0.5094501376152039,0.3155497908592224,-0.303469717502594,0.9914152026176453,0.5484927296638489,0.40277743339538574,-0.23937153816223145,0.999477207660675,0.48973995447158813,0.31706511974334717,-0.22148144245147705,0.999431848526001,0.5611249804496765,0.37790706753730774,-0.1322450488805771,0.2308305948972702,0.44137042760849,0.28460466861724854,-0.1877032071352005,0.45967161655426025,0.5276917219161987,0.37664857506752014,-0.06379558145999908,0.34000611305236816,0.44380155205726624,0.38072094321250916,-0.23870301246643066,0.5125754475593567,0.5207930207252502,0.4051493704319,0.0012085124617442489,0.999423086643219,0.49849310517311096,0.34110522270202637,-0.0013524701353162527,0.9994779825210571,0.48913463950157166,0.4632244408130646,0.16302242875099182,0.33478406071662903,0.4707379937171936,0.35385483503341675,0.19142334163188934,0.3998227119445801,0.4738400876522064,0.5384648442268372,0.32613059878349304,0.3635108768939972,0.48729315400123596,0.37438443303108215,0.38028666377067566,0.38423246145248413,0.4731765687465668,0.548663318157196,0.3067607581615448,0.37601932883262634,0.48963266611099243,0.4041811227798462,0.3807889521121979,0.38274502754211426
14,0.4666666666666667,0.5046263933181763,0.31467893719673157,-0.3029780685901642,0.992266058921814,0.5520180463790894,0.3945520222187042,-0.23311059176921844,0.9995290040969849,0.490793377161026,0.30736300349235535,-0.211690753698349,0.9994871616363525,0.5326433777809143,0.4551875591278076,-0.14354780316352844,0.2792842984199524,0.44708070158958435,0.2783423364162445,-0.15166251361370087,0.5059705972671509,0.4733401834964752,0.49916911125183105,-0.10518115758895874,0.4001060426235199,0.44484853744506836,0.37034857273101807,-0.16395975649356842,0.5608673691749573,0.5262739658355713,0.4111739993095398,-0.009068973362445831,0.9994708895683289,0.49441879987716675,0.3532060980796814,0.008902975358068943,0.9995235800743103,0.5215444564819336,0.5286686420440674,-0.012527063488960266,0.3522287905216217,0.47591060400009155,0.3640880882740021,0.11218877881765366,0.37772291898727417,0.5034731030464172,0.6654813289642334,-0.020677268505096436,0.4075591266155243,0.4821617603302002,0.37508147954940796,0.2583696246147156,0.3585147559642792,0.501599907875061,0.6787513494491577,-0.05816451832652092,0.4295707643032074,0.4839444160461426,0.3811105489730835,0.28263455629348755,0.3681015074253082
15,0.5,0.5113896131515503,0.30800706148147583,-0.3376978635787964,0.9929491877555847,0.5478944778442383,0.3840489983558655,-0.23075704276561737,0.9995707869529724,0.48854368925094604,0.3056187629699707,-0.21368713676929474,0.9995352029800415,0.5283637046813965,0.43231910467147827,-0.1211109608411789,0.26091378927230835,0.4468262195587158,0.2815985679626465,-0.16273342072963715,0.5394597053527832,0.4862975478172302,0.44678807258605957,-0.0634842962026596,0.38223275542259216,0.4445381760597229,0.3664295971393585,-0.18861114978790283,0.6028435826301575,0.523489773273468,0.40150970220565796,-0.01196728739887476,0.9994922876358032,0.4966956675052643,0.35297906398773193,0.011828621849417686,0.999560534954071,0.5176297426223755,0.5147032737731934,-0.02040526457130909,0.3445536494255066,0.48599642515182495,0.3551955819129944,0.11596643924713135,0.3574000895023346,0.5044490098953247,0.6504933834075928,0.0029467474669218063,0.43405681848526,0.46818313002586365,0.317425400018692,0.23053273558616638,0.36247894167900085,0.5069046020507812,0.6660270094871521,-0.03702559694647789,0.4665050208568573,0.4687730669975281,0.2850797176361084,0.2249538153409958,0.37852004170417786
16,0.5333333333333333,0.5101490020751953,0.30639681220054626,-0.3181504011154175,0.9936392903327942,0.5513520240783691,0.32272493839263916,-0.2167937010526657,0.9996123313903809,0.48208117485046387,0.29679611325263977,-0.19915279746055603,0.9995694160461426,0.5663138628005981,0.38882163166999817,-0.14476624131202698,0.29548758268356323,0.4403204321861267,0.2744216322898865,-0.18566526472568512,0.5747358798980713,0.522973895072937,0.37927016615867615,-0.1174936443567276,0.4186622202396393,0.44772228598594666,0.35982152819633484,-0.24432608485221863,0.6407474279403687,0.5187001824378967,0.3652535676956177,-0.006839630659669638,0.9994688630104065,0.4899684488773346,0.3465074896812439,0.0067441463470458984,0.9995460510253906,0.5156574249267578,0.48043790459632874,-0.05524371936917305,0.31868961453437805,0.4797801971435547,0.3988026976585388,-0.015306484885513783,0.3536081910133362,0.4906923770904541,0.6332460641860962,-0.07317598164081573,0.43642696738243103,0.47564011812210083,0.516167938709259,0.03939199447631836,0.3791908919811249,0.5033121109008789,0.6690781116485596,-0.13558878004550934,0.4889099895954132,0.48364853858947754,0.5588980913162231,2.25611529458547e-05,0.40232712030410767
17,0.5666666666666667,0.5064994096755981,0.30444344878196716,-0.22743573784828186,0.9942575693130493,0.5534225702285767,0.32107067108154297,-0.16018813848495483,0.9996506571769714,0.48619985580444336,0.2919606566429138,-0.154286727309227,0.9996111392974854,0.5676749348640442,0.36975687742233276,-0.1051272600889206,0.32737410068511963,0.44162148237228394,0.2684747576713562,-0.15334555506706238,0.6112514138221741,0.5269566774368286,0.35785484313964844,-0.07811278849840164,0.4395354092121124,0.44866442680358887,0.35255879163742065,-0.1896420270204544,0.6757414937019348,0.5234037637710571,0.3636942207813263,-0.003746072296053171,0.9995127320289612,0.4907922148704529,0.3403669595718384,0.00365931773558259,0.9995861053466797,0.5266631841659546,0.5034264326095581,-0.07023543119430542,0.30994704365730286,0.48911333084106445,0.44880974292755127,-0.032265737652778625,0.40011632442474365,0.5043590068817139,0.6608800888061523,-0.1261412650346756,0.449563592672348,0.4936660826206207,0.6060197949409485,-0.02568012848496437,0.42882657051086426,0.5093175172805786,0.6861218810081482,-0.1829642951488495,0.5203982591629028,0.5110734701156616,0.663036584854126,-0.06140438839793205,0.45322734117507935
18,0.6,0.5088552236557007,0.2974034249782562,-0.22021794319152832,0.9946638345718384,0.5546333193778992,0.3124895393848419,-0.1824340522289276,0.9996838569641113,0.48681145906448364,0.28409942984580994,-0.145522341132164,0.9996355772018433,0.5678410530090332,0.3627883195877075,-0.15352468192577362,0.3550513982772827,0.44317060708999634,0.2659642696380615,-0.1436210572719574,0.6329904794692993,0.5299540758132935,0.35891905426979065,-0.17032994329929352,0.48402318358421326,0.45326048135757446,0.34647610783576965,-0.21469947695732117,0.705315887928009,0.5168019533157349,0.36073848605155945,-0.002435751026496291,0.9995273351669312,0.4767530858516693,0.33567923307418823,0.0023211520165205,0.9996030926704407,0.5098720192909241,0.4741021990776062,-0.028277620673179626,0.287337988615036,0.483722448348999,0.3805865943431854,-0.0015412322245538235,0.38256722688674927,0.48495373129844666,0.5855885148048401,-0.041307080537080765,0.41893529891967773,0.47488078474998474,0.5112560391426086,0.0035343158524483442,0.40045544505119324,0.4969541132450104,0.6136609315872192,-0.0969834178686142,0.5007444024085999,0.4800010323524475,0.4999094307422638,-0.016786668449640274,0.4278431832790375
19,0.6333333333333333,0.5118265151977539,0.289617657661438,-0.22967764735221863,0.9951871037483215,0.5537502765655518,0.2902376353740692,-0.17777808010578156,0.9997148513793945,0.4860253930091858,0.2787582278251648,-0.15501178801059723,0.9996556043624878,0.5682375431060791,0.3551958501338959,-0.18907275795936584,0.4091350734233856,0.44489437341690063,0.26681020855903625,-0.17325571179389954,0.6634727120399475,0.5292528867721558,0.35615211725234985,-0.27259713411331177,0.5337965488433838,0.45609474182128906,0.3460991084575653,-0.25661036372184753,0.7339920401573181,0.48784905672073364,0.34157711267471313,0.0027424879372119904,0.9995589852333069,0.4623478055000305,0.31899601221084595,-0.00290219159796834,0.9996240735054016,0.5023111701011658,0.43683722615242004,0.041489992290735245,0.29120516777038574,0.47873663902282715,0.30054953694343567,0.028404008597135544,0.4071348309516907,0.47291094064712524,0.45622947812080383,0.12018734216690063,0.40141546726226807,0.4590227007865906,0.36692357063293457,0.13275982439517975,0.3856055736541748,0.47814780473709106,0.47239023447036743,0.11817795038223267,0.4863269627094269,0.46367210149765015,0.40214458107948303,0.14640511572360992,0.4119642376899719
20,0.6666666666666666,0.5059888958930969,0.2842377722263336,-0.3078981339931488,0.9956480264663696,0.5538303256034851,0.28366929292678833,-0.22605958580970764,0.9997420310974121,0.4774549603462219,0.27064427733421326,-0.18520762026309967,0.999660074710846,0.574203372001648,0.351600706577301,-0.19824299216270447,0.463503897190094,0.4454066753387451,0.26854366064071655,-0.18096297979354858,0.6924282908439636,0.5280013084411621,0.35565418004989624,-0.22137267887592316,0.5794978737831116,0.4573703408241272,0.3463701009750366,-0.2528436779975891,0.7602328658103943,0.4953925609588623,0.3358681797981262,0.0001677310501690954,0.9995946288108826,0.4677199721336365,0.3085584342479706,-0.00029849010752514005,0.9996501803398132,0.4993380606174469,0.44474664330482483,-0.01201067864894867,0.31596648693084717,0.4729134142398834,0.2944703996181488,0.008231814019382,0.43246227502822876,0.4688642919063568,0.48748159408569336,0.08715184777975082,0.41664648056030273,0.4573693871498108,0.3646877706050873,0.1296808272600174,0.3876120448112488,0.4634823799133301,0.5040320754051208,0.06615198403596878,0.5041409730911255,0.457009881734848,0.4017286002635956,0.12626329064369202,0.416759729385376
21,0.7,0.5051977634429932,0.2832501530647278,-0.3077850937843323,0.9960827231407166,0.5537956953048706,0.29104283452033997,-0.21308472752571106,0.999767541885376,0.479229211807251,0.2691609561443329,-0.18159525096416473,0.9996894598007202,0.5698673725128174,0.35016965866088867,-0.24024192988872528,0.5140393972396851,0.44522714614868164,0.27088087797164917,-0.21110861003398895,0.7195220589637756,0.5256475210189819,0.35425880551338196,-0.33892521262168884,0.6206256151199341,0.4574717879295349,0.3468725085258484,-0.3237425982952118,0.7837879061698914,0.4934317171573639,0.33718881011009216,0.001394515740685165,0.9996229410171509,0.4665505290031433,0.31150373816490173,-0.0015092047397047281,0.9996718168258667,0.5046952366828918,0.4820008873939514,-0.029003020375967026,0.34537333250045776,0.4744321405887604,0.42113736271858215,-0.01973680779337883,0.4792429804801941,0.4899081587791443,0.6141728758811951,-0.0343683585524559,0.4534112811088562,0.4764687120914459,0.5138647556304932,0.040251314640045166,0.43242374062538147,0.503616213798523,0.6798318028450012,-0.08550208806991577,0.5420446991920471,0.47220396995544434,0.5881392955780029,0.016396990045905113,0.45985478162765503
22,0.7333333333333333,0.5063073635101318,0.2817699909210205,-0.3200775980949402,0.9964699745178223,0.5529432892799377,0.2791529893875122,-0.23227843642234802,0.9997904300689697,0.4764346182346344,0.2640188932418823,-0.2076030671596527,0.9997084140777588,0.5724470019340515,0.34865516424179077,-0.24525341391563416,0.5595415234565735,0.44520702958106995,0.2687534689903259,-0.23133881390094757,0.7427491545677185,0.5245916843414307,0.35585835576057434,-0.31786489486694336,0.6573379635810852,0.4580613672733307,0.34569603204727173,-0.31412675976753235,0.8043884634971619,0.49457669258117676,0.3289244472980499,0.003989026881754398,0.9996350407600403,0.46349698305130005,0.2999780774116516,-0.004059570841491222,0.9996678233146667,0.5030028223991394,0.46492835879325867,-0.017930544912815094,0.3317677974700928,0.4580043852329254,0.3997993767261505,-0.027137497439980507,0.4750233292579651,0.465526819229126,0.524070143699646,0.055217087268829346,0.42790427803993225,0.4237871766090393,0.49625858664512634,0.05218324810266495,0.4115464687347412,0.45767340064048767,0.5618463158607483,0.022788668051362038,0.5196055769920349,0.41946524381637573,0.5456975102424622,0.03468601405620575,0.440889835357666
23,0.7666666666666667,0.5049251914024353,0.2782639265060425,-0.3306669592857361,0.9968137145042419,0.5530962944030762,0.2853533625602722,-0.2461889088153839,0.9998106360435486,0.4791371822357178,0.2661716043949127,-0.19907213747501373,0.9997320175170898,0.572912871837616,0.34556612372398376,-0.22008197009563446,0.595952033996582,0.4467037618160248,0.2710162401199341,-0.20057594776153564,0.7644321918487549,0.5237290859222412,0.3582007884979248,-0.2596486210823059,0.690339982509613,0.45873743295669556,0.35080793499946594,-0.2908620238304138,0.8237389922142029,0.5082945823669434,0.3326089084148407,-0.008406518958508968,0.9996539950370789,0.4743340015411377,0.30409765243530273,0.008306486532092094,0.9996851086616516,0.5118661522865295,0.4626593589782715,-0.04113151133060455,0.3341948688030243,0.45737919211387634,0.3620970845222473,-0.022891312837600708,0.47277510166168213,0.4947313368320465,0.6074498295783997,-0.030582353472709656,0.4544461965560913,0.42492789030075073,0.4910913109779358,0.09064846485853195,0.4035683572292328,0.49854153394699097,0.6487579345703125,-0.08401753008365631,0.5462698340415955,0.4329519271850586,0.5172399878501892,0.07516041398048401,0.43365252017974854
24,0.8,0.5030313730239868,0.27719447016716003,-0.3402227461338043,0.9971312880516052,0.5520445704460144,0.29130613803863525,-0.24712832272052765,0.9998291730880737,0.47807806730270386,0.26787278056144714,-0.203327015042305,0.9997549057006836,0.5741585493087769,0.343476802110672,-0.1924566775560379,0.6349266767501831,0.4453292489051819,0.2738489806652069,-0.1937127560377121,0.7870005965232849,0.5250120162963867,0.35832884907722473,-0.20570215582847595,0.721193253993988,0.45895323157310486,0.35705482959747314,-0.2770459055900574,0.8413226008415222,0.5151005983352661,0.33922266960144043,-0.011293330229818821,0.9996766448020935,0.4807594418525696,0.30636101961135864,0.011195803992450237,0.9997033476829529,0.5115507245063782,0.4694264233112335,-0.049865178763866425,0.3784056007862091,0.45718684792518616,0.3014857769012451,-0.01784801110625267,0.49476003646850586,0.501963198184967,0.6537055373191833,-0.04768829792737961,0.4983716905117035,0.43516483902931213,0.3621712625026703,0.07605594396591187,0.4221958816051483,0.5114606618881226,0.6829859614372253,-0.09130683541297913,0.5852184891700745,0.4349554479122162,0.3632950186729431,0.07390403002500534,0.4572393298149109
25,0.8333333333333334,0.5017915368080139,0.27718549966812134,-0.35641831159591675,0.9974175691604614,0.5508451461791992,0.29386433959007263,-0.2338213175535202,0.9998459219932556,0.47555017471313477,0.2694912552833557,-0.202046200633049,0.9997739791870117,0.5724068880081177,0.3429655432701111,-0.15316428244113922,0.6684095859527588,0.4464747905731201,0.284045547246933,-0.15967538952827454,0.8053759336471558,0.5284942388534546,0.3716312050819397,-0.14031578600406647,0.748787522315979,0.46194761991500854,0.36175239086151123,-0.19342848658561707,0.856959342956543,0.520359456539154,0.33502301573753357,-0.009414402768015862,0.9997014403343201,0.4811980724334717,0.3079889416694641,0.009344996884465218,0.9997243881225586,0.5194316506385803,0.4706484377384186,-0.041227467358112335,0.3844856023788452,0.46957430243492126,0.39527809619903564,-0.007314449641853571,0.5128302574157715,0.49985140562057495,0.6168195605278015,-0.04318397492170334,0.5280216336250305,0.47309646010398865,0.4976141154766083,0.07344739884138107,0.44557857513427734,0.5045095086097717,0.6596139073371887,-0.10451017320156097,0.6134485006332397,0.4753934442996979,0.5392927527427673,0.049103666096925735,0.4823780655860901
26,0.8666666666666667,0.5008524656295776,0.27564647793769836,-0.3604787588119507,0.9976755380630493,0.5506656765937805,0.2953086495399475,-0.23744508624076843,0.9998612403869629,0.4762799143791199,0.2723938524723053,-0.21422302722930908,0.9997949004173279,0.5734990835189819,0.34026625752449036,-0.1324755847454071,0.7012967467308044,0.44634002447128296,0.2951827645301819,-0.14357227087020874,0.822899341583252,0.5334600210189819,0.38267889618873596,-0.06557365506887436,0.7735431790351868,0.4633377492427826,0.3686455488204956,-0.14705102145671844,0.8709000945091248,0.5209585428237915,0.339708149433136,-0.0068949805572628975,0.9997254610061646,0.4809718132019043,0.31714680790901184,0.0067759789526462555,0.9997467994689941,0.5175889134407043,0.48896369338035583,-0.03600355237722397,0.3998771011829376,0.47706061601638794,0.4644710123538971,-0.00436850730329752,0.5477282404899597,0.5036188960075378,0.6442602276802063,-0.039885878562927246,0.5653946995735168,0.4775843024253845,0.5884423851966858,0.05427594855427742,0.49411189556121826,0.5079654455184937,0.6801095008850098,-0.1074962243437767,0.6455317139625549,0.47922277450561523,0.6364228129386902,0.015379334799945354,0.5278031229972839
27,0.9,0.5014927983283997,0.2759689688682556,-0.36959755420684814,0.9979076981544495,0.5485585927963257,0.2972591817378998,-0.24928760528564453,0.999875009059906,0.4762524962425232,0.27268552780151367,-0.22484183311462402,0.9998134970664978,0.5737125873565674,0.341434508562088,-0.13879457116127014,0.7309170961380005,0.44570428133010864,0.2979201078414917,-0.152043879032135,0.8391356468200684,0.5330214500427246,0.38684552907943726,-0.0743636041879654,0.7959951758384705,0.4641822874546051,0.36974164843559265,-0.1750486046075821,0.8836379647254944,0.519513726234436,0.3428340554237366,-0.006284786853939295,0.999736487865448,0.4808503985404968,0.31857359409332275,0.0061736078932881355,0.9997552037239075,0.5143752694129944,0.49594587087631226,-0.03851946070790291,0.41928815841674805,0.47735872864723206,0.44415032863616943,-0.006677323020994663,0.5704054236412048,0.5058623552322388,0.6733957529067993,-0.05854840204119682,0.598122775554657,0.4711013734340668,0.555014431476593,0.0366254523396492,0.5303142070770264,0.5098803639411926,0.7000324130058289,-0.12945567071437836,0.674411952495575,0.469937264919281,0.5886040925979614,-0.0011472406331449747,0.5640044808387756
28,0.9333333333333333,0.5007756948471069,0.2755277752876282,-0.3811313509941101,0.9981166124343872,0.5480250120162964,0.2979048788547516,-0.2545713484287262,0.999887228012085,0.47268199920654297,0.27700477838516235,-0.22608163952827454,0.9998286366462708,0.5739246606826782,0.3392277956008911,-0.14062118530273438,0.7566046118736267,0.44664543867111206,0.3080858886241913,-0.15133655071258545,0.8483214974403381,0.5384021997451782,0.3892480731010437,-0.06508505344390869,0.81573885679245,0.4651867747306824,0.3794909119606018,-0.14627718925476074,0.8944080471992493,0.5247358083724976,0.34388986229896545,-0.0063247717916965485,0.9997584223747253,0.48840370774269104,0.32051676511764526,0.006187577731907368,0.9997751116752625,0.5160335302352905,0.5002772808074951,-0.037460822612047195,0.44184568524360657,0.4884101450443268,0.4327864646911621,0.004729297943413258,0.5836412906646729,0.5064330697059631,0.6691502332687378,-0.04675428569316864,0.6304405331611633,0.48247474431991577,0.5336529612541199,0.06624148786067963,0.5550815463066101,0.4980434477329254,0.6902788281440735,-0.11312983185052872,0.7016049027442932,0.4772365987300873,0.57477205991745,0.04137137532234192,0.59140545129776
29,0.9666666666666667,0.5013177394866943,0.2749333381652832,-0.37322744727134705,0.9983029961585999,0.5465535521507263,0.29634684324264526,-0.24810591340065002,0.9998981356620789,0.46960872411727905,0.2911370098590851,-0.22291600704193115,0.9998417496681213,0.5741650462150574,0.332011342048645,-0.1568513810634613,0.7761467695236206,0.44693565368652344,0.32201263308525085,-0.15474513173103333,0.8503729701042175,0.5458908677101135,0.3979860544204712,-0.09899948537349701,0.8317010402679443,0.4660482406616211,0.39095911383628845,-0.1649785339832306,0.9031924605369568,0.5236234068870544,0.3361625373363495,-0.005731347016990185,0.9997780323028564,0.4874900281429291,0.3226163387298584,0.005598169285804033,0.9997943043708801,0.5297342538833618,0.49532461166381836,-0.03900875896215439,0.41306349635124207,0.4857780933380127,0.45815661549568176,-0.0020509674213826656,0.5779737830162048,0.5076043605804443,0.6454120874404907,-0.04055408388376236,0.6209883093833923,0.48442935943603516,0.5896780490875244,0.04663541167974472,0.5609233975410461,0.5075019598007202,0.6849314570426941,-0.10955975204706192,0.6996399760246277,0.48467501997947693,0.651068389415741,0.00476696714758873,0.5966052412986755
30,1.0,0.5015307664871216,0.27459391951560974,-0.3839346766471863,0.9984692931175232,0.545686662197113,0.2943958342075348,-0.255186527967453,0.9999076128005981,0.4697973132133484,0.29506075382232666,-0.22934691607952118,0.9998529553413391,0.5750289559364319,0.3254654109477997,-0.18266050517559052,0.7840175032615662,0.44793182611465454,0.33157435059547424,-0.15759862959384918,0.8381348252296448,0.552153468132019,0.3998076617717743,-0.16691897809505463,0.8401373028755188,0.46623745560646057,0.39498472213745117,-0.16405121982097626,0.9081427454948425,0.524635910987854,0.3335167467594147,-0.005421529524028301,0.999792754650116,0.4931039810180664,0.32361501455307007,0.005272500216960907,0.9998102784156799,0.5327025651931763,0.48349031805992126,-0.04349980503320694,0.3769652843475342,0.4952993392944336,0.45636993646621704,-0.0035690919030457735,0.5394169092178345,0.5133452415466309,0.6381163001060486,-0.040975768119096756,0.5861149430274963,0.49406224489212036,0.5891805291175842,0.03935561701655388,0.5345531702041626,0.5177661180496216,0.6790691018104553,-0.1138768419623375,0.6720074415206909,0.49803081154823303,0.6471396684646606,-0.007545194588601589,0.5717536211013794
31,1.0333333333333334,0.5015308260917664,0.2739501893520355,-0.39612877368927,0.9986221194267273,0.5443516373634338,0.2936052083969116,-0.267495334148407,0.999916672706604,0.46780115365982056,0.29504817724227905,-0.2387165129184723,0.9998640418052673,0.5792728066444397,0.31488269567489624,-0.19389063119888306,0.8036023378372192,0.4488500654697418,0.33148425817489624,-0.160511776804924,0.8481149077415466,0.5608534812927246,0.39738693833351135,-0.18408417701721191,0.8558179140090942,0.46633124351501465,0.395266056060791,-0.1524435132741928,0.9166276454925537,0.524776816368103,0.33104217052459717,-0.005581787787377834,0.9998073577880859,0.4928039610385895,0.323056697845459,0.005412144120782614,0.9998237490653992,0.525977611541748,0.5008479356765747,-0.05037409067153931,0.36575043201446533,0.48902902007102966,0.44276806712150574,0.0024120656307786703,0.5369702577590942,0.5179392099380493,0.6748391389846802,-0.054327767342329025,0.5791003108024597,0.4852801263332367,0.5657280683517456,0.042321257293224335,0.5290400385856628,0.5114210844039917,0.7013120651245117,-0.13094869256019592,0.6758416295051575,0.4892638623714447,0.619372546672821,-0.0013622873229905963,0.5701915621757507
32,1.0666666666666667,0.5016217231750488,0.27202174067497253,-0.40447038412094116,0.9987594485282898,0.5383298993110657,0.288687527179718,-0.26327651739120483,0.9999244809150696,0.46831971406936646,0.30067384243011475,-0.23912140727043152,0.9998617768287659,0.5806378126144409,0.30064690113067627,-0.19126342236995697,0.8201343417167664,0.4594627022743225,0.33903124928474426,-0.16565248370170593,0.8340726494789124,0.5659235715866089,0.3885821998119354,-0.18070855736732483,0.8696324825286865,0.46986478567123413,0.39200133085250854,-0.14469364285469055,0.9158030152320862,0.524692714214325,0.33216938376426697,-0.005039234180003405,0.9998145699501038,0.48947691917419434,0.32904335856437683,0.004845098592340946,0.9998255372047424,0.5274026393890381,0.4942705035209656,-0.04521411657333374,0.35383060574531555,0.4945248067378998,0.44507908821105957,0.001627412624657154,0.5319672226905823,0.5175228118896484,0.677837610244751,-0.05113421753048897,0.5879016518592834,0.48830288648605347,0.5782528519630432,0.04668935760855675,0.5361933708190918,0.5087413191795349,0.7080979943275452,-0.13722075521945953,0.6831477284431458,0.4876778721809387,0.6311378479003906,0.007816932164132595,0.5736273527145386
33,1.1,0.5015194416046143,0.27158498764038086,-0.3995571434497833,0.9988829493522644,0.5367662310600281,0.28850919008255005,-0.2549706697463989,0.9999315738677979,0.4672481119632721,0.3038264214992523,-0.23310422897338867,0.9998586177825928,0.5804651975631714,0.30044859647750854,-0.1861097365617752,0.8326970934867859,0.45853686332702637,0.34091219305992126,-0.166293665766716,0.8223828673362732,0.5662291049957275,0.3875359296798706,-0.19683410227298737,0.8819026350975037,0.47237977385520935,0.3904133141040802,-0.14859852194786072,0.9141528010368347,0.518011212348938,0.3339722454547882,-0.0027094047982245684,0.9998165369033813,0.4777544438838959,0.3330412209033966,0.002499144757166505,0.9998220205307007,0.5246007442474365,0.492664635181427,-0.043787404894828796,0.3328557014465332,0.48707908391952515,0.46646538376808167,-0.008685401640832424,0.5287315845489502,0.5168870091438293,0.672365665435791,-0.057352758944034576,0.5688422322273254,0.48487409949302673,0.6133137345314026,0.027189020067453384,0.5327916741371155,0.5082166194915771,0.7080238461494446,-0.14407750964164734,0.6708778738975525,0.48837441205978394,0.6655311584472656,-0.023847121745347977,0.567942202091217
34,1.1333333333333333,0.5017480254173279,0.2702856957912445,-0.39981809258461,0.9989942312240601,0.5373172163963318,0.28513097763061523,-0.2598089277744293,0.999937891960144,0.46565547585487366,0.30468136072158813,-0.23895199596881866,0.9998512864112854,0.5832439661026001,0.28904804587364197,-0.19009527564048767,0.8474779725074768,0.4575141966342926,0.3462623655796051,-0.17375758290290833,0.8227704167366028,0.5691198110580444,0.3755248486995697,-0.19005778431892395,0.8933996558189392,0.47562384605407715,0.38648542761802673,-0.15506306290626526,0.9193519949913025,0.5138462781906128,0.33481380343437195,-0.0022096452303230762,0.9998242855072021,0.47549062967300415,0.3328833281993866,0.001996632432565093,0.9998237490653992,0.5232791900634766,0.490744411945343,-0.042461298406124115,0.3471521735191345,0.4867992401123047,0.4572668671607971,-0.007885294035077095,0.5460987687110901,0.5152836441993713,0.6679909825325012,-0.051801376044750214,0.5915558934211731,0.48800215125083923,0.5854222178459167,0.03594735637307167,0.55528724193573,0.5066882371902466,0.7083240151405334,-0.1297798901796341,0.6898608803749084,0.489970862865448,0.6356005072593689,-0.00601677130907774,0.587149441242218
35,1.1666666666666667,0.5018700361251831,0.2698749303817749,-0.4290376603603363,0.9990946650505066,0.5372110605239868,0.2792634069919586,-0.2556246817111969,0.999943733215332,0.4630421996116638,0.3066045343875885,-0.26123687624931335,0.9998443722724915,0.5838278532028198,0.27877914905548096,-0.18637874722480774,0.8597372770309448,0.4531744420528412,0.36796438694000244,-0.21364900469779968,0.821035623550415,0.5717219710350037,0.3567793071269989,-0.20625200867652893,0.9036337733268738,0.47558435797691345,0.38201063871383667,-0.20055857300758362,0.9219098091125488,0.5019963979721069,0.3309513032436371,0.010298487730324268,0.9998232126235962,0.4677613377571106,0.3359003961086273,-0.010515391826629639,0.999811053276062,0.5166540741920471,0.48191341757774353,-0.03409787267446518,0.3308381736278534,0.4857889711856842,0.4819704294204712,-0.03881584852933884,0.5514826774597168,0.5150694847106934,0.6507481932640076,-0.04940427839756012,0.5779961943626404,0.4894126355648041,0.6262372136116028,-0.01949089951813221,0.570008397102356,0.5165774822235107,0.680158257484436,-0.12814822793006897,0.6879643201828003,0.5006805658340454,0.6712374091148376,-0.07554547488689423,0.6009195446968079
36,1.2,0.504289984703064,0.2620789706707001,-0.4071832597255707,0.9991851449012756,0.5379973649978638,0.2728535830974579,-0.2512320280075073,0.9999492168426514,0.46474799513816833,0.30582982301712036,-0.24800226092338562,0.9998540878295898,0.5827817320823669,0.26272228360176086,-0.16812476515769958,0.8723825216293335,0.45016127824783325,0.36338263750076294,-0.20152577757835388,0.82859206199646,0.5714313983917236,0.33206188678741455,-0.16237962245941162,0.9129157066345215,0.47487130761146545,0.3750687539577484,-0.20172102749347687,0.9271596670150757,0.5018764734268188,0.3326331377029419,0.010130304843187332,0.9998307228088379,0.46583500504493713,0.3438471853733063,-0.01033711712807417,0.9998172521591187,0.5112580060958862,0.48771706223487854,-0.024869175627827644,0.3251408040523529,0.4899386763572693,0.487932026386261,-0.039964042603969574,0.5737282037734985,0.5111531615257263,0.6501179933547974,-0.03193049877882004,0.5732825994491577,0.4981614649295807,0.6302803754806519,-0.020050613209605217,0.5938060283660889,0.5129247903823853,0.6725888848304749,-0.09976811707019806,0.6933151483535767,0.5055392980575562,0.691491961479187,-0.0637752041220665,0.6253218650817871
37,1.2333333333333334,0.5043236017227173,0.2583391070365906,-0.37836331129074097,0.9992665648460388,0.5383888483047485,0.272777259349823,-0.22396042943000793,0.999954104423523,0.46567291021347046,0.30507004261016846,-0.2188316285610199,0.9998618364334106,0.58208167552948,0.25928565859794617,-0.15868408977985382,0.8832538723945618,0.44617390632629395,0.36765018105506897,-0.19384044408798218,0.8353586792945862,0.5700215101242065,0.3295619487762451,-0.16753466427326202,0.921271800994873,0.4742876887321472,0.3731602430343628,-0.22628895938396454,0.9329124689102173,0.4962643086910248,0.34526553750038147,0.008023470640182495,0.999836266040802,0.46497321128845215,0.3547019362449646,-0.008218635804951191,0.9998230338096619,0.5031036734580994,0.5009060502052307,-0.022637685760855675,0.3108160197734833,0.48980364203453064,0.5004507899284363,-0.03007338009774685,0.5861115455627441,0.5113757252693176,0.6577388048171997,-0.008663101121783257,0.5550037622451782,0.5051201581954956,0.6472848057746887,0.003416210412979126,0.6089957356452942,0.5071383118629456,0.689387321472168,-0.07328765094280243,0.683632493019104,0.5073367357254028,0.7030758261680603,-0.038009848445653915,0.6414833664894104
38,1.2666666666666666,0.5055289268493652,0.25393468141555786,-0.345747172832489,0.999339759349823,0.543457567691803,0.2669171392917633,-0.22296051681041718,0.9999586343765259,0.46584001183509827,0.3016306757926941,-0.1988319456577301,0.9998738169670105,0.5814933180809021,0.2530921399593353,-0.17819343507289886,0.8932701945304871,0.4420072138309479,0.36741718649864197,-0.19646500051021576,0.8475669026374817,0.5692228674888611,0.3187265694141388,-0.21017047762870789,0.9288522005081177,0.47251224517822266,0.3707466125488281,-0.2683011591434479,0.939245879650116,0.5076048374176025,0.3349902033805847,0.004363702144473791,0.9998480081558228,0.46935921907424927,0.3502926826477051,-0.004524566698819399,0.9998369216918945,0.504353404045105,0.49880367517471313,-0.018348094075918198,0.3264467716217041,0.4910397529602051,0.5000936388969421,-0.031550001353025436,0.6216157078742981,0.5074414014816284,0.6275390386581421,0.017592301592230797,0.5740209817886353,0.5103899240493774,0.6686081290245056,-0.011920808814466,0.6447158455848694,0.5062922239303589,0.6488456130027771,-0.04112633317708969,0.702075719833374,0.5081049203872681,0.7071377635002136,-0.06079379841685295,0.6740861535072327
39,1.3,0.5055078864097595,0.25499415397644043,-0.3548363447189331,0.9994056820869446,0.5444087386131287,0.26732683181762695,-0.22797736525535583,0.9999626278877258,0.46604257822036743,0.30033767223358154,-0.20853069424629211,0.9998776316642761,0.581199049949646,0.25086382031440735,-0.1731315404176712,0.9032798409461975,0.43954652547836304,0.3723084330558777,-0.20685863494873047,0.853503406047821,0.5682618021965027,0.31352025270462036,-0.1669837385416031,0.935819149017334,0.4714520573616028,0.36935898661613464,-0.2703389525413513,0.9446901082992554,0.4999007284641266,0.3528473675251007,0.0032127921003848314,0.9998441338539124,0.4667556881904602,0.35879576206207275,-0.0033444843720644712,0.999822199344635,0.4934629797935486,0.5174928307533264,-0.0013894723961129785,0.3596094250679016,0.49832019209861755,0.4877275824546814,-0.00383627787232399,0.6396565437316895,0.50968998670578,0.6656811833381653,0.017770327627658844,0.6014814972877502,0.5088996887207031,0.6204556226730347,0.06274841725826263,0.6651817560195923,0.5018451809883118,0.6816783547401428,-0.04069174453616142,0.7229570150375366,0.5134962201118469,0.6562292575836182,0.04290304332971573,0.6961280703544617
40,1.3333333333333333,0.5072311162948608,0.24981805682182312,-0.3599657714366913,0.9994645118713379,0.543363094329834,0.25682756304740906,-0.2199128419160843,0.999966025352478,0.4660418927669525,0.29550111293792725,-0.2312956303358078,0.9998608827590942,0.5768510103225708,0.250374436378479,-0.1730930507183075,0.9031104445457458,0.4353179335594177,0.3707295358181,-0.2037828266620636,0.8380454182624817,0.5674034357070923,0.3118591606616974,-0.2273416519165039,0.9415245056152344,0.4714309573173523,0.3659200966358185,-0.22212037444114685,0.9443742036819458,0.4931902289390564,0.34950143098831177,0.014727051369845867,0.9998041391372681,0.4604398310184479,0.3541378974914551,-0.014875267632305622,0.9997282028198242,0.49841517210006714,0.5130020380020142,-0.0025767481420189142,0.3372165858745575,0.49853959679603577,0.4815470278263092,-0.017043860629200935,0.6145920753479004,0.5026174187660217,0.6613953709602356,0.0009449744829908013,0.575234591960907,0.5084507465362549,0.6145070195198059,0.022328469902276993,0.6553325057029724,0.5031895637512207,0.6669588685035706,-0.06462816894054413,0.7039462327957153,0.5255125761032104,0.6381189823150635,-0.023164402693510056,0.6896948218345642
41,1.3666666666666667,0.5075058937072754,0.2460111826658249,-0.36225587129592896,0.9995176792144775,0.5455318093299866,0.2609270215034485,-0.2232634723186493,0.9999690055847168,0.46631282567977905,0.28244295716285706,-0.23058882355690002,0.9998663067817688,0.5743164420127869,0.24774867296218872,-0.1459856629371643,0.9069883227348328,0.4336218237876892,0.3662469685077667,-0.20576529204845428,0.8463773131370544,0.5666732788085938,0.3050432503223419,-0.13280025124549866,0.9468765258789062,0.47073134779930115,0.3605310320854187,-0.24055087566375732,0.949187159538269,0.5085518956184387,0.330171674489975,0.012854760512709618,0.9997991323471069,0.4714919924736023,0.3315301537513733,-0.013027983717620373,0.9997245073318481,0.5155282616615295,0.4587966799736023,-0.005639794282615185,0.3203287720680237,0.507002592086792,0.44230321049690247,-0.00019891718693543226,0.5930590033531189,0.5012949705123901,0.6277497410774231,-0.0029026379343122244,0.547621488571167,0.5054513216018677,0.6121163964271545,0.017563212662935257,0.6549237370491028,0.5038033723831177,0.6503556370735168,-0.06698058545589447,0.6845223307609558,0.5185264945030212,0.64178067445755,-0.0288617555052042,0.6927092671394348
42,1.4,0.5095654129981995,0.23896615207195282,-0.33277249336242676,0.999564528465271,0.5410951972007751,0.2580178380012512,-0.1917629837989807,0.9999694228172302,0.4663480222225189,0.27564865350723267,-0.218590646982193,0.999838650226593,0.5716155171394348,0.243571475148201,-0.18865980207920074,0.895398736000061,0.4314502775669098,0.36535021662712097,-0.2454623281955719,0.8414950370788574,0.5665730237960815,0.3049548268318176,-0.2942071259021759,0.948225200176239,0.47078561782836914,0.3579470217227936,-0.31387853622436523,0.9515994191169739,0.48704448342323303,0.34975001215934753,0.018443891778588295,0.9996972680091858,0.4526675343513489,0.35527557134628296,-0.01856807991862297,0.9995627403259277,0.5183743834495544,0.45194464921951294,-0.02223285846412182,0.29803189635276794,0.5059830546379089,0.44291022419929504,-0.028546098619699478,0.5571594834327698,0.5012201070785522,0.616205096244812,-0.0053953444585204124,0.5030941963195801,0.5116587281227112,0.6093838810920715,-0.000348882342223078,0.6215941309928894,0.502393364906311,0.6488379836082458,-0.06776954233646393,0.6350553631782532,0.5269561409950256,0.6410577297210693,-0.04034031182527542,0.6596188545227051
43,1.4333333333333333,0.5114036798477173,0.2373386025428772,-0.31771501898765564,0.9996060132980347,0.5415365099906921,0.25979354977607727,-0.1749277412891388,0.9999697804450989,0.4672703146934509,0.2727499008178711,-0.19852690398693085,0.99981689453125,0.5772093534469604,0.22686824202537537,-0.18504145741462708,0.8976577520370483,0.4330940842628479,0.3604962229728699,-0.22393491864204407,0.8381000757217407,0.567828357219696,0.2950456738471985,-0.2862434983253479,0.9507745504379272,0.4707814157009125,0.35853439569473267,-0.2742049992084503,0.9524641633033752,0.4871569275856018,0.35776928067207336,0.025053780525922775,0.9996498227119446,0.4548361301422119,0.35651731491088867,-0.02515900693833828,0.9994881749153137,0.5257226824760437,0.4538039267063141,-0.022248392924666405,0.28678855299949646,0.5165237188339233,0.439971387386322,-0.05885026976466179,0.5446922779083252,0.503520131111145,0.6113528609275818,0.0011014912743121386,0.47105672955513,0.5111185312271118,0.6150834560394287,-0.03453551605343819,0.6104647517204285,0.5059975385665894,0.649989902973175,-0.05204218626022339,0.5993989109992981,0.5256950855255127,0.6651418209075928,-0.077637679874897,0.6458988189697266
44,1.4666666666666666,0.5119169354438782,0.2383737564086914,-0.3305235803127289,0.9996440410614014,0.5442957282066345,0.26102590560913086,-0.19590263068675995,0.9999710917472839,0.469407320022583,0.26678168773651123,-0.20455384254455566,0.9998084902763367,0.5787714719772339,0.22759373486042023,-0.24628250300884247,0.9055180549621582,0.43363863229751587,0.3512859642505646,-0.2519680857658386,0.845488429069519,0.5693603157997131,0.29019197821617126,-0.38770467042922974,0.9548043012619019,0.470148503780365,0.3590659201145172,-0.3341333270072937,0.955742597579956,0.4891510605812073,0.36746135354042053,0.022234709933400154,0.9996230602264404,0.4545513689517975,0.36623650789260864,-0.022344613447785378,0.9994348287582397,0.5223454833030701,0.4822501838207245,-0.022229379042983055,0.2953319251537323,0.5115686655044556,0.4507431983947754,-0.06488947570323944,0.553855299949646,0.5024027824401855,0.6185014247894287,0.003202839521691203,0.460920512676239,0.511174201965332,0.6213018298149109,-0.028522785753011703,0.6110351085662842,0.5046036839485168,0.6632162928581238,-0.05782252550125122,0.589563250541687,0.5244771838188171,0.669230580329895,-0.07527358829975128,0.6447301506996155
45,1.5,0.5117212533950806,0.23463313281536102,-0.3388613164424896,0.9996793270111084,0.5449334383010864,0.2614659070968628,-0.20210447907447815,0.999972939491272,0.47138938307762146,0.26659029722213745,-0.2087339460849762,0.9998149871826172,0.5796260833740234,0.22990597784519196,-0.21511375904083252,0.9130094647407532,0.43368950486183167,0.3472867012023926,-0.23583707213401794,0.8574355244636536,0.5702542066574097,0.2912548780441284,-0.2992992699146271,0.9586808681488037,0.46988263726234436,0.35759374499320984,-0.31503304839134216,0.9596132040023804,0.4910415709018707,0.37406808137893677,0.020093558356165886,0.9996215105056763,0.4566880762577057,0.3704286217689514,-0.020219696685671806,0.9994251728057861,0.5183349847793579,0.5109881162643433,0.0035997345112264156,0.3166159391403198,0.5088760852813721,0.4618932008743286,-0.03925473242998123,0.5727603435516357,0.5049853920936584,0.6527622938156128,0.018246082589030266,0.4790652394294739,0.5158715844154358,0.6175669431686401,0.013975009322166443,0.6265297532081604,0.5034241676330566,0.6870034337043762,-0.05134889483451843,0.606759786605835,0.5278006196022034,0.6666810512542725,-0.027601907029747963,0.661327064037323
46,1.5333333333333334,0.5131350755691528,0.23457181453704834,-0.34099388122558594,0.9997109174728394,0.5440167188644409,0.26105254888534546,-0.19775059819221497,0.9999743103981018,0.472395658493042,0.2641908526420593,-0.20996932685375214,0.9998079538345337,0.5824108719825745,0.22094053030014038,-0.2068757265806198,0.9202394485473633,0.43423348665237427,0.34129995107650757,-0.20493826270103455,0.8645639419555664,0.5712605714797974,0.2906118929386139,-0.2771424353122711,0.9620404243469238,0.4693275988101959,0.35791561007499695,-0.21620233356952667,0.9605228900909424,0.4916711747646332,0.3869188129901886,0.020402761176228523,0.9996339678764343,0.4577236771583557,0.3858218789100647,-0.020526764914393425,0.9994297623634338,0.5150493383407593,0.5294176936149597,0.027697544544935226,0.32418325543403625,0.5077225565910339,0.4962371289730072,-0.03769775480031967,0.5875256061553955,0.504410445690155,0.6670246720314026,0.05021921917796135,0.4871361255645752,0.5191305875778198,0.6282317042350769,0.024765852838754654,0.6363363265991211,0.5008646845817566,0.696156919002533,-0.018278013914823532,0.6120113730430603,0.5333285927772522,0.6659812331199646,-0.01528369914740324,0.6685497760772705
47,1.5666666666666667,0.5141971707344055,0.23345215618610382,-0.32328924536705017,0.9997338056564331,0.5453397035598755,0.25272175669670105,-0.1787002682685852,0.9999746084213257,0.4722464084625244,0.25992485880851746,-0.18962876498699188,0.9997833371162415,0.5857661962509155,0.2157256305217743,-0.18445846438407898,0.9264435768127441,0.4339551031589508,0.33535075187683105,-0.2029758244752884,0.8678558468818665,0.5730178952217102,0.2946610152721405,-0.2644570469856262,0.9642670154571533,0.4693225920200348,0.3583962023258209,-0.22023162245750427,0.9602658748626709,0.49492302536964417,0.39248815178871155,0.020420003682374954,0.9996240139007568,0.45824044942855835,0.3977421522140503,-0.020541131496429443,0.9993929862976074,0.5277478098869324,0.5256149172782898,-0.03226769343018532,0.3434135317802429,0.5022442936897278,0.49719512462615967,-0.08302487432956696,0.5969077944755554,0.5081773400306702,0.6595600247383118,0.014556032605469227,0.47979915142059326,0.5016552209854126,0.6429871320724487,-0.04282686859369278,0.6317437291145325,0.5069692134857178,0.6922534704208374,-0.03728877380490303,0.602647066116333,0.5127931237220764,0.6943415403366089,-0.08075027167797089,0.6611086130142212
48,1.6,0.5155633687973022,0.23055702447891235,-0.2689274549484253,0.9997528195381165,0.5481300354003906,0.24673877656459808,-0.1333392709493637,0.9999746084213257,0.4726909101009369,0.2566869556903839,-0.1418464481830597,0.9997769594192505,0.585160493850708,0.2192230373620987,-0.11140831559896469,0.9310320019721985,0.43440955877304077,0.3289054334163666,-0.13755324482917786,0.8733601570129395,0.5754631757736206,0.2968321740627289,-0.15543636679649353,0.9641001224517822,0.46934613585472107,0.359397292137146,-0.16594722867012024,0.9598795771598816,0.5056045055389404,0.39979395270347595,0.016620371490716934,0.9995953440666199,0.4719759523868561,0.4018112123012543,-0.016766756772994995,0.9993306994438171,0.5252431631088257,0.519755482673645,-0.05505823343992233,0.36039525270462036,0.4994966387748718,0.5039055943489075,-0.07023106515407562,0.58370441198349,0.5098450779914856,0.6692475080490112,-0.04152807220816612,0.4807360768318176,0.4952673316001892,0.6487696766853333,-0.02575066313147545,0.6067072153091431,0.5113898515701294,0.7044020891189575,-0.09989361464977264,0.5967904329299927,0.5012291669845581,0.7018387317657471,-0.06274140626192093,0.6356067657470703
49,1.6333333333333333,0.5156347751617432,0.22979454696178436,-0.33420661091804504,0.9997731447219849,0.5504176616668701,0.24311169981956482,-0.19035103917121887,0.9999752044677734,0.4733338952064514,0.25574907660484314,-0.18830135464668274,0.999781608581543,0.58663010597229,0.21731777489185333,-0.18473008275032043,0.9363325238227844,0.4345998167991638,0.3273378908634186,-0.19651886820793152,0.8841944336891174,0.5766206979751587,0.2967364192008972,-0.23016993701457977,0.9646883010864258,0.46997490525245667,0.3622508943080902,-0.22694294154644012,0.9625818729400635,0.5127525925636292,0.39635205268859863,0.012050842866301537,0.9995986223220825,0.47930464148521423,0.4025897979736328,-0.012208803556859493,0.9993383884429932,0.5242770314216614,0.5134338140487671,-0.05114316940307617,0.4004836976528168,0.4978746473789215,0.5157244205474854,-0.06055331230163574,0.6017493605613708,0.5157719850540161,0.6684697866439819,-0.023268112912774086,0.5136357545852661,0.4967304766178131,0.6407204866409302,0.013254734687507153,0.6210826635360718,0.5164266228675842,0.7064112424850464,-0.08617083728313446,0.6214141845703125,0.5014393925666809,0.6913076043128967,-0.02729460597038269,0.6456568837165833
50,1.6666666666666667,0.517915666103363,0.22917819023132324,-0.2866213917732239,0.999788761138916,0.5538221597671509,0.23838606476783752,-0.15805040299892426,0.999976396560669,0.47362130880355835,0.25440096855163574,-0.151856929063797,0.9997833371162415,0.5910805463790894,0.2175736278295517,-0.12644034624099731,0.9391828775405884,0.43481555581092834,0.32390516996383667,-0.12741032242774963,0.8881509304046631,0.5794225931167603,0.2977432310581207,-0.15414956212043762,0.9567466378211975,0.47002220153808594,0.3689012825489044,-0.13417786359786987,0.9541398882865906,0.526413083076477,0.4021945595741272,0.0009218481136485934,0.9995785355567932,0.4839479923248291,0.4076670706272125,-0.0011332965223118663,0.9992609024047852,0.5263103246688843,0.5117877721786499,-0.08914105594158173,0.41416436433792114,0.4974501132965088,0.5148649215698242,-0.016710521653294563,0.5535753965377808,0.5210174322128296,0.6652259230613708,-0.10180997848510742,0.5299803614616394,0.4969644546508789,0.6363138556480408,0.07274182885885239,0.5736847519874573,0.5176118612289429,0.718114972114563,-0.17492280900478363,0.6284870505332947,0.49295705556869507,0.6859150528907776,0.04616482928395271,0.598009467124939
51,1.7,0.5189703106880188,0.22982923686504364,-0.27505362033843994,0.9997865557670593,0.5542277097702026,0.23494993150234222,-0.16122004389762878,0.999977171421051,0.4735584855079651,0.2540772259235382,-0.13648070394992828,0.9997676014900208,0.5926142930984497,0.21674814820289612,-0.142812579870224,0.9388763904571533,0.4350481927394867,0.3219558596611023,-0.10986407846212387,0.8877230286598206,0.5807239413261414,0.298370897769928,-0.18951109051704407,0.94732666015625,0.4688071608543396,0.3700741231441498,-0.11952986568212509,0.9410583972930908,0.5306107997894287,0.4043107330799103,-0.007166220806539059,0.9995625019073486,0.4874137043952942,0.4110480546951294,0.006925712339580059,0.9991601705551147,0.5253406763076782,0.5106965899467468,-0.10080516338348389,0.4259909987449646,0.49613267183303833,0.5218024849891663,0.03008216619491577,0.5059625506401062,0.522384762763977,0.6619913578033447,-0.08058743178844452,0.529275119304657,0.49714764952659607,0.6155786514282227,0.16474898159503937,0.5233321189880371,0.518459141254425,0.7129225134849548,-0.1442381590604782,0.6175271272659302,0.4948035776615143,0.674572765827179,0.15264710783958435,0.5454365611076355
52,1.7333333333333334,0.5205327272415161,0.22921791672706604,-0.30651944875717163,0.9998070001602173,0.5555076599121094,0.23629409074783325,-0.18690046668052673,0.9999790787696838,0.47401508688926697,0.25383079051971436,-0.14454755187034607,0.9997783303260803,0.5950143337249756,0.23577174544334412,-0.1549185961484909,0.9422955513000488,0.43621140718460083,0.3170824348926544,-0.1436820775270462,0.8945518732070923,0.5837996006011963,0.3147749602794647,-0.202423095703125,0.9471971988677979,0.46638721227645874,0.37960827350616455,-0.14998140931129456,0.939834475517273,0.5343572497367859,0.4014244079589844,-0.008262654766440392,0.9995716214179993,0.48939090967178345,0.40947777032852173,0.008026810362935066,0.9990683197975159,0.5286732316017151,0.5090965628623962,-0.15593084692955017,0.4713405966758728,0.4963814616203308,0.5299017429351807,0.06631995737552643,0.4661824405193329,0.5233205556869507,0.6739405989646912,-0.1858617663383484,0.5659545063972473,0.49788323044776917,0.5376172661781311,0.2771163284778595,0.4731634259223938,0.5183700323104858,0.7254123091697693,-0.2716810703277588,0.6479058265686035,0.49509960412979126,0.5828830003738403,0.2933529019355774,0.4958433508872986
53,1.7666666666666666,0.5209079384803772,0.2291988581418991,-0.3379318416118622,0.9998252391815186,0.5575114488601685,0.23721890151500702,-0.20664289593696594,0.9999808073043823,0.4739958643913269,0.25453659892082214,-0.1824834793806076,0.9997919797897339,0.5958927273750305,0.23855817317962646,-0.15420220792293549,0.9453089237213135,0.43737587332725525,0.31860509514808655,-0.15476514399051666,0.9018512964248657,0.5857142210006714,0.3186025321483612,-0.16851581633090973,0.9465039372444153,0.4664832651615143,0.38471662998199463,-0.16723915934562683,0.9414495825767517,0.5353198051452637,0.40054184198379517,-0.011136806569993496,0.9995803236961365,0.4904223382472992,0.4078449606895447,0.01090075634419918,0.9990082383155823,0.5292584300041199,0.5085527300834656,-0.16189150512218475,0.5126261711120605,0.49618250131607056,0.5314914584159851,0.09247775375843048,0.4325452744960785,0.5251427888870239,0.6780900359153748,-0.1882992535829544,0.5990222692489624,0.4976489543914795,0.5290912985801697,0.30566269159317017,0.42856329679489136,0.5181427597999573,0.7259669899940491,-0.2770322561264038,0.675548791885376,0.49341994524002075,0.5824781060218811,0.3174517750740051,0.45273664593696594
54,1.8,0.5207827687263489,0.22960418462753296,-0.3493233025074005,0.9998401999473572,0.5607849359512329,0.23821890354156494,-0.21228370070457458,0.9999820590019226,0.4751041531562805,0.2542274594306946,-0.1887216418981552,0.9998055100440979,0.596904993057251,0.25632911920547485,-0.15754370391368866,0.9477746486663818,0.4387703537940979,0.31746578216552734,-0.1546729952096939,0.9092370271682739,0.587755024433136,0.33193421363830566,-0.18595287203788757,0.9477953910827637,0.465005099773407,0.3927154541015625,-0.1759405881166458,0.9448689818382263,0.5345919728279114,0.40314677357673645,-0.010379994288086891,0.9996034502983093,0.49011415243148804,0.4096791446208954,0.010176358744502068,0.9990431666374207,0.5309786796569824,0.5188985466957092,-0.11327464878559113,0.5454543828964233,0.4952346682548523,0.5331764817237854,0.049337200820446014,0.41329649090766907,0.5264546275138855,0.682698130607605,-0.12218378484249115,0.628046452999115,0.5140869617462158,0.5242145657539368,0.2430059164762497,0.38913267850875854,0.520346999168396,0.7300171852111816,-0.20476210117340088,0.6989880800247192,0.5204849243164062,0.5521625280380249,0.2519860565662384,0.4157077670097351
55,1.8333333333333333,0.5217265486717224,0.22991055250167847,-0.3558195233345032,0.9998546242713928,0.5620050430297852,0.23894229531288147,-0.2186615765094757,0.9999833703041077,0.4758691191673279,0.25413644313812256,-0.1968885362148285,0.9998189806938171,0.5979039072990417,0.2596588730812073,-0.1563897281885147,0.9505838751792908,0.43951883912086487,0.31739091873168945,-0.15744292736053467,0.9162784814834595,0.5885207653045654,0.33542412519454956,-0.16580533981323242,0.9501737356185913,0.46467605233192444,0.39505815505981445,-0.179364413022995,0.9480491280555725,0.534972071647644,0.4025599956512451,-0.010232947766780853,0.9996277093887329,0.49035173654556274,0.4085387885570526,0.010039025917649269,0.9990857839584351,0.5315642356872559,0.5214042663574219,-0.10828085988759995,0.5730075836181641,0.4952070116996765,0.534876823425293,0.045851025730371475,0.3953463137149811,0.5265723466873169,0.6839396357536316,-0.12514172494411469,0.6539449691772461,0.5267930030822754,0.5294219255447388,0.2328343391418457,0.3541431427001953,0.5209806561470032,0.7308279275894165,-0.2103523463010788,0.7206532955169678,0.5370131731033325,0.5558565855026245,0.23981881141662598,0.38376718759536743
56,1.8666666666666667,0.5217640399932861,0.2302505075931549,-0.36111751198768616,0.9998677968978882,0.563501238822937,0.24244984984397888,-0.21825449168682098,0.9999845027923584,0.4777504503726959,0.25376206636428833,-0.19729268550872803,0.9998325705528259,0.5991740822792053,0.2723162770271301,-0.15632037818431854,0.9530701041221619,0.44057607650756836,0.3157202899456024,-0.15874797105789185,0.9221882224082947,0.589605450630188,0.350016713142395,-0.16967514157295227,0.9526374936103821,0.46265116333961487,0.3965657949447632,-0.19584082067012787,0.9507654309272766,0.5351437330245972,0.40542009472846985,-0.009036125615239143,0.9996536374092102,0.4900575578212738,0.41002827882766724,0.008842073380947113,0.9991438388824463,0.532025933265686,0.5271786451339722,-0.09473772346973419,0.5823803544044495,0.49450141191482544,0.5369858741760254,0.03442813828587532,0.3779236376285553,0.5271421670913696,0.6890099048614502,-0.11426913738250732,0.6699426174163818,0.5433254241943359,0.5123075246810913,0.19453172385692596,0.32325026392936707,0.5211448073387146,0.7338624596595764,-0.19078853726387024,0.7357304692268372,0.5692168474197388,0.5332788228988647,0.19008970260620117,0.3572717308998108
57,1.9,0.5221749544143677,0.2303006947040558,-0.3558942377567291,0.9998798370361328,0.5628293752670288,0.2446434497833252,-0.21837809681892395,0.9999855160713196,0.47868722677230835,0.25349104404449463,-0.19581012427806854,0.9998446106910706,0.5992794632911682,0.2729475796222687,-0.15905416011810303,0.9553920030593872,0.4411303997039795,0.3150773048400879,-0.15837539732456207,0.9274112582206726,0.5900341272354126,0.3523303270339966,-0.17943519353866577,0.955021321773529,0.46200424432754517,0.3971143960952759,-0.19674591720104218,0.9532031416893005,0.535143256187439,0.40587595105171204,-0.00977427139878273,0.9996756911277771,0.4899211525917053,0.4108150005340576,0.009582603350281715,0.9991914629936218,0.5318857431411743,0.5279064774513245,-0.07768412679433823,0.5931839346885681,0.4935521185398102,0.5377488732337952,0.034536104649305344,0.36193257570266724,0.5275536179542542,0.6895344257354736,-0.10326852649450302,0.6875176429748535,0.5397788286209106,0.5118811726570129,0.2059677392244339,0.2953491508960724,0.5210621356964111,0.7354522943496704,-0.1840585619211197,0.7511315941810608,0.5647357106208801,0.5384422540664673,0.20392975211143494,0.33299461007118225
58,1.9333333333333333,0.5228971242904663,0.23217783868312836,-0.35118788480758667,0.9998903274536133,0.5638996362686157,0.2492891252040863,-0.2141851931810379,0.9999865293502808,0.47836756706237793,0.25358372926712036,-0.19460202753543854,0.9998558163642883,0.6001614928245544,0.28700900077819824,-0.15873293578624725,0.9579219222068787,0.4419015347957611,0.31556668877601624,-0.1395648866891861,0.9327335357666016,0.5907808542251587,0.36449912190437317,-0.18349416553974152,0.9579421877861023,0.4592630863189697,0.40053367614746094,-0.16194608807563782,0.956251323223114,0.5352122187614441,0.40720123052597046,-0.008735878393054008,0.9996997714042664,0.4898862838745117,0.41165563464164734,0.008545289747416973,0.9992468953132629,0.532499372959137,0.5303407907485962,-0.07944758236408234,0.6071327924728394,0.49344366788864136,0.5426837205886841,0.026751887053251266,0.354174941778183,0.5276542901992798,0.6919447779655457,-0.10071633756160736,0.7030289173126221,0.5458624958992004,0.5091961622238159,0.18756608664989471,0.27053388953208923,0.5226012468338013,0.7365161180496216,-0.18693691492080688,0.7645066380500793,0.5660504102706909,0.5321465134620667,0.18258655071258545,0.31151601672172546
59,1.9666666666666666,0.5240138173103333,0.23696839809417725,-0.34242552518844604,0.9998996257781982,0.5646330714225769,0.26074883341789246,-0.2091037929058075,0.9999870657920837,0.4781811833381653,0.2588302195072174,-0.18240651488304138,0.9998656511306763,0.6010328531265259,0.31881576776504517,-0.17772403359413147,0.9605849981307983,0.44295772910118103,0.31585922837257385,-0.13081732392311096,0.93832927942276,0.5913869142532349,0.38941526412963867,-0.2331392467021942,0.9606344699859619,0.4544331431388855,0.40837451815605164,-0.15860271453857422,0.9599424004554749,0.5356791615486145,0.41946032643318176,-0.008166945539414883,0.9997183680534363,0.48978957533836365,0.42196041345596313,0.007985689677298069,0.9992958307266235,0.5325374007225037,0.5439265370368958,-0.040867939591407776,0.6182871460914612,0.49271512031555176,0.5660348534584045,-0.01907416805624962,0.36765584349632263,0.5272618532180786,0.6987308263778687,-0.042086560279130936,0.7168988585472107,0.5389810800552368,0.5148574113845825,0.1385558545589447,0.25172922015190125,0.5237464308738708,0.7452927231788635,-0.12087658792734146,0.774946928024292,0.5588680505752563,0.5420735478401184,0.13561853766441345,0.2976941466331482
60,2.0,0.5241936445236206,0.24162624776363373,-0.3433074653148651,0.9999063611030579,0.566008448600769,0.2687701880931854,-0.20853689312934875,0.9999871850013733,0.4781234860420227,0.2624697685241699,-0.18278785049915314,0.9998728036880493,0.6016079187393188,0.33391860127449036,-0.1924750953912735,0.9621848464012146,0.4436244070529938,0.31628158688545227,-0.13698488473892212,0.9431119561195374,0.5904963612556458,0.402045875787735,-0.2595452070236206,0.9619607925415039,0.4504070281982422,0.4118700325489044,-0.16474251449108124,0.9631422162055969,0.5357774496078491,0.42516183853149414,-0.006304323673248291,0.9997273087501526,0.4899098873138428,0.4274523854255676,0.006148294545710087,0.9993202686309814,0.533130943775177,0.5525516271591187,-0.024306612089276314,0.6259669661521912,0.49128708243370056,0.5763506889343262,-0.03906286507844925,0.3776029050350189,0.5269988775253296,0.7040014863014221,-0.03339322656393051,0.7311813831329346,0.529943585395813,0.5198773145675659,0.13456563651561737,0.23160237073898315,0.5262685418128967,0.7489750385284424,-0.11217504739761353,0.7836922407150269,0.5457556843757629,0.553458571434021,0.13806790113449097,0.2777974605560303
61,2.033333333333333,0.5247267484664917,0.24322625994682312,-0.33228784799575806,0.9999136328697205,0.5661815404891968,0.2726946771144867,-0.1963910162448883,0.9999876022338867,0.4780959188938141,0.26522573828697205,-0.17350253462791443,0.9998803734779358,0.6017389893531799,0.3365005850791931,-0.1826585829257965,0.9640837907791138,0.4437064528465271,0.31636354327201843,-0.12322507053613663,0.9475290775299072,0.5899669528007507,0.40439045429229736,-0.24053189158439636,0.9639979004859924,0.4503306746482849,0.4137410521507263,-0.15139901638031006,0.9661921262741089,0.5359679460525513,0.4291786253452301,-0.006094645243138075,0.9997377395629883,0.4905216097831726,0.43171775341033936,0.005949957296252251,0.9993484020233154,0.5334192514419556,0.5565551519393921,-0.025142163038253784,0.6352449655532837,0.4910460114479065,0.5736860632896423,-0.03795502707362175,0.3909297585487366,0.5266397595405579,0.7047580480575562,-0.03036646917462349,0.7445448637008667,0.529233455657959,0.514227032661438,0.12126237154006958,0.21561592817306519,0.5267999172210693,0.750257134437561,-0.10611326992511749,0.7930358052253723,0.5444983243942261,0.5564007759094238,0.12195491790771484,0.26435813307762146
62,2.066666666666667,0.5253968238830566,0.24456515908241272,-0.34419676661491394,0.9999184608459473,0.5663620829582214,0.277410089969635,-0.1965116709470749,0.9999875426292419,0.47809481620788574,0.2688910663127899,-0.17674681544303894,0.9998863339424133,0.6015282869338989,0.3436371386051178,-0.1843942254781723,0.9652325510978699,0.44363412261009216,0.31645098328590393,-0.12598592042922974,0.9513360857963562,0.5842074751853943,0.4127192199230194,-0.24719902873039246,0.9650346636772156,0.44776374101638794,0.4106529951095581,-0.15949204564094543,0.9689809083938599,0.5361901521682739,0.4338363707065582,-0.0051619065925478935,0.9997448325157166,0.4908989369869232,0.4373715817928314,0.005025869235396385,0.9993734955787659,0.5345280170440674,0.565577507019043,-0.0076519884169101715,0.6408493518829346,0.4903058409690857,0.5808413028717041,-0.05339250713586807,0.4132658541202545,0.5260202288627625,0.7025378942489624,0.006016261875629425,0.7588813900947571,0.5289431810379028,0.5421600341796875,0.12463675439357758,0.20420974493026733,0.5270620584487915,0.7494675517082214,-0.06980033218860626,0.8025876879692078,0.5436780452728271,0.5723405480384827,0.12350763380527496,0.255056232213974
63,2.1,0.5263089537620544,0.24579298496246338,-0.3449411392211914,0.9999226927757263,0.5662291646003723,0.2788587808609009,-0.19713670015335083,0.9999876022338867,0.4783869683742523,0.27035120129585266,-0.17788267135620117,0.9998913407325745,0.6012259721755981,0.34447717666625977,-0.18348580598831177,0.9657478332519531,0.44361668825149536,0.3168306052684784,-0.12619438767433167,0.9543455839157104,0.5830554962158203,0.41204383969306946,-0.24258431792259216,0.9652886390686035,0.4472663402557373,0.4091159403324127,-0.1605624109506607,0.9711748957633972,0.5364878177642822,0.43316930532455444,-0.0048333508893847466,0.9997529983520508,0.4912530481815338,0.43760016560554504,0.004704150836914778,0.9993986487388611,0.5349162220954895,0.56727534532547,-0.0027360408566892147,0.6433352828025818,0.48954248428344727,0.5816677808761597,-0.049924079328775406,0.429729163646698,0.5253761410713196,0.701345682144165,0.005257955752313137,0.7722153663635254,0.5284919738769531,0.5497020483016968,0.12787549197673798,0.1934213489294052,0.5271689295768738,0.7491104006767273,-0.07090120017528534,0.8115125298500061,0.5434914231300354,0.5784695744514465,0.12727132439613342,0.24579168856143951
64,2.1333333333333333,0.5265447497367859,0.2482151836156845,-0.3361695408821106,0.9999226927757263,0.5668459534645081,0.28177696466445923,-0.19070282578468323,0.999985933303833,0.4785563051700592,0.2722799777984619,-0.17198576033115387,0.999896764755249,0.6011651754379272,0.3529002368450165,-0.18416909873485565,0.9546421766281128,0.443556547164917,0.316706120967865,-0.11819402873516083,0.9560631513595581,0.5790019035339355,0.4095368981361389,-0.2549353241920471,0.9439260363578796,0.4458743929862976,0.4080392122268677,-0.1488877385854721,0.9725311994552612,0.5370115637779236,0.4376145303249359,-0.003947108052670956,0.9997593760490417,0.4916374087333679,0.4421594440937042,0.003823285922408104,0.9994307160377502,0.5354433059692383,0.5700126886367798,0.0016538575291633606,0.6322025656700134,0.48967909812927246,0.582165002822876,-0.054524607956409454,0.43002042174339294,0.5239700078964233,0.7003623247146606,0.016328567638993263,0.7764779329299927,0.5297119617462158,0.5498384237289429,0.12870489060878754,0.17904670536518097,0.5268888473510742,0.7481951117515564,-0.05495446175336838,0.8108089566230774,0.5450951457023621,0.5776921510696411,0.13052551448345184,0.22984901070594788
65,2.1666666666666665,0.5267132520675659,0.24932506680488586,-0.31717175245285034,0.9999251365661621,0.5678249597549438,0.28469985723495483,-0.1701902598142624,0.9999838471412659,0.4798961579799652,0.2734677791595459,-0.1459449827671051,0.9999017715454102,0.6010592579841614,0.3606567084789276,-0.18262578547000885,0.9402689933776855,0.4437194764614105,0.30979499220848083,-0.08399293571710587,0.9572873115539551,0.5749191045761108,0.4057982563972473,-0.2569039463996887,0.9219326376914978,0.44488978385925293,0.40173813700675964,-0.10522357374429703,0.9729880690574646,0.5378730893135071,0.4455295503139496,-0.003780050901696086,0.9997526407241821,0.4921607971191406,0.44727328419685364,0.0036601524334400892,0.9994436502456665,0.5361611843109131,0.5690180659294128,-0.03328771889209747,0.6130586862564087,0.48975878953933716,0.5782816410064697,-0.05340998247265816,0.41412609815597534,0.5223865509033203,0.6994378566741943,-0.010999532416462898,0.7623174786567688,0.537666916847229,0.5485808253288269,0.1226811632514,0.16369973123073578,0.5267099142074585,0.7473683953285217,-0.08214057981967926,0.7928519248962402,0.5569833517074585,0.5739879012107849,0.12080361694097519,0.21137480437755585
66,2.2,0.526846170425415,0.25068992376327515,-0.31814369559288025,0.9999306797981262,0.568383514881134,0.2883852422237396,-0.17292667925357819,0.9999834299087524,0.4805747866630554,0.2746325433254242,-0.13540323078632355,0.9999089241027832,0.6006426811218262,0.37049996852874756,-0.19292794167995453,0.939548671245575,0.4438103139400482,0.30176612734794617,-0.05448579788208008,0.959412157535553,0.5676522850990295,0.40178418159484863,-0.27665168046951294,0.9198715686798096,0.4450243413448334,0.39252907037734985,-0.05170762538909912,0.9742118716239929,0.5385822057723999,0.45166707038879395,-0.0037865645717829466,0.9997535943984985,0.4930170476436615,0.4498730003833771,0.003669875441119075,0.9994671940803528,0.5366395711898804,0.5753840208053589,-0.03694276884198189,0.6109644770622253,0.4910956025123596,0.5749664902687073,-0.05375708267092705,0.4178312420845032,0.5208091139793396,0.6986458897590637,0.013261017389595509,0.7612989544868469,0.5433275103569031,0.5287625193595886,0.12756504118442535,0.15350200235843658,0.5267196893692017,0.7466342449188232,-0.04885640740394592,0.7886290550231934,0.5605471134185791,0.5687782764434814,0.1240813359618187,0.20038755238056183
67,2.2333333333333334,0.5270448923110962,0.2513945400714874,-0.30788880586624146,0.9999359846115112,0.5683488249778748,0.28840726613998413,-0.167582169175148,0.9999836683273315,0.48100829124450684,0.27478525042533875,-0.12565825879573822,0.9999152421951294,0.5995129942893982,0.3696376085281372,-0.18917521834373474,0.9394675493240356,0.4439590871334076,0.29982855916023254,-0.050807107239961624,0.9608168601989746,0.5669311285018921,0.4004407227039337,-0.2724439203739166,0.92091304063797,0.44485682249069214,0.38953858613967896,-0.055883657187223434,0.9746550917625427,0.5389887094497681,0.4509226977825165,-0.005324008874595165,0.9997577667236328,0.49382537603378296,0.44868338108062744,0.005223377607762814,0.9994894862174988,0.5366911888122559,0.5721848607063293,-0.06992465257644653,0.6112858057022095,0.49117913842201233,0.5745576024055481,-0.05833936482667923,0.41273829340934753,0.5203301906585693,0.6984537243843079,-0.016159918159246445,0.7568762898445129,0.5489975214004517,0.5210443139076233,0.1097630113363266,0.1428801566362381,0.5270858407020569,0.7462970018386841,-0.06568117439746857,0.7841576337814331,0.5662256479263306,0.5445744395256042,0.10014494508504868,0.18942026793956757
68,2.2666666666666666,0.5269609093666077,0.2516787052154541,-0.3133191168308258,0.9999391436576843,0.5681170225143433,0.28812021017074585,-0.17531940340995789,0.9999833703041077,0.4818875193595886,0.27453377842903137,-0.12875615060329437,0.9999208450317383,0.5980340242385864,0.3744768500328064,-0.21123600006103516,0.9393234252929688,0.4442312717437744,0.29371219873428345,-0.04982016235589981,0.9594172239303589,0.5625466704368591,0.39997243881225586,-0.2995043098926544,0.9224117994308472,0.4448951184749603,0.3770188093185425,-0.05343043804168701,0.975126326084137,0.5387107729911804,0.44911307096481323,-0.008513109758496284,0.9997569918632507,0.49414515495300293,0.44660043716430664,0.00845335703343153,0.9995091557502747,0.5371948480606079,0.5730478763580322,-0.03452710062265396,0.5884656310081482,0.49170050024986267,0.5629835724830627,-0.09553304314613342,0.4125826060771942,0.5200565457344055,0.6976643800735474,0.02097252383828163,0.7452751398086548,0.5492016673088074,0.519254744052887,0.06027933955192566,0.1340128779411316,0.5272015929222107,0.7450268864631653,-0.0419892892241478,0.7720471024513245,0.5678536891937256,0.5480385422706604,0.0459209606051445,0.18089629709720612
69,2.3,0.5268105268478394,0.2521643042564392,-0.31649336218833923,0.9999427199363708,0.567980945110321,0.2884068489074707,-0.1758570373058319,0.9999831318855286,0.482285737991333,0.27429452538490295,-0.13266070187091827,0.9999265670776367,0.5971980094909668,0.376848429441452,-0.2173553705215454,0.9392986297607422,0.4445773661136627,0.29236236214637756,-0.048278968781232834,0.9589539170265198,0.5608248114585876,0.39952632784843445,-0.30524346232414246,0.9230002164840698,0.44505563378334045,0.37412726879119873,-0.04706059396266937,0.9759340882301331,0.5386487245559692,0.4486311078071594,-0.00938749872148037,0.9997560977935791,0.49444466829299927,0.44573310017585754,0.009335851296782494,0.9995280504226685,0.5374627113342285,0.5740637183189392,-0.029210662469267845,0.5736584067344666,0.49187880754470825,0.5629912614822388,-0.0896131694316864,0.41347938776016235,0.5199440717697144,0.6976052522659302,0.026625538244843483,0.7378402352333069,0.5487121343612671,0.5189574956893921,0.07448916137218475,0.12606097757816315,0.5273298621177673,0.7443640232086182,-0.03786073625087738,0.7644125819206238,0.5684329271316528,0.54871666431427,0.06118257716298103,0.1734040528535843
70,2.3333333333333335,0.5261188745498657,0.25340735912323,-0.31894388794898987,0.999932587146759,0.5678665041923523,0.2886090874671936,-0.17868946492671967,0.9999794960021973,0.4826955795288086,0.27400901913642883,-0.13436076045036316,0.9999285936355591,0.5960034728050232,0.3757951855659485,-0.23551008105278015,0.9404940009117126,0.44518524408340454,0.28367969393730164,-0.059940140694379807,0.9557501673698425,0.5533953309059143,0.3871832489967346,-0.3472832441329956,0.9263076782226562,0.44544440507888794,0.3685201108455658,-0.06992964446544647,0.9760013222694397,0.5390927791595459,0.45224156975746155,-0.00896890927106142,0.9997365474700928,0.494687020778656,0.44764816761016846,0.008911301381886005,0.9995245337486267,0.5373833775520325,0.5760965347290039,-0.020870428532361984,0.5621878504753113,0.4929366707801819,0.5482972264289856,-0.14583536982536316,0.4314229190349579,0.5199683904647827,0.6966284513473511,0.04682452604174614,0.7371146082878113,0.547174870967865,0.5195191502571106,0.0396205373108387,0.11983921378850937,0.5270344018936157,0.7425993084907532,-0.022399041801691055,0.7620524168014526,0.569591224193573,0.5463354587554932,0.023849699646234512,0.16848567128181458
71,2.3666666666666667,0.5253909230232239,0.2532394826412201,-0.32018783688545227,0.999936580657959,0.5673752427101135,0.2878560721874237,-0.18222996592521667,0.9999799132347107,0.48292461037635803,0.27387169003486633,-0.1540655642747879,0.9999341368675232,0.5942469835281372,0.37576717138290405,-0.24548442661762238,0.9430141448974609,0.44542235136032104,0.2756689786911011,-0.10883750766515732,0.9595837593078613,0.5484129190444946,0.37245306372642517,-0.36644747853279114,0.9267113208770752,0.446218341588974,0.3610398471355438,-0.12223462015390396,0.9775061011314392,0.5392336249351501,0.4539889395236969,-0.006988032255321741,0.9997018575668335,0.49568381905555725,0.44838887453079224,0.006858327891677618,0.999508261680603,0.5374362468719482,0.5700616836547852,-0.0976467877626419,0.5817049741744995,0.5004277229309082,0.5399776697158813,0.005217580124735832,0.42954152822494507,0.519986093044281,0.6940740346908569,-0.046744249761104584,0.7493699789047241,0.5039395093917847,0.5823450684547424,0.2198064774274826,0.12072598934173584,0.526589035987854,0.7401911616325378,-0.12459850311279297,0.7748649716377258,0.5067973136901855,0.6440986394882202,0.2010892927646637,0.1704319566488266
72,2.4,0.5251303315162659,0.253017395734787,-0.2977519929409027,0.9999390244483948,0.5665034055709839,0.2872435748577118,-0.17375321686267853,0.9999799728393555,0.4833604395389557,0.27369818091392517,-0.14504742622375488,0.9999391436576843,0.5934689044952393,0.3739413917064667,-0.23395688831806183,0.9429228901863098,0.44584226608276367,0.27404552698135376,-0.10101129114627838,0.9629949331283569,0.5476495027542114,0.3691759705543518,-0.3474743664264679,0.9214890599250793,0.4465647339820862,0.3597157299518585,-0.11569199711084366,0.9788241982460022,0.5391658544540405,0.45329612493515015,-0.0049370089545845985,0.9996703267097473,0.4958745539188385,0.4480525553226471,0.004767714999616146,0.9994959235191345,0.5375189185142517,0.5685868859291077,-0.10050053894519806,0.5949084758758545,0.505055844783783,0.526017963886261,-0.027946945279836655,0.42738252878189087,0.520034909248352,0.6930793523788452,-0.053370483219623566,0.756952702999115,0.498725563287735,0.5804411768913269,0.17266184091567993,0.12144911289215088,0.5259690880775452,0.739244818687439,-0.12243237346410751,0.7823657393455505,0.4999160170555115,0.6415448784828186,0.1621415764093399,0.17115004360675812
73,2.433333333333333,0.5250436067581177,0.252850204706192,-0.29881709814071655,0.9999417662620544,0.5663050413131714,0.28710097074508667,-0.17318782210350037,0.9999802112579346,0.48369675874710083,0.2735852301120758,-0.14441873133182526,0.999943733215332,0.5930473804473877,0.37401071190834045,-0.2346663922071457,0.9441051483154297,0.4461032450199127,0.2731671631336212,-0.10111333429813385,0.9661839604377747,0.5470539331436157,0.3681463897228241,-0.3509807884693146,0.9199302196502686,0.4468480050563812,0.3591441214084625,-0.11753444373607635,0.9801539778709412,0.5391474962234497,0.45325523614883423,-0.003044678131118417,0.9996438026428223,0.4959108829498291,0.44780904054641724,0.0028655477799475193,0.9994862079620361,0.5375252962112427,0.5684050917625427,-0.09820275008678436,0.6101910471916199,0.5066951513290405,0.5238909125328064,-0.03376254066824913,0.4310012757778168,0.5200738906860352,0.6924446821212769,-0.04870394989848137,0.7669564485549927,0.4980868399143219,0.5796945095062256,0.16994181275367737,0.12492939829826355,0.5254908204078674,0.738768994808197,-0.11806599050760269,0.791904091835022,0.4989292025566101,0.6446389555931091,0.15848718583583832,0.17541755735874176
74,2.466666666666667,0.5227400660514832,0.25257790088653564,-0.3258163332939148,0.9999457597732544,0.5637093186378479,0.2851933240890503,-0.18995653092861176,0.9999812245368958,0.4841705858707428,0.2668006420135498,-0.14470168948173523,0.9999488592147827,0.5904889702796936,0.37166163325309753,-0.2422718107700348,0.9482882022857666,0.44712868332862854,0.2615302801132202,-0.07443920522928238,0.9676753282546997,0.5434793829917908,0.35626062750816345,-0.3447989821434021,0.9254466891288757,0.45126184821128845,0.34885159134864807,-0.0670539140701294,0.9810878038406372,0.5390781760215759,0.4478699564933777,-0.009430013597011566,0.9996475577354431,0.49590355157852173,0.43622204661369324,0.0092997457832098,0.9995203018188477,0.5362640023231506,0.5618589520454407,-0.09137816727161407,0.6121134161949158,0.5045784711837769,0.5306478142738342,-0.08613993972539902,0.46277540922164917,0.5206000804901123,0.6917941570281982,-0.016116822138428688,0.7632616758346558,0.49664434790611267,0.6778764724731445,-0.047990359365940094,0.1888958215713501,0.5244909524917603,0.7361711859703064,-0.097750224173069,0.7924352884292603,0.4850977957248688,0.7127144932746887,-0.1307082176208496,0.23756495118141174
75,2.5,0.5223151445388794,0.25146961212158203,-0.31990545988082886,0.9999491572380066,0.5628801584243774,0.2842658460140228,-0.18804657459259033,0.9999820590019226,0.48483729362487793,0.26459723711013794,-0.13435710966587067,0.9999534487724304,0.5897597670555115,0.3703784644603729,-0.23495027422904968,0.9520998597145081,0.4480423331260681,0.2599591314792633,-0.06739456206560135,0.9689884185791016,0.5427294969558716,0.35332629084587097,-0.33456429839134216,0.9303382635116577,0.45298248529434204,0.3472064137458801,-0.07038698345422745,0.9818918108940125,0.5390263795852661,0.4447387158870697,-0.010898815467953682,0.9996455311775208,0.4958183169364929,0.43118926882743835,0.010776023380458355,0.9995477795600891,0.5360103845596313,0.5579991936683655,-0.0805819109082222,0.6102703213691711,0.5034888982772827,0.5327549576759338,-0.1106192097067833,0.48847696185112,0.5209856033325195,0.6912679076194763,-0.018382614478468895,0.7533695101737976,0.49692708253860474,0.6806896924972534,-0.06943788379430771,0.23979482054710388,0.5237271189689636,0.7346953749656677,-0.09963157773017883,0.7882011532783508,0.48468032479286194,0.7148408889770508,-0.15155309438705444,0.28842034935951233
76,2.533333333333333,0.521075427532196,0.2494586557149887,-0.2999776005744934,0.9999526739120483,0.5614017248153687,0.28146645426750183,-0.17061401903629303,0.9999825954437256,0.48485374450683594,0.26259148120880127,-0.10662148892879486,0.9999576210975647,0.5887629389762878,0.3698263466358185,-0.22658388316631317,0.9557701945304871,0.4493129253387451,0.25849705934524536,-0.02670249342918396,0.9701011180877686,0.5392155647277832,0.35070112347602844,-0.32432568073272705,0.9352999925613403,0.45529064536094666,0.3438661992549896,-0.0181612279266119,0.9830538630485535,0.5388397574424744,0.44333505630493164,-0.014422731474041939,0.9996483325958252,0.49623727798461914,0.43089234828948975,0.014323408715426922,0.9995763897895813,0.5355340242385864,0.5582125186920166,-0.05862206965684891,0.6153269410133362,0.5028234720230103,0.5326384902000427,-0.12280231714248657,0.5246431231498718,0.5230101943016052,0.692194402217865,-0.00569070503115654,0.7575961351394653,0.4977775514125824,0.6789306402206421,-0.0934709757566452,0.29908639192581177,0.5230829119682312,0.7343571782112122,-0.09071023762226105,0.7946404814720154,0.48259514570236206,0.7160066366195679,-0.1784665435552597,0.34655141830444336
77,2.566666666666667,0.5190771222114563,0.2469884604215622,-0.2645038962364197,0.9999541640281677,0.560363233089447,0.2803950607776642,-0.14838281273841858,0.9999828934669495,0.4849173128604889,0.2617693543434143,-0.09220743924379349,0.9999611377716064,0.5880573391914368,0.36881375312805176,-0.19748663902282715,0.9586553573608398,0.45215654373168945,0.2597138583660126,-0.02586296759545803,0.9716232419013977,0.5359419584274292,0.3501780033111572,-0.28709548711776733,0.9399317502975464,0.45827022194862366,0.3429205119609833,-0.026276003569364548,0.9842478632926941,0.5387902855873108,0.4420326352119446,-0.013323989696800709,0.9996567368507385,0.4969913065433502,0.4315498471260071,0.013215367682278156,0.9996042251586914,0.5352468490600586,0.5577640533447266,-0.015119342133402824,0.6186062693595886,0.5036777853965759,0.5340536236763,-0.07874704897403717,0.5545961260795593,0.5265987515449524,0.68626469373703,0.0509876012802124,0.7642373442649841,0.5024113655090332,0.6632189750671387,-0.009997069835662842,0.3515568971633911,0.5220025777816772,0.73249351978302,-0.015484387055039406,0.8008750081062317,0.49571794271469116,0.7139918208122253,-0.07199784368276596,0.3962564468383789
78,2.6,0.5168706178665161,0.24589774012565613,-0.26466500759124756,0.9999557733535767,0.5587446689605713,0.2790318429470062,-0.14963772892951965,0.9999831914901733,0.48506253957748413,0.2609591484069824,-0.09478869289159775,0.9999643564224243,0.5877096056938171,0.36784008145332336,-0.19398987293243408,0.9613576531410217,0.4549407958984375,0.26020753383636475,-0.024260422214865685,0.9728500843048096,0.5331956744194031,0.35130274295806885,-0.2792835831642151,0.943798840045929,0.46153587102890015,0.342128723859787,-0.017012277618050575,0.9852686524391174,0.5391038656234741,0.44182589650154114,-0.012640927918255329,0.9996640682220459,0.49953407049179077,0.43215760588645935,0.012529680505394936,0.9996298551559448,0.5349025726318359,0.5558855533599854,-0.00020647855126298964,0.6196708083152771,0.5056396722793579,0.541283369064331,-0.04569365084171295,0.5815241932868958,0.5293960571289062,0.6779618263244629,0.08288441598415375,0.765032947063446,0.5030956268310547,0.666752815246582,0.014399601146578789,0.3981460928916931,0.5219226479530334,0.7298581600189209,0.02232501469552517,0.8031560778617859,0.49636226892471313,0.7209435105323792,-0.04003462940454483,0.4400489330291748
79,2.6333333333333333,0.5161898732185364,0.24570439755916595,-0.2749190926551819,0.9999566674232483,0.558273434638977,0.2786261737346649,-0.15470972657203674,0.9999830722808838,0.485042005777359,0.26070794463157654,-0.09941063821315765,0.9999671578407288,0.5874134302139282,0.36711281538009644,-0.19699212908744812,0.963628351688385,0.45600682497024536,0.26045313477516174,-0.022431446239352226,0.9739911556243896,0.5329746007919312,0.3513428866863251,-0.2819911539554596,0.9470081329345703,0.4630283713340759,0.34249892830848694,-0.009115047752857208,0.98619145154953,0.5393529534339905,0.4418562948703766,-0.012236208654940128,0.9996698498725891,0.5004910230636597,0.43221715092658997,0.012125291861593723,0.9996533989906311,0.5349119305610657,0.5558463335037231,0.004741993732750416,0.6194667220115662,0.5095588564872742,0.5422840714454651,-0.0321233868598938,0.6056227684020996,0.5303314328193665,0.6763907670974731,0.09773679822683334,0.7633240222930908,0.5043993592262268,0.6716325283050537,0.031037205830216408,0.4407503008842468,0.5219387412071228,0.7278218865394592,0.03597545623779297,0.8028363585472107,0.5002230405807495,0.7226407527923584,-0.029493194073438644,0.47936928272247314
80,2.6666666666666665,0.5156846642494202,0.2457013875246048,-0.2651400864124298,0.999958872795105,0.5579580068588257,0.27854064106941223,-0.1504489779472351,0.9999836683273315,0.4847961962223053,0.261075884103775,-0.08841408789157867,0.9999698996543884,0.5874472856521606,0.36602240800857544,-0.18687090277671814,0.9650262594223022,0.4598199427127838,0.26169392466545105,-0.00661791255697608,0.9725005626678467,0.5316938757896423,0.3531853258609772,-0.2605609595775604,0.948908269405365,0.4665840268135071,0.34412869811058044,0.013870464637875557,0.9867095351219177,0.5395404696464539,0.4383141100406647,-0.015941601246595383,0.9996764659881592,0.5008115768432617,0.43258434534072876,0.015826748684048653,0.9996742606163025,0.5337177515029907,0.5446885228157043,-0.030052486807107925,0.6082053780555725,0.5081514120101929,0.5422927141189575,-0.04610876739025116,0.6152410507202148,0.5300189852714539,0.6703346967697144,0.06385703384876251,0.7398146390914917,0.5060997605323792,0.6719419956207275,-0.015088940039277077,0.4647673964500427,0.5218812227249146,0.7213903665542603,-0.014555688016116619,0.7882283329963684,0.5028153657913208,0.7254124879837036,-0.08153023570775986,0.5046844482421875
81,2.7,0.5154241919517517,0.24574436247348785,-0.2701600193977356,0.9999603629112244,0.5572968125343323,0.2782523036003113,-0.15456154942512512,0.9999839663505554,0.48416057229042053,0.26131904125213623,-0.0914153903722763,0.9999722242355347,0.5875025987625122,0.364387184381485,-0.193427175283432,0.9663191437721252,0.4607582688331604,0.2641138732433319,-0.015510176308453083,0.9710060358047485,0.5321438312530518,0.3540250062942505,-0.27214547991752625,0.9505200982093811,0.4675721228122711,0.3450793921947479,-0.002699770499020815,0.9871422052383423,0.5395366549491882,0.4376155436038971,-0.018961044028401375,0.9996735453605652,0.5008491277694702,0.4326961636543274,0.018841005861759186,0.9996877312660217,0.5327093601226807,0.544205367565155,-0.03189951553940773,0.586482048034668,0.5073689222335815,0.5432983636856079,-0.05096583813428879,0.6114555597305298,0.5294511914253235,0.6701322793960571,0.04666217789053917,0.7076916098594666,0.5071958899497986,0.6725192070007324,-0.0036167926155030727,0.47550031542778015,0.5203275680541992,0.7204463481903076,-0.015787994489073753,0.7640789747238159,0.5043193101882935,0.7244001626968384,-0.06713076680898666,0.5181282758712769
82,2.7333333333333334,0.5149998664855957,0.24567589163780212,-0.27633902430534363,0.9999581575393677,0.5568500757217407,0.2779282331466675,-0.1547621190547943,0.9999836683273315,0.48320674896240234,0.262018620967865,-0.0987464115023613,0.9999741315841675,0.5876373648643494,0.3637036085128784,-0.1904097944498062,0.9661411046981812,0.46170124411582947,0.26951250433921814,-0.034213948994874954,0.9696081280708313,0.5314544439315796,0.35547706484794617,-0.2699609696865082,0.9469080567359924,0.4693833291530609,0.34691762924194336,-0.0462375283241272,0.9872764348983765,0.5399904847145081,0.43758833408355713,-0.016215452924370766,0.9996611475944519,0.5008376240730286,0.43380242586135864,0.01609177701175213,0.9996967911720276,0.5327848196029663,0.5449569821357727,-0.04688706248998642,0.5552590489387512,0.50446617603302,0.5435861945152283,-0.1098368912935257,0.6100122928619385,0.5284387469291687,0.6759280562400818,0.011309114284813404,0.6724311113357544,0.5075164437294006,0.6910865306854248,-0.0798908919095993,0.48415708541870117,0.5235832333564758,0.7209866046905518,-0.06391271948814392,0.7357845902442932,0.5087597370147705,0.7391843795776367,-0.16440054774284363,0.5272947549819946
83,2.7666666666666666,0.5135225653648376,0.24561907351016998,-0.2550206482410431,0.9999581575393677,0.556569516658783,0.27793896198272705,-0.1306479275226593,0.9999837875366211,0.4820563793182373,0.2643079459667206,-0.07786737382411957,0.9999762773513794,0.5876710414886475,0.36313295364379883,-0.16095858812332153,0.9639714956283569,0.4617670476436615,0.2816075384616852,0.0004883782239630818,0.9609723091125488,0.5323913097381592,0.3653503954410553,-0.23668920993804932,0.9310798048973083,0.47047048807144165,0.35289284586906433,0.013972650282084942,0.9832852482795715,0.5408669114112854,0.4387297034263611,-0.006394786294549704,0.999684751033783,0.5007922053337097,0.43580254912376404,0.006298036780208349,0.9997240900993347,0.533376932144165,0.5724730491638184,0.0005641091847792268,0.5040007829666138,0.5026730895042419,0.5475825667381287,-0.13941973447799683,0.6144636869430542,0.5129656791687012,0.6629451513290405,0.1794952005147934,0.6061788201332092,0.5100163221359253,0.7054473161697388,-0.14166834950447083,0.48883429169654846,0.503857433795929,0.7036550045013428,0.15733882784843445,0.6643483638763428,0.5172063112258911,0.7516772747039795,-0.2314525544643402,0.5245009660720825
84,2.8,0.511850118637085,0.2463439553976059,-0.2581808567047119,0.9999597668647766,0.5562651753425598,0.2793343961238861,-0.1305132359266281,0.9999839067459106,0.4809975028038025,0.2704935073852539,-0.08471189439296722,0.9999783039093018,0.588206946849823,0.36310696601867676,-0.14219269156455994,0.9639067053794861,0.46324390172958374,0.29793235659599304,-0.014874234795570374,0.9580127000808716,0.533363938331604,0.3808949291706085,-0.21011248230934143,0.9235907196998596,0.4723717272281647,0.3658665418624878,-0.00047477363841608167,0.9805886745452881,0.5408748388290405,0.44048458337783813,-0.00027550850063562393,0.9997057914733887,0.5006648898124695,0.4400986433029175,0.00016711183707229793,0.9997495412826538,0.5341335535049438,0.5752779841423035,0.008442197926342487,0.45943641662597656,0.5006310939788818,0.5572711825370789,-0.10949690639972687,0.6322894096374512,0.5266980528831482,0.5476181507110596,0.21839377284049988,0.5459866523742676,0.5145761966705322,0.7137452960014343,-0.08912002295255661,0.49661216139793396,0.5095037221908569,0.5859905481338501,0.22551965713500977,0.5989429354667664,0.5241824388504028,0.7527691125869751,-0.1619408130645752,0.5170624852180481
85,2.8333333333333335,0.5115371346473694,0.24691931903362274,-0.26126033067703247,0.9999613165855408,0.5561513304710388,0.28024008870124817,-0.13046810030937195,0.9999839067459106,0.4801192283630371,0.27308622002601624,-0.08879585564136505,0.9999801516532898,0.5886459350585938,0.3630967140197754,-0.13383525609970093,0.9626549482345581,0.4640873074531555,0.3029384911060333,-0.018756331875920296,0.954328715801239,0.533924400806427,0.3840287923812866,-0.19611413776874542,0.9122210741043091,0.47276514768600464,0.36931779980659485,-0.012744450941681862,0.9776325225830078,0.5410629510879517,0.4415459930896759,0.0011637677671387792,0.9997251033782959,0.5006238222122192,0.4422389268875122,-0.0012783812126144767,0.9997726082801819,0.5353739261627197,0.5779958963394165,0.0036989140789955854,0.4192669689655304,0.4998196065425873,0.5654984712600708,-0.10022102296352386,0.6443303227424622,0.5308666825294495,0.5434589982032776,0.21531696617603302,0.491706907749176,0.5161489844322205,0.7149463295936584,-0.07954169809818268,0.4975489675998688,0.5130347013473511,0.5766150951385498,0.223127081990242,0.5398546457290649,0.5263818502426147,0.7534269690513611,-0.15272310376167297,0.50408536195755
86,2.8666666666666667,0.510089099407196,0.2475111484527588,-0.2647973299026489,0.9999598264694214,0.555382251739502,0.28185078501701355,-0.13671007752418518,0.9999828338623047,0.4795151352882385,0.27619174122810364,-0.090269535779953,0.999981701374054,0.589361310005188,0.36342713236808777,-0.14459228515625,0.9555981755256653,0.46342697739601135,0.3041236102581024,-0.02160193957388401,0.9422312378883362,0.5353789925575256,0.3924406170845032,-0.2118087112903595,0.8824126124382019,0.472456693649292,0.3733099699020386,-0.029818514361977577,0.9711818695068359,0.5411569476127625,0.4471745789051056,-0.0007308184867724776,0.9997423887252808,0.5005615949630737,0.4488389194011688,0.0006167413666844368,0.9997936487197876,0.5358991026878357,0.5828059911727905,-0.004625358618795872,0.38002732396125793,0.4981364607810974,0.5693272948265076,-0.1279715746641159,0.6494836211204529,0.5361095070838928,0.5231471657752991,0.21663689613342285,0.44268912076950073,0.5188648700714111,0.7181676030158997,-0.09832097589969635,0.4869163930416107,0.5166679620742798,0.5476475358009338,0.22648093104362488,0.486309677362442,0.5274181365966797,0.7573685646057129,-0.16905662417411804,0.48388588428497314
87,2.9,0.5099335312843323,0.24838848412036896,-0.28377434611320496,0.9999615550041199,0.5548645853996277,0.2829575538635254,-0.14950597286224365,0.999983012676239,0.4786115288734436,0.27798235416412354,-0.09396113455295563,0.9999831914901733,0.5898507833480835,0.363683819770813,-0.1566695272922516,0.955123245716095,0.46416860818862915,0.31046971678733826,-0.029918992891907692,0.9395231604576111,0.5361881852149963,0.39426177740097046,-0.22980932891368866,0.8755744695663452,0.4726797640323639,0.3752026855945587,-0.04795926436781883,0.9701903462409973,0.5413602590560913,0.4503605365753174,-0.003305151592940092,0.9997603297233582,0.5005161166191101,0.4527999460697174,0.0031650769524276257,0.9998129606246948,0.5370375514030457,0.5873762965202332,-0.008558880537748337,0.3499363660812378,0.4972666800022125,0.5782172083854675,-0.12077391147613525,0.6650065183639526,0.5421146154403687,0.5139874219894409,0.21346883475780487,0.3987777531147003,0.5207327604293823,0.7203530073165894,-0.07471682131290436,0.4932476580142975,0.5361961126327515,0.5291609168052673,0.2277175933122635,0.43869248032569885,0.5277678370475769,0.7577432990074158,-0.15147621929645538,0.4785541296005249
88,2.933333333333333,0.508812665939331,0.24964836239814758,-0.28233587741851807,0.9999639391899109,0.5550476312637329,0.2856918275356293,-0.1555657684803009,0.999983549118042,0.4779178202152252,0.28202566504478455,-0.09136804938316345,0.9999844431877136,0.5905107259750366,0.3650813698768616,-0.1539486050605774,0.9559917449951172,0.4641670286655426,0.31794172525405884,-0.03403979167342186,0.9387025833129883,0.5375198721885681,0.41108664870262146,-0.21169328689575195,0.8734947443008423,0.47321566939353943,0.3822350800037384,-0.06364045292139053,0.9698876738548279,0.5426802635192871,0.45261871814727783,-0.015080300159752369,0.9997788667678833,0.5012613534927368,0.4534398913383484,0.014900448732078075,0.999830424785614,0.5377681255340576,0.5925927758216858,-0.03401728346943855,0.3384319245815277,0.49620550870895386,0.5814187526702881,-0.07055649161338806,0.6830497980117798,0.5442705750465393,0.5279385447502136,0.17835915088653564,0.36007416248321533,0.5236702561378479,0.7264631390571594,-0.04013471677899361,0.5167347192764282,0.5410466194152832,0.5628187656402588,0.19564136862754822,0.3972184360027313,0.5232933759689331,0.7693502902984619,-0.09211879968643188,0.4903624951839447
89,2.966666666666667,0.5070102214813232,0.2529718577861786,-0.2991448640823364,0.9999642372131348,0.5547889471054077,0.28924423456192017,-0.162991464138031,0.9999833703041077,0.4750116765499115,0.2846708595752716,-0.11849264800548553,0.9999854564666748,0.5907878875732422,0.3650369346141815,-0.14390774071216583,0.9559788703918457,0.4646337628364563,0.3333829641342163,-0.10665585100650787,0.9396616220474243,0.5464485883712769,0.4216213524341583,-0.1939525455236435,0.8689029216766357,0.47340160608291626,0.3920997083187103,-0.18716742098331451,0.9710123538970947,0.5437365174293518,0.45963144302368164,-0.01405191607773304,0.9997963309288025,0.5011877417564392,0.4610861837863922,0.01387605257332325,0.9998462796211243,0.5387507081031799,0.5998842120170593,-0.03574681654572487,0.3446257710456848,0.49558645486831665,0.5928647518157959,-0.05061020702123642,0.7042859792709351,0.5452690124511719,0.5258301496505737,0.18717840313911438,0.32622581720352173,0.5275561213493347,0.7329798936843872,-0.0030195482540875673,0.5474263429641724,0.5430523157119751,0.5499390959739685,0.20906098186969757,0.3619033992290497,0.5213679671287537,0.7766748070716858,-0.05207964777946472,0.511742115020752
90,3.0,0.5064729452133179,0.2558898627758026,-0.2590055763721466,0.9999653697013855,0.5539565682411194,0.291663259267807,-0.12243958562612534,0.9999830722808838,0.47291916608810425,0.28968000411987305,-0.08936218172311783,0.9999860525131226,0.5913528203964233,0.3645755350589752,-0.08745742589235306,0.9558638334274292,0.46472781896591187,0.3508392870426178,-0.10460829734802246,0.94048011302948,0.5563334226608276,0.4299928545951843,-0.12459293752908707,0.8718087673187256,0.47419625520706177,0.398316353559494,-0.22025954723358154,0.972905695438385,0.5439504981040955,0.47032850980758667,-0.01392831839621067,0.9998108148574829,0.5011376738548279,0.4709857106208801,0.013746100477874279,0.9998599886894226,0.5408774614334106,0.6092072129249573,-0.035093896090984344,0.35988059639930725,0.495307981967926,0.6035948991775513,-0.035666074603796005,0.7218913435935974,0.5401405096054077,0.5377658605575562,0.19162617623806,0.2962147295475006,0.5318824052810669,0.7364696264266968,0.014684783294796944,0.5741122961044312,0.5282710790634155,0.5509835481643677,0.2183796465396881,0.33055588603019714,0.521106481552124,0.7783328294754028,-0.02696854993700981,0.5308540463447571
91,3.033333333333333,0.5063298344612122,0.2583726942539215,-0.2692708969116211,0.9999674558639526,0.5537837743759155,0.29214149713516235,-0.13090607523918152,0.9999831914901733,0.4716302752494812,0.29183804988861084,-0.09867922961711884,0.9999868273735046,0.5921686887741089,0.36412543058395386,-0.11187964677810669,0.9568259716033936,0.46469730138778687,0.35103195905685425,-0.1264808475971222,0.9418458938598633,0.5574561953544617,0.43098077178001404,-0.1561983972787857,0.8745809197425842,0.4742337763309479,0.39949464797973633,-0.24651172757148743,0.9745676517486572,0.5450008511543274,0.4712161123752594,-0.014956903643906116,0.9998242855072021,0.5011371374130249,0.4730231463909149,0.014765076339244843,0.9998725056648254,0.5417214035987854,0.6124526262283325,-0.03447896987199783,0.37798166275024414,0.49466824531555176,0.6059167385101318,-0.03533158823847771,0.7391210198402405,0.5444821119308472,0.5140275359153748,0.19413664937019348,0.2691550850868225,0.5323970913887024,0.7355725765228271,0.021106969565153122,0.5963740944862366,0.5344730615615845,0.5374370813369751,0.22483161091804504,0.30247679352760315,0.5190173387527466,0.7785959243774414,-0.016904328018426895,0.5455894470214844
92,3.066666666666667,0.5048691034317017,0.26021602749824524,-0.2708736062049866,0.9999682903289795,0.5532945394515991,0.2948988676071167,-0.13098770380020142,0.9999834299087524,0.47036218643188477,0.29574140906333923,-0.09627566486597061,0.9999868273735046,0.593065083026886,0.36234214901924133,-0.07885514944791794,0.958241879940033,0.46464553475379944,0.3589637875556946,-0.11109808832406998,0.9393185377120972,0.5635178089141846,0.43963423371315,-0.09656782448291779,0.8791072368621826,0.47416287660598755,0.4029492139816284,-0.2213861048221588,0.9747525453567505,0.5453600883483887,0.47538095712661743,-0.014527082443237305,0.9998360872268677,0.5010821223258972,0.47872862219810486,0.014336307533085346,0.9998830556869507,0.5425289869308472,0.6150633096694946,-0.032352037727832794,0.3891794681549072,0.49486756324768066,0.6107136607170105,-0.03507927060127258,0.7520785331726074,0.5437259674072266,0.5230346918106079,0.20742972195148468,0.244761660695076,0.533367395401001,0.7355247735977173,0.020844951272010803,0.6154494881629944,0.5339100956916809,0.5469430088996887,0.23846650123596191,0.2764100134372711,0.5186992883682251,0.7774477005004883,-0.01763748563826084,0.5558291673660278
93,3.1,0.5049574375152588,0.26090094447135925,-0.2718401551246643,0.9999697208404541,0.5528675317764282,0.2951660454273224,-0.13204577565193176,0.9999839067459106,0.46926307678222656,0.2981659770011902,-0.09637238830327988,0.9999867081642151,0.5934351682662964,0.3612104654312134,-0.08745615184307098,0.9600735306739807,0.46475785970687866,0.3632453978061676,-0.13507051765918732,0.9345181584358215,0.5643263459205627,0.43928515911102295,-0.11542103439569473,0.8852999806404114,0.47452157735824585,0.405503511428833,-0.271606981754303,0.9742200970649719,0.5457509756088257,0.4748508930206299,-0.014251421205699444,0.9998469352722168,0.5010691285133362,0.4792547821998596,0.014061301946640015,0.9998924136161804,0.5431276559829712,0.6150656342506409,-0.0284423865377903,0.40637674927711487,0.4949986934661865,0.6113649010658264,-0.035092294216156006,0.7646903991699219,0.5452871322631836,0.5158388614654541,0.21187826991081238,0.22334742546081543,0.5335062742233276,0.7376464605331421,0.017022907733917236,0.636033296585083,0.5374224185943604,0.5390048027038574,0.24486108124256134,0.2540327310562134,0.5181201100349426,0.7781786322593689,-0.022130250930786133,0.5698739290237427
94,3.1333333333333333,0.5045640468597412,0.2619796693325043,-0.2666510343551636,0.9999710321426392,0.5529839396476746,0.2989248037338257,-0.12693561613559723,0.9999850392341614,0.4684980809688568,0.3029729723930359,-0.10162211954593658,0.9999865889549255,0.5946353673934937,0.3582892119884491,-0.06606151908636093,0.9632671475410461,0.4647020697593689,0.3800942301750183,-0.15217813849449158,0.9313664436340332,0.571165144443512,0.43470650911331177,-0.08023328334093094,0.8954300880432129,0.47561120986938477,0.4096812307834625,-0.2940048575401306,0.9732608795166016,0.5456005334854126,0.4815719723701477,-0.009879597462713718,0.9998584985733032,0.5001912713050842,0.4828812777996063,0.009686512872576714,0.9999009966850281,0.5435464978218079,0.6154072880744934,-0.016483865678310394,0.41976460814476013,0.4950862526893616,0.6108688712120056,-0.043272629380226135,0.7781566977500916,0.5441223978996277,0.5206757187843323,0.23220506310462952,0.203962042927742,0.5335854887962341,0.7374297976493835,0.0071949707344174385,0.6572345495223999,0.536019504070282,0.5452743768692017,0.26617082953453064,0.23365923762321472,0.5185693502426147,0.7766672968864441,-0.035851649940013885,0.586581289768219
95,3.1666666666666665,0.5039259195327759,0.2636333703994751,-0.2524876594543457,0.9999709725379944,0.5538825988769531,0.30355700850486755,-0.11562160402536392,0.9999861717224121,0.46734151244163513,0.3086360991001129,-0.09319546073675156,0.9999862313270569,0.597158670425415,0.34999880194664,-0.04017333686351776,0.9662535190582275,0.4631546437740326,0.3942868113517761,-0.14059117436408997,0.9279373288154602,0.5760493278503418,0.4308992922306061,-0.041527628898620605,0.9051401615142822,0.47538232803344727,0.4104152321815491,-0.2875785231590271,0.9730781316757202,0.5454792976379395,0.4877660572528839,-0.00956446211785078,0.9998687505722046,0.49839505553245544,0.4879840016365051,0.009362483397126198,0.9999079704284668,0.5432230234146118,0.6152912378311157,-0.028224309906363487,0.4348844885826111,0.4951254427433014,0.6133327484130859,-0.02660301700234413,0.7868654727935791,0.5292034149169922,0.5426297783851624,0.2154873162508011,0.18683436512947083,0.5342074632644653,0.7356846928596497,0.026385372504591942,0.6749712824821472,0.523444652557373,0.5522322058677673,0.24732907116413116,0.21578143537044525,0.51799476146698,0.7760702967643738,-0.012990917079150677,0.599980890750885
96,3.2,0.5039151310920715,0.26623913645744324,-0.2867196202278137,0.999968945980072,0.553921103477478,0.3043510615825653,-0.12923485040664673,0.9999871850013733,0.46655741333961487,0.3131241202354431,-0.1224895492196083,0.9999855160713196,0.5999489426612854,0.33569493889808655,-0.03872404620051384,0.968652606010437,0.4605903625488281,0.40627506375312805,-0.1808120459318161,0.9247309565544128,0.5791357755661011,0.4198891818523407,-0.01716810092329979,0.913615345954895,0.4752996563911438,0.4082818627357483,-0.33681583404541016,0.9735183119773865,0.5454331040382385,0.4879890978336334,-0.00782773271203041,0.999876856803894,0.49782800674438477,0.4895753264427185,0.007618357427418232,0.9999131560325623,0.5430105924606323,0.6145583987236023,-0.02967141568660736,0.4487415552139282,0.4954577386379242,0.6165438890457153,-0.023723384365439415,0.7923874855041504,0.5281988978385925,0.5503053069114685,0.22599788010120392,0.17172662913799286,0.5347276926040649,0.7357027530670166,0.045948825776576996,0.6889888644218445,0.5240358114242554,0.5569197535514832,0.257548063993454,0.1998792141675949,0.5175399780273438,0.7746917605400085,0.006381724029779434,0.6083781123161316
97,3.2333333333333334,0.5038526058197021,0.2669404149055481,-0.31614792346954346,0.9999691843986511,0.5539442896842957,0.3045600354671478,-0.1485384851694107,0.9999881386756897,0.46615228056907654,0.31551864743232727,-0.14322403073310852,0.9999850392341614,0.6003159284591675,0.3319947421550751,-0.03394698351621628,0.9708707928657532,0.45943284034729004,0.40857574343681335,-0.19930154085159302,0.9220425486564636,0.5804389119148254,0.4137260913848877,0.002882495056837797,0.9214866161346436,0.475170761346817,0.40845221281051636,-0.35687482357025146,0.9738881587982178,0.5453590750694275,0.4855492115020752,-0.006475583650171757,0.9998834133148193,0.49746713042259216,0.4868830740451813,0.006258893758058548,0.9999170899391174,0.5429989695549011,0.6138129830360413,-0.02762571908533573,0.45778635144233704,0.495614618062973,0.6171790957450867,-0.015516812913119793,0.7949362993240356,0.5211164951324463,0.5501179099082947,0.2208385169506073,0.1583893597126007,0.534270167350769,0.7350519895553589,0.05909902974963188,0.7008188366889954,0.5127796530723572,0.5561918616294861,0.24472086131572723,0.18661561608314514,0.517809271812439,0.7737406492233276,0.018050208687782288,0.6169845461845398
98,3.2666666666666666,0.5039225220680237,0.2675294876098633,-0.32730570435523987,0.9999675750732422,0.5539568066596985,0.30396807193756104,-0.15484188497066498,0.9999890923500061,0.46607622504234314,0.3180769383907318,-0.14898739755153656,0.9999834299087524,0.6009368300437927,0.3221993148326874,-0.034403808414936066,0.9729471802711487,0.45646023750305176,0.4113210141658783,-0.21593566238880157,0.9126977920532227,0.5824869871139526,0.4007360339164734,0.003914279397577047,0.9287885427474976,0.4750217795372009,0.4067281186580658,-0.38262611627578735,0.9723526835441589,0.5452660322189331,0.4854453206062317,-0.006581743713468313,0.9998859763145447,0.49773526191711426,0.48737025260925293,0.006364651024341583,0.9999166131019592,0.5417070984840393,0.6127798557281494,-0.027753323316574097,0.44430533051490784,0.49612027406692505,0.6179399490356445,-0.022600248456001282,0.7827540636062622,0.5198484659194946,0.547171413898468,0.2165001928806305,0.14461474120616913,0.5344263315200806,0.735783576965332,0.04538211598992348,0.7046831846237183,0.5129941701889038,0.5484824776649475,0.2384430170059204,0.17169266939163208,0.5167478322982788,0.773127555847168,0.0006109107052907348,0.6146617531776428
99,3.3,0.504084050655365,0.2675152122974396,-0.3085879683494568,0.9999650716781616,0.5539822578430176,0.30366748571395874,-0.15173450112342834,0.9999898672103882,0.4660335183143616,0.3184123933315277,-0.13433954119682312,0.9999812245368958,0.6011127829551697,0.320222407579422,-0.028138060122728348,0.9744065999984741,0.45546627044677734,0.4118587374687195,-0.1930541843175888,0.9003269076347351,0.5829439759254456,0.3967217206954956,0.006644414272159338,0.9349902272224426,0.4742158055305481,0.4058258831501007,-0.35026219487190247,0.9690064191818237,0.5452054738998413,0.48516327142715454,-0.00674364622682333,0.9998887181282043,0.4979282319545746,0.48698797821998596,0.006527474615722895,0.9999165534973145,0.5409387946128845,0.6120943427085876,-0.030743803828954697,0.4322352707386017,0.49660754203796387,0.6172427535057068,-0.02390196919441223,0.7686156630516052,0.517404317855835,0.5471692085266113,0.20375457406044006,0.13222073018550873,0.5348114967346191,0.736315906047821,0.039126522839069366,0.7039673924446106,0.510128378868103,0.549653172492981,0.22508005797863007,0.15829502046108246,0.5159162282943726,0.7729742527008057,-0.004080384038388729,0.6090958118438721
100,3.3333333333333335,0.5041838884353638,0.2672443389892578,-0.27336591482162476,0.9999611377716064,0.5538780093193054,0.3023969531059265,-0.11204365640878677,0.9999904036521912,0.4662424623966217,0.3177490830421448,-0.10267601907253265,0.9999784231185913,0.601743221282959,0.30921611189842224,-0.005245839711278677,0.9738781452178955,0.45388659834861755,0.4127582013607025,-0.17397013306617737,0.8868114948272705,0.5833026170730591,0.3862250745296478,0.022956499829888344,0.9396472573280334,0.4742192327976227,0.4033307731151581,-0.33228445053100586,0.9679272770881653,0.5451221466064453,0.48418647050857544,-0.009599817916750908,0.9998860359191895,0.49805688858032227,0.48587942123413086,0.009331918321549892,0.9999108910560608,0.5360061526298523,0.6081119775772095,-0.060208044946193695,0.4183347225189209,0.49689215421676636,0.6155189275741577,-0.013473471626639366,0.7372870445251465,0.5072149038314819,0.5471052527427673,0.12563464045524597,0.12258545309305191,0.5346072912216187,0.7361469864845276,0.058770447969436646,0.6943135261535645,0.49550074338912964,0.54869544506073,0.13357074558734894,0.14867554605007172,0.5138858556747437,0.7714367508888245,0.023807702586054802,0.5960466265678406
101,3.3666666666666667,0.5042515993118286,0.2669738829135895,-0.2771720588207245,0.999955415725708,0.5532876253128052,0.2964203357696533,-0.12566187977790833,0.9999909996986389,0.4664328098297119,0.31592342257499695,-0.10860396921634674,0.9999784231185913,0.6018842458724976,0.29459986090660095,-0.03151538223028183,0.9758921265602112,0.4517093598842621,0.40977156162261963,-0.1744791567325592,0.8882229328155518,0.5825740098953247,0.3705196678638458,0.0061200810596346855,0.9430772662162781,0.47534728050231934,0.3943147361278534,-0.3218109905719757,0.9676353335380554,0.5445919632911682,0.4810018241405487,-0.011498704552650452,0.9998922348022461,0.49846357107162476,0.4845536947250366,0.01125873439013958,0.9999153017997742,0.5332462191581726,0.6022183895111084,-0.04935761168599129,0.4299452006816864,0.4981864392757416,0.6087896823883057,-0.019718695431947708,0.739204466342926,0.5349131226539612,0.5313551425933838,0.2034912109375,0.11355552077293396,0.5346608757972717,0.7297415733337402,0.04669787734746933,0.7033923864364624,0.5420933961868286,0.5506523847579956,0.253946453332901,0.13810111582279205,0.512761652469635,0.7678564190864563,0.017115134745836258,0.5993064045906067
102,3.4,0.5046060681343079,0.26560601592063904,-0.26525983214378357,0.9999357461929321,0.5507863759994507,0.28809380531311035,-0.12580645084381104,0.9999902844429016,0.46650582551956177,0.3150293231010437,-0.10641641914844513,0.9999706149101257,0.6010525822639465,0.2823165953159332,-0.11564929783344269,0.9773708581924438,0.4494841694831848,0.40650859475135803,-0.1802082359790802,0.8958648443222046,0.5813458561897278,0.3559543192386627,-0.18390092253684998,0.9452188611030579,0.4758830964565277,0.386846125125885,-0.33031392097473145,0.9691378474235535,0.5431541204452515,0.48066702485084534,-0.011839242652058601,0.9998912811279297,0.49925899505615234,0.48545485734939575,0.01163651142269373,0.9999086260795593,0.5300149321556091,0.5910552740097046,-0.07203461974859238,0.4791818857192993,0.5054153800010681,0.608683168888092,-0.015392283909022808,0.7561160922050476,0.5393253564834595,0.6465815901756287,0.20106884837150574,0.1357623189687729,0.5335168838500977,0.7225548028945923,0.09994503110647202,0.7236294746398926,0.5417792797088623,0.693899393081665,0.21379394829273224,0.15419746935367584,0.5130754113197327,0.7642855048179626,0.06378495693206787,0.6202718019485474
103,3.433333333333333,0.5048921704292297,0.2643873691558838,-0.2601713240146637,0.9999170899391174,0.5495737791061401,0.28558221459388733,-0.1243465393781662,0.9999896287918091,0.4666055142879486,0.3143761456012726,-0.10248152911663055,0.999963641166687,0.6003764867782593,0.28102588653564453,-0.1140715703368187,0.978446900844574,0.44881471991539,0.40532854199409485,-0.1765163391828537,0.9022588729858398,0.5807405710220337,0.35382628440856934,-0.17749089002609253,0.9462865591049194,0.47624045610427856,0.3844720721244812,-0.32541507482528687,0.9701360464096069,0.5422468781471252,0.4803982675075531,-0.012678821571171284,0.9998915791511536,0.49962759017944336,0.48586350679397583,0.012501820921897888,0.999904215335846,0.5274299383163452,0.5931275486946106,-0.06896140426397324,0.5225818753242493,0.5074361562728882,0.6087456941604614,-0.004132396541535854,0.7698217630386353,0.5403786897659302,0.652631938457489,0.19870834052562714,0.15499983727931976,0.5331093072891235,0.7197360396385193,0.11659979820251465,0.7408568263053894,0.5412304997444153,0.6987123489379883,0.207914799451828,0.16802416741847992,0.5135321617126465,0.7627043128013611,0.08215926587581635,0.6376140117645264
104,3.466666666666667,0.505561888217926,0.2632318437099457,-0.25952208042144775,0.9998793601989746,0.5497328042984009,0.27992016077041626,-0.11867837607860565,0.9999892115592957,0.4669632017612457,0.31162625551223755,-0.10460291057825089,0.9999607801437378,0.5996118783950806,0.2723759412765503,-0.0952332466840744,0.9794524908065796,0.4464191794395447,0.4033772647380829,-0.17489440739154816,0.9096254706382751,0.5801421999931335,0.3464202284812927,-0.13974864780902863,0.9480798840522766,0.477042019367218,0.38264110684394836,-0.3244207799434662,0.9722673892974854,0.5417137742042542,0.4773705005645752,-0.010221266187727451,0.9998936653137207,0.4995211958885193,0.4854165017604828,0.010040780529379845,0.9999038577079773,0.5291543006896973,0.5752175450325012,-0.09430792182683945,0.5655081272125244,0.5060586333274841,0.6064338088035583,0.003127791453152895,0.7870011329650879,0.5405458807945251,0.6151486039161682,0.14389993250370026,0.19190488755702972,0.5255484580993652,0.7207542657852173,0.08972705155611038,0.7632205486297607,0.5386903882026672,0.6804675459861755,0.14263010025024414,0.20136943459510803,0.5135783553123474,0.7629097104072571,0.04433789849281311,0.6654505133628845
105,3.5,0.5059617757797241,0.26261651515960693,-0.2615998387336731,0.9998499155044556,0.5498107671737671,0.2782742381095886,-0.11825469881296158,0.9999887943267822,0.4672061502933502,0.31020697951316833,-0.10668245702981949,0.999958336353302,0.599129319190979,0.2706232964992523,-0.0920472964644432,0.9804877042770386,0.44549673795700073,0.4022558331489563,-0.1764800250530243,0.9165694117546082,0.5798112154006958,0.34482839703559875,-0.1350732147693634,0.9497285485267639,0.477302223443985,0.38198715448379517,-0.3189759850502014,0.9742282032966614,0.5414273738861084,0.47579753398895264,-0.008534853346645832,0.9998961687088013,0.4994654655456543,0.48511984944343567,0.008350959978997707,0.9999042749404907,0.5300115346908569,0.5703648924827576,-0.10116330534219742,0.6051328778266907,0.5052573680877686,0.6049079298973083,0.003938676789402962,0.8032816052436829,0.5403563380241394,0.6070340275764465,0.1367686688899994,0.23005522787570953,0.5234955549240112,0.7213496565818787,0.08800169080495834,0.7838494777679443,0.5378745794296265,0.678316593170166,0.13462962210178375,0.23611263930797577,0.5137085914611816,0.7629546523094177,0.036169253289699554,0.6916232109069824
106,3.533333333333333,0.5075064897537231,0.2609540820121765,-0.26215413212776184,0.9998199939727783,0.5499656200408936,0.276248961687088,-0.12152381241321564,0.9999880790710449,0.4677000641822815,0.3088504672050476,-0.1247958317399025,0.9999479055404663,0.5977214574813843,0.26506897807121277,-0.08194215595722198,0.9816668033599854,0.44465747475624084,0.4001741111278534,-0.179386168718338,0.922668993473053,0.5795707106590271,0.3409793972969055,-0.0819653570652008,0.9498560428619385,0.4772874414920807,0.38124382495880127,-0.304315447807312,0.9746260046958923,0.540887713432312,0.4710947275161743,-0.00681189214810729,0.9998693466186523,0.4994880259037018,0.48047930002212524,0.006630980875343084,0.9998553991317749,0.5279990434646606,0.5732906460762024,-0.10031209141016006,0.6340048313140869,0.5047804713249207,0.5966448783874512,-0.005572333000600338,0.8013440370559692,0.5388832092285156,0.6527878046035767,0.08270610868930817,0.2549859583377838,0.522724986076355,0.7153816819190979,0.08137653023004532,0.7872394919395447,0.5375399589538574,0.7122954726219177,0.05969391018152237,0.2546737492084503,0.5138232111930847,0.7628745436668396,0.03234458714723587,0.6931585669517517
107,3.566666666666667,0.5090152621269226,0.2599107623100281,-0.25316736102104187,0.999820351600647,0.549189031124115,0.27374452352523804,-0.1125110387802124,0.9999880790710449,0.4686765670776367,0.30543142557144165,-0.11642899364233017,0.9999454617500305,0.5943073630332947,0.25921347737312317,-0.05681021884083748,0.9820790886878967,0.4421690106391907,0.39152294397354126,-0.17281857132911682,0.9283545017242432,0.5793837904930115,0.33489829301834106,-0.061119407415390015,0.9498562812805176,0.47719329595565796,0.3794780373573303,-0.2916758954524994,0.9751526117324829,0.5396498441696167,0.4682871401309967,-0.00700358534231782,0.999848484992981,0.49950042366981506,0.4799826443195343,0.00682163005694747,0.9998178482055664,0.5264536738395691,0.5611335635185242,-0.12839344143867493,0.6517037749290466,0.5082199573516846,0.5993647575378418,0.02236117050051689,0.7682940363883972,0.5380451083183289,0.6531673669815063,0.019427400082349777,0.2558588981628418,0.5202494859695435,0.7172650694847107,0.10621458292007446,0.7679189443588257,0.536783754825592,0.7140865921974182,-0.01050946768373251,0.2557139992713928,0.5136768221855164,0.762884259223938,0.05446838214993477,0.6711845993995667
108,3.6,0.5101311802864075,0.25885191559791565,-0.27477362751960754,0.9997951984405518,0.5488647222518921,0.2722100019454956,-0.12961462140083313,0.9999868869781494,0.46927332878112793,0.3029942512512207,-0.13615038990974426,0.9999383687973022,0.592216968536377,0.2559796869754791,-0.08483205735683441,0.9824415445327759,0.44101792573928833,0.3845732510089874,-0.19034799933433533,0.9340276122093201,0.5793230533599854,0.332541286945343,-0.10760438442230225,0.9511509537696838,0.4763886034488678,0.37970563769340515,-0.3035731315612793,0.9764425158500671,0.5387005805969238,0.46649932861328125,-0.002155113499611616,0.9998444318771362,0.4992760717868805,0.47695210576057434,0.0019647737499326468,0.9998089671134949,0.5267996191978455,0.5645325779914856,-0.1021631583571434,0.6732946634292603,0.5074068307876587,0.5940112471580505,0.012491036206483841,0.7675047516822815,0.5375927090644836,0.6552172303199768,0.05763145536184311,0.27989456057548523,0.5155637264251709,0.7138251662254333,0.09219405800104141,0.775238573551178,0.5367161631584167,0.7176214456558228,0.0245923213660717,0.27933189272880554,0.5159338116645813,0.7590504288673401,0.03913668543100357,0.6771606802940369
109,3.6333333333333333,0.5105253458023071,0.2582658529281616,-0.2783055305480957,0.9997745752334595,0.5489009618759155,0.2712720036506653,-0.13171586394309998,0.9999861121177673,0.46964484453201294,0.30191779136657715,-0.13714705407619476,0.999933123588562,0.5914235711097717,0.25515273213386536,-0.08459636569023132,0.9829299449920654,0.44076022505760193,0.38283923268318176,-0.18846647441387177,0.9389417767524719,0.5792073011398315,0.3323565423488617,-0.10405000299215317,0.9520319700241089,0.47575458884239197,0.3796403706073761,-0.3035826086997986,0.9774733185768127,0.5381907224655151,0.46524807810783386,-6.587769803445553e-06,0.999840497970581,0.49907732009887695,0.47506946325302124,-0.0001853851426858455,0.9998005628585815,0.5270856618881226,0.566491425037384,-0.09966100752353668,0.6884298920631409,0.5068902373313904,0.5908623337745667,0.006338580045849085,0.7628228068351746,0.5372697710990906,0.6572843790054321,0.06413443386554718,0.2956748902797699,0.5146867036819458,0.712845504283905,0.08053659647703171,0.7783834934234619,0.5374137163162231,0.7215999364852905,0.030040621757507324,0.29449865221977234,0.5177301168441772,0.7587427496910095,0.015148133039474487,0.6783380508422852
110,3.6666666666666665,0.5114246606826782,0.25689905881881714,-0.2690375745296478,0.9997245669364929,0.5484239459037781,0.27025362849235535,-0.12797459959983826,0.9999842643737793,0.4701792597770691,0.3011726438999176,-0.13142593204975128,0.9999145269393921,0.5899020433425903,0.2537529766559601,-0.09009187668561935,0.9814940690994263,0.44063347578048706,0.3792634606361389,-0.17017525434494019,0.9390419721603394,0.5791113972663879,0.3328271210193634,-0.1259736269712448,0.9515669345855713,0.47557002305984497,0.37908002734184265,-0.2657916247844696,0.9762965440750122,0.5371111631393433,0.46408119797706604,0.0019327871268615127,0.9998040795326233,0.4985072612762451,0.4723203480243683,-0.002118345582857728,0.9997366070747375,0.5272698402404785,0.5686558485031128,0.0010979748331010342,0.6489133834838867,0.5066033601760864,0.5905060172080994,-0.014913859777152538,0.7228782773017883,0.5371888875961304,0.6743751764297485,0.098173126578331,0.290657639503479,0.5137555599212646,0.7062657475471497,0.043868981301784515,0.7480019330978394,0.5371331572532654,0.7343049645423889,0.06741346418857574,0.2893693745136261,0.5177600979804993,0.7566942572593689,-0.01726521924138069,0.6489459872245789
111,3.7,0.511709988117218,0.25606805086135864,-0.26916563510894775,0.9997085332870483,0.5480541586875916,0.2697735130786896,-0.12793245911598206,0.9999828934669495,0.47061482071876526,0.3004613220691681,-0.13015016913414001,0.9999030828475952,0.5893445014953613,0.2532694935798645,-0.1054014340043068,0.9811106324195862,0.44061484932899475,0.3774982988834381,-0.1745452582836151,0.9411756992340088,0.5790682435035706,0.3326123356819153,-0.15480397641658783,0.951892614364624,0.4751407206058502,0.37797385454177856,-0.28067415952682495,0.9761109352111816,0.5360623598098755,0.4621655344963074,0.001941277296282351,0.9997863173484802,0.49777156114578247,0.4695320129394531,-0.0021231654100120068,0.9997043609619141,0.5270465612411499,0.5679025650024414,-0.020834142342209816,0.637778103351593,0.5062283277511597,0.5870046615600586,-0.012573766522109509,0.6997338533401489,0.5369347333908081,0.6733216643333435,0.09706389158964157,0.29798293113708496,0.5132847428321838,0.6979747414588928,0.05304156616330147,0.7329850792884827,0.5367487668991089,0.7316963076591492,0.05324503034353256,0.29496562480926514,0.5177537202835083,0.752657413482666,-0.007947595790028572,0.6321174502372742
112,3.7333333333333334,0.5118914842605591,0.25555405020713806,-0.2531326413154602,0.9997362494468689,0.5480851531028748,0.2706299126148224,-0.11819417774677277,0.9999841451644897,0.4707097113132477,0.30015233159065247,-0.1106853261590004,0.9999068379402161,0.5897324085235596,0.2570560574531555,-0.10194094479084015,0.9822145700454712,0.4406275153160095,0.3766438364982605,-0.15082088112831116,0.9448890686035156,0.5790196061134338,0.33566951751708984,-0.15371838212013245,0.9551374316215515,0.4744301438331604,0.39585080742836,-0.24048177897930145,0.9762181639671326,0.5356905460357666,0.4590945243835449,-0.006302503403276205,0.9997621774673462,0.4970405101776123,0.4684125781059265,0.006055002566426992,0.9995907545089722,0.5268603563308716,0.5494481325149536,-0.20243403315544128,0.6599867939949036,0.5062057375907898,0.5878596305847168,0.03618506342172623,0.6489023566246033,0.5339597463607788,0.6966555118560791,-0.16850987076759338,0.33698195219039917,0.517851710319519,0.6871622800827026,0.19918577373027802,0.6754277348518372,0.5326598286628723,0.7489086389541626,-0.24645546078681946,0.3406055271625519,0.5174123048782349,0.7360163927078247,0.16741988062858582,0.5858179330825806
113,3.7666666666666666,0.5118770003318787,0.2556593418121338,-0.2674185037612915,0.9997596144676208,0.5487704277038574,0.2714478075504303,-0.13130852580070496,0.9999850988388062,0.4708893299102783,0.2998606562614441,-0.11243641376495361,0.9998968243598938,0.5896347165107727,0.2692733705043793,-0.10008750110864639,0.9812971353530884,0.44031721353530884,0.3726235628128052,-0.13170331716537476,0.9400665760040283,0.5792668461799622,0.342640221118927,-0.1396118700504303,0.9571089744567871,0.47215551137924194,0.40929895639419556,-0.21301314234733582,0.96490877866745,0.5359131097793579,0.45848342776298523,-0.007367885671555996,0.9997243285179138,0.49608007073402405,0.46608224511146545,0.007120467722415924,0.9993011355400085,0.5270870923995972,0.5548486709594727,-0.12647885084152222,0.6433488726615906,0.5047222375869751,0.5890742540359497,0.01951904036104679,0.5914328098297119,0.5300806760787964,0.7198919653892517,-0.11184698343276978,0.3745933473110199,0.5127898454666138,0.5953551530838013,0.23014113306999207,0.6091805100440979,0.521751880645752,0.7734413146972656,-0.19896897673606873,0.3773740530014038,0.5169715881347656,0.6269063949584961,0.23531682789325714,0.5296967625617981
114,3.8,0.5121539831161499,0.25602608919143677,-0.2518004775047302,0.9997798800468445,0.5491734147071838,0.27786704897880554,-0.12122882902622223,0.9999856352806091,0.47098198533058167,0.29993537068367004,-0.105509914457798,0.9998908042907715,0.5898226499557495,0.27884677052497864,-0.09700926393270493,0.979129433631897,0.4399781823158264,0.3730517029762268,-0.10956667363643646,0.9384152889251709,0.580356240272522,0.3527613878250122,-0.13400745391845703,0.9578919410705566,0.4698809087276459,0.41775715351104736,-0.18853458762168884,0.9616280794143677,0.5355727672576904,0.4585593640804291,-0.0073953368701040745,0.9996989369392395,0.49517321586608887,0.4669022858142853,0.007147630210965872,0.9991302490234375,0.5275865197181702,0.5747463703155518,-0.07966142892837524,0.6317088007926941,0.5030716061592102,0.5993247628211975,0.02132926508784294,0.5420207381248474,0.5273686647415161,0.7306190729141235,-0.07452244311571121,0.41787466406822205,0.5036774277687073,0.5999876856803894,0.24636268615722656,0.5499830842018127,0.5199645161628723,0.7842622399330139,-0.15964211523532867,0.41750359535217285,0.5095432996749878,0.6173565983772278,0.2598470449447632,0.47974222898483276
115,3.8333333333333335,0.5122926831245422,0.25627490878105164,-0.24957628548145294,0.9997984766960144,0.5493578910827637,0.28085771203041077,-0.11810708045959473,0.9999862313270569,0.47098469734191895,0.2999722361564636,-0.10395835340023041,0.9998880624771118,0.5896685719490051,0.2827845811843872,-0.09971760958433151,0.9769526124000549,0.4397038519382477,0.37339723110198975,-0.10875833034515381,0.9370226263999939,0.5810428261756897,0.35560986399650574,-0.15989837050437927,0.9586014747619629,0.46895092725753784,0.41912126541137695,-0.1899888962507248,0.9593285322189331,0.5353865623474121,0.45961079001426697,-0.007262052036821842,0.9996702671051025,0.494699090719223,0.46739450097084045,0.007018684409558773,0.9989686012268066,0.5276670455932617,0.5804676413536072,-0.06870264559984207,0.6178910136222839,0.5018776655197144,0.6033669114112854,0.018935617059469223,0.4989297389984131,0.5258640050888062,0.7310638427734375,-0.06572358310222626,0.45413726568222046,0.5028693079948425,0.6057462692260742,0.23663339018821716,0.4966179430484772,0.5188639163970947,0.7860667705535889,-0.15089192986488342,0.4515151381492615,0.5066853761672974,0.637847900390625,0.2500231862068176,0.4346567690372467
116,3.8666666666666667,0.5122430920600891,0.2570446729660034,-0.2735396921634674,0.9998146891593933,0.5533370971679688,0.28625041246414185,-0.1270749866962433,0.9999865293502808,0.47097164392471313,0.3001134991645813,-0.11152376234531403,0.9998893737792969,0.5894356966018677,0.2976372539997101,-0.09354711323976517,0.974292516708374,0.4398372173309326,0.3733375072479248,-0.09840388596057892,0.9382433891296387,0.5814098119735718,0.36964067816734314,-0.13109508156776428,0.9591211080551147,0.46616870164871216,0.4290877878665924,-0.16245916485786438,0.9598374962806702,0.5354130864143372,0.46446236968040466,-0.007133244536817074,0.9996646642684937,0.4933907985687256,0.468423455953598,0.00688573345541954,0.9989339709281921,0.5286166667938232,0.5915482640266418,-0.06895476579666138,0.6223415732383728,0.5013478994369507,0.6094484329223633,-0.0001041632640408352,0.47029420733451843,0.5257670879364014,0.73619544506073,-0.05677788332104683,0.4930317997932434,0.5030298829078674,0.5952678322792053,0.22855344414710999,0.4491654336452484,0.5197643041610718,0.7905012965202332,-0.1380814164876938,0.4889976680278778,0.5070603489875793,0.6100449562072754,0.24315285682678223,0.3953207731246948
117,3.9,0.5122274160385132,0.25742506980895996,-0.2621408700942993,0.9998294711112976,0.5544006824493408,0.28834930062294006,-0.12054069340229034,0.9999869465827942,0.4710102081298828,0.30016013979911804,-0.10128623247146606,0.9998914003372192,0.5891976952552795,0.29914262890815735,-0.08481867611408234,0.9734143614768982,0.43992358446121216,0.37340086698532104,-0.0841178223490715,0.9407141804695129,0.5816693305969238,0.3724377453327179,-0.12468363344669342,0.9606941938400269,0.4646819233894348,0.4303111732006073,-0.15155866742134094,0.9610382914543152,0.5350420475006104,0.4690450131893158,-0.007325827144086361,0.999668300151825,0.49233824014663696,0.47050467133522034,0.007079016417264938,0.9989219307899475,0.5293067097663879,0.5915123224258423,-0.10822753608226776,0.6432405710220337,0.5003408193588257,0.6101605892181396,0.004644329659640789,0.45023852586746216,0.5256088972091675,0.7353377342224121,-0.09431543201208115,0.5343253016471863,0.49670901894569397,0.5664301514625549,0.24612033367156982,0.40724682807922363,0.5191885232925415,0.7892775535583496,-0.180213063955307,0.5297960638999939,0.5058327317237854,0.6016117334365845,0.2574349641799927,0.3614601790904999
118,3.933333333333333,0.5122114419937134,0.25993409752845764,-0.2588435113430023,0.9998454451560974,0.5563373565673828,0.29184964299201965,-0.10841049998998642,0.9999877214431763,0.47094836831092834,0.30112218856811523,-0.10004810243844986,0.9998966455459595,0.589288592338562,0.3160367012023926,-0.0718398243188858,0.9698283672332764,0.4400199055671692,0.37366989254951477,-0.07250775396823883,0.940921425819397,0.5820721983909607,0.3838804364204407,-0.11747884750366211,0.961519718170166,0.46062201261520386,0.4374334514141083,-0.12376131117343903,0.9609819054603577,0.5349106192588806,0.4773777425289154,-0.004778647795319557,0.9996850490570068,0.4915720522403717,0.47736650705337524,0.004523965530097485,0.99895840883255,0.530322790145874,0.6006103754043579,-0.07105869054794312,0.6564062833786011,0.49846500158309937,0.6156936883926392,-0.020018581300973892,0.4288295805454254,0.5246255397796631,0.745483934879303,-0.06272739917039871,0.5688516497612,0.4921749532222748,0.5674528479576111,0.20786264538764954,0.3682878613471985,0.5202139019966125,0.7942143082618713,-0.13767388463020325,0.5634533762931824,0.49435335397720337,0.5799641013145447,0.21503739058971405,0.32923686504364014
119,3.966666666666667,0.5123327970504761,0.26299479603767395,-0.23933133482933044,0.9998591542243958,0.5576285123825073,0.2963157594203949,-0.09667936712503433,0.9999882578849792,0.4710732102394104,0.3026951551437378,-0.08068486303091049,0.9998981952667236,0.5919304490089417,0.33046865463256836,-0.06302926689386368,0.9647125601768494,0.4400938153266907,0.3737967610359192,-0.048295602202415466,0.9364625215530396,0.5820986032485962,0.39898481965065,-0.10800524801015854,0.9609662890434265,0.45660465955734253,0.4436877369880676,-0.09853820502758026,0.9557684063911438,0.5349379777908325,0.4839135408401489,-0.00487140566110611,0.9997022151947021,0.4916645586490631,0.48441243171691895,0.004614921286702156,0.9990037083625793,0.5316776633262634,0.6112334132194519,-0.019308242946863174,0.6489903926849365,0.4973863661289215,0.623019278049469,-0.02281205728650093,0.4026261568069458,0.5248883962631226,0.7526668906211853,-0.01721285469830036,0.5921343564987183,0.49366575479507446,0.5693520903587341,0.18759699165821075,0.332958459854126,0.5205480456352234,0.7981324791908264,-0.09407306462526321,0.5824989676475525,0.49440789222717285,0.57835453748703,0.1988164484500885,0.29942068457603455
120,4.0,0.5123398900032043,0.264136403799057,-0.21387049555778503,0.9998725652694702,0.5582382678985596,0.2987741529941559,-0.07845092564821243,0.9999889135360718,0.4710841178894043,0.30403441190719604,-0.057177163660526276,0.9999009966850281,0.5926253795623779,0.33266881108283997,-0.04857214167714119,0.9617404937744141,0.440110981464386,0.37323030829429626,-0.025759611278772354,0.9340662360191345,0.5822442770004272,0.40031611919403076,-0.09084178507328033,0.961904764175415,0.4555198550224304,0.4431794583797455,-0.07157962024211884,0.9526013135910034,0.53497314453125,0.4854133129119873,-0.005738833453506231,0.9997178912162781,0.49180811643600464,0.48842480778694153,0.005478746723383665,0.9990392327308655,0.5323314070701599,0.611676037311554,-0.03472902998328209,0.651680588722229,0.4965948164463043,0.624256432056427,-0.02861517295241356,0.3815498948097229,0.5246855020523071,0.7527920007705688,-0.056387513875961304,0.6199637055397034,0.49630188941955566,0.567939281463623,0.15941709280014038,0.3012652099132538,0.5208839774131775,0.797210693359375,-0.13550765812397003,0.6097262501716614,0.49730977416038513,0.5731422901153564,0.19580675661563873,0.2735242545604706
121,4.033333333333333,0.512408971786499,0.26525846123695374,-0.25158989429473877,0.9998847842216492,0.5584931969642639,0.30229896306991577,-0.09217991679906845,0.9999896287918091,0.4710749089717865,0.305730402469635,-0.0731225237250328,0.9999064803123474,0.5944708585739136,0.34555545449256897,-0.08123823255300522,0.9603159427642822,0.4401606619358063,0.3734844923019409,-0.053887587040662766,0.9347307085990906,0.5821154117584229,0.4104014039039612,-0.14538024365901947,0.9623809456825256,0.4510568678379059,0.4464568793773651,-0.09405597299337387,0.9525037407875061,0.5349985361099243,0.4874745309352875,-0.005404017865657806,0.9997376799583435,0.4916941225528717,0.48903417587280273,0.005142059177160263,0.9991000890731812,0.5325319766998291,0.6148126721382141,-0.0307171493768692,0.6588848233222961,0.49524515867233276,0.6282212138175964,-0.042218517512083054,0.3674405515193939,0.5235182046890259,0.7569974064826965,-0.04628744348883629,0.6410945057868958,0.48636946082115173,0.5474926829338074,0.12395411729812622,0.2730666995048523,0.5220019817352295,0.8007713556289673,-0.11854194104671478,0.6302878856658936,0.4840604364871979,0.535095751285553,0.1441420316696167,0.25095996260643005
122,4.066666666666666,0.5125883221626282,0.26630696654319763,-0.24948939681053162,0.9998958110809326,0.558198094367981,0.3049026429653168,-0.09379644691944122,0.9999903440475464,0.470864474773407,0.3078000247478485,-0.08042840659618378,0.9999119639396667,0.5948483347892761,0.3519097566604614,-0.06903091073036194,0.9604195952415466,0.44018420577049255,0.37381601333618164,-0.043054066598415375,0.936172604560852,0.5815929770469666,0.41643601655960083,-0.13914355635643005,0.9641684889793396,0.44900617003440857,0.45017772912979126,-0.08679527044296265,0.9539770483970642,0.5350222587585449,0.4896634817123413,-0.004665462765842676,0.9997531771659851,0.49122151732444763,0.49107763171195984,0.004400203935801983,0.9991462230682373,0.5326250195503235,0.6157052516937256,-0.038418374955654144,0.66502445936203,0.49468570947647095,0.6317048668861389,-0.05523807555437088,0.35559093952178955,0.5224751830101013,0.7578941583633423,-0.041740186512470245,0.6587782502174377,0.49039191007614136,0.5644291639328003,0.12736530601978302,0.24746762216091156,0.5221955180168152,0.8016468286514282,-0.11246804147958755,0.6471370458602905,0.4896295666694641,0.5624974966049194,0.1462586224079132,0.22984091937541962
123,4.1,0.5126268863677979,0.2677522599697113,-0.25094008445739746,0.9999058246612549,0.55796879529953,0.3060513138771057,-0.09727087616920471,0.9999909400939941,0.4706522524356842,0.30879664421081543,-0.08519414067268372,0.9999170899391174,0.5950708389282227,0.3528238832950592,-0.07059495896100998,0.9588495492935181,0.4402199387550354,0.3738532066345215,-0.047355927526950836,0.9370720982551575,0.5812726616859436,0.4169664978981018,-0.13298918306827545,0.9648492336273193,0.44819197058677673,0.45073169469833374,-0.08914995938539505,0.954886257648468,0.5350629687309265,0.4900963306427002,-0.0042386241257190704,0.9997680187225342,0.4909103810787201,0.4911123812198639,0.003970546182245016,0.999193012714386,0.5328587889671326,0.6183862686157227,-0.03133336827158928,0.6637989282608032,0.49422454833984375,0.6322190165519714,-0.05247808247804642,0.34101805090904236,0.5222184062004089,0.7591037154197693,-0.037227142602205276,0.6700946092605591,0.4887845516204834,0.5580284595489502,0.11529526859521866,0.22420120239257812,0.5222483277320862,0.8031642436981201,-0.10421186685562134,0.6583902835845947,0.48763972520828247,0.5504522919654846,0.13440567255020142,0.21060898900032043
124,4.133333333333334,0.5126749873161316,0.268239825963974,-0.2593022286891937,0.9999145865440369,0.5579551458358765,0.30721819400787354,-0.09953241050243378,0.9999914169311523,0.4705170691013336,0.30976957082748413,-0.08540164679288864,0.9999212026596069,0.5951839685440063,0.35267987847328186,-0.07294255495071411,0.9571728706359863,0.4402509331703186,0.37401071190834045,-0.05111370608210564,0.9379880428314209,0.5808728933334351,0.417205274105072,-0.13754776120185852,0.9655430912971497,0.44833970069885254,0.45113977789878845,-0.09418557584285736,0.9562435746192932,0.5350935459136963,0.4900210499763489,-0.0037836283445358276,0.9997814893722534,0.49085181951522827,0.4908449947834015,0.0035153136122971773,0.9992363452911377,0.5330584049224854,0.6200469732284546,-0.025161605328321457,0.6620034575462341,0.49364739656448364,0.632114052772522,-0.055432505905628204,0.3294544517993927,0.5221238732337952,0.7591792345046997,-0.014021960087120533,0.6804018616676331,0.48706817626953125,0.5537745356559753,0.11790390312671661,0.20343437790870667,0.5226975679397583,0.8036535382270813,-0.07751592993736267,0.6673619747161865,0.48527923226356506,0.5479077100753784,0.137456476688385,0.19347815215587616
125,4.166666666666667,0.5125899910926819,0.2696256935596466,-0.25881463289260864,0.9999222755432129,0.5578948259353638,0.31240907311439514,-0.1077239066362381,0.9999915361404419,0.4705010950565338,0.31103986501693726,-0.08738383650779724,0.9999253153800964,0.5960108637809753,0.36979010701179504,-0.10247577726840973,0.9508874416351318,0.44012612104415894,0.3741339445114136,-0.049056462943553925,0.9386125802993774,0.5758451819419861,0.4306570291519165,-0.17692174017429352,0.9605765342712402,0.4439641833305359,0.4539911150932312,-0.08560603111982346,0.9563024640083313,0.5348314642906189,0.4927065670490265,-0.004266823176294565,0.9997889399528503,0.4900286793708801,0.49277567863464355,0.0040063634514808655,0.9992701411247253,0.5326460599899292,0.6187053918838501,-0.04272657632827759,0.6467089056968689,0.4918533265590668,0.6331472396850586,-0.046986617147922516,0.30902981758117676,0.5215147137641907,0.7547535300254822,-0.019320394843816757,0.6658294796943665,0.4890832304954529,0.5588787794113159,0.13055744767189026,0.1837790608406067,0.521545946598053,0.8015778660774231,-0.08335141837596893,0.6545714139938354,0.4857907295227051,0.556268036365509,0.16228701174259186,0.17582978308200836
126,4.2,0.5124027132987976,0.2709295153617859,-0.2659555971622467,0.9999293684959412,0.5578712224960327,0.31757164001464844,-0.11936211585998535,0.9999918341636658,0.47010937333106995,0.3145654499530792,-0.08938959985971451,0.9999288320541382,0.5960153341293335,0.3823162615299225,-0.1480223536491394,0.9512563943862915,0.43959665298461914,0.3742188811302185,-0.04634518921375275,0.9406171441078186,0.5726426839828491,0.4348370134830475,-0.2631421685218811,0.9622598886489868,0.44072356820106506,0.4553220868110657,-0.073405921459198,0.9577528834342957,0.5348296761512756,0.49525177478790283,-0.004262442700564861,0.9997996687889099,0.48969611525535583,0.49450916051864624,0.004005224443972111,0.9993095397949219,0.5323116779327393,0.6210038065910339,-0.03747667372226715,0.6438758373260498,0.4900708794593811,0.6332908868789673,-0.05019912123680115,0.30163028836250305,0.5189498066902161,0.7529605627059937,0.00679581006988883,0.6669719815254211,0.48537111282348633,0.5552840828895569,0.13298560678958893,0.1673247367143631,0.5217995047569275,0.8002428412437439,-0.04491867125034332,0.6553435921669006,0.4823727011680603,0.5496272444725037,0.16033139824867249,0.1622101068496704
127,4.233333333333333,0.511888325214386,0.2718677222728729,-0.26932650804519653,0.9999356269836426,0.5579017996788025,0.31947630643844604,-0.12605628371238708,0.9999920725822449,0.4698966145515442,0.3150641918182373,-0.09419652819633484,0.9999321699142456,0.5960770845413208,0.38496679067611694,-0.15468937158584595,0.9511837363243103,0.43945828080177307,0.37418264150619507,-0.0498804897069931,0.9419917464256287,0.5714293718338013,0.43713298439979553,-0.2669486999511719,0.9632781147956848,0.43978628516197205,0.4563938081264496,-0.07905790209770203,0.9586913585662842,0.534683108329773,0.4950413107872009,-0.004307467490434647,0.9998106956481934,0.4892479479312897,0.4947372078895569,0.004053924698382616,0.9993501305580139,0.5320621728897095,0.6208667755126953,-0.035929348319768906,0.6433438062667847,0.489585816860199,0.6332963109016418,-0.04664508253335953,0.296436607837677,0.5177961587905884,0.7526054382324219,0.007565498352050781,0.6700937747955322,0.4824039041996002,0.5557223558425903,0.13433769345283508,0.1528785079717636,0.5213594436645508,0.7999870181083679,-0.046265289187431335,0.6585323214530945,0.4791285991668701,0.5503109097480774,0.15777483582496643,0.1507364958524704
128,4.266666666666667,0.5113704204559326,0.2732396721839905,-0.26687881350517273,0.9999408721923828,0.557580828666687,0.32104867696762085,-0.1281840056180954,0.9999921321868896,0.46878212690353394,0.31600767374038696,-0.09387581050395966,0.9999361038208008,0.5951458811759949,0.39433446526527405,-0.17009228467941284,0.9496380090713501,0.4394747316837311,0.37257394194602966,-0.046569764614105225,0.9445251226425171,0.5648423433303833,0.4339742958545685,-0.2921077609062195,0.9629755616188049,0.43874818086624146,0.45461505651474,-0.07093788683414459,0.9609922170639038,0.5338741540908813,0.49729859828948975,-0.005649622064083815,0.9998185634613037,0.48833805322647095,0.4974680244922638,0.005401454865932465,0.999384343624115,0.5318382382392883,0.6199095845222473,-0.08101208508014679,0.6520007252693176,0.4898143410682678,0.6326056718826294,-0.039224155247211456,0.2874640226364136,0.5165944695472717,0.7523146867752075,-0.03392425552010536,0.6728363037109375,0.4840199947357178,0.5525035262107849,0.15934716165065765,0.13939671218395233,0.5206348299980164,0.7994953393936157,-0.08975186944007874,0.6638355851173401,0.4824610650539398,0.5464282035827637,0.1799536794424057,0.13942645490169525
129,4.3,0.511105477809906,0.273589164018631,-0.26569777727127075,0.9999457597732544,0.5572736263275146,0.32227623462677,-0.1293044090270996,0.9999921321868896,0.46844005584716797,0.3163372874259949,-0.09412503987550735,0.999939501285553,0.5944221615791321,0.39584851264953613,-0.1690136343240738,0.948125422000885,0.43947654962539673,0.3710891306400299,-0.04412929713726044,0.9466713666915894,0.5632132291793823,0.4341661334037781,-0.28984540700912476,0.9622841477394104,0.4382390081882477,0.4536014497280121,-0.06790312379598618,0.9630441665649414,0.5332916975021362,0.4968298673629761,-0.005591780878603458,0.9998209476470947,0.4875424802303314,0.49682289361953735,0.0053469776175916195,0.9994037747383118,0.531787633895874,0.6200608015060425,-0.06727365404367447,0.6434980034828186,0.49001413583755493,0.6322034001350403,-0.040765292942523956,0.27370113134384155,0.515978217124939,0.7516778111457825,-0.030809134244918823,0.6658433675765991,0.48524966835975647,0.555934727191925,0.16306832432746887,0.12651607394218445,0.5201067328453064,0.7990884780883789,-0.08266707509756088,0.6584893465042114,0.4862523674964905,0.5526694059371948,0.18496233224868774,0.12768958508968353
130,4.333333333333333,0.5110992193222046,0.27436554431915283,-0.2767084240913391,0.9999499917030334,0.5569137334823608,0.32327473163604736,-0.14057406783103943,0.9999920129776001,0.4679311215877533,0.3169160485267639,-0.10709244012832642,0.9999422430992126,0.5928654074668884,0.39966392517089844,-0.1841740608215332,0.9472851157188416,0.4389577805995941,0.36910417675971985,-0.052989412099123,0.9487685561180115,0.5606750249862671,0.4339753985404968,-0.30718713998794556,0.9617622494697571,0.4384547770023346,0.45288848876953125,-0.07904002070426941,0.9649655222892761,0.5328287482261658,0.4979510009288788,-0.005466383881866932,0.9998173117637634,0.48687824606895447,0.496818870306015,0.005233904346823692,0.9994084239006042,0.5317612886428833,0.6198886632919312,-0.06778926402330399,0.6370924115180969,0.4894757866859436,0.6297468543052673,-0.042763300240039825,0.2618890106678009,0.5152751207351685,0.7512169480323792,-0.03075619600713253,0.6620200276374817,0.49126505851745605,0.5568431615829468,0.16945305466651917,0.11475037783384323,0.520148754119873,0.7974988222122192,-0.09073693305253983,0.6581742763519287,0.4961017668247223,0.5569419860839844,0.18809619545936584,0.11689720302820206
131,4.366666666666666,0.5110173225402832,0.2752654254436493,-0.27998408675193787,0.9999539256095886,0.5568664073944092,0.3246552050113678,-0.14016927778720856,0.9999919533729553,0.46739253401756287,0.3172993063926697,-0.11110751330852509,0.9999449253082275,0.5922417640686035,0.4008309543132782,-0.18518677353858948,0.9465802907943726,0.438629686832428,0.368240624666214,-0.054296158254146576,0.9513991475105286,0.5603755116462708,0.43393969535827637,-0.3119918406009674,0.9614440202713013,0.43876418471336365,0.452353835105896,-0.07773207128047943,0.9669442176818848,0.5326581597328186,0.49873101711273193,-0.004437024239450693,0.9998139142990112,0.4865867495536804,0.4971572458744049,0.004221935756504536,0.9994128942489624,0.5317389369010925,0.6210859417915344,-0.06522420048713684,0.6326684355735779,0.48928093910217285,0.6292753219604492,-0.04231661185622215,0.2524735927581787,0.5147804617881775,0.7506669759750366,-0.028853097930550575,0.6603955626487732,0.49125781655311584,0.55827796459198,0.17231126129627228,0.10426449775695801,0.5202566981315613,0.796016275882721,-0.08955366909503937,0.6588987112045288,0.4953475594520569,0.5584776997566223,0.19165337085723877,0.10730691254138947
132,4.4,0.5108662843704224,0.27583935856819153,-0.2782725691795349,0.9999575614929199,0.5568219423294067,0.32526475191116333,-0.13929924368858337,0.9999919533729553,0.46718829870224,0.3172997236251831,-0.1090884804725647,0.9999476075172424,0.5919554829597473,0.3999328911304474,-0.18217818439006805,0.9463422298431396,0.43844303488731384,0.36786362528800964,-0.0527375265955925,0.9534977674484253,0.5604279637336731,0.43353334069252014,-0.3052825629711151,0.9615941047668457,0.43915456533432007,0.45212194323539734,-0.07300994545221329,0.9687879085540771,0.5326459407806396,0.4983295798301697,-0.004207402467727661,0.9998100399971008,0.4865642189979553,0.49703770875930786,0.0039995526894927025,0.9994173049926758,0.5316680669784546,0.6213865280151367,-0.06086372211575508,0.6227308511734009,0.48911723494529724,0.6293450593948364,-0.043371476233005524,0.24374373257160187,0.5143898725509644,0.750335693359375,-0.023233134299516678,0.6570459008216858,0.49485254287719727,0.5679734349250793,0.17183159291744232,0.09478947520256042,0.5202733278274536,0.7950674295425415,-0.0854487195611,0.6577198505401611,0.49898266792297363,0.5724968314170837,0.1906985342502594,0.09859279543161392
133,4.433333333333334,0.5105763673782349,0.27676984667778015,-0.28493553400039673,0.9999598860740662,0.5565134286880493,0.3251800835132599,-0.15225334465503693,0.9999915361404419,0.4671953618526459,0.3171463906764984,-0.10464656352996826,0.9999502897262573,0.588487982749939,0.4049476981163025,-0.2057664394378662,0.9492734670639038,0.4382847845554352,0.3611029386520386,-0.01711287908256054,0.9565954208374023,0.5571383237838745,0.4327869415283203,-0.3302935063838959,0.9639794826507568,0.437272846698761,0.44026124477386475,-0.013764279894530773,0.971428394317627,0.5317942500114441,0.4990868866443634,-0.008336469531059265,0.9997960329055786,0.4861544668674469,0.4987321197986603,0.008177513256669044,0.9994158744812012,0.5310295820236206,0.6210389733314514,-0.07894083857536316,0.6257724761962891,0.48897862434387207,0.6292151808738708,-0.031199108809232712,0.25254684686660767,0.5136377811431885,0.7463752627372742,-0.02756396494805813,0.6714991331100464,0.5120716094970703,0.6035259962081909,0.2030738890171051,0.08838339149951935,0.5199965834617615,0.7918592691421509,-0.0941026583313942,0.6746014356613159,0.5204522609710693,0.6274309158325195,0.21164067089557648,0.09438083320856094
134,4.466666666666667,0.5084131360054016,0.27667611837387085,-0.2962042987346649,0.9999622106552124,0.5551201701164246,0.32468515634536743,-0.17108584940433502,0.9999910593032837,0.46721333265304565,0.3130127787590027,-0.10947854816913605,0.9999533891677856,0.5829170942306519,0.40703585743904114,-0.24422426521778107,0.952944815158844,0.43756550550460815,0.3377453088760376,-0.01565113477408886,0.9597865343093872,0.5413641333580017,0.4062015414237976,-0.37678417563438416,0.9664762020111084,0.4375826418399811,0.4170182943344116,0.005518675781786442,0.9738461375236511,0.5306486487388611,0.500499963760376,-0.010043401271104813,0.999785840511322,0.48530155420303345,0.4984298646450043,0.009902292862534523,0.9994281530380249,0.5304287075996399,0.6209290027618408,-0.07327844202518463,0.6529572010040283,0.48947635293006897,0.6092116236686707,-0.005364329554140568,0.2866555452346802,0.5133359432220459,0.7376986742019653,-0.030829081311821938,0.7010183930397034,0.505942702293396,0.6016140580177307,0.24150216579437256,0.09213200956583023,0.5181401968002319,0.7801749110221863,-0.10668108612298965,0.7040846943855286,0.5113233327865601,0.6439143419265747,0.24701789021492004,0.10607010871171951
135,4.5,0.5074558854103088,0.2764338254928589,-0.30405646562576294,0.9999650716781616,0.5543631911277771,0.3240560293197632,-0.17492377758026123,0.9999909400939941,0.4672294557094574,0.311256468296051,-0.11435152590274811,0.9999565482139587,0.581462025642395,0.4072490632534027,-0.25204595923423767,0.9565907716751099,0.4370998442173004,0.3341118395328522,-0.022891465574502945,0.9628523588180542,0.5389065146446228,0.40055763721466064,-0.393431156873703,0.9690417051315308,0.4375327229499817,0.4129478335380554,-0.0070516630075871944,0.9760777950286865,0.5303910374641418,0.5008639097213745,-0.011025206185877323,0.9997764825820923,0.4847579002380371,0.4983810782432556,0.010889049619436264,0.9994411468505859,0.530227541923523,0.6211639046669006,-0.08303975313901901,0.6792110800743103,0.48955589532852173,0.6039885878562927,-0.01153223030269146,0.3228161931037903,0.5130669474601746,0.7348877787590027,-0.035177186131477356,0.7270105481147766,0.5034403204917908,0.6061748266220093,0.24122636020183563,0.09585926681756973,0.5169164538383484,0.7775527834892273,-0.11181475967168808,0.7303361892700195,0.508015513420105,0.6538726091384888,0.24572432041168213,0.11753850430250168
136,4.533333333333333,0.5070226192474365,0.2763228416442871,-0.29443123936653137,0.9999666810035706,0.5539780855178833,0.32351693511009216,-0.16578194499015808,0.9999904036521912,0.46727925539016724,0.310401976108551,-0.11225314438343048,0.9999588131904602,0.580818235874176,0.4076012074947357,-0.2378261387348175,0.9588635563850403,0.4367520809173584,0.3324984014034271,-0.017208892852067947,0.9651260375976562,0.5382943749427795,0.39985355734825134,-0.3708798587322235,0.9706752300262451,0.43761706352233887,0.41174769401550293,-0.0058682868257164955,0.9778705835342407,0.5302797555923462,0.5007692575454712,-0.010743160732090473,0.9997535347938538,0.48442092537879944,0.4980677366256714,0.010597984306514263,0.9994314908981323,0.5302174687385559,0.6215636730194092,-0.07724352926015854,0.6848840117454529,0.4895821511745453,0.6032109260559082,-0.017959797754883766,0.3311890959739685,0.5129755139350891,0.7338813543319702,-0.02958075702190399,0.7429358959197998,0.5019935369491577,0.6045964956283569,0.21761998534202576,0.0916123241186142,0.5169360637664795,0.7771865725517273,-0.10650201886892319,0.7471140027046204,0.5057533979415894,0.6457881331443787,0.22565314173698425,0.11529691517353058
137,4.566666666666666,0.5063426494598389,0.2760123908519745,-0.2943119406700134,0.9999674558639526,0.5529425144195557,0.3219088315963745,-0.16812828183174133,0.9999895691871643,0.4674423336982727,0.30712899565696716,-0.11033391952514648,0.9999604821205139,0.5801480412483215,0.40630513429641724,-0.23743805289268494,0.9605672359466553,0.43658050894737244,0.32842782139778137,-0.011600051075220108,0.967605710029602,0.5366801619529724,0.3941297233104706,-0.36404949426651,0.9720024466514587,0.4378604292869568,0.40835824608802795,0.009102198295295238,0.979670524597168,0.5297132134437561,0.4952676594257355,-0.010698949918150902,0.9997382164001465,0.4838486611843109,0.49123111367225647,0.010546200908720493,0.9994286298751831,0.5296858549118042,0.6171339750289917,-0.03416099399328232,0.690568208694458,0.490358829498291,0.5925050973892212,0.019178181886672974,0.3370567858219147,0.5130343437194824,0.7310534715652466,-0.009889169596135616,0.7632361054420471,0.49905481934547424,0.5996038913726807,0.24775724112987518,0.09200545400381088,0.5169183015823364,0.7739092707633972,-0.09343412518501282,0.7674729228019714,0.5008207559585571,0.6334277391433716,0.2496808022260666,0.12029338628053665
138,4.6,0.5045944452285767,0.2694557309150696,-0.29363352060317993,0.9999651312828064,0.5504788756370544,0.31531497836112976,-0.16371071338653564,0.9999879598617554,0.46802225708961487,0.30170220136642456,-0.10777350515127182,0.9999624490737915,0.5780232548713684,0.40440478920936584,-0.2267695665359497,0.9628319144248962,0.43661826848983765,0.3184683322906494,-0.01945037767291069,0.970252275466919,0.5331655740737915,0.3872387409210205,-0.35090866684913635,0.9725896716117859,0.43802937865257263,0.39894407987594604,-0.01382534671574831,0.981378972530365,0.5292786359786987,0.4944656789302826,-0.010479588061571121,0.9997353553771973,0.48392996191978455,0.4872872233390808,0.010317279025912285,0.9994577169418335,0.5281031727790833,0.6185528039932251,-0.03193247318267822,0.7137857675552368,0.4940118193626404,0.5707628726959229,0.0665954053401947,0.3761839270591736,0.5126383900642395,0.7285953760147095,0.03752998635172844,0.7848256230354309,0.4922352731227875,0.619877815246582,0.2725410461425781,0.15137402713298798,0.5165913105010986,0.773017942905426,-0.04354403540492058,0.7886085510253906,0.49125760793685913,0.6855053901672363,0.2461612969636917,0.17906586825847626
139,4.633333333333334,0.5037643313407898,0.26719409227371216,-0.2932244837284088,0.9999597072601318,0.5494830012321472,0.31224125623703003,-0.16211766004562378,0.9999859929084778,0.4683278501033783,0.2998712658882141,-0.10674522817134857,0.9999638795852661,0.5773431658744812,0.4033676087856293,-0.22537918388843536,0.964819073677063,0.43663185834884644,0.31645461916923523,-0.022550711408257484,0.9726005792617798,0.5325487852096558,0.38600289821624756,-0.35046762228012085,0.9731325507164001,0.43815046548843384,0.39775216579437256,-0.020462092012166977,0.9828848838806152,0.5291221141815186,0.49424922466278076,-0.008956926874816418,0.9997279644012451,0.4840087294578552,0.48590055108070374,0.008783494122326374,0.9994798898696899,0.5272672176361084,0.6195367574691772,-0.02675929293036461,0.7327435612678528,0.49530965089797974,0.5674995183944702,0.0528261736035347,0.4100717604160309,0.5123578310012817,0.7277006506919861,0.04941950738430023,0.8037331700325012,0.4899313449859619,0.6241540312767029,0.2547553479671478,0.2038850486278534,0.5165578126907349,0.7726036906242371,-0.030654195696115494,0.807033896446228,0.48917055130004883,0.6908293962478638,0.237808495759964,0.23002588748931885
140,4.666666666666667,0.5019175410270691,0.2632864713668823,-0.2923695743083954,0.9999603033065796,0.5485165119171143,0.309874564409256,-0.16103504598140717,0.9999852180480957,0.46838951110839844,0.2960437536239624,-0.10264656692743301,0.9999663233757019,0.5763404965400696,0.402702659368515,-0.22027775645256042,0.9671252965927124,0.43665021657943726,0.3097657859325409,-0.019977306947112083,0.97419273853302,0.5308063626289368,0.3802425265312195,-0.33006811141967773,0.9745839238166809,0.43852725625038147,0.38997867703437805,-0.015210489742457867,0.9841099977493286,0.5289658308029175,0.48863038420677185,-0.010971405543386936,0.9997342228889465,0.48457321524620056,0.4802549183368683,0.010817431844770908,0.9995166659355164,0.5272406935691833,0.6122787594795227,-0.017515460029244423,0.7446470856666565,0.49619778990745544,0.5693174600601196,0.04707302898168564,0.4500933885574341,0.51246178150177,0.7246342897415161,0.06165192276239395,0.8177495002746582,0.4906693398952484,0.6583098769187927,0.14090928435325623,0.26519760489463806,0.515784740447998,0.7709110975265503,-0.011838211677968502,0.8211524486541748,0.4867672324180603,0.7111690044403076,0.09077797085046768,0.2897107005119324
141,4.7,0.5011777281761169,0.2611282467842102,-0.27715057134628296,0.9999614357948303,0.5480754971504211,0.3086329996585846,-0.15182285010814667,0.9999844431877136,0.46841102838516235,0.29452672600746155,-0.09176628291606903,0.9999687075614929,0.5757927298545837,0.40225473046302795,-0.2026415765285492,0.9688360691070557,0.4366651475429535,0.3081159293651581,-0.014311161823570728,0.9754868745803833,0.5297178030014038,0.378013014793396,-0.3015972077846527,0.9754441976547241,0.4386504590511322,0.38857653737068176,-0.009333821013569832,0.9851928949356079,0.5289828777313232,0.48657339811325073,-0.013618005439639091,0.9997441172599792,0.485190212726593,0.478989839553833,0.013464261777698994,0.9995537996292114,0.5271555781364441,0.6093537211418152,-0.020960841327905655,0.7587368488311768,0.4963764250278473,0.5714113116264343,0.03235778585076332,0.48969539999961853,0.5125404596328735,0.7246379256248474,0.04509785398840904,0.8316588401794434,0.4910077154636383,0.6864879131317139,0.11160117387771606,0.3271898031234741,0.5152891278266907,0.7703353762626648,-0.02825324609875679,0.8349143862724304,0.48398667573928833,0.7177320718765259,0.0578901581466198,0.3495154082775116
142,4.733333333333333,0.5007959604263306,0.26038092374801636,-0.26983290910720825,0.9999613761901855,0.5480228662490845,0.3081768751144409,-0.14914222061634064,0.9999836087226868,0.4684152603149414,0.29408136010169983,-0.09100379049777985,0.9999706149101257,0.5755589008331299,0.4019639194011688,-0.1994563639163971,0.9703632593154907,0.4366781711578369,0.3070928156375885,-0.016419535502791405,0.976506233215332,0.5293347239494324,0.3783365488052368,-0.2973650097846985,0.976227879524231,0.43876177072525024,0.38851839303970337,-0.011274730786681175,0.9860798716545105,0.529000461101532,0.48528850078582764,-0.014021393842995167,0.9997523427009583,0.4854890704154968,0.4773710072040558,0.013865937478840351,0.9995863437652588,0.5271700620651245,0.60779869556427,-0.018792588263750076,0.7700139284133911,0.4965927004814148,0.5709002614021301,0.0282007846981287,0.5240155458450317,0.512596845626831,0.7241941690444946,0.04149145632982254,0.8443126082420349,0.4912538528442383,0.6875561475753784,0.10012286901473999,0.3832013010978699,0.5151119232177734,0.7694160342216492,-0.030927125364542007,0.8473299741744995,0.48305994272232056,0.7171152830123901,0.04683339223265648,0.40356528759002686
143,4.766666666666667,0.49955254793167114,0.25858357548713684,-0.26906806230545044,0.9999616146087646,0.5455139875411987,0.30510765314102173,-0.14450928568840027,0.9999833106994629,0.4679604172706604,0.29134702682495117,-0.086135134100914,0.9999728202819824,0.5752702951431274,0.39637014269828796,-0.18859288096427917,0.9719356894493103,0.4382709562778473,0.3052838146686554,0.004834226332604885,0.9771008491516113,0.5270477533340454,0.3763265907764435,-0.2736833393573761,0.9769940376281738,0.44234299659729004,0.3809247314929962,0.032252974808216095,0.9871037006378174,0.5287419557571411,0.47496193647384644,-0.01355193741619587,0.9997532367706299,0.485670804977417,0.46727702021598816,0.013395808637142181,0.9996140599250793,0.5251575112342834,0.5937613248825073,-0.018686024472117424,0.7700581550598145,0.5000211000442505,0.554486095905304,-0.06012250855565071,0.5591892004013062,0.513400673866272,0.7184271812438965,0.04681340977549553,0.8507471084594727,0.4916892647743225,0.6770599484443665,0.0031178889330476522,0.43476659059524536,0.512424647808075,0.7683801651000977,-0.02190418355166912,0.8552881479263306,0.4820052981376648,0.7411942481994629,-0.06008688732981682,0.4541510045528412
144,4.8,0.49918442964553833,0.2556755542755127,-0.275076687335968,0.9999625086784363,0.5444678068161011,0.30263397097587585,-0.14592382311820984,0.9999831318855286,0.46740642189979553,0.2905139625072479,-0.08889572322368622,0.9999748468399048,0.575023889541626,0.39452695846557617,-0.19387318193912506,0.973659098148346,0.439140260219574,0.3045932352542877,0.0006882360321469605,0.9779506325721741,0.5253124237060547,0.37538427114486694,-0.2901776432991028,0.9781808853149414,0.443697452545166,0.3821438252925873,0.020018627867102623,0.9881301522254944,0.5286224484443665,0.46939244866371155,-0.013364775106310844,0.9997552037239075,0.48568105697631836,0.46260109543800354,0.013233138248324394,0.9996390342712402,0.5246204733848572,0.5894152522087097,-0.019216526299715042,0.771581768989563,0.5015265345573425,0.5485129952430725,-0.0788503959774971,0.5928300619125366,0.5139902830123901,0.717799961566925,0.058999937027692795,0.8578327894210815,0.491961807012558,0.669487714767456,0.008149133995175362,0.4813571572303772,0.5119542479515076,0.7683106064796448,-0.011937687173485756,0.8635270595550537,0.48299306631088257,0.7281461358070374,-0.05380985140800476,0.5000649690628052
145,4.833333333333333,0.4976659417152405,0.2535155117511749,-0.28536394238471985,0.9999633431434631,0.5425175428390503,0.2982695996761322,-0.15751686692237854,0.9999829530715942,0.4662044048309326,0.28761929273605347,-0.09327811002731323,0.999976634979248,0.5752285122871399,0.38952887058258057,-0.19427865743637085,0.9749773740768433,0.44107407331466675,0.30459707975387573,0.002678335178643465,0.9785870313644409,0.5226612687110901,0.3759153187274933,-0.2850300371646881,0.9784355163574219,0.4450710713863373,0.3783966600894928,0.037076398730278015,0.9889593720436096,0.5285298228263855,0.46887943148612976,-0.013097822666168213,0.9997612237930298,0.4859761595726013,0.4616836905479431,0.012958327308297157,0.9996646046638489,0.5237658023834229,0.5872524976730347,-0.0024891134817153215,0.7762380242347717,0.5012168884277344,0.5576173067092896,-0.0683952271938324,0.6239802241325378,0.5144194960594177,0.706819474697113,0.10369564592838287,0.8643882870674133,0.49297064542770386,0.6777136325836182,0.07671232521533966,0.5253147482872009,0.5117592215538025,0.7634247541427612,0.03982461243867874,0.8711654543876648,0.484697163105011,0.7367284893989563,0.01953638158738613,0.5421642661094666
146,4.866666666666666,0.49655216932296753,0.25185611844062805,-0.27913954854011536,0.9999627470970154,0.5414420962333679,0.29524660110473633,-0.15147665143013,0.9999827146530151,0.46508631110191345,0.28618288040161133,-0.09019811451435089,0.9999779462814331,0.5749766230583191,0.38488832116127014,-0.1912386566400528,0.9763352870941162,0.44226914644241333,0.30480924248695374,-0.0010700700804591179,0.978943407535553,0.5211954712867737,0.37534233927726746,-0.27916234731674194,0.979149341583252,0.4474922716617584,0.37732377648353577,0.01936931535601616,0.9896258115768433,0.5285453200340271,0.46748965978622437,-0.011723154224455357,0.9997686147689819,0.4864926338195801,0.46167266368865967,0.011609924957156181,0.999688446521759,0.5233305096626282,0.5860766768455505,0.0029595359228551388,0.7811510562896729,0.49872320890426636,0.5612185597419739,-0.041085727512836456,0.6545833945274353,0.5147536993026733,0.6974105834960938,0.1141342893242836,0.8705312013626099,0.4937576651573181,0.6852624416351318,0.06391126662492752,0.5673781633377075,0.5121573805809021,0.7563139200210571,0.04848486930131912,0.8780500888824463,0.4897446036338806,0.7418618202209473,-0.004933829419314861,0.5819588303565979
147,4.9,0.4961565136909485,0.2511104643344879,-0.27851569652557373,0.9999616146087646,0.5407544374465942,0.2940710783004761,-0.15134665369987488,0.999982476234436,0.4641764760017395,0.2857373058795929,-0.09078244864940643,0.9999791979789734,0.5749456286430359,0.38238728046417236,-0.19304496049880981,0.9772864580154419,0.4432690143585205,0.3060520887374878,-0.0023056904319673777,0.9786550998687744,0.521018385887146,0.37506797909736633,-0.2813439965248108,0.9793418645858765,0.4486900269985199,0.3774312436580658,0.017927760258316994,0.9901810884475708,0.5283550024032593,0.46642571687698364,-0.01167337130755186,0.9997711181640625,0.4866495132446289,0.46160048246383667,0.011557850986719131,0.9997079968452454,0.5225346684455872,0.57920902967453,-0.0014464004198089242,0.7740684747695923,0.49774426221847534,0.5631797909736633,-0.03922880440950394,0.6770849227905273,0.5149421095848083,0.6948642730712891,0.1017049178481102,0.8687196373939514,0.4944700598716736,0.6874349117279053,0.0399414598941803,0.6015952229499817,0.5123271346092224,0.7530816793441772,0.0367560051381588,0.8792658448219299,0.4924033582210541,0.7475624084472656,-0.03129948303103447,0.6146726012229919
148,4.933333333333334,0.4957912564277649,0.2520940899848938,-0.29077044129371643,0.9999618530273438,0.5411022901535034,0.2947504222393036,-0.16661831736564636,0.999982476234436,0.4640039801597595,0.28570905327796936,-0.10355707257986069,0.999980628490448,0.5750108957290649,0.3818786144256592,-0.2063598930835724,0.9781420230865479,0.44408145546913147,0.3071393668651581,-0.002752789994701743,0.9780200719833374,0.5210520625114441,0.37522608041763306,-0.2869352698326111,0.9790350198745728,0.4489608407020569,0.37813079357147217,0.026364490389823914,0.9905391335487366,0.528246283531189,0.46556803584098816,-0.012022803537547588,0.9997743964195251,0.48668092489242554,0.4601742625236511,0.011911297217011452,0.9997269511222839,0.5223263502120972,0.5771995186805725,-0.003043461823835969,0.7609325051307678,0.4966914653778076,0.562175989151001,-0.037174858152866364,0.6948410868644714,0.5150254964828491,0.6921157836914062,0.10278910398483276,0.8596278429031372,0.4949668049812317,0.6883673071861267,0.0365266278386116,0.6298944354057312,0.5115793943405151,0.7512947916984558,0.043881289660930634,0.8748196959495544,0.49289727210998535,0.7470875978469849,-0.030887290835380554,0.6418716907501221
149,4.966666666666667,0.4955828785896301,0.2516588866710663,-0.2916394770145416,0.9999534487724304,0.5404828190803528,0.29285457730293274,-0.16701926290988922,0.9999822378158569,0.46248817443847656,0.28526169061660767,-0.10370461642742157,0.9999815821647644,0.5750714540481567,0.3791019916534424,-0.22223956882953644,0.9794228076934814,0.4460532069206238,0.3184782564640045,-0.03316713497042656,0.9776530861854553,0.5199840664863586,0.37595751881599426,-0.32836586236953735,0.9792044758796692,0.45082059502601624,0.3789600729942322,-0.0430794321000576,0.9904887080192566,0.5282559990882874,0.4658512473106384,-0.008223086595535278,0.9997857809066772,0.48668867349624634,0.46175214648246765,0.008129959926009178,0.9997501969337463,0.5225344300270081,0.5742305517196655,0.06183672696352005,0.7382149696350098,0.4941168427467346,0.5632006525993347,-0.07237812131643295,0.7221919894218445,0.5152024030685425,0.6677490472793579,0.24957101047039032,0.8163517117500305,0.49535131454467773,0.6967385411262512,-0.040487758815288544,0.6639947295188904,0.5117501020431519,0.718220591545105,0.21377579867839813,0.8388813734054565,0.4950900971889496,0.7508801221847534,-0.12774844467639923,0.6735873222351074
150,5.0,0.4948691427707672,0.2512669265270233,-0.2670578956604004,0.9999517202377319,0.5400617122650146,0.29185932874679565,-0.1468460112810135,0.9999832510948181,0.4618655741214752,0.28506869077682495,-0.09112267196178436,0.9999830722808838,0.5750582814216614,0.3761090636253357,-0.20853003859519958,0.9807806611061096,0.44738173484802246,0.32673394680023193,-0.09645657986402512,0.9775795340538025,0.5197070837020874,0.3761066496372223,-0.31673139333724976,0.9801974296569824,0.4520327150821686,0.38004058599472046,-0.21094055473804474,0.990897536277771,0.528624951839447,0.4671030342578888,-0.007521884050220251,0.9997994303703308,0.48664921522140503,0.4625554084777832,0.007404678501188755,0.9997727274894714,0.522653341293335,0.5783427953720093,0.05351518839597702,0.7235609292984009,0.4921639859676361,0.5685100555419922,-0.11992249637842178,0.7469117641448975,0.5143095254898071,0.6807680130004883,0.22799178957939148,0.7694470286369324,0.49539607763290405,0.7223330736160278,-0.11908555030822754,0.6952637434005737,0.511489987373352,0.7302308082580566,0.18179182708263397,0.8016142249107361,0.4948066771030426,0.769653856754303,-0.21991650760173798,0.7035722732543945
151,5.033333333333333,0.49415117502212524,0.2503202557563782,-0.2581641674041748,0.9999414086341858,0.5394551753997803,0.29077059030532837,-0.1382092535495758,0.9999832510948181,0.46215230226516724,0.28457778692245483,-0.08867023140192032,0.9999839067459106,0.5749887824058533,0.3743491768836975,-0.19356565177440643,0.9813995957374573,0.44826072454452515,0.3289611041545868,-0.11039577424526215,0.9748994708061218,0.519659161567688,0.37653785943984985,-0.3075014650821686,0.9800770878791809,0.45223769545555115,0.3806850016117096,-0.2352994680404663,0.9909508228302002,0.5287221670150757,0.46783706545829773,-0.00569810951128602,0.9998072981834412,0.48674383759498596,0.4626312255859375,0.0055654640309512615,0.9997900128364563,0.5227251648902893,0.5800695419311523,0.04035039246082306,0.7018269896507263,0.49134427309036255,0.576813817024231,-0.07716193050146103,0.7631521821022034,0.5142959952354431,0.6767904162406921,0.2108636200428009,0.7263730764389038,0.49540209770202637,0.7197580933570862,-0.04519248753786087,0.7190335392951965,0.5113090872764587,0.7311232089996338,0.16974130272865295,0.7636141180992126,0.49476638436317444,0.7718175053596497,-0.13609294593334198,0.7239744067192078
152,5.066666666666666,0.4931381642818451,0.24958288669586182,-0.21388304233551025,0.9999424815177917,0.5391064882278442,0.2903915345668793,-0.09952512383460999,0.9999837875366211,0.4619588255882263,0.28480803966522217,-0.04871416464447975,0.9999850392341614,0.5751997232437134,0.3734101951122284,-0.14708596467971802,0.9784589409828186,0.4487420916557312,0.33314669132232666,-0.07013756036758423,0.9693486094474792,0.5202832818031311,0.38593631982803345,-0.24957497417926788,0.9728484749794006,0.45261669158935547,0.3815162777900696,-0.17323777079582214,0.9908052086830139,0.5290483236312866,0.46635115146636963,-0.006068005226552486,0.9998083710670471,0.486738920211792,0.46233028173446655,0.005943163298070431,0.99980229139328,0.5226908922195435,0.5935000777244568,-0.005177013576030731,0.640749454498291,0.49009186029434204,0.5763848423957825,-0.10341954231262207,0.7199814915657043,0.5036954879760742,0.6998116970062256,0.08105996996164322,0.66412353515625,0.49539414048194885,0.7257891893386841,-0.08956057578325272,0.6867300271987915,0.5019892454147339,0.7434656620025635,0.01690063066780567,0.7047867178916931,0.4957612454891205,0.7696942687034607,-0.18051493167877197,0.694286584854126
153,5.1,0.49205461144447327,0.2485051304101944,-0.19829097390174866,0.9999366402626038,0.5389608144760132,0.29005715250968933,-0.09183729439973831,0.9999839067459106,0.46165186166763306,0.2850368022918701,-0.038721613585948944,0.9999859929084778,0.5752936601638794,0.3726021945476532,-0.14125566184520721,0.9755823612213135,0.4488097131252289,0.33512017130851746,-0.06009625270962715,0.9639905691146851,0.5204223394393921,0.38797256350517273,-0.24180550873279572,0.9648765921592712,0.45278626680374146,0.38214120268821716,-0.1668659746646881,0.9907170534133911,0.5292043685913086,0.4664227068424225,-0.006204341072589159,0.9998104572296143,0.48673757910728455,0.4627023935317993,0.006062097381800413,0.9998147487640381,0.5224376916885376,0.59966641664505,-0.005881423596292734,0.5841169357299805,0.4894520342350006,0.576065719127655,-0.11673185974359512,0.6864073872566223,0.5016223192214966,0.7055799961090088,0.09788280725479126,0.6045939326286316,0.4951968789100647,0.7279514670372009,-0.10400022566318512,0.6598474979400635,0.5000737905502319,0.7481860518455505,0.03883931785821915,0.6460717916488647,0.4961719512939453,0.7725045680999756,-0.1968742161989212,0.66816645860672
154,5.133333333333334,0.4912664294242859,0.24811412394046783,-0.22153690457344055,0.9999396204948425,0.5387464165687561,0.28982627391815186,-0.10760319232940674,0.9999833106994629,0.4613191485404968,0.2860620319843292,-0.05197982117533684,0.9999870657920837,0.5763634443283081,0.3726961016654968,-0.13868901133537292,0.9757943749427795,0.44881191849708557,0.3378761410713196,-0.016586726531386375,0.9641953110694885,0.5205482244491577,0.39592739939689636,-0.21860845386981964,0.9563781023025513,0.4538404047489166,0.38601604104042053,-0.05862920358777046,0.9894717335700989,0.5295445322990417,0.46647483110427856,-0.002006876515224576,0.99981290102005,0.48696908354759216,0.4629009962081909,0.0018788346787914634,0.9998304843902588,0.5226700305938721,0.6046582460403442,0.004107336979359388,0.530665934085846,0.4891909658908844,0.579673707485199,-0.14332911372184753,0.7016103863716125,0.5202258825302124,0.5677372813224792,0.24214518070220947,0.5444729924201965,0.4954221844673157,0.7313693761825562,-0.12738606333732605,0.6582574248313904,0.519999086856842,0.5901781916618347,0.2528475224971771,0.5824028253555298,0.5006809830665588,0.7738352417945862,-0.20626625418663025,0.6573275923728943
155,5.166666666666667,0.49056363105773926,0.24835389852523804,-0.22540995478630066,0.9999443888664246,0.5383592844009399,0.289366215467453,-0.11597689241170883,0.9999834895133972,0.4611538350582123,0.28701919317245483,-0.056939344853162766,0.9999881982803345,0.5775915384292603,0.3719625174999237,-0.14456067979335785,0.9755938053131104,0.4487031400203705,0.33999940752983093,-0.01907673105597496,0.9650376439094543,0.5226109623908997,0.398165762424469,-0.22630317509174347,0.9471547603607178,0.4539276957511902,0.38892608880996704,-0.0501561276614666,0.9891082644462585,0.5298298001289368,0.46375665068626404,-0.0019904570654034615,0.999821662902832,0.48714858293533325,0.46305373311042786,0.001844154903665185,0.9998459815979004,0.5237752199172974,0.6044272780418396,0.014008289203047752,0.4832676649093628,0.4889814853668213,0.5854666829109192,-0.11877074092626572,0.7149257659912109,0.529223620891571,0.5403852462768555,0.24406957626342773,0.49030518531799316,0.49547725915908813,0.734722375869751,-0.0979389175772667,0.6538923978805542,0.5285629630088806,0.5483216047286987,0.25936979055404663,0.5250056982040405,0.5014356374740601,0.7757793068885803,-0.16984564065933228,0.643625020980835
156,5.2,0.4900614321231842,0.24840416014194489,-0.22367390990257263,0.9999480247497559,0.5381261110305786,0.2891309857368469,-0.11232634633779526,0.999983549118042,0.4612446427345276,0.2877011001110077,-0.05382351949810982,0.9999891519546509,0.5782471895217896,0.37156373262405396,-0.13877293467521667,0.9755899906158447,0.4486052989959717,0.3406062424182892,-0.007325324229896069,0.9649326205253601,0.523320198059082,0.3993473947048187,-0.21943967044353485,0.9401388168334961,0.45407557487487793,0.39029252529144287,-0.03865230083465576,0.9886660575866699,0.5299946069717407,0.4634702503681183,-0.002610964234918356,0.9998281002044678,0.48747214674949646,0.4632777273654938,0.002465330995619297,0.9998595118522644,0.5245874524116516,0.6044750809669495,0.013448345474898815,0.4396929442882538,0.48872318863868713,0.5860960483551025,-0.11724179983139038,0.7230121493339539,0.5323818922042847,0.543672502040863,0.22523799538612366,0.44152823090553284,0.49563708901405334,0.7372671365737915,-0.11127489805221558,0.6442350149154663,0.5371388792991638,0.5539381504058838,0.24378812313079834,0.47321441769599915,0.5011360049247742,0.7764900326728821,-0.17944905161857605,0.6248131394386292
157,5.233333333333333,0.4897398054599762,0.24852274358272552,-0.23405547440052032,0.9999490976333618,0.537903904914856,0.28910186886787415,-0.11950759589672089,0.9999833106994629,0.461200088262558,0.2891009747982025,-0.06532375514507294,0.9999898076057434,0.5796177387237549,0.37094324827194214,-0.14551210403442383,0.9755381941795349,0.44849294424057007,0.34162798523902893,-0.017608050256967545,0.9617490768432617,0.5253099203109741,0.40724581480026245,-0.22953596711158752,0.9323488473892212,0.45488542318344116,0.39555802941322327,-0.04869622364640236,0.9864619374275208,0.5305324196815491,0.4638468027114868,-0.0026573599316179752,0.9998363852500916,0.4877777695655823,0.4643804430961609,0.0024942862801253796,0.9998719692230225,0.5276230573654175,0.6085938215255737,0.013440730050206184,0.4017046391963959,0.48854875564575195,0.5937113165855408,-0.11059830337762833,0.7303614020347595,0.5366935729980469,0.5380955338478088,0.22670431435108185,0.3976888060569763,0.49631398916244507,0.7385703325271606,-0.08866019546985626,0.6368762850761414,0.5361475944519043,0.5367201566696167,0.2428847849369049,0.4267173111438751,0.5027278065681458,0.7779770493507385,-0.15819674730300903,0.6057837009429932
158,5.266666666666667,0.4897482991218567,0.2489602267742157,-0.2520630955696106,0.999950110912323,0.5376509428024292,0.28922900557518005,-0.12747913599014282,0.9999832510948181,0.46042537689208984,0.2915848195552826,-0.08349249511957169,0.9999903440475464,0.5806151628494263,0.3706892728805542,-0.12215887010097504,0.9732208847999573,0.44841521978378296,0.34495076537132263,-0.02046678587794304,0.9564027190208435,0.5279844999313354,0.4125176668167114,-0.17879408597946167,0.9138826131820679,0.4557154178619385,0.40046945214271545,-0.05472883582115173,0.9823408126831055,0.5310989618301392,0.46411290764808655,-0.002781021874397993,0.9998461008071899,0.48809510469436646,0.4665968120098114,0.00262962537817657,0.9998833537101746,0.5286707282066345,0.6122523546218872,0.003315300215035677,0.36985528469085693,0.48837417364120483,0.6022852659225464,-0.06335034966468811,0.7264253497123718,0.5342637300491333,0.5546942353248596,0.22540876269340515,0.3581854999065399,0.49770480394363403,0.7439916729927063,-0.03806764632463455,0.6241023540496826,0.5216720104217529,0.5693719387054443,0.24320785701274872,0.3846903443336487,0.5026670098304749,0.7820147275924683,-0.10174579918384552,0.5815874338150024
159,5.3,0.4897446036338806,0.24922069907188416,-0.2512766420841217,0.9999478459358215,0.5374451279640198,0.2893747389316559,-0.12814447283744812,0.9999828934669495,0.4602908194065094,0.29280078411102295,-0.08107820153236389,0.9999906420707703,0.5810157656669617,0.3704976737499237,-0.13099446892738342,0.9709836840629578,0.44832485914230347,0.34664320945739746,-0.022731631994247437,0.9496268033981323,0.5288031101226807,0.4137621521949768,-0.2029513567686081,0.8988898992538452,0.4561339318752289,0.40237727761268616,-0.05833945795893669,0.9776545166969299,0.5313159227371216,0.46426093578338623,-0.0031810856889933348,0.9998541474342346,0.4881611466407776,0.46811172366142273,0.0030121789313852787,0.9998933672904968,0.5291472673416138,0.612945020198822,0.0033262078650295734,0.3380560874938965,0.48827868700027466,0.6035529375076294,-0.0682448223233223,0.717720627784729,0.5238932967185974,0.5629011988639832,0.2265070229768753,0.32256019115448,0.4983547329902649,0.7423577308654785,-0.04557101055979729,0.6057680249214172,0.5101004838943481,0.5728593468666077,0.242424875497818,0.3466920554637909,0.5039054155349731,0.7804244160652161,-0.1122681125998497,0.5547011494636536
160,5.333333333333333,0.4896705150604248,0.2493738830089569,-0.25298944115638733,0.9999454617500305,0.537237286567688,0.28946924209594727,-0.13358965516090393,0.999982476234436,0.46024662256240845,0.293453574180603,-0.08548486977815628,0.9999908804893494,0.5812197923660278,0.3703274726867676,-0.1386323869228363,0.969395101070404,0.44825807213783264,0.3478105366230011,-0.03140874579548836,0.9438767433166504,0.5291737914085388,0.41427111625671387,-0.21718049049377441,0.8869023323059082,0.4563710689544678,0.403719037771225,-0.05973370000720024,0.9735845923423767,0.5314905047416687,0.4644181430339813,-0.003279582830145955,0.9998595714569092,0.48823943734169006,0.46872037649154663,0.003115281695500016,0.9999020099639893,0.529249906539917,0.6130244135856628,0.005028051324188709,0.3085266053676605,0.4882447123527527,0.6035380363464355,-0.0712781697511673,0.708662748336792,0.5161957144737244,0.5664284825325012,0.23448236286640167,0.2904598116874695,0.49878281354904175,0.7428074479103088,-0.048906464129686356,0.5867931246757507,0.5032309293746948,0.5764045119285583,0.2499220371246338,0.3124168813228607,0.5042780637741089,0.7805033922195435,-0.11768738180398941,0.528991162776947
161,5.366666666666666,0.48971620202064514,0.25001776218414307,-0.2594059407711029,0.9999479055404663,0.5371180772781372,0.28975775837898254,-0.13900503516197205,0.9999831914901733,0.45920291543006897,0.2967589199542999,-0.08992292732000351,0.999991238117218,0.5820314884185791,0.3700433075428009,-0.1416250467300415,0.9705442190170288,0.4482203423976898,0.35585564374923706,-0.07285945117473602,0.9421239495277405,0.5335783362388611,0.42317745089530945,-0.22217686474323273,0.8899638056755066,0.45665526390075684,0.4077061116695404,-0.15373679995536804,0.973246693611145,0.5331432819366455,0.467210590839386,-0.00472850538790226,0.9998680949211121,0.4894806742668152,0.47291502356529236,0.004551363177597523,0.999910295009613,0.5295232534408569,0.6146062016487122,0.00524306483566761,0.2910499572753906,0.488233745098114,0.6066151857376099,-0.07284152507781982,0.7148988246917725,0.5174716711044312,0.5712339878082275,0.24182283878326416,0.2619262933731079,0.5002902746200562,0.7487640976905823,-0.049926213920116425,0.5936875343322754,0.5082845091819763,0.592205286026001,0.25695547461509705,0.2823141813278198,0.504132866859436,0.7839164733886719,-0.11883760988712311,0.5283051133155823
162,5.4,0.4897685945034027,0.25206804275512695,-0.24951882660388947,0.9999447464942932,0.5371466875076294,0.2918483018875122,-0.12466482073068619,0.9999834299087524,0.45880764722824097,0.30041804909706116,-0.08586771041154861,0.9999910593032837,0.5834130048751831,0.36957603693008423,-0.1128172054886818,0.9714312553405762,0.44818300008773804,0.3656899631023407,-0.07153188437223434,0.940635621547699,0.5405641794204712,0.43178409337997437,-0.18236178159713745,0.8947861194610596,0.4568262994289398,0.4136490225791931,-0.16169311106204987,0.9733332991600037,0.5336036682128906,0.48322269320487976,-0.006000488996505737,0.9998769164085388,0.4897065758705139,0.4843633770942688,0.005807974841445684,0.9999178051948547,0.5293394327163696,0.6213392615318298,-0.011653197929263115,0.2870585322380066,0.4881814122200012,0.6142427325248718,-0.06808368861675262,0.7263346910476685,0.51469486951828,0.5732961297035217,0.2402646541595459,0.23666717112064362,0.5034785866737366,0.7536783218383789,-0.033288490027189255,0.6105654239654541,0.5076361894607544,0.5986257791519165,0.26346439123153687,0.2558661103248596,0.49949732422828674,0.7934073805809021,-0.09367916733026505,0.5380416512489319
163,5.433333333333334,0.48982638120651245,0.2540273368358612,-0.23319783806800842,0.9999427795410156,0.5371850728988647,0.2933100759983063,-0.11781100928783417,0.9999834299087524,0.45887017250061035,0.30270326137542725,-0.0745164304971695,0.9999909400939941,0.5841237306594849,0.36941054463386536,-0.09918995946645737,0.9715937376022339,0.4481436312198639,0.3668489158153534,-0.058900050818920135,0.9395883679389954,0.541782021522522,0.43539589643478394,-0.15287402272224426,0.896392822265625,0.4568907618522644,0.414955735206604,-0.132619708776474,0.97356116771698,0.5343525409698486,0.4890681803226471,-0.007701950613409281,0.9998842477798462,0.4901009202003479,0.4886070787906647,0.007497417740523815,0.9999244213104248,0.5292618274688721,0.6248487830162048,-0.011479518376290798,0.2801847457885742,0.4881322979927063,0.6161154508590698,-0.05769724398851395,0.7343064546585083,0.5106322169303894,0.5757254958152771,0.22998850047588348,0.21398112177848816,0.5044977068901062,0.7563990950584412,-0.02556021139025688,0.623704731464386,0.5023898482322693,0.6018461585044861,0.25060006976127625,0.23211222887039185,0.49801477789878845,0.7958502769470215,-0.08275793492794037,0.5447932481765747
164,5.466666666666667,0.48971885442733765,0.2557436525821686,-0.2274283468723297,0.9999431371688843,0.5374337434768677,0.29492294788360596,-0.10771986097097397,0.9999838471412659,0.4588736891746521,0.30404624342918396,-0.062014929950237274,0.9999910593032837,0.5846083164215088,0.36945322155952454,-0.08904527127742767,0.9726454615592957,0.4481132924556732,0.37155765295028687,-0.06139439344406128,0.9402134418487549,0.5449408292770386,0.4363693594932556,-0.14705631136894226,0.9018563628196716,0.4571267068386078,0.4174560606479645,-0.1670314222574234,0.974696934223175,0.5346009135246277,0.49058324098587036,-0.00920778326690197,0.9998920559883118,0.49005627632141113,0.48988696932792664,0.008992585353553295,0.999930739402771,0.5296489000320435,0.6291567087173462,-0.01888597570359707,0.29250288009643555,0.48799675703048706,0.6199163794517517,-0.044877223670482635,0.7482895851135254,0.514233410358429,0.579801619052887,0.22966735064983368,0.19443511962890625,0.5060359835624695,0.7576979994773865,-0.009304391220211983,0.6455549001693726,0.5086003541946411,0.6000317931175232,0.25527602434158325,0.21241708099842072,0.49768152832984924,0.8011317849159241,-0.06611280143260956,0.5635359883308411
165,5.5,0.48935484886169434,0.25661522150039673,-0.2549780011177063,0.9999464750289917,0.5375055074691772,0.29611706733703613,-0.12518052756786346,0.9999845623970032,0.4588877260684967,0.30503013730049133,-0.0788043886423111,0.9999914169311523,0.5848562717437744,0.369512677192688,-0.10542367398738861,0.9741601943969727,0.4480380117893219,0.372502863407135,-0.08932486176490784,0.9425109028816223,0.5455331206321716,0.43755069375038147,-0.17327775061130524,0.9085479974746704,0.45723408460617065,0.41773444414138794,-0.20591923594474792,0.9762858152389526,0.5347954034805298,0.49105536937713623,-0.010258256457746029,0.9998998045921326,0.4903157353401184,0.49158355593681335,0.01003983523696661,0.9999367594718933,0.5298306941986084,0.6300148963928223,-0.016727816313505173,0.3201529085636139,0.4878551959991455,0.622865617275238,-0.04217831790447235,0.76740562915802,0.5307329893112183,0.5425571203231812,0.23066933453083038,0.17852889001369476,0.5066487789154053,0.7592797875404358,-0.00044302718015387654,0.6719682216644287,0.5332356691360474,0.5613294243812561,0.25885918736457825,0.19838958978652954,0.4973224997520447,0.8028653264045715,-0.054780542850494385,0.5911163687705994
166,5.533333333333333,0.4891086518764496,0.25885820388793945,-0.2658306062221527,0.9999510645866394,0.5381778478622437,0.2994479537010193,-0.12829962372779846,0.9999857544898987,0.4587181508541107,0.3089114725589752,-0.08631549030542374,0.9999918341636658,0.5861145257949829,0.36951765418052673,-0.10021130740642548,0.9759044051170349,0.44802364706993103,0.3872497081756592,-0.0980013906955719,0.9436637163162231,0.5522301197052002,0.4425104260444641,-0.15336930751800537,0.9157714247703552,0.4582282602787018,0.42422375082969666,-0.21611738204956055,0.9772780537605286,0.5348395109176636,0.4958071708679199,-0.010442694649100304,0.9999074935913086,0.4906837046146393,0.4967942535877228,0.010211491957306862,0.9999421834945679,0.5297768712043762,0.6332617402076721,-0.0217222161591053,0.35935133695602417,0.4878250062465668,0.6281347274780273,-0.03364013135433197,0.7860190272331238,0.5408357381820679,0.5245595574378967,0.20581240952014923,0.16834042966365814,0.5075791478157043,0.7612013816833496,0.012877496890723705,0.6980225443840027,0.556592583656311,0.5275383591651917,0.24575388431549072,0.1935437023639679,0.4973820745944977,0.8057253360748291,-0.03281505033373833,0.6193937659263611
167,5.566666666666666,0.489006370306015,0.2605317234992981,-0.26430362462997437,0.9999553561210632,0.5390880703926086,0.30239683389663696,-0.12884663045406342,0.9999868869781494,0.4585512578487396,0.31464684009552,-0.08810804784297943,0.9999920129776001,0.5869266986846924,0.36954525113105774,-0.09307778626680374,0.9776142835617065,0.4479594826698303,0.3963022828102112,-0.10313157737255096,0.9444496035575867,0.5558958053588867,0.4459350109100342,-0.1373320370912552,0.9226025342941284,0.4596884250640869,0.4280815124511719,-0.21817529201507568,0.9773107767105103,0.5350831151008606,0.501507043838501,-0.011536183767020702,0.99991375207901,0.4911763072013855,0.5014927983283997,0.011282505467534065,0.9999465942382812,0.52972012758255,0.636803925037384,-0.03245272487401962,0.3949835002422333,0.4874787926673889,0.6306048631668091,-0.0348733514547348,0.8021357655525208,0.541780412197113,0.5259466767311096,0.17662614583969116,0.15909957885742188,0.5092849731445312,0.764951765537262,0.006903564091771841,0.72018963098526,0.5515286326408386,0.5203117728233337,0.2112400084733963,0.1884295493364334,0.4974316656589508,0.8069719672203064,-0.03152225539088249,0.6427364349365234
168,5.6,0.489001989364624,0.2619953155517578,-0.2601635456085205,0.9999590516090393,0.5394819378852844,0.30357062816619873,-0.12819227576255798,0.999987781047821,0.4584815502166748,0.3151482045650482,-0.08666302263736725,0.9999921321868896,0.5874497890472412,0.3699224293231964,-0.09285659343004227,0.9790939092636108,0.447843074798584,0.3960467576980591,-0.09951808303594589,0.9441985487937927,0.5564893484115601,0.44761186838150024,-0.13970330357551575,0.9286313056945801,0.4604582190513611,0.4289073050022125,-0.22509007155895233,0.9775415658950806,0.5350670218467712,0.5028242468833923,-0.012629111297428608,0.9999194741249084,0.49128788709640503,0.5034472346305847,0.012367215938866138,0.9999505877494812,0.529698371887207,0.6387149095535278,-0.03545080125331879,0.42954394221305847,0.487112432718277,0.6325344443321228,-0.03236580267548561,0.8165294528007507,0.5415560007095337,0.528386116027832,0.1726871132850647,0.152550607919693,0.5101984739303589,0.766265332698822,0.009684892371296883,0.7405730485916138,0.5503510236740112,0.5317767858505249,0.20281252264976501,0.18658968806266785,0.4979010224342346,0.8068464398384094,-0.02994176372885704,0.6646145582199097
169,5.633333333333334,0.48908504843711853,0.26363617181777954,-0.2688184678554535,0.9999617338180542,0.5404862761497498,0.3063720464706421,-0.12790709733963013,0.9999886751174927,0.4582609236240387,0.32018542289733887,-0.09146208316087723,0.9999920725822449,0.5895543694496155,0.3675556182861328,-0.08481800556182861,0.9804102182388306,0.44738173484802246,0.40772366523742676,-0.12316222488880157,0.9440305829048157,0.5640032291412354,0.44415906071662903,-0.1349012553691864,0.9344446063041687,0.46202167868614197,0.43074506521224976,-0.2697555422782898,0.9777513146400452,0.5358247756958008,0.5012415647506714,-0.011645417660474777,0.9999240040779114,0.4912823736667633,0.5019984245300293,0.011394689790904522,0.9999536275863647,0.530311644077301,0.638138473033905,-0.03060050681233406,0.4424971342086792,0.48711150884628296,0.6324013471603394,-0.04020365700125694,0.8258799314498901,0.536753237247467,0.5388173460960388,0.22934219241142273,0.13985008001327515,0.5122008323669434,0.7644084692001343,0.010263786651194096,0.7500662207603455,0.5393715500831604,0.5379847884178162,0.2671035826206207,0.17288711667060852,0.5008989572525024,0.804963231086731,-0.03330061957240105,0.67116779088974
170,5.666666666666667,0.4891525208950043,0.2658531069755554,-0.2557230591773987,0.9999630451202393,0.5415722131729126,0.3088253140449524,-0.11517214775085449,0.9999895095825195,0.4578276574611664,0.3254556953907013,-0.084988072514534,0.9999915361404419,0.5919675827026367,0.3610405921936035,-0.057454001158475876,0.9813261032104492,0.4471682906150818,0.41884320974349976,-0.11484875530004501,0.9420873522758484,0.5684444308280945,0.4427722990512848,-0.08623792231082916,0.9398819804191589,0.46276623010635376,0.4303702116012573,-0.25598281621932983,0.9778885841369629,0.536017119884491,0.49965476989746094,-0.011606001295149326,0.999926745891571,0.4912598729133606,0.5009832382202148,0.011352481320500374,0.9999548196792603,0.5299047231674194,0.6365752816200256,-0.046984340995550156,0.44272178411483765,0.48726820945739746,0.6299937963485718,-0.030976930633187294,0.8236009478569031,0.5230342745780945,0.5500504374504089,0.19779923558235168,0.1278502196073532,0.5141564607620239,0.7631497979164124,0.03021964058279991,0.7490983009338379,0.5215259790420532,0.546551525592804,0.2449013739824295,0.15963569283485413,0.5008376240730286,0.8038734197616577,-0.0028171036392450333,0.666623055934906
171,5.7,0.48916617035865784,0.2671869993209839,-0.2560432553291321,0.9999648928642273,0.542000412940979,0.3101164996623993,-0.11621290445327759,0.9999903440475464,0.4575708508491516,0.3269865810871124,-0.08454632759094238,0.9999913573265076,0.5928254127502441,0.3589024543762207,-0.06295251101255417,0.9823405146598816,0.44699627161026,0.42039328813552856,-0.11613978445529938,0.940915048122406,0.5689464807510376,0.44095608592033386,-0.09929204732179642,0.9450324773788452,0.46285051107406616,0.43067899346351624,-0.2616099715232849,0.9783016443252563,0.5361572504043579,0.4989250898361206,-0.01166738010942936,0.9999293088912964,0.49123692512512207,0.5010825395584106,0.01141083613038063,0.9999560117721558,0.5296292901039124,0.635466456413269,-0.04949406534433365,0.44405707716941833,0.48774170875549316,0.6297959089279175,-0.025091808289289474,0.8225646615028381,0.521468997001648,0.5535913109779358,0.19750289618968964,0.1167837530374527,0.5140944719314575,0.7623504400253296,0.040647245943546295,0.7474507689476013,0.5208383798599243,0.5517861247062683,0.24027617275714874,0.14740732312202454,0.5000249147415161,0.8030038475990295,0.007431400008499622,0.6617975234985352
172,5.733333333333333,0.489123672246933,0.26890692114830017,-0.2570859491825104,0.9999662637710571,0.542198896408081,0.31101134419441223,-0.11669754981994629,0.9999909996986389,0.45741724967956543,0.32724735140800476,-0.08412840962409973,0.9999911785125732,0.5932844281196594,0.3580162525177002,-0.06889092922210693,0.9831973314285278,0.44686827063560486,0.4198428988456726,-0.11821961402893066,0.9399415850639343,0.569395899772644,0.4396217465400696,-0.10296356678009033,0.9493359327316284,0.46278873085975647,0.4308396279811859,-0.26489463448524475,0.9785774350166321,0.5362499952316284,0.4988294839859009,-0.012139765545725822,0.9999316334724426,0.49124208092689514,0.5010860562324524,0.011881998740136623,0.9999573230743408,0.5292470455169678,0.6347692012786865,-0.04878965765237808,0.44504380226135254,0.4877719283103943,0.6289182305335999,-0.029363805428147316,0.8229072690010071,0.5214754939079285,0.5592976212501526,0.19829019904136658,0.10684632509946823,0.5142184495925903,0.7617496848106384,0.03156633675098419,0.7470268607139587,0.5218783617019653,0.5579026341438293,0.23837193846702576,0.13623885810375214,0.5000447630882263,0.802560567855835,-0.0036942220758646727,0.6577857136726379
173,5.766666666666667,0.48896557092666626,0.27010712027549744,-0.2574464678764343,0.999966025352478,0.5426458120346069,0.3110974133014679,-0.11771519482135773,0.9999915361404419,0.4570710062980652,0.3281009793281555,-0.08893588185310364,0.9999904632568359,0.593834400177002,0.3536841869354248,-0.049020059406757355,0.9836544990539551,0.44668394327163696,0.422486275434494,-0.12764233350753784,0.9365918040275574,0.57138592004776,0.4319470226764679,-0.058043014258146286,0.9529562592506409,0.46264567971229553,0.4311310946941376,-0.2711186110973358,0.9775042533874512,0.5366341471672058,0.49833184480667114,-0.01041293703019619,0.9999331831932068,0.49150246381759644,0.5004841685295105,0.010155961848795414,0.999957799911499,0.530541181564331,0.6343153119087219,-0.046814579516649246,0.44232311844825745,0.4878542423248291,0.628964364528656,-0.03845161199569702,0.8209859728813171,0.5129660367965698,0.5598443746566772,0.1909094750881195,0.09815427660942078,0.5147300362586975,0.7610615491867065,0.026166653260588646,0.7414551377296448,0.5083431005477905,0.5601730942726135,0.22045667469501495,0.1264525204896927,0.5005661845207214,0.801330029964447,-0.01001719944179058,0.6494252681732178
174,5.8,0.48900002241134644,0.2704015374183655,-0.2794283926486969,0.9999567270278931,0.5442096590995789,0.3106960654258728,-0.12914036214351654,0.999991774559021,0.457106351852417,0.328696072101593,-0.1137760728597641,0.9999893307685852,0.5954039096832275,0.34311187267303467,-0.048237092792987823,0.9831866025924683,0.44632506370544434,0.4241928160190582,-0.1651693880558014,0.9248079657554626,0.5742794275283813,0.42147547006607056,-0.0430523082613945,0.9544857144355774,0.4647361636161804,0.4305630624294281,-0.3198074698448181,0.9746730923652649,0.5373538136482239,0.4951167106628418,-0.005292252171784639,0.9999329447746277,0.49190622568130493,0.49656203389167786,0.005101100075989962,0.9999577403068542,0.5321012735366821,0.6332805156707764,-0.02519460953772068,0.4170599579811096,0.4879153370857239,0.6282491683959961,-0.09307024627923965,0.8145475387573242,0.5068868398666382,0.5650738477706909,0.24941007792949677,0.08907876908779144,0.5146109461784363,0.7529287338256836,-0.03571772947907448,0.733656644821167,0.49928584694862366,0.5683644413948059,0.2744768261909485,0.11522091925144196,0.5036502480506897,0.7959010601043701,-0.09163452684879303,0.6381019949913025
175,5.833333333333333,0.48901548981666565,0.27061355113983154,-0.273719847202301,0.9999448657035828,0.5448576211929321,0.3104425072669983,-0.12810733914375305,0.9999918937683105,0.4571162760257721,0.3288968801498413,-0.1094321757555008,0.9999882578849792,0.5959620475769043,0.3405173122882843,-0.03890490159392357,0.9825153946876526,0.4461997449398041,0.4245864748954773,-0.1583162248134613,0.9155218005180359,0.5748142004013062,0.41839298605918884,-0.028011098504066467,0.9554575681686401,0.46544456481933594,0.43007150292396545,-0.31029966473579407,0.9731417298316956,0.5379713773727417,0.4924784004688263,-0.0038460649084299803,0.9999324083328247,0.4921959340572357,0.4940241575241089,0.0036697168834507465,0.9999577403068542,0.5325765609741211,0.6323626041412354,-0.026515185832977295,0.3956088125705719,0.4876025319099426,0.6171100735664368,-0.10641231387853622,0.810257613658905,0.5015152096748352,0.5695171356201172,0.24105119705200195,0.08097930997610092,0.5144110321998596,0.748638391494751,-0.056854862719774246,0.7297157645225525,0.49064022302627563,0.5757530927658081,0.264131635427475,0.10526978224515915,0.5048633217811584,0.7924776077270508,-0.11567221581935883,0.6326476335525513
176,5.866666666666666,0.48970136046409607,0.2706323266029358,-0.2709876298904419,0.9999411106109619,0.5449596643447876,0.3102513551712036,-0.1198011264204979,0.999992311000824,0.4573640823364258,0.32973337173461914,-0.10345447063446045,0.999987006187439,0.5960574150085449,0.33540472388267517,-0.035589367151260376,0.9823997616767883,0.44607657194137573,0.42574822902679443,-0.15286250412464142,0.9022522568702698,0.575729489326477,0.4139471650123596,-0.032939519733190536,0.957673966884613,0.46544066071510315,0.4256930351257324,-0.30226820707321167,0.9687963128089905,0.5378965735435486,0.49135822057724,-0.003130404744297266,0.9999322891235352,0.49225348234176636,0.49222832918167114,0.0029421369545161724,0.9999569654464722,0.5327807664871216,0.630537748336792,-0.030827471986413002,0.37303510308265686,0.4878593981266022,0.6175768375396729,-0.0985371395945549,0.7962549328804016,0.500878632068634,0.5694047808647156,0.22925801575183868,0.07361425459384918,0.5142800211906433,0.7469761967658997,-0.044618211686611176,0.7186037302017212,0.49119868874549866,0.5759807825088501,0.25858885049819946,0.09620204567909241,0.5047544836997986,0.7891165018081665,-0.09998679161071777,0.6195122599601746
177,5.9,0.49009037017822266,0.2706332206726074,-0.2686261236667633,0.9999372959136963,0.5450495481491089,0.3101710081100464,-0.11491866409778595,0.9999926686286926,0.4574962556362152,0.33006590604782104,-0.10088010877370834,0.9999860525131226,0.5961406826972961,0.3341746926307678,-0.030848156660795212,0.9822804927825928,0.44595375657081604,0.4263644218444824,-0.149880513548851,0.8935049772262573,0.5759316682815552,0.41277191042900085,-0.027279267087578773,0.9597597122192383,0.46554893255233765,0.4243525564670563,-0.2975746989250183,0.966133177280426,0.5378860235214233,0.4909376800060272,-0.0026980529073625803,0.9999322891235352,0.49224838614463806,0.4920049011707306,0.0025000476744025946,0.9999563694000244,0.5328208208084106,0.6294869780540466,-0.03518540784716606,0.3542144298553467,0.48795604705810547,0.6182388067245483,-0.09123734384775162,0.7843794822692871,0.5023423433303833,0.5688142776489258,0.2249639481306076,0.06702960282564163,0.5143039226531982,0.7466689348220825,-0.03293312340974808,0.7070466876029968,0.49410805106163025,0.5746061205863953,0.2570415139198303,0.08811499923467636,0.5046520233154297,0.7879313230514526,-0.08537851274013519,0.6055893301963806
178,5.933333333333334,0.4907197952270508,0.27048036456108093,-0.28208598494529724,0.9999374747276306,0.5452967882156372,0.3095187544822693,-0.13518454134464264,0.9999930262565613,0.4584384560585022,0.3295725882053375,-0.11535914987325668,0.9999863505363464,0.5966731905937195,0.3252391517162323,-0.055753160268068314,0.982703447341919,0.4456949234008789,0.42680904269218445,-0.16906818747520447,0.8954108953475952,0.5769369006156921,0.4019816219806671,-0.02946111559867859,0.9617342352867126,0.46839553117752075,0.4173927307128906,-0.3243538439273834,0.9679340720176697,0.5375998020172119,0.49153244495391846,-0.0036222399212419987,0.9999350309371948,0.4921145439147949,0.49599727988243103,0.003426050767302513,0.9999581575393677,0.5299116373062134,0.6284453868865967,-0.03567234426736832,0.3563690781593323,0.4879043698310852,0.6247183680534363,-0.04647251218557358,0.7877994775772095,0.52467942237854,0.5470593571662903,0.25027257204055786,0.061818111687898636,0.514755129814148,0.7469795942306519,0.039490364491939545,0.7112119197845459,0.5277735590934753,0.572651207447052,0.29175713658332825,0.0822560042142868,0.5055829286575317,0.7883055806159973,-0.0002459174138493836,0.6046129465103149
179,5.966666666666667,0.49171456694602966,0.27003195881843567,-0.2851460874080658,0.999939501285553,0.5459848642349243,0.3076052665710449,-0.13819445669651031,0.9999934434890747,0.45927008986473083,0.32942643761634827,-0.11792334169149399,0.9999866485595703,0.5971692204475403,0.3203153908252716,-0.0509193055331707,0.9833429455757141,0.4456675946712494,0.42590293288230896,-0.17615605890750885,0.8970580697059631,0.5769316554069519,0.3956884741783142,-0.030253121629357338,0.963577926158905,0.4696842133998871,0.4113151431083679,-0.3350910544395447,0.9689632654190063,0.5375874042510986,0.4914655089378357,-0.005083017982542515,0.9999377727508545,0.4921988546848297,0.49609512090682983,0.00487895030528307,0.9999597072601318,0.5266281366348267,0.6227836012840271,-0.03782567381858826,0.36253631114959717,0.4882276952266693,0.6272516846656799,-0.028153052553534508,0.7882968187332153,0.5296016931533813,0.5336201786994934,0.24572844803333282,0.05735710635781288,0.5154882073402405,0.7465330362319946,0.06162937358021736,0.7142493724822998,0.5342541337013245,0.5660156011581421,0.28832557797431946,0.07734373956918716,0.5056551098823547,0.7875000834465027,0.02698749303817749,0.6031613349914551
180,6.0,0.4921848177909851,0.2699589133262634,-0.2801196575164795,0.9999405145645142,0.5464817881584167,0.3067465126514435,-0.13734012842178345,0.9999938011169434,0.45989352464675903,0.3293655514717102,-0.11477357149124146,0.9999868273735046,0.5976014137268066,0.3190692961215973,-0.05217869207262993,0.9840600490570068,0.4456084370613098,0.4251965284347534,-0.16955795884132385,0.8987882137298584,0.5770084261894226,0.3944035768508911,-0.0372263640165329,0.9648898839950562,0.47001686692237854,0.4095763862133026,-0.3238627314567566,0.9696620106697083,0.5375474691390991,0.4915255606174469,-0.006339770741760731,0.999940037727356,0.49219322204589844,0.49651679396629333,0.006137046031653881,0.9999610185623169,0.5255349278450012,0.6213622689247131,-0.03784229978919029,0.3682205080986023,0.4885224401950836,0.6289886236190796,-0.02854624018073082,0.7892553210258484,0.5301973819732666,0.5369510650634766,0.24098849296569824,0.05344559997320175,0.5157670378684998,0.7457369565963745,0.05477238819003105,0.716675877571106,0.5336458086967468,0.5662848949432373,0.2829204201698303,0.07296021282672882,0.505581259727478,0.7873163819313049,0.02061273157596588,0.6016967296600342
181,6.033333333333333,0.4957352578639984,0.2678006589412689,-0.26000064611434937,0.9999088644981384,0.5469463467597961,0.29705289006233215,-0.119015172123909,0.9999926686286926,0.46226364374160767,0.3255774676799774,-0.1035136803984642,0.99997478723526,0.5974228978157043,0.30311235785484314,-0.06452499330043793,0.9849388599395752,0.44548287987709045,0.4239022433757782,-0.16141904890537262,0.9066776037216187,0.5762039422988892,0.37744471430778503,-0.07952745258808136,0.9653689861297607,0.4737699031829834,0.3973774015903473,-0.32355159521102905,0.9711084365844727,0.5375112295150757,0.4914454519748688,-0.008998134173452854,0.9999293684959412,0.49331074953079224,0.496492475271225,0.008810092695057392,0.9999393224716187,0.5235681533813477,0.6011183261871338,-0.14025534689426422,0.4278876483440399,0.4907294809818268,0.6260654926300049,-0.015108445659279823,0.801600456237793,0.5290820598602295,0.6836380362510681,0.06062202528119087,0.11731787025928497,0.5147281885147095,0.7398033738136292,0.09416068345308304,0.7379502058029175,0.5288958549499512,0.7408143877983093,0.03451909124851227,0.12883822619915009,0.5055526494979858,0.7847306132316589,0.04410747438669205,0.6281396150588989
182,6.066666666666666,0.4977230429649353,0.26703330874443054,-0.24547012150287628,0.9998858571052551,0.5472009778022766,0.2931241989135742,-0.10381289571523666,0.9999919533729553,0.46378666162490845,0.32304146885871887,-0.09326200932264328,0.9999679327011108,0.597371518611908,0.2970767319202423,-0.07264694571495056,0.9856147766113281,0.4453775882720947,0.4219886362552643,-0.16105398535728455,0.9135982990264893,0.5756056904792786,0.37020012736320496,-0.11593721061944962,0.9669142365455627,0.4759041666984558,0.3934766948223114,-0.3103967607021332,0.972797155380249,0.5374933481216431,0.4905622601509094,-0.00876024179160595,0.9999270439147949,0.49374786019325256,0.4962194263935089,0.00857593584805727,0.9999328255653381,0.5221916437149048,0.5942357778549194,-0.1587623506784439,0.4817292094230652,0.49212971329689026,0.6250196099281311,-0.023602768778800964,0.8155830502510071,0.529366672039032,0.6573647260665894,0.07387135922908783,0.15148358047008514,0.5116399526596069,0.7408252358436584,0.06699927896261215,0.7586692571640015,0.5270994305610657,0.7192032933235168,0.06699248403310776,0.1612565666437149,0.5042742490768433,0.7850412130355835,0.01342938095331192,0.6533796787261963
183,6.1,0.4981222152709961,0.2657266855239868,-0.24146123230457306,0.9998729825019836,0.5475602149963379,0.29196563363075256,-0.10262452065944672,0.9999915957450867,0.46464934945106506,0.32163000106811523,-0.08946438133716583,0.9999629855155945,0.5973249077796936,0.29626449942588806,-0.0744684487581253,0.9864262938499451,0.4453193247318268,0.42073190212249756,-0.158798947930336,0.9197044968605042,0.5752329230308533,0.3693621754646301,-0.11716042459011078,0.9687792658805847,0.4764578342437744,0.39243343472480774,-0.30796077847480774,0.9743438959121704,0.5374739766120911,0.48985689878463745,-0.00865121465176344,0.9999263882637024,0.4940539002418518,0.4959152340888977,0.008470416069030762,0.999928891658783,0.5219058990478516,0.5948787927627563,-0.14337140321731567,0.5300101041793823,0.49278226494789124,0.6244049072265625,-0.0244884192943573,0.8289405107498169,0.5291352272033691,0.655298113822937,0.09390425682067871,0.18396234512329102,0.5106607675552368,0.7410703301429749,0.06479056179523468,0.777999222278595,0.5264503955841064,0.7113707065582275,0.0901729166507721,0.19262249767780304,0.5042726397514343,0.7851055860519409,0.011087557300925255,0.6777492165565491
184,6.133333333333334,0.49792924523353577,0.26447594165802,-0.24384264647960663,0.9998695254325867,0.5478206276893616,0.29133954644203186,-0.10543922334909439,0.9999915361404419,0.4649662971496582,0.3209867775440216,-0.08868086338043213,0.9999592900276184,0.597196638584137,0.29588887095451355,-0.08126045018434525,0.9873775839805603,0.4453180730342865,0.4201916456222534,-0.15719345211982727,0.9255456924438477,0.5749988555908203,0.3689592182636261,-0.12572553753852844,0.9706392288208008,0.47681528329849243,0.3930637240409851,-0.2970132827758789,0.9757698774337769,0.5374557971954346,0.48927825689315796,-0.008599130436778069,0.999926745891571,0.4942740797996521,0.49535614252090454,0.008416430093348026,0.9999261498451233,0.5219597816467285,0.5989934206008911,-0.13183847069740295,0.5739327669143677,0.49305468797683716,0.6232545375823975,-0.026492338627576828,0.8419004082679749,0.5290398001670837,0.6579667925834656,0.10125726461410522,0.22276100516319275,0.5102965831756592,0.7411145567893982,0.066051185131073,0.7959031462669373,0.5263015031814575,0.7232414484024048,0.09475346654653549,0.22868885099887848,0.5042890310287476,0.7850536108016968,0.013700662180781364,0.7009416818618774
185,6.166666666666667,0.49774590134620667,0.26401394605636597,-0.24353070557117462,0.9998677372932434,0.5479577779769897,0.29128777980804443,-0.10569573938846588,0.9999915361404419,0.4651573598384857,0.3205242156982422,-0.08799566328525543,0.9999558925628662,0.597175121307373,0.29568880796432495,-0.08150839060544968,0.9882805943489075,0.4453206956386566,0.41993531584739685,-0.1540636420249939,0.9309881329536438,0.5748521089553833,0.3685545325279236,-0.1246824711561203,0.9724499583244324,0.4768292009830475,0.39344558119773865,-0.2905023992061615,0.9771916270256042,0.5373793244361877,0.48904669284820557,-0.00856067519634962,0.9999271631240845,0.4943479895591736,0.4952080547809601,0.008376769721508026,0.9999234080314636,0.522168755531311,0.6010429859161377,-0.12530560791492462,0.6139058470726013,0.49321651458740234,0.622616171836853,-0.02494962327182293,0.8539028763771057,0.5288820862770081,0.6733145713806152,0.10013637691736221,0.267162024974823,0.5100885629653931,0.7411379218101501,0.06981812417507172,0.812538206577301,0.5261561274528503,0.7374839782714844,0.08871188014745712,0.26958173513412476,0.5042693018913269,0.7850932478904724,0.01758064702153206,0.7230148315429688
186,6.2,0.5009044408798218,0.2622218728065491,-0.2694481313228607,0.9998456239700317,0.5487940311431885,0.2872001528739929,-0.11780210584402084,0.9999905228614807,0.4664762616157532,0.31747880578041077,-0.11935700476169586,0.999947726726532,0.595626950263977,0.2914629280567169,-0.10532037913799286,0.9887129664421082,0.44452548027038574,0.41330304741859436,-0.19607216119766235,0.9367498159408569,0.574830949306488,0.3633060157299042,-0.16614216566085815,0.973609209060669,0.47756847739219666,0.39014413952827454,-0.3382951021194458,0.9787590503692627,0.5373474359512329,0.4829173982143402,-0.0031545672100037336,0.9999210834503174,0.494475781917572,0.49029800295829773,0.0029674996621906757,0.9999094009399414,0.5223190188407898,0.5739261507987976,-0.15967155992984772,0.6507803201675415,0.4948849081993103,0.6079559922218323,-0.022191867232322693,0.8630650043487549,0.5301840901374817,0.6778042912483215,0.03036707639694214,0.3262859284877777,0.5065557360649109,0.7225048542022705,0.09596028923988342,0.8271087408065796,0.5279152989387512,0.7462214827537537,-0.01857287809252739,0.3265777826309204,0.5046197772026062,0.7815119624137878,0.02642759308218956,0.7420385479927063
187,6.233333333333333,0.5020790696144104,0.26195579767227173,-0.28003308176994324,0.999830961227417,0.5492440462112427,0.28560829162597656,-0.12742824852466583,0.9999898672103882,0.4667445719242096,0.3167537450790405,-0.1308407485485077,0.9999415278434753,0.5945862531661987,0.2901454269886017,-0.11612159013748169,0.9891951084136963,0.44379696249961853,0.4116174876689911,-0.20230157673358917,0.9419553875923157,0.5747353434562683,0.3615480959415436,-0.18068194389343262,0.9749146103858948,0.478092759847641,0.3887832760810852,-0.34234684705734253,0.9802736043930054,0.5372540950775146,0.4793926775455475,0.0002767339756246656,0.9999167919158936,0.4944869875907898,0.48782238364219666,-0.0004476757312659174,0.9998998045921326,0.5223580598831177,0.5733296871185303,-0.13304491341114044,0.6835783123970032,0.4957500994205475,0.6031773090362549,-0.025452401489019394,0.8730456829071045,0.5308018326759338,0.6767235398292542,0.06917242705821991,0.37961578369140625,0.5053421258926392,0.7155224084854126,0.08171777427196503,0.8410273194313049,0.5290311574935913,0.7427122592926025,0.025651773437857628,0.37810713052749634,0.5049880146980286,0.7787491679191589,0.01794636808335781,0.7609578967094421
188,6.266666666666667,0.5030717849731445,0.2604777216911316,-0.27335721254348755,0.9998241066932678,0.5501710772514343,0.28439414501190186,-0.12597762048244476,0.9999892115592957,0.4677793085575104,0.3158206343650818,-0.1214815005660057,0.9999321699142456,0.5935405492782593,0.2884620726108551,-0.11591123044490814,0.9891411662101746,0.4429169297218323,0.40833523869514465,-0.18506792187690735,0.9452700614929199,0.5746607780456543,0.3598170876502991,-0.18729226291179657,0.9756304621696472,0.4779697358608246,0.38933590054512024,-0.31694304943084717,0.9812014102935791,0.5370829701423645,0.4794522225856781,0.0035044406540691853,0.9999118447303772,0.4946505129337311,0.4861151874065399,-0.003672698512673378,0.9998865723609924,0.5238302946090698,0.5806982517242432,-0.013314609415829182,0.705293595790863,0.4990675449371338,0.6043014526367188,-0.011511540040373802,0.8756510615348816,0.5312436819076538,0.6943376660346985,0.08035045862197876,0.4327366054058075,0.5050569772720337,0.7127456665039062,0.08449099957942963,0.8503584265708923,0.5302191376686096,0.7575123310089111,0.04959188774228096,0.4296216666698456,0.5070066452026367,0.7767679691314697,0.01714569889008999,0.7740164399147034
189,6.3,0.5039877891540527,0.26059967279434204,-0.2700311541557312,0.9998082518577576,0.5503174662590027,0.28397703170776367,-0.12491271644830704,0.9999886751174927,0.4683089852333069,0.3153798580169678,-0.12337353080511093,0.99992436170578,0.5928095579147339,0.2883869409561157,-0.11733850091695786,0.9888055920600891,0.44264569878578186,0.4073428809642792,-0.18145228922367096,0.9471732378005981,0.574616551399231,0.35985302925109863,-0.18715307116508484,0.9759122729301453,0.4780731201171875,0.38928931951522827,-0.31663739681243896,0.9818257093429565,0.5369711518287659,0.47931399941444397,0.004470068961381912,0.9999063014984131,0.4947739243507385,0.485082745552063,-0.004632269963622093,0.9998739957809448,0.5248889923095703,0.5836462378501892,0.013129876926541328,0.7171584367752075,0.5003021955490112,0.6047853231430054,-0.013285079970955849,0.8748676180839539,0.5315622687339783,0.6959090232849121,0.1386721432209015,0.47477737069129944,0.5049480199813843,0.7130645513534546,0.07712163031101227,0.8574509620666504,0.5306384563446045,0.7572852373123169,0.06854043155908585,0.4697585999965668,0.5070897936820984,0.7758055925369263,0.007715778890997171,0.783745288848877
190,6.333333333333333,0.504656970500946,0.26175743341445923,-0.2911360263824463,0.99980229139328,0.5506340861320496,0.28430426120758057,-0.14516746997833252,0.9999881386756897,0.4684605598449707,0.31535354256629944,-0.1408652365207672,0.9999151229858398,0.591951847076416,0.28843480348587036,-0.16456447541713715,0.9893292188644409,0.44269004464149475,0.40610355138778687,-0.20819902420043945,0.9507750868797302,0.5746136903762817,0.36022546887397766,-0.26289302110671997,0.976891279220581,0.47843948006629944,0.38962432742118835,-0.3450101912021637,0.982430636882782,0.5369618535041809,0.47910547256469727,0.0035175345838069916,0.9999028444290161,0.4947814345359802,0.48533928394317627,-0.0036803274415433407,0.9998613595962524,0.5258105993270874,0.5828593373298645,0.011679942719638348,0.7414131164550781,0.5003048181533813,0.6035449504852295,-0.013947797939181328,0.8795356154441833,0.5312122106552124,0.6984795331954956,0.06519610434770584,0.5191782712936401,0.504813551902771,0.7087448835372925,0.08846995234489441,0.8654954433441162,0.5313423275947571,0.7551971673965454,-0.005502033047378063,0.5130528807640076,0.5083327889442444,0.7703264951705933,0.01357551384717226,0.7944546937942505
191,6.366666666666666,0.5052871108055115,0.26177388429641724,-0.2742917537689209,0.9998152256011963,0.5511350631713867,0.28488507866859436,-0.14206762611865997,0.999988317489624,0.4695436358451843,0.31519365310668945,-0.13773752748966217,0.9999128580093384,0.5915664434432983,0.2896336317062378,-0.14593103528022766,0.9899230003356934,0.44272732734680176,0.4035329222679138,-0.2056465893983841,0.9542665481567383,0.5756262540817261,0.361855149269104,-0.24624507129192352,0.9785268902778625,0.47822147607803345,0.39206376671791077,-0.32964664697647095,0.9833175539970398,0.5371719002723694,0.47951024770736694,0.0028369992505759,0.9999036192893982,0.495305597782135,0.48512306809425354,-0.003007833380252123,0.9998548626899719,0.5308531522750854,0.5836899280548096,-0.042401090264320374,0.7646234035491943,0.5005027055740356,0.6038536429405212,0.008271070197224617,0.8840929269790649,0.5313342809677124,0.7079264521598816,0.06873619556427002,0.5635420083999634,0.5050602555274963,0.7036677002906799,0.14284208416938782,0.8719497323036194,0.5322376489639282,0.7600688338279724,-0.002947509754449129,0.5572168827056885,0.5086477994918823,0.7541829347610474,0.08246836066246033,0.8042452931404114
192,6.4,0.5056726336479187,0.2618260681629181,-0.2758116126060486,0.9998267889022827,0.551331639289856,0.2851942181587219,-0.13754239678382874,0.9999884963035583,0.4700632095336914,0.31496015191078186,-0.1308211386203766,0.9999113082885742,0.591081976890564,0.2892764210700989,-0.14028379321098328,0.9904019832611084,0.4427565634250641,0.40276002883911133,-0.19336144626140594,0.9573547840118408,0.5760421752929688,0.36250534653663635,-0.22500698268413544,0.9797965884208679,0.47810181975364685,0.3934031128883362,-0.3241332173347473,0.9838233590126038,0.5372754335403442,0.47908711433410645,0.0023854300379753113,0.9999033808708191,0.49564075469970703,0.4839976131916046,-0.002559599233791232,0.9998469352722168,0.5320390462875366,0.5850211977958679,-0.05481696128845215,0.7848560214042664,0.5006817579269409,0.6023392677307129,0.015235839411616325,0.8855682611465454,0.531718909740448,0.708437979221344,0.06540390849113464,0.6020033955574036,0.5054467916488647,0.7008249163627625,0.1544799655675888,0.8753734827041626,0.5322176218032837,0.7621771693229675,-0.007099253591150045,0.5952041149139404,0.5086969137191772,0.7501357793807983,0.09490220248699188,0.8096787333488464
193,6.433333333333334,0.5056851506233215,0.25929102301597595,-0.28451627492904663,0.9998423457145691,0.5518447160720825,0.2854568660259247,-0.14310060441493988,0.9999890327453613,0.47086796164512634,0.31471559405326843,-0.12766355276107788,0.9999112486839294,0.5908890962600708,0.2898885905742645,-0.17028875648975372,0.9910947680473328,0.44276538491249084,0.4008876383304596,-0.20196624100208282,0.9604994058609009,0.5770443677902222,0.363171249628067,-0.2787555158138275,0.9812482595443726,0.47800517082214355,0.3953312039375305,-0.35258424282073975,0.9843502640724182,0.5378544330596924,0.4789639711380005,-0.004127447959035635,0.9999018907546997,0.4961698651313782,0.4828757345676422,0.003945056349039078,0.9998286962509155,0.5321595668792725,0.5851854681968689,-0.15108902752399445,0.8048494458198547,0.5003227591514587,0.6022664904594421,0.03901462256908417,0.884283185005188,0.5318047404289246,0.7200729250907898,-0.053005434572696686,0.63935786485672,0.5063222050666809,0.6984922885894775,0.21739336848258972,0.8719230890274048,0.5318829417228699,0.775803804397583,-0.1499692052602768,0.6331129670143127,0.5082089900970459,0.7422961592674255,0.15945932269096375,0.8108503222465515
194,6.466666666666667,0.5058771371841431,0.2563927471637726,-0.249360591173172,0.9998544454574585,0.5543434023857117,0.2871461808681488,-0.10791434347629547,0.99998939037323,0.4717402458190918,0.31436240673065186,-0.1108909398317337,0.9999057054519653,0.5910688638687134,0.29244402050971985,-0.023411370813846588,0.9887768030166626,0.44408345222473145,0.39825931191444397,-0.15997546911239624,0.9597199559211731,0.579751193523407,0.3654383718967438,0.0004322661552578211,0.9792664647102356,0.47817176580429077,0.40390604734420776,-0.27907565236091614,0.9801989197731018,0.5391133427619934,0.4791293740272522,-0.005149140954017639,0.9998834133148193,0.4975588917732239,0.4818294942378998,0.004916076548397541,0.999708890914917,0.5324673056602478,0.5909429788589478,-0.16624316573143005,0.8060229420661926,0.5008583664894104,0.6126251220703125,0.05516674369573593,0.8067245483398438,0.5313933491706848,0.7454147338867188,-0.14274069666862488,0.6626535654067993,0.5078715682029724,0.6553841233253479,0.30364498496055603,0.7882384657859802,0.5286602973937988,0.7978857159614563,-0.2403111457824707,0.6570607423782349,0.5079399943351746,0.7038910388946533,0.2992240786552429,0.7358022332191467
195,6.5,0.5063869953155518,0.25570252537727356,-0.23308806121349335,0.9998629689216614,0.5547472238540649,0.287720263004303,-0.09322266280651093,0.9999895691871643,0.4720061421394348,0.3143395483493805,-0.09511850774288177,0.9998962879180908,0.5911263823509216,0.2958434820175171,-0.011382654309272766,0.9869053959846497,0.44452786445617676,0.39788708090782166,-0.13909904658794403,0.9579535126686096,0.5812260508537292,0.36633098125457764,0.005783188156783581,0.9780831933021545,0.47815027832984924,0.4080449342727661,-0.25540104508399963,0.9762757420539856,0.5395740866661072,0.4792030453681946,-0.005599034950137138,0.9998641610145569,0.4980185031890869,0.48174285888671875,0.005345422308892012,0.99957674741745,0.5324270129203796,0.5933674573898315,-0.17383641004562378,0.8088237047195435,0.5015068650245667,0.6190283894538879,0.05242957919836044,0.7371287941932678,0.5309630632400513,0.7478809952735901,-0.14551416039466858,0.6826714277267456,0.5085607767105103,0.6413784027099609,0.3070453703403473,0.7124967575073242,0.5268154144287109,0.802558958530426,-0.24017438292503357,0.6772936582565308,0.5077754259109497,0.6958467960357666,0.3065411448478699,0.6674329042434692
196,6.533333333333333,0.507637083530426,0.2559622526168823,-0.2375316321849823,0.9998717904090881,0.5552902817726135,0.28815096616744995,-0.10458618402481079,0.9999898076057434,0.4721456468105316,0.3142606019973755,-0.0958915576338768,0.9998891353607178,0.5911731123924255,0.29856187105178833,-0.027055522426962852,0.9854729771614075,0.4449823498725891,0.39784321188926697,-0.15392763912677765,0.9569340348243713,0.5819677114486694,0.3669748902320862,-0.007898119278252125,0.977217435836792,0.4781099855899811,0.41022077202796936,-0.27712324261665344,0.9733700752258301,0.539993166923523,0.47931593656539917,-0.005567291285842657,0.999839723110199,0.4984152317047119,0.4814538359642029,0.005313280038535595,0.9994320273399353,0.5323522090911865,0.594359815120697,-0.1681881844997406,0.8094878792762756,0.5018455982208252,0.6206173896789551,0.046422090381383896,0.67536860704422,0.5307458639144897,0.7479420304298401,-0.1308632642030716,0.6992553472518921,0.5097293257713318,0.6513241529464722,0.30455443263053894,0.6447640061378479,0.5260242223739624,0.804217517375946,-0.22426268458366394,0.6941689848899841,0.507777214050293,0.7038145065307617,0.30171146988868713,0.6062917709350586
197,6.566666666666666,0.5084508657455444,0.256670743227005,-0.2538744807243347,0.9998798370361328,0.5557643175125122,0.2887398302555084,-0.10508118569850922,0.999989926815033,0.47215405106544495,0.3142204284667969,-0.10551367700099945,0.9998834729194641,0.5912071466445923,0.29961585998535156,-0.04558773338794708,0.9839873909950256,0.44526106119155884,0.3979378044605255,-0.15890054404735565,0.956150472164154,0.5823209285736084,0.36747029423713684,-0.04412110149860382,0.97606360912323,0.4780845046043396,0.4109499752521515,-0.2828405499458313,0.9718655347824097,0.540197491645813,0.4794672131538391,-0.005636797286570072,0.9998123049736023,0.4984939992427826,0.4814174175262451,0.005384546238929033,0.9992905855178833,0.5323329567909241,0.5957397222518921,-0.15473349392414093,0.8087067604064941,0.5020443797111511,0.6200587153434753,0.046951375901699066,0.6225476861000061,0.5306775569915771,0.7486628890037537,-0.12184076011180878,0.7163368463516235,0.5097870826721191,0.653358519077301,0.30269134044647217,0.5847752094268799,0.5256014466285706,0.8050645589828491,-0.21648600697517395,0.7112898230552673,0.507667064666748,0.7084400057792664,0.29949572682380676,0.5526949167251587
198,6.6,0.5091942548751831,0.2567082643508911,-0.2116638422012329,0.9998875856399536,0.5585132837295532,0.2915116846561432,-0.07933530956506729,0.999989926815033,0.47229042649269104,0.3140188753604889,-0.07082761824131012,0.9998795986175537,0.5916797518730164,0.3131546974182129,-0.010891497135162354,0.9823348522186279,0.4461444914340973,0.398340106010437,-0.08444108068943024,0.9519577622413635,0.5844022631645203,0.3791849911212921,-0.013299472630023956,0.9771585464477539,0.4777030944824219,0.4189426302909851,-0.18530847132205963,0.9713106155395508,0.5416678786277771,0.48305508494377136,-0.006152385380119085,0.9997983574867249,0.49879032373428345,0.48706790804862976,0.005909697152674198,0.999214231967926,0.5341488122940063,0.6075685620307922,-0.08207567036151886,0.8095831274986267,0.5019420385360718,0.6300202012062073,0.031557194888591766,0.5837622880935669,0.5307807326316833,0.759883463382721,-0.07579706609249115,0.736894428730011,0.5149313807487488,0.646056056022644,0.2541967034339905,0.5314809083938599,0.5251899361610413,0.8073816299438477,-0.16392114758491516,0.7319529056549072,0.5157754421234131,0.6849164962768555,0.2600407004356384,0.5070203542709351
199,6.633333333333334,0.5097121000289917,0.25693899393081665,-0.21568746864795685,0.9998940229415894,0.5593639016151428,0.293392539024353,-0.08302318304777145,0.9999898672103882,0.4722466468811035,0.31395938992500305,-0.07589007914066315,0.9998751282691956,0.5920448303222656,0.31592124700546265,-0.010911730118095875,0.980731189250946,0.4467211663722992,0.3986089527606964,-0.09148036688566208,0.9482576251029968,0.5851328372955322,0.3825809955596924,-0.006967300083488226,0.9779667258262634,0.47758644819259644,0.4206227958202362,-0.19336067140102386,0.9707052707672119,0.5422335267066956,0.4843185544013977,-0.005974192637950182,0.9997897744178772,0.49883922934532166,0.48931804299354553,0.005734893959015608,0.9991596341133118,0.5351250171661377,0.6101783514022827,-0.07273741066455841,0.8116318583488464,0.5018664598464966,0.6324155926704407,0.013276112265884876,0.5513296723365784,0.5308711528778076,0.7604756951332092,-0.06294901669025421,0.7552967071533203,0.5147396922111511,0.6387337446212769,0.24164852499961853,0.48385486006736755,0.525055468082428,0.8074283003807068,-0.14912505447864532,0.7503344416618347,0.5160082578659058,0.6740445494651794,0.25069230794906616,0.46651121973991394
200,6.666666666666667,0.5098779201507568,0.2574617564678192,-0.2022130787372589,0.9999001026153564,0.5614662766456604,0.29595550894737244,-0.07059042900800705,0.9999898672103882,0.4732975959777832,0.31383955478668213,-0.05553337186574936,0.9998753666877747,0.593774139881134,0.3280409574508667,-0.010755566880106926,0.9772103428840637,0.4476359486579895,0.397398978471756,-0.04993622004985809,0.9422257542610168,0.5871105790138245,0.3921973705291748,-0.02675601840019226,0.978392481803894,0.4775063097476959,0.4286535978317261,-0.13450805842876434,0.9677656292915344,0.5438979268074036,0.48717939853668213,-0.00584817212074995,0.9997898936271667,0.500159502029419,0.49207639694213867,0.005611216649413109,0.9991543292999268,0.5362871289253235,0.6175159215927124,-0.041515104472637177,0.8113368153572083,0.5017960071563721,0.6378606557846069,-0.017288561910390854,0.5316243171691895,0.5320924520492554,0.761845052242279,-0.012398922815918922,0.7700853943824768,0.5089226961135864,0.6126232743263245,0.2414475977420807,0.4397517442703247,0.5250669717788696,0.8134961724281311,-0.09126941859722137,0.7635583877563477,0.5135742425918579,0.631939172744751,0.24735450744628906,0.42792731523513794
201,6.7,0.5105680227279663,0.2582024037837982,-0.198370099067688,0.9999068975448608,0.5616592168807983,0.2974341809749603,-0.06579424440860748,0.9999901056289673,0.47375401854515076,0.31367239356040955,-0.05219700187444687,0.9998770952224731,0.5942652225494385,0.3308560252189636,-0.012255039066076279,0.975831925868988,0.448080450296402,0.3961556851863861,-0.05105870962142944,0.9390479326248169,0.5876492857933044,0.394903302192688,-0.03732676059007645,0.9793694019317627,0.4774630665779114,0.42957425117492676,-0.1383315920829773,0.9659213423728943,0.5445581674575806,0.48861953616142273,-0.005606445483863354,0.9997908473014832,0.5004672408103943,0.4937472343444824,0.005369158927351236,0.9991439580917358,0.536850094795227,0.6197692155838013,-0.06145014241337776,0.8165643215179443,0.5017300844192505,0.6378982067108154,-0.010870063677430153,0.5189918875694275,0.5326632261276245,0.7628657221794128,-0.021984795108437538,0.7857518196105957,0.5076894164085388,0.6117417216300964,0.24061819911003113,0.4004974365234375,0.5250962376594543,0.813228964805603,-0.10210376977920532,0.7786388993263245,0.5134586095809937,0.6385974287986755,0.2585751414299011,0.39403191208839417
202,6.733333333333333,0.5114154815673828,0.2587387263774872,-0.18756331503391266,0.9999129176139832,0.5618598461151123,0.2989714443683624,-0.05524159222841263,0.9999902844429016,0.4744981825351715,0.31366851925849915,-0.03819940239191055,0.9998806118965149,0.5956804752349854,0.3360220491886139,-0.019484354183077812,0.9750077724456787,0.4488418698310852,0.39561423659324646,-0.03790711611509323,0.9371232986450195,0.5892587900161743,0.39931219816207886,-0.06705870479345322,0.9805715680122375,0.4761965274810791,0.4328460693359375,-0.13371792435646057,0.966153621673584,0.5452188849449158,0.4914453625679016,-0.005640155170112848,0.9997959136962891,0.5009404420852661,0.4966064393520355,0.005406528245657682,0.9991652369499207,0.5375287532806396,0.6226798892021179,-0.033876873552799225,0.8190006613731384,0.501740574836731,0.6399732232093811,-0.030497118830680847,0.5198345184326172,0.533022940158844,0.7650637030601501,0.01033375971019268,0.7973183393478394,0.5078517198562622,0.6077496409416199,0.21458490192890167,0.367603600025177,0.5251319408416748,0.8173245191574097,-0.0630602091550827,0.7886436581611633,0.5134903192520142,0.6370221972465515,0.23972709476947784,0.3666272759437561
203,6.766666666666667,0.512797474861145,0.2595353424549103,-0.1636321246623993,0.9999203085899353,0.5645045042037964,0.30934402346611023,-0.0597175732254982,0.999990701675415,0.47597044706344604,0.31510040163993835,-0.027650585398077965,0.9998875260353088,0.6002283692359924,0.36217427253723145,-0.07262730598449707,0.9751960635185242,0.4517155587673187,0.3957258462905884,-0.01231088675558567,0.937815248966217,0.5915215015411377,0.4131682515144348,-0.17651104927062988,0.9818569421768188,0.47105222940444946,0.44810232520103455,-0.08237528800964355,0.9678155183792114,0.5462181568145752,0.5024992823600769,-0.009132759645581245,0.9998065233230591,0.5011664032936096,0.505824089050293,0.008930151350796223,0.9992122650146484,0.5385999083518982,0.6330100297927856,-0.03565577045083046,0.8191616535186768,0.5018073320388794,0.6482048630714417,-0.03286472707986832,0.5147894024848938,0.5336812138557434,0.7778390645980835,-0.005939121823757887,0.8089879155158997,0.5095977783203125,0.6141663789749146,0.1780465543270111,0.33580368757247925,0.5288273096084595,0.8227460980415344,-0.07111439108848572,0.7998557686805725,0.5145711898803711,0.6389142274856567,0.2031668871641159,0.339863657951355
204,6.8,0.51413494348526,0.2613137364387512,-0.15545597672462463,0.9999271035194397,0.5672222971916199,0.31816795468330383,-0.056969501078128815,0.9999910593032837,0.47708725929260254,0.31863370537757874,-0.02588861621916294,0.9998948574066162,0.6039687991142273,0.379833847284317,-0.07563955336809158,0.9754163026809692,0.4535757601261139,0.40033450722694397,-0.013969075866043568,0.9398919343948364,0.5926631689071655,0.42498236894607544,-0.17585135996341705,0.9830623865127563,0.46878737211227417,0.45756250619888306,-0.0851084291934967,0.969723641872406,0.5467065572738647,0.5105713605880737,-0.009723206982016563,0.9998153448104858,0.5014506578445435,0.5131500363349915,0.00952147040516138,0.9992564916610718,0.5393117666244507,0.6374496221542358,-0.05356905609369278,0.8209896683692932,0.5020062923431396,0.6541453003883362,-0.03413000702857971,0.5090729594230652,0.535312294960022,0.7818678021430969,-0.04891249164938927,0.817699134349823,0.5126148462295532,0.6220802068710327,0.16956579685211182,0.30724456906318665,0.5317294597625732,0.8268625140190125,-0.12202443927526474,0.8088404536247253,0.5177873969078064,0.6510704755783081,0.19031347334384918,0.31569984555244446
205,6.833333333333333,0.5160894393920898,0.2670351564884186,-0.18007750809192657,0.9999337196350098,0.5686419606208801,0.32312169671058655,-0.062472838908433914,0.9999914169311523,0.4775155186653137,0.32134437561035156,-0.043385397642850876,0.999901294708252,0.6060560941696167,0.3853951394557953,-0.10507863759994507,0.9765080809593201,0.4546731114387512,0.4025096893310547,-0.03333605080842972,0.9426959753036499,0.5926653742790222,0.4296932518482208,-0.21961918473243713,0.9843661785125732,0.4671001434326172,0.46157413721084595,-0.1053038015961647,0.9718358516693115,0.5467079877853394,0.5130582451820374,-0.009380863979458809,0.9998210668563843,0.5014038681983948,0.5158736705780029,0.009180253371596336,0.9992873072624207,0.5405031442642212,0.6405110359191895,-0.05401543527841568,0.8253337144851685,0.5019969940185547,0.6567030549049377,-0.04086742177605629,0.5136516690254211,0.5363640189170837,0.7838038206100464,-0.04451421648263931,0.8276168704032898,0.5134202837944031,0.6231653094291687,0.18234147131443024,0.281988263130188,0.5339534282684326,0.8295292258262634,-0.12038813531398773,0.8194518685340881,0.5185425281524658,0.6518680453300476,0.19996094703674316,0.2952171564102173
206,6.866666666666666,0.517624020576477,0.27095818519592285,-0.18845480680465698,0.9999381899833679,0.5700398087501526,0.3288860023021698,-0.06926688551902771,0.9999912977218628,0.47848495841026306,0.32471710443496704,-0.048718228936195374,0.9999060034751892,0.6089484095573425,0.39746516942977905,-0.10821746289730072,0.9766532182693481,0.4554569721221924,0.4041224718093872,-0.03685355558991432,0.9456403851509094,0.5920946598052979,0.44235748052597046,-0.22629348933696747,0.9851651787757874,0.46640634536743164,0.46808922290802,-0.11299391090869904,0.9736741781234741,0.5473408699035645,0.5198993682861328,-0.009239197708666325,0.9998241662979126,0.5013401508331299,0.5230425596237183,0.009029872715473175,0.9993119239807129,0.5419781804084778,0.6434635519981384,-0.09846585243940353,0.8330237865447998,0.5012770295143127,0.6597415804862976,-0.034925464540719986,0.5172966718673706,0.5368226766586304,0.7800295352935791,-0.051728256046772,0.8346313834190369,0.5124432444572449,0.6229674816131592,0.20698347687721252,0.25839754939079285,0.5356258153915405,0.8265941143035889,-0.1276935189962387,0.8268128633499146,0.5176771879196167,0.6437612175941467,0.2259843349456787,0.27422580122947693
207,6.9,0.5179744958877563,0.2712559103965759,-0.22505590319633484,0.9999423623085022,0.5707151889801025,0.329489529132843,-0.09536252915859222,0.999991238117218,0.4786493182182312,0.32573315501213074,-0.06948240101337433,0.9999092817306519,0.609341025352478,0.39870575070381165,-0.12742623686790466,0.9769887328147888,0.45594698190689087,0.4056934416294098,-0.04560542479157448,0.9480141401290894,0.5915030241012573,0.4456964135169983,-0.2488376349210739,0.9859864115715027,0.4658127725124359,0.470124214887619,-0.1319037228822708,0.9750566482543945,0.5473014116287231,0.5191866755485535,-0.007540606893599033,0.9998282790184021,0.501288890838623,0.5226368308067322,0.007342237047851086,0.9993361234664917,0.5425369739532471,0.6416614651679993,-0.09500811994075775,0.8406442999839783,0.5012705326080322,0.6593300104141235,-0.04266466945409775,0.5248398184776306,0.537388801574707,0.7788033485412598,-0.048840925097465515,0.8417049050331116,0.5123733282089233,0.6041349768638611,0.20695750415325165,0.2384251356124878,0.53700852394104,0.8258448243141174,-0.11854790151119232,0.8343798518180847,0.5173221230506897,0.6410312056541443,0.22391262650489807,0.2573225796222687
208,6.933333333333334,0.5180968642234802,0.2726275622844696,-0.2474297732114792,0.999944806098938,0.5712443590164185,0.3329387307167053,-0.1154709905385971,0.9999908804893494,0.47897663712501526,0.32720112800598145,-0.08294371515512466,0.9999110102653503,0.6101787686347961,0.40455397963523865,-0.1498991698026657,0.9765428304672241,0.456141859292984,0.40619799494743347,-0.062040526419878006,0.9490944147109985,0.5904423594474792,0.4503251314163208,-0.2771112024784088,0.9861793518066406,0.4657236933708191,0.4714611768722534,-0.14154323935508728,0.9759072661399841,0.5474790334701538,0.5225028395652771,-0.007459883578121662,0.999828040599823,0.5013121366500854,0.5250124335289001,0.007267841603606939,0.9993494153022766,0.5435951352119446,0.6454638838768005,-0.08871953189373016,0.8420364856719971,0.5012858510017395,0.6610453128814697,-0.04745753854513168,0.5211797952651978,0.5371307134628296,0.7796043157577515,-0.025042856112122536,0.8437994718551636,0.5123229026794434,0.6094086766242981,0.2108345329761505,0.2185102254152298,0.53685462474823,0.8246403336524963,-0.09834879636764526,0.8366507291793823,0.5167977809906006,0.6427202224731445,0.22804856300354004,0.23871728777885437
209,6.966666666666667,0.5187785625457764,0.274737685918808,-0.25956282019615173,0.9999448657035828,0.5717723965644836,0.33701562881469727,-0.13268959522247314,0.9999901652336121,0.47929754853248596,0.3301698565483093,-0.0934644266963005,0.9999136924743652,0.6105272173881531,0.41576895117759705,-0.16811642050743103,0.9765363931655884,0.4563933312892914,0.4069189429283142,-0.06911228597164154,0.9506189227104187,0.5843285918235779,0.4488731920719147,-0.29085245728492737,0.9865111708641052,0.46434909105300903,0.4702034890651703,-0.1429862082004547,0.9770880341529846,0.5481672883033752,0.5229088068008423,-0.00796288438141346,0.9998259544372559,0.5015270113945007,0.5254071354866028,0.007774348370730877,0.9993692636489868,0.5444539785385132,0.6493059992790222,-0.07909579575061798,0.838869035243988,0.5014396905899048,0.6629358530044556,-0.04848013445734978,0.5233189463615417,0.5369609594345093,0.7782723903656006,0.0012151998234912753,0.8367716073989868,0.5156111717224121,0.6302341222763062,0.20890109241008759,0.2037487030029297,0.5372532606124878,0.8241002559661865,-0.06582178175449371,0.8309770822525024,0.5213478803634644,0.6603491306304932,0.22668099403381348,0.22578991949558258
210,7.0,0.5196278095245361,0.274131178855896,-0.261995792388916,0.9999449253082275,0.5719691514968872,0.3402518033981323,-0.1414785385131836,0.9999894499778748,0.4800179898738861,0.33158960938453674,-0.09513182938098907,0.9999164342880249,0.6107479333877563,0.42166557908058167,-0.1905423253774643,0.9753597974777222,0.4568031430244446,0.4043193757534027,-0.05756900832056999,0.948813259601593,0.576680064201355,0.4450411796569824,-0.31934210658073425,0.9850873947143555,0.46437984704971313,0.4679501950740814,-0.1077984943985939,0.9765742421150208,0.5496301054954529,0.5235216617584229,-0.008966783061623573,0.9998238682746887,0.503028154373169,0.525416910648346,0.008790753781795502,0.9993898868560791,0.5458165407180786,0.6556056141853333,-0.03952324017882347,0.8173896670341492,0.5014666318893433,0.6619204878807068,-0.050980739295482635,0.501718282699585,0.5368884801864624,0.7770285606384277,0.045977309346199036,0.8137803673744202,0.5139520168304443,0.6063938140869141,0.19469614326953888,0.18558575212955475,0.5379704236984253,0.8234263062477112,-0.007709910627454519,0.8080824613571167,0.5183204412460327,0.6429044604301453,0.21797426044940948,0.20725053548812866
211,7.033333333333333,0.5202949643135071,0.27371111512184143,-0.2509973645210266,0.9999406337738037,0.5720318555831909,0.34059932827949524,-0.13751552999019623,0.9999879598617554,0.48082059621810913,0.33234092593193054,-0.08922743052244186,0.9999183416366577,0.610595703125,0.42276450991630554,-0.19380204379558563,0.9696849584579468,0.4576399326324463,0.4019075930118561,-0.053391993045806885,0.9462496638298035,0.5718984007835388,0.4414762854576111,-0.324730783700943,0.9786620736122131,0.4640532433986664,0.46549147367477417,-0.10497238487005234,0.9753815531730652,0.5498517751693726,0.5233607292175293,-0.011463816277682781,0.9998177886009216,0.5031806230545044,0.5259740352630615,0.011267210356891155,0.9994034171104431,0.5467198491096497,0.6537993550300598,-0.0807688981294632,0.7996954917907715,0.5013578534126282,0.6605724692344666,-0.027007926255464554,0.46916452050209045,0.536503255367279,0.7761929631233215,-0.02399694174528122,0.7992184162139893,0.5144160985946655,0.6083937883377075,0.21450364589691162,0.1693733185529709,0.5383636951446533,0.8230372667312622,-0.09319332987070084,0.7950344681739807,0.5181134343147278,0.6601163148880005,0.22649705410003662,0.19045625627040863
212,7.066666666666666,0.5205594897270203,0.2736573815345764,-0.24885547161102295,0.9999300241470337,0.5723856687545776,0.34078967571258545,-0.12965145707130432,0.9999857544898987,0.4818185269832611,0.33318614959716797,-0.08572755753993988,0.9999204874038696,0.6100538372993469,0.42334967851638794,-0.19017073512077332,0.9642291069030762,0.45946836471557617,0.39971569180488586,-0.055243127048015594,0.944480299949646,0.5646408796310425,0.436481773853302,-0.317697137594223,0.9704523086547852,0.4639872610569,0.4647270739078522,-0.11704818159341812,0.9746185541152954,0.5502415299415588,0.5241219401359558,-0.011739551089704037,0.999808669090271,0.5035692453384399,0.5264914035797119,0.011536207050085068,0.9994157552719116,0.5464730858802795,0.6540796756744385,-0.07921385765075684,0.7771090865135193,0.5016542673110962,0.655495822429657,-0.026072483509778976,0.43837419152259827,0.5363060832023621,0.775003969669342,-0.006017491687089205,0.7736482620239258,0.5132371187210083,0.6170250177383423,0.21750974655151367,0.15483452379703522,0.5380440950393677,0.8205065131187439,-0.06999337673187256,0.7702397108078003,0.5087083578109741,0.669778048992157,0.22822269797325134,0.17516377568244934
213,7.1,0.5204997658729553,0.27341845631599426,-0.24508869647979736,0.9999222755432129,0.5723555684089661,0.3410438597202301,-0.1300235241651535,0.999984085559845,0.482121080160141,0.33340269327163696,-0.08408483862876892,0.9999225735664368,0.6099828481674194,0.4240970313549042,-0.19283121824264526,0.9610593318939209,0.4598563313484192,0.3980751037597656,-0.05690617486834526,0.94332355260849,0.5647996068000793,0.43223273754119873,-0.3203778862953186,0.9652240872383118,0.4641954004764557,0.46453604102134705,-0.1225234642624855,0.974138081073761,0.550244927406311,0.5252925157546997,-0.012117525562644005,0.9997993111610413,0.5036407709121704,0.5269725322723389,0.011909213848412037,0.999424159526825,0.5463510751724243,0.6552416682243347,-0.07520223408937454,0.7557665109634399,0.5017964839935303,0.6520187854766846,-0.016363592818379402,0.40945935249328613,0.5361669063568115,0.7739415764808655,0.004965690430253744,0.7484502196311951,0.5132070779800415,0.6218960881233215,0.22742721438407898,0.14167830348014832,0.537779688835144,0.8185996413230896,-0.05821792036294937,0.7462000846862793,0.5069200396537781,0.6716881990432739,0.23745942115783691,0.1613742709159851
214,7.133333333333334,0.5205705165863037,0.2731129825115204,-0.2365190088748932,0.9999241828918457,0.5721455812454224,0.34088337421417236,-0.12558715045452118,0.9999833106994629,0.4820287227630615,0.3336290121078491,-0.07839200645685196,0.9999260306358337,0.609876811504364,0.42457059025764465,-0.1792222261428833,0.9619067311286926,0.46026450395584106,0.3971940875053406,-0.0588102750480175,0.9448022842407227,0.5616051554679871,0.42686158418655396,-0.2996022403240204,0.9656807780265808,0.46432632207870483,0.4617913067340851,-0.13682861626148224,0.9753082394599915,0.5505212545394897,0.5282201766967773,-0.011892888695001602,0.9997876286506653,0.5041160583496094,0.5299931764602661,0.011690022423863411,0.9994345903396606,0.5468994379043579,0.6585924625396729,-0.04454050585627556,0.7446604371070862,0.5045537948608398,0.6517329812049866,-0.019743356853723526,0.3973703384399414,0.5364655256271362,0.773826539516449,0.03356238454580307,0.7434727549552917,0.5136808156967163,0.6573196649551392,0.20944789052009583,0.13530156016349792,0.538496196269989,0.8173726201057434,-0.033323924988508224,0.7434902191162109,0.5118861198425293,0.7104982137680054,0.20214442908763885,0.156864196062088
215,7.166666666666667,0.5206018686294556,0.27292540669441223,-0.21738579869270325,0.9999200105667114,0.5720477104187012,0.34001389145851135,-0.12396510690450668,0.9999815225601196,0.4826548099517822,0.3332829475402832,-0.06762338429689407,0.9999257326126099,0.6091547012329102,0.4236111044883728,-0.18012350797653198,0.9632273316383362,0.462594211101532,0.3965538740158081,-0.05883859843015671,0.9449009895324707,0.5559371709823608,0.41874125599861145,-0.2909211814403534,0.9661792516708374,0.4651954770088196,0.45614737272262573,-0.13654258847236633,0.9760361313819885,0.5506103038787842,0.5284320116043091,-0.013055125251412392,0.9997870326042175,0.5048116445541382,0.5290617942810059,0.012860380113124847,0.9994579553604126,0.5476208925247192,0.6588277816772461,-0.04427758976817131,0.7501295804977417,0.5077875852584839,0.6394639611244202,-0.0009341719560325146,0.39845526218414307,0.5366578698158264,0.7713124752044678,0.03259444609284401,0.752403974533081,0.515171468257904,0.6738502979278564,0.20790453255176544,0.14519552886486053,0.5396892428398132,0.816046416759491,-0.03473956882953644,0.7518519163131714,0.5105482935905457,0.735828161239624,0.1953275501728058,0.169761523604393
216,7.2,0.5208536386489868,0.2727518081665039,-0.21159009635448456,0.9999155402183533,0.571648120880127,0.33920595049858093,-0.11289902776479721,0.9999807476997375,0.48336440324783325,0.333204448223114,-0.05601073428988457,0.9999266862869263,0.6081713438034058,0.42246389389038086,-0.17390176653862,0.9645856022834778,0.46439775824546814,0.394644558429718,-0.046933021396398544,0.943548858165741,0.5526903867721558,0.41274693608283997,-0.2871110141277313,0.9673126935958862,0.46691957116127014,0.451201856136322,-0.12433655560016632,0.9765852689743042,0.5506553649902344,0.5281590223312378,-0.012831826694309711,0.9997782111167908,0.5051714181900024,0.5289167761802673,0.012631607241928577,0.9994698166847229,0.5483031868934631,0.6578593850135803,-0.027576539665460587,0.7295591235160828,0.5118807554244995,0.6390718817710876,-0.021580370143055916,0.38804855942726135,0.5366275310516357,0.7686406373977661,0.061552464962005615,0.7403598427772522,0.5173499584197998,0.6917971968650818,0.1736675649881363,0.14295877516269684,0.5408788919448853,0.8141136169433594,-0.004191880114376545,0.7420623302459717,0.5123203992843628,0.7525160312652588,0.1525762975215912,0.16905197501182556
217,7.233333333333333,0.5211816430091858,0.27053770422935486,-0.20466485619544983,0.9998834729194641,0.5702964067459106,0.3376552164554596,-0.0999283418059349,0.9999772906303406,0.48446840047836304,0.33248427510261536,-0.048999376595020294,0.9999270439147949,0.6054911613464355,0.42003360390663147,-0.17090407013893127,0.965732753276825,0.46724933385849,0.3927524983882904,-0.06519683450460434,0.9427273273468018,0.5487143993377686,0.4055487811565399,-0.2812485098838806,0.9666927456855774,0.46946731209754944,0.447285532951355,-0.17855773866176605,0.9769155383110046,0.5508723855018616,0.5274589657783508,-0.011079199612140656,0.9997869729995728,0.5056883096694946,0.5284132957458496,0.010913951322436333,0.9995109438896179,0.5481293201446533,0.657340943813324,0.0010533126769587398,0.7327405214309692,0.5141347050666809,0.6404784917831421,-0.024187374860048294,0.42428815364837646,0.538206934928894,0.7671940922737122,0.13084927201271057,0.7461045980453491,0.5171471834182739,0.7573374509811401,0.09726398438215256,0.20675413310527802,0.5411932468414307,0.8119834065437317,0.06526495516300201,0.7460794448852539,0.510357141494751,0.8047202229499817,0.03231356292963028,0.22583860158920288
218,7.266666666666667,0.5212787389755249,0.26968914270401,-0.19599676132202148,0.9998535513877869,0.568793773651123,0.3360089659690857,-0.08924020826816559,0.9999740123748779,0.4852931499481201,0.3315613269805908,-0.040689561516046524,0.999927818775177,0.6043794751167297,0.4186531603336334,-0.1529594510793686,0.9663050770759583,0.46946439146995544,0.39193472266197205,-0.06876934319734573,0.9414784908294678,0.5462535619735718,0.40349164605140686,-0.2603767216205597,0.9658352732658386,0.47238197922706604,0.4453331530094147,-0.19207896292209625,0.9774346947669983,0.5508493781089783,0.5272945165634155,-0.010692956857383251,0.9997925162315369,0.5057271718978882,0.5268073081970215,0.010540487244725227,0.999545693397522,0.5478702783584595,0.656697690486908,-0.00033402175176888704,0.732534646987915,0.5129274129867554,0.639591634273529,-0.031372539699077606,0.4517548978328705,0.5393827557563782,0.7656334638595581,0.1281636357307434,0.748254656791687,0.5176616311073303,0.7434125542640686,0.09614071995019913,0.2558586299419403,0.5412118434906006,0.8094077110290527,0.06300710141658783,0.7465032339096069,0.5126342177391052,0.7903875708580017,0.03619687259197235,0.2695102095603943
219,7.3,0.5213335156440735,0.26917803287506104,-0.1914171725511551,0.9998251795768738,0.5680602788925171,0.3349495828151703,-0.08481346815824509,0.9999710321426392,0.48559364676475525,0.33103442192077637,-0.03650465980172157,0.99992835521698,0.6037131547927856,0.4178257882595062,-0.14542853832244873,0.9666599035263062,0.47027450799942017,0.391757071018219,-0.06779997050762177,0.9398908615112305,0.5457171201705933,0.40300026535987854,-0.2533416152000427,0.964806854724884,0.4734453558921814,0.4446853995323181,-0.18975582718849182,0.9777230620384216,0.5508273839950562,0.5271900296211243,-0.010596777312457561,0.9997988939285278,0.5057145953178406,0.5256530046463013,0.010449990630149841,0.9995781183242798,0.5477222800254822,0.6562674045562744,-0.0015851629432290792,0.7334861159324646,0.5123845934867859,0.6394063234329224,-0.033957164734601974,0.4779808521270752,0.5400059223175049,0.7649644017219543,0.12518402934074402,0.7510607242584229,0.5179885625839233,0.7465693354606628,0.09165332466363907,0.3022041916847229,0.5412174463272095,0.8084695339202881,0.06064488738775253,0.7473640441894531,0.51371830701828,0.7907102108001709,0.03205499425530434,0.3106551170349121
220,7.333333333333333,0.521338701248169,0.2685399055480957,-0.17110684514045715,0.999795138835907,0.5669819712638855,0.33281752467155457,-0.06792424619197845,0.9999691843986511,0.4863143861293793,0.3296157717704773,-0.03146599978208542,0.9999285340309143,0.6027055382728577,0.4165014922618866,-0.12956804037094116,0.9676308035850525,0.4731000065803528,0.39201363921165466,-0.08592715859413147,0.9386975765228271,0.5451309680938721,0.40185925364494324,-0.23349697887897491,0.9659005999565125,0.4756052494049072,0.4419480562210083,-0.23198720812797546,0.9787412881851196,0.5508126020431519,0.5229143500328064,-0.006674645002931356,0.9998060464859009,0.5060139894485474,0.5227943658828735,0.006542434450238943,0.9996071457862854,0.5476570725440979,0.6521151661872864,0.0048137535341084,0.7457881569862366,0.5121304392814636,0.6348558068275452,-0.047274183481931686,0.5141799449920654,0.5415794253349304,0.7565133571624756,0.13565529882907867,0.7666824460029602,0.5196720361709595,0.7329733371734619,0.09385745227336884,0.3558144271373749,0.5411649942398071,0.8062830567359924,0.06910499185323715,0.762136697769165,0.5157039761543274,0.7861942648887634,0.03607334569096565,0.36042940616607666
221,7.366666666666666,0.5213276147842407,0.26853063702583313,-0.17382106184959412,0.9997695088386536,0.5661454200744629,0.3305862843990326,-0.07635631412267685,0.999968409538269,0.4868800640106201,0.328235387802124,-0.031132515519857407,0.9999292492866516,0.6017996072769165,0.4112686216831207,-0.1336859166622162,0.9692288041114807,0.47622713446617126,0.39213910698890686,-0.09231414645910263,0.9361078143119812,0.5450085401535034,0.40197670459747314,-0.23558327555656433,0.9675477743148804,0.47746220231056213,0.44146427512168884,-0.24868807196617126,0.9794968366622925,0.5512527227401733,0.5189636945724487,-0.0069153932854533195,0.9998133778572083,0.5066815614700317,0.520495593547821,0.006796114146709442,0.9996346831321716,0.5475757122039795,0.6499544382095337,0.003782953368499875,0.7591617107391357,0.5117812752723694,0.6320622563362122,-0.027162492275238037,0.5479738712310791,0.5431349873542786,0.7491985559463501,0.1470801830291748,0.7790048718452454,0.5197426080703735,0.7400863766670227,0.10079381614923477,0.40967288613319397,0.5409437417984009,0.8039616346359253,0.08606164157390594,0.7740451693534851,0.5154544711112976,0.7920249104499817,0.038761451840400696,0.41101938486099243
222,7.4,0.5212129950523376,0.2685311436653137,-0.1737692505121231,0.999738872051239,0.5653212070465088,0.32802000641822815,-0.08228829503059387,0.999967634677887,0.48724204301834106,0.32696807384490967,-0.03494146466255188,0.999928891658783,0.6002508997917175,0.4078429043292999,-0.13760773837566376,0.9706834554672241,0.47732335329055786,0.39214545488357544,-0.09986373037099838,0.9326902031898499,0.5429404377937317,0.40237870812416077,-0.234994575381279,0.9686945080757141,0.4789721369743347,0.440410315990448,-0.253508985042572,0.9792730808258057,0.5520676374435425,0.5171282887458801,-0.008804718032479286,0.9998205900192261,0.5074269771575928,0.5195311903953552,0.008689263835549355,0.9996598958969116,0.5474217534065247,0.6468066573143005,0.006790190003812313,0.7704281806945801,0.5107772946357727,0.6303570866584778,-0.016849029809236526,0.5762502551078796,0.5436567068099976,0.7397639155387878,0.14891111850738525,0.787451982498169,0.5196895599365234,0.7434709072113037,0.09337310492992401,0.4574671983718872,0.540292501449585,0.7997027039527893,0.09281814098358154,0.7816726565361023,0.5118197798728943,0.7934080958366394,0.03254987671971321,0.455993115901947
223,7.433333333333334,0.5209078788757324,0.2688142955303192,-0.1655188947916031,0.9997226595878601,0.5644794702529907,0.32713043689727783,-0.07310841232538223,0.9999683499336243,0.48840993642807007,0.3266921043395996,-0.018202947452664375,0.9999318718910217,0.5989176034927368,0.4046821892261505,-0.13052909076213837,0.972108781337738,0.4796721935272217,0.39169007539749146,-0.08763153851032257,0.9301819205284119,0.5414525866508484,0.40300679206848145,-0.23423254489898682,0.9701536893844604,0.4801099896430969,0.4392051696777344,-0.2335480898618698,0.979611337184906,0.5533056259155273,0.5138263702392578,-0.008264602161943913,0.9998290538787842,0.5083061456680298,0.5174717903137207,0.008143773302435875,0.9996861219406128,0.5473878979682922,0.6392217874526978,0.0037047751247882843,0.7701475024223328,0.507893979549408,0.6232652068138123,-0.06397406756877899,0.6078488230705261,0.5441895723342896,0.7306393980979919,0.17158208787441254,0.7749119997024536,0.5153113007545471,0.7511485815048218,0.012738960795104504,0.5018172264099121,0.5400353670120239,0.7919663190841675,0.12456609308719635,0.7702904343605042,0.5114570260047913,0.8047569990158081,-0.062230437994003296,0.49720725417137146
224,7.466666666666667,0.5205279588699341,0.2689755856990814,-0.12063457816839218,0.9996867775917053,0.5638710856437683,0.3270253837108612,-0.040023863315582275,0.9999687671661377,0.4892157018184662,0.3265642821788788,0.0194251611828804,0.9999346733093262,0.5981024503707886,0.4027235805988312,-0.10070069879293442,0.9731431007385254,0.4806149899959564,0.39176005125045776,-0.03962896019220352,0.9219807982444763,0.5406633615493774,0.40481725335121155,-0.20528249442577362,0.9711408615112305,0.4803754687309265,0.438843309879303,-0.19848744571208954,0.9795656204223633,0.5532017946243286,0.5141388177871704,-0.007977761328220367,0.9998367428779602,0.5083276033401489,0.5170207619667053,0.007861278019845486,0.9997098445892334,0.5473697185516357,0.640457808971405,0.012515301816165447,0.7489674687385559,0.5066366195678711,0.6243188381195068,-0.08802465349435806,0.629766047000885,0.5438179969787598,0.7368378639221191,0.18141335248947144,0.7349422574043274,0.5147654414176941,0.7653842568397522,-0.05467980355024338,0.535166323184967,0.5391563773155212,0.7930431962013245,0.1413177102804184,0.7312967777252197,0.5095872282981873,0.8080347776412964,-0.1365068256855011,0.5266234278678894
225,7.5,0.5202338099479675,0.2690584361553192,-0.11674797534942627,0.9996387362480164,0.5635496973991394,0.3269052803516388,-0.034876883029937744,0.999968945980072,0.48942074179649353,0.32636967301368713,0.024427630007267,0.9999367594718933,0.5978025197982788,0.4019979238510132,-0.09510419517755508,0.9740085005760193,0.48089614510536194,0.39212459325790405,-0.03350469842553139,0.9138811230659485,0.5403799414634705,0.4059191048145294,-0.2003171741962433,0.9719688892364502,0.48048728704452515,0.43889346718788147,-0.19144488871097565,0.97938472032547,0.5531310439109802,0.5141485929489136,-0.00760026928037405,0.9998443126678467,0.5083919167518616,0.5164610743522644,0.007487933151423931,0.999731719493866,0.5473170876502991,0.6410258412361145,0.014271718449890614,0.7346815466880798,0.5058514475822449,0.6247764229774475,-0.09324018657207489,0.6532871127128601,0.5435888171195984,0.7404202818870544,0.18767616152763367,0.7033783197402954,0.5147034525871277,0.7673798203468323,-0.05848141387104988,0.5685887932777405,0.538880467414856,0.7930737733840942,0.1478745937347412,0.6995319724082947,0.5091841816902161,0.8077166080474854,-0.14140698313713074,0.5564694404602051
226,7.533333333333333,0.5198214650154114,0.268634557723999,-0.09600422531366348,0.9996450543403625,0.562717854976654,0.3263151943683624,-0.017299175262451172,0.9999706149101257,0.48924970626831055,0.3264840543270111,0.04034290090203285,0.9999405145645142,0.5961931347846985,0.4024291932582855,-0.07677367329597473,0.9749199748039246,0.48331403732299805,0.3973999321460724,-0.02103063091635704,0.8931399583816528,0.5381423234939575,0.4165022075176239,-0.18274976313114166,0.9722883701324463,0.4812049865722656,0.4399626553058624,-0.1831088662147522,0.9759815335273743,0.553131103515625,0.5142780542373657,-0.004124031867831945,0.9998549222946167,0.5083335041999817,0.5165614485740662,0.00402076356112957,0.9997548460960388,0.547607421875,0.6504453420639038,0.018125269562005997,0.6896684765815735,0.505689263343811,0.6294950842857361,-0.1291908621788025,0.6671526432037354,0.5392242670059204,0.7436419129371643,0.2218940556049347,0.639664888381958,0.5146384835243225,0.7806280255317688,-0.12683194875717163,0.5853993892669678,0.5388886332511902,0.7939892411231995,0.19846054911613464,0.6379003524780273,0.5051676630973816,0.8288793563842773,-0.21864350140094757,0.5680119395256042
227,7.566666666666666,0.5195741653442383,0.268390029668808,-0.09744913130998611,0.9996450543403625,0.5624130964279175,0.3259677290916443,-0.017197340726852417,0.9999720454216003,0.4891417920589447,0.3266364336013794,0.0403621532022953,0.9999436736106873,0.5954817533493042,0.4027394950389862,-0.07646776735782623,0.9758245348930359,0.48393145203590393,0.3995354175567627,-0.019351068884134293,0.8760787844657898,0.5374435186386108,0.42003127932548523,-0.1834046095609665,0.9727795124053955,0.4816005229949951,0.4405418336391449,-0.18049192428588867,0.9732162952423096,0.5531448125839233,0.5143446922302246,-0.00275123817846179,0.9998646378517151,0.5082988142967224,0.5166223049163818,0.0026482627727091312,0.999775767326355,0.5477811098098755,0.6542031764984131,0.021543148905038834,0.6539922952651978,0.5055273771286011,0.6325280666351318,-0.12851272523403168,0.683831512928009,0.5376560688018799,0.744776725769043,0.22804400324821472,0.5847418904304504,0.5145758390426636,0.7819744348526001,-0.12244249880313873,0.6057602763175964,0.5388938784599304,0.7947326898574829,0.20350496470928192,0.5849812030792236,0.5036975145339966,0.8328783512115479,-0.2149125039577484,0.5836521983146667
228,7.6,0.5195412635803223,0.26885342597961426,-0.14727135002613068,0.999652624130249,0.5621457695960999,0.32595115900039673,-0.040429528802633286,0.9999734163284302,0.489236444234848,0.3283376693725586,0.009154267609119415,0.9999480843544006,0.5946535468101501,0.4030466675758362,-0.0921112522482872,0.9752228856086731,0.48531779646873474,0.4024720788002014,-0.06442783027887344,0.8468981981277466,0.5369250178337097,0.42861083149909973,-0.19816209375858307,0.9706298112869263,0.48273205757141113,0.4446357190608978,-0.24385936558246613,0.9705466628074646,0.5532580018043518,0.5168677568435669,0.0007967365672811866,0.9998695254325867,0.5083558559417725,0.5179603695869446,-0.0009237060439772904,0.9997949600219727,0.5491380095481873,0.6614425182342529,0.02074316330254078,0.5926992893218994,0.5060023069381714,0.6380656957626343,-0.1339772492647171,0.6616114377975464,0.5412519574165344,0.6342442035675049,0.2863340377807617,0.5264348387718201,0.5154459476470947,0.7846394777297974,-0.09216590225696564,0.57433021068573,0.5395452380180359,0.670060932636261,0.29898330569267273,0.5269173979759216,0.5254032611846924,0.8278830647468567,-0.17506980895996094,0.5478476285934448
229,7.633333333333334,0.5194914937019348,0.2699877917766571,-0.15160426497459412,0.9996737837791443,0.5622543096542358,0.32666870951652527,-0.04635276645421982,0.9999750256538391,0.4896627366542816,0.3332482576370239,0.007340847048908472,0.9999520182609558,0.5936492681503296,0.4080534279346466,-0.09700606018304825,0.9741346836090088,0.48694008588790894,0.4089043438434601,-0.06227118894457817,0.8157590627670288,0.5370315313339233,0.44353678822517395,-0.2038358896970749,0.9683167338371277,0.48315924406051636,0.4510614573955536,-0.23321831226348877,0.9644430875778198,0.5532387495040894,0.5193660855293274,-0.00529094971716404,0.9998787045478821,0.5089388489723206,0.520182192325592,0.005135417450219393,0.9998138546943665,0.5510025024414062,0.663642406463623,-0.004308608360588551,0.5412183403968811,0.5070411562919617,0.6471694707870483,-0.10955192148685455,0.6440462470054626,0.5371620655059814,0.6213064193725586,0.2818410396575928,0.4739605486392975,0.5251535177230835,0.797199010848999,-0.061407577246427536,0.5553752779960632,0.535361647605896,0.644798219203949,0.3175210952758789,0.4746149182319641,0.5228976607322693,0.82273930311203,-0.12590298056602478,0.5226173996925354
230,7.666666666666667,0.519324541091919,0.2718591094017029,-0.145456463098526,0.9996878504753113,0.5623258948326111,0.3288695216178894,-0.054571621119976044,0.9999765753746033,0.49003690481185913,0.34005990624427795,0.0077668046578764915,0.9999548196792603,0.5931718349456787,0.41407310962677,-0.09634491801261902,0.9732494354248047,0.4888482987880707,0.4155943989753723,-0.06044643372297287,0.775300920009613,0.5373720526695251,0.45101198554039,-0.18969246745109558,0.9665502309799194,0.4842621684074402,0.45613783597946167,-0.2260943204164505,0.9541599750518799,0.5531988739967346,0.524786651134491,-0.009073225781321526,0.9998874664306641,0.5088452100753784,0.526465117931366,0.008903777226805687,0.9998307824134827,0.5521515607833862,0.6675284504890442,-0.014748334884643555,0.49544718861579895,0.508853018283844,0.6505489349365234,-0.101789690554142,0.6270471811294556,0.533950686454773,0.6323206424713135,0.26533055305480957,0.42677319049835205,0.530433714389801,0.802485466003418,-0.06216524913907051,0.538926899433136,0.5295259952545166,0.649314820766449,0.30526140332221985,0.4275906980037689,0.521329402923584,0.8241097331047058,-0.11485528945922852,0.5000928044319153
231,7.7,0.5193232893943787,0.2730902135372162,-0.1460997462272644,0.9996920824050903,0.562321126461029,0.3301914632320404,-0.06052552908658981,0.9999777674674988,0.4902361333370209,0.3422706425189972,0.006049203220754862,0.9999568462371826,0.5927944779396057,0.41611358523368835,-0.09825541079044342,0.971917986869812,0.4895356595516205,0.4172453284263611,-0.060422591865062714,0.7337937951087952,0.537572979927063,0.45306017994880676,-0.19138364493846893,0.9641573429107666,0.4844058156013489,0.4582464396953583,-0.2289884388446808,0.9413009881973267,0.553119421005249,0.5266513228416443,-0.0108255073428154,0.9998948574066162,0.5087822079658508,0.5285518169403076,0.010656138882040977,0.9998457431793213,0.5524969100952148,0.6683689951896667,-0.013260153122246265,0.45215457677841187,0.5094144344329834,0.6506837606430054,-0.1090056523680687,0.6092917323112488,0.5318125486373901,0.6321870684623718,0.2681797444820404,0.38427287340164185,0.5314654111862183,0.8033697605133057,-0.07779046148061752,0.5233889222145081,0.5258477926254272,0.6472962498664856,0.3076777756214142,0.38519853353500366,0.5209380388259888,0.8243310451507568,-0.12929794192314148,0.4793311655521393
232,7.733333333333333,0.5193240642547607,0.2745741605758667,-0.14717333018779755,0.999713659286499,0.5624908208847046,0.3314396142959595,-0.0651998221874237,0.9999793171882629,0.49050503969192505,0.3447225093841553,0.008480822667479515,0.9999591708183289,0.5924962162971497,0.4199329912662506,-0.09456095099449158,0.9722324013710022,0.4905849099159241,0.4215179979801178,-0.05747396498918533,0.7034213542938232,0.5375156402587891,0.45516908168792725,-0.17938515543937683,0.96507728099823,0.4845932424068451,0.45961037278175354,-0.226909801363945,0.9332484602928162,0.5528839826583862,0.5285516381263733,-0.015050302259624004,0.9999029636383057,0.5085054636001587,0.5311137437820435,0.014865651726722717,0.9998598098754883,0.5523346662521362,0.6702765822410583,-0.031549472361803055,0.4274076521396637,0.5102051496505737,0.6582147479057312,-0.057355307042598724,0.6049133539199829,0.530701220035553,0.6257752180099487,0.2439119815826416,0.3464489281177521,0.5344150066375732,0.803969144821167,-0.008942216634750366,0.5265124440193176,0.5223852396011353,0.6403597593307495,0.2725827097892761,0.3479912281036377,0.5189396142959595,0.8347328901290894,-0.053981296718120575,0.47637251019477844
233,7.766666666666667,0.5193275213241577,0.2755603790283203,-0.1263449639081955,0.9997356534004211,0.562546968460083,0.3338359296321869,-0.0626964420080185,0.9999807476997375,0.49145179986953735,0.348540335893631,0.030134622007608414,0.999960720539093,0.5921474099159241,0.4244941174983978,-0.07139723002910614,0.9706920981407166,0.4908970296382904,0.4291008710861206,-0.01946132816374302,0.6639106869697571,0.5373802781105042,0.459635853767395,-0.13498765230178833,0.9646409749984741,0.484345018863678,0.46349000930786133,-0.1793660670518875,0.9166356921195984,0.5526039600372314,0.5307543277740479,-0.020903106778860092,0.9999105930328369,0.5081445574760437,0.5341809988021851,0.02069910243153572,0.9998725056648254,0.5524712800979614,0.6753944754600525,-0.042251475155353546,0.4053417444229126,0.5117290616035461,0.6692213416099548,-0.017848528921604156,0.5890780091285706,0.5312394499778748,0.6166092157363892,0.19998854398727417,0.3123951256275177,0.5401148796081543,0.8082411885261536,0.03411247581243515,0.5162205100059509,0.5215200185775757,0.6242971420288086,0.2676349878311157,0.3144899308681488,0.5194212198257446,0.8397056460380554,0.001282123033888638,0.4630795121192932
234,7.8,0.5193551778793335,0.2772499918937683,-0.13247142732143402,0.9997521638870239,0.5629345178604126,0.335009902715683,-0.06478242576122284,0.9999818205833435,0.4917038083076477,0.34995678067207336,0.022201795130968094,0.9999619126319885,0.5922034978866577,0.42653706669807434,-0.074159637093544,0.9690179824829102,0.4912963807582855,0.43060964345932007,-0.026252921670675278,0.6315535306930542,0.5370136499404907,0.46174609661102295,-0.13584455847740173,0.9636737108230591,0.48416128754615784,0.46437111496925354,-0.18330402672290802,0.9066985845565796,0.5523703098297119,0.5322668552398682,-0.021097779273986816,0.999916672706604,0.5079008936882019,0.5350528955459595,0.020895907655358315,0.9998835921287537,0.552578330039978,0.6761617660522461,-0.03833556920289993,0.3818374276161194,0.5123265981674194,0.6687611937522888,-0.02062026783823967,0.5736068487167358,0.5295602679252625,0.6129242777824402,0.19578109681606293,0.2816837430000305,0.5410712957382202,0.8099812269210815,0.029193803668022156,0.5049033761024475,0.5175565481185913,0.6184446811676025,0.260818749666214,0.28420016169548035,0.5193225145339966,0.8397204875946045,-0.005011231172829866,0.4489716589450836
235,7.833333333333333,0.5194582939147949,0.2783917784690857,-0.1333605945110321,0.999769389629364,0.5631264448165894,0.33741024136543274,-0.06548420339822769,0.9999829530715942,0.4918484687805176,0.35246333479881287,0.024535130709409714,0.9999632835388184,0.5921865701675415,0.4296894073486328,-0.07458256185054779,0.9676657319068909,0.4910217821598053,0.4338134825229645,-0.02443673089146614,0.6020833253860474,0.5371109247207642,0.4638281464576721,-0.1374397575855255,0.9636628031730652,0.48343920707702637,0.4641675353050232,-0.18786494433879852,0.9027239084243774,0.552094578742981,0.5333333015441895,-0.02345271222293377,0.9999217987060547,0.5075862407684326,0.5365365147590637,0.02324710600078106,0.999893307685852,0.5527588129043579,0.6790270209312439,-0.04010907560586929,0.3598007261753082,0.5127519369125366,0.6729885339736938,-0.011587639339268208,0.5538299679756165,0.5296385288238525,0.6146103143692017,0.19533082842826843,0.2539416253566742,0.5444862246513367,0.8078820109367371,0.04603193327784538,0.48714593052864075,0.5171015858650208,0.6211858987808228,0.2503083050251007,0.25676602125167847,0.5199736952781677,0.8387436866760254,0.01728983223438263,0.43044736981391907
236,7.866666666666666,0.5207780599594116,0.2792855203151703,-0.14913931488990784,0.9997770190238953,0.5632412433624268,0.34012284874916077,-0.07024268805980682,0.9999837279319763,0.4922402501106262,0.3561415374279022,0.019230319187045097,0.9999633431434631,0.5922988057136536,0.43266236782073975,-0.08004409074783325,0.9667344689369202,0.49267926812171936,0.44664835929870605,-0.028345027938485146,0.5711062550544739,0.537223756313324,0.4665682017803192,-0.15497848391532898,0.9635310769081116,0.4827386438846588,0.4640444815158844,-0.2106368988752365,0.8986386060714722,0.550746500492096,0.5376753807067871,-0.021314255893230438,0.9999269247055054,0.5067222118377686,0.5405539274215698,0.02112146094441414,0.9999021887779236,0.5530446767807007,0.680963933467865,-0.04166654869914055,0.34450089931488037,0.5127458572387695,0.6740156412124634,-0.034240834414958954,0.5484745502471924,0.5294471383094788,0.6237919926643372,0.21221034228801727,0.22908654808998108,0.5454183220863342,0.8058471083641052,0.0346682034432888,0.47887298464775085,0.5178030729293823,0.6370512843132019,0.25214725732803345,0.23227670788764954,0.5232237577438354,0.8396223187446594,-0.00212867627851665,0.4190332591533661
237,7.9,0.5210388898849487,0.2799859642982483,-0.16712558269500732,0.9997825026512146,0.5636654496192932,0.34120526909828186,-0.08459600061178207,0.9999845027923584,0.49246925115585327,0.3580750823020935,0.0037430357187986374,0.9999623894691467,0.5923758745193481,0.4338519275188446,-0.09181772172451019,0.9665452837944031,0.49443283677101135,0.45246127247810364,-0.04467553272843361,0.541812539100647,0.5372083783149719,0.46716561913490295,-0.16205893456935883,0.9640141129493713,0.48232215642929077,0.4655399024486542,-0.22443966567516327,0.8929638862609863,0.5506711006164551,0.5378291010856628,-0.020772097632288933,0.9999314546585083,0.5063934326171875,0.5411666631698608,0.020587710663676262,0.9999099969863892,0.5531149506568909,0.6810293793678284,-0.04465477541089058,0.3373176157474518,0.5129325985908508,0.6756312251091003,-0.032462961971759796,0.549543559551239,0.529844343662262,0.6225888133049011,0.2118718922138214,0.20691196620464325,0.5462222099304199,0.8049625754356384,0.04170214757323265,0.4772227108478546,0.5185030698776245,0.637153148651123,0.24594815075397491,0.21063737571239471,0.5241756439208984,0.8396494388580322,0.007584629114717245,0.4139895439147949
238,7.933333333333334,0.521448016166687,0.2807219922542572,-0.17153985798358917,0.9997915625572205,0.5641906261444092,0.34163978695869446,-0.09503717720508575,0.99998539686203,0.4932091236114502,0.35872358083724976,0.003931816667318344,0.9999611973762512,0.5924274325370789,0.435016930103302,-0.10300246626138687,0.967107892036438,0.49631986021995544,0.45385369658470154,-0.041360046714544296,0.5090076327323914,0.5368643999099731,0.4686850607395172,-0.1702323853969574,0.9649791121482849,0.4823133051395416,0.46574461460113525,-0.22185179591178894,0.8810518383979797,0.5501883625984192,0.5388495326042175,-0.023674048483371735,0.9999354481697083,0.5060171484947205,0.5415919423103333,0.023487236350774765,0.9999167919158936,0.5530461072921753,0.680840253829956,-0.042501747608184814,0.33381199836730957,0.5129753947257996,0.6768020391464233,-0.013626156374812126,0.5500839352607727,0.5300835371017456,0.6164487600326538,0.2096882313489914,0.18703222274780273,0.54667729139328,0.8035587668418884,0.06514690071344376,0.4743158221244812,0.5178221464157104,0.6278517842292786,0.24360966682434082,0.19134704768657684,0.5241336822509766,0.8385013341903687,0.03829818218946457,0.40874814987182617
239,7.966666666666667,0.5222351551055908,0.2804912030696869,-0.164686918258667,0.999806821346283,0.5643047094345093,0.34189411997795105,-0.08674459904432297,0.9999862313270569,0.4937615394592285,0.3599889576435089,0.005803132429718971,0.9999635219573975,0.5924124717712402,0.4352395236492157,-0.1004655584692955,0.9666427373886108,0.49537429213523865,0.45535069704055786,-0.043213628232479095,0.4999261498451233,0.5369191765785217,0.4688117504119873,-0.17053845524787903,0.9654504656791687,0.48005080223083496,0.46548622846603394,-0.2280408889055252,0.8898711204528809,0.5494293570518494,0.5382235646247864,-0.02606450393795967,0.9999390244483948,0.5057803392410278,0.5410311222076416,0.025861596688628197,0.9999234080314636,0.5522927045822144,0.6790778636932373,-0.04777185246348381,0.33164021372795105,0.512507438659668,0.6762105226516724,0.023711472749710083,0.539081335067749,0.5278497934341431,0.6223205924034119,0.21095594763755798,0.16904354095458984,0.5467615127563477,0.8030632734298706,0.11656099557876587,0.46906402707099915,0.5109331011772156,0.6343242526054382,0.25107118487358093,0.17390093207359314,0.5234141945838928,0.8375985026359558,0.09597539156675339,0.40141865611076355
240,8.0,0.5228664875030518,0.280354380607605,-0.17016546428203583,0.9998142719268799,0.564818263053894,0.34152349829673767,-0.10071595013141632,0.9999865889549255,0.4946395456790924,0.36017942428588867,0.015967151150107384,0.9999650716781616,0.5923745036125183,0.43451017141342163,-0.1250450760126114,0.9681031703948975,0.4947884976863861,0.4559597074985504,-0.025674577802419662,0.5128545761108398,0.5369570851325989,0.4681568145751953,-0.20324957370758057,0.9665372371673584,0.47833362221717834,0.4593212604522705,-0.2072378396987915,0.8992931246757507,0.5493864417076111,0.5377360582351685,-0.03444022685289383,0.9999433755874634,0.5060221552848816,0.5403206944465637,0.03425286337733269,0.9999300241470337,0.546819806098938,0.67606121301651,-0.06426705420017242,0.3677029311656952,0.5111340880393982,0.6754201650619507,0.03252397105097771,0.5575903654098511,0.5440798997879028,0.6443673372268677,0.2142685204744339,0.15611836314201355,0.546061098575592,0.7977983951568604,0.12621407210826874,0.49557504057884216,0.5427994132041931,0.7039773464202881,0.2513243854045868,0.16298328340053558,0.5231679081916809,0.8335187435150146,0.09694705903530121,0.4234314560890198
241,8.033333333333333,0.5230273008346558,0.2802738547325134,-0.1654992699623108,0.999814510345459,0.5652400255203247,0.3412645161151886,-0.09417952597141266,0.9999867677688599,0.4954277575016022,0.3602280914783478,0.024199988692998886,0.9999660849571228,0.5921539068222046,0.43411123752593994,-0.11834217607975006,0.9688231348991394,0.4944286346435547,0.45626509189605713,-0.01877276785671711,0.5185511112213135,0.5369881987571716,0.46798598766326904,-0.1978735625743866,0.9669169187545776,0.4776760935783386,0.4560488760471344,-0.1996103823184967,0.9071548581123352,0.5493378639221191,0.5373609066009521,-0.03408083692193031,0.999947190284729,0.5060907602310181,0.5399877429008484,0.033900726586580276,0.9999359250068665,0.5460787415504456,0.6744621396064758,-0.06291261315345764,0.38987764716148376,0.5103790163993835,0.6745135188102722,0.022374462336301804,0.5703985095024109,0.545329213142395,0.6489688754081726,0.21871300041675568,0.1429567039012909,0.545803427696228,0.7944470047950745,0.1140333041548729,0.5120982527732849,0.544173538684845,0.7021549344062805,0.25566554069519043,0.15072667598724365,0.5232606530189514,0.8323174118995667,0.08457762002944946,0.4345128536224365
242,8.066666666666666,0.5234413146972656,0.2801998257637024,-0.17014440894126892,0.9998231530189514,0.5657907724380493,0.3412284553050995,-0.10872600227594376,0.9999874234199524,0.4959155023097992,0.36006417870521545,0.03596862033009529,0.9999669790267944,0.5921366214752197,0.4337999224662781,-0.14774224162101746,0.9710200428962708,0.49398311972618103,0.45744723081588745,-0.005593250971287489,0.5346435904502869,0.5370064377784729,0.4680662751197815,-0.2377331256866455,0.9691177606582642,0.4777449667453766,0.45208829641342163,-0.19161584973335266,0.9150638580322266,0.549163818359375,0.536963701248169,-0.04503903165459633,0.9999511241912842,0.5064619779586792,0.5396437644958496,0.044858090579509735,0.9999412894248962,0.5388124585151672,0.671174168586731,-0.07908729463815689,0.4415263831615448,0.509653627872467,0.6752870082855225,0.05051206797361374,0.6008798480033875,0.5545935034751892,0.6568211913108826,0.1971515715122223,0.1476186215877533,0.5461645722389221,0.7915522456169128,0.13835790753364563,0.5510280132293701,0.5556691884994507,0.7313341498374939,0.22345325350761414,0.1604299694299698,0.5233196020126343,0.8303977847099304,0.10592392832040787,0.47562164068222046
243,8.1,0.5237084627151489,0.2801712155342102,-0.16689595580101013,0.99982750415802,0.565976083278656,0.34107285737991333,-0.10478866100311279,0.9999879002571106,0.4960382878780365,0.36027467250823975,0.04055556282401085,0.9999675154685974,0.5921370387077332,0.4334915578365326,-0.14337022602558136,0.9728007912635803,0.49344030022621155,0.45798954367637634,-0.0006985182990320027,0.5464785695075989,0.5370163917541504,0.46808382868766785,-0.23372066020965576,0.9708681106567383,0.47782254219055176,0.4509568512439728,-0.1850346475839615,0.9220319390296936,0.5489788055419922,0.536776065826416,-0.04533917084336281,0.9999546408653259,0.5065466165542603,0.5396003127098083,0.045152612030506134,0.999946117401123,0.5377004146575928,0.670623242855072,-0.07979103177785873,0.4860888123512268,0.5090927481651306,0.6760568618774414,0.051509976387023926,0.626429557800293,0.5557075142860413,0.6584989428520203,0.19364550709724426,0.14897194504737854,0.5461926460266113,0.7901193499565125,0.13457095623016357,0.5850059390068054,0.5574607849121094,0.7333196997642517,0.219286248087883,0.1659274846315384,0.5235409736633301,0.8296998143196106,0.10079115629196167,0.5108019113540649
244,8.133333333333333,0.5241455435752869,0.27979180216789246,-0.17378796637058258,0.9998127818107605,0.5669642090797424,0.33920711278915405,-0.1156848892569542,0.9999879002571106,0.4962213635444641,0.3597099781036377,0.041969120502471924,0.9999642372131348,0.5921453833580017,0.43173015117645264,-0.1599137932062149,0.9742273092269897,0.4912571907043457,0.4594495892524719,-0.00718868151307106,0.5462305545806885,0.5369912385940552,0.4678330719470978,-0.24990102648735046,0.971789538860321,0.4762169420719147,0.440149188041687,-0.1981375515460968,0.9265258312225342,0.5489935874938965,0.5313977599143982,-0.04980965703725815,0.9999575614929199,0.5065397024154663,0.5350579023361206,0.04963549226522446,0.9999499917030334,0.5344663262367249,0.6591221690177917,-0.10231846570968628,0.5293540358543396,0.5082545876502991,0.6755810976028442,0.034356750547885895,0.6533977389335632,0.5566465854644775,0.6649081707000732,0.1593063473701477,0.16328021883964539,0.5458323955535889,0.7886810302734375,0.12058065086603165,0.6188132762908936,0.5575770139694214,0.7442070841789246,0.17287065088748932,0.18329429626464844,0.5243016481399536,0.8270378112792969,0.08338949084281921,0.5475174784660339
245,8.166666666666666,0.5243958234786987,0.27947208285331726,-0.16328442096710205,0.9998018145561218,0.567406415939331,0.33824002742767334,-0.10848285257816315,0.9999880194664001,0.49637144804000854,0.3595788776874542,0.05384868383407593,0.9999611377716064,0.5921531915664673,0.4308694303035736,-0.15253807604312897,0.9756406545639038,0.4907633364200592,0.4597124457359314,0.006640496663749218,0.5442748665809631,0.5369760990142822,0.4675798714160919,-0.24027857184410095,0.9728865027427673,0.47544366121292114,0.4358676075935364,-0.1826518326997757,0.9305751323699951,0.5490099787712097,0.5297831892967224,-0.05139348655939102,0.9999604225158691,0.5065514445304871,0.5331293344497681,0.051220785826444626,0.9999536275863647,0.5337458848953247,0.6560773849487305,-0.10112559795379639,0.5697824954986572,0.5080443620681763,0.6752709746360779,0.03476380929350853,0.6784230470657349,0.5565489530563354,0.667676568031311,0.15152409672737122,0.18346007168293,0.5456423759460449,0.7884225845336914,0.11589334160089493,0.6505279541015625,0.5570337772369385,0.7460692524909973,0.16494111716747284,0.20647093653678894,0.5241497755050659,0.8259954452514648,0.079316645860672,0.5829426646232605
246,8.2,0.5246742963790894,0.2771686315536499,-0.18398842215538025,0.9997931718826294,0.5676345825195312,0.3363739848136902,-0.13199879229068756,0.9999873042106628,0.49681544303894043,0.3578680157661438,0.03316574916243553,0.9999576807022095,0.5922220349311829,0.4265004098415375,-0.18243636190891266,0.9759902358055115,0.48820963501930237,0.45880329608917236,-0.0354410745203495,0.5495135188102722,0.5369733572006226,0.46326467394828796,-0.27041247487068176,0.9713503122329712,0.47397083044052124,0.42870619893074036,-0.2410934716463089,0.9350252747535706,0.5490218997001648,0.5263206362724304,-0.05190715938806534,0.9999616742134094,0.5065524578094482,0.5319429636001587,0.051742494106292725,0.9999557733535767,0.5343946218490601,0.6449998021125793,-0.1346750259399414,0.6061152815818787,0.5071569681167603,0.6750723719596863,0.03664787858724594,0.6954070925712585,0.5554066896438599,0.6789053678512573,0.09637513756752014,0.2117777317762375,0.545466423034668,0.7870163917541504,0.13537099957466125,0.6774309873580933,0.5543453097343445,0.7535859942436218,0.08710755407810211,0.23676982522010803,0.5240342020988464,0.8248743414878845,0.0920984148979187,0.6125203371047974
247,8.233333333333333,0.5248542428016663,0.2758214473724365,-0.18534201383590698,0.9997805953025818,0.5677937865257263,0.33536049723625183,-0.13354112207889557,0.9999867081642151,0.496961772441864,0.3564462959766388,0.027769476175308228,0.9999545216560364,0.5922277569770813,0.4246842563152313,-0.18218651413917542,0.9760634303092957,0.4869738221168518,0.4583236277103424,-0.04039207845926285,0.5513160824775696,0.5369775891304016,0.46126869320869446,-0.26855912804603577,0.9694750905036926,0.473254919052124,0.42698025703430176,-0.24528491497039795,0.9387189745903015,0.549048662185669,0.524409830570221,-0.052252642810344696,0.9999628663063049,0.5065564513206482,0.5307455062866211,0.052084781229496,0.9999577403068542,0.534467875957489,0.644008994102478,-0.1320527046918869,0.6366934776306152,0.5067591071128845,0.674922525882721,0.040199846029281616,0.7070702910423279,0.5550216436386108,0.6807847619056702,0.10308887809515,0.2286970019340515,0.5452783703804016,0.7860605716705322,0.144088014960289,0.6993616223335266,0.5539337396621704,0.7530397772789001,0.09687449038028717,0.2560955882072449,0.5239853262901306,0.8244460821151733,0.1027321070432663,0.6359800696372986
248,8.266666666666667,0.5253571271896362,0.2741600573062897,-0.15965405106544495,0.9997677803039551,0.5683067440986633,0.3327660858631134,-0.12973804771900177,0.9999855756759644,0.498177707195282,0.3523637056350708,0.03613962233066559,0.9999493360519409,0.5922368764877319,0.4207215905189514,-0.169151172041893,0.9758589267730713,0.4844724237918854,0.45365577936172485,-0.03454652056097984,0.5652666687965393,0.5369885563850403,0.45251306891441345,-0.258988618850708,0.9670548439025879,0.473177045583725,0.4181663990020752,-0.23054344952106476,0.9415301084518433,0.5490554571151733,0.5180801153182983,-0.051397085189819336,0.9999623894691467,0.5074225664138794,0.5253944993019104,0.05122227221727371,0.999957263469696,0.5302411317825317,0.628741443157196,-0.1720404177904129,0.6670849323272705,0.5093079209327698,0.6699606776237488,0.041714590042829514,0.7105767130851746,0.5549608469009399,0.7020914554595947,-0.005436256527900696,0.2693716585636139,0.5442593693733215,0.7817807793617249,0.14449836313724518,0.7154762744903564,0.5531415939331055,0.7699301838874817,-0.04166114702820778,0.2966800034046173,0.5225405097007751,0.8191119432449341,0.09940483421087265,0.6545195579528809
249,8.3,0.5256679654121399,0.2731957733631134,-0.1432182937860489,0.9997608661651611,0.5687965154647827,0.3310607671737671,-0.10597692430019379,0.9999845623970032,0.49947619438171387,0.3504296839237213,0.04807455837726593,0.9999451041221619,0.5922684073448181,0.41979461908340454,-0.1613720953464508,0.9752877950668335,0.4838578701019287,0.45036906003952026,-0.028703730553388596,0.576190173625946,0.5369925498962402,0.4500812888145447,-0.24970829486846924,0.9641645550727844,0.47272396087646484,0.4121529161930084,-0.22556161880493164,0.9440644383430481,0.5490656495094299,0.5160263180732727,-0.05142482370138168,0.9999622702598572,0.5080484747886658,0.5232617259025574,0.05124635621905327,0.999957263469696,0.5290969610214233,0.6272071003913879,-0.17409631609916687,0.6931926608085632,0.5107181072235107,0.6669638752937317,0.04636252671480179,0.708020031452179,0.5549325942993164,0.7040866017341614,-0.011224699206650257,0.303326815366745,0.5439730882644653,0.7821115851402283,0.14826884865760803,0.727963924407959,0.5521727800369263,0.7706451416015625,-0.049975890666246414,0.331799179315567,0.5213742852210999,0.8183154463768005,0.10131164640188217,0.6697511076927185
250,8.333333333333334,0.5262669324874878,0.27238285541534424,-0.12570682168006897,0.9997596144676208,0.569126307964325,0.32960045337677,-0.08409443497657776,0.9999838471412659,0.5000029802322388,0.34845659136772156,0.05807502195239067,0.9999433755874634,0.5922752618789673,0.41830331087112427,-0.13817602396011353,0.9745854735374451,0.4803500771522522,0.4449511170387268,-0.010231857188045979,0.5961467027664185,0.5368857979774475,0.44661685824394226,-0.22166681289672852,0.9620229005813599,0.4723776876926422,0.39460131525993347,-0.19173447787761688,0.947597086429596,0.5490180850028992,0.514453649520874,-0.05023341625928879,0.9999623894691467,0.5085212588310242,0.5207854509353638,0.05005832761526108,0.9999577403068542,0.5291427373886108,0.623464822769165,-0.16298307478427887,0.7154583930969238,0.5107333064079285,0.6651182770729065,0.04266609624028206,0.7054721117019653,0.5546054244041443,0.7137011289596558,-0.01197196077555418,0.33839043974876404,0.5431281328201294,0.7806400656700134,0.14166612923145294,0.7377355098724365,0.5521632432937622,0.7823477983474731,-0.05495421960949898,0.3684691786766052,0.5217634439468384,0.8178905844688416,0.09456965327262878,0.6833667755126953
251,8.366666666666667,0.5267795324325562,0.2693791389465332,-0.08267906308174133,0.9997705221176147,0.569758415222168,0.32588836550712585,-0.04191172495484352,0.999983549118042,0.5021906495094299,0.344313383102417,0.07857878506183624,0.9999440908432007,0.5922982096672058,0.41508039832115173,-0.09636889398097992,0.9714727997779846,0.4775921702384949,0.4307102560997009,0.002718882169574499,0.6193909049034119,0.5363085865974426,0.4390949308872223,-0.18168261647224426,0.959270179271698,0.4716409146785736,0.3708018362522125,-0.16988137364387512,0.9517563581466675,0.5486409068107605,0.5121411681175232,-0.04840784892439842,0.9999588131904602,0.5085554122924805,0.5175555944442749,0.048227861523628235,0.999953031539917,0.5287941098213196,0.6203186511993408,-0.2160976380109787,0.7299673557281494,0.5119295716285706,0.6624135971069336,0.04079563915729523,0.6656095385551453,0.5530827045440674,0.7296493649482727,-0.13072851300239563,0.36790940165519714,0.5411586165428162,0.7782849073410034,0.14198867976665497,0.7109640836715698,0.5483908653259277,0.787469208240509,-0.19909003376960754,0.4036751985549927,0.5201174020767212,0.8116529583930969,0.09271298348903656,0.6661532521247864
252,8.4,0.5277420878410339,0.2684035301208496,-0.0697505846619606,0.9997638463973999,0.5708252191543579,0.31998252868652344,-0.02252843603491783,0.9999814629554749,0.5023505687713623,0.3404730558395386,0.07301278412342072,0.9999409914016724,0.5922806859016418,0.4069167375564575,-0.07832123339176178,0.964769184589386,0.47095823287963867,0.4193314015865326,-0.0049450574442744255,0.6446825265884399,0.5351675748825073,0.4299105405807495,-0.16046103835105896,0.9532531499862671,0.47153791785240173,0.34926971793174744,-0.17607519030570984,0.955848753452301,0.548653244972229,0.5084637999534607,-0.03778725862503052,0.9999540448188782,0.5084595680236816,0.5126615762710571,0.0376175194978714,0.9999462962150574,0.5297539830207825,0.6139926314353943,-0.21444503962993622,0.7448990345001221,0.5135467648506165,0.6483957767486572,0.03407623991370201,0.632953941822052,0.5507808327674866,0.7396426796913147,-0.15425732731819153,0.4081566333770752,0.5371274352073669,0.762881875038147,0.13328713178634644,0.6892756819725037,0.5487492680549622,0.7873002886772156,-0.23647160828113556,0.4454231560230255,0.5188726186752319,0.8063179850578308,0.07121516764163971,0.6531943678855896
253,8.433333333333334,0.5287819504737854,0.2657182216644287,-0.08182816207408905,0.9997594356536865,0.5711515545845032,0.3150140941143036,-0.027323758229613304,0.9999783635139465,0.5026707053184509,0.33666446805000305,0.06308452039957047,0.9999341368675232,0.5921386480331421,0.4011059105396271,-0.08147045969963074,0.9563987851142883,0.4679845869541168,0.41108110547065735,-0.015798445791006088,0.6694259643554688,0.5327386260032654,0.4220917224884033,-0.15974389016628265,0.945203959941864,0.47152718901634216,0.33535608649253845,-0.1754509061574936,0.9595619440078735,0.5485917925834656,0.5042360424995422,-0.03317426145076752,0.9999436140060425,0.5083528757095337,0.5088544487953186,0.0330008938908577,0.9999314546585083,0.5303202867507935,0.6148126125335693,-0.19707182049751282,0.7520153522491455,0.5142954587936401,0.6408692002296448,0.03658802807331085,0.5939057469367981,0.5445994734764099,0.7426407933235168,-0.14318470656871796,0.44118064641952515,0.5377387404441833,0.7473248243331909,0.16175046563148499,0.6478589773178101,0.543819785118103,0.7890264987945557,-0.2246619015932083,0.4800344705581665,0.5200290083885193,0.7958609461784363,0.11631252616643906,0.6210181713104248
254,8.466666666666667,0.5296064019203186,0.2630070447921753,-0.03476741537451744,0.9997730255126953,0.5716865062713623,0.3092069923877716,0.01863298937678337,0.9999770522117615,0.5040969252586365,0.33239829540252686,0.08624222129583359,0.9999244213104248,0.5901907682418823,0.39193716645240784,-0.0371520034968853,0.9484701752662659,0.46295762062072754,0.3958449065685272,-0.001648296951316297,0.6916536092758179,0.5309385061264038,0.4099331796169281,-0.11184944957494736,0.9374985098838806,0.47226887941360474,0.3153315782546997,-0.136270210146904,0.962190568447113,0.5483337640762329,0.502195417881012,-0.0283663272857666,0.9999350309371948,0.507676362991333,0.5074359178543091,0.028173521161079407,0.9999083876609802,0.5303928852081299,0.6133182048797607,-0.23928780853748322,0.7645916938781738,0.5140020251274109,0.6337460875511169,0.06645150482654572,0.5581751465797424,0.5402728319168091,0.75722336769104,-0.27654707431793213,0.4889901876449585,0.5411641001701355,0.7252044081687927,0.229984849691391,0.5929046869277954,0.53706294298172,0.7957532405853271,-0.3892814517021179,0.5271604657173157,0.5351396203041077,0.7788509726524353,0.19670172035694122,0.5766961574554443
255,8.5,0.5302544832229614,0.26110124588012695,-0.03484020754694939,0.9997843503952026,0.5722532868385315,0.3068021535873413,0.01119084469974041,0.9999760389328003,0.5054035186767578,0.33134838938713074,0.08585283160209656,0.9999157190322876,0.5896901488304138,0.3914928138256073,-0.048148222267627716,0.9432874917984009,0.4616520404815674,0.39340630173683167,-0.0021007941104471684,0.7109178900718689,0.5290991067886353,0.4068281352519989,-0.12025070190429688,0.9335250854492188,0.4726429581642151,0.31165212392807007,-0.13852694630622864,0.9648722410202026,0.5481252074241638,0.5009763240814209,-0.028074437752366066,0.9999256134033203,0.50738924741745,0.5054090023040771,0.027886778116226196,0.9998843669891357,0.5304242372512817,0.6134880781173706,-0.2311502993106842,0.7749702334403992,0.5139044523239136,0.6298995614051819,0.05853976681828499,0.5258995890617371,0.5383241772651672,0.7582258582115173,-0.2507430911064148,0.5310354232788086,0.5424057841300964,0.7204119563102722,0.22051048278808594,0.543334424495697,0.5353039503097534,0.8012809753417969,-0.35737791657447815,0.5683931708335876,0.5374759435653687,0.7754295468330383,0.18948739767074585,0.5362697243690491
256,8.533333333333333,0.5309954881668091,0.2597191035747528,-0.03967716917395592,0.9997987151145935,0.5726778507232666,0.30692318081855774,0.007878800854086876,0.9999756217002869,0.5060827136039734,0.3312462568283081,0.08527718484401703,0.999908983707428,0.5893707871437073,0.3911193907260895,-0.05158804729580879,0.9407193064689636,0.4615561366081238,0.3920973539352417,-0.0007985677802935243,0.7286911010742188,0.5291994214057922,0.40632370114326477,-0.1261977106332779,0.9309053421020508,0.4726544916629791,0.31145069003105164,-0.13576029241085052,0.9672252535820007,0.5478900074958801,0.5006318688392639,-0.02880208194255829,0.9999187588691711,0.5072351694107056,0.5049103498458862,0.028615763410925865,0.9998661279678345,0.5305485725402832,0.6125183701515198,-0.24181190133094788,0.7858033776283264,0.5137243866920471,0.6296449303627014,0.06546743214130402,0.4966013431549072,0.5380305051803589,0.7579712867736816,-0.26129868626594543,0.567978024482727,0.5428244471549988,0.7219338417053223,0.23018796741962433,0.500232994556427,0.5367625951766968,0.8017326593399048,-0.36527785658836365,0.6054803133010864,0.5362236499786377,0.7751911878585815,0.19937904179096222,0.5014609098434448
257,8.566666666666666,0.5318315029144287,0.2592715322971344,-0.055148910731077194,0.9998042583465576,0.5726965665817261,0.3056173026561737,-0.006966789718717337,0.9999739527702332,0.5060287117958069,0.3301224410533905,0.0835171565413475,0.9999016523361206,0.58854079246521,0.3888416290283203,-0.068190798163414,0.9392513036727905,0.4604540467262268,0.3870616555213928,-0.013893157243728638,0.7449711561203003,0.5284057855606079,0.4011734426021576,-0.1435927003622055,0.9315486550331116,0.4733300805091858,0.3056718111038208,-0.14865809679031372,0.9698895812034607,0.5476608872413635,0.5016017556190491,-0.0272021796554327,0.999909520149231,0.5067580938339233,0.5053344964981079,0.027013782411813736,0.999847412109375,0.5311052203178406,0.6149333119392395,-0.21542151272296906,0.7971539497375488,0.5135945081710815,0.6332350969314575,0.05812709778547287,0.47929254174232483,0.5364481210708618,0.7600778937339783,-0.20409739017486572,0.6048020124435425,0.5432228446006775,0.7218140363693237,0.20349207520484924,0.47677233815193176,0.5361543893814087,0.8067026734352112,-0.29893022775650024,0.6403474807739258,0.536787748336792,0.7797960638999939,0.16962149739265442,0.48649075627326965
258,8.6,0.5341395735740662,0.2591244876384735,0.22507469356060028,0.9423718452453613,0.513953447341919,0.30595579743385315,0.052245259284973145,0.9998767971992493,0.5744601488113403,0.3034323751926422,0.11915323883295059,0.9998685121536255,0.46815767884254456,0.36230960488319397,0.018555082380771637,0.8604993224143982,0.5850218534469604,0.37905770540237427,0.1094532236456871,0.6744232177734375,0.4806059002876282,0.32953891158103943,0.04335964471101761,0.8418231010437012,0.5532165765762329,0.3772594928741455,0.12611407041549683,0.875609278678894,0.5110742449760437,0.49251917004585266,-0.023224452510476112,0.9999027252197266,0.5421430468559265,0.4958558678627014,0.02298477664589882,0.9998542666435242,0.5126733183860779,0.6187252998352051,0.08123825490474701,0.7296220064163208,0.5328212976455688,0.634806215763092,0.06666388362646103,0.44713249802589417,0.5248928666114807,0.75196373462677,0.10694821923971176,0.562136173248291,0.5325366854667664,0.744120717048645,0.060978032648563385,0.4453427791595459,0.5076172351837158,0.7629595994949341,0.0879860371351242,0.5817021727561951,0.5215369462966919,0.7706858515739441,0.03738284111022949,0.44437095522880554
261,8.7,0.5254600644111633,0.25750210881233215,-0.017570480704307556,0.9469736814498901,0.5640003085136414,0.30161815881729126,0.005021737422794104,0.9998661279678345,0.5072376728057861,0.3075869679450989,0.08324917405843735,0.9997691512107849,0.5752515196800232,0.35211479663848877,-0.05224742367863655,0.8068530559539795,0.48346251249313354,0.3518937826156616,0.0285362359136343,0.6240517497062683,0.5481553077697754,0.35726916790008545,-0.1199866309762001,0.7977149486541748,0.5046461820602417,0.3146379590034485,-0.06760870665311813,0.8169944286346436,0.5500240325927734,0.5020982623100281,-0.033250778913497925,0.9998722076416016,0.5182900428771973,0.4981071352958679,0.03307041525840759,0.9998144507408142,0.5319416522979736,0.6474146842956543,-0.023706402629613876,0.6692405939102173,0.5154263377189636,0.6273075342178345,0.06407567858695984,0.40602147579193115,0.5427661538124084,0.7846346497535706,0.040237974375486374,0.5308895707130432,0.5251041650772095,0.7362681031227112,0.1350528597831726,0.41002050042152405,0.5154663324356079,0.8205506801605225,-0.028444772586226463,0.5478611588478088,0.4890621304512024,0.7554799318313599,0.09277249872684479,0.41306445002555847
262,8.733333333333333,0.5373140573501587,0.2562134563922882,-0.02195131406188011,0.9511994123458862,0.5698083639144897,0.3027157187461853,-0.025470569729804993,0.9998605251312256,0.5103693008422852,0.3041338622570038,0.05900506302714348,0.9996870160102844,0.5682548880577087,0.347883939743042,-0.09764038026332855,0.7988480925559998,0.4762495458126068,0.33580049872398376,-0.021916799247264862,0.5943495631217957,0.5174064040184021,0.31779545545578003,-0.14371299743652344,0.7935553789138794,0.5026375651359558,0.2958177924156189,-0.12493391335010529,0.7729732394218445,0.5499244928359985,0.5043280124664307,-0.033224936574697495,0.9998602271080017,0.5176073908805847,0.4981277883052826,0.0330437496304512,0.9997976422309875,0.5328156352043152,0.6474219560623169,-0.008434319868683815,0.6376365423202515,0.5130064487457275,0.626662015914917,0.08655128628015518,0.3745919466018677,0.5430341958999634,0.7891490459442139,0.040689777582883835,0.5371574759483337,0.5214900374412537,0.7362195253372192,0.1644117832183838,0.39400631189346313,0.5160635113716125,0.8196290135383606,-0.028428634628653526,0.5506917834281921,0.4856366515159607,0.7540399432182312,0.12981905043125153,0.4044454097747803
263,8.766666666666667,0.5373167395591736,0.24871230125427246,-0.030707785859704018,0.9555500149726868,0.5692751407623291,0.30354687571525574,-0.028836209326982498,0.9998457431793213,0.5102949738502502,0.2998543977737427,0.0561496801674366,0.9996082782745361,0.5509618520736694,0.34810882806777954,-0.09279505908489227,0.7868819832801819,0.4581071734428406,0.3197413682937622,-0.01396741159260273,0.5838460326194763,0.5091720223426819,0.3126109838485718,-0.14264057576656342,0.7754917740821838,0.5024247765541077,0.2984658181667328,-0.10539692640304565,0.7254570722579956,0.5498446226119995,0.5033770203590393,-0.03148709237575531,0.9998596906661987,0.5159386396408081,0.49799591302871704,0.031298208981752396,0.9997991323471069,0.5342003703117371,0.6468877196311951,-0.010849608108401299,0.6274877190589905,0.5064247250556946,0.6264680027961731,0.06509487330913544,0.3594972789287567,0.5429335832595825,0.7875605821609497,0.054161809384822845,0.5461715459823608,0.5146533846855164,0.7297797203063965,0.1751648485660553,0.38089996576309204,0.5196801424026489,0.8162917494773865,-0.003990632016211748,0.5505772233009338,0.4853430688381195,0.7523033022880554,0.15313175320625305,0.3928965926170349
264,8.8,0.5415052771568298,0.23737841844558716,-0.0345350056886673,0.9587700963020325,0.569057047367096,0.30748897790908813,-0.02362762577831745,0.9997909069061279,0.5103334784507751,0.29820311069488525,0.04259398579597473,0.9994686841964722,0.546746015548706,0.35645657777786255,-0.08066750317811966,0.7493787407875061,0.4629181921482086,0.32021525502204895,-0.027238089591264725,0.5659690499305725,0.511380136013031,0.32143348455429077,-0.11339019238948822,0.7258513569831848,0.502526044845581,0.296111136674881,-0.10923594236373901,0.6727405190467834,0.5495623350143433,0.5033175349235535,-0.02915043570101261,0.9998501539230347,0.5160250067710876,0.49806302785873413,0.028955569490790367,0.9997913241386414,0.5362192392349243,0.646779477596283,-0.0034356608521193266,0.614119291305542,0.50675368309021,0.6266412734985352,0.08670388907194138,0.33589842915534973,0.5433369278907776,0.7879671454429626,0.06502161920070648,0.5573828816413879,0.5150555372238159,0.7274268865585327,0.1980249285697937,0.3680822253227234,0.5224711298942566,0.816460907459259,0.003190248738974333,0.5505357384681702,0.4836377203464508,0.7508624792098999,0.17216458916664124,0.3796154856681824
265,8.833333333333334,0.5391038656234741,0.23697932064533234,-0.03272438794374466,0.9627451300621033,0.5687734484672546,0.31398630142211914,-0.03259105235338211,0.9997900724411011,0.5054077506065369,0.3066188097000122,0.04890412837266922,0.9994292259216309,0.5493386387825012,0.3561895489692688,-0.09536297619342804,0.7494572997093201,0.44895538687705994,0.3160255551338196,-0.04006854444742203,0.5802685618400574,0.4980013966560364,0.3213091492652893,-0.10812859237194061,0.7232277989387512,0.49572762846946716,0.2757318317890167,-0.12824349105358124,0.6753268837928772,0.5496497750282288,0.5137075185775757,-0.029365625232458115,0.9998515248298645,0.5094550251960754,0.506111204624176,0.02916807495057583,0.9997915029525757,0.536973237991333,0.6519589424133301,-0.029572417959570885,0.5990384221076965,0.5022308826446533,0.6336289644241333,0.08345600217580795,0.31449055671691895,0.5429247617721558,0.7876094579696655,0.05373867601156235,0.5546615123748779,0.5146856307983398,0.7099681496620178,0.21898171305656433,0.3420795500278473,0.5218061804771423,0.8206007480621338,-0.005628582555800676,0.5471336841583252,0.48376479744911194,0.7444387674331665,0.21348941326141357,0.3584670424461365
266,8.866666666666667,0.5376784205436707,0.2310737818479538,-0.029031356796622276,0.9660106301307678,0.5686923265457153,0.31282520294189453,-0.039362866431474686,0.9997797608375549,0.5049817562103271,0.3071148693561554,0.05406307056546211,0.9993826150894165,0.5424319505691528,0.35323837399482727,-0.09328645467758179,0.7353166341781616,0.44852203130722046,0.31612125039100647,-0.03386935591697693,0.5800709128379822,0.49338212609291077,0.32090064883232117,-0.09899051487445831,0.7050634622573853,0.49395379424095154,0.273006409406662,-0.13445013761520386,0.6710547208786011,0.5497579574584961,0.5139635801315308,-0.031280145049095154,0.999854564666748,0.5081137418746948,0.5054457783699036,0.03106844425201416,0.9997957348823547,0.5376630425453186,0.6536345481872559,-0.0422869548201561,0.5895859599113464,0.5034476518630981,0.6371892690658569,0.0791761577129364,0.2967791259288788,0.5428429841995239,0.7831164002418518,0.03526405617594719,0.5559337735176086,0.5154094696044922,0.7140164971351624,0.2070923149585724,0.32286471128463745,0.5219255685806274,0.8248686194419861,-0.013438780792057514,0.5454761385917664,0.4839901030063629,0.7447686791419983,0.20115959644317627,0.34328436851501465
267,8.9,0.5369879007339478,0.2322121560573578,-0.028837699443101883,0.9689227342605591,0.5682377815246582,0.31209394335746765,-0.04633314162492752,0.9997653365135193,0.504859983921051,0.3077263832092285,0.05514521151781082,0.9993276596069336,0.5399553775787354,0.3482905328273773,-0.09602250903844833,0.7241404056549072,0.44845765829086304,0.31564921140670776,-0.031744904816150665,0.5795057415962219,0.4947074055671692,0.316110223531723,-0.09581012278795242,0.6925511956214905,0.49341946840286255,0.27406957745552063,-0.1340077817440033,0.6673429608345032,0.549811840057373,0.5137771368026733,-0.033722493797540665,0.9998571872711182,0.5072702169418335,0.5052016973495483,0.033505573868751526,0.9997996687889099,0.537760853767395,0.6550499200820923,-0.05129125714302063,0.5845007300376892,0.5038349628448486,0.6387574672698975,0.07728191465139389,0.28243309259414673,0.5427849888801575,0.7817922234535217,0.03003608249127865,0.5604614615440369,0.515679121017456,0.7162569761276245,0.21072109043598175,0.30741631984710693,0.5221692323684692,0.8257200717926025,-0.01779576763510704,0.5470352172851562,0.4900146424770355,0.7493758201599121,0.20674839615821838,0.3314187228679657
268,8.933333333333334,0.5393338799476624,0.23005032539367676,-0.08159157633781433,0.9717901945114136,0.5704876184463501,0.31408584117889404,-0.0816611498594284,0.9997701048851013,0.5048936009407043,0.3072413206100464,0.0031853076070547104,0.9992108345031738,0.5446527004241943,0.3162977397441864,-0.1601843237876892,0.7318654656410217,0.44542741775512695,0.3061167001724243,-0.0944143757224083,0.5813820362091064,0.5015824437141418,0.2888166904449463,-0.1977413445711136,0.7030053734779358,0.49168509244918823,0.27851083874702454,-0.20624712109565735,0.6209487318992615,0.5498468279838562,0.5130544304847717,-0.027589451521635056,0.9998623132705688,0.5049899220466614,0.5050920248031616,0.027400175109505653,0.9997984170913696,0.5380892753601074,0.6565296649932861,-0.0335833802819252,0.5719637274742126,0.49947601556777954,0.6427375078201294,0.01887272670865059,0.27197331190109253,0.5418316125869751,0.7766504287719727,0.07379944622516632,0.5534361600875854,0.5211116671562195,0.6264069080352783,0.21944360435009003,0.2802325189113617,0.5219584703445435,0.8258957862854004,0.02142931893467903,0.5369788408279419,0.5194622278213501,0.6481637954711914,0.2351435422897339,0.30547526478767395
269,8.966666666666667,0.5411306619644165,0.23608539998531342,-0.0983385443687439,0.9744964241981506,0.5707577466964722,0.32238560914993286,-0.08664514869451523,0.9997578859329224,0.504318118095398,0.3091508150100708,-0.01023594569414854,0.9990143775939941,0.5570504665374756,0.2951755225658417,-0.20435142517089844,0.7477390766143799,0.44835296273231506,0.298025906085968,-0.12505501508712769,0.5961264371871948,0.5072826147079468,0.2780996561050415,-0.26839175820350647,0.7164900302886963,0.492432177066803,0.27519309520721436,-0.2310963124036789,0.5973365306854248,0.5499400496482849,0.5140387415885925,-0.024788785725831985,0.9998617172241211,0.5048898458480835,0.5070076584815979,0.0245833583176136,0.9997861385345459,0.5379773378372192,0.656293511390686,-0.045577872544527054,0.5577001571655273,0.49507007002830505,0.6430573463439941,0.00031560115166939795,0.26678797602653503,0.5409247279167175,0.7744075059890747,0.046424370259046555,0.5378668904304504,0.534680962562561,0.6234206557273865,0.21352949738502502,0.257179319858551,0.521863579750061,0.8252080082893372,-0.004562439862638712,0.5231651067733765,0.5459445714950562,0.6485862135887146,0.2069399356842041,0.283482164144516
270,9.0,0.5432087779045105,0.2287946492433548,-0.09148852527141571,0.9766687154769897,0.5712644457817078,0.31492024660110474,-0.08617059141397476,0.9997356534004211,0.5039088129997253,0.30909204483032227,-0.006676106713712215,0.9987902641296387,0.5534706711769104,0.28846439719200134,-0.18293163180351257,0.7473875284194946,0.4495125710964203,0.29204267263412476,-0.11555298417806625,0.6004907488822937,0.5071360468864441,0.2719334065914154,-0.22559957206249237,0.7069060206413269,0.49302369356155396,0.27161937952041626,-0.2289845049381256,0.5688438415527344,0.5506523847579956,0.5112333297729492,-0.02426140569150448,0.9998509883880615,0.5057809948921204,0.5038939714431763,0.024052424356341362,0.9997535347938538,0.5390639305114746,0.6532741785049438,-0.03159911558032036,0.5246335864067078,0.49573713541030884,0.6281065344810486,0.027745282277464867,0.24504578113555908,0.5408734083175659,0.7677074670791626,0.06353850662708282,0.5106154680252075,0.5230624079704285,0.6106736660003662,0.2413845956325531,0.232682466506958,0.5234167575836182,0.8230383992195129,0.006840138230472803,0.49569469690322876,0.52364182472229,0.6324094533920288,0.25256434082984924,0.2575122117996216
271,9.033333333333333,0.5427294373512268,0.23046861588954926,-0.10914500057697296,0.9787521958351135,0.5709844827651978,0.3048038184642792,-0.09165696799755096,0.9996863603591919,0.5037598013877869,0.3083200752735138,-0.008818551898002625,0.9986011981964111,0.5535749197006226,0.2748034596443176,-0.17516377568244934,0.7480127811431885,0.45072370767593384,0.28386157751083374,-0.11936408281326294,0.6180344223976135,0.5081267356872559,0.2672586441040039,-0.19817732274532318,0.6914026737213135,0.4971572756767273,0.2704649269580841,-0.23553331196308136,0.5642581582069397,0.5506731867790222,0.5092933773994446,-0.0250322874635458,0.9998446702957153,0.5060349702835083,0.5030837059020996,0.024826278910040855,0.9997403621673584,0.5389777421951294,0.6516520380973816,-0.03734303265810013,0.5071091055870056,0.48883572220802307,0.6272888779640198,0.013073079288005829,0.23340542614459991,0.5408992171287537,0.7662044763565063,0.06649776548147202,0.4930984675884247,0.527167797088623,0.6055731177330017,0.21869246661663055,0.21186062693595886,0.5231159925460815,0.8207746148109436,0.015545979142189026,0.4761161208152771,0.5336101651191711,0.6313742399215698,0.22455322742462158,0.23611317574977875
272,9.066666666666666,0.5422562956809998,0.22873565554618835,-0.10133513063192368,0.9807113409042358,0.5707951188087463,0.29922720789909363,-0.08591380715370178,0.9996585845947266,0.5038160681724548,0.30684080719947815,-0.003535909578204155,0.9985262155532837,0.5549037456512451,0.2720397412776947,-0.17196966707706451,0.7524077296257019,0.4515655040740967,0.28272512555122375,-0.1166163831949234,0.6363093256950378,0.5086519122123718,0.266912043094635,-0.19697973132133484,0.6807767748832703,0.4978688359260559,0.2710043787956238,-0.23790816962718964,0.5679932236671448,0.5504137277603149,0.5046816468238831,-0.025378093123435974,0.9998443722724915,0.5059535503387451,0.4992986023426056,0.025174472481012344,0.9997380971908569,0.5389431715011597,0.649196982383728,-0.03842537850141525,0.4970881938934326,0.4888435900211334,0.6263490319252014,0.012020764872431755,0.22533224523067474,0.5409076809883118,0.7658526301383972,0.06466536223888397,0.48395195603370667,0.5276758074760437,0.60863196849823,0.21324172616004944,0.19383080303668976,0.5229347944259644,0.8174099326133728,0.01065157912671566,0.4654136598110199,0.5328227281570435,0.6349710822105408,0.21979431807994843,0.21820224821567535
273,9.1,0.5418105721473694,0.2291383296251297,-0.09643532335758209,0.9824973940849304,0.5707165598869324,0.2972044050693512,-0.08108127862215042,0.9996454119682312,0.5039226412773132,0.30605995655059814,0.0036795511841773987,0.9985047578811646,0.5535566806793213,0.2712852358818054,-0.15943008661270142,0.7619906663894653,0.452145516872406,0.28212589025497437,-0.10151747614145279,0.6557090282440186,0.5087975263595581,0.26667410135269165,-0.18010443449020386,0.6772028207778931,0.4980738162994385,0.2710473835468292,-0.21886992454528809,0.5750151872634888,0.5503421425819397,0.5026993155479431,-0.025668781250715256,0.9998466372489929,0.506064772605896,0.4977051913738251,0.025465309619903564,0.9997411370277405,0.5388624668121338,0.6478726863861084,-0.038916099816560745,0.49582439661026,0.48895639181137085,0.626563310623169,0.011286070570349693,0.2237916886806488,0.5409226417541504,0.7655432820320129,0.06903176754713058,0.4825840890407562,0.5292238593101501,0.6110621690750122,0.21331143379211426,0.1786995381116867,0.5227594971656799,0.8150496482849121,0.015738992020487785,0.46173349022865295,0.5343728065490723,0.6372759342193604,0.22141027450561523,0.20412594079971313
274,9.133333333333333,0.5399893522262573,0.23127314448356628,-0.10219702869653702,0.9838528037071228,0.5699204206466675,0.2927190065383911,-0.08641253411769867,0.9995864033699036,0.5046745538711548,0.30281779170036316,0.0070544579066336155,0.998486340045929,0.5311633348464966,0.27026593685150146,-0.12111188471317291,0.7607643604278564,0.45217975974082947,0.28171616792678833,-0.09276898205280304,0.67082679271698,0.5028883218765259,0.2663693130016327,-0.07570841163396835,0.6620948910713196,0.5006647109985352,0.2692727744579315,-0.209224671125412,0.5921518206596375,0.55034339427948,0.5017214417457581,-0.029690230265259743,0.9998421669006348,0.5061984062194824,0.49677273631095886,0.029503772035241127,0.9997420310974121,0.5388208031654358,0.6434046626091003,-0.05568404868245125,0.5098109245300293,0.4866853356361389,0.6252427697181702,0.003942269831895828,0.23699194192886353,0.5408405065536499,0.7594799399375916,0.054751329123973846,0.5054691433906555,0.5285242795944214,0.6218374371528625,0.20233020186424255,0.17406567931175232,0.5229145884513855,0.8120540380477905,0.01315979938954115,0.4803203046321869,0.5284651517868042,0.6661213040351868,0.22084641456604004,0.20189416408538818
275,9.166666666666666,0.5375491976737976,0.22589276731014252,-0.09314532577991486,0.985244870185852,0.5684418678283691,0.28403300046920776,-0.08582610636949539,0.9995123744010925,0.5056802034378052,0.302905410528183,0.025793548673391342,0.998443067073822,0.5170837640762329,0.2669472396373749,-0.10279204696416855,0.7600235939025879,0.45246291160583496,0.27858099341392517,-0.08017934113740921,0.6873672604560852,0.49632176756858826,0.2673029899597168,-0.030596625059843063,0.6369330286979675,0.502029538154602,0.2619839906692505,-0.21226665377616882,0.5987966656684875,0.5504580736160278,0.5016403794288635,-0.03713400289416313,0.9998441338539124,0.5064300298690796,0.4965551197528839,0.03697414696216583,0.9997519850730896,0.5389136075973511,0.640061616897583,-0.05217067152261734,0.5389226078987122,0.4828314781188965,0.618488609790802,0.012770514003932476,0.26610928773880005,0.5409095883369446,0.7549211978912354,0.057867325842380524,0.5406556725502014,0.5287927985191345,0.6212800741195679,0.2035818099975586,0.17942582070827484,0.5237883925437927,0.8085409998893738,0.014094360172748566,0.5088682770729065,0.526782214641571,0.6685470342636108,0.21707983314990997,0.2096228450536728
276,9.2,0.5371003746986389,0.22555752098560333,-0.09215477854013443,0.986406147480011,0.5676055550575256,0.28215354681015015,-0.08417527377605438,0.9994378089904785,0.5065293312072754,0.30298009514808655,0.02965056337416172,0.9983450174331665,0.5192317366600037,0.26364266872406006,-0.10457378625869751,0.7657371163368225,0.4529213011264801,0.2770894467830658,-0.07200448215007782,0.704975426197052,0.49064284563064575,0.26956745982170105,-0.03854408115148544,0.6124812960624695,0.503548264503479,0.2599019706249237,-0.20648519694805145,0.6066901087760925,0.5505586266517639,0.5006899237632751,-0.03816090151667595,0.9998435974121094,0.5070985555648804,0.49572354555130005,0.03799144923686981,0.9997559785842896,0.5390095114707947,0.6387754082679749,-0.05743465945124626,0.5669906139373779,0.482926607131958,0.6172436475753784,0.016425227746367455,0.29325899481773376,0.5411756038665771,0.7532503604888916,0.057584695518016815,0.5743176341056824,0.5284603834152222,0.6217405796051025,0.22086778283119202,0.18555842339992523,0.5250612497329712,0.8076275587081909,0.011176394298672676,0.5365464091300964,0.5223314166069031,0.6731542944908142,0.23231883347034454,0.21618980169296265
277,9.233333333333333,0.5365159511566162,0.22273480892181396,-0.09358087927103043,0.9876782298088074,0.5653864145278931,0.27811479568481445,-0.08685926347970963,0.9994292259216309,0.508729875087738,0.30297085642814636,0.04453009366989136,0.9982863664627075,0.5149336457252502,0.25696128606796265,-0.09425757825374603,0.7775342464447021,0.45473799109458923,0.2765868008136749,-0.02429336868226528,0.7132623195648193,0.4788149297237396,0.2700307369232178,-0.013062787242233753,0.5932918190956116,0.5025838613510132,0.2552306354045868,-0.13395820558071136,0.5940598249435425,0.5505496263504028,0.500235915184021,-0.04311438649892807,0.9998458027839661,0.5098004937171936,0.49419838190078735,0.04294081777334213,0.9997605681419373,0.540499746799469,0.6379936933517456,-0.0549456961452961,0.598785936832428,0.48116034269332886,0.6114941239356995,0.04175719618797302,0.3214913010597229,0.5424963235855103,0.7521307468414307,0.045474015176296234,0.611732006072998,0.5231589078903198,0.6214154362678528,0.26009538769721985,0.19471949338912964,0.5254119038581848,0.8029576539993286,-0.0072797746397554874,0.5725528597831726,0.5165233016014099,0.6749529242515564,0.27812665700912476,0.22589170932769775
278,9.266666666666667,0.5356665849685669,0.21945492923259735,-0.08442763984203339,0.9888184070587158,0.5609508752822876,0.2698153257369995,-0.0839458778500557,0.9994184374809265,0.5123584866523743,0.3005991280078888,0.08859329670667648,0.9982107281684875,0.5014160871505737,0.24474330246448517,-0.06153171509504318,0.7852342128753662,0.45924195647239685,0.27689605951309204,0.140537828207016,0.6875762343406677,0.4759281277656555,0.2692854702472687,0.0584472194314003,0.5568019151687622,0.5012451410293579,0.250131219625473,0.15401236712932587,0.5497843027114868,0.5506718158721924,0.4983311593532562,-0.05233107879757881,0.9998500347137451,0.5125535130500793,0.49133944511413574,0.05220932886004448,0.999769926071167,0.5429035425186157,0.6385030150413513,-0.027390126138925552,0.6276233196258545,0.4766786992549896,0.5953384041786194,0.06155228614807129,0.3644312918186188,0.5437213182449341,0.7496906518936157,0.08542021363973618,0.646721363067627,0.5220372080802917,0.6199905872344971,0.25342926383018494,0.2285381406545639,0.5260342359542847,0.7983855605125427,0.04181958734989166,0.6059677004814148,0.5124747157096863,0.6791664958000183,0.266774445772171,0.2539041042327881
279,9.3,0.5355209708213806,0.2192637324333191,-0.07627508789300919,0.9898550510406494,0.5595045685768127,0.26809850335121155,-0.07213824987411499,0.9994004964828491,0.5130527019500732,0.29975709319114685,0.09216897189617157,0.9981696605682373,0.5003520250320435,0.24362346529960632,-0.04486994445323944,0.7894510626792908,0.4597795903682709,0.27702200412750244,0.13751424849033356,0.670443058013916,0.47335976362228394,0.2725578546524048,0.0743459165096283,0.5220959782600403,0.5005608201026917,0.24762965738773346,0.1447071135044098,0.5163577795028687,0.5508955121040344,0.497829407453537,-0.052231770008802414,0.9998515844345093,0.5139935612678528,0.4908331632614136,0.05210977792739868,0.9997766017913818,0.5437072515487671,0.6390876173973083,-0.017542574554681778,0.6528783440589905,0.4755142629146576,0.5937267541885376,0.06417164951562881,0.4015490710735321,0.5444017648696899,0.7488067746162415,0.09998426586389542,0.6774733066558838,0.5219821333885193,0.6196157932281494,0.25174230337142944,0.255916565656662,0.5261158347129822,0.7978217005729675,0.06220386549830437,0.634461522102356,0.511067271232605,0.6800918579101562,0.2681581377983093,0.27646130323410034
280,9.333333333333334,0.5351484417915344,0.21663594245910645,-0.059240929782390594,0.9904926419258118,0.5568103790283203,0.261671781539917,-0.06967563182115555,0.9993129372596741,0.5146210789680481,0.2929365634918213,0.08902336657047272,0.9979974627494812,0.49509888887405396,0.24092276394367218,-0.04338965564966202,0.7721706628799438,0.4619998037815094,0.2768617272377014,0.0881439745426178,0.6505564451217651,0.47500091791152954,0.2596656084060669,0.06565889716148376,0.4877258539199829,0.4988810122013092,0.24450136721134186,0.03332260996103287,0.4903719425201416,0.5511804223060608,0.4914272427558899,-0.051137976348400116,0.9998514652252197,0.5154551863670349,0.48403120040893555,0.050998277962207794,0.9997826218605042,0.5459107160568237,0.6384223699569702,-0.02468159981071949,0.6731857657432556,0.47653594613075256,0.5786680579185486,0.05600729584693909,0.4260192811489105,0.5452549457550049,0.7474533319473267,0.09353460371494293,0.7026835083961487,0.5196170210838318,0.6182990074157715,0.2098192423582077,0.27337801456451416,0.5269351601600647,0.7934624552726746,0.04053127393126488,0.6551238894462585,0.5063270926475525,0.6827515959739685,0.22013457119464874,0.2890886068344116
281,9.366666666666667,0.5351781845092773,0.21749307215213776,-0.06519916653633118,0.9912883639335632,0.5577857494354248,0.2655546963214874,-0.06928941607475281,0.9992972016334534,0.5139026045799255,0.2938084006309509,0.07748238742351532,0.9979755878448486,0.5028311014175415,0.24294814467430115,-0.059749800711870193,0.7747196555137634,0.4615102708339691,0.27676376700401306,0.04677959904074669,0.65833979845047,0.47718167304992676,0.2662804424762726,0.03336353972554207,0.46451300382614136,0.4988814890384674,0.24440926313400269,-0.026271093636751175,0.4870957136154175,0.5512121319770813,0.4916561543941498,-0.04937208443880081,0.9998527765274048,0.515832781791687,0.48482897877693176,0.049216873943805695,0.9997878074645996,0.5458141565322876,0.6387651562690735,-0.033792681992053986,0.6946961879730225,0.47664111852645874,0.587790310382843,0.04840882867574692,0.4515169858932495,0.5453690886497498,0.748843789100647,0.08055730164051056,0.7272994518280029,0.5198097825050354,0.6178141236305237,0.23100991547107697,0.28319600224494934,0.5268101096153259,0.7947062253952026,0.03463713452219963,0.6780644655227661,0.5075606107711792,0.6825642585754395,0.24941976368427277,0.29799386858940125
282,9.4,0.5351925492286682,0.21805758774280548,-0.06659852713346481,0.9919537901878357,0.556707501411438,0.2638440728187561,-0.060330189764499664,0.9992098212242126,0.5135096311569214,0.29325786232948303,0.08062320947647095,0.9977481961250305,0.49448543787002563,0.24081535637378693,-0.033028095960617065,0.7441131472587585,0.4642978310585022,0.2755683958530426,0.07153575122356415,0.6407553553581238,0.4804505705833435,0.26222747564315796,0.07588334381580353,0.428879052400589,0.499368816614151,0.2427164763212204,0.024860929697752,0.4580675959587097,0.5512827038764954,0.48826098442077637,-0.04815205931663513,0.999840259552002,0.5158340930938721,0.48114627599716187,0.04799140244722366,0.9997758865356445,0.5472341179847717,0.6372782588005066,-0.034041911363601685,0.697276771068573,0.47699791193008423,0.5749498009681702,0.04650767892599106,0.44908657670021057,0.5454657673835754,0.7491618394851685,0.054580189287662506,0.7416362166404724,0.5183214545249939,0.6170785427093506,0.2244618833065033,0.27876171469688416,0.5266606211662292,0.7909169793128967,0.0037475265562534332,0.6843724846839905,0.5059584975242615,0.6823979020118713,0.23694995045661926,0.2907712459564209
283,9.433333333333334,0.5347191095352173,0.21635310351848602,-0.06742620468139648,0.9925256371498108,0.5556297898292542,0.2616454064846039,-0.0651874989271164,0.9991474151611328,0.5136415958404541,0.29119959473609924,0.0898209810256958,0.9976681470870972,0.4898497462272644,0.23970448970794678,-0.04512283205986023,0.7303006649017334,0.4658132493495941,0.275163859128952,0.11324521154165268,0.6125224828720093,0.483883798122406,0.25450634956359863,0.06647945195436478,0.4000927805900574,0.4949083924293518,0.24419161677360535,0.08321867138147354,0.4306741952896118,0.5511285662651062,0.48690110445022583,-0.052053630352020264,0.9998318552970886,0.515659749507904,0.47907671332359314,0.051907580345869064,0.9997724890708923,0.5487955212593079,0.6322020888328552,-0.03349383920431137,0.699151873588562,0.4767947196960449,0.5668372511863708,0.04649965837597847,0.44979310035705566,0.5461012721061707,0.7478603720664978,0.053661078214645386,0.7545413374900818,0.5156731009483337,0.6179869174957275,0.1874176263809204,0.2824306786060333,0.5267386436462402,0.7868211269378662,0.0033295575994998217,0.6910808086395264,0.502309262752533,0.6867570877075195,0.1852341592311859,0.29244479537010193
284,9.466666666666667,0.5341504216194153,0.21584923565387726,-0.06846068799495697,0.9930583834648132,0.5550791621208191,0.26087266206741333,-0.07271714508533478,0.9991263747215271,0.5137232542037964,0.28992047905921936,0.09307485073804855,0.9976168274879456,0.49065837264060974,0.23655804991722107,-0.050316423177719116,0.7292583584785461,0.46526139974594116,0.27489519119262695,0.12604792416095734,0.587803065776825,0.4845753312110901,0.25546297430992126,0.06562665849924088,0.3760691285133362,0.4944668412208557,0.2435227334499359,0.10781311988830566,0.4026993215084076,0.5508952140808105,0.48619452118873596,-0.05485094338655472,0.9998262524604797,0.515822172164917,0.4788261950016022,0.05471252650022507,0.999769389629364,0.5496948957443237,0.6319175958633423,-0.033651188015937805,0.7112695574760437,0.477117121219635,0.5668473839759827,0.04966307431459427,0.4620010554790497,0.5461784601211548,0.7473122477531433,0.05026116967201233,0.7721211314201355,0.5150921940803528,0.6183452606201172,0.19347868859767914,0.2989523112773895,0.5265284776687622,0.7867040634155273,2.161178781534545e-05,0.7065684199333191,0.5010476112365723,0.687147319316864,0.1943517029285431,0.3059218227863312
285,9.5,0.5339202284812927,0.21622568368911743,-0.06841873377561569,0.9935917258262634,0.5543803572654724,0.26137059926986694,-0.07021983712911606,0.9990595579147339,0.5148266553878784,0.28919294476509094,0.09541928023099899,0.9975609183311462,0.48875346779823303,0.23790787160396576,-0.04167115315794945,0.7143943905830383,0.4660235345363617,0.27498510479927063,0.12119587510824203,0.5582897663116455,0.4899410605430603,0.25552064180374146,0.07516505569219589,0.3474362790584564,0.4945555627346039,0.24335132539272308,0.09400387853384018,0.3739819824695587,0.5508943796157837,0.4867434501647949,-0.054858993738889694,0.9998108148574829,0.5167146921157837,0.47894319891929626,0.0547175332903862,0.9997603893280029,0.549824059009552,0.6302961707115173,-0.027041802182793617,0.7136423587799072,0.47742122411727905,0.566349983215332,0.05883648991584778,0.46455517411231995,0.5466008186340332,0.7473576664924622,0.056930046528577805,0.7818456888198853,0.5148807168006897,0.6191920042037964,0.1810416728258133,0.31116077303886414,0.526622474193573,0.7842546105384827,0.011346427723765373,0.7091167569160461,0.4990624785423279,0.6902543306350708,0.1772957593202591,0.3142699599266052
286,9.533333333333333,0.5328976511955261,0.21399594843387604,-0.07832586765289307,0.9938699007034302,0.5534631609916687,0.2589833438396454,-0.09702423214912415,0.9989984631538391,0.5151578187942505,0.2853962481021881,0.09250637888908386,0.9975109100341797,0.4842890202999115,0.2348196804523468,-0.05480493977665901,0.7221320867538452,0.4684755802154541,0.27366194128990173,0.1640484780073166,0.5287359952926636,0.4889592230319977,0.2505234181880951,0.061810027807950974,0.33412060141563416,0.4922129511833191,0.24386124312877655,0.18242618441581726,0.3508920669555664,0.5504732131958008,0.48279473185539246,-0.05878125876188278,0.9998114705085754,0.5165472626686096,0.47509995102882385,0.05869064852595329,0.999765157699585,0.5503607988357544,0.6178969144821167,-0.04561328887939453,0.735299289226532,0.4758322834968567,0.5522463917732239,0.024099718779325485,0.5028021335601807,0.5471342206001282,0.7377936244010925,0.042694248259067535,0.8015127778053284,0.5133444666862488,0.6211532354354858,0.14316047728061676,0.3605308532714844,0.5263527631759644,0.7762368321418762,-0.013074849732220173,0.732550859451294,0.4977523386478424,0.6900542378425598,0.12928399443626404,0.3590969443321228
287,9.566666666666666,0.532174289226532,0.21213027834892273,-0.07924850285053253,0.9940428137779236,0.5524530410766602,0.25716280937194824,-0.08881725370883942,0.9988037943840027,0.5150837898254395,0.2820327877998352,0.0962270200252533,0.9973770976066589,0.482793390750885,0.23458275198936462,-0.048013728111982346,0.698409914970398,0.46909937262535095,0.27204105257987976,0.158229798078537,0.49965885281562805,0.48781818151474,0.24969974160194397,0.07201914489269257,0.3145006597042084,0.4925159811973572,0.240732342004776,0.16748526692390442,0.33163508772850037,0.550245463848114,0.47650468349456787,-0.05861922353506088,0.9998029470443726,0.5164448022842407,0.47017186880111694,0.05851626396179199,0.999762773513794,0.5499969124794006,0.6093708276748657,-0.05014592409133911,0.7490791082382202,0.4752872586250305,0.5422192215919495,0.021878164261579514,0.5298516750335693,0.5476202368736267,0.7303675413131714,0.022698163986206055,0.8178897500038147,0.5124170780181885,0.622952938079834,0.13482484221458435,0.4011569321155548,0.5248614549636841,0.7688356041908264,-0.043545011430978775,0.7515674233436584,0.49668121337890625,0.6899279356002808,0.11514383554458618,0.3957296311855316
288,9.6,0.531570315361023,0.21103955805301666,-0.06724588572978973,0.9943408370018005,0.551916241645813,0.25546348094940186,-0.08548720180988312,0.998763918876648,0.515206515789032,0.28045007586479187,0.10240192711353302,0.997411847114563,0.48269933462142944,0.23126091063022614,-0.05011049658060074,0.7026170492172241,0.4688907265663147,0.27114373445510864,0.17526914179325104,0.4746747612953186,0.487591415643692,0.24732525646686554,0.07510791718959808,0.29574868083000183,0.49060410261154175,0.2411520779132843,0.1950826346874237,0.31234994530677795,0.5500574707984924,0.4734494090080261,-0.05931404232978821,0.9997987747192383,0.5163297653198242,0.4676112234592438,0.059215497225522995,0.9997641444206238,0.5497295260429382,0.605839192867279,-0.049157146364450455,0.7646913528442383,0.47558802366256714,0.5412081480026245,0.02508365735411644,0.5493702292442322,0.5480555295944214,0.7255449295043945,0.02459309808909893,0.8332799673080444,0.5120418667793274,0.6231495141983032,0.1422480195760727,0.4335998296737671,0.5245408415794373,0.7650117874145508,-0.031649116426706314,0.769927978515625,0.49653029441833496,0.6896539330482483,0.1291755735874176,0.4256633222103119
289,9.633333333333333,0.5313962697982788,0.2113955318927765,-0.06829644739627838,0.9947277903556824,0.5514340996742249,0.2549887001514435,-0.08140303939580917,0.9987449645996094,0.5151805281639099,0.2798222601413727,0.10438625514507294,0.9974604249000549,0.4840562343597412,0.23034046590328217,-0.046831343322992325,0.7061938047409058,0.4690839350223541,0.2699897885322571,0.16404815018177032,0.45708131790161133,0.48490697145462036,0.2474900186061859,0.07667075842618942,0.27887508273124695,0.4905408024787903,0.24048413336277008,0.16863948106765747,0.2987186014652252,0.5500155091285706,0.4712025225162506,-0.059318654239177704,0.99979168176651,0.5162433981895447,0.46568816900253296,0.05920570343732834,0.9997618198394775,0.5495703220367432,0.6040388941764832,-0.06632964313030243,0.7788383960723877,0.4757322371006012,0.5414348840713501,0.023603813722729683,0.5674329996109009,0.548300564289093,0.7224480509757996,-0.0017621241277083755,0.846666157245636,0.5125354528427124,0.623313307762146,0.1279907077550888,0.4620741307735443,0.5245591402053833,0.7662242650985718,-0.059246160089969635,0.7857091426849365,0.49679064750671387,0.6895106434822083,0.11393259465694427,0.45216789841651917
290,9.666666666666666,0.5307608842849731,0.20936806499958038,-0.06745879352092743,0.9950002431869507,0.5512595176696777,0.25342315435409546,-0.07395799458026886,0.9987195134162903,0.5150366425514221,0.27924132347106934,0.10285806655883789,0.997484028339386,0.4858599305152893,0.22662264108657837,-0.040913913398981094,0.6933467984199524,0.4687504768371582,0.2695193886756897,0.15805035829544067,0.4353172183036804,0.48267602920532227,0.24825167655944824,0.07803806662559509,0.2601722478866577,0.49008041620254517,0.2360049933195114,0.1692293882369995,0.2802571952342987,0.5499311685562134,0.46306750178337097,-0.05845191329717636,0.9997854828834534,0.5161838531494141,0.45758235454559326,0.05833303928375244,0.9997605085372925,0.5488975048065186,0.5986567735671997,-0.06954365968704224,0.7780168056488037,0.4763587415218353,0.5293333530426025,0.017465298995375633,0.5711545944213867,0.5496648550033569,0.7125722169876099,-0.007459766231477261,0.8521375060081482,0.5113970041275024,0.6236062049865723,0.10239851474761963,0.47961339354515076,0.5244896411895752,0.7562655210494995,-0.06270302832126617,0.7892774343490601,0.4964017868041992,0.689278244972229,0.08441219478845596,0.4672449827194214
291,9.7,0.5303303003311157,0.20821742713451385,-0.05893392488360405,0.995270311832428,0.5509170293807983,0.2516438663005829,-0.0701904222369194,0.9987229108810425,0.5149835348129272,0.27834248542785645,0.11465167999267578,0.9975453615188599,0.48689621686935425,0.22378113865852356,-0.03914252296090126,0.6858311295509338,0.4684591293334961,0.26900985836982727,0.17748036980628967,0.4123019278049469,0.48194020986557007,0.24717622995376587,0.08305015414953232,0.24601688981056213,0.48904451727867126,0.23542363941669464,0.19405721127986908,0.2650623619556427,0.5502213835716248,0.46062442660331726,-0.058708447962999344,0.9997808933258057,0.5166658759117126,0.4555460512638092,0.05858362838625908,0.9997617602348328,0.5488200187683105,0.5977365970611572,-0.0749039500951767,0.7744795083999634,0.47797590494155884,0.5267518758773804,-0.0068631418980658054,0.5783259868621826,0.5505660176277161,0.7079960107803345,-0.0061911242082715034,0.8544368743896484,0.5114896297454834,0.624459445476532,0.07091004401445389,0.4962352514266968,0.5237740278244019,0.7509834170341492,-0.05938435345888138,0.7893209457397461,0.49658241868019104,0.6890785694122314,0.0493847131729126,0.48238474130630493
292,9.733333333333333,0.5303130745887756,0.20814982056617737,-0.07609549164772034,0.9955664277076721,0.5508636236190796,0.252005398273468,-0.07145292311906815,0.998741090297699,0.5144761204719543,0.2779044508934021,0.10762210935354233,0.9976048469543457,0.48860853910446167,0.22394998371601105,-0.04215153306722641,0.6801169514656067,0.4683021008968353,0.2680121064186096,0.16259850561618805,0.39391592144966125,0.4804087281227112,0.24636726081371307,0.07866965234279633,0.23441079258918762,0.4893815517425537,0.23432223498821259,0.17707838118076324,0.2503250241279602,0.5502845644950867,0.460377037525177,-0.05837375670671463,0.9997839331626892,0.5168462991714478,0.4564540386199951,0.05825056880712509,0.9997689127922058,0.548755943775177,0.5972945094108582,-0.07924771308898926,0.7693341374397278,0.4784160554409027,0.5267848372459412,-0.02626091241836548,0.5937493443489075,0.5511637926101685,0.7022509574890137,0.0029975296929478645,0.8550994396209717,0.5116792917251587,0.6248751282691956,0.05253680422902107,0.5200672149658203,0.5254157185554504,0.7552809715270996,-0.04761909693479538,0.7879571318626404,0.49692362546920776,0.688935399055481,0.028554078191518784,0.5041543841362
293,9.766666666666667,0.5302081108093262,0.20840634405612946,-0.08782454580068588,0.9958837032318115,0.550455629825592,0.25217205286026,-0.08068947494029999,0.9987727403640747,0.5141414403915405,0.27732348442077637,0.1034892201423645,0.9976791739463806,0.4888898730278015,0.22400465607643127,-0.04978806897997856,0.6822504997253418,0.46819043159484863,0.2674368619918823,0.15973259508609772,0.37708762288093567,0.47998347878456116,0.24636995792388916,0.07121290266513824,0.2266366332769394,0.48960080742836,0.23457889258861542,0.1760643571615219,0.23625138401985168,0.550289511680603,0.4609206020832062,-0.05807649344205856,0.9997859597206116,0.5169092416763306,0.45727527141571045,0.05795211344957352,0.9997746348381042,0.5487107038497925,0.5980231165885925,-0.07884422689676285,0.7708226442337036,0.47900518774986267,0.5274375677108765,-0.024957839399576187,0.6115671992301941,0.5513623952865601,0.7019322514533997,0.009285389445722103,0.8573840856552124,0.5112265944480896,0.6248781085014343,0.058079201728105545,0.5421100854873657,0.5246332287788391,0.7541300654411316,-0.04366815835237503,0.7888035774230957,0.49708956480026245,0.6888302564620972,0.03336591273546219,0.5246440172195435
294,9.8,0.5300816297531128,0.20816101133823395,-0.0913078784942627,0.9961835145950317,0.5493152141571045,0.2517821490764618,-0.08543442189693451,0.9988058805465698,0.5141301155090332,0.2774718701839447,0.1018344908952713,0.9977649450302124,0.4888288974761963,0.22386913001537323,-0.053008485585451126,0.677325427532196,0.4683777689933777,0.2676156163215637,0.17140533030033112,0.3566409945487976,0.4800127446651459,0.24564088881015778,0.06996188312768936,0.21865122020244598,0.48849552869796753,0.23507028818130493,0.19618543982505798,0.2237997055053711,0.5502381324768066,0.4593680202960968,-0.05834507197141647,0.9997886419296265,0.5169528722763062,0.45583203434944153,0.058222245424985886,0.9997807741165161,0.5482801795005798,0.5933721661567688,-0.08135327696800232,0.7689274549484253,0.4802704453468323,0.5271797776222229,-0.020423417910933495,0.6228410005569458,0.5523143410682678,0.6957632899284363,0.011292769573628902,0.8578299880027771,0.5108542442321777,0.6249228715896606,0.059866078197956085,0.5617417693138123,0.5246343016624451,0.7447661757469177,-0.04136214405298233,0.7887606024742126,0.4971677362918854,0.6887645125389099,0.033529069274663925,0.5433644652366638
295,9.833333333333334,0.52888023853302,0.2065506875514984,-0.08675581961870193,0.9963815212249756,0.5495205521583557,0.24983620643615723,-0.0875059962272644,0.9988664984703064,0.5133229494094849,0.2763957977294922,0.09620510041713715,0.9978687763214111,0.48896703124046326,0.2203359752893448,-0.06040676310658455,0.6855005621910095,0.4671384394168854,0.26579174399375916,0.14504030346870422,0.34074077010154724,0.4785006046295166,0.24490918219089508,0.04762788116931915,0.2205115258693695,0.48642468452453613,0.23003414273262024,0.13939400017261505,0.21247026324272156,0.5502536296844482,0.45678091049194336,-0.05655087158083916,0.9997962713241577,0.5167716145515442,0.4536561369895935,0.05642487481236458,0.9997910857200623,0.5471186637878418,0.5947839021682739,-0.07938157021999359,0.7476735711097717,0.4810502529144287,0.5260830521583557,-0.028155749663710594,0.614977240562439,0.5545105338096619,0.678776741027832,0.039765503257513046,0.8219911456108093,0.508552074432373,0.6280767917633057,0.033962003886699677,0.5614436864852905,0.5282436609268188,0.7281135320663452,0.008706672117114067,0.7504472136497498,0.4962749481201172,0.6887255907058716,0.005578517448157072,0.5432412028312683
296,9.866666666666667,0.528535008430481,0.20569190382957458,-0.07252905517816544,0.9966419339179993,0.5482842922210693,0.248536616563797,-0.08775147795677185,0.9989386200904846,0.5138593912124634,0.27654364705085754,0.10103845596313477,0.9979600310325623,0.48635047674179077,0.22060751914978027,-0.06134038418531418,0.6954808831214905,0.46933746337890625,0.2658040523529053,0.1566726416349411,0.31601592898368835,0.47897449135780334,0.2433982640504837,0.05009724572300911,0.22260747849941254,0.48565587401390076,0.23003211617469788,0.1538592427968979,0.1967998594045639,0.5501197576522827,0.4567486345767975,-0.05653439834713936,0.9998044371604919,0.5167626142501831,0.453596293926239,0.056407906115055084,0.9998002648353577,0.5464889407157898,0.5953776240348816,-0.07188382744789124,0.7384865880012512,0.48096099495887756,0.5253561735153198,-0.005326977930963039,0.6061463952064514,0.5556336045265198,0.6760831475257874,0.06010286882519722,0.7991381883621216,0.5066711902618408,0.6282161474227905,0.05479246377944946,0.5643954873085022,0.5287467837333679,0.7236024737358093,0.03600022941827774,0.7231763005256653,0.4956530034542084,0.6881651878356934,0.028643086552619934,0.5455775260925293
297,9.9,0.5283679962158203,0.2052604705095291,-0.07855431735515594,0.99686199426651,0.54725581407547,0.2483276128768921,-0.09563636779785156,0.9989668726921082,0.5148610472679138,0.27645984292030334,0.10012279450893402,0.9980125427246094,0.4839158058166504,0.22142209112644196,-0.06773486733436584,0.6927375197410583,0.472051203250885,0.2657671868801117,0.16255727410316467,0.29268965125083923,0.48040810227394104,0.2406741827726364,0.04413951188325882,0.21927407383918762,0.4847961366176605,0.2299996018409729,0.16934920847415924,0.1829807609319687,0.5497065782546997,0.45706114172935486,-0.057056497782468796,0.9998067617416382,0.5167461633682251,0.4537145793437958,0.056941162794828415,0.9998053312301636,0.5460025668144226,0.5955867767333984,-0.06384597718715668,0.7283244729042053,0.4809587895870209,0.5248520970344543,0.00413505407050252,0.6014080047607422,0.5556523203849792,0.6799580454826355,0.05949629470705986,0.7835108041763306,0.5065869092941284,0.6287171244621277,0.061515338718891144,0.5703164935112,0.527427077293396,0.7224337458610535,0.02833724580705166,0.7039419412612915,0.49525755643844604,0.6877574324607849,0.033471591770648956,0.5507584810256958
298,9.933333333333334,0.5275301933288574,0.20388263463974,-0.1086876392364502,0.9966431856155396,0.5475307703018188,0.2467653453350067,-0.10315199941396713,0.9989132285118103,0.5131675601005554,0.2752980887889862,0.06930496543645859,0.9980142712593079,0.48370400071144104,0.22197803854942322,-0.07630567252635956,0.6629718542098999,0.46747857332229614,0.2635272443294525,0.11034993082284927,0.2790786325931549,0.4819236695766449,0.23079591989517212,0.017516611143946648,0.21365271508693695,0.4853284955024719,0.21490976214408875,0.10472990572452545,0.17313428223133087,0.5497664213180542,0.45591452717781067,-0.0520048514008522,0.9998155832290649,0.5160576701164246,0.45250189304351807,0.05188982933759689,0.9998183846473694,0.5434460639953613,0.5952882170677185,-0.07870896905660629,0.685252845287323,0.48091286420822144,0.5246003270149231,-0.035293929278850555,0.5945150256156921,0.5588445663452148,0.6428717374801636,0.10328221321105957,0.7143352627754211,0.5061379075050354,0.6341207027435303,0.0075862593948841095,0.5670005679130554,0.5437103509902954,0.702434778213501,0.11112934350967407,0.6411643624305725,0.4948035180568695,0.6891109347343445,-0.018099796026945114,0.5394243597984314
299,9.966666666666667,0.527532696723938,0.20249487459659576,-0.11098279058933258,0.9965375661849976,0.5476988554000854,0.24578315019607544,-0.1051299124956131,0.9989139437675476,0.5126171112060547,0.27277320623397827,0.062098681926727295,0.9980297088623047,0.48259392380714417,0.22194385528564453,-0.07549567520618439,0.6519883871078491,0.4668644368648529,0.25832507014274597,0.10397964715957642,0.2686191499233246,0.47856831550598145,0.23260356485843658,0.02832897938787937,0.20660051703453064,0.4858464300632477,0.2074127346277237,0.10591866075992584,0.1620561182498932,0.549769401550293,0.4542418122291565,-0.04839100316166878,0.9998263716697693,0.5157477259635925,0.4512457847595215,0.04826980456709862,0.99983149766922,0.5421842932701111,0.5929784774780273,-0.08147155493497849,0.6498739719390869,0.4808269441127777,0.5256267786026001,-0.04671134054660797,0.5930249094963074,0.5609778165817261,0.6331454515457153,0.10452650487422943,0.6543117165565491,0.5064989328384399,0.6380671858787537,-0.0017869777511805296,0.5688578486442566,0.5521410703659058,0.6922435164451599,0.11646591126918793,0.5861193537712097,0.4948691427707672,0.6920269727706909,-0.024593451991677284,0.5330743789672852
300,10.0,0.5275846123695374,0.20100750029087067,-0.11312763392925262,0.9964933395385742,0.547886848449707,0.24478541314601898,-0.10721355676651001,0.9988892078399658,0.5122957825660706,0.2717374861240387,0.062254101037979126,0.9980659484863281,0.48149996995925903,0.22217102348804474,-0.0769689530134201,0.6301606297492981,0.4656548500061035,0.257218599319458,0.11723681539297104,0.2578687071800232,0.4786103367805481,0.22854186594486237,0.025874048471450806,0.19869887828826904,0.4861185550689697,0.20544132590293884,0.12255758047103882,0.15211012959480286,0.5497719645500183,0.4539957642555237,-0.04748857021331787,0.9998369812965393,0.5150860548019409,0.45041054487228394,0.047372229397296906,0.9998444318771362,0.5419490337371826,0.5933876037597656,-0.08467139303684235,0.6161245703697205,0.4805273115634918,0.5252355933189392,-0.04766916483640671,0.5906140208244324,0.5622034072875977,0.6302593350410461,0.11893395334482193,0.5964438915252686,0.5062417387962341,0.6387708783149719,0.00397059042006731,0.5663503408432007,0.5527030825614929,0.6894618272781372,0.13903160393238068,0.5339446663856506,0.494968980550766,0.6932783126831055,-0.01632911153137684,0.522594690322876
301,10.033333333333333,0.5276141166687012,0.20049481093883514,-0.12368880212306976,0.9964621067047119,0.5480030179023743,0.24471336603164673,-0.11394898593425751,0.9988096356391907,0.512151837348938,0.2705951929092407,0.059565238654613495,0.9980893731117249,0.4871593415737152,0.24420106410980225,-0.08509047329425812,0.6000244617462158,0.4651787281036377,0.25663965940475464,0.12216679006814957,0.24789680540561676,0.48264366388320923,0.22294332087039948,0.01028776541352272,0.1931956559419632,0.48637181520462036,0.2058486044406891,0.14281076192855835,0.1446530967950821,0.5497249364852905,0.453872948884964,-0.047590531408786774,0.9998464584350586,0.514511227607727,0.4493803381919861,0.047478966414928436,0.9998562932014465,0.5414415597915649,0.5936805009841919,-0.0877787247300148,0.589256763458252,0.4800417423248291,0.5258140563964844,-0.050186894834041595,0.5944377183914185,0.562471866607666,0.6298795938491821,0.12137452512979507,0.5453304648399353,0.5063894987106323,0.6405094861984253,0.0095887565985322,0.567345380783081,0.5531142950057983,0.6894382238388062,0.13892945647239685,0.4879806637763977,0.49509257078170776,0.6947178840637207,-0.01191383320838213,0.5156989097595215
302,10.066666666666666,0.5269392728805542,0.1997797191143036,-0.12841668725013733,0.9966831207275391,0.549636721611023,0.2448306828737259,-0.10783778131008148,0.9988695979118347,0.5106936693191528,0.26865699887275696,0.03590529039502144,0.9981903433799744,0.49708694219589233,0.23157598078250885,-0.10141714662313461,0.6267191171646118,0.4554576873779297,0.25272828340530396,0.020703285932540894,0.2716478705406189,0.49273616075515747,0.2094959318637848,-0.025779953226447105,0.23707105219364166,0.4845513701438904,0.20157553255558014,-0.026108432561159134,0.15369129180908203,0.5500680208206177,0.4539485573768616,-0.037841640412807465,0.9998575448989868,0.5142288208007812,0.44837111234664917,0.037738945335149765,0.9998683333396912,0.537571132183075,0.593725323677063,-0.07595151662826538,0.5822259783744812,0.4798642098903656,0.5261878371238708,-0.09446405619382858,0.613095760345459,0.5639287829399109,0.6068447232246399,0.16243824362754822,0.49459633231163025,0.5064933896064758,0.6447012424468994,-0.04322480782866478,0.5804784893989563,0.5608054399490356,0.6705300807952881,0.18535834550857544,0.44457656145095825,0.4970720410346985,0.698496401309967,-0.07612171769142151,0.5278874635696411
303,10.1,0.5263935923576355,0.1996668428182602,-0.12891791760921478,0.9967808127403259,0.5503228902816772,0.244883731007576,-0.10770122706890106,0.9989137053489685,0.5100409984588623,0.26768726110458374,0.034831248223781586,0.9982618093490601,0.5080076456069946,0.23910513520240784,-0.10189928859472275,0.6457758545875549,0.4534049928188324,0.2512110769748688,0.026478398591279984,0.28360608220100403,0.49469655752182007,0.20613710582256317,-0.02271251752972603,0.2691720724105835,0.48348164558410645,0.20076702535152435,-0.01542714238166809,0.15537136793136597,0.550190806388855,0.4540415108203888,-0.03788289055228233,0.9998672604560852,0.5140895247459412,0.4476124346256256,0.03777710348367691,0.9998789429664612,0.535997211933136,0.5940276384353638,-0.07349687069654465,0.5716423988342285,0.4798040986061096,0.5262728929519653,-0.08114258944988251,0.6213598251342773,0.5645787715911865,0.6039279103279114,0.16399835050106049,0.4483891725540161,0.5065728425979614,0.6464049220085144,-0.02403859794139862,0.5852342247962952,0.5614966154098511,0.6676338911056519,0.18969346582889557,0.40459299087524414,0.497784286737442,0.7005568742752075,-0.05241599678993225,0.5306453108787537
304,10.133333333333333,0.5264669060707092,0.1994304656982422,-0.13014154136180878,0.9969560503959656,0.5503784418106079,0.24502745270729065,-0.12160541862249374,0.9989816546440125,0.5101429224014282,0.2678022086620331,0.03744085133075714,0.9983503222465515,0.5105434656143188,0.24670293927192688,-0.12152967602014542,0.6684659719467163,0.4526306986808777,0.25015291571617126,0.037614647299051285,0.28725579380989075,0.4960413873195648,0.20358918607234955,-0.04442692548036575,0.31330278515815735,0.4829697608947754,0.19424472749233246,0.0027834505308419466,0.15309351682662964,0.5502897500991821,0.45400476455688477,-0.03922351077198982,0.9998771548271179,0.5141025185585022,0.44764086604118347,0.039130620658397675,0.9998891353607178,0.5359622836112976,0.5942022800445557,-0.07351647317409515,0.5644916892051697,0.4798294007778168,0.5273205041885376,-0.08772154897451401,0.6330457329750061,0.5653055906295776,0.5920761227607727,0.1689079999923706,0.40667057037353516,0.5062480568885803,0.6507896184921265,-0.04257972911000252,0.5928158164024353,0.5644637942314148,0.6609053015708923,0.20084607601165771,0.36885303258895874,0.49772921204566956,0.7040025591850281,-0.07399366796016693,0.538240373134613
305,10.166666666666666,0.5265213847160339,0.19923445582389832,-0.13062018156051636,0.997097909450531,0.5504550933837891,0.24512508511543274,-0.12121182680130005,0.9990422129631042,0.5101646780967712,0.26793166995048523,0.03595855087041855,0.9984289407730103,0.5056275129318237,0.23627495765686035,-0.1213439330458641,0.688334047794342,0.4523451328277588,0.24968037009239197,0.034061070531606674,0.29001304507255554,0.49674516916275024,0.20321619510650635,-0.045507948845624924,0.3513469099998474,0.48262423276901245,0.1926662027835846,-0.0019578980281949043,0.15056131780147552,0.5504116415977478,0.45397183299064636,-0.03858647495508194,0.9998858571052551,0.51411372423172,0.4476790130138397,0.03850281983613968,0.9998982548713684,0.536005973815918,0.5946095585823059,-0.07107265293598175,0.5517259240150452,0.4798252582550049,0.5279697775840759,-0.09525495022535324,0.641548216342926,0.5658299326896667,0.5906344652175903,0.17428722977638245,0.36850449442863464,0.5060859322547913,0.6521987915039062,-0.05079342797398567,0.5956975221633911,0.5653603672981262,0.6573857069015503,0.20621773600578308,0.3358096778392792,0.4977216124534607,0.7052765488624573,-0.08312232047319412,0.541110098361969
306,10.2,0.5265329480171204,0.19898664951324463,-0.1292748749256134,0.9972624182701111,0.5505644679069519,0.2451818287372589,-0.11708656698465347,0.9990999698638916,0.5100175142288208,0.2681368887424469,0.03592309355735779,0.9985036253929138,0.5035616159439087,0.23142780363559723,-0.11828998476266861,0.7093783020973206,0.45218974351882935,0.24941839277744293,0.029786866158246994,0.29753684997558594,0.4970782399177551,0.20344236493110657,-0.04440879076719284,0.39153578877449036,0.4823576509952545,0.19240161776542664,-0.007885696366429329,0.1506877988576889,0.5505492091178894,0.454049676656723,-0.03672320768237114,0.9998939633369446,0.5140820741653442,0.44780993461608887,0.03665125370025635,0.999906599521637,0.5362003445625305,0.5949272513389587,-0.06843298673629761,0.5469282269477844,0.47981610894203186,0.5280872583389282,-0.10948646068572998,0.6550194621086121,0.5661465525627136,0.5907870531082153,0.17664824426174164,0.3347425162792206,0.5059404373168945,0.6520813703536987,-0.06421161442995071,0.6027064919471741,0.5657119750976562,0.6565790176391602,0.2068547010421753,0.3071196973323822,0.49777618050575256,0.7051287293434143,-0.09823273122310638,0.5492457151412964
307,10.233333333333333,0.5265349745750427,0.19908449053764343,-0.12104494869709015,0.997453510761261,0.5527446269989014,0.2464122176170349,-0.09965617209672928,0.9991112947463989,0.5070138573646545,0.26805007457733154,0.0329725556075573,0.9986082315444946,0.5043948888778687,0.2259318083524704,-0.11616456508636475,0.7089899778366089,0.4501308500766754,0.24738581478595734,-0.01786114275455475,0.33211567997932434,0.4968898296356201,0.20381255447864532,-0.06174854189157486,0.3832263946533203,0.47738903760910034,0.18620790541172028,-0.0885518416762352,0.16992543637752533,0.5505039095878601,0.4517531394958496,-0.03667961806058884,0.9999025464057922,0.5142995119094849,0.44730108976364136,0.036562345921993256,0.999915361404419,0.5360393524169922,0.5929261445999146,-0.06972039490938187,0.5246559381484985,0.4795908033847809,0.5289474725723267,-0.09566642343997955,0.6629489064216614,0.5668409466743469,0.5444654822349548,0.15896394848823547,0.30225878953933716,0.504555881023407,0.6694589257240295,-0.08252868056297302,0.6112726926803589,0.5730088353157043,0.6066061854362488,0.19921565055847168,0.2781679034233093,0.4875422418117523,0.7318629026412964,-0.11704019457101822,0.5543598532676697
308,10.266666666666667,0.5265572667121887,0.19915516674518585,-0.11433849483728409,0.9976323843002319,0.553673267364502,0.24716614186763763,-0.09229414165019989,0.9991327524185181,0.5060204863548279,0.2680850625038147,0.03488006070256233,0.9987053275108337,0.5049397349357605,0.2239481657743454,-0.11091850697994232,0.7088087797164917,0.4495163857936859,0.2464560568332672,-0.012482460588216782,0.3594490587711334,0.49695223569869995,0.2116360366344452,-0.05314675718545914,0.3756934404373169,0.4762590527534485,0.18447785079479218,-0.08087868988513947,0.1842283308506012,0.5504038333892822,0.45065006613731384,-0.03544943779706955,0.9999102354049683,0.5144168734550476,0.44713926315307617,0.03531794995069504,0.9999232292175293,0.5362979173660278,0.5923587083816528,-0.06887457519769669,0.5002985000610352,0.4795004725456238,0.5304139256477356,-0.09633595496416092,0.6687176823616028,0.5672966837882996,0.5416873693466187,0.1623641401529312,0.27288147807121277,0.5043047070503235,0.672366738319397,-0.08292434364557266,0.6144199371337891,0.5742800831794739,0.6030892133712769,0.20505300164222717,0.2519102990627289,0.48923930525779724,0.738161027431488,-0.11877579987049103,0.5544172525405884
309,10.3,0.5265761613845825,0.19916650652885437,-0.11263801157474518,0.9977573752403259,0.5539900064468384,0.24756275117397308,-0.09293201565742493,0.9991369843482971,0.5055996775627136,0.2681647539138794,0.03526460379362106,0.9987800121307373,0.5052569508552551,0.22344635426998138,-0.11225132644176483,0.697006106376648,0.44916635751724243,0.24595226347446442,-0.013134630396962166,0.37652474641799927,0.49707022309303284,0.2159062922000885,-0.06296957284212112,0.3631148338317871,0.47590190172195435,0.1839675009250641,-0.08502847701311111,0.19051995873451233,0.5502691268920898,0.45019420981407166,-0.03532010689377785,0.9999170303344727,0.514437198638916,0.4471622407436371,0.03517986088991165,0.9999302625656128,0.5364335775375366,0.5917566418647766,-0.06916534900665283,0.4733142852783203,0.4787496030330658,0.5324987173080444,-0.0889848917722702,0.6681371927261353,0.5676010847091675,0.5415613055229187,0.16090674698352814,0.2463875710964203,0.5041950345039368,0.6714128851890564,-0.06386193633079529,0.6112923622131348,0.5744084119796753,0.6034159660339355,0.2009240686893463,0.22816546261310577,0.4901832938194275,0.7337267398834229,-0.09801127016544342,0.5477641224861145
310,10.333333333333334,0.5265945196151733,0.1986512690782547,-0.08947956562042236,0.9978504180908203,0.5547696352005005,0.24777016043663025,-0.08616776764392853,0.9991558194160461,0.505292534828186,0.2679584324359894,0.04703882336616516,0.9988648891448975,0.5080161690711975,0.22208358347415924,-0.11347372829914093,0.6888623833656311,0.44921812415122986,0.2456071823835373,0.0017044832929968834,0.39475300908088684,0.4965706765651703,0.2184261530637741,-0.07106008380651474,0.3471890091896057,0.47364553809165955,0.18160147964954376,-0.07133600115776062,0.20671364665031433,0.5501664876937866,0.44925910234451294,-0.03597382456064224,0.9999238848686218,0.5145822763442993,0.4469875395298004,0.03585197776556015,0.9999368786811829,0.5352377891540527,0.5904279351234436,-0.06911943852901459,0.4402291774749756,0.47845458984375,0.5360960364341736,-0.08629356324672699,0.6595903038978577,0.5673314332962036,0.5358284711837769,0.15765950083732605,0.22240771353244781,0.5046085119247437,0.6797889471054077,-0.07409697026014328,0.601870596408844,0.5749514698982239,0.5937522649765015,0.20245960354804993,0.2064468413591385,0.49045372009277344,0.7377415895462036,-0.107183538377285,0.5362600088119507
311,10.366666666666667,0.5266023874282837,0.19810384511947632,-0.0905931144952774,0.9979516267776489,0.5553008317947388,0.24797454476356506,-0.0840248093008995,0.9991788268089294,0.5049982070922852,0.2676996886730194,0.047058600932359695,0.9989414811134338,0.510974645614624,0.2220326066017151,-0.11479951441287994,0.6816241145133972,0.44936665892601013,0.245515376329422,-0.007152428384870291,0.4109064042568207,0.4965706467628479,0.2189072072505951,-0.07735265791416168,0.333624005317688,0.47282662987709045,0.18082629144191742,-0.08960676193237305,0.2204328030347824,0.5499793291091919,0.44852980971336365,-0.035152457654476166,0.9999299645423889,0.5146024823188782,0.44650161266326904,0.03500746935606003,0.9999427795410156,0.5349907875061035,0.5890284180641174,-0.06765080988407135,0.40658217668533325,0.478323370218277,0.5383887887001038,-0.08432501554489136,0.6509742140769958,0.5671754479408264,0.5348994135856628,0.1616118997335434,0.20081689953804016,0.5051600337028503,0.6785420179367065,-0.06536558270454407,0.5848957300186157,0.5749555826187134,0.5921409726142883,0.20506981015205383,0.18687881529331207,0.494549423456192,0.7362070679664612,-0.09825331717729568,0.5182851552963257
312,10.4,0.5271056294441223,0.19818706810474396,-0.07403923571109772,0.998051106929779,0.5552541613578796,0.2486194372177124,-0.07772350311279297,0.9992160201072693,0.5051800608634949,0.26631179451942444,0.06552264094352722,0.9990283250808716,0.5109565854072571,0.2215884029865265,-0.09576699137687683,0.6591846942901611,0.44980016350746155,0.24580520391464233,0.001706187380477786,0.4163275957107544,0.49922746419906616,0.22024592757225037,-0.0760054886341095,0.3188320994377136,0.47024860978126526,0.1811242699623108,-0.09994032233953476,0.24299941956996918,0.5485235452651978,0.44723939895629883,-0.041763123124837875,0.9999361634254456,0.5159002542495728,0.4462871551513672,0.0415307842195034,0.9999483227729797,0.5314869284629822,0.5836692452430725,-0.07747800648212433,0.3803660571575165,0.48053422570228577,0.5546129941940308,-0.015036718919873238,0.6246305704116821,0.5670039057731628,0.5253674983978271,0.14496302604675293,0.18185576796531677,0.5093027353286743,0.7037381529808044,-0.02876812219619751,0.5874878168106079,0.5746074914932251,0.5727733373641968,0.19546636939048767,0.1699969470500946,0.49420347809791565,0.7598523497581482,-0.06128324195742607,0.5176420211791992
313,10.433333333333334,0.5271397233009338,0.19901646673679352,-0.05378847196698189,0.9979639053344727,0.555636465549469,0.24939468502998352,-0.06856700778007507,0.9992064237594604,0.5053326487541199,0.26381051540374756,0.08531678467988968,0.9990792274475098,0.5163644552230835,0.22167256474494934,-0.09693432599306107,0.6312152743339539,0.44998258352279663,0.24598684906959534,0.020179113373160362,0.4269137382507324,0.5014041662216187,0.21951882541179657,-0.07354821264743805,0.305361270904541,0.46919798851013184,0.18043206632137299,-0.0698981061577797,0.2641496956348419,0.5482213497161865,0.44721710681915283,-0.05004448816180229,0.9999406337738037,0.5199809074401855,0.4465540647506714,0.04977425932884216,0.9999529719352722,0.514067530632019,0.571553111076355,-0.08157093822956085,0.35928887128829956,0.481070339679718,0.5571383237838745,-0.005943819414824247,0.6014811396598816,0.5668822526931763,0.5226982831954956,0.0921562984585762,0.16658803820610046,0.5090097188949585,0.7086986303329468,-0.03394804522395134,0.596664547920227,0.5733662247657776,0.570542573928833,0.13518992066383362,0.15674880146980286,0.47754302620887756,0.7634066343307495,-0.06405337899923325,0.5233334302902222
314,10.466666666666667,0.5274883508682251,0.19884368777275085,-0.058991868048906326,0.9980162382125854,0.556267499923706,0.2519744336605072,-0.06991599500179291,0.9992234110832214,0.5041285753250122,0.26354795694351196,0.08143360912799835,0.9991416931152344,0.5242469906806946,0.22186817228794098,-0.09842430055141449,0.6290112137794495,0.45005327463150024,0.24587808549404144,0.01479182206094265,0.44214490056037903,0.5014713406562805,0.2125275880098343,-0.07301075756549835,0.3049463927745819,0.46896347403526306,0.18070507049560547,-0.0891144797205925,0.2951766550540924,0.5486347675323486,0.4484216868877411,-0.05205097049474716,0.9999451637268066,0.5210821032524109,0.45178481936454773,0.0517798475921154,0.999957263469696,0.5050302147865295,0.571306586265564,-0.08507333695888519,0.3663928210735321,0.4822269082069397,0.563172459602356,0.009972741827368736,0.590040385723114,0.5667294263839722,0.5171310305595398,0.08306773006916046,0.1612630933523178,0.5083802938461304,0.7136633992195129,-0.010447748936712742,0.6202343702316284,0.5725794434547424,0.5666103959083557,0.12044429779052734,0.15606385469436646,0.4708029627799988,0.7637878656387329,-0.040602948516607285,0.5479323863983154
315,10.5,0.5280055403709412,0.1982925683259964,-0.049261122941970825,0.9981613159179688,0.5564597845077515,0.25321534276008606,-0.060839999467134476,0.9992625117301941,0.5036112666130066,0.2634221911430359,0.08984152972698212,0.999210000038147,0.5258500576019287,0.22192539274692535,-0.09923382103443146,0.6275535821914673,0.44974416494369507,0.24594902992248535,0.0037679269444197416,0.4622449576854706,0.5023635029792786,0.21084026992321014,-0.08490367233753204,0.315604567527771,0.46857529878616333,0.18047155439853668,-0.12082654237747192,0.338865727186203,0.5486636161804199,0.44854071736335754,-0.052441321313381195,0.9999495148658752,0.5214174389839172,0.4535890817642212,0.0521613173186779,0.9999611973762512,0.49356698989868164,0.5622537136077881,-0.09126121550798416,0.37612733244895935,0.4827915132045746,0.5659019947052002,-0.0024422104470431805,0.5853928923606873,0.5667148232460022,0.51866614818573,0.0657452642917633,0.1598283052444458,0.5082836747169495,0.7202738523483276,-0.02285659871995449,0.6440284252166748,0.572117805480957,0.5690642595291138,0.0984368771314621,0.16045108437538147,0.472068727016449,0.7703247666358948,-0.053140558302402496,0.5740762948989868
316,10.533333333333333,0.5281240344047546,0.19830718636512756,-0.05054786801338196,0.9982799291610718,0.5564836263656616,0.25448349118232727,-0.0656905546784401,0.9992851614952087,0.5036544799804688,0.2634369432926178,0.08957516402006149,0.9992668628692627,0.5255144834518433,0.22238270938396454,-0.11304517090320587,0.6275469660758972,0.44979462027549744,0.24594657123088837,0.0031037640292197466,0.4810478389263153,0.5024585723876953,0.2097388356924057,-0.10913386195898056,0.3294033110141754,0.4685851037502289,0.18027149140834808,-0.11846952140331268,0.3796183168888092,0.5486079454421997,0.4492122232913971,-0.05339466780424118,0.9999532103538513,0.5216641426086426,0.45510661602020264,0.05311979725956917,0.9999646544456482,0.49235039949417114,0.5641494989395142,-0.09343396127223969,0.3850110173225403,0.4833773970603943,0.5680522918701172,-0.009194059297442436,0.5820007920265198,0.5664052367210388,0.5196353197097778,0.05585245043039322,0.15944994986057281,0.5082336068153381,0.7233883142471313,-0.03712499514222145,0.664309561252594,0.5718494653701782,0.568683922290802,0.08620312064886093,0.1651533842086792,0.4722285270690918,0.7677807211875916,-0.07217959314584732,0.5965871214866638
317,10.566666666666666,0.5281998515129089,0.19844862818717957,-0.05290311574935913,0.998367190361023,0.5564477443695068,0.2549508512020111,-0.06833595037460327,0.999306321144104,0.5037296414375305,0.26354148983955383,0.08923390507698059,0.9993187785148621,0.5243118405342102,0.2226378172636032,-0.1141405701637268,0.6228691339492798,0.4498072564601898,0.24598544836044312,0.006137892138212919,0.4930460453033447,0.502637505531311,0.20958995819091797,-0.10352252423763275,0.33595797419548035,0.46840888261795044,0.1804317682981491,-0.1055443286895752,0.40943020582199097,0.5486140251159668,0.44947350025177,-0.05369304493069649,0.9999566674232483,0.5218627452850342,0.45564451813697815,0.05342553183436394,0.9999678134918213,0.4925478398799896,0.561943769454956,-0.09226194024085999,0.38150811195373535,0.4837460517883301,0.5692087411880493,-0.012982768006622791,0.5775386691093445,0.5662276148796082,0.5197718739509583,0.07146823406219482,0.1520635187625885,0.5086656212806702,0.7245633602142334,-0.04652821645140648,0.6805051565170288,0.5717777013778687,0.5687819719314575,0.106669582426548,0.16062991321086884,0.4731118083000183,0.7689295411109924,-0.08258505165576935,0.6138153076171875
318,10.6,0.5281645059585571,0.1993436962366104,-0.04172405228018761,0.9984374046325684,0.5563949346542358,0.255883127450943,-0.06800805032253265,0.9992749094963074,0.5037933588027954,0.2640114724636078,0.09301416575908661,0.9993332028388977,0.527777373790741,0.22268125414848328,-0.13851389288902283,0.5969048738479614,0.449856698513031,0.24602550268173218,0.023287422955036163,0.5034824013710022,0.5035470724105835,0.20723414421081543,-0.15588578581809998,0.33164986968040466,0.4688723683357239,0.18031330406665802,-0.07314436882734299,0.4343335032463074,0.548808217048645,0.45276322960853577,-0.054498933255672455,0.9999514222145081,0.5238403081893921,0.4581976532936096,0.05421409755945206,0.9999671578407288,0.4867688715457916,0.5628822445869446,-0.10351242125034332,0.3495950698852539,0.48512253165245056,0.5713770985603333,0.0011687043588608503,0.5314086079597473,0.5446085333824158,0.6375577449798584,0.0025944283697754145,0.1392662078142166,0.5084618926048279,0.7222509384155273,-0.02055477909743786,0.6412472724914551,0.5382905602455139,0.665264904499054,0.002318416954949498,0.1484411507844925,0.4729979932308197,0.7662313580513,-0.054103247821331024,0.5794147253036499
319,10.633333333333333,0.5267518162727356,0.2040219008922577,-0.06949395686388016,0.998471200466156,0.5559231638908386,0.26008689403533936,-0.07968736439943314,0.9992737174034119,0.503527820110321,0.2653278708457947,0.07400703430175781,0.999370276927948,0.5259488224983215,0.2227940410375595,-0.13551612198352814,0.5981816053390503,0.4515337347984314,0.24776405096054077,-0.007750309072434902,0.5135229825973511,0.5044463872909546,0.20235423743724823,-0.13219718635082245,0.34685951471328735,0.47076958417892456,0.1808556169271469,-0.12912963330745697,0.4594365954399109,0.5497069358825684,0.45495444536209106,-0.05366450548171997,0.9999532103538513,0.5253559350967407,0.46137475967407227,0.05340098589658737,0.999969482421875,0.4889582097530365,0.5565477609634399,-0.09196358919143677,0.3522845208644867,0.48584169149398804,0.5719330310821533,0.0032135576475411654,0.5344991683959961,0.5549968481063843,0.5399516224861145,0.05213554948568344,0.1367022693157196,0.5084493160247803,0.7220896482467651,-0.024571489542722702,0.6611121296882629,0.5479203462600708,0.5898378491401672,0.07378070056438446,0.1503901481628418,0.47282567620277405,0.7668756246566772,-0.06390532851219177,0.6000347137451172
320,10.666666666666666,0.5265096426010132,0.20591267943382263,-0.07457874715328217,0.9985572695732117,0.5557788610458374,0.261640727519989,-0.07938650995492935,0.9992926120758057,0.5028843283653259,0.26580703258514404,0.06959811598062515,0.9994143843650818,0.5273693203926086,0.22404888272285461,-0.12902241945266724,0.6008948087692261,0.4521056115627289,0.2490939050912857,-0.028214801102876663,0.5280019640922546,0.5064884424209595,0.20168589055538177,-0.10929916054010391,0.3667718172073364,0.4718081057071686,0.18121924996376038,-0.16641665995121002,0.4971346855163574,0.5503690838813782,0.4568736255168915,-0.053264666348695755,0.999954342842102,0.5257858037948608,0.46348488330841064,0.053006380796432495,0.9999714493751526,0.4887726306915283,0.554416835308075,-0.09147630631923676,0.3565157353878021,0.48566094040870667,0.5720616579055786,0.002353911055251956,0.5386438369750977,0.5582259893417358,0.5237106084823608,0.05755295604467392,0.13558606803417206,0.5085662007331848,0.7216131687164307,-0.026889437809586525,0.6815468668937683,0.5539389252662659,0.5761063694953918,0.08012230694293976,0.15474489331245422,0.47045332193374634,0.7648722529411316,-0.06834164261817932,0.6218608617782593
321,10.7,0.5265290141105652,0.2072906643152237,-0.0832773819565773,0.9986268877983093,0.5557617545127869,0.2620874047279358,-0.07999037951231003,0.999321699142456,0.5020154714584351,0.265865296125412,0.06028537079691887,0.9994553327560425,0.5288823843002319,0.22620147466659546,-0.12377246469259262,0.6121212244033813,0.45215803384780884,0.2503250539302826,-0.03368961066007614,0.5420729517936707,0.5068209767341614,0.20148946344852448,-0.10169849544763565,0.383909672498703,0.4725283980369568,0.18160249292850494,-0.16284677386283875,0.5268747210502625,0.5517996549606323,0.4568936228752136,-0.05246870964765549,0.9999563097953796,0.5257810354232788,0.4637084901332855,0.05220823734998703,0.9999735355377197,0.48930296301841736,0.5475976467132568,-0.09223376214504242,0.36079561710357666,0.48605290055274963,0.572997510433197,-0.0033954628743231297,0.5452789664268494,0.560145378112793,0.5174974799156189,0.06469609588384628,0.13136610388755798,0.5103470683097839,0.7225068211555481,-0.03421078994870186,0.6996480822563171,0.5564411878585815,0.5718801021575928,0.08885522186756134,0.15478266775608063,0.4761945307254791,0.771616518497467,-0.07725435495376587,0.6409478187561035
322,10.733333333333333,0.5228137373924255,0.20609520375728607,-0.022161908447742462,0.9987226724624634,0.5550679564476013,0.2634054720401764,-0.06065825745463371,0.999371349811554,0.5021227598190308,0.2667284607887268,0.09550054371356964,0.999496579170227,0.5280748009681702,0.21795623004436493,-0.11194255203008652,0.6450847387313843,0.4534400403499603,0.25325873494148254,0.01021785382181406,0.5668333172798157,0.498312383890152,0.1915304809808731,-0.0903751403093338,0.4326280951499939,0.4758318364620209,0.18530428409576416,-0.11846517026424408,0.563191294670105,0.5523311495780945,0.4567617177963257,-0.05220260098576546,0.9999597072601318,0.5277411341667175,0.4640883505344391,0.05194682627916336,0.999975860118866,0.4939395785331726,0.550814688205719,-0.06296402215957642,0.3953332304954529,0.48778048157691956,0.5765597820281982,0.00896898377686739,0.5749557018280029,0.5624333620071411,0.5193955302238464,0.09050647914409637,0.15125323832035065,0.5102693438529968,0.7266285419464111,-0.03503583371639252,0.7253947257995605,0.558497428894043,0.5741689205169678,0.12292621284723282,0.18246792256832123,0.472382128238678,0.7735675573348999,-0.07617964595556259,0.671193540096283
323,10.766666666666667,0.5210183262825012,0.20587167143821716,-0.027202537283301353,0.9988002777099609,0.5534334778785706,0.2670494616031647,-0.05929441377520561,0.9994075894355774,0.5022253394126892,0.2700742185115814,0.09691460430622101,0.999530017375946,0.5276092290878296,0.2129049301147461,-0.08615429699420929,0.6754980087280273,0.4554835855960846,0.2592009902000427,0.0275700893253088,0.5887715816497803,0.49737349152565,0.18910948932170868,-0.03357987850904465,0.46119484305381775,0.4779890179634094,0.19030195474624634,-0.09129990637302399,0.5924586653709412,0.5526552200317383,0.45731374621391296,-0.05275030806660652,0.9999619722366333,0.5328482389450073,0.46578848361968994,0.052517373114824295,0.9999776482582092,0.4933152198791504,0.5488734245300293,-0.06290152668952942,0.4355568289756775,0.4895339906215668,0.5775541663169861,0.026739677414298058,0.5968081951141357,0.5625621676445007,0.5231974124908447,0.08464984595775604,0.18541328608989716,0.5110422968864441,0.725419282913208,-0.01377753634005785,0.7479322552680969,0.5597386360168457,0.5763617157936096,0.1149999350309372,0.22149811685085297,0.47297748923301697,0.7712486982345581,-0.049027636647224426,0.6977852582931519
324,10.8,0.521591305732727,0.20480678975582123,-0.026109009981155396,0.9988460540771484,0.5533739328384399,0.2672302722930908,-0.046556003391742706,0.9994199275970459,0.5017842054367065,0.27006345987319946,0.09831463545560837,0.999550998210907,0.5292218923568726,0.21130016446113586,-0.09129725396633148,0.7030661702156067,0.4562951624393463,0.260132372379303,0.02782268449664116,0.6169468760490417,0.49673694372177124,0.186614528298378,-0.05608109384775162,0.47229495644569397,0.47861701250076294,0.19278594851493835,-0.07578932493925095,0.6164228916168213,0.55385822057724,0.4572116732597351,-0.052594803273677826,0.9999642372131348,0.5313904881477356,0.46579796075820923,0.052362699061632156,0.9999793171882629,0.4940558969974518,0.5451822280883789,-0.08532820641994476,0.4781338572502136,0.490654319524765,0.5780674815177917,0.02644101157784462,0.6157376170158386,0.5626373291015625,0.5242854356765747,0.045541636645793915,0.22104300558567047,0.510910153388977,0.7238836288452148,0.0010836474830284715,0.7676762342453003,0.5605888962745667,0.5796299576759338,0.06750686466693878,0.2599095106124878,0.47326868772506714,0.7708232402801514,-0.03428827226161957,0.720977246761322
325,10.833333333333334,0.5205077528953552,0.20549985766410828,-0.03808196261525154,0.9988584518432617,0.5524777173995972,0.26941049098968506,-0.05466710403561592,0.9994428157806396,0.5018178820610046,0.27309250831604004,0.07038848102092743,0.99955153465271,0.5351163148880005,0.20876151323318481,-0.09369023144245148,0.728738009929657,0.4632224440574646,0.2614803612232208,0.00732895964756608,0.6268648505210876,0.4998246133327484,0.18461036682128906,-0.053951166570186615,0.48133939504623413,0.484274297952652,0.20186735689640045,-0.08509787172079086,0.6228855848312378,0.5519335269927979,0.4590630829334259,-0.04915061965584755,0.999965250492096,0.5305010080337524,0.4661788046360016,0.04894184693694115,0.9999802112579346,0.494098424911499,0.5580978393554688,-0.06132906675338745,0.5068159103393555,0.4934592843055725,0.5837080478668213,0.04543932527303696,0.6163794994354248,0.5617884397506714,0.5323596000671387,0.05580822378396988,0.24310190975666046,0.5108475685119629,0.7250542640686035,0.006786196492612362,0.7829664349555969,0.5586608648300171,0.5948306322097778,0.08268163353204727,0.2849038243293762,0.47734570503234863,0.7697399854660034,-0.03174204006791115,0.7383780479431152
326,10.866666666666667,0.5191575288772583,0.2083912342786789,-0.04177886247634888,0.9988698959350586,0.5506333112716675,0.27098819613456726,-0.040634337812662125,0.9994425773620605,0.5012804865837097,0.2751851975917816,0.0701756402850151,0.9995256066322327,0.5402628779411316,0.2079218477010727,-0.09475459903478622,0.7435663342475891,0.4669075906276703,0.26198405027389526,-0.019796932116150856,0.6213063597679138,0.5047863721847534,0.1855476349592209,-0.08253668248653412,0.4686180353164673,0.48977333307266235,0.20839431881904602,-0.12815465033054352,0.6112896800041199,0.5519152283668518,0.4597598612308502,-0.0460704043507576,0.999965488910675,0.5299304723739624,0.46751463413238525,0.045839574187994,0.9999805688858032,0.49452561140060425,0.5618492364883423,-0.06687802076339722,0.5232074856758118,0.49587884545326233,0.5871025919914246,0.038420893251895905,0.5921475887298584,0.561089277267456,0.5360990166664124,0.019678544253110886,0.257438600063324,0.5109202265739441,0.7288810014724731,0.008438954129815102,0.7879745960235596,0.5584298372268677,0.6021378040313721,0.02994675002992153,0.30495715141296387,0.47844481468200684,0.7694304585456848,-0.028126925230026245,0.7443833947181702
327,10.9,0.5179780721664429,0.2103377729654312,-0.052024971693754196,0.9989140033721924,0.5495461821556091,0.2712656259536743,-0.04671819880604744,0.9994333982467651,0.4995962679386139,0.27589038014411926,0.06351988017559052,0.9994839429855347,0.5415343046188354,0.20745226740837097,-0.11871951818466187,0.7559994459152222,0.46742820739746094,0.2633804976940155,-0.03303582966327667,0.6160045266151428,0.5059893131256104,0.18606089055538177,-0.1303863376379013,0.46487927436828613,0.49171146750450134,0.2116076797246933,-0.13552260398864746,0.596622109413147,0.5515211820602417,0.4599311351776123,-0.045045141130685806,0.9999653100967407,0.5297445058822632,0.46786007285118103,0.04480089992284775,0.9999805688858032,0.49471163749694824,0.5621861815452576,-0.0707314983010292,0.5307357907295227,0.4956541061401367,0.5862855911254883,0.03269069269299507,0.5749642848968506,0.5588932633399963,0.5402143001556396,0.01118396781384945,0.2608624994754791,0.5109059810638428,0.7283204793930054,-0.00013212756311986595,0.7932928204536438,0.5561953783035278,0.6112944483757019,0.016035333275794983,0.31478020548820496,0.47875553369522095,0.7691572308540344,-0.03794366493821144,0.7509925365447998
328,10.933333333333334,0.5153586268424988,0.21034742891788483,-0.05826163291931152,0.9989810585975647,0.5489427447319031,0.27093714475631714,-0.04953565448522568,0.9994277358055115,0.4981032907962799,0.27558302879333496,0.05639540031552315,0.9994860887527466,0.5416373610496521,0.2065286487340927,-0.13424226641654968,0.7587188482284546,0.46671533584594727,0.2640171945095062,-0.06038760393857956,0.6171888113021851,0.5073307752609253,0.18476882576942444,-0.1480237990617752,0.4475293457508087,0.4917108118534088,0.2126280665397644,-0.1789025068283081,0.5906319618225098,0.5538543462753296,0.4633737802505493,-0.04460218921303749,0.9999650120735168,0.5294373035430908,0.4681624174118042,0.044345609843730927,0.9999808669090271,0.4947373867034912,0.5679515600204468,-0.07443924248218536,0.5059534907341003,0.49585968255996704,0.5882532596588135,0.030110454186797142,0.5432787537574768,0.5579442381858826,0.5458320379257202,0.022105226293206215,0.24203839898109436,0.5112413763999939,0.7304894328117371,-0.003932080697268248,0.7796608209609985,0.5558186769485474,0.6119019985198975,0.03147108107805252,0.2957172691822052,0.47382473945617676,0.7790231704711914,-0.041686225682497025,0.7382270693778992
329,10.966666666666667,0.5046746730804443,0.20865340530872345,-0.09023137390613556,0.9988764524459839,0.5472773313522339,0.270541787147522,-0.07970595359802246,0.9994068741798401,0.49676674604415894,0.2802666127681732,0.0368087999522686,0.9994498491287231,0.5422739386558533,0.20339663326740265,-0.14682917296886444,0.7816599607467651,0.4672463834285736,0.28076601028442383,-0.0357627347111702,0.6420841813087463,0.5095089673995972,0.17779023945331573,-0.11936203390359879,0.4465048015117645,0.4939076006412506,0.22689087688922882,-0.08412255346775055,0.5872863531112671,0.557902455329895,0.46358180046081543,-0.04493992403149605,0.9999621510505676,0.5306589007377625,0.47460323572158813,0.04466836526989937,0.9999796152114868,0.49649491906166077,0.5284199118614197,-0.14088228344917297,0.5478649735450745,0.49613648653030396,0.5878984928131104,0.017793232575058937,0.5762161612510681,0.5511442422866821,0.5674757361412048,0.02068405970931053,0.2709905505180359,0.5126653909683228,0.7312744855880737,-0.00034734030487015843,0.7977513670921326,0.5451737642288208,0.6399821639060974,0.03396052494645119,0.32083767652511597,0.48051172494888306,0.7802220582962036,-0.04167881980538368,0.7586200833320618
330,11.0,0.5050076842308044,0.20860816538333893,-0.08270559459924698,0.9988771080970764,0.5466470122337341,0.2729184925556183,-0.07789021730422974,0.9994102120399475,0.4960973262786865,0.2844890058040619,0.042912401258945465,0.9994546175003052,0.5431067943572998,0.20385462045669556,-0.1367984414100647,0.8030683398246765,0.46732383966445923,0.284567654132843,-0.03739966079592705,0.6713212728500366,0.5100674033164978,0.17599622905254364,-0.0898357704281807,0.46984270215034485,0.49506378173828125,0.22874285280704498,-0.11932308971881866,0.6090325117111206,0.5594533085823059,0.4633128345012665,-0.04535101726651192,0.9999605417251587,0.5319641828536987,0.47822198271751404,0.04514660686254501,0.9999791979789734,0.49831366539001465,0.5170087814331055,-0.14059560000896454,0.5913168787956238,0.4963895380496979,0.5880301594734192,0.007436433341354132,0.6147249341011047,0.5499168634414673,0.5682615637779236,0.017094405367970467,0.3273419439792633,0.5149940848350525,0.7319260239601135,-0.019615191966295242,0.8169348239898682,0.5436743497848511,0.6406944990158081,0.030322199687361717,0.37259411811828613,0.48479658365249634,0.7807697057723999,-0.06774141639471054,0.7812494039535522
331,11.033333333333333,0.5047117471694946,0.21246106922626495,-0.0659203976392746,0.9986602663993835,0.5460616946220398,0.27547428011894226,-0.07337241619825363,0.9994255304336548,0.4951118528842926,0.29509052634239197,0.0562773123383522,0.9993738532066345,0.5424627661705017,0.20194099843502045,-0.11074823141098022,0.8223651051521301,0.4685484766960144,0.29104191064834595,0.044235147535800934,0.6837436556816101,0.5093503594398499,0.16902412474155426,-0.03916924446821213,0.501406729221344,0.4971697926521301,0.23737278580665588,0.020946267992258072,0.5927852988243103,0.5603426694869995,0.46662360429763794,-0.04606549069285393,0.9999555945396423,0.5321837663650513,0.4841517508029938,0.045908451080322266,0.9999750256538391,0.4981480538845062,0.5190823078155518,-0.12097056210041046,0.6275634169578552,0.4959510862827301,0.590834379196167,0.0012727590510621667,0.6467750072479248,0.5469611883163452,0.5793081521987915,0.012059095315635204,0.37075814604759216,0.517609715461731,0.7355700135231018,-0.0360497422516346,0.8331443071365356,0.5400623083114624,0.6511926651000977,0.02233637124300003,0.412245512008667,0.48848071694374084,0.7850261330604553,-0.07897146046161652,0.7998955249786377
332,11.066666666666666,0.5057960748672485,0.21284975111484528,-0.07036120444536209,0.9986636638641357,0.5459293127059937,0.2760920524597168,-0.0817079246044159,0.9994524121284485,0.495117723941803,0.2973637580871582,0.05627317354083061,0.9993411898612976,0.542514443397522,0.2007160782814026,-0.12420322746038437,0.8397688269615173,0.4693470895290375,0.2908862233161926,0.047519586980342865,0.6970911026000977,0.5089191198348999,0.1676386594772339,-0.05912794917821884,0.5347309112548828,0.49766117334365845,0.23739996552467346,0.03392823413014412,0.5839573740959167,0.5605984926223755,0.467813104391098,-0.048156507313251495,0.9999513626098633,0.5320446491241455,0.4854261577129364,0.04803295060992241,0.9999715685844421,0.49958133697509766,0.5210283398628235,-0.11790190637111664,0.661794126033783,0.49581781029701233,0.5914545059204102,0.003625523764640093,0.6785252690315247,0.5464231371879578,0.5818977952003479,0.023834286257624626,0.4132744073867798,0.5173624157905579,0.7364813685417175,-0.031042780727148056,0.8487931489944458,0.5398349761962891,0.6513718366622925,0.041265569627285004,0.4507630169391632,0.48757609724998474,0.7856058478355408,-0.07312367856502533,0.8181585669517517
333,11.1,0.5068914890289307,0.21399548649787903,-0.06906066834926605,0.9986429810523987,0.5456850528717041,0.2778957784175873,-0.07876437157392502,0.9994816780090332,0.4944964349269867,0.30050984025001526,0.05735800787806511,0.9993303418159485,0.542960524559021,0.2002783864736557,-0.12564417719841003,0.855353593826294,0.4729267656803131,0.2875111997127533,0.04964733496308327,0.7074039578437805,0.5087071061134338,0.1666198968887329,-0.06791302561759949,0.5674808621406555,0.4986162781715393,0.23684406280517578,0.03423970192670822,0.5837599635124207,0.5601786375045776,0.4701887369155884,-0.04833619296550751,0.9999517202377319,0.531331479549408,0.48758578300476074,0.048215437680482864,0.9999712109565735,0.500113308429718,0.522545337677002,-0.1267523616552353,0.6932312250137329,0.49580392241477966,0.5935677289962769,-0.00014903821283951402,0.7072515487670898,0.5465666055679321,0.5838654637336731,0.02546350657939911,0.4501306116580963,0.517500102519989,0.7384860515594482,-0.02747710607945919,0.862870991230011,0.5397371649742126,0.6527789831161499,0.04831552505493164,0.4841441512107849,0.487102210521698,0.7847311496734619,-0.06978411972522736,0.83452969789505
334,11.133333333333333,0.5073857307434082,0.2236901968717575,-0.01271897554397583,0.9986460208892822,0.5437776446342468,0.2882322669029236,0.002477308502420783,0.9994985461235046,0.4940773546695709,0.315261572599411,0.08863692730665207,0.999358594417572,0.5431991815567017,0.20095142722129822,-0.016433903947472572,0.8671541810035706,0.47180381417274475,0.30576005578041077,-2.2384145381693088e-07,0.6986366510391235,0.5079427361488342,0.1617226004600525,0.028033414855599403,0.5649096369743347,0.49004340171813965,0.2862509489059448,-0.15127144753932953,0.5762985944747925,0.5617340207099915,0.4765831530094147,-0.042611900717020035,0.9999502301216125,0.5331788063049316,0.494873583316803,0.04243101179599762,0.9999699592590332,0.5009745359420776,0.5215499401092529,-0.16094687581062317,0.7157726883888245,0.49658727645874023,0.599082887172699,-0.03917364403605461,0.7182244062423706,0.5392539501190186,0.5973323583602905,-0.058543503284454346,0.4583708643913269,0.522578775882721,0.745758056640625,-0.04391699284315109,0.869210422039032,0.5072548389434814,0.6450308561325073,-0.07783390581607819,0.4950915277004242,0.489906370639801,0.7903585433959961,-0.09590210020542145,0.8411017060279846
335,11.166666666666666,0.5111772418022156,0.24522283673286438,0.033482782542705536,0.998716413974762,0.543687105178833,0.29675620794296265,0.0635332316160202,0.9995209574699402,0.49436306953430176,0.3239944279193878,0.11406785249710083,0.999334990978241,0.544070839881897,0.20130647718906403,0.0601675920188427,0.8678513765335083,0.4784994125366211,0.32106512784957886,0.012565207667648792,0.6524642705917358,0.507916271686554,0.15485318005084991,0.09087591618299484,0.5671018958091736,0.5010297894477844,0.3008404076099396,-0.10721887648105621,0.529855489730835,0.562904417514801,0.4788382351398468,-0.0340409055352211,0.999943196773529,0.5356481671333313,0.4974389672279358,0.03381476551294327,0.9999597072601318,0.5012714266777039,0.524634063243866,-0.18008576333522797,0.7369568347930908,0.5003241896629333,0.6064550280570984,-0.05494805425405502,0.6935219764709473,0.5288512110710144,0.6252812147140503,-0.27126678824424744,0.5025044083595276,0.5245884656906128,0.7510337829589844,-0.08424140512943268,0.849478006362915,0.48506826162338257,0.6413487792015076,-0.3643701672554016,0.5406801104545593,0.4954290986061096,0.7978202104568481,-0.1516706347465515,0.8339413404464722
336,11.2,0.5146824717521667,0.24787703156471252,0.019383292645215988,0.9986106157302856,0.5434814691543579,0.30073457956314087,0.054186005145311356,0.9995309710502625,0.4940515160560608,0.32517167925834656,0.1010478138923645,0.9992949962615967,0.5454860925674438,0.20147432386875153,0.05005238577723503,0.8700435161590576,0.4818882942199707,0.3234332799911499,0.0067912437953054905,0.6202532649040222,0.5077399015426636,0.15375709533691406,0.07658325880765915,0.5594346523284912,0.5051289796829224,0.29483115673065186,-0.11767064034938812,0.49812906980514526,0.5627760887145996,0.4788230359554291,-0.03042617067694664,0.9999355673789978,0.5356971025466919,0.49720653891563416,0.030187685042619705,0.9999486804008484,0.5011855959892273,0.5263341069221497,-0.16015510261058807,0.7472243905067444,0.5023401975631714,0.6088229417800903,-0.05810873582959175,0.6729717254638672,0.5296553373336792,0.6269095540046692,-0.18769127130508423,0.5160505175590515,0.5234319567680359,0.7493701577186584,-0.09541662037372589,0.8353357911109924,0.5026848316192627,0.6754436492919922,-0.25404733419418335,0.56299889087677,0.49579954147338867,0.797301709651947,-0.16014957427978516,0.8244146108627319
337,11.233333333333333,0.5145612955093384,0.24793344736099243,0.0223276037722826,0.9987247586250305,0.5437289476394653,0.30856674909591675,0.07275404036045074,0.9995541572570801,0.49123415350914,0.3254810571670532,0.0992099791765213,0.9993137717247009,0.547397255897522,0.21520917117595673,0.05493975430727005,0.8485967516899109,0.4803565442562103,0.33643287420272827,-0.026428937911987305,0.5878197550773621,0.5132204294204712,0.1544850766658783,0.044619735330343246,0.5566548109054565,0.51848965883255,0.32513341307640076,-0.13437995314598083,0.4606325328350067,0.5630512237548828,0.4791659116744995,-0.022809870541095734,0.9999224543571472,0.534005343914032,0.49769824743270874,0.022493833675980568,0.9999276399612427,0.5023830533027649,0.5268208980560303,-0.21808865666389465,0.7376936078071594,0.5074599981307983,0.6091434955596924,-0.06401367485523224,0.6118473410606384,0.5098546147346497,0.6744068264961243,-0.36801138520240784,0.5177980065345764,0.5287336111068726,0.7541425824165344,-0.0918298214673996,0.7633523344993591,0.46366482973098755,0.6612890958786011,-0.480149507522583,0.5832089781761169,0.5023564696311951,0.798877477645874,-0.15728284418582916,0.7619771361351013
338,11.266666666666667,0.515392541885376,0.25139278173446655,0.023175518959760666,0.998746395111084,0.5438655018806458,0.31114333868026733,0.07590645551681519,0.9995542168617249,0.48880791664123535,0.3233741819858551,0.09895960986614227,0.9993170499801636,0.5490846037864685,0.2212371826171875,0.06509358435869217,0.8383730053901672,0.4819392263889313,0.3410628139972687,-0.027107413858175278,0.5664864778518677,0.5146764516830444,0.15464094281196594,0.05912715196609497,0.5627464652061462,0.5224940180778503,0.32487937808036804,-0.1329096108675003,0.4444431960582733,0.5632137060165405,0.4803149402141571,-0.019515344873070717,0.9999002814292908,0.5324613451957703,0.49930340051651,0.019216641783714294,0.9998952746391296,0.5028324127197266,0.5274686217308044,-0.19516515731811523,0.7317051291465759,0.5075997114181519,0.6111886501312256,-0.07036751508712769,0.5615757703781128,0.5091478228569031,0.7009270191192627,-0.289828896522522,0.5123345255851746,0.5297683477401733,0.7551643252372742,-0.08572281897068024,0.7036691904067993,0.46755701303482056,0.6918439865112305,-0.38537663221359253,0.5894338488578796,0.5042459964752197,0.8000773787498474,-0.14763490855693817,0.7086756825447083
339,11.3,0.5155001282691956,0.25225400924682617,0.01416604034602642,0.9987953305244446,0.5440397262573242,0.30951792001724243,0.05387791246175766,0.9995790123939514,0.4874311089515686,0.32213765382766724,0.09691894054412842,0.9993231892585754,0.5494980216026306,0.22181250154972076,0.02717759646475315,0.8480446934700012,0.4806798994541168,0.33917975425720215,-0.028000211343169212,0.5487281680107117,0.5147342681884766,0.1522810310125351,0.03322196006774902,0.5956571698188782,0.5224577784538269,0.33087682723999023,-0.1392112672328949,0.42758890986442566,0.5633423328399658,0.48023173213005066,-0.023975104093551636,0.99989914894104,0.5319070816040039,0.5001864433288574,0.023702746257185936,0.999888002872467,0.5027381777763367,0.5276668667793274,-0.18465571105480194,0.744202733039856,0.5072344541549683,0.6098062992095947,-0.07569266110658646,0.5427653193473816,0.509285032749176,0.7075620293617249,-0.23575496673583984,0.541965663433075,0.5314778089523315,0.756497859954834,-0.11892034858465195,0.692391037940979,0.4740679860115051,0.7292013168334961,-0.3257381021976471,0.6195619702339172,0.5038589835166931,0.800774872303009,-0.18799026310443878,0.7076511979103088
340,11.333333333333334,0.5154848098754883,0.2518013119697571,0.008135944604873657,0.9988500475883484,0.5441355109214783,0.30805546045303345,0.04970461502671242,0.9996022582054138,0.48694437742233276,0.3204374611377716,0.08422330021858215,0.999335765838623,0.5496817827224731,0.22173938155174255,0.019495632499456406,0.8588682413101196,0.4800923764705658,0.3398260176181793,-0.02926338091492653,0.5472850799560547,0.5149104595184326,0.1503729671239853,0.007005572319030762,0.6302376985549927,0.522145688533783,0.32992151379585266,-0.1399291455745697,0.4321351945400238,0.5639833211898804,0.48015671968460083,-0.024800477549433708,0.9998996257781982,0.5318871736526489,0.5011813044548035,0.024534812197089195,0.9998838305473328,0.5026341676712036,0.527988612651825,-0.17622533440589905,0.7612681984901428,0.5063368082046509,0.6080286502838135,-0.08591951429843903,0.5434713363647461,0.509273886680603,0.7066977024078369,-0.23107007145881653,0.5773724913597107,0.5328054428100586,0.7565068602561951,-0.13842231035232544,0.6952280402183533,0.4660162031650543,0.7338778972625732,-0.31879109144210815,0.6520635485649109,0.503996729850769,0.8007363080978394,-0.20616364479064941,0.7180351614952087
341,11.366666666666667,0.5149163007736206,0.25047868490219116,0.012762980535626411,0.9989038109779358,0.5442487001419067,0.31101176142692566,0.053248267620801926,0.9996236562728882,0.48585668206214905,0.3198266625404358,0.08448542654514313,0.9993690848350525,0.5500351190567017,0.22524717450141907,0.025900056585669518,0.8687150478363037,0.47955217957496643,0.3426583409309387,-0.026912694796919823,0.5441988110542297,0.5158270597457886,0.1520056575536728,0.006204293109476566,0.6624231338500977,0.5179363489151001,0.343062162399292,-0.16094397008419037,0.4471495449542999,0.5638763308525085,0.48368361592292786,-0.025285884737968445,0.9998962879180908,0.5288077592849731,0.5010510087013245,0.02502324804663658,0.999874472618103,0.502598226070404,0.5311307907104492,-0.16977687180042267,0.7761721014976501,0.5060616731643677,0.6111670732498169,-0.07134709507226944,0.5271725058555603,0.5055845975875854,0.7131209373474121,-0.24132323265075684,0.6083795428276062,0.5361196994781494,0.7572553157806396,-0.11046350002288818,0.6818162202835083,0.45910969376564026,0.7293331623077393,-0.3380546569824219,0.6809533834457397,0.5074052810668945,0.801051139831543,-0.18189404904842377,0.7144140601158142
342,11.4,0.514897882938385,0.2499161809682846,0.015894031152129173,0.9989435076713562,0.5443301200866699,0.3118550777435303,0.05759700387716293,0.9996439814567566,0.4849778711795807,0.3194907009601593,0.08386227488517761,0.9994000792503357,0.5502229928970337,0.2263813018798828,0.03687846288084984,0.8761324882507324,0.47912517189979553,0.34382203221321106,-0.02885732613503933,0.5391880869865417,0.5162264108657837,0.15295401215553284,0.020509399473667145,0.6893143057823181,0.5164688229560852,0.34540653228759766,-0.162850484251976,0.4561987817287445,0.5637868642807007,0.4849509000778198,-0.024690693244338036,0.9998939037322998,0.5274742841720581,0.5015321373939514,0.024423426017165184,0.9998663663864136,0.5029326677322388,0.5311089158058167,-0.17480821907520294,0.78980952501297,0.5062830448150635,0.6124526262283325,-0.0641716867685318,0.5071812868118286,0.5053237676620483,0.7127746343612671,-0.2538870871067047,0.6360198259353638,0.5363537073135376,0.7591401934623718,-0.07498962432146072,0.6664606332778931,0.45653706789016724,0.724776029586792,-0.35238415002822876,0.706925630569458,0.5075437426567078,0.8020909428596497,-0.1452151983976364,0.7081429958343506
343,11.433333333333334,0.5157588124275208,0.2522699236869812,0.03414299339056015,0.9990224242210388,0.5443194508552551,0.31072598695755005,0.077379509806633,0.9996666312217712,0.48463162779808044,0.3244519829750061,0.11344222724437714,0.9994526505470276,0.5470768213272095,0.24124476313591003,0.11829137802124023,0.8695269823074341,0.4818863868713379,0.38380956649780273,0.027995679527521133,0.5491065382957458,0.5212218761444092,0.16469484567642212,0.17622010409832,0.700103759765625,0.5204290151596069,0.38013872504234314,-0.10138779878616333,0.4932782053947449,0.559563398361206,0.4865894317626953,-0.02641051635146141,0.9998822212219238,0.5239056944847107,0.5014307498931885,0.026133928447961807,0.9998553991317749,0.5067912340164185,0.5659608840942383,-0.18460974097251892,0.8031899333000183,0.5084637999534607,0.6265074014663696,-0.026805266737937927,0.47136110067367554,0.4956689774990082,0.7153589725494385,-0.27561071515083313,0.6494429111480713,0.551261305809021,0.7639248967170715,-0.00690761674195528,0.6177546977996826,0.4475211203098297,0.7245973944664001,-0.36230915784835815,0.72542804479599,0.5126967430114746,0.8025428652763367,-0.05312182381749153,0.6679372787475586
344,11.466666666666667,0.5162118673324585,0.2551380693912506,0.03562699630856514,0.9990915656089783,0.5438507795333862,0.30943435430526733,0.0819927528500557,0.9996861219406128,0.4843900799751282,0.32491451501846313,0.1184488907456398,0.999500572681427,0.5460575819015503,0.24469886720180511,0.12196433544158936,0.862656831741333,0.4829344153404236,0.38880178332328796,0.03214466571807861,0.5597493648529053,0.5225626826286316,0.1686835139989853,0.17506346106529236,0.708326518535614,0.5224239826202393,0.38336214423179626,-0.09910432994365692,0.5281148552894592,0.5569102764129639,0.4864198863506317,-0.027682144194841385,0.999865710735321,0.5228370428085327,0.5009848475456238,0.027390018105506897,0.999841034412384,0.5147527456283569,0.5942661762237549,-0.1824100762605667,0.8100098967552185,0.5098967552185059,0.6326659917831421,-0.017848076298832893,0.4344794750213623,0.4942140579223633,0.7173146605491638,-0.2665262222290039,0.6452528834342957,0.5523982644081116,0.7667627334594727,0.006028264760971069,0.567646324634552,0.44892439246177673,0.7237988710403442,-0.3511850833892822,0.7321099042892456,0.5146527290344238,0.8031991124153137,-0.038731809705495834,0.6218847632408142
345,11.5,0.5165067315101624,0.2570055425167084,0.035673171281814575,0.999140202999115,0.5438117980957031,0.3084877133369446,0.08383990824222565,0.9997001886367798,0.4842141270637512,0.32514941692352295,0.11999070644378662,0.9995424151420593,0.545889139175415,0.24605917930603027,0.12580512464046478,0.8533567190170288,0.4828614294528961,0.3892321288585663,0.03357730060815811,0.5673035383224487,0.522570013999939,0.16940374672412872,0.18014347553253174,0.7139866948127747,0.5226426124572754,0.38238728046417236,-0.09918759763240814,0.558520495891571,0.5563664436340332,0.4865814745426178,-0.028352584689855576,0.9998451471328735,0.5225551724433899,0.5007978081703186,0.028054138645529747,0.9998220801353455,0.5161489248275757,0.5953572392463684,-0.18465927243232727,0.8145700693130493,0.5101454257965088,0.634143590927124,-0.020474765449762344,0.40129804611206055,0.49448162317276,0.7171311378479004,-0.27230384945869446,0.6416196227073669,0.5523399114608765,0.768483579158783,1.1139877642563079e-05,0.5232811570167542,0.4487017095088959,0.7244578003883362,-0.3606121838092804,0.7378140091896057,0.5138776302337646,0.804422914981842,-0.047532692551612854,0.5810897350311279
346,11.533333333333333,0.5172046422958374,0.2573229670524597,0.03293956443667412,0.9991812109947205,0.5436090230941772,0.3079644441604614,0.08199840039014816,0.9997115731239319,0.4839189946651459,0.32494232058525085,0.1177123561501503,0.9995800852775574,0.5458579659461975,0.24561063945293427,0.12163368612527847,0.8444011211395264,0.4828106462955475,0.3892461657524109,0.030876776203513145,0.5755529403686523,0.5223637819290161,0.16949623823165894,0.1707671582698822,0.7181412577629089,0.5224135518074036,0.38245052099227905,-0.10264243930578232,0.5866770148277283,0.5555099248886108,0.4864685833454132,-0.02873401716351509,0.999825656414032,0.5223139524459839,0.5005766749382019,0.02843315899372101,0.9998053908348083,0.5165655016899109,0.5972286462783813,-0.18564373254776,0.8181785941123962,0.5100790858268738,0.6347540020942688,-0.0219613928347826,0.37150076031684875,0.4940267503261566,0.7158474326133728,-0.2688417434692383,0.6346861720085144,0.5524652004241943,0.7689959406852722,-0.001678870408795774,0.48283258080482483,0.44792574644088745,0.7234675288200378,-0.35481271147727966,0.7401840686798096,0.5145652294158936,0.8050062656402588,-0.048859603703022,0.5430675148963928
347,11.566666666666666,0.5173917412757874,0.25944244861602783,0.03241387754678726,0.9992434978485107,0.5430900454521179,0.3094337284564972,0.07660816609859467,0.9997256398200989,0.4830714166164398,0.3266156017780304,0.11496080458164215,0.9996135234832764,0.545877993106842,0.25100064277648926,0.10931847244501114,0.8395158052444458,0.4835006296634674,0.39895036816596985,0.026955362409353256,0.5808472633361816,0.5265027284622192,0.1774108111858368,0.1453915685415268,0.7277421951293945,0.5218090415000916,0.39337992668151855,-0.1058194637298584,0.6062795519828796,0.5541633367538452,0.4909035861492157,-0.03121672011911869,0.999823272228241,0.5223658680915833,0.5039792656898499,0.03093181923031807,0.9998032450675964,0.5139824151992798,0.5925569534301758,-0.18505103886127472,0.8231796026229858,0.5097247362136841,0.6395142674446106,-0.012391303665935993,0.3459759056568146,0.4911060333251953,0.720161497592926,-0.25850075483322144,0.6370280981063843,0.553094744682312,0.7684862613677979,0.025783777236938477,0.449260950088501,0.44699373841285706,0.7273976802825928,-0.3449750542640686,0.7465735673904419,0.5144330263137817,0.8047031164169312,-0.018955525010824203,0.5119959712028503
348,11.6,0.5174499750137329,0.26203542947769165,0.011284666135907173,0.9992860555648804,0.5426817536354065,0.31282341480255127,0.06039075925946236,0.9997268319129944,0.48293623328208923,0.3296257555484772,0.11184526979923248,0.9996374249458313,0.5458561778068542,0.2637040317058563,0.10114918649196625,0.8241956830024719,0.4832710325717926,0.4078689217567444,0.024211833253502846,0.5597266554832458,0.5353389978408813,0.19222651422023773,0.15878283977508545,0.7149689793586731,0.5136368870735168,0.41529327630996704,-0.10743087530136108,0.5865930318832397,0.5530785322189331,0.49461397528648376,-0.03358767181634903,0.9998268485069275,0.5202380418777466,0.5083268880844116,0.03331737965345383,0.9998053312301636,0.5134826898574829,0.5852959752082825,-0.19018815457820892,0.8256811499595642,0.5095067024230957,0.6366658806800842,-0.0014571299543604255,0.3170085549354553,0.4915173649787903,0.722607433795929,-0.27362877130508423,0.6456623673439026,0.554344654083252,0.7672914862632751,0.043546877801418304,0.4174252450466156,0.44771870970726013,0.7284748554229736,-0.3696877062320709,0.7570564150810242,0.5179184079170227,0.7972287535667419,-0.003076682798564434,0.48340269923210144
349,11.633333333333333,0.5183417797088623,0.26495200395584106,-0.009382486343383789,0.999324381351471,0.5425926446914673,0.31527411937713623,0.0400267168879509,0.9997218251228333,0.4828545153141022,0.33145755529403687,0.1099935993552208,0.9996616840362549,0.5458256006240845,0.2741462290287018,0.03832106664776802,0.8132071495056152,0.48304954171180725,0.4186639189720154,0.0300260279327631,0.5491513609886169,0.5380605459213257,0.21185719966888428,0.03734279051423073,0.7114013433456421,0.5092285871505737,0.43090957403182983,-0.10258698463439941,0.5926787853240967,0.5522290468215942,0.49848654866218567,-0.03761672228574753,0.9998360872268677,0.5186827182769775,0.5115504860877991,0.03736555948853493,0.9998159408569336,0.5131022334098816,0.5823333859443665,-0.18703091144561768,0.8336031436920166,0.5055940747261047,0.6364489197731018,-0.008764371275901794,0.30521172285079956,0.4914700388908386,0.7309635877609253,-0.26893511414527893,0.6697717905044556,0.5548830032348633,0.7666471004486084,0.02209213376045227,0.41060712933540344,0.4478059709072113,0.7364931106567383,-0.3499383330345154,0.7748581171035767,0.5187897086143494,0.7969824075698853,-0.025453025475144386,0.4833781123161316
350,11.666666666666666,0.5192321538925171,0.2657272219657898,-0.004607439506798983,0.9993537068367004,0.5422344207763672,0.31805598735809326,0.04545053839683533,0.9997081756591797,0.48290443420410156,0.33225131034851074,0.10888886451721191,0.9996852874755859,0.5455724596977234,0.2745198607444763,0.044677965342998505,0.7945215702056885,0.4829862117767334,0.41965705156326294,0.03705513849854469,0.5443224310874939,0.5388354659080505,0.21362338960170746,0.0677834078669548,0.6987329125404358,0.5083799958229065,0.43371209502220154,-0.09338484704494476,0.6058717370033264,0.5513038039207458,0.49911168217658997,-0.03745022416114807,0.9998427033424377,0.5181171298027039,0.5121187567710876,0.03719862550497055,0.9998246431350708,0.5124273896217346,0.5850459337234497,-0.17744503915309906,0.8341326117515564,0.5028679966926575,0.636414110660553,-0.012821835465729237,0.2873568832874298,0.49135035276412964,0.7332674860954285,-0.23602183163166046,0.6809229850769043,0.5534685850143433,0.765921950340271,0.023415306583046913,0.39139610528945923,0.448194682598114,0.7396223545074463,-0.31971749663352966,0.783904492855072,0.5174400806427002,0.7970621585845947,-0.018880922347307205,0.4671386182308197
351,11.7,0.520238995552063,0.2674367427825928,-0.017082098871469498,0.9993984699249268,0.5420977473258972,0.3186456561088562,0.03575503081083298,0.9997027516365051,0.48299703001976013,0.33258524537086487,0.1025814563035965,0.9997103214263916,0.5455130934715271,0.2766709625720978,0.0293407179415226,0.7911421656608582,0.4829280376434326,0.4197924733161926,0.03579701483249664,0.5600172281265259,0.5392292737960815,0.21654368937015533,0.021249180659651756,0.7048510909080505,0.5084214806556702,0.4347018301486969,-0.09004821628332138,0.6358463168144226,0.5510064363479614,0.49973976612091064,-0.03810076415538788,0.9998510479927063,0.5178638100624084,0.5123393535614014,0.037853073328733444,0.9998354315757751,0.512312650680542,0.5854316353797913,-0.1773117184638977,0.8411702513694763,0.5016310811042786,0.6367852091789246,-0.020103629678487778,0.28567740321159363,0.4907243847846985,0.7330183982849121,-0.2260274887084961,0.6998481154441833,0.5535433888435364,0.7646592259407043,0.021153679117560387,0.3911205530166626,0.4493522047996521,0.7405199408531189,-0.3093138039112091,0.7978166341781616,0.517794668674469,0.7970122694969177,-0.021125013008713722,0.47100281715393066
352,11.733333333333333,0.520922064781189,0.26849985122680664,-0.008806831203401089,0.9994320869445801,0.5421206951141357,0.31923145055770874,0.04151933267712593,0.9996996521949768,0.48301735520362854,0.33325931429862976,0.10943667590618134,0.9997317790985107,0.5455140471458435,0.2767859697341919,0.04159458726644516,0.780380368232727,0.48271816968917847,0.41838496923446655,0.04527527466416359,0.558627188205719,0.5397094488143921,0.21924251317977905,0.04058169946074486,0.7020244002342224,0.5074492692947388,0.43743443489074707,-0.08157341182231903,0.653464674949646,0.5508330464363098,0.5001680850982666,-0.03840474784374237,0.999857485294342,0.5177565217018127,0.5126135349273682,0.0381598062813282,0.999843955039978,0.5122573375701904,0.5847349166870117,-0.17361609637737274,0.8404231667518616,0.5007911920547485,0.6372836232185364,-0.02809288538992405,0.27542054653167725,0.4905272126197815,0.7348238825798035,-0.2231125384569168,0.709523618221283,0.5531219244003296,0.7641674280166626,0.01471759658306837,0.38031309843063354,0.4501432478427887,0.7425689697265625,-0.3064587116241455,0.8053804039955139,0.5175026655197144,0.7970934510231018,-0.030805576592683792,0.4630809426307678
353,11.766666666666667,0.5201267004013062,0.2693101167678833,-0.04569975659251213,0.9994685053825378,0.542316734790802,0.32376763224601746,0.0036988749634474516,0.9996907711029053,0.48345455527305603,0.3332720994949341,0.08348571509122849,0.999754011631012,0.5455149412155151,0.29468658566474915,0.031662799417972565,0.7691550254821777,0.4817928373813629,0.42841511964797974,0.03856606408953667,0.581956148147583,0.5431845784187317,0.24390342831611633,0.05429396778345108,0.6932222843170166,0.5005189776420593,0.46744316816329956,-0.08847235888242722,0.6828044652938843,0.549953043460846,0.5049042105674744,-0.040830232203006744,0.9998664259910583,0.5152549147605896,0.5149458050727844,0.04058048501610756,0.9998555183410645,0.5140508413314819,0.5936246514320374,-0.16409237682819366,0.8451535701751709,0.4954565465450287,0.6389709711074829,-0.03381075710058212,0.2840808629989624,0.49127086997032166,0.7436208724975586,-0.18977221846580505,0.7296407222747803,0.5542168617248535,0.7624620795249939,0.017629865556955338,0.39493241906166077,0.4556533694267273,0.7505187392234802,-0.2713990807533264,0.8187999129295349,0.5205948352813721,0.7970275282859802,-0.025171807035803795,0.4808838665485382
354,11.8,0.5203121900558472,0.269450306892395,-0.05143123120069504,0.9995167851448059,0.5426620841026306,0.3262549042701721,-0.0035316827706992626,0.99970942735672,0.48459571599960327,0.3333898186683655,0.0838916078209877,0.9997759461402893,0.5459602475166321,0.3059214651584625,-0.02561545930802822,0.7789938449859619,0.48125964403152466,0.42559897899627686,0.04429396241903305,0.6013594269752502,0.5463016033172607,0.26799657940864563,-0.06871719658374786,0.7085102200508118,0.4941243529319763,0.47625303268432617,-0.07898703217506409,0.7074912190437317,0.546119213104248,0.5070332288742065,-0.042823225259780884,0.9998781085014343,0.5106410384178162,0.5156723856925964,0.04258028045296669,0.9998685121536255,0.5137312412261963,0.6018345952033997,-0.11781841516494751,0.8519143462181091,0.493704229593277,0.6394017338752747,-0.029993033036589622,0.3137562572956085,0.49299851059913635,0.7618570923805237,-0.1282079517841339,0.7524767518043518,0.5544378757476807,0.760895311832428,0.01731136441230774,0.4319700002670288,0.4660685956478119,0.7958346009254456,-0.20965787768363953,0.8336706757545471,0.5207005739212036,0.7965832352638245,-0.02920776978135109,0.5157091617584229
355,11.833333333333334,0.5210288763046265,0.27031633257865906,-0.06397448480129242,0.999540388584137,0.5431875586509705,0.3406272232532501,-0.02850680984556675,0.999664843082428,0.4874613881111145,0.33503633737564087,0.0801628977060318,0.9997879862785339,0.5464662313461304,0.32653531432151794,-0.12713494896888733,0.7508388161659241,0.48123806715011597,0.4232357442378998,0.05681369826197624,0.5945847034454346,0.5470398664474487,0.28620728850364685,-0.24746069312095642,0.6710299253463745,0.4834662973880768,0.48728108406066895,-0.03670354560017586,0.715418815612793,0.5437279343605042,0.5189736485481262,-0.04630286619067192,0.9998893141746521,0.5076457858085632,0.5229636430740356,0.04603956639766693,0.9998807907104492,0.5175788998603821,0.6186261177062988,-0.16635549068450928,0.8602391481399536,0.4853437542915344,0.6511262059211731,-0.01142318919301033,0.34064555168151855,0.4977601170539856,0.7719559669494629,-0.16036008298397064,0.7739692330360413,0.5485635995864868,0.7556641697883606,0.10353574901819229,0.4576444625854492,0.483265221118927,0.8095939755439758,-0.25009554624557495,0.8462981581687927,0.5201050043106079,0.7957640886306763,0.06261038035154343,0.530727744102478
356,11.866666666666667,0.5218696594238281,0.2701505124568939,-0.06049948185682297,0.999541699886322,0.5437057018280029,0.34382519125938416,-0.03011978231370449,0.9996227025985718,0.4893891215324402,0.3355650007724762,0.08297984302043915,0.9997923970222473,0.5466697812080383,0.3235362470149994,-0.1201501116156578,0.7270363569259644,0.48114824295043945,0.42421799898147583,0.06948184967041016,0.5781211256980896,0.5467220544815063,0.286367803812027,-0.2235318422317505,0.636549174785614,0.48239555954933167,0.49152272939682007,-0.012967437505722046,0.7103759050369263,0.5422157049179077,0.5199875235557556,-0.047092877328395844,0.9998993277549744,0.5054411888122559,0.5233493447303772,0.04682492837309837,0.9998916387557983,0.5192966461181641,0.6235086917877197,-0.17943023145198822,0.8663104176521301,0.48303526639938354,0.6509898900985718,-0.006959535181522369,0.3578249514102936,0.49865850806236267,0.771702766418457,-0.1595519483089447,0.790701687335968,0.5442596673965454,0.7523571252822876,0.1154271587729454,0.469023197889328,0.48238545656204224,0.8123500347137451,-0.2457769811153412,0.8539165258407593,0.5175106525421143,0.7953547835350037,0.08172868937253952,0.5314922332763672
357,11.9,0.5219850540161133,0.26964622735977173,-0.07107199728488922,0.9995594620704651,0.5449725985527039,0.34245675802230835,-0.040207259356975555,0.9995726943016052,0.489879310131073,0.33604174852371216,0.07960505038499832,0.9998014569282532,0.5468680262565613,0.3349391222000122,-0.13611942529678345,0.7050008773803711,0.4810996949672699,0.42372962832450867,0.06916205585002899,0.5726299285888672,0.5468364357948303,0.28660643100738525,-0.24716079235076904,0.6096504926681519,0.48079270124435425,0.49152496457099915,-0.018191132694482803,0.7214424014091492,0.5421481132507324,0.521166205406189,-0.049076683819293976,0.9999078512191772,0.5059765577316284,0.523157000541687,0.048817623406648636,0.999901294708252,0.5189985036849976,0.6313410401344299,-0.1426793336868286,0.8544328808784485,0.48141807317733765,0.6513365507125854,-0.008179774507880211,0.36051350831985474,0.4984937608242035,0.7727704644203186,-0.11090002208948135,0.7978532314300537,0.5449866056442261,0.7517396807670593,0.09539517015218735,0.4689258635044098,0.47969603538513184,0.8143681883811951,-0.18712705373764038,0.8532542586326599,0.5177555084228516,0.7952704429626465,0.06320086866617203,0.5258573889732361
358,11.933333333333334,0.5221145749092102,0.2693473696708679,-0.067043736577034,0.9995560050010681,0.5451971292495728,0.34162020683288574,-0.037034183740615845,0.9995095729827881,0.4899035096168518,0.3370436429977417,0.073946014046669,0.9998056888580322,0.5469809770584106,0.33137306571006775,-0.11762608587741852,0.6786460280418396,0.4810931086540222,0.4233437776565552,0.06287740170955658,0.5654705166816711,0.5471253395080566,0.283704936504364,-0.20728588104248047,0.5778372287750244,0.480206161737442,0.4895278811454773,-0.01684040203690529,0.7275774478912354,0.5419288277626038,0.5201362371444702,-0.047607649117708206,0.9999158382415771,0.5056343674659729,0.5225986242294312,0.04735168442130089,0.9999101161956787,0.5208282470703125,0.6236581802368164,-0.15120062232017517,0.850040853023529,0.48164382576942444,0.649611234664917,-0.01015484519302845,0.36631062626838684,0.49840840697288513,0.7698644995689392,-0.1256723701953888,0.8043930530548096,0.5454623699188232,0.751300573348999,0.07704659551382065,0.4746835231781006,0.47922906279563904,0.8057986497879028,-0.1982601433992386,0.8525003790855408,0.5173121094703674,0.7947604060173035,0.044227343052625656,0.5246026515960693
359,11.966666666666667,0.5239545702934265,0.2694718837738037,-0.08172065019607544,0.9995578527450562,0.5457870960235596,0.33933043479919434,-0.04571642726659775,0.9995120167732239,0.4941306710243225,0.33698078989982605,0.07770194113254547,0.9998062252998352,0.5470881462097168,0.39324167370796204,-0.1407778561115265,0.6765146255493164,0.48190751671791077,0.42421141266822815,0.08247318118810654,0.5422256588935852,0.5480846762657166,0.3465922474861145,-0.2669806182384491,0.5771079659461975,0.47287702560424805,0.49770820140838623,3.59105397365056e-05,0.7105116844177246,0.5406526327133179,0.5222513675689697,-0.04930830001831055,0.9999226927757263,0.5050714015960693,0.5220527648925781,0.049075812101364136,0.9999176859855652,0.5203415155410767,0.6396891474723816,-0.09183058142662048,0.8537864685058594,0.4756094515323639,0.6503944993019104,-0.006656854413449764,0.3965986967086792,0.5012659430503845,0.7781028747558594,-0.05496463179588318,0.8204115033149719,0.5386530756950378,0.7458853125572205,0.0988180935382843,0.49500441551208496,0.4896111488342285,0.8150746822357178,-0.13508303463459015,0.8624465465545654,0.5163299441337585,0.7938262820243835,0.06288585066795349,0.540424108505249
360,12.0,0.5263010859489441,0.27031928300857544,-0.08212395012378693,0.9995716214179993,0.5458118915557861,0.33805468678474426,-0.050343431532382965,0.9995100498199463,0.49669307470321655,0.33742326498031616,0.07956430315971375,0.9998127818107605,0.5484193563461304,0.3799887001514435,-0.16741609573364258,0.6456777453422546,0.48187676072120667,0.4250907897949219,0.09022532403469086,0.5288198590278625,0.5512424111366272,0.3605245053768158,-0.3202913701534271,0.5490800738334656,0.4654652178287506,0.5014705061912537,0.009574899449944496,0.7228146195411682,0.5384458303451538,0.5244495272636414,-0.05092839151620865,0.9999286532402039,0.5028303861618042,0.5233196020126343,0.050695229321718216,0.9999246597290039,0.5205146670341492,0.6494245529174805,-0.08700258284807205,0.8387669324874878,0.47128868103027344,0.6543771028518677,-0.00947674922645092,0.41053783893585205,0.5041979551315308,0.7806304693222046,-0.04630659893155098,0.8277366757392883,0.5377271771430969,0.7408415079116821,0.09081149101257324,0.4899470806121826,0.4884835183620453,0.8225514888763428,-0.11903369426727295,0.8636229038238525,0.5192177295684814,0.7939419150352478,0.05911411717534065,0.5336018800735474
361,12.033333333333333,0.5312455892562866,0.27204781770706177,-0.07417120039463043,0.9995750188827515,0.5461529493331909,0.3375782370567322,-0.049859076738357544,0.9995206594467163,0.5010968446731567,0.33857375383377075,0.08837539702653885,0.9998148679733276,0.5539098381996155,0.3890877068042755,-0.14200304448604584,0.609116792678833,0.4817029535770416,0.42716458439826965,0.1093372106552124,0.5098258256912231,0.5559766292572021,0.4141847491264343,-0.26354461908340454,0.5095569491386414,0.4512711465358734,0.5060487985610962,0.03126038610935211,0.7247441411018372,0.5336940884590149,0.530031681060791,-0.05048894137144089,0.9999343156814575,0.5005287528038025,0.5284807682037354,0.05025441199541092,0.9999309182167053,0.5210055112838745,0.659508228302002,-0.07966834306716919,0.817725419998169,0.4683089256286621,0.6573936939239502,-0.015024703927338123,0.4154430329799652,0.5076817274093628,0.7834745049476624,-0.03390716761350632,0.8277967572212219,0.5342115163803101,0.7370356917381287,0.1002160906791687,0.4657779335975647,0.5031458139419556,0.8178331255912781,-0.09721828997135162,0.8542198538780212,0.5194383859634399,0.7940043210983276,0.08029141277074814,0.5056049227714539
362,12.066666666666666,0.5342612862586975,0.2737179398536682,-0.06782896816730499,0.9996004104614258,0.5479016900062561,0.33765679597854614,-0.042971886694431305,0.9995494484901428,0.5032724738121033,0.33944448828697205,0.09034102410078049,0.9998251795768738,0.5580157041549683,0.39613234996795654,-0.1244213804602623,0.5876538753509521,0.4813098907470703,0.4265843331813812,0.11526211351156235,0.515022337436676,0.5577124357223511,0.44073760509490967,-0.23527792096138,0.4873760938644409,0.4460533559322357,0.4994439482688904,0.05061102658510208,0.7447056174278259,0.5318177342414856,0.5316852331161499,-0.04965987801551819,0.99993896484375,0.49872392416000366,0.5288845300674438,0.049422651529312134,0.9999361634254456,0.5214071869850159,0.6593924164772034,-0.07860197126865387,0.792214572429657,0.4676787853240967,0.6567654609680176,-0.03763445466756821,0.4179285764694214,0.5096375346183777,0.7856412529945374,-0.04442421719431877,0.8206120729446411,0.5283059477806091,0.7354056239128113,0.0651497095823288,0.43954676389694214,0.508193850517273,0.814215362071991,-0.10005044937133789,0.8375183939933777,0.5189837217330933,0.7939121723175049,0.06556035578250885,0.47710129618644714
363,12.1,0.5344727039337158,0.2745274603366852,-0.08148835599422455,0.9996308088302612,0.5488869547843933,0.33761152625083923,-0.060331206768751144,0.9995825290679932,0.504124641418457,0.34016579389572144,0.0783657506108284,0.9998369216918945,0.5586856603622437,0.3978019654750824,-0.14249756932258606,0.5908166766166687,0.48067960143089294,0.42669519782066345,0.10155315697193146,0.5308958292007446,0.5582502484321594,0.4420308470726013,-0.25762617588043213,0.49651312828063965,0.4423794150352478,0.5006850361824036,0.033505138009786606,0.76564621925354,0.5312597751617432,0.5340611338615417,-0.049336645752191544,0.99994295835495,0.4971041679382324,0.5301389694213867,0.04913349077105522,0.9999408721923828,0.5212445855140686,0.6623564958572388,-0.07908071577548981,0.7875409722328186,0.4683433473110199,0.6566784977912903,-0.03831697255373001,0.43791377544403076,0.5106972455978394,0.7825893759727478,-0.017739102244377136,0.8197089433670044,0.5245716571807861,0.7362772822380066,0.0657433420419693,0.42832088470458984,0.5041585564613342,0.8112459778785706,-0.06919374316930771,0.8305965662002563,0.5177285075187683,0.7949162721633911,0.05545666068792343,0.4657493531703949
364,12.133333333333333,0.5382652282714844,0.2774544656276703,-0.07533807307481766,0.9996629357337952,0.5530449748039246,0.3430032432079315,-0.057814449071884155,0.9996214509010315,0.5056615471839905,0.34029972553253174,0.09330805391073227,0.9998436570167542,0.5626705288887024,0.4256499409675598,-0.12519176304340363,0.6215605735778809,0.47952017188072205,0.4252699911594391,0.1073167696595192,0.527835488319397,0.5595852136611938,0.4686671495437622,-0.23871071636676788,0.5392960906028748,0.4406236708164215,0.48476800322532654,0.024763185530900955,0.7761124968528748,0.5271228551864624,0.5367846488952637,-0.04528718441724777,0.9999474287033081,0.49322885274887085,0.5306488275527954,0.04510052129626274,0.9999446272850037,0.5210719704627991,0.6614798903465271,-0.09636646509170532,0.7976809740066528,0.46765008568763733,0.6558954119682312,-0.0625690445303917,0.4725492298603058,0.5149093866348267,0.7807068824768066,-0.05288062244653702,0.8293153047561646,0.5192862749099731,0.7339851260185242,0.050152797251939774,0.43427103757858276,0.5116473436355591,0.8126444220542908,-0.11671054363250732,0.8363394141197205,0.5100094079971313,0.7855446934700012,0.03148490935564041,0.47175389528274536
365,12.166666666666666,0.5414523482322693,0.2824995815753937,-0.08967621624469757,0.9996302723884583,0.5558624267578125,0.3482656180858612,-0.04615702107548714,0.9996277689933777,0.5081220865249634,0.3405526280403137,0.08375857770442963,0.999846339225769,0.5642403364181519,0.4440653622150421,-0.07880215346813202,0.5836988687515259,0.4784201681613922,0.42283639311790466,0.09963104128837585,0.5129854679107666,0.5577617883682251,0.4903852343559265,-0.1499265730381012,0.4942339062690735,0.4393744468688965,0.46619144082069397,0.014479994773864746,0.7809741497039795,0.5254733562469482,0.535793662071228,-0.04501952603459358,0.9999507069587708,0.49191778898239136,0.5301074385643005,0.04484580084681511,0.9999485611915588,0.5210024118423462,0.65657639503479,-0.10829045623540878,0.8112586140632629,0.4651791453361511,0.655422568321228,-0.052373044192790985,0.5100024342536926,0.5207822322845459,0.7792478203773499,-0.06282126158475876,0.8412947058677673,0.5175795555114746,0.726236879825592,0.05459880083799362,0.45885688066482544,0.5094528794288635,0.8172500729560852,-0.13216093182563782,0.845331072807312,0.5089532136917114,0.778837263584137,0.02595997229218483,0.49437662959098816
366,12.2,0.5417071580886841,0.28482553362846375,-0.1040564626455307,0.9996255040168762,0.5570906400680542,0.35007670521736145,-0.0537358894944191,0.999640166759491,0.5084837675094604,0.3408166170120239,0.07058274000883102,0.9998558163642883,0.5651766061782837,0.44666990637779236,-0.08735896646976471,0.5559688210487366,0.4771382212638855,0.4218597710132599,0.09645479172468185,0.5248538851737976,0.557639479637146,0.5003388524055481,-0.1638716459274292,0.4583844542503357,0.4364806115627289,0.4634781777858734,0.00016957210027612746,0.799984872341156,0.523340106010437,0.5371886491775513,-0.04495275765657425,0.9999529719352722,0.49024447798728943,0.5302352905273438,0.04478582739830017,0.9999520182609558,0.520870566368103,0.6598285436630249,-0.09357259422540665,0.8224939107894897,0.464862585067749,0.6555628180503845,-0.046383585780858994,0.5445454716682434,0.5211020708084106,0.7786331176757812,-0.024960532784461975,0.8522467613220215,0.5156031250953674,0.7256706357002258,0.06762921810150146,0.4810543358325958,0.5079416036605835,0.8190621137619019,-0.09206938743591309,0.854305624961853,0.5069013833999634,0.7790769934654236,0.03758826106786728,0.517488956451416
367,12.233333333333333,0.5464127659797668,0.2906438708305359,-0.09732194244861603,0.9996502995491028,0.561128556728363,0.3640144467353821,-0.04896789789199829,0.9996700286865234,0.5100448131561279,0.3413720726966858,0.06454974412918091,0.9998500943183899,0.5660402774810791,0.46309560537338257,-0.06358906626701355,0.573427140712738,0.47716936469078064,0.4035521149635315,0.09496770054101944,0.5137988328933716,0.5572975277900696,0.5282287001609802,-0.13268019258975983,0.4778730869293213,0.4438902735710144,0.4217687249183655,0.021715709939599037,0.7913123965263367,0.5207050442695618,0.5407387614250183,-0.031723178923130035,0.9999557733535767,0.48629146814346313,0.530434787273407,0.03157715126872063,0.9999523758888245,0.5208335518836975,0.6605085730552673,-0.10057853162288666,0.835571825504303,0.46579813957214355,0.6561169028282166,-0.046804558485746384,0.5690656900405884,0.5193060636520386,0.786264955997467,-0.0816425010561943,0.8643565773963928,0.509895920753479,0.7157261967658997,0.10094203799962997,0.47876495122909546,0.5229297876358032,0.8175402879714966,-0.16263625025749207,0.864881694316864,0.5055896043777466,0.7631919980049133,0.08461843430995941,0.515995442867279
368,12.266666666666667,0.5575441122055054,0.3068687915802002,-0.1283358633518219,0.9996575713157654,0.5688778162002563,0.3953085243701935,-0.031245354562997818,0.9996861815452576,0.5113869905471802,0.3416876494884491,0.012908215634524822,0.9998272061347961,0.5658225417137146,0.49010610580444336,-0.04181227833032608,0.5633851885795593,0.4762377142906189,0.36276718974113464,-0.01527722179889679,0.5155050158500671,0.5521419048309326,0.5473668575286865,-0.1261347383260727,0.47169846296310425,0.44876235723495483,0.3576360046863556,-0.11485471576452255,0.7778558731079102,0.5194978713989258,0.5469936728477478,-0.00815175287425518,0.9999570846557617,0.482217013835907,0.5328947901725769,0.008026216179132462,0.9999512434005737,0.5204073786735535,0.6655256748199463,-0.03605680167675018,0.8343867659568787,0.46513432264328003,0.6576821804046631,-0.0501762256026268,0.5736057758331299,0.5202281475067139,0.7883602380752563,0.016285208985209465,0.8719862699508667,0.4950645864009857,0.7165045142173767,0.14399027824401855,0.45903679728507996,0.5278549194335938,0.8206877708435059,-0.0621955506503582,0.8694555163383484,0.4899621605873108,0.7611149549484253,0.1277586668729782,0.49290671944618225
369,12.3,0.558580756187439,0.3079817295074463,-0.11458530277013779,0.9996740221977234,0.5704465508460999,0.39809858798980713,-0.024550756439566612,0.9997081756591797,0.5127374529838562,0.3417045772075653,0.019296951591968536,0.9998116493225098,0.5657305121421814,0.4931102693080902,-0.03358848765492439,0.5649932622909546,0.4752884805202484,0.3581007719039917,-0.011467032134532928,0.5063809156417847,0.5493435859680176,0.552817165851593,-0.10834570974111557,0.47504159808158875,0.4531919062137604,0.3530367612838745,-0.10207422822713852,0.7499173879623413,0.5182487964630127,0.5464624762535095,-0.008627832867205143,0.9999598860740662,0.4800259470939636,0.5329821705818176,0.008488568477332592,0.999953031539917,0.5188748240470886,0.6632839441299438,-0.04704651981592178,0.8421357870101929,0.4656195044517517,0.6581278443336487,-0.04727346450090408,0.5914985537528992,0.5206881761550903,0.7901613712310791,-0.004273328930139542,0.8810409307479858,0.49497437477111816,0.7191870808601379,0.1268639862537384,0.465459406375885,0.5242430567741394,0.823400616645813,-0.08385222405195236,0.8769043684005737,0.4863709509372711,0.7655884623527527,0.10729093849658966,0.4975535571575165
370,12.333333333333334,0.5606988668441772,0.3159302771091461,-0.10912581533193588,0.9996877908706665,0.5720423460006714,0.40606215596199036,-0.008254102431237698,0.9997310638427734,0.5133512020111084,0.3417953550815582,0.028326470404863358,0.9997997283935547,0.5658541917800903,0.4997318685054779,-0.024276932701468468,0.5932212471961975,0.4712370038032532,0.346283882856369,-0.04473162814974785,0.5170599818229675,0.5484432578086853,0.5691007375717163,-0.10572285950183868,0.5133278369903564,0.4603992998600006,0.33749502897262573,-0.17452579736709595,0.7390063405036926,0.5173355937004089,0.5493787527084351,-0.0049286349676549435,0.999961256980896,0.4774874150753021,0.536759078502655,0.0047977459616959095,0.9999516010284424,0.5163695216178894,0.6599171161651611,-0.10900169610977173,0.8548868894577026,0.4661427140235901,0.6635664701461792,-0.059581220149993896,0.6170421838760376,0.5206516981124878,0.789028525352478,-0.03705251216888428,0.8893290758132935,0.4962976574897766,0.7373292446136475,0.12030376493930817,0.48602983355522156,0.5225573182106018,0.8245181441307068,-0.12385906279087067,0.8841332197189331,0.4929044842720032,0.7792671322822571,0.07400861382484436,0.5107024908065796
371,12.366666666666667,0.5671837329864502,0.32997867465019226,-0.15579138696193695,0.9997091889381409,0.5733565092086792,0.42055442929267883,-0.05417628213763237,0.9997501373291016,0.5147684812545776,0.34158220887184143,-0.022620469331741333,0.9997803568840027,0.5652769804000854,0.5087831616401672,-0.0642559677362442,0.6067996025085449,0.4748164713382721,0.3162626624107361,-0.06261339038610458,0.5281596779823303,0.5441927909851074,0.5631882548332214,-0.1358506679534912,0.5240849852561951,0.47185954451560974,0.28904253244400024,-0.13752049207687378,0.7169280648231506,0.5184916257858276,0.5474408268928528,-0.008327712304890156,0.9999613165855408,0.4793612062931061,0.5360171794891357,0.008184770122170448,0.999949038028717,0.5150229334831238,0.6579059362411499,-0.10369261354207993,0.8631963729858398,0.46536874771118164,0.6352068185806274,-0.07203028351068497,0.6325441002845764,0.5199846029281616,0.7883492112159729,-0.04473700374364853,0.8950928449630737,0.4827778935432434,0.7339548468589783,0.07913977652788162,0.4965229332447052,0.5252485871315002,0.8244714736938477,-0.12391209602355957,0.8879518508911133,0.4640940725803375,0.7691649794578552,0.05258370190858841,0.5145360231399536
372,12.4,0.5711926221847534,0.3378935158252716,-0.1260547637939453,0.9997207522392273,0.5745580196380615,0.431279718875885,-0.027153944596648216,0.9997662901878357,0.5182911157608032,0.34061571955680847,-0.015100236050784588,0.9997705221176147,0.5622601509094238,0.5206056833267212,-0.02811952494084835,0.615132212638855,0.48619335889816284,0.3065696954727173,-0.10718318074941635,0.5479408502578735,0.5378438234329224,0.5979031324386597,-0.08004166185855865,0.5336691737174988,0.48164263367652893,0.2750741243362427,-0.23289437592029572,0.722092866897583,0.517322838306427,0.546173632144928,0.0021835598163306713,0.9999611973762512,0.47720271348953247,0.5352901816368103,-0.0022940405178815126,0.9999467134475708,0.5147243142127991,0.6536261439323425,-0.09221307933330536,0.8740928769111633,0.4650699496269226,0.633795976638794,-0.102900430560112,0.6604611277580261,0.5198692083358765,0.7876384258270264,-0.03783750906586647,0.9032276272773743,0.4783352017402649,0.7241341471672058,0.056978464126586914,0.5212046504020691,0.5271108746528625,0.8240264058113098,-0.10992257297039032,0.8957891464233398,0.4660521447658539,0.7620313763618469,0.03199645131826401,0.5344976782798767
373,12.433333333333334,0.5824178457260132,0.35277503728866577,-0.0954095795750618,0.9997434616088867,0.5742014646530151,0.44067302346229553,-0.005705450661480427,0.9997856616973877,0.522127091884613,0.3401852250099182,-0.002330122049897909,0.9997797608375549,0.5517455339431763,0.5247332453727722,-0.014993387274444103,0.6389223337173462,0.49862879514694214,0.28432124853134155,-0.08206074684858322,0.5827087759971619,0.5333828330039978,0.6073686480522156,-0.06820930540561676,0.5689361095428467,0.4900505542755127,0.23538438975811005,-0.1741708517074585,0.7445255517959595,0.5159483551979065,0.5452365279197693,0.0022130445577204227,0.9999620914459229,0.47609853744506836,0.5308001041412354,-0.0023158318363130093,0.9999479055404663,0.5148995518684387,0.6383963823318481,-0.1293453723192215,0.8827118277549744,0.4652528762817383,0.615111768245697,-0.16044297814369202,0.6868644952774048,0.5204548239707947,0.7833607196807861,-0.10049903392791748,0.906970202922821,0.4794972836971283,0.7369577884674072,-0.07723789662122726,0.5540348291397095,0.5277026891708374,0.8231506943702698,-0.16929477453231812,0.9008880257606506,0.47587886452674866,0.7712821364402771,-0.12438814342021942,0.5666866898536682
374,12.466666666666667,0.5820801258087158,0.3505712151527405,-0.09589492529630661,0.999767541885376,0.5745856165885925,0.44274383783340454,-0.0014374596066772938,0.9998045563697815,0.5238356590270996,0.3401707708835602,-0.008522331714630127,0.9997949004173279,0.55007004737854,0.5250397324562073,-0.00687567749992013,0.6633105874061584,0.49957722425460815,0.2819450795650482,-0.09433816373348236,0.6178872585296631,0.531495213508606,0.610490083694458,-0.05891522765159607,0.6039150357246399,0.49246054887771606,0.23311294615268707,-0.2001757174730301,0.7669557929039001,0.514596700668335,0.5422701239585876,0.009617991745471954,0.9999622106552124,0.47473257780075073,0.5278523564338684,-0.009728977456688881,0.9999480247497559,0.5167372226715088,0.6286911368370056,-0.1158234253525734,0.889236569404602,0.46715277433395386,0.6213964223861694,-0.151454359292984,0.7107402086257935,0.520899772644043,0.7779410481452942,-0.08341796696186066,0.9088298678398132,0.4821697175502777,0.7375536561012268,-0.048638857901096344,0.5776127576828003,0.5283624529838562,0.8225007057189941,-0.1528165638446808,0.9054983854293823,0.4802517890930176,0.7716285586357117,-0.09018732607364655,0.5926349759101868
375,12.5,0.582952618598938,0.3505622148513794,-0.08958178013563156,0.9997889399528503,0.5746566653251648,0.4421374797821045,-0.0009732431499287486,0.9998221397399902,0.5241861939430237,0.3395041823387146,-0.0035035249311476946,0.9998089075088501,0.5487090349197388,0.5250685214996338,-0.01731863245368004,0.6888232827186584,0.49892860651016235,0.27933746576309204,-0.10147442668676376,0.6477067470550537,0.5311335921287537,0.6098291873931885,-0.08012538403272629,0.6390647292137146,0.4925559163093567,0.2350093424320221,-0.22328726947307587,0.7862551808357239,0.5137172341346741,0.5406275391578674,0.009814360179007053,0.9999629855155945,0.4739481508731842,0.5247436165809631,-0.009937153197824955,0.9999489188194275,0.5169352889060974,0.6295168995857239,-0.11210829019546509,0.8943166136741638,0.46850720047950745,0.6057312488555908,-0.16132687032222748,0.7326540350914001,0.52068030834198,0.7775593996047974,-0.07791703194379807,0.909142255783081,0.481322705745697,0.7406851649284363,-0.0747903436422348,0.603657066822052,0.5266872048377991,0.8221216797828674,-0.14658290147781372,0.908789873123169,0.48638778924942017,0.7775003910064697,-0.1228770762681961,0.6196065545082092
376,12.533333333333333,0.5850826501846313,0.3592383563518524,-0.08597065508365631,0.9998089075088501,0.5742995738983154,0.4459329843521118,0.003926095087081194,0.9998381733894348,0.5258827805519104,0.34257972240448,-0.003737160935997963,0.9998196959495544,0.5463407039642334,0.5279445648193359,-0.007846059277653694,0.7103325724601746,0.5045433640480042,0.2769758105278015,-0.06743957102298737,0.6757539510726929,0.5310162305831909,0.6109572649002075,-0.06998196989297867,0.6695010662078857,0.49559465050697327,0.2148016393184662,-0.13283789157867432,0.8026376366615295,0.5116680264472961,0.5407294631004333,0.01027218159288168,0.9999639391899109,0.47155970335006714,0.5248149037361145,-0.010380416177213192,0.9999504685401917,0.5173013210296631,0.6313958764076233,-0.05915187671780586,0.899496853351593,0.46843141317367554,0.6378805637359619,-0.12954457104206085,0.7530024647712708,0.5204766988754272,0.7776609063148499,-0.021187137812376022,0.9117252826690674,0.4732200503349304,0.7519255876541138,-0.030219852924346924,0.630784273147583,0.5277242064476013,0.8217141032218933,-0.08327765762805939,0.9131601452827454,0.472220242023468,0.789910614490509,-0.07528148591518402,0.6468405723571777
377,12.566666666666666,0.5861215591430664,0.38854485750198364,-0.12330438941717148,0.9998275637626648,0.5724069476127625,0.44913801550865173,-0.0006857632542960346,0.9998534321784973,0.5279456377029419,0.3478880226612091,-0.0650847777724266,0.999834418296814,0.5343999266624451,0.525529146194458,-0.0003340025432407856,0.7285534143447876,0.5119895935058594,0.2644018232822418,-0.09686512500047684,0.7077504992485046,0.5304127931594849,0.6017880439758301,-0.05887087062001228,0.7004356980323792,0.5065564513206482,0.17180101573467255,-0.13438211381435394,0.8221439123153687,0.5034951567649841,0.5400837659835815,0.023497190326452255,0.9999637007713318,0.4666680693626404,0.5245790481567383,-0.023569904267787933,0.9999507069587708,0.5197843313217163,0.6317163705825806,-0.004140450619161129,0.9087130427360535,0.4677642285823822,0.655105471611023,-0.0760255828499794,0.7772583365440369,0.5206428170204163,0.7777019739151001,0.03480670973658562,0.9199721813201904,0.460101455450058,0.7428805232048035,0.06698701530694962,0.6658403277397156,0.5306612849235535,0.8214430809020996,-0.029454991221427917,0.9214963912963867,0.4725915789604187,0.7874647974967957,0.03507756441831589,0.6806085705757141
378,12.6,0.5876604914665222,0.40612003207206726,-0.09547951072454453,0.9998435974121094,0.5635462999343872,0.45309144258499146,0.003853052854537964,0.9998676776885986,0.5285554528236389,0.3535132110118866,-0.07074111700057983,0.9998490214347839,0.5271191000938416,0.52305668592453,0.016662169247865677,0.7464483380317688,0.5173670053482056,0.26853060722351074,-0.11169059574604034,0.7366628646850586,0.5287395119667053,0.599480390548706,-0.0481327548623085,0.7289435267448425,0.5154945850372314,0.17061516642570496,-0.1482008546590805,0.8396762609481812,0.4976324439048767,0.5398501753807068,0.028043869882822037,0.9999654293060303,0.46014270186424255,0.5247289538383484,-0.028114741668105125,0.9999533295631409,0.5191336274147034,0.6408832669258118,0.015110054984688759,0.9161951541900635,0.4663970470428467,0.663127064704895,-0.08285845071077347,0.7990251183509827,0.5205557346343994,0.7777769565582275,0.057923823595047,0.9267223477363586,0.4425916075706482,0.7421150803565979,0.04305163398385048,0.6974717378616333,0.5323289036750793,0.8212766647338867,0.0018328104633837938,0.9286583065986633,0.45188993215560913,0.7833735346794128,0.004388537723571062,0.711004912853241
379,12.633333333333333,0.5849145650863647,0.4180058240890503,-0.08131297677755356,0.999858021736145,0.5578699111938477,0.45209434628486633,0.001335166860371828,0.9998807311058044,0.5287037491798401,0.35674887895584106,-0.0767175555229187,0.9998628497123718,0.5247476100921631,0.520870566368103,0.023439262062311172,0.7675574421882629,0.52092444896698,0.27186599373817444,-0.11918358504772186,0.7627556920051575,0.529423713684082,0.5968601107597351,-0.03019976057112217,0.75541752576828,0.520406186580658,0.18165147304534912,-0.16076472401618958,0.8554505705833435,0.49191513657569885,0.5367318391799927,0.030398238450288773,0.9999669790267944,0.45944279432296753,0.5219743847846985,-0.030461495742201805,0.9999554753303528,0.5180510878562927,0.6454281210899353,0.0281391479074955,0.9221433401107788,0.46614447236061096,0.6637656092643738,-0.08655592054128647,0.8186013102531433,0.5198655724525452,0.776671290397644,0.07766895741224289,0.9318011999130249,0.43234461545944214,0.7418330907821655,0.011790568940341473,0.7257819175720215,0.5333393812179565,0.821160614490509,0.027992095798254013,0.9347006678581238,0.4410119950771332,0.7815981507301331,-0.02642219141125679,0.7382770776748657
380,12.666666666666666,0.5831845998764038,0.4292650818824768,-0.02973104454576969,0.999864399433136,0.5506742596626282,0.4500332772731781,0.042251285165548325,0.9998921751976013,0.5296753644943237,0.3557233512401581,-0.047819845378398895,0.9998738169670105,0.5185640454292297,0.5185273289680481,0.04482967406511307,0.770447850227356,0.52643883228302,0.2718496024608612,-0.09818444401025772,0.7854520678520203,0.5298002362251282,0.5930067896842957,-0.03352450951933861,0.7761150598526001,0.5246762633323669,0.18342071771621704,-0.15555720031261444,0.8685939908027649,0.487631231546402,0.5232712030410767,0.03089268133044243,0.9999674558639526,0.4554677903652191,0.5105924606323242,-0.03096197172999382,0.9999562501907349,0.517803966999054,0.644932746887207,0.011617657728493214,0.9233489036560059,0.466052383184433,0.6596055626869202,-0.08871502429246902,0.8351910710334778,0.5182665586471558,0.7763434648513794,0.04686057195067406,0.9332808256149292,0.42915472388267517,0.7349528074264526,0.0031889821402728558,0.7482314705848694,0.5327339172363281,0.8207658529281616,-0.007077659480273724,0.938432514667511,0.43668264150619507,0.7812598943710327,-0.03477715700864792,0.7598136067390442
381,12.7,0.5822552442550659,0.42956510186195374,-0.024293866008520126,0.9998742341995239,0.5512716174125671,0.44941580295562744,0.04498302936553955,0.999902606010437,0.5304350852966309,0.3551484942436218,-0.04022885113954544,0.9998849034309387,0.5151905417442322,0.5179198980331421,0.049634553492069244,0.776528537273407,0.5277170538902283,0.2685372829437256,-0.09231026470661163,0.8060299158096313,0.5291593670845032,0.5915631651878357,-0.0228443406522274,0.795728325843811,0.5251507759094238,0.1820908635854721,-0.15340539813041687,0.8807735443115234,0.48687130212783813,0.5212492346763611,0.03204416483640671,0.9999666213989258,0.4556707441806793,0.5097436904907227,-0.03211728110909462,0.9999558925628662,0.518254280090332,0.6431275010108948,0.014044058509171009,0.9197757244110107,0.46618205308914185,0.6581597924232483,-0.09033455699682236,0.8493747115135193,0.5176855325698853,0.7764163613319397,0.04262161999940872,0.9283987283706665,0.428621381521225,0.7333542108535767,-0.01756761036813259,0.7660338878631592,0.5325087308883667,0.8194349408149719,-0.007206918206065893,0.9391078948974609,0.4365123212337494,0.7810181379318237,-0.05652715638279915,0.7773560881614685
382,12.733333333333333,0.5819605588912964,0.43223297595977783,-0.02222980372607708,0.9998819231987,0.5491620898246765,0.4478035271167755,0.04581751301884651,0.999911904335022,0.5302614569664001,0.3568810224533081,-0.04237639158964157,0.9998942017555237,0.513701319694519,0.5169055461883545,0.060180626809597015,0.7633253931999207,0.5291956663131714,0.2738216519355774,-0.07996797561645508,0.8220758438110352,0.5292481780052185,0.5905359387397766,0.0017668919172137976,0.807334840297699,0.5287038683891296,0.1957090198993683,-0.09057626128196716,0.8866233825683594,0.48811444640159607,0.5204601287841797,0.034064434468746185,0.9999662637710571,0.4551704525947571,0.5092423558235168,-0.03413725271821022,0.9999555349349976,0.5175854563713074,0.6412315964698792,0.012135644443333149,0.9051623344421387,0.46620211005210876,0.6543787121772766,-0.08882797509431839,0.8593959808349609,0.5168465375900269,0.7763451337814331,0.028264310210943222,0.9169408082962036,0.42811718583106995,0.7318171262741089,-0.019190464168787003,0.7780452966690063,0.5331841707229614,0.8182903528213501,-0.025109311565756798,0.9365450739860535,0.43337568640708923,0.7837363481521606,-0.05698366090655327,0.7893489599227905
383,12.766666666666667,0.5816282033920288,0.43293920159339905,-0.03542430326342583,0.9997902512550354,0.5491620302200317,0.43352991342544556,0.03383161872625351,0.9999197125434875,0.5295996069908142,0.3674779534339905,-0.08972211182117462,0.9998997449874878,0.5148615837097168,0.5102510452270508,0.058435071259737015,0.7302321195602417,0.5239526033401489,0.44657495617866516,-0.09799026697874069,0.8302448391914368,0.5285100340843201,0.583095908164978,0.00167216663248837,0.7868064641952515,0.5521040558815002,0.49656686186790466,-0.07440291345119476,0.8679007887840271,0.4888158440589905,0.5108590722084045,0.03719125688076019,0.9999679923057556,0.4541997015476227,0.49976760149002075,-0.03730165213346481,0.9999570846557617,0.5090233087539673,0.6382112503051758,0.008680492639541626,0.8991209268569946,0.4662092328071594,0.6423385143280029,-0.05542399734258652,0.8703190684318542,0.5161958932876587,0.7742438316345215,0.04487437382340431,0.9128571152687073,0.42387065291404724,0.73097825050354,0.022697191685438156,0.7944483160972595,0.532717764377594,0.8182704448699951,0.007936730049550533,0.9362982511520386,0.42603856325149536,0.7907819747924805,0.002554627601057291,0.8043054342269897
384,12.8,0.5814542174339294,0.43358471989631653,-0.0390290841460228,0.999719500541687,0.5499820709228516,0.42297160625457764,0.021611327305436134,0.9999265074729919,0.5292016267776489,0.38100293278694153,-0.10548822581768036,0.999901294708252,0.516322135925293,0.5028069615364075,0.0455317348241806,0.6994035840034485,0.5258972644805908,0.483393132686615,-0.10769374668598175,0.8331298232078552,0.5283504724502563,0.575989842414856,-0.005713482387363911,0.7614683508872986,0.5659825205802917,0.5110057592391968,-0.06957972049713135,0.8424516916275024,0.48661041259765625,0.5039092302322388,0.03699103742837906,0.9999701380729675,0.4534040093421936,0.49427440762519836,-0.03710535168647766,0.9999593496322632,0.5026405453681946,0.6383141279220581,0.010267050005495548,0.8965111374855042,0.46614885330200195,0.6371045112609863,-0.052614592015743256,0.8811286687850952,0.5143523216247559,0.7731614112854004,0.05740736797451973,0.9122540950775146,0.42136019468307495,0.730924129486084,0.01999305561184883,0.8119159936904907,0.53249591588974,0.8182530999183655,0.025318410247564316,0.9377479553222656,0.4218578338623047,0.7962105870246887,-0.0035978779196739197,0.8203772902488708
385,12.833333333333334,0.5780154466629028,0.43309786915779114,-0.021036576479673386,0.9997093677520752,0.5463066101074219,0.40924912691116333,0.04711627587676048,0.9999327063560486,0.5317844748497009,0.39234068989753723,-0.09451846778392792,0.999907374382019,0.5172349214553833,0.493613064289093,0.06539081782102585,0.6413848400115967,0.5333185791969299,0.496975839138031,-0.1107894778251648,0.8334209322929382,0.5285332798957825,0.5681731104850769,0.006096411030739546,0.7061993479728699,0.5659205913543701,0.5157697200775146,-0.0769936591386795,0.812393844127655,0.48305949568748474,0.4964268207550049,0.041779521852731705,0.9999714493751526,0.45359793305397034,0.48990994691848755,-0.04189208894968033,0.9999611973762512,0.49602699279785156,0.635702908039093,0.03294132277369499,0.8517000675201416,0.46422919631004333,0.631244421005249,-0.05376081541180611,0.8886302709579468,0.5121968984603882,0.7719612121582031,0.0647350549697876,0.883648693561554,0.41662660241127014,0.7359126806259155,-0.017111407592892647,0.8254942297935486,0.5314446687698364,0.8150279521942139,0.03578286990523338,0.9259668588638306,0.41804346442222595,0.7972182631492615,-0.04694404453039169,0.8324021100997925
386,12.866666666666667,0.575334906578064,0.4309542775154114,-0.015519593842327595,0.9997164607048035,0.5454421639442444,0.39019784331321716,0.0525459423661232,0.9999380111694336,0.5323182940483093,0.3947732746601105,-0.10148610919713974,0.99991375207901,0.5160606503486633,0.47839924693107605,0.06650634855031967,0.5838440656661987,0.5304704904556274,0.5029410719871521,-0.11515522003173828,0.8392208218574524,0.5276117920875549,0.5570653676986694,0.001358194276690483,0.646230161190033,0.5680956840515137,0.5178223252296448,-0.07255654036998749,0.8060998916625977,0.47816771268844604,0.48887163400650024,0.04526069015264511,0.9999708533287048,0.4538688063621521,0.48781394958496094,-0.045375756919384,0.9999611377716064,0.4932160973548889,0.625321626663208,0.032149218022823334,0.8009185194969177,0.4634206295013428,0.6269888281822205,-0.057903021574020386,0.8940305113792419,0.5105452537536621,0.7693096399307251,0.04878515750169754,0.8426270484924316,0.41363629698753357,0.7433837652206421,-0.041138894855976105,0.8345744013786316,0.5309813618659973,0.8125496506690979,0.015965981408953667,0.9046817421913147,0.4193955957889557,0.7952018976211548,-0.06898991018533707,0.839676022529602
387,12.9,0.5748677253723145,0.4307912588119507,-0.008174826391041279,0.9997289180755615,0.5440078973770142,0.39528214931488037,0.05918275564908981,0.99994295835495,0.532208263874054,0.39967870712280273,-0.09644323587417603,0.9999200701713562,0.5130209922790527,0.4734898805618286,0.06375932693481445,0.531168520450592,0.5300398468971252,0.5034664273262024,-0.10836052894592285,0.842092752456665,0.5215145945549011,0.5513108372688293,-0.008951340802013874,0.5902829766273499,0.564144492149353,0.518130898475647,-0.056682098656892776,0.7906205058097839,0.4788954257965088,0.489236444234848,0.04637616127729416,0.9999710917472839,0.45382919907569885,0.4847477376461029,-0.04648975282907486,0.9999620318412781,0.49125057458877563,0.6272891163825989,0.028167828917503357,0.7576472163200378,0.4624880254268646,0.6268818974494934,-0.06177889183163643,0.8990791440010071,0.5096423625946045,0.7695398926734924,0.04338735342025757,0.8043774366378784,0.4121024012565613,0.7525537014007568,-0.062455493956804276,0.8437512516975403,0.5308955311775208,0.8111672401428223,0.008015813305974007,0.8845738172531128,0.4220128655433655,0.7944641709327698,-0.09911353141069412,0.8473163843154907
388,12.933333333333334,0.5742236971855164,0.42772313952445984,-0.043233271688222885,0.9997332096099854,0.5454796552658081,0.3781752288341522,0.03025876358151436,0.9999448657035828,0.5319035053253174,0.3996160626411438,-0.1358710378408432,0.9999269843101501,0.5096486806869507,0.4694281220436096,0.05570564419031143,0.48628267645835876,0.5269060134887695,0.508931040763855,-0.1490309238433838,0.8575177192687988,0.5035328269004822,0.5439593195915222,0.011990392580628395,0.5392889976501465,0.5467824339866638,0.581847071647644,-0.12341256439685822,0.8113255500793457,0.4746493399143219,0.4814653694629669,0.048590533435344696,0.9999722242355347,0.45309871435165405,0.4814842939376831,-0.0486658476293087,0.9999644756317139,0.46512478590011597,0.6261652112007141,0.04619152843952179,0.7582146525382996,0.489985853433609,0.5935343503952026,-0.06353829801082611,0.9075030088424683,0.4128071367740631,0.7622323632240295,0.042797885835170746,0.8075336217880249,0.5030735731124878,0.7625083923339844,-0.0464048832654953,0.8576875925064087,0.42880457639694214,0.811278760433197,0.003061758354306221,0.8836085796356201,0.5222870111465454,0.7988953590393066,-0.07555817067623138,0.86042320728302
389,12.966666666666667,0.5744872689247131,0.42650893330574036,-0.04843956232070923,0.999708354473114,0.5448980331420898,0.36691203713417053,0.018401246517896652,0.9999449253082275,0.531615138053894,0.4100794792175293,-0.12835057079792023,0.9999334812164307,0.495036780834198,0.4299628734588623,0.05548284575343132,0.44005271792411804,0.523980438709259,0.5205257534980774,-0.14760489761829376,0.8709313273429871,0.47290048003196716,0.5251136422157288,0.015554969199001789,0.48733553290367126,0.5363329648971558,0.6255470514297485,-0.1274276077747345,0.82928466796875,0.4722019135951996,0.4739348888397217,0.04500264301896095,0.9999719262123108,0.45340004563331604,0.482809841632843,-0.04508906975388527,0.9999666810035706,0.4654395580291748,0.6231129765510559,0.04026898741722107,0.7466920614242554,0.48188990354537964,0.6079058051109314,-0.06424237042665482,0.9147664308547974,0.41713762283325195,0.7514045834541321,0.04134965315461159,0.8013067245483398,0.4753342568874359,0.7609784603118896,-0.04649484157562256,0.8694519400596619,0.4578448235988617,0.8010340929031372,0.0035881150979548693,0.8767239451408386,0.47932490706443787,0.80155348777771,-0.07171479612588882,0.8705576658248901
390,13.0,0.5777868628501892,0.4260789752006531,-0.07726223766803741,0.9996027946472168,0.5425420999526978,0.3670281767845154,-0.01036835927516222,0.9999407529830933,0.5301201343536377,0.42930713295936584,-0.14047595858573914,0.9999382495880127,0.4911758303642273,0.41845250129699707,0.03623070567846298,0.3967992961406708,0.5206114053726196,0.5483701825141907,-0.15637269616127014,0.8795286417007446,0.46929532289505005,0.5073836445808411,0.024850115180015564,0.43915024399757385,0.5293416976928711,0.6547825932502747,-0.13456155359745026,0.8405016660690308,0.4733738899230957,0.4712263345718384,0.042368944734334946,0.9999712705612183,0.4489365518093109,0.4825717806816101,-0.0424535796046257,0.9999687075614929,0.47483664751052856,0.6185598373413086,0.03435023874044418,0.7103725671768188,0.46941033005714417,0.6134023666381836,-0.07266528159379959,0.9145312905311584,0.4746154844760895,0.7553495764732361,0.026042383164167404,0.7850504517555237,0.44973224401474,0.7586780190467834,-0.04396028444170952,0.8759351968765259,0.479806125164032,0.7913603186607361,-0.009740354493260384,0.8630374073982239,0.4775879979133606,0.8004768490791321,-0.07044383883476257,0.8738542199134827
391,13.033333333333333,0.5815701484680176,0.4254821836948395,-0.07495765388011932,0.9995883703231812,0.5430455803871155,0.3581236004829407,-0.02956969663500786,0.9999439120292664,0.5262014269828796,0.45248982310295105,-0.14162853360176086,0.9999426603317261,0.4897362291812897,0.4026497006416321,0.021989209577441216,0.35789456963539124,0.5159497261047363,0.5627828240394592,-0.15282270312309265,0.8705922961235046,0.4678497314453125,0.49787864089012146,0.021427534520626068,0.3961663842201233,0.5254666209220886,0.6603482365608215,-0.12641647458076477,0.8253915309906006,0.4755799174308777,0.4636513292789459,0.03909683972597122,0.999972939491272,0.44732069969177246,0.4829180836677551,-0.03919806331396103,0.999971330165863,0.5046740770339966,0.5966894626617432,0.02908243238925934,0.6874242424964905,0.4590858817100525,0.6141549944877625,-0.04571085795760155,0.9147970676422119,0.507648229598999,0.7440292239189148,0.04659736901521683,0.7726637125015259,0.43595248460769653,0.7481803297996521,-0.0011649669613689184,0.8818396925926208,0.5267260670661926,0.7741097211837769,0.029562607407569885,0.8512246608734131,0.46401429176330566,0.7903880476951599,-0.01877083256840706,0.8747966289520264
392,13.066666666666666,0.5834928750991821,0.4307422339916229,-0.08765968680381775,0.9993188977241516,0.5435317754745483,0.3580693006515503,-0.052360136061906815,0.9999445080757141,0.5210930109024048,0.4625996947288513,-0.14757513999938965,0.9999418258666992,0.5029945969581604,0.40654104948043823,0.02691834233701229,0.32271280884742737,0.5102399587631226,0.569618821144104,-0.15635839104652405,0.8295814394950867,0.5050459504127502,0.4832395017147064,0.08354058116674423,0.3569633960723877,0.5224317312240601,0.6662549376487732,-0.1226675733923912,0.7674317359924316,0.4765784740447998,0.4639233350753784,0.03342658653855324,0.9999739527702332,0.4451255202293396,0.4807153344154358,-0.03351942449808121,0.9999731779098511,0.5046120882034302,0.5945481061935425,0.027036422863602638,0.6451884508132935,0.4549306333065033,0.6092166900634766,-0.07146445661783218,0.9050065875053406,0.5089981555938721,0.7417846918106079,0.06459994614124298,0.7408089637756348,0.41978877782821655,0.7425776124000549,-0.02712809108197689,0.879513144493103,0.5279895067214966,0.7729580402374268,0.05658097192645073,0.8189194798469543,0.4344956874847412,0.7902844548225403,-0.02269076183438301,0.8652703762054443
393,13.1,0.5835913419723511,0.4340892434120178,-0.07582873106002808,0.9991369247436523,0.5433459877967834,0.35858213901519775,-0.044899921864271164,0.9999446272850037,0.5206362009048462,0.46331366896629333,-0.13632799685001373,0.9999369382858276,0.5036258101463318,0.4059050679206848,0.021762466058135033,0.2910465598106384,0.5112868547439575,0.5560460686683655,-0.13239119946956635,0.7941870093345642,0.503434956073761,0.49042370915412903,0.054042041301727295,0.3215976655483246,0.5347636342048645,0.6110402941703796,-0.05477183312177658,0.7093678116798401,0.4772213101387024,0.46247151494026184,0.031581878662109375,0.99997478723526,0.4444292485713959,0.4800278842449188,-0.03167618066072464,0.9999746084213257,0.5020463466644287,0.5971192121505737,0.02647346630692482,0.6220078468322754,0.45093265175819397,0.61045902967453,-0.07085748761892319,0.9056962728500366,0.5084916353225708,0.7436203956604004,0.06145063042640686,0.7276920676231384,0.41665253043174744,0.7397817969322205,-0.02415536902844906,0.8835014700889587,0.5270765423774719,0.7737834453582764,0.05045582726597786,0.8035615086555481,0.4327153265476227,0.7910709977149963,-0.030489305034279823,0.8635084629058838
394,13.133333333333333,0.5847413539886475,0.432878315448761,-0.006625345908105373,0.9991830587387085,0.5431137681007385,0.3539905250072479,-0.01789241097867489,0.9999456405639648,0.5213377475738525,0.47400733828544617,-0.09500227868556976,0.9999178051948547,0.5181751847267151,0.37638983130455017,0.06957092881202698,0.26780521869659424,0.5116929411888123,0.5383650064468384,-0.0773714929819107,0.7664877772331238,0.543846845626831,0.4348735809326172,0.11836733669042587,0.29255765676498413,0.5555611848831177,0.5227957367897034,0.0044020069763064384,0.6744729280471802,0.46636253595352173,0.461417555809021,0.029730215668678284,0.999973475933075,0.4454016089439392,0.48181310296058655,-0.029838863760232925,0.9999707341194153,0.4606553614139557,0.6014144420623779,0.03769739717245102,0.61729496717453,0.48223876953125,0.6106569766998291,-0.05162225291132927,0.9065867066383362,0.41841739416122437,0.7429006695747375,0.049335069954395294,0.7192081809043884,0.4971868395805359,0.7525498270988464,-0.037653710693120956,0.8888998031616211,0.4365261495113373,0.7684921026229858,0.040947116911411285,0.7782492637634277,0.5197418332099915,0.7913320660591125,-0.04189953953027725,0.8658616542816162
395,13.166666666666666,0.5857621431350708,0.4319608807563782,-0.026018112897872925,0.9990992546081543,0.543368935585022,0.34729501605033875,-0.01812540367245674,0.9999454617500305,0.5203288793563843,0.47714340686798096,-0.1003330796957016,0.9998980760574341,0.5366578698158264,0.34195104241371155,0.06495405733585358,0.24958302080631256,0.5126789808273315,0.5412932634353638,-0.08590120077133179,0.7111515998840332,0.5748006701469421,0.4051501452922821,0.11906852573156357,0.27071037888526917,0.5618976354598999,0.5127412676811218,-0.004483083728700876,0.6124197244644165,0.46934133768081665,0.4602106809616089,0.031728312373161316,0.9999752640724182,0.4414454996585846,0.482671856880188,-0.031822871416807175,0.9999725818634033,0.4642956852912903,0.6043641567230225,0.023369330912828445,0.6114935278892517,0.4537692070007324,0.6122626662254333,-0.11844445765018463,0.9130704998970032,0.4855315685272217,0.7510733604431152,0.049077630043029785,0.7233775854110718,0.42697301506996155,0.765507698059082,-0.10027933120727539,0.8960108160972595,0.5144323110580444,0.7802810072898865,0.031801264733076096,0.7722693085670471,0.43991631269454956,0.7946679592132568,-0.1251186579465866,0.869828999042511
396,13.2,0.5852181911468506,0.43080487847328186,-0.03005359135568142,0.9987888336181641,0.5438984632492065,0.34584248065948486,-0.03483044356107712,0.9999448657035828,0.5192800760269165,0.472814679145813,-0.10299085080623627,0.9998891949653625,0.5444876551628113,0.3292730450630188,0.05727623775601387,0.24158267676830292,0.5124400854110718,0.5317847728729248,-0.08301964402198792,0.6691501140594482,0.5724675059318542,0.39182865619659424,0.10560300201177597,0.2748141586780548,0.5588500499725342,0.517839789390564,-0.01069437712430954,0.5848653316497803,0.47018274664878845,0.4595000445842743,0.03108486905694008,0.9999762177467346,0.4394049644470215,0.4832419157028198,-0.03117402456700802,0.9999738335609436,0.47574129700660706,0.6058183908462524,0.02976968325674534,0.5898502469062805,0.4472031593322754,0.6124169230461121,-0.10167083889245987,0.913441002368927,0.49794426560401917,0.7514194250106812,0.061618685722351074,0.7200602889060974,0.42035359144210815,0.7641288638114929,-0.07144303619861603,0.8986788392066956,0.5224416255950928,0.7800450921058655,0.03530444577336311,0.7576468586921692,0.42141085863113403,0.7967745661735535,-0.10156716406345367,0.8626224994659424
397,13.233333333333333,0.5852547883987427,0.4311487376689911,0.11746358871459961,0.9983463287353516,0.5456551313400269,0.34884846210479736,0.049871958792209625,0.9999490976333618,0.5280412435531616,0.4670064151287079,-0.015255583450198174,0.9998931288719177,0.5356855988502502,0.31433746218681335,0.13202856481075287,0.26143473386764526,0.512910008430481,0.5183236598968506,-0.09338529407978058,0.6261593103408813,0.5539891719818115,0.2915129065513611,0.21560926735401154,0.3046930432319641,0.5605415105819702,0.5179439783096313,-0.15744969248771667,0.5410656929016113,0.4460620880126953,0.4546387195587158,0.03129460662603378,0.9999768137931824,0.4381594657897949,0.4836321175098419,-0.03138257935643196,0.9999743700027466,0.4794773459434509,0.6067326068878174,0.022923987358808517,0.5781222581863403,0.4455697536468506,0.6129335165023804,-0.09222321212291718,0.9199118614196777,0.4973112940788269,0.7540692090988159,0.04603857547044754,0.6996923685073853,0.4183930456638336,0.7662951350212097,-0.08579497784376144,0.9053354859352112,0.5243551731109619,0.7939294576644897,0.013719034381210804,0.7306587100028992,0.422538697719574,0.8094276189804077,-0.1209721788764,0.8685690760612488
398,13.266666666666667,0.5851752161979675,0.43518519401550293,0.12855200469493866,0.9980942606925964,0.5481945872306824,0.34935808181762695,0.06523089110851288,0.9999527335166931,0.528704822063446,0.4684480130672455,0.0013592640170827508,0.9998981356620789,0.534773051738739,0.30520927906036377,0.14832277595996857,0.29201948642730713,0.5108890533447266,0.5069106817245483,-0.025742340832948685,0.5945663452148438,0.5502244234085083,0.27056384086608887,0.23352639377117157,0.33185023069381714,0.5605549216270447,0.5105723738670349,-0.002839452587068081,0.5161571502685547,0.4527008533477783,0.4579453766345978,0.031082946807146072,0.9999769926071167,0.43598175048828125,0.4839196503162384,-0.031201492995023727,0.9999745488166809,0.47969961166381836,0.6068428754806519,-0.0018636612221598625,0.5547178387641907,0.44720879197120667,0.6129814386367798,-0.07852485775947571,0.9236873388290405,0.4981974959373474,0.7546694278717041,0.001916171400807798,0.6654841303825378,0.42082419991493225,0.7691596150398254,-0.06856946647167206,0.9073308110237122,0.524598240852356,0.7959693074226379,-0.033397503197193146,0.6924070119857788,0.4244082570075989,0.8105229735374451,-0.09812799096107483,0.8658671379089355
399,13.3,0.5826677083969116,0.43446192145347595,0.14136256277561188,0.9978480339050293,0.5495203137397766,0.3484947085380554,0.061718493700027466,0.9999567270278931,0.5290479063987732,0.4691159129142761,0.010727383196353912,0.9999034404754639,0.5311623811721802,0.3064000904560089,0.1400039792060852,0.3274495005607605,0.5051249861717224,0.5034329891204834,-0.0408167727291584,0.5493849515914917,0.5504992604255676,0.2681284248828888,0.22621610760688782,0.36775973439216614,0.526615560054779,0.5152006149291992,-0.03800958767533302,0.4742867052555084,0.4511800706386566,0.4597938060760498,0.0301744993776083,0.9999774098396301,0.43498045206069946,0.4841150939464569,-0.03033522143959999,0.99997478723526,0.476828396320343,0.607184886932373,-0.001140972482971847,0.5227372646331787,0.44906607270240784,0.6141690015792847,-0.0631314292550087,0.9256719946861267,0.4971528649330139,0.7557376623153687,0.006704376079142094,0.6220895648002625,0.42169255018234253,0.7683247327804565,-0.04758494719862938,0.9064133763313293,0.5238023996353149,0.7992923259735107,-0.02516326680779457,0.6457440257072449,0.4260576665401459,0.8114951848983765,-0.07125680148601532,0.8589455485343933
410,13.666666666666666,0.49428969621658325,0.20147553086280823,0.022125566378235817,0.9967520236968994,0.4679524898529053,0.24922065436840057,0.00925325695425272,0.9998665452003479,0.506786584854126,0.2586704194545746,-0.038596462458372116,0.9996523857116699,0.47014719247817993,0.2920933663845062,0.01563388854265213,0.2964889109134674,0.5096694231033325,0.3142244815826416,-0.0729253813624382,0.49913161993026733,0.4776539206504822,0.3066754639148712,0.010573429986834526,0.3340967893600464,0.49743199348449707,0.3059467673301697,-0.0948396548628807,0.43902936577796936,0.4612676501274109,0.4269953966140747,0.022182241082191467,0.9999671578407288,0.4918593466281891,0.43097206950187683,-0.02231418527662754,0.9999648928642273,0.46241170167922974,0.5121661424636841,0.06176527589559555,0.5017922520637512,0.5131253600120544,0.5022385716438293,-0.031055081635713577,0.9132341742515564,0.4576035439968109,0.5364400744438171,0.02024911716580391,0.6357091665267944,0.5379922389984131,0.5227166414260864,-0.12916016578674316,0.909523606300354,0.4444558024406433,0.5435828566551208,-0.007321413606405258,0.6516408920288086,0.5455445647239685,0.5273833870887756,-0.16797135770320892,0.862123429775238
411,13.7,0.4943450391292572,0.20148037374019623,0.025982841849327087,0.995798647403717,0.4679247736930847,0.24921999871730804,-0.00044665258610621095,0.9998197555541992,0.5102766156196594,0.25905105471611023,-0.03489721938967705,0.9994460940361023,0.4702204167842865,0.28741714358329773,0.006234272383153439,0.27011531591415405,0.5114755034446716,0.3151506781578064,-0.0514303520321846,0.45519623160362244,0.47444090247154236,0.30912914872169495,0.0034571487922221422,0.3059256076812744,0.49738162755966187,0.3076079487800598,-0.05419347807765007,0.4056684076786041,0.4612690806388855,0.41892942786216736,0.01770436018705368,0.999965250492096,0.4923303723335266,0.4214613735675812,-0.01787043921649456,0.9999624490737915,0.46242213249206543,0.512858510017395,0.07876028120517731,0.5063021779060364,0.5133651494979858,0.4958897829055786,0.02129105105996132,0.9043416380882263,0.44879189133644104,0.5317592620849609,0.0758897215127945,0.6603342890739441,0.538684070110321,0.5217675566673279,-0.0055644153617322445,0.9117839336395264,0.4317220151424408,0.5346537232398987,0.06011868640780449,0.6674196720123291,0.5501087307929993,0.5275248289108276,-0.01793425902724266,0.8619552850723267
443,14.766666666666667,0.5700238943099976,0.6473345756530762,-0.2970215380191803,0.9954429268836975,0.5712827444076538,0.6462419033050537,-0.1647827923297882,0.9997357130050659,0.5634993314743042,0.7058706283569336,-0.23475055396556854,0.9993606805801392,0.5948709845542908,0.668265700340271,-0.15794439613819122,0.259712278842926,0.6028152704238892,0.7417604923248291,-0.244740292429924,0.465109258890152,0.6056025624275208,0.6752487421035767,-0.20123688876628876,0.28040432929992676,0.6305437088012695,0.7608340978622437,-0.2637670934200287,0.4014979898929596,0.5909879207611084,0.7310614585876465,0.029298167675733566,0.9991967678070068,0.5891207456588745,0.778246283531189,-0.029324058443307877,0.9994305968284607,0.6153702735900879,0.6560348868370056,-0.030658211559057236,0.474196195602417,0.6175463199615479,0.751284122467041,-0.18772344291210175,0.8687905073165894,0.6541973948478699,0.6715924739837646,0.048928406089544296,0.6242589354515076,0.6540453433990479,0.7541753053665161,-0.0739220455288887,0.8545570373535156,0.6671384572982788,0.645161509513855,0.007062266115099192,0.630135178565979,0.6668049097061157,0.7380678653717041,-0.11832349002361298,0.8007467985153198
444,14.8,0.5703974962234497,0.6477576494216919,-0.11585769802331924,0.995033323764801,0.5891507863998413,0.6463503241539001,-0.05198671296238899,0.999710202217102,0.565111517906189,0.696700394153595,-0.0540262833237648,0.9992261528968811,0.6167817115783691,0.6682536005973816,-0.06055127829313278,0.2793182134628296,0.5992063283920288,0.7313745021820068,-0.07634823769330978,0.4395788908004761,0.6267974972724915,0.679537832736969,-0.10273238271474838,0.2822348475456238,0.6267567873001099,0.7480537295341492,-0.1318911612033844,0.385101318359375,0.6097376942634583,0.7400624752044678,0.003614430781453848,0.9987372756004333,0.5934565663337708,0.7725117206573486,-0.0037334903609007597,0.9988977313041687,0.6299703121185303,0.7394812107086182,-0.11243361234664917,0.4836215078830719,0.5960538983345032,0.768673300743103,-0.1277095377445221,0.8243148922920227,0.6459146738052368,0.7684593796730042,-0.0333377942442894,0.5891996622085571,0.6398454904556274,0.7743710279464722,-0.0611332468688488,0.7894976735115051,0.6462119221687317,0.7764953374862671,-0.06158177927136421,0.5946009755134583,0.6557583808898926,0.7731666564941406,-0.08990044891834259,0.7415750622749329
445,14.833333333333334,0.5756081342697144,0.6555739045143127,-0.13828860223293304,0.9955000877380371,0.5773062705993652,0.6773185133934021,-0.07354600727558136,0.9997257590293884,0.5692333579063416,0.6973154544830322,-0.11411525309085846,0.9992746114730835,0.6152110695838928,0.7021175026893616,-0.06615385413169861,0.3205747902393341,0.6015230417251587,0.7383975386619568,-0.12477351725101471,0.4848525822162628,0.6193447113037109,0.7430203557014465,-0.1029823049902916,0.295488178730011,0.6287544965744019,0.7634868025779724,-0.14456026256084442,0.43756353855133057,0.6027892231941223,0.7724425196647644,0.007223617285490036,0.9985876083374023,0.5931379795074463,0.7821290493011475,-0.007348482497036457,0.998769223690033,0.5936550498008728,0.8401601314544678,0.0016562973614782095,0.4762597978115082,0.6035569310188293,0.8381699323654175,-0.008097689598798752,0.7786662578582764,0.6167792081832886,0.8888297080993652,0.07330718636512756,0.5390712022781372,0.6298593282699585,0.8931311964988708,0.06236771494150162,0.7251460552215576,0.6185442805290222,0.9021759629249573,0.07109064608812332,0.543200671672821,0.6348801851272583,0.9039186239242554,0.054186783730983734,0.6759017109870911
446,14.866666666666667,0.576786994934082,0.6632833480834961,-0.12216480821371078,0.9959087371826172,0.5769129991531372,0.6904065012931824,-0.08932112902402878,0.9997081756591797,0.5716517567634583,0.7092476487159729,-0.10630343109369278,0.9993159770965576,0.6001331210136414,0.7099549770355225,-0.08463387191295624,0.32759976387023926,0.605113685131073,0.7437899112701416,-0.10769997537136078,0.5023115277290344,0.6073170900344849,0.7244437336921692,-0.10815159976482391,0.2761897146701813,0.6288423538208008,0.7685996294021606,-0.1272064745426178,0.47004520893096924,0.6003859639167786,0.7828176617622375,0.0028067859821021557,0.9984744191169739,0.5952135920524597,0.7919747829437256,-0.0029084146954119205,0.9987344145774841,0.5960493087768555,0.8401373028755188,0.06879422068595886,0.4326764941215515,0.6062636971473694,0.8346980810165405,0.05648670345544815,0.7044561505317688,0.6156071424484253,0.8721762895584106,0.16441494226455688,0.48582273721694946,0.629535973072052,0.8609848618507385,0.15756306052207947,0.653293788433075,0.6175757646560669,0.876560628414154,0.17613178491592407,0.48960739374160767,0.637001633644104,0.8616498112678528,0.16805492341518402,0.6087917685508728
