frame,timestamp,nose_x,nose_y,nose_z,nose_visibility,left_shoulder_x,left_shoulder_y,left_shoulder_z,left_shoulder_visibility,right_shoulder_x,right_shoulder_y,right_shoulder_z,right_shoulder_visibility,left_elbow_x,left_elbow_y,left_elbow_z,left_elbow_visibility,right_elbow_x,right_elbow_y,right_elbow_z,right_elbow_visibility,left_wrist_x,left_wrist_y,left_wrist_z,left_wrist_visibility,right_wrist_x,right_wrist_y,right_wrist_z,right_wrist_visibility,left_hip_x,left_hip_y,left_hip_z,left_hip_visibility,right_hip_x,right_hip_y,right_hip_z,right_hip_visibility,left_knee_x,left_knee_y,left_knee_z,left_knee_visibility,right_knee_x,right_knee_y,right_knee_z,right_knee_visibility,left_ankle_x,left_ankle_y,left_ankle_z,left_ankle_visibility,right_ankle_x,right_ankle_y,right_ankle_z,right_ankle_visibility,left_foot_x,left_foot_y,left_foot_z,left_foot_visibility,right_foot_x,right_foot_y,right_foot_z,right_foot_visibility
12,0.4,0.6805532574653625,0.17883944511413574,-0.3629983365535736,0.9999277591705322,0.7161793112754822,0.19487246870994568,-0.19613255560398102,0.9999884963035583,0.6576573848724365,0.2093552201986313,-0.1903408020734787,0.9999838471412659,0.7600422501564026,0.20626641809940338,-0.13315698504447937,0.9320903420448303,0.6273449659347534,0.2706769108772278,-0.21415111422538757,0.980050802230835,0.7446963787078857,0.2763402462005615,-0.13508982956409454,0.9389699697494507,0.6568704843521118,0.28831395506858826,-0.2950117886066437,0.9630035161972046,0.7106234431266785,0.3008841872215271,-0.00926180835813284,0.9999199509620667,0.6816892623901367,0.30998191237449646,0.009165363386273384,0.999890923500061,0.7000178694725037,0.3694134056568146,-0.19821490347385406,0.9333120584487915,0.6933531761169434,0.4011816382408142,0.010110205970704556,0.9357398152351379,0.7124174237251282,0.47397083044052124,-0.07866362482309341,0.9582757949829102,0.702962338924408,0.4915024936199188,0.15618903934955597,0.7011480331420898,0.7083817720413208,0.5136370062828064,-0.1503419727087021,0.9651114344596863,0.7014430165290833,0.5208957195281982,0.09594448655843735,0.7799100279808044
13,0.43333333333333335,0.6803984045982361,0.17892135679721832,-0.3931782841682434,0.99993497133255,0.7164581418037415,0.19477087259292603,-0.22087566554546356,0.9999896287918091,0.6575356125831604,0.21020612120628357,-0.21936634182929993,0.9999854564666748,0.7599603533744812,0.2063605785369873,-0.1334332674741745,0.9388685822486877,0.625148355960846,0.2729826271533966,-0.27306675910949707,0.9820078611373901,0.7446954846382141,0.27633678913116455,-0.10005048662424088,0.9450587034225464,0.6587966084480286,0.28581559658050537,-0.368582159280777,0.9662455916404724,0.7106550931930542,0.2997458577156067,-0.009342010132968426,0.9999277591705322,0.6813424825668335,0.3081483542919159,0.009238103404641151,0.9999009370803833,0.7011707425117493,0.36962586641311646,-0.23046788573265076,0.9399686455726624,0.6914579272270203,0.402173787355423,0.0740836039185524,0.941403865814209,0.7110239267349243,0.48187679052352905,-0.11009907722473145,0.9624318480491638,0.6952389478683472,0.47454795241355896,0.266385018825531,0.6763207912445068,0.70914626121521,0.52174973487854,-0.18803587555885315,0.9685640931129456,0.6931389570236206,0.5097495317459106,0.21941539645195007,0.7703550457954407
14,0.4666666666666667,0.675989031791687,0.18072062730789185,-0.3886581361293793,0.999941349029541,0.7162797451019287,0.19485105574131012,-0.23108330368995667,0.9999906420707703,0.656633198261261,0.2094259113073349,-0.22225923836231232,0.9999860525131226,0.759334146976471,0.21119023859500885,-0.15867483615875244,0.9421869516372681,0.6268973350524902,0.2585625946521759,-0.25936955213546753,0.972903847694397,0.7473545074462891,0.281639039516449,-0.14381863176822662,0.9273004531860352,0.6506022810935974,0.28999972343444824,-0.3624644875526428,0.9041962027549744,0.7102871537208557,0.3034692406654358,-0.010022176429629326,0.9999297857284546,0.6804265379905701,0.3087025582790375,0.009906616061925888,0.9998968243598938,0.7011855840682983,0.39118555188179016,-0.11816614866256714,0.898038387298584,0.6826067566871643,0.4017339050769806,0.06660190969705582,0.8522895574569702,0.7062678933143616,0.4929371774196625,-0.01967686228454113,0.9314168691635132,0.6899464130401611,0.4722291827201843,0.256144255399704,0.6159087419509888,0.6984479427337646,0.5259745121002197,-0.10129527002573013,0.9493395686149597,0.6878851056098938,0.5064861178398132,0.209286168217659,0.705866277217865
15,0.5,0.6745471358299255,0.18175384402275085,-0.39335668087005615,0.9999471306800842,0.7162142992019653,0.19487038254737854,-0.23485541343688965,0.9999915361404419,0.6560882329940796,0.20894980430603027,-0.22746118903160095,0.9999866485595703,0.7590223550796509,0.21239149570465088,-0.16017219424247742,0.9456523656845093,0.6280020475387573,0.2605725824832916,-0.26266220211982727,0.9671457409858704,0.7480315566062927,0.28293266892433167,-0.1446014940738678,0.9150283932685852,0.6511899828910828,0.2924407124519348,-0.36098092794418335,0.8443484306335449,0.7102893590927124,0.3044879138469696,-0.010405411943793297,0.9999325275421143,0.6803165078163147,0.30885225534439087,0.010281117632985115,0.9998943209648132,0.7015618085861206,0.3939996361732483,-0.12396740913391113,0.8666456341743469,0.682198166847229,0.4015761613845825,0.07076887786388397,0.7723937630653381,0.704651415348053,0.49556881189346313,-0.024480435997247696,0.9045423269271851,0.6888647675514221,0.47001776099205017,0.26617759466171265,0.5605291128158569,0.6960283517837524,0.527650773525238,-0.10353980958461761,0.9330671429634094,0.6862649321556091,0.5043026208877563,0.2238016426563263,0.6465807557106018
16,0.5333333333333333,0.6716053485870361,0.18498298525810242,-0.36287450790405273,0.9999518990516663,0.7129322290420532,0.19947010278701782,-0.22935588657855988,0.9999922513961792,0.651140570640564,0.21054357290267944,-0.22227080166339874,0.9999769926071167,0.7582908272743225,0.2299111932516098,-0.18800237774848938,0.9483891129493713,0.6237236261367798,0.2621934115886688,-0.1990337073802948,0.9370896816253662,0.7507821321487427,0.30512911081314087,-0.20908918976783752,0.8938329219818115,0.648318886756897,0.30315476655960083,-0.24267777800559998,0.7655242681503296,0.7083981037139893,0.31605497002601624,-0.015341768972575665,0.9999240040779114,0.6762924194335938,0.31812456250190735,0.015234576538205147,0.9998303651809692,0.7002134323120117,0.415294349193573,-0.09078481793403625,0.7977170348167419,0.677608847618103,0.40502235293388367,0.11597327142953873,0.6961575150489807,0.6934747695922852,0.517646849155426,-0.021612180396914482,0.8650755882263184,0.6916801929473877,0.44255590438842773,0.3459472358226776,0.504804790019989,0.6873539686203003,0.5494109392166138,-0.10047972202301025,0.9030631184577942,0.6881312131881714,0.47811535000801086,0.33299893140792847,0.5828761458396912
17,0.5666666666666667,0.6695684790611267,0.18693165481090546,-0.3627226948738098,0.9999563097953796,0.7115272283554077,0.2013583481311798,-0.2309362143278122,0.9999929070472717,0.6504513025283813,0.21054552495479584,-0.21650567650794983,0.9999712109565735,0.7579806447029114,0.23260723054409027,-0.187193363904953,0.9486212134361267,0.6239995956420898,0.25920093059539795,-0.19578352570533752,0.9033066630363464,0.7515584230422974,0.3073524236679077,-0.2031097114086151,0.8571853041648865,0.6473029851913452,0.3036832809448242,-0.24103951454162598,0.6937903165817261,0.7073580622673035,0.3179982006549835,-0.017476461827754974,0.9999165534973145,0.675432562828064,0.31959688663482666,0.017365004867315292,0.9997804760932922,0.6995347738265991,0.4154389798641205,-0.09945262968540192,0.7331414222717285,0.6795137524604797,0.40492942929267883,0.12346333265304565,0.6271879076957703,0.6921414136886597,0.5230270624160767,-0.0404280349612236,0.8285637497901917,0.6901879906654358,0.4467705190181732,0.3498004078865051,0.4546632170677185,0.6866145133972168,0.5542746782302856,-0.11825110018253326,0.8786958456039429,0.6876667737960815,0.48177528381347656,0.33336061239242554,0.5256362557411194
18,0.6,0.6683359742164612,0.20115551352500916,-0.40360888838768005,0.9999597668647766,0.7091754674911499,0.21672308444976807,-0.24620456993579865,0.9999934434890747,0.6409099102020264,0.23115450143814087,-0.23306067287921906,0.9999647736549377,0.7567659020423889,0.25876593589782715,-0.20219223201274872,0.9499092698097229,0.6137438416481018,0.28980445861816406,-0.20528356730937958,0.8927004337310791,0.7512995004653931,0.3263377249240875,-0.22794122993946075,0.835654079914093,0.6468040347099304,0.3191894292831421,-0.26725608110427856,0.6389884948730469,0.7009559869766235,0.3342256247997284,-0.012976664118468761,0.9999199509620667,0.6663138270378113,0.3401833176612854,0.012896975502371788,0.9997801184654236,0.7000422477722168,0.43672069907188416,-0.061006754636764526,0.6822649240493774,0.6718599796295166,0.4429989159107208,0.08306440711021423,0.5699684023857117,0.6877461671829224,0.5338506102561951,0.053511857986450195,0.7970213294029236,0.6877120137214661,0.4372733533382416,0.33930957317352295,0.4096839725971222,0.6850312948226929,0.569666862487793,-0.01789333112537861,0.8501126170158386,0.6886434555053711,0.4681050181388855,0.3317064344882965,0.47434842586517334
19,0.6333333333333333,0.6661955118179321,0.19913426041603088,-0.39130717515945435,0.9999633431434631,0.7077771425247192,0.21751028299331665,-0.23486678302288055,0.9999940395355225,0.6402623057365417,0.2313421219587326,-0.22217245399951935,0.9999639987945557,0.7558351755142212,0.261589378118515,-0.190536230802536,0.9532020092010498,0.6116100549697876,0.295585036277771,-0.21116864681243896,0.8949903845787048,0.7506682276725769,0.32566797733306885,-0.22408843040466309,0.8444620966911316,0.6463201642036438,0.321198970079422,-0.2727544903755188,0.6121615171432495,0.7006033658981323,0.3371722996234894,-0.013299152255058289,0.9999222159385681,0.6669471263885498,0.3447665572166443,0.013197419233620167,0.9997726082801819,0.700056254863739,0.4311310350894928,-0.20335789024829865,0.6874197721481323,0.6713055968284607,0.4473690986633301,0.07795178890228271,0.5237454175949097,0.6870244741439819,0.535768449306488,-0.12134246528148651,0.8064062595367432,0.6882390379905701,0.44718068838119507,0.3268078565597534,0.36917343735694885,0.6852853894233704,0.5725944638252258,-0.2134193480014801,0.8548977375030518,0.6892756819725037,0.4715625047683716,0.30534347891807556,0.42840832471847534
20,0.6666666666666666,0.6612134575843811,0.20623870193958282,-0.38678523898124695,0.9999580979347229,0.7035263180732727,0.2283720225095749,-0.22222717106342316,0.9999924898147583,0.6335461139678955,0.24132755398750305,-0.21055138111114502,0.9999601244926453,0.7480767965316772,0.284795343875885,-0.2180616855621338,0.9464170932769775,0.6043397188186646,0.2985597252845764,-0.19490163028240204,0.8862840533256531,0.7220113277435303,0.3246053457260132,-0.2919473648071289,0.8032188415527344,0.6428772211074829,0.32619091868400574,-0.25095653533935547,0.5833673477172852,0.6963883638381958,0.3535286486148834,-0.004948069341480732,0.9999164938926697,0.6613413095474243,0.3603556454181671,0.004904771689325571,0.9997723698616028,0.6999801397323608,0.45346835255622864,-0.12146389484405518,0.6432419419288635,0.6555244326591492,0.4391690492630005,-0.18489405512809753,0.49996474385261536,0.6847435235977173,0.5397040843963623,0.015848632901906967,0.7589285373687744,0.6812609434127808,0.4349691569805145,0.0451648123562336,0.33489811420440674,0.6844366788864136,0.5761921405792236,-0.054400425404310226,0.8007979989051819,0.688827395439148,0.4584055542945862,0.020605536177754402,0.38945451378822327
21,0.7,0.659597635269165,0.20344090461730957,-0.37410280108451843,0.9999389052391052,0.7012996673583984,0.23071087896823883,-0.20046119391918182,0.9999899864196777,0.631929874420166,0.24217009544372559,-0.19495448470115662,0.9999504089355469,0.7458162307739258,0.2845217287540436,-0.16584953665733337,0.9144231081008911,0.6048039197921753,0.2978159189224243,-0.15302780270576477,0.8379288911819458,0.7226791381835938,0.3247587978839874,-0.2093685418367386,0.7348469495773315,0.6426194906234741,0.32683059573173523,-0.1848648339509964,0.5318268537521362,0.6946974992752075,0.3553304076194763,-0.0017762898933142424,0.9999133348464966,0.6603009700775146,0.36053603887557983,0.0017913971096277237,0.9997786283493042,0.6995227932929993,0.45998942852020264,-0.016610117629170418,0.5865609645843506,0.6521896719932556,0.4378384053707123,-0.1807645857334137,0.48276424407958984,0.6833109855651855,0.5418964624404907,0.13430747389793396,0.7082955241203308,0.6794870495796204,0.4383423328399658,0.028677191585302353,0.3061019778251648,0.6842032074928284,0.5802907943725586,0.07101292163133621,0.742034375667572,0.6886972188949585,0.4621489942073822,-0.0012146939989179373,0.3574455976486206
22,0.7333333333333333,0.6564909815788269,0.2122519165277481,-0.42739981412887573,0.9999168515205383,0.6956270337104797,0.23407679796218872,-0.237675741314888,0.9999853372573853,0.6265824437141418,0.2428387999534607,-0.22955167293548584,0.9999525547027588,0.7358462810516357,0.2971208691596985,-0.20660166442394257,0.8896921277046204,0.5981341600418091,0.293347030878067,-0.16486810147762299,0.8213688731193542,0.6980882287025452,0.3207781910896301,-0.2236122339963913,0.6766694784164429,0.6370843052864075,0.3264169991016388,-0.15717440843582153,0.5154693722724915,0.6874908208847046,0.3473392724990845,-0.0008162982994690537,0.9998722672462463,0.6544362306594849,0.3536915183067322,0.0008573661325499415,0.9997697472572327,0.6901678442955017,0.4483267068862915,-0.012745480053126812,0.5324962139129639,0.6526683568954468,0.41030997037887573,-0.18440702557563782,0.4658268988132477,0.6814929842948914,0.532766580581665,0.12368100881576538,0.6623227596282959,0.6698042750358582,0.4728527367115021,-0.013861915096640587,0.29189231991767883,0.6818904876708984,0.5702300071716309,0.0454593226313591,0.6948282718658447,0.6720648407936096,0.5062913298606873,-0.07549020648002625,0.3410102128982544
23,0.7666666666666667,0.6543099284172058,0.2116100788116455,-0.4178481698036194,0.9998974204063416,0.6948250532150269,0.23476767539978027,-0.2379770278930664,0.9999818205833435,0.6249409914016724,0.24212251603603363,-0.22832122445106506,0.9999554753303528,0.7345157265663147,0.29891136288642883,-0.1988389790058136,0.8666495084762573,0.5980324149131775,0.2912953794002533,-0.16174697875976562,0.8118058443069458,0.6949381232261658,0.31763043999671936,-0.21611885726451874,0.6210627555847168,0.6349598169326782,0.3244071304798126,-0.15365983545780182,0.502914547920227,0.6862521767616272,0.3416250944137573,-0.0002118563570547849,0.9998611211776733,0.6529806852340698,0.3517926037311554,0.00024776323698461056,0.9997804164886475,0.686825156211853,0.44408106803894043,-0.013269243761897087,0.4875771105289459,0.6549990773200989,0.40868982672691345,-0.1443530023097992,0.4632924199104309,0.6759215593338013,0.5271223783493042,0.13836131989955902,0.6191979050636292,0.6708461046218872,0.49172642827033997,0.018561940640211105,0.2942994236946106,0.6770734190940857,0.554757833480835,0.0692421942949295,0.652203381061554,0.6731220483779907,0.5273454189300537,-0.043913133442401886,0.33952996134757996
24,0.8,0.6517269015312195,0.2099834680557251,-0.40671539306640625,0.99990314245224,0.6925116181373596,0.23459218442440033,-0.23604993522167206,0.9999814033508301,0.6261214017868042,0.24169446527957916,-0.22420057654380798,0.9999595284461975,0.7325681447982788,0.2964780032634735,-0.19491316378116608,0.8535326719284058,0.5983576774597168,0.29013991355895996,-0.16295211017131805,0.8190769553184509,0.6941753625869751,0.31617918610572815,-0.1818237155675888,0.5689606070518494,0.6344092488288879,0.32292449474334717,-0.1600998342037201,0.500594437122345,0.6858667731285095,0.33889928460121155,-0.00028266265871934593,0.9998664855957031,0.6530441045761108,0.35122039914131165,0.0002822841051965952,0.9997996091842651,0.6818996667861938,0.43956997990608215,-0.0344017930328846,0.4559778869152069,0.6621052026748657,0.42984721064567566,-0.0821613073348999,0.47386011481285095,0.6724896430969238,0.48376452922821045,0.1455036997795105,0.5659762620925903,0.6743386387825012,0.5269854664802551,0.0702294260263443,0.3293170928955078,0.66447913646698,0.5125012397766113,0.09396283328533173,0.6015589833259583,0.6758386492729187,0.5598180890083313,-0.0018338194349780679,0.3625797927379608
25,0.8333333333333334,0.6512876152992249,0.20982882380485535,-0.40208926796913147,0.9999110102653503,0.6925076246261597,0.23478247225284576,-0.23705315589904785,0.999981701374054,0.6260033845901489,0.24228087067604065,-0.22378785908222198,0.9999632239341736,0.7316151857376099,0.2964804172515869,-0.19716140627861023,0.8544347882270813,0.5991552472114563,0.28953567147254944,-0.17163552343845367,0.8307250738143921,0.6924623250961304,0.3161680996417999,-0.18400701880455017,0.5270466208457947,0.6344114542007446,0.3220769762992859,-0.1716255098581314,0.5051698088645935,0.6857090592384338,0.3384455442428589,-0.0007445360533893108,0.9998759627342224,0.6525213122367859,0.34664374589920044,0.0007328048232011497,0.9998184442520142,0.6831868886947632,0.4427449107170105,-0.04800886660814285,0.4569327235221863,0.6653594374656677,0.4375448524951935,-0.05551444739103317,0.5067928433418274,0.6749825477600098,0.4758148193359375,0.15014922618865967,0.5235099196434021,0.6757346987724304,0.5273633599281311,0.08211588859558105,0.37854787707328796,0.6664897799491882,0.5052593946456909,0.10834158957004547,0.5635501146316528,0.6792264580726624,0.5669331550598145,0.013060234487056732,0.40170636773109436
26,0.8666666666666667,0.6453455090522766,0.2108641266822815,-0.42394447326660156,0.9998937249183655,0.6859566569328308,0.23214179277420044,-0.2536386251449585,0.9999775290489197,0.6183911561965942,0.24088749289512634,-0.23160067200660706,0.9999645352363586,0.7210435271263123,0.2953757345676422,-0.2854022681713104,0.854390025138855,0.5904932022094727,0.2891220152378082,-0.17056050896644592,0.8392935395240784,0.6863057017326355,0.30411291122436523,-0.37606915831565857,0.5184407830238342,0.6284974813461304,0.3234975039958954,-0.16369163990020752,0.534943699836731,0.6819127798080444,0.33934828639030457,-0.002532492857426405,0.9998447299003601,0.6485892534255981,0.3468022346496582,0.0025277086533606052,0.999809980392456,0.6828290224075317,0.45735758543014526,-0.02170683443546295,0.4418066740036011,0.6552782654762268,0.43379977345466614,-0.05638701468706131,0.4888271689414978,0.6760930418968201,0.537645697593689,0.09920643270015717,0.5422154068946838,0.6559923887252808,0.5088596343994141,0.0928187370300293,0.374196857213974,0.6766065359115601,0.5671046376228333,0.0668715387582779,0.5809216499328613,0.6557175517082214,0.5439695119857788,0.044592179358005524,0.39557838439941406
27,0.9,0.6423920392990112,0.2095789611339569,-0.4164246618747711,0.9998977780342102,0.6844831109046936,0.23080313205718994,-0.24425549805164337,0.9999749064445496,0.6164914965629578,0.24028915166854858,-0.22499951720237732,0.9999657273292542,0.7203366756439209,0.29448339343070984,-0.23059029877185822,0.8525811433792114,0.59063720703125,0.2888492941856384,-0.153342142701149,0.8476017713546753,0.6828546524047852,0.30352044105529785,-0.26583239436149597,0.49221640825271606,0.627314567565918,0.3238448202610016,-0.1381133496761322,0.5584219098091125,0.6797088384628296,0.3424776792526245,-0.004587146453559399,0.9998413324356079,0.6473252177238464,0.3490813672542572,0.004575839266180992,0.9998130202293396,0.683151364326477,0.45383164286613464,-0.04410023242235184,0.446938157081604,0.654417097568512,0.43893274664878845,0.015941480174660683,0.4737322926521301,0.6762198209762573,0.5435165166854858,0.044758833944797516,0.5752034187316895,0.6541820764541626,0.5062287449836731,0.2104404866695404,0.3689514398574829,0.6830531358718872,0.5753985047340393,-0.045652009546756744,0.6130953431129456,0.6529085636138916,0.5405161380767822,0.15955853462219238,0.39567819237709045
28,0.9333333333333333,0.6363953948020935,0.2108045369386673,-0.41888371109962463,0.9999059438705444,0.6788819432258606,0.23025617003440857,-0.2517662048339844,0.9999752044677734,0.61212158203125,0.23989106714725494,-0.2307925522327423,0.9999687671661377,0.7104710340499878,0.29823246598243713,-0.23382239043712616,0.8525949716567993,0.5811038613319397,0.2892714738845825,-0.16330523788928986,0.853671669960022,0.668832540512085,0.30437424778938293,-0.24718745052814484,0.4606710374355316,0.6181758046150208,0.3261604309082031,-0.1362106204032898,0.5560744404792786,0.6762148141860962,0.33353951573371887,-0.0031231192406266928,0.9998360872268677,0.6427995562553406,0.33988404273986816,0.0031292263884097338,0.9998241662979126,0.6770315766334534,0.4467118978500366,-0.03262585029006004,0.4120516777038574,0.6429257392883301,0.42103689908981323,-0.10246966779232025,0.4697171151638031,0.6782792210578918,0.5272782444953918,0.12316854298114777,0.5254902839660645,0.6518750190734863,0.5241895318031311,0.02723788656294346,0.3688473105430603,0.6796842813491821,0.5593319535255432,0.05956354737281799,0.5634747743606567,0.653872013092041,0.5581180453300476,-0.04608399420976639,0.39158669114112854
29,0.9666666666666667,0.6342153549194336,0.2099960297346115,-0.39784830808639526,0.999910295009613,0.6766509413719177,0.2297484129667282,-0.23880203068256378,0.9999727606773376,0.6102443933486938,0.2394418865442276,-0.21579882502555847,0.9999715685844421,0.7092586159706116,0.2964542508125305,-0.23230735957622528,0.8486038446426392,0.5805549621582031,0.28965333104133606,-0.16715775430202484,0.8607450127601624,0.6705788969993591,0.304911345243454,-0.22621706128120422,0.42404842376708984,0.6176656484603882,0.3266051709651947,-0.15491898357868195,0.5685582160949707,0.6746139526367188,0.3328649401664734,-0.002408344531431794,0.9998416900634766,0.6415857076644897,0.3395424485206604,0.002410510089248419,0.9998388290405273,0.6738327145576477,0.44239985942840576,-0.0370648130774498,0.39696449041366577,0.6415807604789734,0.4185509979724884,-0.13379155099391937,0.4973326027393341,0.6794902682304382,0.5072454810142517,0.1304003894329071,0.4839549958705902,0.6518104672431946,0.5270296931266785,0.005386217497289181,0.3946141004562378,0.6793023347854614,0.5418819785118103,0.07738684862852097,0.522554874420166,0.653697669506073,0.5612142086029053,-0.06651540100574493,0.4099428951740265
30,1.0,0.6282579302787781,0.21245479583740234,-0.4166027903556824,0.9999181032180786,0.6729487180709839,0.23261438310146332,-0.2472047358751297,0.9999744892120361,0.6073967218399048,0.23958246409893036,-0.23085007071495056,0.9999743700027466,0.7045570611953735,0.2999950051307678,-0.2895239591598511,0.8551115393638611,0.5723866820335388,0.2959592938423157,-0.22313232719898224,0.873630940914154,0.6610811948776245,0.3093341886997223,-0.37454089522361755,0.4104023575782776,0.6087905764579773,0.33225104212760925,-0.2706458568572998,0.5856132507324219,0.6740717887878418,0.3368474841117859,0.0030750660225749016,0.9998524188995361,0.6400006413459778,0.34257832169532776,-0.003062719013541937,0.9998548030853271,0.6774021983146667,0.4459250569343567,0.07304403930902481,0.36319196224212646,0.6376107335090637,0.42995771765708923,-0.23223161697387695,0.5464862585067749,0.6803449392318726,0.4499876797199249,0.34929388761520386,0.435647189617157,0.6477619409561157,0.5581701993942261,-0.15947982668876648,0.45131269097328186,0.6797246932983398,0.47283053398132324,0.31643861532211304,0.4706626832485199,0.6508652567863464,0.5846474766731262,-0.25771844387054443,0.46560677886009216
31,1.0333333333333334,0.6267449259757996,0.21202649176120758,-0.42018717527389526,0.9999252557754517,0.6720699667930603,0.23352321982383728,-0.24894306063652039,0.9999760985374451,0.6057931184768677,0.24069012701511383,-0.2353818118572235,0.9999769330024719,0.7045238614082336,0.3008168637752533,-0.29958221316337585,0.8635387420654297,0.5710471868515015,0.297924280166626,-0.2430366575717926,0.8855738043785095,0.6598795652389526,0.3116619884967804,-0.3991866111755371,0.4054904282093048,0.6056915521621704,0.3339986503124237,-0.3125526010990143,0.6088346838951111,0.6737208962440491,0.33773642778396606,0.005726971197873354,0.9998632073402405,0.6392799615859985,0.3445873558521271,-0.005734357051551342,0.9998692274093628,0.6786853075027466,0.44828805327415466,0.07241737097501755,0.3367239832878113,0.6373477578163147,0.43674319982528687,-0.23492109775543213,0.5909981727600098,0.6807090640068054,0.45532846450805664,0.35208964347839355,0.392233282327652,0.6467379331588745,0.5605090260505676,-0.15401558578014374,0.5036301612854004,0.6799718737602234,0.46783027052879333,0.3145078122615814,0.4242039620876312,0.6495757699012756,0.5865912437438965,-0.2551206052303314,0.5167538523674011
32,1.0666666666666667,0.6262140274047852,0.21194146573543549,-0.4325934946537018,0.9999322295188904,0.6732901334762573,0.23468565940856934,-0.2608519196510315,0.9999777674674988,0.605340301990509,0.24120460450649261,-0.23843269050121307,0.9999791979789734,0.7056669592857361,0.30106568336486816,-0.3109301030635834,0.8728426098823547,0.5702027678489685,0.2996773421764374,-0.2432766854763031,0.8964427709579468,0.6615866422653198,0.3125288784503937,-0.4029552936553955,0.40688902139663696,0.6043744087219238,0.334693968296051,-0.3156620264053345,0.6341232061386108,0.6738688349723816,0.338432639837265,0.004667364526540041,0.9998729228973389,0.6391252279281616,0.34555450081825256,-0.004676159471273422,0.9998822212219238,0.6796780228614807,0.4497767686843872,0.07072918862104416,0.31628406047821045,0.6374491453170776,0.4373517632484436,-0.24200192093849182,0.6314106583595276,0.6810022592544556,0.4486629366874695,0.3548571765422821,0.35313695669174194,0.6463562250137329,0.5599339008331299,-0.17122991383075714,0.5516075491905212,0.6806824803352356,0.4719364643096924,0.3145495057106018,0.38239747285842896,0.6488031148910522,0.5828269720077515,-0.27834171056747437,0.5638198852539062
33,1.1,0.6259974241256714,0.21205900609493256,-0.4362548291683197,0.9999381303787231,0.6732906103134155,0.2344193309545517,-0.26056283712387085,0.9999786615371704,0.6047582030296326,0.24159151315689087,-0.23876754939556122,0.9999812841415405,0.7062340974807739,0.3008657991886139,-0.2983228862285614,0.8805554509162903,0.5693553686141968,0.30050861835479736,-0.22476644814014435,0.9060804843902588,0.6614772081375122,0.3124087154865265,-0.37285470962524414,0.4062727093696594,0.6035822629928589,0.3350556790828705,-0.2692466080188751,0.652570903301239,0.6736225485801697,0.3387053310871124,0.004012564197182655,0.9998809695243835,0.6387360095977783,0.34653016924858093,-0.004007913637906313,0.9998939037322998,0.6795923709869385,0.450955331325531,0.11050261557102203,0.2982797622680664,0.6374573111534119,0.43864622712135315,-0.23171544075012207,0.6679940819740295,0.6811716556549072,0.44741883873939514,0.39775484800338745,0.31802648305892944,0.6467505693435669,0.560993492603302,-0.1515626609325409,0.5953938364982605,0.6808691620826721,0.4677029848098755,0.35820165276527405,0.345063716173172,0.648447573184967,0.583573043346405,-0.2548237442970276,0.6066411733627319
34,1.1333333333333333,0.6220694184303284,0.22062447667121887,-0.4268023371696472,0.9999424815177917,0.6656056046485901,0.23941963911056519,-0.24604186415672302,0.9999780058860779,0.598206639289856,0.24735552072525024,-0.23681087791919708,0.999983012676239,0.7068300247192383,0.3011699914932251,-0.1916511505842209,0.8856643438339233,0.5607962012290955,0.314426988363266,-0.18150874972343445,0.9138359427452087,0.6630891561508179,0.32833391427993774,-0.1705189198255539,0.39554527401924133,0.5959383249282837,0.3466128408908844,-0.16290241479873657,0.6715770959854126,0.6667076945304871,0.3505881130695343,0.0034700799733400345,0.9998878240585327,0.6314281225204468,0.358855664730072,-0.003479954320937395,0.9999040365219116,0.669646143913269,0.45672526955604553,0.10830547660589218,0.2765443027019501,0.6327217817306519,0.4608555734157562,-0.08141803741455078,0.6945873498916626,0.6547247171401978,0.44999176263809204,0.3821740746498108,0.2868184745311737,0.6484237909317017,0.5799921154975891,0.031040802597999573,0.6271101236343384,0.6487374305725098,0.4711149334907532,0.368095338344574,0.3117534816265106,0.6482641100883484,0.6065065860748291,-0.0429798923432827,0.6329987049102783
35,1.1666666666666667,0.6201251149177551,0.21974828839302063,-0.43403905630111694,0.9999462366104126,0.6640627980232239,0.24046723544597626,-0.2551688551902771,0.999975323677063,0.596312940120697,0.2504197955131531,-0.2439517229795456,0.9999844431877136,0.7068491578102112,0.30061769485473633,-0.2236931025981903,0.8890781402587891,0.5600644946098328,0.31802254915237427,-0.18223091959953308,0.9200611114501953,0.6611839532852173,0.3311189115047455,-0.24442291259765625,0.3762475252151489,0.5975390672683716,0.3483632504940033,-0.1941641867160797,0.6831569671630859,0.664201557636261,0.35522302985191345,0.0031359524000436068,0.9998958706855774,0.6291809678077698,0.36383798718452454,-0.003136195708066225,0.9999132752418518,0.6659227609634399,0.4572335481643677,0.09007253497838974,0.25835293531417847,0.6315922737121582,0.4670608639717102,-0.044510357081890106,0.7173932194709778,0.6567634344100952,0.4420973062515259,0.3628411889076233,0.2590497136116028,0.6492654085159302,0.582510232925415,0.08512793481349945,0.653235912322998,0.6508752107620239,0.45904532074928284,0.3458957374095917,0.2825835645198822,0.649169385433197,0.6106582283973694,0.011455757543444633,0.6521249413490295
36,1.2,0.6163314580917358,0.23208095133304596,-0.4359654486179352,0.9999489188194275,0.6605438590049744,0.24794472754001617,-0.2541496157646179,0.9999760389328003,0.5909436345100403,0.2581855058670044,-0.2457870990037918,0.9999848008155823,0.705478310585022,0.29641637206077576,-0.15969569981098175,0.8801112771034241,0.5534917116165161,0.3254637122154236,-0.17772379517555237,0.913723349571228,0.6651568412780762,0.3393431007862091,-0.1066403016448021,0.350908488035202,0.5928239822387695,0.3482207655906677,-0.13896623253822327,0.6283997893333435,0.6565203070640564,0.35942137241363525,0.0028186871204525232,0.9998959302902222,0.6233236193656921,0.37157440185546875,-0.002808830002322793,0.9999188184738159,0.6578899621963501,0.4652591347694397,0.028836846351623535,0.23675179481506348,0.6293355822563171,0.47912025451660156,0.00016213938943110406,0.6839229464530945,0.634793758392334,0.4490433633327484,0.2906975746154785,0.2334728091955185,0.6503496170043945,0.582207977771759,0.1368582397699356,0.6259427666664124,0.619335949420929,0.4650103747844696,0.26400309801101685,0.25504550337791443,0.6507221460342407,0.6132999062538147,0.07656095921993256,0.6129765510559082
37,1.2333333333333334,0.614145815372467,0.23157291114330292,-0.4427298605442047,0.9999534487724304,0.6606854200363159,0.25115302205085754,-0.2525179982185364,0.9999774694442749,0.589712917804718,0.2618299126625061,-0.24489888548851013,0.9999858736991882,0.7052279710769653,0.2948458194732666,-0.16260628402233124,0.8807355761528015,0.5516097545623779,0.3310370445251465,-0.1772734373807907,0.913068950176239,0.6668882369995117,0.34087705612182617,-0.12186435610055923,0.3401775658130646,0.59353107213974,0.3511224389076233,-0.14697356522083282,0.5893843770027161,0.6561366319656372,0.3619804382324219,0.0031045072246342897,0.9999006986618042,0.6221741437911987,0.37227004766464233,-0.0031040459871292114,0.9999253749847412,0.6585128307342529,0.46864408254623413,0.018452776595950127,0.21830543875694275,0.6276582479476929,0.47924214601516724,-0.03223753720521927,0.6716748476028442,0.6375411152839661,0.4542637765407562,0.28938019275665283,0.21057608723640442,0.6504704356193542,0.582262396812439,0.09930334240198135,0.6169313788414001,0.6241479516029358,0.47020912170410156,0.2526388466358185,0.2306187003850937,0.6515661478042603,0.6139267086982727,0.028368139639496803,0.593086302280426
38,1.2666666666666666,0.611770510673523,0.24016240239143372,-0.4380370080471039,0.9999580383300781,0.6576136350631714,0.2525678873062134,-0.22148442268371582,0.999979555606842,0.5866473317146301,0.2665419280529022,-0.21981656551361084,0.9999868273735046,0.6990623474121094,0.2849577069282532,-0.11548472940921783,0.8896450996398926,0.5461156964302063,0.33487668633461,-0.18279439210891724,0.9209739565849304,0.6708818674087524,0.3455670177936554,-0.07189076393842697,0.39016804099082947,0.5919448733329773,0.3482271432876587,-0.18580053746700287,0.5985327959060669,0.6543225646018982,0.3662419617176056,-0.003802876453846693,0.9999077916145325,0.6193949580192566,0.3779408037662506,0.003700546221807599,0.9999303221702576,0.6424564123153687,0.46130645275115967,-0.21566644310951233,0.29478633403778076,0.6282238364219666,0.4870370328426361,-0.0215776264667511,0.6987608671188354,0.6487334966659546,0.4925782084465027,0.001934881554916501,0.2496921718120575,0.6503051519393921,0.5800883173942566,0.13028359413146973,0.6508044004440308,0.6346578598022461,0.5527440309524536,-0.03986970707774162,0.27751901745796204,0.650222659111023,0.6154649257659912,0.06474156677722931,0.6257895827293396
39,1.3,0.6096503138542175,0.23695263266563416,-0.40595483779907227,0.9999619722366333,0.6561247110366821,0.2520845830440521,-0.20715923607349396,0.9999813437461853,0.5880118608474731,0.26553401350975037,-0.20284922420978546,0.9999876618385315,0.6972914934158325,0.2809063792228699,-0.10933975875377655,0.8979495763778687,0.5471152067184448,0.33048295974731445,-0.18540522456169128,0.9277244210243225,0.6728408336639404,0.34391966462135315,-0.07386134564876556,0.43090513348579407,0.5897576212882996,0.3471871316432953,-0.23611357808113098,0.6004221439361572,0.6531397104263306,0.36908042430877686,-0.005642884410917759,0.9999152421951294,0.6187254786491394,0.3793359398841858,0.005527816712856293,0.9999359250068665,0.6397205591201782,0.4588637948036194,-0.18683168292045593,0.36349251866340637,0.6274373531341553,0.4883767068386078,-0.01597956195473671,0.7252609729766846,0.6523803472518921,0.4908791780471802,0.04113581404089928,0.28361234068870544,0.649377703666687,0.5801224708557129,0.12494610249996185,0.6831299066543579,0.6400738954544067,0.5415965914726257,0.003586879698559642,0.31698498129844666,0.6497904062271118,0.615293025970459,0.05596478655934334,0.6579585075378418
40,1.3333333333333333,0.6056606769561768,0.2338843047618866,-0.41304850578308105,0.9999657869338989,0.6505087614059448,0.25058260560035706,-0.21394884586334229,0.9999831914901733,0.5816477537155151,0.2648565173149109,-0.2138504981994629,0.9999886155128479,0.6886296272277832,0.26805242896080017,-0.10828708112239838,0.9075215458869934,0.5439985990524292,0.32854539155960083,-0.25111454725265503,0.934289276599884,0.6728470325469971,0.3404846489429474,-0.07216145098209381,0.48592060804367065,0.5875140428543091,0.34192317724227905,-0.34216463565826416,0.6216575503349304,0.6448330283164978,0.36294376850128174,-0.005936437752097845,0.9999186992645264,0.6130794286727905,0.3748895525932312,0.005798491649329662,0.9999347925186157,0.6259026527404785,0.42796799540519714,-0.2321273535490036,0.42396894097328186,0.6271885633468628,0.4826398491859436,-0.02362181805074215,0.7251060009002686,0.6507088541984558,0.5242704749107361,-0.0725286677479744,0.314613938331604,0.6479786038398743,0.5778481364250183,0.12526032328605652,0.6924557089805603,0.6452111005783081,0.5758190751075745,-0.13318750262260437,0.3560393154621124,0.6488145589828491,0.6174845099449158,0.05911920219659805,0.664404571056366
41,1.3666666666666667,0.6039435863494873,0.2328188568353653,-0.4039105772972107,0.9999691843986511,0.6482092142105103,0.24994860589504242,-0.2028619945049286,0.999984860420227,0.5817670226097107,0.2653375267982483,-0.2141023427248001,0.9999895095825195,0.686398446559906,0.2659805715084076,-0.09901051223278046,0.9162442088127136,0.543406069278717,0.327544242143631,-0.2544439733028412,0.9403623938560486,0.6728349924087524,0.3391839265823364,-0.06637442111968994,0.5355265736579895,0.5873560309410095,0.3378729820251465,-0.35210520029067993,0.6408738493919373,0.6441911458969116,0.3611100912094116,-0.006980513222515583,0.9999232888221741,0.6122865080833435,0.3734453320503235,0.006825619842857122,0.9999352693557739,0.6240032315254211,0.4213845431804657,-0.24942699074745178,0.47792214155197144,0.6281673312187195,0.4828861355781555,-0.002596681471914053,0.7160672545433044,0.6487289071083069,0.5289515256881714,-0.10570063441991806,0.3545885384082794,0.6478224396705627,0.577229917049408,0.16395822167396545,0.6809713840484619,0.6455529928207397,0.5779836177825928,-0.17693838477134705,0.4023949205875397,0.6487897634506226,0.616968035697937,0.09929976612329483,0.6586900949478149
42,1.4,0.6012158393859863,0.23227165639400482,-0.426219642162323,0.9999722838401794,0.6424603462219238,0.24512270092964172,-0.2429407835006714,0.9999863505363464,0.5750779509544373,0.2638642489910126,-0.23511886596679688,0.9999905228614807,0.6797699332237244,0.2625148892402649,-0.14735610783100128,0.9245641231536865,0.54069983959198,0.32671692967414856,-0.2993898391723633,0.9460400938987732,0.6694930791854858,0.33810359239578247,-0.10389944165945053,0.5819532871246338,0.579754650592804,0.3349851071834564,-0.4128631055355072,0.6739331483840942,0.6352735757827759,0.3568865954875946,-0.0143148023635149,0.999930739402771,0.6040542721748352,0.3707321286201477,0.014154322445392609,0.9999396800994873,0.6181183457374573,0.41099676489830017,-0.2982769310474396,0.5299890041351318,0.6242504715919495,0.47962522506713867,0.1323849856853485,0.7370926141738892,0.6224259734153748,0.5423347353935242,-0.21692518889904022,0.41909316182136536,0.623883843421936,0.4561268389225006,0.38488200306892395,0.6130105257034302,0.6204769015312195,0.5800516605377197,-0.31643763184547424,0.46205031871795654,0.6219812035560608,0.4745047688484192,0.3676031231880188,0.5944554805755615
43,1.4333333333333333,0.59935462474823,0.2314361184835434,-0.4051685929298401,0.9999750852584839,0.6416937112808228,0.2436271607875824,-0.22040970623493195,0.9999877214431763,0.5745003819465637,0.26321524381637573,-0.21223238110542297,0.9999912977218628,0.6777048707008362,0.2625944912433624,-0.14424121379852295,0.9320443868637085,0.5414214134216309,0.3258952796459198,-0.26589271426200867,0.9512162208557129,0.6676381230354309,0.33769166469573975,-0.1162821501493454,0.6237307190895081,0.5818469524383545,0.33372876048088074,-0.37809479236602783,0.7052136659622192,0.6345572471618652,0.3544789254665375,-0.01378118246793747,0.9999361634254456,0.60358726978302,0.36725053191185,0.013631358742713928,0.9999381899833679,0.6171098351478577,0.40999916195869446,-0.2987930178642273,0.5767598152160645,0.6248396039009094,0.4796690344810486,0.0727711096405983,0.7587924599647522,0.6217079162597656,0.5475649237632751,-0.22366702556610107,0.4771210253238678,0.6298093795776367,0.5096198916435242,0.3098602592945099,0.5530200004577637,0.6159998178482056,0.583973228931427,-0.3318166136741638,0.515696108341217,0.628074049949646,0.5400868058204651,0.27360549569129944,0.5426604747772217
44,1.4666666666666666,0.5979035496711731,0.2306741327047348,-0.37562131881713867,0.9999775886535645,0.6425386071205139,0.24281001091003418,-0.19038861989974976,0.9999889731407166,0.5751876831054688,0.2628019154071808,-0.1840856969356537,0.9999918937683105,0.6770206689834595,0.2621607184410095,-0.10967645794153214,0.9388024806976318,0.5401891469955444,0.32571861147880554,-0.2430984526872635,0.9558538198471069,0.6675769090652466,0.3354988694190979,-0.10373221337795258,0.661345362663269,0.5821152329444885,0.33290624618530273,-0.34141668677330017,0.7330760955810547,0.6349598169326782,0.3548087775707245,-0.013040098361670971,0.9999402761459351,0.603362500667572,0.3671126067638397,0.01289086788892746,0.9999321699142456,0.6170747876167297,0.41069191694259644,-0.30466228723526,0.6189084053039551,0.6251199841499329,0.4829460680484772,0.061182744801044464,0.7795325517654419,0.6209872364997864,0.5510619282722473,-0.23528704047203064,0.5293518900871277,0.6339770555496216,0.524567186832428,0.2904706597328186,0.5003214478492737,0.6137871146202087,0.5865586996078491,-0.34527087211608887,0.5640072226524353,0.633110523223877,0.5558539032936096,0.25026533007621765,0.5012667775154114
45,1.5,0.5976811051368713,0.2300696074962616,-0.3818005621433258,0.9999797940254211,0.64248126745224,0.2413017898797989,-0.1972464621067047,0.9999901056289673,0.5755586624145508,0.26233479380607605,-0.19216981530189514,0.9999924302101135,0.677857518196106,0.26117444038391113,-0.11866755783557892,0.9448860883712769,0.5406771898269653,0.32567480206489563,-0.24530908465385437,0.9600160717964172,0.6679240465164185,0.3343881070613861,-0.11337237060070038,0.6951947212219238,0.5807197690010071,0.3330918550491333,-0.3553721308708191,0.7574410438537598,0.6351362466812134,0.35591357946395874,-0.012328635901212692,0.9999447464942932,0.6033081412315369,0.36703410744667053,0.01218232698738575,0.9999310970306396,0.6173301935195923,0.41248664259910583,-0.30105891823768616,0.6568878889083862,0.6249166131019592,0.48459675908088684,0.061937905848026276,0.7991408109664917,0.6210964918136597,0.5511749982833862,-0.2195247858762741,0.5763663053512573,0.6349244713783264,0.5270499587059021,0.29058271646499634,0.455155611038208,0.6148150563240051,0.5873578190803528,-0.3251694142818451,0.6074923276901245,0.6332647204399109,0.5680142641067505,0.2496175765991211,0.47065603733062744
46,1.5333333333333334,0.593811571598053,0.23168428242206573,-0.39284422993659973,0.9999818205833435,0.636918842792511,0.24140532314777374,-0.1997545063495636,0.9999911189079285,0.5679790377616882,0.26249825954437256,-0.20091566443443298,0.9999929666519165,0.6726333498954773,0.2616921067237854,-0.11126752197742462,0.9503324627876282,0.5387917757034302,0.3312205970287323,-0.2585999369621277,0.9633854031562805,0.6671212315559387,0.33597177267074585,-0.0695749819278717,0.7256419658660889,0.5810564756393433,0.34115302562713623,-0.3785095512866974,0.7768201231956482,0.6319253444671631,0.3639834523200989,-0.019988790154457092,0.9999498724937439,0.601563036441803,0.37339943647384644,0.019845299422740936,0.99993497133255,0.613096296787262,0.43066737055778503,-0.28375381231307983,0.6910691857337952,0.6205490827560425,0.49831512570381165,0.10932443290948868,0.810150146484375,0.604081392288208,0.5728216767311096,-0.2218155562877655,0.6187161207199097,0.6336694955825806,0.502630889415741,0.37477222084999084,0.4104534685611725,0.5929574370384216,0.5947978496551514,-0.3341352045536041,0.6467130184173584,0.6319059133529663,0.5463395118713379,0.3491939306259155,0.4303182065486908
47,1.5666666666666667,0.5919904112815857,0.23115810751914978,-0.3958895206451416,0.9999836683273315,0.6363818645477295,0.24141693115234375,-0.20695826411247253,0.9999920129776001,0.567304253578186,0.26281023025512695,-0.1991603672504425,0.9999935030937195,0.6716297268867493,0.26188477873802185,-0.10418663173913956,0.9552518129348755,0.538896918296814,0.33313456177711487,-0.2502167820930481,0.9666854739189148,0.6668163537979126,0.3378688395023346,-0.06528995931148529,0.7530554533004761,0.5823854804039001,0.34379076957702637,-0.35696256160736084,0.7959458231925964,0.632771372795105,0.3656361401081085,-0.020774444565176964,0.9999544620513916,0.6031070351600647,0.3755847215652466,0.020627932623028755,0.9999384880065918,0.6122724413871765,0.4345746636390686,-0.28533682227134705,0.7218760251998901,0.6198152303695679,0.4997173249721527,0.10788588225841522,0.8219252228736877,0.6031830906867981,0.5754958391189575,-0.22471988201141357,0.6568346619606018,0.6335088014602661,0.5036410093307495,0.36925816535949707,0.3705778419971466,0.5910276174545288,0.5968586206436157,-0.3389119505882263,0.68202143907547,0.6312421560287476,0.5448631644248962,0.3401000201702118,0.3964589238166809
48,1.6,0.5859224200248718,0.23121407628059387,-0.42402926087379456,0.9999852776527405,0.6290651559829712,0.24764779210090637,-0.20904500782489777,0.9999927878379822,0.5583019852638245,0.2699408531188965,-0.2244335412979126,0.9999939203262329,0.6679913997650146,0.28435981273651123,-0.1352308988571167,0.9588678479194641,0.5302361249923706,0.34612908959388733,-0.24916991591453552,0.969380795955658,0.6629327535629272,0.3524136543273926,-0.14836880564689636,0.7764285802841187,0.5702665448188782,0.36361461877822876,-0.3422444462776184,0.8113269209861755,0.6188194155693054,0.3728880286216736,-0.014489511959254742,0.9999552369117737,0.5834338068962097,0.3844834268093109,0.014328941702842712,0.9999364614486694,0.6091785430908203,0.4574499726295471,-0.2719026207923889,0.7484574317932129,0.5910605192184448,0.49485158920288086,0.023545244708657265,0.8230974078178406,0.5973446369171143,0.5704190135002136,-0.2145795375108719,0.6906900405883789,0.5962843894958496,0.5804979801177979,0.17809759080410004,0.36684370040893555,0.5933573842048645,0.5951404571533203,-0.3287261426448822,0.7132495641708374,0.5859854221343994,0.6116583347320557,0.10317659378051758,0.40941500663757324
49,1.6333333333333333,0.5835615992546082,0.23109109699726105,-0.42289209365844727,0.9999867081642151,0.6278899908065796,0.24980303645133972,-0.1946798413991928,0.9999934434890747,0.5577237010002136,0.2722330093383789,-0.22057108581066132,0.9999942779541016,0.6654201149940491,0.28634363412857056,-0.09356743097305298,0.9614884257316589,0.5300020575523376,0.34821075201034546,-0.2528102993965149,0.9713742733001709,0.6625555157661438,0.3540235161781311,-0.07353131473064423,0.7927162051200867,0.5699087381362915,0.3652184307575226,-0.3590884208679199,0.8132486939430237,0.6168817281723022,0.37688443064689636,-0.007013851311057806,0.9999580383300781,0.5817722082138062,0.3874262869358063,0.0068585993722081184,0.9999403357505798,0.6093974113464355,0.4656376242637634,-0.2583554983139038,0.7726427316665649,0.5845638513565063,0.49367058277130127,0.0007909523556008935,0.8254076838493347,0.6058321595191956,0.5594154596328735,-0.1641601175069809,0.7162219882011414,0.5890903472900391,0.5951415300369263,0.13421320915222168,0.422884464263916,0.5996778011322021,0.5874859094619751,-0.26235413551330566,0.738787829875946,0.5841310024261475,0.624947190284729,0.0427095890045166,0.46056780219078064
50,1.6666666666666667,0.5778099894523621,0.23927432298660278,-0.4176199436187744,0.9999880194664001,0.6202048063278198,0.26308122277259827,-0.22065849602222443,0.9999940395355225,0.5487428903579712,0.2831352949142456,-0.2254178822040558,0.9999945163726807,0.6627053022384644,0.3098265826702118,-0.12026433646678925,0.9623465538024902,0.5208664536476135,0.3583264648914337,-0.2549777030944824,0.973315417766571,0.6573206782341003,0.37159255146980286,-0.0923503190279007,0.7979550361633301,0.5615803003311157,0.37867024540901184,-0.37059181928634644,0.8259707093238831,0.6092235445976257,0.39189276099205017,-0.012783154845237732,0.9999572038650513,0.5739232301712036,0.40180596709251404,0.01266455464065075,0.999934196472168,0.6013937592506409,0.49867960810661316,-0.1716742366552353,0.7580668926239014,0.5775238871574402,0.5186814665794373,0.017583543434739113,0.7500651478767395,0.5910876989364624,0.6131703853607178,-0.07183540612459183,0.7125265002250671,0.5922983884811401,0.5591375827789307,0.321738600730896,0.3811456263065338,0.5825417637825012,0.6473591327667236,-0.16473469138145447,0.7461906671524048,0.5930396318435669,0.5807352066040039,0.3038962185382843,0.4166051745414734
51,1.7,0.5767110586166382,0.24062860012054443,-0.4180462956428528,0.9999892115592957,0.6192406415939331,0.2652509808540344,-0.22215025126934052,0.9999946355819702,0.5471691489219666,0.2848873436450958,-0.22311627864837646,0.9999949932098389,0.6624330878257751,0.31222397089004517,-0.12052558362483978,0.9660743474960327,0.5204485654830933,0.35835549235343933,-0.2592604458332062,0.9758837819099426,0.6564300060272217,0.373012512922287,-0.09462098777294159,0.8181458711624146,0.5618427991867065,0.3819093406200409,-0.37162408232688904,0.8428768515586853,0.6103790998458862,0.3924335539340973,-0.014314010739326477,0.9999608397483826,0.5748527646064758,0.4047534465789795,0.014212357811629772,0.9999372959136963,0.6011180281639099,0.4881647229194641,-0.2599077820777893,0.7819457650184631,0.5778345465660095,0.5244606137275696,0.08540245145559311,0.7660458087921143,0.5904996991157532,0.6140317320823669,-0.16990689933300018,0.7411701083183289,0.5900347828865051,0.5430904030799866,0.38139939308166504,0.34351593255996704,0.580223560333252,0.6514596939086914,-0.2805168628692627,0.7713985443115234,0.589296817779541,0.5674205422401428,0.3589424192905426,0.379152774810791
52,1.7333333333333334,0.5704535245895386,0.25084003806114197,-0.4011726975440979,0.9999896287918091,0.6132649183273315,0.2812100350856781,-0.23122742772102356,0.9999949336051941,0.5410531759262085,0.29470062255859375,-0.22372598946094513,0.9999929070472717,0.653188943862915,0.3390224575996399,-0.23690874874591827,0.9456913471221924,0.5106780529022217,0.3619116544723511,-0.2595123052597046,0.9587178826332092,0.6396651864051819,0.3720981478691101,-0.33413276076316833,0.773691713809967,0.5498368740081787,0.38859766721725464,-0.3700173497200012,0.7882955074310303,0.6031061410903931,0.4039246141910553,-0.01422119140625,0.9999533891677856,0.5677275657653809,0.4143717885017395,0.014111938886344433,0.9999056458473206,0.5993839502334595,0.5102112889289856,-0.22383153438568115,0.7221948504447937,0.5682336091995239,0.5220256447792053,0.07946225255727768,0.6901028156280518,0.5827529430389404,0.6240582466125488,-0.15050078928470612,0.7033242583274841,0.5801210403442383,0.521896243095398,0.36137068271636963,0.3091915547847748,0.5791739821434021,0.6610236763954163,-0.24979348480701447,0.7430331110954285,0.5830838084220886,0.5410706996917725,0.33893266320228577,0.34135380387306213
53,1.7666666666666666,0.5678244829177856,0.24687889218330383,-0.39245128631591797,0.9999886751174927,0.612458348274231,0.284142404794693,-0.23674149811267853,0.9999949932098389,0.5404723882675171,0.29563993215560913,-0.22291290760040283,0.9999898076057434,0.6549712419509888,0.3442819118499756,-0.23174190521240234,0.9170265793800354,0.5109586715698242,0.3619987368583679,-0.2348320037126541,0.9202457666397095,0.6335058808326721,0.3787238299846649,-0.3033323585987091,0.7065397500991821,0.5500554442405701,0.3911427855491638,-0.3048219084739685,0.7170514464378357,0.6020992994308472,0.4081856310367584,-0.014446532353758812,0.9999476075172424,0.566867470741272,0.41678500175476074,0.014337122440338135,0.9998860955238342,0.5986595153808594,0.5053999423980713,-0.22686567902565002,0.6637557744979858,0.5694369077682495,0.5199248194694519,0.0705033540725708,0.6213653683662415,0.5825285315513611,0.6238333582878113,-0.15058156847953796,0.6503307223320007,0.5815523266792297,0.5281677842140198,0.3346335291862488,0.27833935618400574,0.5796304941177368,0.6608958840370178,-0.24617016315460205,0.7043552398681641,0.5827441811561584,0.553581178188324,0.3094828724861145,0.3074631690979004
54,1.8,0.5575602650642395,0.24817752838134766,-0.4085351526737213,0.9999821186065674,0.6035574674606323,0.2862362265586853,-0.24693651497364044,0.9999938011169434,0.5331531167030334,0.2956372797489166,-0.23710235953330994,0.9999880790710449,0.6408740878105164,0.3522758185863495,-0.2614770531654358,0.914191484451294,0.5001925230026245,0.36123353242874146,-0.23844873905181885,0.9172708988189697,0.6059513092041016,0.37584587931632996,-0.35158076882362366,0.683101236820221,0.5404569506645203,0.39053723216056824,-0.3140530586242676,0.7069750428199768,0.5946398973464966,0.40786388516426086,-0.007059668656438589,0.9999355673789978,0.5586913824081421,0.4102241098880768,0.007026861421763897,0.999878466129303,0.5917288661003113,0.5205552577972412,-0.05718882754445076,0.6049111485481262,0.5477833151817322,0.5120314955711365,-0.17125923931598663,0.5749163031578064,0.5838524103164673,0.6201979517936707,0.06273511797189713,0.623490571975708,0.573708176612854,0.5308815836906433,0.049353502690792084,0.2539655268192291,0.5780975222587585,0.6590664982795715,-0.018488403409719467,0.6700336933135986,0.5750476121902466,0.5541456937789917,0.015294876880943775,0.28220275044441223
55,1.8333333333333333,0.5573132038116455,0.24924251437187195,-0.41339462995529175,0.9999706745147705,0.6025221943855286,0.28567034006118774,-0.24663102626800537,0.999992311000824,0.5328822135925293,0.29546114802360535,-0.23934480547904968,0.9999858736991882,0.6400211453437805,0.35378730297088623,-0.23907868564128876,0.9030645489692688,0.4995780885219574,0.359453409910202,-0.22884781658649445,0.9057260155677795,0.6049226522445679,0.37612271308898926,-0.3021102547645569,0.6468653082847595,0.5391818284988403,0.3909122347831726,-0.2883451581001282,0.6773790121078491,0.5941048860549927,0.4077930748462677,-0.0058300793170928955,0.9999204277992249,0.5584080219268799,0.4076729714870453,0.0058140926994383335,0.9998679757118225,0.5902072787284851,0.5205186009407043,-0.03848544508218765,0.5495138764381409,0.5481709241867065,0.5093937516212463,-0.15153589844703674,0.527140200138092,0.5846453905105591,0.6224111318588257,0.08266983926296234,0.5900452733039856,0.5742913484573364,0.5410093665122986,0.062099676579236984,0.23195350170135498,0.578525960445404,0.6604582667350769,-0.00029967655427753925,0.6329026818275452,0.5750323534011841,0.5761099457740784,0.0222212765365839,0.25951969623565674
56,1.8666666666666667,0.5573775768280029,0.2531042993068695,-0.41594910621643066,0.9999665021896362,0.6035264730453491,0.28604400157928467,-0.2528826594352722,0.9999919533729553,0.5323711633682251,0.29538482427597046,-0.24369391798973083,0.9999841451644897,0.6392530798912048,0.354974627494812,-0.23738908767700195,0.8930699229240417,0.5005647540092468,0.359422504901886,-0.2341907024383545,0.8942574262619019,0.605904221534729,0.3774169981479645,-0.2919776141643524,0.6111893057823181,0.5400882959365845,0.39070650935173035,-0.30063164234161377,0.6357781887054443,0.594529926776886,0.4078173041343689,-0.006121902260929346,0.9999167323112488,0.5579262375831604,0.4071688652038574,0.006092539988458157,0.9998632073402405,0.5910459160804749,0.5222225785255432,-0.060964904725551605,0.5101094841957092,0.5484396815299988,0.5082455277442932,-0.11437170207500458,0.48639747500419617,0.5853258371353149,0.6216676235198975,0.06419651210308075,0.5727736353874207,0.5686362385749817,0.5204892158508301,0.13428190350532532,0.2107330709695816,0.5793160200119019,0.660258412361145,-0.014616397209465504,0.6103190183639526,0.5706940293312073,0.5520405769348145,0.11213269084692001,0.23711208999156952
57,1.9,0.5576345324516296,0.25349143147468567,-0.4154568314552307,0.9999640583992004,0.6033055782318115,0.2870287001132965,-0.2554771304130554,0.9999916553497314,0.5319598317146301,0.2959214746952057,-0.24418406188488007,0.999983012676239,0.6393532752990723,0.3548155725002289,-0.24485859274864197,0.8870154023170471,0.5011322498321533,0.3590414822101593,-0.2378230094909668,0.8877484202384949,0.6052983403205872,0.3780919015407562,-0.3038533329963684,0.5773541927337646,0.5395026803016663,0.39058664441108704,-0.31089332699775696,0.6038305163383484,0.5943011045455933,0.40878063440322876,-0.006597435567528009,0.999915599822998,0.5575143098831177,0.40780580043792725,0.006558445747941732,0.9998621940612793,0.5911968946456909,0.5247189998626709,-0.07077004015445709,0.47853249311447144,0.5483054518699646,0.5070294141769409,-0.10466092824935913,0.45095494389533997,0.5856109857559204,0.6213552951812744,0.060527414083480835,0.5580878257751465,0.566210150718689,0.5109454393386841,0.15142270922660828,0.19141703844070435,0.5794662237167358,0.6602604985237122,-0.015903480350971222,0.5904272794723511,0.5680891275405884,0.5411917567253113,0.13291196525096893,0.21662040054798126
58,1.9333333333333333,0.5464876294136047,0.2524473965167999,-0.3795008063316345,0.9999381899833679,0.5906718373298645,0.28386348485946655,-0.216429203748703,0.9999886751174927,0.5205072164535522,0.29436394572257996,-0.19616785645484924,0.99997478723526,0.6257619857788086,0.35300156474113464,-0.24350544810295105,0.8949027061462402,0.49090713262557983,0.35624784231185913,-0.15366201102733612,0.8876263499259949,0.5880077481269836,0.365017831325531,-0.3477805256843567,0.5975920557975769,0.5288001298904419,0.3883382976055145,-0.1700766533613205,0.6065992116928101,0.5818408131599426,0.41927570104599,-0.006874733604490757,0.9999014735221863,0.546812891960144,0.41995421051979065,0.006839662790298462,0.9998444318771362,0.5849891901016235,0.5296282172203064,-0.043594904243946075,0.5061423182487488,0.547939121723175,0.5078713297843933,0.011130962520837784,0.4666406214237213,0.5843848586082458,0.6276601552963257,0.08728988468647003,0.5969416499137878,0.5437923669815063,0.5611603856086731,0.2466697245836258,0.22304615378379822,0.5781723260879517,0.6628863215446472,-0.008272998966276646,0.6264644861221313,0.5410416722297668,0.6106456518173218,0.1955159455537796,0.25192564725875854
59,1.9666666666666666,0.5463660359382629,0.2515625059604645,-0.39101606607437134,0.9999398589134216,0.589677095413208,0.28219249844551086,-0.21814842522144318,0.9999872446060181,0.5175923705101013,0.2934094965457916,-0.20070770382881165,0.9999741911888123,0.6241968870162964,0.3515639901161194,-0.2709614932537079,0.904452383518219,0.4906477928161621,0.35398605465888977,-0.13515256345272064,0.8944525122642517,0.5865644812583923,0.36202532052993774,-0.38305965065956116,0.6305297613143921,0.5292980074882507,0.3867279589176178,-0.12377111613750458,0.6358279585838318,0.5809783339500427,0.422534316778183,-0.008934197947382927,0.9999001026153564,0.545798659324646,0.42406195402145386,0.008977474644780159,0.9998485445976257,0.5856949687004089,0.5313332676887512,-0.04057057946920395,0.5527461767196655,0.5443302392959595,0.5078452229499817,0.08543761074542999,0.5072624683380127,0.5832901000976562,0.6279008984565735,0.09563333541154861,0.6365877985954285,0.5431849360466003,0.570972740650177,0.3289105296134949,0.2831903100013733,0.5773813128471375,0.6630076169967651,0.0009626680985093117,0.6632710099220276,0.540373682975769,0.6155909895896912,0.2779066860675812,0.3140539824962616
60,2.0,0.5351442098617554,0.2513643801212311,-0.3885686993598938,0.999931812286377,0.5818232297897339,0.2799466550350189,-0.2190764844417572,0.9999861121177673,0.5112400054931641,0.2882603704929352,-0.1777099072933197,0.9999760389328003,0.611617922782898,0.35101011395454407,-0.27488550543785095,0.9114852547645569,0.48078328371047974,0.3520304262638092,-0.13942083716392517,0.90276700258255,0.5686167478561401,0.35481831431388855,-0.38868457078933716,0.6481343507766724,0.5187191963195801,0.3817524313926697,-0.16871142387390137,0.6622615456581116,0.5785053372383118,0.41922056674957275,-0.008967539295554161,0.9999011158943176,0.5424343347549438,0.4194190204143524,0.009012850932776928,0.9998612403869629,0.5818840861320496,0.5242891907691956,-0.03606148064136505,0.5812586545944214,0.531119704246521,0.4853997826576233,-0.2275404930114746,0.5555671453475952,0.580885648727417,0.6171754002571106,0.1457320749759674,0.656914234161377,0.531786322593689,0.600031316280365,-0.09146232903003693,0.35350149869918823,0.5759539008140564,0.6559851169586182,0.05797503516077995,0.6839921474456787,0.5240294337272644,0.6333344578742981,-0.1835833489894867,0.38137558102607727
61,2.033333333333333,0.5333560705184937,0.24856962263584137,-0.41340842843055725,0.999930202960968,0.5809614062309265,0.27821165323257446,-0.24331171810626984,0.9999852180480957,0.5087960362434387,0.28545546531677246,-0.19582736492156982,0.9999779462814331,0.6128495335578918,0.35152244567871094,-0.30742090940475464,0.9167311191558838,0.47972092032432556,0.3505922853946686,-0.15857282280921936,0.9087890982627869,0.5682758092880249,0.3536851406097412,-0.414306104183197,0.6472457051277161,0.5165011286735535,0.38117873668670654,-0.18155613541603088,0.6778562068939209,0.577928900718689,0.41548988223075867,-0.009109646081924438,0.9999045133590698,0.5408881306648254,0.4168282747268677,0.009160468354821205,0.9998735785484314,0.5823728442192078,0.5235521197319031,-0.016752168536186218,0.5915834307670593,0.5302369594573975,0.4850991666316986,-0.2323174774646759,0.5984910130500793,0.5804471373558044,0.615882933139801,0.166469007730484,0.6664780378341675,0.5308805108070374,0.6041113138198853,-0.08787297457456589,0.4159105718135834,0.5763240456581116,0.6545507907867432,0.07690203189849854,0.6962576508522034,0.5230844616889954,0.636281430721283,-0.17945817112922668,0.44131290912628174
62,2.066666666666667,0.5248043537139893,0.2489890456199646,-0.4613815248012543,0.999937117099762,0.5740705728530884,0.2781960070133209,-0.2706432342529297,0.999986469745636,0.5019373893737793,0.284461110830307,-0.2346251904964447,0.9999801516532898,0.6018679738044739,0.3527175486087799,-0.3376427888870239,0.9248212575912476,0.4681130349636078,0.35083848237991333,-0.1919148713350296,0.9178773164749146,0.5560336709022522,0.35320934653282166,-0.44717612862586975,0.6790850162506104,0.5051085948944092,0.3814360201358795,-0.21471789479255676,0.7082865238189697,0.5724087357521057,0.40830403566360474,-0.001259604119695723,0.9999108910560608,0.534746527671814,0.40915971994400024,0.0013066282263025641,0.999886155128479,0.5832300186157227,0.5279850363731384,0.08825970441102982,0.628432035446167,0.5245966911315918,0.48733529448509216,-0.3329050540924072,0.6386396884918213,0.5786337852478027,0.5190686583518982,0.42649251222610474,0.6007407903671265,0.5190836191177368,0.6141909956932068,-0.239642933011055,0.47430136799812317,0.5773459672927856,0.5565872192382812,0.3803068995475769,0.635789692401886,0.5197594165802002,0.6413397192955017,-0.35609620809555054,0.49717095494270325
63,2.1,0.5251578092575073,0.24706079065799713,-0.4561585485935211,0.999943196773529,0.5730499029159546,0.2780682146549225,-0.2670758068561554,0.9999869465827942,0.5003573894500732,0.28420019149780273,-0.23624375462532043,0.9999821186065674,0.6014159917831421,0.35371798276901245,-0.3186289668083191,0.9304938316345215,0.4667612612247467,0.3512657880783081,-0.1975965052843094,0.92596036195755,0.5574232339859009,0.3543800413608551,-0.4135271906852722,0.6804530620574951,0.504501223564148,0.3818953335285187,-0.22316360473632812,0.7327737212181091,0.5716701745986938,0.40622803568840027,-0.00043429326615296304,0.9999139904975891,0.5338214635848999,0.4080467224121094,0.00045815669000148773,0.9998974204063416,0.5839899778366089,0.5288469791412354,0.06496772170066833,0.6278923749923706,0.523277223110199,0.4894273579120636,-0.3158177435398102,0.6747398376464844,0.5783054232597351,0.5125852823257446,0.39240166544914246,0.5409931540489197,0.5186203122138977,0.6174328923225403,-0.21277233958244324,0.5265992879867554,0.5751384496688843,0.5417608022689819,0.34880882501602173,0.5742384195327759,0.5196948051452637,0.6459214091300964,-0.32207417488098145,0.547281801700592
64,2.1333333333333333,0.5193716883659363,0.2561587989330292,-0.4492872655391693,0.9999462366104126,0.5641376376152039,0.28342875838279724,-0.2580087184906006,0.9999866485595703,0.49079495668411255,0.29223570227622986,-0.24657759070396423,0.9999837875366211,0.5972104072570801,0.35803285241127014,-0.28988325595855713,0.9282846450805664,0.455296128988266,0.35967954993247986,-0.2288587987422943,0.9312529563903809,0.5502623915672302,0.37018802762031555,-0.37679117918014526,0.6496253609657288,0.49474334716796875,0.3868102729320526,-0.2651923894882202,0.7268590927124023,0.5626330375671387,0.4108482301235199,0.0014082605484873056,0.9999163150787354,0.5238393545150757,0.4158531725406647,-0.0013996593188494444,0.9999073147773743,0.5725752115249634,0.5269650220870972,0.05160577967762947,0.5731050372123718,0.5109986662864685,0.5248206853866577,-0.21609878540039062,0.7052803635597229,0.5568848252296448,0.4825872778892517,0.3407769203186035,0.48709577322006226,0.5189186334609985,0.6465824842453003,-0.10247822105884552,0.5663477778434753,0.5498409867286682,0.48778000473976135,0.3173166513442993,0.5174156427383423,0.515831708908081,0.6739624738693237,-0.18966655433177948,0.5827162861824036
65,2.1666666666666665,0.517609179019928,0.2576848864555359,-0.4378482401371002,0.9999445080757141,0.5638481378555298,0.2861301004886627,-0.2551192045211792,0.9999868273735046,0.4892048239707947,0.29482534527778625,-0.2456473559141159,0.9999853372573853,0.5962429046630859,0.35994210839271545,-0.28509706258773804,0.921405017375946,0.4541071951389313,0.3627903461456299,-0.2650718092918396,0.9355865716934204,0.5512335896492004,0.3747677803039551,-0.3782639503479004,0.611000657081604,0.49493759870529175,0.38878992199897766,-0.35995736718177795,0.7299540042877197,0.5606534481048584,0.41266870498657227,0.002253306098282337,0.9999204277992249,0.5217722058296204,0.41809433698654175,-0.0022677420638501644,0.9999163746833801,0.5719199776649475,0.5254796147346497,0.07299599796533585,0.5213468074798584,0.5104955434799194,0.5240974426269531,-0.21453483402729034,0.732883632183075,0.5538884401321411,0.4817824065685272,0.357312947511673,0.43856877088546753,0.5197075605392456,0.647850751876831,-0.12863925099372864,0.6041870713233948,0.5470032095909119,0.48790547251701355,0.3353336453437805,0.4662054479122162,0.5168846845626831,0.6743274927139282,-0.2204374074935913,0.6176910400390625
66,2.2,0.5081334114074707,0.2737096846103668,-0.4315875470638275,0.9999032616615295,0.5549529194831848,0.29548928141593933,-0.2358764111995697,0.9999821186065674,0.48231667280197144,0.3033926784992218,-0.24019047617912292,0.9999833703041077,0.5922395586967468,0.361528605222702,-0.23708733916282654,0.8885109424591064,0.44562000036239624,0.3693404197692871,-0.21627557277679443,0.8979167938232422,0.5487979054450989,0.38906678557395935,-0.30442604422569275,0.5575998425483704,0.4815642237663269,0.3898315727710724,-0.21989937126636505,0.6639918088912964,0.5510728359222412,0.42864879965782166,0.007164466194808483,0.9999171495437622,0.5119562745094299,0.4287574887275696,-0.007186523638665676,0.9999216198921204,0.5522987246513367,0.5407170653343201,0.02392195537686348,0.46997514367103577,0.5057970285415649,0.5367915034294128,-0.16304796934127808,0.6990554332733154,0.5156256556510925,0.5193348526954651,0.35049381852149963,0.3954183757305145,0.5190550684928894,0.66087406873703,-0.064534492790699,0.5906895399093628,0.5035613179206848,0.5441436171531677,0.21395857632160187,0.4209842085838318,0.5203778147697449,0.6929514408111572,-0.15896180272102356,0.5926064848899841
67,2.2333333333333334,0.508366584777832,0.27175211906433105,-0.43195945024490356,0.9998884201049805,0.5551102757453918,0.29889625310897827,-0.24041971564292908,0.9999791979789734,0.481755793094635,0.3076499104499817,-0.2480950653553009,0.9999830722808838,0.592786431312561,0.36297038197517395,-0.23658187687397003,0.8614305853843689,0.44290798902511597,0.3752458691596985,-0.21460139751434326,0.8797581791877747,0.5516806840896606,0.3912142813205719,-0.28509384393692017,0.5086366534233093,0.48385563492774963,0.3928988575935364,-0.21864254772663116,0.6112333536148071,0.5502745509147644,0.4295561909675598,0.005612488370388746,0.9999174475669861,0.5116907358169556,0.4274379014968872,-0.0056355842389166355,0.9999275207519531,0.5510630011558533,0.543563961982727,0.015479308553040028,0.424394816160202,0.5054143667221069,0.5417454242706299,-0.1106601357460022,0.6692251563072205,0.5141903758049011,0.5215266942977905,0.26435938477516174,0.3567969799041748,0.5189582109451294,0.6631289720535278,-0.02078864723443985,0.5882370471954346,0.4974861741065979,0.5607646703720093,0.18575860559940338,0.3807010352611542,0.5203698873519897,0.6960113644599915,-0.14447353780269623,0.578971266746521
68,2.2666666666666666,0.508414626121521,0.2730909287929535,-0.42705613374710083,0.9998683333396912,0.556020975112915,0.30012229084968567,-0.23293432593345642,0.99997478723526,0.4817177653312683,0.30858901143074036,-0.24221143126487732,0.9999823570251465,0.5921079516410828,0.36343175172805786,-0.15706996619701385,0.8250092267990112,0.4429253935813904,0.3754051923751831,-0.16963742673397064,0.8542636632919312,0.5508955717086792,0.3920435309410095,-0.12233664095401764,0.46247416734695435,0.4830242097377777,0.3934020698070526,-0.1372099220752716,0.5596787333488464,0.549970269203186,0.43213436007499695,0.005002310033887625,0.9999171495437622,0.5113076567649841,0.4290272891521454,-0.005008315667510033,0.9999323487281799,0.5502766370773315,0.5451381206512451,0.022029366344213486,0.38412219285964966,0.5041242837905884,0.5447043180465698,-0.10444794595241547,0.6450009942054749,0.5170554518699646,0.5406312942504883,0.24469825625419617,0.3224983513355255,0.5180318355560303,0.6607943773269653,0.003151818411424756,0.5864198803901672,0.5008735656738281,0.5830947756767273,0.19821462035179138,0.3449930250644684,0.5190137028694153,0.6964278817176819,-0.08618713915348053,0.5678823590278625
69,2.3,0.5079008936882019,0.27667248249053955,-0.4305187165737152,0.9998594522476196,0.557192862033844,0.30007028579711914,-0.23598496615886688,0.9999719262123108,0.48263436555862427,0.30821800231933594,-0.23958203196525574,0.9999824166297913,0.591532826423645,0.36343666911125183,-0.15610012412071228,0.7944725155830383,0.4454537034034729,0.37261471152305603,-0.15813663601875305,0.8336132764816284,0.550463080406189,0.39331358671188354,-0.1166590005159378,0.42196035385131836,0.48075276613235474,0.39298340678215027,-0.12492194026708603,0.5178581476211548,0.5500749945640564,0.43213599920272827,0.004425662104040384,0.9999182224273682,0.5112345218658447,0.4283604621887207,-0.004426918923854828,0.9999371767044067,0.5530699491500854,0.5468663573265076,0.018850941210985184,0.3483967185020447,0.5045225024223328,0.5451176166534424,-0.09621681272983551,0.6268646121025085,0.5161584615707397,0.5504390001296997,0.23653507232666016,0.2919924557209015,0.5188817381858826,0.6613086462020874,0.012688906863331795,0.5872012376785278,0.5005869269371033,0.5896342396736145,0.18641133606433868,0.3136598467826843,0.5195412039756775,0.6961373090744019,-0.07377447187900543,0.5614687204360962
70,2.3333333333333335,0.49665307998657227,0.2798459827899933,-0.43569451570510864,0.9998734593391418,0.5408329367637634,0.3053699731826782,-0.21636275947093964,0.9999746680259705,0.46936988830566406,0.3199148178100586,-0.23838722705841064,0.9999839663505554,0.5774188041687012,0.35805922746658325,-0.09757126122713089,0.8134415745735168,0.42717331647872925,0.38212674856185913,-0.29695987701416016,0.8499593734741211,0.5532655715942383,0.4115350544452667,-0.055620305240154266,0.47242510318756104,0.4704361855983734,0.38421016931533813,-0.4329012930393219,0.5579765439033508,0.5310901403427124,0.43987977504730225,-0.0018008522456511855,0.999925434589386,0.4948161244392395,0.4467991292476654,0.0016553271561861038,0.999942421913147,0.5176974534988403,0.5175545811653137,-0.2760312259197235,0.4128046929836273,0.4997268319129944,0.5654303431510925,-0.013333243317902088,0.6557537317276001,0.5249103903770447,0.5794109106063843,-0.0592203326523304,0.3440250754356384,0.5196691155433655,0.6679834723472595,0.17600488662719727,0.6228508353233337,0.5167216658592224,0.6237896084785461,-0.12034428119659424,0.36980122327804565,0.5181809067726135,0.7047080397605896,0.10205427557229996,0.5972952842712402
71,2.3666666666666667,0.49598756432533264,0.2768993675708771,-0.4414123594760895,0.9998860955238342,0.5391076803207397,0.30646035075187683,-0.22155828773975372,0.999977171421051,0.4670046865940094,0.32324662804603577,-0.23760561645030975,0.9999855160713196,0.5774050951004028,0.3546368181705475,-0.12222470343112946,0.8320240378379822,0.42293810844421387,0.3878268003463745,-0.32263433933258057,0.8649520874023438,0.5545848608016968,0.4147918224334717,-0.09394003450870514,0.5250243544578552,0.46865683794021606,0.3840431571006775,-0.4668707251548767,0.6020012497901917,0.5306949019432068,0.44596344232559204,-0.009617885574698448,0.9999327063560486,0.4945434629917145,0.4543786644935608,0.009465566836297512,0.9999479055404663,0.5125054121017456,0.5082718133926392,-0.32497555017471313,0.47151368856430054,0.5009694695472717,0.5765695571899414,0.044447384774684906,0.6899664402008057,0.5298411250114441,0.6004239320755005,-0.11349014937877655,0.4094890058040619,0.5190731883049011,0.6696831583976746,0.2634340822696686,0.6572851538658142,0.522079586982727,0.6438261866569519,-0.18274298310279846,0.4326659142971039,0.5161712765693665,0.7055255174636841,0.19544579088687897,0.6347949504852295
72,2.4,0.4953390955924988,0.27593475580215454,-0.40130162239074707,0.9998974800109863,0.5392877459526062,0.3074091672897339,-0.18525847792625427,0.9999794363975525,0.4672403335571289,0.32457685470581055,-0.19749793410301208,0.9999868869781494,0.5756627917289734,0.3529839515686035,-0.09225288778543472,0.8487746715545654,0.4265454411506653,0.3833087086677551,-0.29134947061538696,0.8784295320510864,0.5545839667320251,0.4139692485332489,-0.07639314234256744,0.5724466443061829,0.4692814350128174,0.3819444477558136,-0.44889646768569946,0.6413983106613159,0.529910147190094,0.4505581259727478,-0.010203903540968895,0.9999393224716187,0.49454060196876526,0.45823317766189575,0.010054541751742363,0.9999528527259827,0.5163940191268921,0.5067340135574341,-0.3478378355503082,0.524353563785553,0.5011908411979675,0.5747616291046143,0.034254468977451324,0.7208007574081421,0.5251172780990601,0.615169882774353,-0.16808167099952698,0.4685016870498657,0.5196305513381958,0.6714886426925659,0.24801161885261536,0.6881186366081238,0.5226861238479614,0.6651818752288818,-0.260653018951416,0.4893512725830078,0.5169918537139893,0.7031046152114868,0.16914716362953186,0.6692336201667786
73,2.433333333333333,0.49439048767089844,0.27868378162384033,-0.4059353768825531,0.9999077320098877,0.5400052070617676,0.3074922561645508,-0.19677770137786865,0.9999814629554749,0.46793562173843384,0.32512155175209045,-0.20478424429893494,0.9999880194664001,0.5752612948417664,0.3517721891403198,-0.09555091708898544,0.8637977242469788,0.4257543981075287,0.3821527659893036,-0.2921409010887146,0.8904958963394165,0.5545664429664612,0.41357067227363586,-0.06860503554344177,0.6150106191635132,0.4662327170372009,0.38082265853881836,-0.44961270689964294,0.675806999206543,0.5281550884246826,0.4472866356372833,-0.0096155209466815,0.9999448657035828,0.49378880858421326,0.4540645480155945,0.009473105892539024,0.9999566078186035,0.5165022611618042,0.5085850954055786,-0.31300416588783264,0.5718550682067871,0.5017470121383667,0.5738794207572937,0.03319447487592697,0.7478235960006714,0.527436375617981,0.6143567562103271,-0.1263604462146759,0.5211997628211975,0.5193054676055908,0.6693224310874939,0.24478980898857117,0.7084838151931763,0.5220996737480164,0.6578137874603271,-0.20664183795452118,0.5398690700531006,0.5162074565887451,0.7046799063682556,0.17411978542804718,0.6940068602561951
74,2.466666666666667,0.48949486017227173,0.2779570519924164,-0.3945494294166565,0.9999169111251831,0.5339275598526001,0.3064136207103729,-0.1915803700685501,0.9999832510948181,0.460993230342865,0.3217507302761078,-0.20785224437713623,0.999988853931427,0.5685060620307922,0.34624096751213074,-0.08818665891885757,0.8768225312232971,0.4223426282405853,0.3809444308280945,-0.2839966416358948,0.9009453058242798,0.5521291494369507,0.4093601703643799,-0.061692409217357635,0.6516058444976807,0.4668825566768646,0.37657684087753296,-0.4269863963127136,0.6982691287994385,0.5206551551818848,0.444832444190979,-0.008574267849326134,0.9999480843544006,0.48722267150878906,0.44935348629951477,0.008468503132462502,0.9999571442604065,0.5001121759414673,0.4981631934642792,-0.2885635793209076,0.6137343049049377,0.5003787875175476,0.5667257905006409,0.026128599420189857,0.7618604302406311,0.5131012797355652,0.6115410923957825,-0.14048197865486145,0.5628677010536194,0.5135881304740906,0.6693900227546692,0.1965932697057724,0.6974880695343018,0.5073795914649963,0.6528573632240295,-0.22519056499004364,0.5809426307678223,0.5125393271446228,0.7058560252189636,0.11762261390686035,0.6929384469985962
75,2.5,0.48675188422203064,0.2769828140735626,-0.3943721354007721,0.9999251365661621,0.5340536832809448,0.30534860491752625,-0.19328905642032623,0.999984860420227,0.4598303437232971,0.3200637698173523,-0.20825040340423584,0.9999894499778748,0.5680006742477417,0.34493714570999146,-0.08817495405673981,0.888361394405365,0.42146405577659607,0.38037753105163574,-0.2846633195877075,0.9103156328201294,0.5516037940979004,0.40724265575408936,-0.05775398761034012,0.6830710768699646,0.4654494822025299,0.3744274079799652,-0.42997804284095764,0.709719717502594,0.5202975869178772,0.4428974986076355,-0.00807739794254303,0.9999505877494812,0.48448610305786133,0.447068989276886,0.007993602193892002,0.9999573230743408,0.49698901176452637,0.49668094515800476,-0.27754178643226624,0.6508417129516602,0.500609278678894,0.5647155046463013,0.015125768259167671,0.7741822004318237,0.50836181640625,0.6032793521881104,-0.08715866506099701,0.5873041152954102,0.5123671889305115,0.6695309281349182,0.22016024589538574,0.677829384803772,0.5062097311019897,0.6506745219230652,-0.15727083384990692,0.6068633794784546,0.5122247934341431,0.7063519954681396,0.15405677258968353,0.6783987283706665
76,2.533333333333333,0.48214221000671387,0.27355867624282837,-0.42333531379699707,0.999932587146759,0.5266610383987427,0.30062881112098694,-0.22270376980304718,0.9999863505363464,0.4527228772640228,0.3176574409008026,-0.21799695491790771,0.999989926815033,0.5616183280944824,0.3433328866958618,-0.1138075590133667,0.8994991183280945,0.4138716161251068,0.38118526339530945,-0.29615360498428345,0.9190894961357117,0.5494312047958374,0.4060479402542114,-0.10338778793811798,0.7147519588470459,0.46253839135169983,0.3754301369190216,-0.43579182028770447,0.7370695471763611,0.5108250379562378,0.4386145770549774,-0.013203492388129234,0.9999547004699707,0.475761353969574,0.44154468178749084,0.013090205378830433,0.9999567270278931,0.49085044860839844,0.4998100697994232,-0.31137996912002563,0.6856405735015869,0.4934360980987549,0.5615609288215637,0.1002000942826271,0.7931567430496216,0.4828227162361145,0.637005627155304,-0.1534290760755539,0.6284596920013428,0.5100237727165222,0.6285427808761597,0.3762991428375244,0.6166037917137146,0.4779021143913269,0.6767430901527405,-0.24329665303230286,0.6459015011787415,0.5066469311714172,0.6663073897361755,0.3414090573787689,0.6312211155891418
77,2.566666666666667,0.4821253716945648,0.27319368720054626,-0.44089189171791077,0.9999393224716187,0.5257263779640198,0.2962731420993805,-0.24678361415863037,0.9999877214431763,0.45160144567489624,0.3156314492225647,-0.2348102331161499,0.9999905824661255,0.5613634586334229,0.34304410219192505,-0.14452286064624786,0.9095020294189453,0.4129796624183655,0.3812835216522217,-0.3215530514717102,0.9268225431442261,0.5489367842674255,0.4055766761302948,-0.11309690773487091,0.743239164352417,0.45970624685287476,0.3756360709667206,-0.4685037136077881,0.7599303722381592,0.5111644864082336,0.435730904340744,-0.015968959778547287,0.9999589920043945,0.4739658236503601,0.43850526213645935,0.015860190615057945,0.9999597668647766,0.48909425735473633,0.5042183995246887,-0.32058852910995483,0.7170212268829346,0.4940107464790344,0.5623775124549866,0.10561595112085342,0.8124397397041321,0.47965818643569946,0.6406373977661133,-0.14942511916160583,0.6655701994895935,0.5090731978416443,0.6215694546699524,0.40055686235427856,0.5632243752479553,0.4719691872596741,0.6851691603660583,-0.2361605167388916,0.681186318397522,0.5080224871635437,0.6626492142677307,0.3692285120487213,0.5938612222671509
78,2.6,0.4727199077606201,0.26960960030555725,-0.43149447441101074,0.9999454021453857,0.5172463059425354,0.29614493250846863,-0.23334717750549316,0.9999889731407166,0.44199028611183167,0.3155471682548523,-0.23368790745735168,0.9999914765357971,0.5566900372505188,0.34418952465057373,-0.10421304404735565,0.9185080528259277,0.40410345792770386,0.3844815194606781,-0.3106161952018738,0.9340537786483765,0.5485204458236694,0.4055962860584259,-0.04402836039662361,0.7688793540000916,0.4496516287326813,0.3909445106983185,-0.4555480480194092,0.7837953567504883,0.5014818906784058,0.4406086802482605,-0.017917849123477936,0.9999625086784363,0.4640488624572754,0.4396152198314667,0.017784181982278824,0.999961256980896,0.4817744791507721,0.5400396585464478,-0.23335440456867218,0.745232105255127,0.48209840059280396,0.5344732999801636,0.1170365959405899,0.8079423904418945,0.4654958248138428,0.671466588973999,-0.1433146893978119,0.6989437937736511,0.48878368735313416,0.5985527634620667,0.38968199491500854,0.5185443758964539,0.45852217078208923,0.6985143423080444,-0.2512216866016388,0.7130307555198669,0.4816940724849701,0.6341179609298706,0.3518943190574646,0.5787572264671326
79,2.6333333333333333,0.4724486470222473,0.2696053683757782,-0.4306320548057556,0.9999508857727051,0.5149526000022888,0.2956896126270294,-0.2230650931596756,0.9999901056289673,0.441701740026474,0.3153579831123352,-0.22276845574378967,0.999992311000824,0.5555593967437744,0.3444322645664215,-0.09488241374492645,0.9266563057899475,0.4049769341945648,0.3863714337348938,-0.30811426043510437,0.9406388998031616,0.5490466952323914,0.40534812211990356,-0.03921740502119064,0.7919912934303284,0.44910377264022827,0.39213037490844727,-0.4554763436317444,0.805388867855072,0.5009551048278809,0.442684143781662,-0.018284205347299576,0.9999661445617676,0.4621821939945221,0.44094133377075195,0.018151741474866867,0.9999642968177795,0.48188096284866333,0.536487877368927,-0.3217293620109558,0.7707083225250244,0.4816780090332031,0.5648273825645447,0.14660756289958954,0.8269745111465454,0.4670023024082184,0.6676326990127563,-0.22683672606945038,0.7290490865707397,0.4878920614719391,0.6102450489997864,0.4371366500854492,0.47748231887817383,0.4566579759120941,0.6926468014717102,-0.34103626012802124,0.741726815700531,0.4789498746395111,0.6430538296699524,0.40350523591041565,0.5762301087379456
80,2.6666666666666665,0.4713682234287262,0.2659549415111542,-0.40874534845352173,0.9999557733535767,0.5145367980003357,0.29534080624580383,-0.2128625214099884,0.9999911189079285,0.4416084885597229,0.31531381607055664,-0.2104005366563797,0.999993085861206,0.5546483993530273,0.34470629692077637,-0.08827231824398041,0.9339879751205444,0.4052209258079529,0.3861435651779175,-0.29835352301597595,0.946551501750946,0.5491326451301575,0.40527772903442383,-0.03015398420393467,0.8127915859222412,0.4489290714263916,0.39265334606170654,-0.44144052267074585,0.8248088359832764,0.500065267086029,0.4440414309501648,-0.01984272710978985,0.9999693036079407,0.4612859785556793,0.4415934681892395,0.019706202670931816,0.999966025352478,0.4805465638637543,0.5421447157859802,-0.2936667501926422,0.7936360836029053,0.478314071893692,0.5607081055641174,0.16339142620563507,0.8432345986366272,0.4654425084590912,0.6696543097496033,-0.20936927199363708,0.7561430931091309,0.4843824803829193,0.60931396484375,0.44149094820022583,0.4480592906475067,0.45632609724998474,0.6956951022148132,-0.3237265646457672,0.7675526142120361,0.47517600655555725,0.6435757279396057,0.4021332859992981,0.581020712852478
81,2.7,0.47050365805625916,0.2630273103713989,-0.4075965881347656,0.99996018409729,0.5143460035324097,0.2951259911060333,-0.20940856635570526,0.9999920129776001,0.44088903069496155,0.3151610493659973,-0.2092646360397339,0.9999937415122986,0.5543981790542603,0.3447433412075043,-0.10026498883962631,0.9405859112739563,0.40484172105789185,0.3864467740058899,-0.297262579202652,0.9518725275993347,0.54871666431427,0.40517914295196533,-0.061754632741212845,0.8315117955207825,0.4487026333808899,0.39325088262557983,-0.4471074640750885,0.8422913551330566,0.5001201033592224,0.4442647695541382,-0.018467050045728683,0.9999719262123108,0.46131524443626404,0.4421379566192627,0.01834276132285595,0.9999664425849915,0.482139527797699,0.5402734875679016,-0.3092918395996094,0.8142684698104858,0.47582298517227173,0.5606147050857544,0.13529813289642334,0.8579455614089966,0.46561017632484436,0.6683423519134521,-0.2190532684326172,0.7805259823799133,0.4769779145717621,0.6150578260421753,0.4043788015842438,0.4146793484687805,0.4561305046081543,0.695386528968811,-0.33632344007492065,0.7907925844192505,0.4672655463218689,0.6479117274284363,0.36049291491508484,0.5710532665252686
82,2.7333333333333334,0.4639243185520172,0.2635175287723541,-0.4144101142883301,0.99996417760849,0.5065175294876099,0.30276668071746826,-0.2102634608745575,0.9999927878379822,0.4322839677333832,0.31673678755760193,-0.23056595027446747,0.9999942183494568,0.5483988523483276,0.3483613133430481,-0.10472314059734344,0.9461362957954407,0.3967841565608978,0.391507089138031,-0.31008535623550415,0.9561567902565002,0.5479405522346497,0.404006689786911,-0.07070261240005493,0.8479742407798767,0.4398013949394226,0.3986647427082062,-0.46391820907592773,0.8576456308364868,0.49090638756752014,0.45567619800567627,-0.018364686518907547,0.999971866607666,0.4520189166069031,0.45289328694343567,0.01827150583267212,0.9999595284461975,0.4762112498283386,0.5699830055236816,-0.16841691732406616,0.8302848935127258,0.4536105990409851,0.5746277570724487,0.11414574086666107,0.7928743362426758,0.45540833473205566,0.6889383792877197,-0.08714154362678528,0.8014981746673584,0.45523133873939514,0.6403006315231323,0.38898777961730957,0.38502153754234314,0.4488663077354431,0.7251152992248535,-0.20496883988380432,0.8113629817962646,0.44720712304115295,0.6779935359954834,0.33917713165283203,0.5448083281517029
83,2.7666666666666666,0.464285284280777,0.26563820242881775,-0.42381057143211365,0.9999675750732422,0.5053507685661316,0.3044961392879486,-0.22171473503112793,0.9999934434890747,0.4323657155036926,0.3174884021282196,-0.247402623295784,0.999993622303009,0.5485528111457825,0.35047081112861633,-0.17957045137882233,0.9490253925323486,0.3955663740634918,0.3920263648033142,-0.32382285594940186,0.9583505392074585,0.5475388765335083,0.4048941731452942,-0.2358333319425583,0.8580490946769714,0.4388176500797272,0.40107548236846924,-0.48050951957702637,0.8674983382225037,0.48974791169166565,0.45712774991989136,-0.013001595623791218,0.999961793422699,0.4512103199958801,0.453098326921463,0.012896755710244179,0.9999269843101501,0.4741925299167633,0.5723298788070679,-0.17965850234031677,0.8022233247756958,0.45112648606300354,0.576465368270874,0.07542725652456284,0.7198612093925476,0.4549837112426758,0.6919674277305603,-0.08872832357883453,0.8035485148429871,0.4567459225654602,0.6443508863449097,0.35860684514045715,0.3485091030597687,0.4501267969608307,0.7282295823097229,-0.20270569622516632,0.8199281096458435,0.4507473111152649,0.681151807308197,0.30501848459243774,0.4954199194908142
84,2.8,0.45610952377319336,0.27086159586906433,-0.4029870629310608,0.9999687075614929,0.49705180525779724,0.3160744905471802,-0.2224482297897339,0.9999933242797852,0.4212791919708252,0.3257058560848236,-0.23396971821784973,0.9999909400939941,0.5441504120826721,0.3740803599357605,-0.27359622716903687,0.9438130855560303,0.3847696781158447,0.3997105360031128,-0.3083237111568451,0.9589994549751282,0.5358853340148926,0.40132027864456177,-0.42719754576683044,0.832270622253418,0.43284398317337036,0.4060991406440735,-0.4574654996395111,0.8709378242492676,0.4819909632205963,0.46512845158576965,-0.011978009715676308,0.9999571442604065,0.4433813989162445,0.46271827816963196,0.011871865019202232,0.9999164342880249,0.4699789583683014,0.5916028618812561,-0.14965805411338806,0.7609902024269104,0.4341813921928406,0.590755820274353,-0.037253569811582565,0.6584584712982178,0.45077353715896606,0.7012016177177429,-0.018239153549075127,0.7759993076324463,0.4607364535331726,0.602182924747467,0.25107255578041077,0.31512451171875,0.44573086500167847,0.7400986552238464,-0.10586575418710709,0.7950289249420166,0.4579051434993744,0.6421812772750854,0.2302558720111847,0.44842270016670227
85,2.8333333333333335,0.45551419258117676,0.27569010853767395,-0.37296751141548157,0.9999703764915466,0.4962465763092041,0.3196433484554291,-0.19713088870048523,0.9999935030937195,0.4211401343345642,0.3270461857318878,-0.19650878012180328,0.9999879002571106,0.5422400236129761,0.37173131108283997,-0.2064553201198578,0.943832278251648,0.38537299633026123,0.39854151010513306,-0.2594491243362427,0.9605731964111328,0.5325713157653809,0.4013059437274933,-0.31408971548080444,0.8300637006759644,0.43117111921310425,0.40777942538261414,-0.4110088348388672,0.8759535551071167,0.48213449120521545,0.46786248683929443,-0.012172077782452106,0.999947726726532,0.44383978843688965,0.46722495555877686,0.012068843469023705,0.9998856782913208,0.4684208035469055,0.5911670327186584,-0.18729451298713684,0.7460438013076782,0.43720000982284546,0.5912919640541077,0.0094427689909935,0.6035692691802979,0.4513414800167084,0.7019227147102356,-0.06653403490781784,0.7647190690040588,0.45856595039367676,0.5946712493896484,0.2934579849243164,0.28452497720718384,0.4443741738796234,0.7414926290512085,-0.16266703605651855,0.7905184030532837,0.45699119567871094,0.6296428442001343,0.2978990077972412,0.4058275818824768
86,2.8666666666666667,0.4462704062461853,0.28028038144111633,-0.38949134945869446,0.9999719858169556,0.4871644079685211,0.3265702426433563,-0.25426191091537476,0.9999932050704956,0.41339653730392456,0.3322521448135376,-0.23241515457630157,0.9999857544898987,0.5343023538589478,0.3890995979309082,-0.3237249255180359,0.9368318915367126,0.3779599070549011,0.40076306462287903,-0.29284948110580444,0.9534521102905273,0.4997957646846771,0.3996649980545044,-0.4620750844478607,0.7937142848968506,0.4208797514438629,0.41176968812942505,-0.43407830595970154,0.8624019622802734,0.47511228919029236,0.46921318769454956,-0.011883420869708061,0.9999428391456604,0.43736332654953003,0.4667462706565857,0.01177850179374218,0.9998756051063538,0.46477246284484863,0.595634400844574,-0.07072219997644424,0.6870614886283875,0.41859906911849976,0.5850008726119995,-0.04550088196992874,0.5469443202018738,0.44954973459243774,0.7082611322402954,0.04467509686946869,0.7224781513214111,0.4417456090450287,0.5651193261146545,0.22247573733329773,0.25658854842185974,0.44609516859054565,0.7446803450584412,-0.03829288110136986,0.7473821043968201,0.4443764090538025,0.585558295249939,0.21261826157569885,0.36629027128219604
87,2.9,0.4461502134799957,0.2928676903247833,-0.39727213978767395,0.9999691843986511,0.48601943254470825,0.3278343081474304,-0.24617597460746765,0.9999914765357971,0.4118194580078125,0.33570796251296997,-0.22543299198150635,0.9999816417694092,0.532217264175415,0.3915725350379944,-0.3072877526283264,0.9235839247703552,0.3777111768722534,0.4013591706752777,-0.2787145972251892,0.9429189562797546,0.49578437209129333,0.39782798290252686,-0.44746050238609314,0.7521367073059082,0.41944289207458496,0.41230320930480957,-0.42601513862609863,0.8492546081542969,0.4750761091709137,0.4702995717525482,-0.012328552082180977,0.9999328255653381,0.4367685914039612,0.4670771658420563,0.01222188025712967,0.9998621344566345,0.4632948040962219,0.5983414053916931,-0.050580721348524094,0.644303560256958,0.4157842993736267,0.5827367901802063,-0.06248871237039566,0.5029872059822083,0.44937530159950256,0.7064031362533569,0.0644841119647026,0.7002420425415039,0.4431002140045166,0.571212649345398,0.18318447470664978,0.23281970620155334,0.4451633393764496,0.7432562708854675,-0.01672026701271534,0.7185900807380676,0.44627705216407776,0.5958693027496338,0.16555272042751312,0.33249491453170776
88,2.933333333333333,0.4375980496406555,0.28850653767585754,-0.37502652406692505,0.9999307990074158,0.47620338201522827,0.3270874321460724,-0.21011368930339813,0.9999879598617554,0.4024023115634918,0.33625125885009766,-0.19356277585029602,0.999977171421051,0.5154927372932434,0.39393171668052673,-0.2874943017959595,0.9271024465560913,0.3686104416847229,0.40093693137168884,-0.2640407383441925,0.9407705068588257,0.4743316173553467,0.3898108899593353,-0.4385261535644531,0.7450389862060547,0.40665608644485474,0.4167648255825043,-0.40971001982688904,0.8388806581497192,0.4675523638725281,0.477489173412323,-0.005270504392683506,0.9999291300773621,0.4295702874660492,0.47329720854759216,0.005195666570216417,0.9998655319213867,0.46254029870033264,0.6036478877067566,-0.09586777538061142,0.6397018432617188,0.40764251351356506,0.5617357492446899,-0.21560850739479065,0.5190912485122681,0.45002397894859314,0.7044692635536194,0.09195825457572937,0.7050366997718811,0.4178832471370697,0.6158448457717896,0.02987501583993435,0.25494876503944397,0.4443322718143463,0.7465308308601379,0.0036285698879510164,0.7158104777336121,0.41079768538475037,0.6638915538787842,-0.030025610700249672,0.3436886668205261
89,2.966666666666667,0.4354049265384674,0.28590577840805054,-0.3767250180244446,0.9998798966407776,0.47442179918289185,0.32599788904190063,-0.20517602562904358,0.9999827742576599,0.40043655037879944,0.33616647124290466,-0.1931861788034439,0.9999708533287048,0.514397382736206,0.39463353157043457,-0.2826368808746338,0.9310325980186462,0.36760497093200684,0.400748610496521,-0.25552797317504883,0.9404386878013611,0.47366514801979065,0.3873809278011322,-0.4336458742618561,0.7450433969497681,0.4060582220554352,0.41846704483032227,-0.3882322907447815,0.8278378844261169,0.4663776755332947,0.47699156403541565,-0.0022897780872881413,0.9999201893806458,0.4278026521205902,0.473716139793396,0.002186367753893137,0.9998621940612793,0.46383580565452576,0.5998552441596985,-0.1203819066286087,0.6412264704704285,0.4075402319431305,0.5567687749862671,-0.20618529617786407,0.5335538387298584,0.4513692259788513,0.70268315076828,0.06054263189435005,0.7017502784729004,0.4181748926639557,0.6219186782836914,0.031183753162622452,0.27091267704963684,0.44589143991470337,0.743632435798645,-0.03405269235372543,0.7086814641952515,0.409626305103302,0.6751682162284851,-0.03508593142032623,0.3493750989437103
90,3.0,0.42834585905075073,0.283280611038208,-0.3354431688785553,0.9998561143875122,0.4649450182914734,0.3255617320537567,-0.1746569275856018,0.9999818205833435,0.3945859968662262,0.33578476309776306,-0.1452290564775467,0.9999702572822571,0.497854083776474,0.39481133222579956,-0.25425130128860474,0.9364506602287292,0.35948580503463745,0.40281835198402405,-0.20858128368854523,0.9404763579368591,0.4539593756198883,0.37958472967147827,-0.38910847902297974,0.7663377523422241,0.39486163854599,0.41954290866851807,-0.35420656204223633,0.836801290512085,0.4577130675315857,0.4799848198890686,-0.0037014982663094997,0.9999065399169922,0.4191667437553406,0.4764644503593445,0.0036786464042961597,0.9998587965965271,0.45652976632118225,0.6004960536956787,-0.0474071241915226,0.6336584091186523,0.4024236798286438,0.5555322766304016,-0.21932223439216614,0.5611155033111572,0.45239943265914917,0.7012739181518555,0.1198284775018692,0.7086964249610901,0.4026182293891907,0.6666016578674316,-0.045409806072711945,0.32287895679473877,0.44712314009666443,0.7405786514282227,0.028191015124320984,0.71353679895401,0.3895871341228485,0.6966210007667542,-0.12328438460826874,0.39589816331863403
91,3.033333333333333,0.4263059198856354,0.27747979760169983,-0.33005499839782715,0.9998485445976257,0.4637880325317383,0.32490673661231995,-0.16620813310146332,0.9999819397926331,0.39366403222084045,0.33500009775161743,-0.14414289593696594,0.9999704957008362,0.4979333281517029,0.3963443338871002,-0.2553022503852844,0.942272961139679,0.3589535355567932,0.40289896726608276,-0.22406527400016785,0.9441908001899719,0.45386019349098206,0.3791578412055969,-0.4048989415168762,0.788057804107666,0.39888879656791687,0.4191250801086426,-0.3771161437034607,0.8465976119041443,0.45676189661026,0.47995930910110474,-0.0038113538175821304,0.9999020099639893,0.41785702109336853,0.4769735038280487,0.003768917638808489,0.9998632669448853,0.45698556303977966,0.5973366498947144,-0.06482590734958649,0.6518011093139648,0.40360182523727417,0.5491365194320679,-0.27085739374160767,0.6010062098503113,0.452936589717865,0.6987277269363403,0.1200609803199768,0.7241984605789185,0.40095120668411255,0.6624282002449036,-0.0928037017583847,0.3841112554073334,0.4468962252140045,0.7376997470855713,0.02184123732149601,0.7269569635391235,0.3903023898601532,0.6984937787055969,-0.18170735239982605,0.44998621940612793
92,3.066666666666667,0.41812682151794434,0.2780175805091858,-0.35214608907699585,0.9998629689216614,0.4561429023742676,0.3275258541107178,-0.18398046493530273,0.9999832510948181,0.3849635124206543,0.34044796228408813,-0.15973812341690063,0.9999733567237854,0.4854305386543274,0.396905779838562,-0.3074421286582947,0.9479057788848877,0.35081562399864197,0.4088725745677948,-0.26740220189094543,0.9497343301773071,0.43926796317100525,0.37737491726875305,-0.4746150076389313,0.8079254031181335,0.3883511424064636,0.4195794463157654,-0.4408581852912903,0.8614916205406189,0.45107585191726685,0.4802645742893219,-0.003891153959557414,0.999910831451416,0.41205310821533203,0.48007732629776,0.003925089258700609,0.9998767971992493,0.4377662241458893,0.5946497917175293,-0.15626978874206543,0.6864066123962402,0.39556628465652466,0.5572246313095093,-0.2645152807235718,0.6408635377883911,0.45364776253700256,0.6437211036682129,0.1483462005853653,0.7098973393440247,0.3886147141456604,0.6947163343429565,-0.14184144139289856,0.44566407799720764,0.44778352975845337,0.6827256679534912,0.0935046598315239,0.7284574508666992,0.38289332389831543,0.724640429019928,-0.2574763894081116,0.5049217939376831
93,3.1,0.4174467623233795,0.2796647846698761,-0.3547593951225281,0.9998761415481567,0.45497751235961914,0.32846134901046753,-0.2032289057970047,0.999984622001648,0.38504794239997864,0.34258919954299927,-0.163109689950943,0.9999759793281555,0.48662957549095154,0.3994017243385315,-0.3193991780281067,0.9529189467430115,0.3496597409248352,0.40985772013664246,-0.2935648560523987,0.954710841178894,0.43918198347091675,0.3779962360858917,-0.47359275817871094,0.8249006271362305,0.3903878331184387,0.4185509979724884,-0.46496421098709106,0.8742610812187195,0.45049262046813965,0.4815336763858795,-0.004693623632192612,0.9999189972877502,0.4108090400695801,0.48118433356285095,0.004681561607867479,0.9998890161514282,0.43597927689552307,0.5936384797096252,-0.104500912129879,0.7174298763275146,0.39398902654647827,0.561514139175415,-0.278381884098053,0.6767585277557373,0.4538997709751129,0.6365545988082886,0.2172164022922516,0.6845313310623169,0.38661208748817444,0.6983538866043091,-0.18348971009254456,0.5010810494422913,0.4474637508392334,0.6779248118400574,0.16404521465301514,0.7222946286201477,0.38390210270881653,0.7273656129837036,-0.3036828339099884,0.5544062256813049
94,3.1333333333333333,0.4163045883178711,0.2810308635234833,-0.3745434880256653,0.9998865127563477,0.45510751008987427,0.32971468567848206,-0.2154502421617508,0.9999855756759644,0.384656697511673,0.34247952699661255,-0.1841781884431839,0.9999783039093018,0.48649969696998596,0.40088874101638794,-0.32316118478775024,0.957167387008667,0.34906715154647827,0.4109099209308624,-0.29897892475128174,0.9590337872505188,0.44056057929992676,0.37906020879745483,-0.474816232919693,0.8359489440917969,0.3911176323890686,0.4179283082485199,-0.46455034613609314,0.8808028697967529,0.45082229375839233,0.4808752238750458,-0.005084462463855743,0.9999262094497681,0.4109579622745514,0.48097410798072815,0.005040328484028578,0.9998999834060669,0.4372711181640625,0.5937572717666626,-0.08064918220043182,0.7446542978286743,0.393451988697052,0.5663267374038696,-0.2710348963737488,0.70903080701828,0.4547259211540222,0.6363250613212585,0.2348089963197708,0.6479438543319702,0.3869181275367737,0.699048638343811,-0.16594427824020386,0.5509272217750549,0.448047399520874,0.6768760085105896,0.18145239353179932,0.7006193399429321,0.3829675316810608,0.7270581722259521,-0.28189605474472046,0.5988999009132385
95,3.1666666666666665,0.4154894948005676,0.28041699528694153,-0.3596537411212921,0.9998956322669983,0.4547514021396637,0.3297528028488159,-0.21038131415843964,0.9999865889549255,0.384208083152771,0.3421160876750946,-0.17595894634723663,0.9999803900718689,0.48674169182777405,0.4007895886898041,-0.3091720938682556,0.9611771106719971,0.34853595495224,0.4113800525665283,-0.28675010800361633,0.962959349155426,0.4420252740383148,0.37938085198402405,-0.4587761461734772,0.8497363328933716,0.39014706015586853,0.4176909029483795,-0.4502786695957184,0.8875704407691956,0.45071157813072205,0.48044925928115845,-0.005280917510390282,0.9999325275421143,0.41094034910202026,0.481215238571167,0.00523130688816309,0.9999098777770996,0.438443124294281,0.5940992832183838,-0.06154996156692505,0.7691718935966492,0.39344367384910583,0.5686850547790527,-0.27415165305137634,0.7380880117416382,0.45535415410995483,0.6368735432624817,0.247104212641716,0.6147773265838623,0.3870670199394226,0.6995960474014282,-0.17922692000865936,0.5958014130592346,0.44819068908691406,0.6765244603157043,0.19133564829826355,0.6818774938583374,0.38278549909591675,0.727282702922821,-0.29644158482551575,0.6389662027359009
96,3.2,0.40884560346603394,0.28805604577064514,-0.37625497579574585,0.9998947978019714,0.4496006965637207,0.33560988306999207,-0.21342432498931885,0.9999874830245972,0.37737274169921875,0.35230427980422974,-0.20821090042591095,0.9999822378158569,0.4813268780708313,0.40724560618400574,-0.3227764368057251,0.9639081358909607,0.34181493520736694,0.4196302592754364,-0.3259127736091614,0.9659445881843567,0.43803638219833374,0.38484713435173035,-0.48214563727378845,0.8557257056236267,0.3850376009941101,0.4176453948020935,-0.49374788999557495,0.8848634362220764,0.4430916905403137,0.49076545238494873,0.006507010664790869,0.9999368786811829,0.4014441967010498,0.49111685156822205,-0.006584436632692814,0.9999186396598816,0.44317832589149475,0.6207677721977234,-0.01024601049721241,0.7449219822883606,0.3862510323524475,0.5961384773254395,-0.2871517241001129,0.763757050037384,0.4460630416870117,0.6367434859275818,0.3209032714366913,0.5545091032981873,0.3843335211277008,0.7269635796546936,-0.1944160759449005,0.6354976892471313,0.44141092896461487,0.6727181673049927,0.2732439637184143,0.617014467716217,0.382309228181839,0.7574293613433838,-0.32013213634490967,0.6740958094596863
97,3.2333333333333334,0.4077970087528229,0.2868167757987976,-0.3765608072280884,0.9998978972434998,0.4482715129852295,0.33751633763313293,-0.2125083953142166,0.9999883770942688,0.3775011897087097,0.35458672046661377,-0.21263739466667175,0.9999839067459106,0.4818640351295471,0.41115832328796387,-0.3277580738067627,0.9671800136566162,0.34315574169158936,0.419378399848938,-0.33604106307029724,0.9690289497375488,0.43904218077659607,0.3885706663131714,-0.4855566918849945,0.8673607707023621,0.38334304094314575,0.41773664951324463,-0.5056568384170532,0.8903860449790955,0.441189706325531,0.495488703250885,0.010080135427415371,0.9999418258666992,0.3999530076980591,0.4931690990924835,-0.010152841918170452,0.9999266266822815,0.4387185573577881,0.6141840815544128,0.015908828005194664,0.7564262747764587,0.3850947320461273,0.5989071726799011,-0.28735777735710144,0.7872849106788635,0.4431088864803314,0.6355031728744507,0.34957242012023926,0.507982611656189,0.3848852515220642,0.7244862914085388,-0.17590554058551788,0.6718204617500305,0.43900275230407715,0.674263060092926,0.2988465428352356,0.5754332542419434,0.3846915364265442,0.7592194676399231,-0.29873958230018616,0.7065131068229675
98,3.2666666666666666,0.39917245507240295,0.29492372274398804,-0.3925921320915222,0.9999013543128967,0.44202083349227905,0.3462185561656952,-0.2362002581357956,0.9999890923500061,0.36956843733787537,0.3634188771247864,-0.2172887623310089,0.9999852180480957,0.4784434735774994,0.4181216061115265,-0.32754430174827576,0.9677184224128723,0.3306350111961365,0.43196821212768555,-0.3231392800807953,0.9651991724967957,0.43381351232528687,0.39911001920700073,-0.4753757417201996,0.8664031624794006,0.36727848649024963,0.4234515428543091,-0.49073776602745056,0.8874912858009338,0.4311531186103821,0.5104762315750122,0.009164607152342796,0.9999456405639648,0.39109712839126587,0.5092455744743347,-0.009270421229302883,0.9999333620071411,0.4230591356754303,0.630862832069397,-0.0019445080542936921,0.7035554647445679,0.3818076252937317,0.6321297883987427,-0.102949358522892,0.789613664150238,0.4272833466529846,0.6364360451698303,0.33154964447021484,0.45882648229599,0.388955295085907,0.7460809350013733,0.05736149474978447,0.6953638195991516,0.4256382882595062,0.6842004656791687,0.31230610609054565,0.5214627385139465,0.3863867521286011,0.7874571681022644,-0.024818118661642075,0.7194693088531494
99,3.3,0.39796823263168335,0.2942979037761688,-0.40078005194664,0.9999107718467712,0.44165700674057007,0.349957138299942,-0.23592862486839294,0.9999898672103882,0.36694180965423584,0.36742761731147766,-0.22136767208576202,0.9999865293502808,0.47940635681152344,0.4199710488319397,-0.33823496103286743,0.9700056314468384,0.3288303017616272,0.4351409077644348,-0.34782737493515015,0.9675168395042419,0.43468326330184937,0.4023662507534027,-0.49038901925086975,0.8699974417686462,0.368804395198822,0.42287445068359375,-0.5225153565406799,0.8939096331596375,0.431515634059906,0.5142362117767334,0.007737454958260059,0.9999502897262573,0.3902777135372162,0.5119638442993164,-0.007793887052685022,0.9999397397041321,0.42075830698013306,0.6321030855178833,-0.1518794745206833,0.7136121392250061,0.3805255889892578,0.6338129639625549,-0.12394410371780396,0.8046951293945312,0.42678457498550415,0.6417174339294434,0.1978626847267151,0.42019617557525635,0.3906787037849426,0.7503909468650818,0.062135715037584305,0.7189685106277466,0.42462611198425293,0.6865189075469971,0.21028459072113037,0.48218128085136414,0.3885030150413513,0.7928701639175415,-0.016717882826924324,0.7326048016548157
100,3.3333333333333335,0.3909928500652313,0.3110838830471039,-0.4244001805782318,0.9999196529388428,0.4367247521877289,0.3570998013019562,-0.24897761642932892,0.999990701675415,0.36197981238365173,0.3706526458263397,-0.23856154084205627,0.9999878406524658,0.47701019048690796,0.42442429065704346,-0.35508546233177185,0.9722036123275757,0.3165587782859802,0.4364444613456726,-0.3599187731742859,0.9705058336257935,0.4348888397216797,0.40980297327041626,-0.5207861065864563,0.877875566482544,0.35792797803878784,0.4227216839790344,-0.5243181586265564,0.904036283493042,0.4223296642303467,0.5209997892379761,0.00036844037822447717,0.9999533891677856,0.3827779293060303,0.5163450241088867,-0.0005534525262191892,0.9999450445175171,0.40088266134262085,0.6306002736091614,-0.17392364144325256,0.7281224131584167,0.37690097093582153,0.6415919661521912,-0.04126659780740738,0.8064435720443726,0.4100397229194641,0.6837468147277832,0.1271473467350006,0.3917047679424286,0.3888743221759796,0.758659303188324,0.1487356573343277,0.7338119149208069,0.4037226140499115,0.7470299601554871,0.09828391671180725,0.4556047320365906,0.3870864510536194,0.7951768636703491,0.07519854605197906,0.7347977757453918
101,3.3666666666666667,0.39089739322662354,0.30967849493026733,-0.4060083031654358,0.9999276399612427,0.43511253595352173,0.35777366161346436,-0.23606693744659424,0.9999914169311523,0.36059895157814026,0.3713647723197937,-0.22401273250579834,0.9999889731407166,0.4769607484340668,0.4257943332195282,-0.342384397983551,0.9742198586463928,0.31568995118141174,0.4358763098716736,-0.3491746783256531,0.9732970595359802,0.4334145188331604,0.4118383526802063,-0.506929337978363,0.8829259276390076,0.3573051691055298,0.4225868582725525,-0.515450119972229,0.91286700963974,0.4213480055332184,0.5238257646560669,-0.0032124407589435577,0.9999569058418274,0.3827093839645386,0.5204962491989136,0.002982188481837511,0.999950110912323,0.3975908160209656,0.6304184794425964,-0.19977125525474548,0.749884307384491,0.3771265745162964,0.6445071697235107,-0.03403090313076973,0.816661536693573,0.4097728133201599,0.6841042637825012,0.10317687690258026,0.3716873526573181,0.386821448802948,0.7585362195968628,0.15542033314704895,0.7526459097862244,0.40198928117752075,0.7441170811653137,0.07306645810604095,0.43953338265419006,0.3855152726173401,0.7968662977218628,0.08217857033014297,0.74593585729599
102,3.4,0.39047569036483765,0.3232541084289551,-0.4140281677246094,0.9999346137046814,0.43579429388046265,0.3594255745410919,-0.24181561172008514,0.9999920129776001,0.35964518785476685,0.3726539611816406,-0.2276773452758789,0.999989926815033,0.4770668148994446,0.4266529977321625,-0.34223473072052,0.9754905104637146,0.3152530789375305,0.4374397397041321,-0.3474003076553345,0.9754731059074402,0.43492263555526733,0.4139973521232605,-0.5124803781509399,0.8874650001525879,0.35883238911628723,0.42243003845214844,-0.5213648080825806,0.9200325608253479,0.4211246073246002,0.5250802636146545,-0.0064391172491014,0.9999589323997498,0.38109102845191956,0.5208538770675659,0.006225506775081158,0.9999540448188782,0.39748483896255493,0.631970226764679,-0.18285903334617615,0.763258159160614,0.3762238919734955,0.6467874050140381,-0.023228485137224197,0.8173031806945801,0.4104464054107666,0.6951322555541992,0.11521729081869125,0.34783077239990234,0.387506902217865,0.7596075534820557,0.16705580055713654,0.762977123260498,0.4005461633205414,0.7476218342781067,0.08838293701410294,0.4161844849586487,0.3831004202365875,0.7994928956031799,0.10081015527248383,0.7453908324241638
103,3.433333333333333,0.3908018469810486,0.3250386118888855,-0.4183439612388611,0.9999409914016724,0.4355742931365967,0.3584384024143219,-0.2450139969587326,0.9999926686286926,0.358829528093338,0.3727869391441345,-0.2325422316789627,0.9999908208847046,0.4765329957008362,0.4268460273742676,-0.343686044216156,0.9768673777580261,0.3150790333747864,0.4378202259540558,-0.35223525762557983,0.9774511456489563,0.43539315462112427,0.41394054889678955,-0.5140034556388855,0.8930621147155762,0.3593562841415405,0.42239612340927124,-0.5262843370437622,0.9266402125358582,0.42131417989730835,0.5249453186988831,-0.006859158165752888,0.9999609589576721,0.3809574246406555,0.5209751129150391,0.006661410443484783,0.9999576807022095,0.39772579073905945,0.632598340511322,-0.16956529021263123,0.7750082612037659,0.3776097297668457,0.6476677656173706,-0.020039711147546768,0.8184279203414917,0.4104265570640564,0.6947028040885925,0.13178493082523346,0.32595542073249817,0.38786453008651733,0.7604708075523376,0.16921460628509521,0.7727166414260864,0.3996846377849579,0.7451933026313782,0.10525824129581451,0.39554363489151,0.38372328877449036,0.7983348369598389,0.10239970684051514,0.7465150356292725
104,3.466666666666667,0.38627761602401733,0.320516973733902,-0.43090882897377014,0.9999467730522156,0.42875152826309204,0.3564412295818329,-0.25554391741752625,0.999993085861206,0.3555789291858673,0.3703017830848694,-0.2406490594148636,0.9999915957450867,0.4748285412788391,0.42436569929122925,-0.3669573664665222,0.9777145981788635,0.30887067317962646,0.4374185800552368,-0.3652415871620178,0.9795213341712952,0.43619877099990845,0.4126948416233063,-0.5441832542419434,0.8927462100982666,0.348930686712265,0.41429778933525085,-0.5368528962135315,0.9332227110862732,0.41572386026382446,0.5203146934509277,-0.011751649901270866,0.9999610185623169,0.37656915187835693,0.5189555287361145,0.011550873517990112,0.9999598264694214,0.38527733087539673,0.5971319675445557,-0.26870524883270264,0.7915073037147522,0.37352150678634644,0.6534202098846436,-0.012226498685777187,0.8132596611976624,0.4000610411167145,0.699753999710083,-0.03996288403868675,0.33234646916389465,0.38819557428359985,0.7656806707382202,0.19144496321678162,0.7740532159805298,0.39216378331184387,0.7455769777297974,-0.09836707264184952,0.4083307087421417,0.38070353865623474,0.8034248948097229,0.12048914283514023,0.7403827905654907
105,3.5,0.3851284980773926,0.32251548767089844,-0.4359385073184967,0.9999518990516663,0.427349328994751,0.35549113154411316,-0.26306477189064026,0.9999933838844299,0.35430702567100525,0.36943694949150085,-0.24291078746318817,0.9999922513961792,0.4738066792488098,0.42297986149787903,-0.37447187304496765,0.977825403213501,0.30854278802871704,0.43656307458877563,-0.36529409885406494,0.981318473815918,0.4361928403377533,0.41095399856567383,-0.5503883361816406,0.8872503638267517,0.3502783179283142,0.4117087125778198,-0.5366429090499878,0.9387316703796387,0.4150962829589844,0.5182068943977356,-0.015153229236602783,0.9999603033065796,0.3759879469871521,0.517170250415802,0.014952701516449451,0.9999616146087646,0.3824131190776825,0.5913732051849365,-0.2592220604419708,0.8033487796783447,0.3714600205421448,0.6540396213531494,-0.020505409687757492,0.8021933436393738,0.39783161878585815,0.6985108852386475,-0.03062973916530609,0.3261052966117859,0.3888005018234253,0.7685362100601196,0.16629746556282043,0.7752841114997864,0.38954269886016846,0.741813600063324,-0.08420977741479874,0.4042728543281555,0.37775182723999023,0.8068603277206421,0.09534237533807755,0.7328171730041504
106,3.533333333333333,0.3784960210323334,0.3110598027706146,-0.42425909638404846,0.9999566674232483,0.41751956939697266,0.3551727831363678,-0.25519078969955444,0.9999939203262329,0.34696632623672485,0.36868298053741455,-0.24727217853069305,0.9999926686286926,0.4702771306037903,0.4126303791999817,-0.37130793929100037,0.9799553155899048,0.2979021370410919,0.42581549286842346,-0.3930394947528839,0.9830615520477295,0.4294225573539734,0.37774500250816345,-0.5459993481636047,0.8981145024299622,0.33908265829086304,0.3958654999732971,-0.5500702261924744,0.9443568587303162,0.40438684821128845,0.5151061415672302,-0.013547884300351143,0.9999626874923706,0.36805644631385803,0.5157932639122009,0.013369634747505188,0.9999631643295288,0.37809908390045166,0.5808757543563843,-0.3086037039756775,0.8220866322517395,0.3727882504463196,0.6485358476638794,0.0089624784886837,0.8079472184181213,0.3723868727684021,0.7191925048828125,-0.18507865071296692,0.3919793665409088,0.38684701919555664,0.7628358006477356,0.19800683856010437,0.7914513349533081,0.36475443840026855,0.7536795139312744,-0.3015628457069397,0.46313223242759705,0.37793785333633423,0.8059499859809875,0.10493238270282745,0.7540397644042969
107,3.566666666666667,0.3782989978790283,0.3091520369052887,-0.4232223629951477,0.9999609589576721,0.4161307215690613,0.3551443815231323,-0.25179412961006165,0.9999943375587463,0.3468087315559387,0.36730867624282837,-0.25143468379974365,0.9999930262565613,0.47003722190856934,0.4092363119125366,-0.3691382110118866,0.9816496968269348,0.29866912961006165,0.42140015959739685,-0.39112886786460876,0.9844930768013,0.42950281500816345,0.37319856882095337,-0.5388789176940918,0.9067422747612,0.3385809361934662,0.3892607092857361,-0.5496834516525269,0.9491285681724548,0.4041338860988617,0.5142080783843994,-0.012783895246684551,0.9999631643295288,0.36615750193595886,0.514889121055603,0.01261608861386776,0.9999628067016602,0.3780117332935333,0.5794745087623596,-0.297380656003952,0.8363941311836243,0.37372690439224243,0.6482568383216858,0.02001873590052128,0.7928363084793091,0.36983826756477356,0.7207774519920349,-0.16316987574100494,0.4467191696166992,0.385240375995636,0.7578604221343994,0.21946868300437927,0.7924625873565674,0.3655658960342407,0.7570425868034363,-0.2703098952770233,0.5138474702835083,0.37822261452674866,0.8011163473129272,0.13237163424491882,0.7595914006233215
108,3.6,0.37439408898353577,0.3074147701263428,-0.37700194120407104,0.9999648332595825,0.4101209044456482,0.36189979314804077,-0.23838737607002258,0.9999947547912598,0.3410301208496094,0.3683493733406067,-0.22074782848358154,0.9999927282333374,0.46357837319374084,0.3988092243671417,-0.36277180910110474,0.9833056926727295,0.2907536029815674,0.41146308183670044,-0.3833480775356293,0.9856021404266357,0.42457953095436096,0.358429878950119,-0.529860258102417,0.9154940247535706,0.3206622898578644,0.38212043046951294,-0.5269850492477417,0.9523804783821106,0.39515483379364014,0.5171279311180115,-0.017376210540533066,0.9999644756317139,0.35822033882141113,0.51872718334198,0.017163842916488647,0.999960720539093,0.37001582980155945,0.597773551940918,-0.3099239468574524,0.8438726663589478,0.36180296540260315,0.6579689383506775,0.07440643757581711,0.7365674376487732,0.3563757538795471,0.741362452507019,-0.1525815725326538,0.4833323061466217,0.3781260848045349,0.7192434668540955,0.36664313077926636,0.7172413468360901,0.3451138734817505,0.7781683802604675,-0.24812379479408264,0.5507047176361084,0.3751925230026245,0.764744222164154,0.32622605562210083,0.6920816898345947
109,3.6333333333333333,0.3737789988517761,0.3064238131046295,-0.36813241243362427,0.9999683499336243,0.409893274307251,0.3648388683795929,-0.22684064507484436,0.999995231628418,0.34005147218704224,0.3680538535118103,-0.20508602261543274,0.9999932646751404,0.4616885781288147,0.39640286564826965,-0.36317387223243713,0.9849658012390137,0.2919061481952667,0.407309889793396,-0.362815797328949,0.9869762659072876,0.42169705033302307,0.35665419697761536,-0.5439845323562622,0.9239305257797241,0.3172765076160431,0.38127487897872925,-0.513676106929779,0.9568381905555725,0.3948013186454773,0.5185964107513428,-0.019081460312008858,0.9999674558639526,0.3560478389263153,0.5208772420883179,0.018846843391656876,0.9999629855155945,0.36887913942337036,0.6078624129295349,-0.34299609065055847,0.8590913414955139,0.3539234399795532,0.6511573791503906,0.06583002954721451,0.7447196841239929,0.3541988432407379,0.7430180907249451,-0.17933490872383118,0.53398197889328,0.3796728849411011,0.7117066979408264,0.3758379817008972,0.6615342497825623,0.3431059718132019,0.7756121158599854,-0.28059884905815125,0.5948638319969177,0.3733144700527191,0.7534422278404236,0.3346969187259674,0.6557271480560303
110,3.6666666666666665,0.3702985346317291,0.3086596131324768,-0.25523629784584045,0.9999703764915466,0.4054659307003021,0.363800048828125,-0.11324934661388397,0.9999916553497314,0.34264615178108215,0.3674260973930359,-0.09953083097934723,0.9999819397926331,0.4444125294685364,0.37416577339172363,-0.21596376597881317,0.9857802987098694,0.2943252921104431,0.39826470613479614,-0.21399298310279846,0.9864081740379333,0.4108041226863861,0.34238332509994507,-0.3607681393623352,0.9300748109817505,0.31350910663604736,0.38207197189331055,-0.369968444108963,0.9590929746627808,0.3867397904396057,0.524901807308197,-0.016234103590250015,0.999952495098114,0.3497457504272461,0.5222877264022827,0.016049828380346298,0.9999386668205261,0.3631119430065155,0.6362556219100952,-0.16421015560626984,0.8583635091781616,0.33939966559410095,0.6541747450828552,0.01970393769443035,0.7182928323745728,0.3496883809566498,0.7671970129013062,-0.07885913550853729,0.5637407898902893,0.3517284691333771,0.7464424967765808,0.2458285540342331,0.6310965418815613,0.3423035740852356,0.8059477806091309,-0.16931995749473572,0.6236323118209839,0.3467656075954437,0.7809590697288513,0.17924517393112183,0.6309012770652771
111,3.7,0.36921170353889465,0.3092018961906433,-0.3003312349319458,0.9999728798866272,0.40454649925231934,0.36262261867523193,-0.15716347098350525,0.9999905228614807,0.34217432141304016,0.3664129078388214,-0.14224426448345184,0.9999749660491943,0.44265738129615784,0.3700188100337982,-0.26639556884765625,0.9862324595451355,0.29076439142227173,0.3987075686454773,-0.26263582706451416,0.9862768054008484,0.4088799059391022,0.33988234400749207,-0.41736283898353577,0.934211254119873,0.31240835785865784,0.38301464915275574,-0.4212163984775543,0.9595750570297241,0.3849591612815857,0.5277055501937866,-0.01617148146033287,0.9999396800994873,0.34747037291526794,0.5235934853553772,0.01596059463918209,0.999909520149231,0.3626421093940735,0.6422208547592163,-0.19991838932037354,0.850306510925293,0.33765026926994324,0.6543344855308533,0.035739585757255554,0.6692773699760437,0.3483775854110718,0.7696168422698975,-0.10888198763132095,0.5847048759460449,0.34870585799217224,0.7346833944320679,0.3069555163383484,0.5734559297561646,0.3417646586894989,0.8092901706695557,-0.22162190079689026,0.6464579701423645,0.3444713056087494,0.7718407511711121,0.2606269121170044,0.5771220922470093
112,3.7333333333333334,0.36437854170799255,0.31817322969436646,-0.2215452641248703,0.9999626874923706,0.39560559391975403,0.369811475276947,-0.09797877818346024,0.9999703764915466,0.33715519309043884,0.37139102816581726,-0.07206343114376068,0.9999605417251587,0.38731446862220764,0.4447423219680786,-0.10753099620342255,0.9093512892723083,0.2865535318851471,0.4024167060852051,-0.15310896933078766,0.9837623238563538,0.3590458929538727,0.49957096576690674,-0.17075765132904053,0.8562340140342712,0.3154957890510559,0.3766676187515259,-0.3179803490638733,0.962169349193573,0.3788028955459595,0.5343775153160095,-0.015775684267282486,0.9999227523803711,0.3436315953731537,0.5256671905517578,0.015604963526129723,0.9998905062675476,0.35724905133247375,0.6637532711029053,-0.0393589623272419,0.8342707753181458,0.319754421710968,0.6485010981559753,0.019833019003272057,0.6292747855186462,0.3438989520072937,0.7886097431182861,0.03898883983492851,0.6186918616294861,0.34033820033073425,0.62214195728302,0.2594328820705414,0.5208183526992798,0.33212095499038696,0.8266561627388,-0.05282003432512283,0.6721208691596985,0.33889466524124146,0.6431601047515869,0.24817471206188202,0.5285760164260864
113,3.7666666666666666,0.36328116059303284,0.32071924209594727,-0.1911546140909195,0.9999415874481201,0.39441773295402527,0.3747555911540985,-0.0775938332080841,0.99991375207901,0.3368348777294159,0.37572425603866577,-0.0389941930770874,0.9999395608901978,0.3876320719718933,0.44863489270210266,-0.11334151029586792,0.8295937180519104,0.2855157256126404,0.4043010175228119,-0.12497781217098236,0.9800070524215698,0.3619459867477417,0.47774508595466614,-0.19319847226142883,0.7787797451019287,0.31613028049468994,0.3727065324783325,-0.2989901006221771,0.9644015431404114,0.3765391707420349,0.541468620300293,-0.01949697732925415,0.9998990893363953,0.3422081470489502,0.5323610901832581,0.019349966198205948,0.9998739957809448,0.35560131072998047,0.6682945489883423,-0.06427263468503952,0.8095600605010986,0.3152448534965515,0.647861659526825,0.007296102587133646,0.5903228521347046,0.3434109091758728,0.7932182550430298,0.006816474255174398,0.6467522382736206,0.3436560332775116,0.6424255967140198,0.24430020153522491,0.474703848361969,0.3303370773792267,0.8297338485717773,-0.08916620910167694,0.6935890913009644,0.34232428669929504,0.6698340177536011,0.22302763164043427,0.4869551658630371
114,3.8,0.35726115107536316,0.3269016444683075,-0.18381580710411072,0.9999167323112488,0.3902166485786438,0.37459999322891235,-0.13426968455314636,0.9998807907104492,0.33368611335754395,0.38460439443588257,-0.05572674795985222,0.9997783899307251,0.36961856484413147,0.32572707533836365,-0.18195071816444397,0.8440960049629211,0.28797414898872375,0.4115920662879944,-0.12325388193130493,0.9668703675270081,0.3347470760345459,0.3003523349761963,-0.18698105216026306,0.7979912757873535,0.31342899799346924,0.3755882680416107,-0.24841658771038055,0.9565033912658691,0.3714185059070587,0.5415711998939514,-0.019297530874609947,0.9998602867126465,0.34306690096855164,0.532465934753418,0.019181828945875168,0.9998369812965393,0.3533444106578827,0.6653427481651306,0.004408166743814945,0.809386134147644,0.3246380686759949,0.6131266951560974,-0.038270968943834305,0.6211034059524536,0.3429025411605835,0.7671356201171875,0.15625393390655518,0.6719208359718323,0.3366667926311493,0.7168105840682983,0.07371322810649872,0.5207220911979675,0.33252376317977905,0.7530314922332764,0.09043718129396439,0.7166474461555481,0.32980209589004517,0.6985846161842346,0.0066285827197134495,0.5332650542259216
115,3.8333333333333335,0.35711365938186646,0.3308134078979492,-0.1869998425245285,0.9998648166656494,0.3889819383621216,0.37628594040870667,-0.13551455736160278,0.9998546838760376,0.3327600061893463,0.3854583203792572,-0.05088021606206894,0.9996840953826904,0.3686082065105438,0.32072851061820984,-0.14799682796001434,0.8578774333000183,0.28941696882247925,0.4132917523384094,-0.10069578886032104,0.9537551999092102,0.330739825963974,0.28843605518341064,-0.11504583060741425,0.815414547920227,0.3077238202095032,0.37739071249961853,-0.2152755707502365,0.9497430324554443,0.37205392122268677,0.5435713529586792,-0.018821794539690018,0.9998336434364319,0.3428838849067688,0.5335245728492737,0.018720803782343864,0.9998139142990112,0.35422593355178833,0.6665672659873962,0.008567043580114841,0.8099545836448669,0.324039101600647,0.6082695722579956,-0.045193180441856384,0.6495533585548401,0.3426286578178406,0.7594619989395142,0.16898730397224426,0.6943055391311646,0.3359440267086029,0.7309346795082092,0.06439140439033508,0.5626519918441772,0.33357322216033936,0.746178925037384,0.10645417124032974,0.7362225651741028,0.3270576298236847,0.7469322085380554,-0.004090913571417332,0.57496577501297
116,3.8666666666666667,0.35593369603157043,0.33270740509033203,-0.23563680052757263,0.99985671043396,0.39074355363845825,0.37629690766334534,-0.1652042716741562,0.9998133778572083,0.3325645327568054,0.38529977202415466,-0.08541393280029297,0.9995230436325073,0.37613174319267273,0.31481513381004333,-0.19572439789772034,0.8707553744316101,0.29094237089157104,0.4195863604545593,-0.1596347689628601,0.9533616900444031,0.3324863910675049,0.2857683002948761,-0.20056095719337463,0.8325993418693542,0.3057461082935333,0.38039469718933105,-0.298664927482605,0.9532402753829956,0.3737868666648865,0.5402173399925232,-0.020585056394338608,0.9998158812522888,0.34125596284866333,0.5312499403953552,0.020513998344540596,0.9997799396514893,0.35497790575027466,0.6722572445869446,-0.02338898554444313,0.8208193182945251,0.30577462911605835,0.5870073437690735,-0.11390753090381622,0.6772699952125549,0.3440399467945099,0.7845776081085205,0.10657938569784164,0.7227225303649902,0.33070334792137146,0.6588773131370544,0.09711842983961105,0.5760007500648499,0.33224260807037354,0.8098461627960205,0.023194551467895508,0.7595560550689697,0.3237578272819519,0.7056845426559448,0.06351704150438309,0.5949152708053589
117,3.9,0.35600346326828003,0.3333117663860321,-0.1799200475215912,0.9998310804367065,0.39076370000839233,0.37705370783805847,-0.13905222713947296,0.9998011589050293,0.3335177004337311,0.38584110140800476,-0.042090389877557755,0.9994884729385376,0.3730364441871643,0.32098186016082764,-0.17200109362602234,0.8818924427032471,0.2955186665058136,0.41536834836006165,-0.10176821798086166,0.9443089365959167,0.33357125520706177,0.28580448031425476,-0.1636955440044403,0.847216784954071,0.3092045485973358,0.3810177147388458,-0.22664210200309753,0.9498892426490784,0.3730318546295166,0.540489673614502,-0.020731408149003983,0.9998005628585815,0.34308236837387085,0.5312737226486206,0.020642895251512527,0.9997739195823669,0.3527154326438904,0.6640223860740662,-0.01627865619957447,0.8215138912200928,0.30954355001449585,0.6108447909355164,-0.06956792622804642,0.7031333446502686,0.3423272967338562,0.7416309118270874,0.1535191386938095,0.7297964692115784,0.3350691497325897,0.7300371527671814,0.04300832748413086,0.6144810318946838,0.33123886585235596,0.7614165544509888,0.10091694444417953,0.7681174278259277,0.3256194293498993,0.7573091387748718,-0.029855545610189438,0.6317791938781738
118,3.933333333333333,0.3443954288959503,0.32300910353660583,-0.04903264343738556,0.9998466968536377,0.36903539299964905,0.3591364622116089,-0.08877106755971909,0.9998195171356201,0.3377259075641632,0.3854818046092987,0.07357031106948853,0.9995302557945251,0.36116570234298706,0.28839004039764404,-0.13888798654079437,0.8935978412628174,0.30113014578819275,0.41761159896850586,0.024499479681253433,0.9178044199943542,0.31773775815963745,0.2757813632488251,-0.10375819355249405,0.8587392568588257,0.30985623598098755,0.3866562843322754,-0.1024765595793724,0.9210755228996277,0.3626311421394348,0.5381743311882019,-0.050493717193603516,0.9998179078102112,0.3441455364227295,0.5336841940879822,0.050365615636110306,0.9997944235801697,0.30679893493652344,0.5796922445297241,-0.035071633756160736,0.8339858055114746,0.339182049036026,0.6483508348464966,0.025693422183394432,0.7285399436950684,0.3145372271537781,0.6888546943664551,0.13637548685073853,0.7514395713806152,0.33963742852211,0.7907388210296631,0.033603303134441376,0.6520165801048279,0.2995203137397766,0.7219734191894531,0.0319611132144928,0.7858035564422607,0.3250110149383545,0.814052939414978,-0.024639299139380455,0.6676665544509888
119,3.966666666666667,0.3416433334350586,0.31846487522125244,-0.05736666917800903,0.9998572468757629,0.3714222013950348,0.3535766899585724,-0.08261443674564362,0.999833345413208,0.3352978527545929,0.38534635305404663,0.0797823891043663,0.9995559453964233,0.3609381318092346,0.28951430320739746,-0.15068921446800232,0.9041652679443359,0.29851120710372925,0.4206855297088623,0.012029040604829788,0.9152987003326416,0.3163521885871887,0.2752039134502411,-0.12919564545154572,0.8713575601577759,0.3074551522731781,0.38734740018844604,-0.12948119640350342,0.922234296798706,0.3651338815689087,0.5347714424133301,-0.053323328495025635,0.9998283386230469,0.3445872664451599,0.5327422022819519,0.05320431664586067,0.9998087882995605,0.3193804621696472,0.6089550256729126,-0.05442938953638077,0.846961259841919,0.33889538049697876,0.642476499080658,0.00027538914582692087,0.7533278465270996,0.3182291090488434,0.7114378213882446,0.12239215523004532,0.771638810634613,0.3398714065551758,0.7790331244468689,0.02282756194472313,0.6858962178230286,0.2969890236854553,0.7205840945243835,0.017921708524227142,0.8027385473251343,0.32620614767074585,0.8133962750434875,-0.0408497117459774,0.7001011967658997
120,4.0,0.33174601197242737,0.3134634494781494,-0.15175142884254456,0.9998635053634644,0.3697037100791931,0.34391582012176514,-0.11175040900707245,0.9998435974121094,0.3239079415798187,0.3845832347869873,0.01528302300721407,0.9995887279510498,0.34893566370010376,0.2771783471107483,-0.18500418961048126,0.9137104153633118,0.289772629737854,0.4364486336708069,-0.07667528837919235,0.9229162931442261,0.298844575881958,0.2666829228401184,-0.19046524167060852,0.8839439153671265,0.2902281880378723,0.3944960832595825,-0.23086634278297424,0.9296538233757019,0.36800339818000793,0.528185248374939,-0.045292314141988754,0.9998379945755005,0.3368224501609802,0.5236624479293823,0.04519754275679588,0.9998246431350708,0.3318880796432495,0.646513044834137,-0.05325216054916382,0.8619728684425354,0.29810187220573425,0.5756246447563171,-0.19420072436332703,0.777916431427002,0.3451051414012909,0.7188265323638916,0.20171281695365906,0.7804580926895142,0.30128031969070435,0.7182000279426575,-0.08830314874649048,0.7172462344169617,0.3109965920448303,0.7408692836761475,0.16107770800590515,0.8139154314994812,0.2834658622741699,0.7572091221809387,-0.1556069552898407,0.7300435304641724
121,4.033333333333333,0.3310551643371582,0.3108149766921997,-0.12041155993938446,0.9998571276664734,0.36866623163223267,0.34243711829185486,-0.10385887324810028,0.9998496770858765,0.32431191205978394,0.38389527797698975,0.04196522757411003,0.9996105432510376,0.3462390601634979,0.274892121553421,-0.18107014894485474,0.9223166108131409,0.28210341930389404,0.43521130084991455,-0.05034542828798294,0.9295538663864136,0.2972060739994049,0.2669528126716614,-0.16788938641548157,0.8952541947364807,0.2920783758163452,0.3948526084423065,-0.22458429634571075,0.9363131523132324,0.36827903985977173,0.5235961675643921,-0.0469878688454628,0.9998452067375183,0.33580920100212097,0.5213559865951538,0.04689619317650795,0.9998368620872498,0.335909903049469,0.6490868926048279,-0.06884951889514923,0.8753883838653564,0.3002750277519226,0.5720406770706177,-0.1618042290210724,0.799955427646637,0.3495918810367584,0.7224863767623901,0.14673073589801788,0.7898645401000977,0.30130764842033386,0.7036668062210083,-0.08033314347267151,0.7453621029853821,0.3216070830821991,0.7468888163566589,0.11047883331775665,0.8231843709945679,0.28558486700057983,0.7377782464027405,-0.14184938371181488,0.7569050788879395
122,4.066666666666666,0.3228609561920166,0.3107670247554779,-0.1497391015291214,0.9998551607131958,0.36271554231643677,0.33938997983932495,-0.09283345937728882,0.9998437166213989,0.31194788217544556,0.3836076557636261,0.016873419284820557,0.9996218085289001,0.3410768210887909,0.293696790933609,-0.18367387354373932,0.9294300079345703,0.2770514190196991,0.44498682022094727,-0.07737406343221664,0.928745687007904,0.29104679822921753,0.2593494951725006,-0.21699249744415283,0.90310138463974,0.27966511249542236,0.3869003355503082,-0.2856824994087219,0.935324490070343,0.3644018769264221,0.5188347101211548,-0.03194161504507065,0.9998465776443481,0.32919842004776,0.5170926451683044,0.03185978904366493,0.9998481869697571,0.33863919973373413,0.6496227383613586,-0.03654975816607475,0.883128821849823,0.2964192032814026,0.5874528884887695,-0.2247692048549652,0.8196107745170593,0.3572227358818054,0.6902254223823547,0.2570528984069824,0.7252985835075378,0.2849660813808441,0.7124611139297485,-0.16021916270256042,0.7705675959587097,0.3555141091346741,0.7269961833953857,0.22470569610595703,0.7782342433929443,0.27380603551864624,0.7514118552207947,-0.25763142108917236,0.7810174226760864
123,4.1,0.32308200001716614,0.30869805812835693,-0.1865353137254715,0.999848484992981,0.3613864779472351,0.3393803536891937,-0.1300935000181198,0.9998429417610168,0.3110552430152893,0.3835137188434601,-0.015621976926922798,0.9996351003646851,0.34328028559684753,0.29953765869140625,-0.20505936443805695,0.9361422657966614,0.27817362546920776,0.4439050853252411,-0.12492634356021881,0.9315464496612549,0.29102450609207153,0.2629227042198181,-0.2230484038591385,0.9111329317092896,0.28068453073501587,0.3822748363018036,-0.31610339879989624,0.9365682005882263,0.3644776940345764,0.517285943031311,-0.03056315705180168,0.9998447895050049,0.3289123773574829,0.5162001848220825,0.030486812815070152,0.9998570680618286,0.3397679924964905,0.6491311192512512,-0.03186590597033501,0.8930236101150513,0.29661548137664795,0.5912306904792786,-0.2014704942703247,0.8374645113945007,0.35676994919776917,0.6963037252426147,0.26798126101493835,0.6937093138694763,0.2853308320045471,0.718180239200592,-0.10455822944641113,0.7933934926986694,0.3526608645915985,0.7326360940933228,0.23260442912578583,0.7687385082244873,0.2743806838989258,0.7584047913551331,-0.19400762021541595,0.802831768989563
124,4.133333333333334,0.31498438119888306,0.30937325954437256,-0.19262073934078217,0.9998544454574585,0.35371312499046326,0.3386686146259308,-0.1291767805814743,0.9998435974121094,0.3073153793811798,0.3795221149921417,-0.01829555630683899,0.9996618628501892,0.3367694020271301,0.303066611289978,-0.19846239686012268,0.9423426389694214,0.2709885537624359,0.44709697365760803,-0.12395783513784409,0.9370590448379517,0.2812885642051697,0.25492435693740845,-0.18402805924415588,0.9183248281478882,0.2766110599040985,0.37892791628837585,-0.30544811487197876,0.9410926103591919,0.362043172121048,0.5131641030311584,-0.025611842051148415,0.9998331665992737,0.3266196548938751,0.5148524641990662,0.025550957769155502,0.9998631477355957,0.3328405022621155,0.6126747727394104,-0.09421031922101974,0.9028207063674927,0.3019500970840454,0.5937583446502686,-0.24130208790302277,0.8536582589149475,0.35601264238357544,0.6688849329948425,0.19752150774002075,0.6742698550224304,0.28435808420181274,0.7372047305107117,-0.18202728033065796,0.8139945268630981,0.3492022454738617,0.7225845456123352,0.1609359085559845,0.7682489156723022,0.26852887868881226,0.775347888469696,-0.28613290190696716,0.8225032091140747
125,4.166666666666667,0.3124570846557617,0.30785587430000305,-0.19148075580596924,0.9998664259910583,0.35667818784713745,0.34700140357017517,-0.15614570677280426,0.9998513460159302,0.3084772527217865,0.3725793957710266,-0.01750790700316429,0.9996896386146545,0.3352554738521576,0.3769327402114868,-0.1789531707763672,0.9448719620704651,0.27579599618911743,0.41535747051239014,-0.07813207805156708,0.9341842532157898,0.28826799988746643,0.37161925435066223,-0.12892228364944458,0.9126574993133545,0.277093768119812,0.37398838996887207,-0.2088298499584198,0.935996413230896,0.35970985889434814,0.511823296546936,-0.027735495939850807,0.9998381733894348,0.3274725079536438,0.5143399238586426,0.027681445702910423,0.9998712539672852,0.3354947865009308,0.6179301142692566,-0.183920755982399,0.9099883437156677,0.3037630021572113,0.5963066220283508,-0.1827184408903122,0.8678188323974609,0.3565658926963806,0.6721884608268738,0.06087899208068848,0.6818668842315674,0.2851039171218872,0.7400484681129456,-0.13639098405838013,0.8322122097015381,0.3473486006259918,0.7199991941452026,0.016313817352056503,0.7763287425041199,0.2678292691707611,0.7731072902679443,-0.24223163723945618,0.8399286270141602
126,4.2,0.31083518266677856,0.3032076358795166,-0.17357385158538818,0.9998776912689209,0.35195454955101013,0.33978697657585144,-0.11190816015005112,0.999860405921936,0.30360767245292664,0.3733086884021759,0.004208038095384836,0.9997152090072632,0.3325933516025543,0.2878209948539734,-0.1604582667350769,0.9503564238548279,0.27004438638687134,0.4411945343017578,-0.08661959320306778,0.9396164417266846,0.2828369438648224,0.26825380325317383,-0.11866825819015503,0.9206535220146179,0.27545294165611267,0.37570619583129883,-0.21173663437366486,0.9407697916030884,0.3606584966182709,0.510967493057251,-0.02592949941754341,0.9998341798782349,0.3255785405635834,0.5130020380020142,0.025891538709402084,0.9998759627342224,0.3321171700954437,0.6127329468727112,-0.11915451288223267,0.9187144637107849,0.3036704659461975,0.5972478985786438,-0.2246609479188919,0.8809993267059326,0.35758262872695923,0.6710164546966553,0.177968829870224,0.6845600605010986,0.2841336131095886,0.7443183660507202,-0.17623165249824524,0.848948061466217,0.3475210666656494,0.7194982767105103,0.1476898491382599,0.7850571870803833,0.26681262254714966,0.7782215476036072,-0.283028244972229,0.8559017181396484
127,4.233333333333333,0.3097706735134125,0.3042668104171753,-0.17291313409805298,0.9998877644538879,0.35074642300605774,0.33673006296157837,-0.11207981407642365,0.9998695254325867,0.30423349142074585,0.37377679347991943,-0.00021434100926853716,0.9997397661209106,0.33014166355133057,0.2738122045993805,-0.16660109162330627,0.9552944302558899,0.27023643255233765,0.4457653760910034,-0.09087502956390381,0.9449859857559204,0.28098583221435547,0.25510942935943604,-0.12978363037109375,0.9279669523239136,0.27518779039382935,0.3765569031238556,-0.2670733332633972,0.9459344744682312,0.36097702383995056,0.5107243657112122,-0.024911116808652878,0.9998323321342468,0.32473599910736084,0.5129727721214294,0.024874098598957062,0.9998817443847656,0.33174365758895874,0.6115121245384216,-0.1096155047416687,0.9265767931938171,0.3038262724876404,0.5980542302131653,-0.23063421249389648,0.8928667306900024,0.35758504271507263,0.6704213619232178,0.1817837655544281,0.6892265677452087,0.2839944660663605,0.7439464330673218,-0.18420180678367615,0.8640124797821045,0.3490132987499237,0.7178614139556885,0.1499573290348053,0.7944336533546448,0.2744181752204895,0.7754303812980652,-0.2900870442390442,0.8702807426452637
128,4.266666666666667,0.3048577606678009,0.3070187568664551,-0.032176874577999115,0.9998987317085266,0.31352218985557556,0.38432183861732483,-0.06593887507915497,0.9998790621757507,0.3348504304885864,0.33634451031684875,0.013000363484025002,0.999765157699585,0.270000696182251,0.43874672055244446,-0.02531539462506771,0.9186165928840637,0.31669533252716064,0.26418066024780273,0.028477927669882774,0.9137570261955261,0.2704510986804962,0.3710636496543884,0.055598992854356766,0.9190927743911743,0.274130642414093,0.24695517122745514,0.023397676646709442,0.9441108703613281,0.3470793664455414,0.5226677060127258,-0.023981112986803055,0.9998469948768616,0.3458560109138489,0.5137453675270081,0.023852437734603882,0.9998930096626282,0.32020631432533264,0.5836946964263916,-0.0856567844748497,0.8962998986244202,0.3050619661808014,0.6311694383621216,-0.08165653049945831,0.896602988243103,0.3527533710002899,0.6647467613220215,0.01803675666451454,0.64097660779953,0.28698182106018066,0.7597421407699585,-0.12361140549182892,0.8694600462913513,0.33876317739486694,0.7092114090919495,0.015301169827580452,0.7367862462997437,0.2690432071685791,0.8023273944854736,-0.19401267170906067,0.8693411350250244
129,4.3,0.3039477467536926,0.31096091866493225,0.07123594731092453,0.9999088048934937,0.302761971950531,0.3969046175479889,0.014385702088475227,0.9998893141746521,0.34046846628189087,0.3335290849208832,0.05922198295593262,0.9997884035110474,0.2641381621360779,0.45160073041915894,0.07815203815698624,0.8958486914634705,0.32440516352653503,0.25784122943878174,0.08882900327444077,0.906554102897644,0.26919132471084595,0.37861138582229614,0.19717194139957428,0.9142899513244629,0.274127334356308,0.24160632491111755,0.12712422013282776,0.946880042552948,0.3425813615322113,0.5285388231277466,-0.017143020406365395,0.9998606443405151,0.35228875279426575,0.51405268907547,0.01698393002152443,0.9999032616615295,0.317870169878006,0.5791164040565491,-0.0921643078327179,0.8996208906173706,0.3057960569858551,0.6330166459083557,-0.09320783615112305,0.9056991338729858,0.35016366839408875,0.66273033618927,-0.03776083141565323,0.6336377263069153,0.2878650724887848,0.7598870992660522,-0.14021025598049164,0.8796841502189636,0.33517852425575256,0.710746169090271,-0.039763517677783966,0.7197301387786865,0.27058619260787964,0.8041062951087952,-0.1865973174571991,0.8765193223953247
130,4.333333333333333,0.30059102177619934,0.3203567862510681,0.0004563385737128556,0.9999083280563354,0.2820940613746643,0.41281136870384216,-0.05803905054926872,0.9998852610588074,0.3355173170566559,0.34222397208213806,-0.03990167751908302,0.999781608581543,0.2610853910446167,0.4653779864311218,-0.036258794367313385,0.8789786696434021,0.32542505860328674,0.27178382873535156,0.07536564767360687,0.8959152698516846,0.2624422609806061,0.3908596932888031,0.01417265273630619,0.9030452966690063,0.2738165259361267,0.24033768475055695,-0.06134910508990288,0.9503359198570251,0.3313419818878174,0.5459669232368469,-0.011250963434576988,0.9998500347137451,0.3554181456565857,0.5236349701881409,0.01095607504248619,0.9998871684074402,0.3185673952102661,0.6666250228881836,-0.04297855868935585,0.896381139755249,0.325038343667984,0.5418556332588196,0.07486812025308609,0.8355926871299744,0.3067384660243988,0.8047555088996887,-0.06447116285562515,0.6654735803604126,0.31373369693756104,0.6529573202133179,0.14172135293483734,0.8370348811149597,0.3049333691596985,0.8447520136833191,-0.11308183521032333,0.7410033941268921,0.3064841032028198,0.6911125183105469,0.13561679422855377,0.8371225595474243
131,4.366666666666666,0.30077776312828064,0.3316197693347931,0.07925548404455185,0.9998937845230103,0.278227835893631,0.41483235359191895,-0.012879660353064537,0.9998830556869507,0.3337971866130829,0.3470873534679413,-0.03523865342140198,0.9997694492340088,0.25992563366889954,0.465774267911911,0.03833036869764328,0.8445274233818054,0.3270806074142456,0.2764827013015747,0.0008481557597406209,0.8761084675788879,0.26128172874450684,0.39197590947151184,0.1272832751274109,0.8667715787887573,0.27468186616897583,0.2459060102701187,0.025871340185403824,0.9473152756690979,0.3286505341529846,0.5501009821891785,-0.011164535768330097,0.99981290102005,0.35963964462280273,0.5304967164993286,0.010898204520344734,0.9998465180397034,0.3212098479270935,0.6518465280532837,-0.028692319989204407,0.8576679229736328,0.3272421658039093,0.5465593338012695,0.05807841941714287,0.7581983804702759,0.30835628509521484,0.7826903462409973,-0.08199544250965118,0.6616086959838867,0.3193530738353729,0.6805979609489441,0.08586858212947845,0.772580623626709,0.30278268456459045,0.8251461386680603,-0.1236862763762474,0.7277376651763916,0.3103771507740021,0.7208549380302429,0.07512449473142624,0.7729134559631348
132,4.4,0.2863985002040863,0.3492392301559448,-0.01813814602792263,0.9998915791511536,0.29798635840415955,0.38489770889282227,0.05448049306869507,0.9998670816421509,0.2829868495464325,0.41099879145622253,0.06829193234443665,0.9997714161872864,0.30453529953956604,0.3121941387653351,0.05307396128773689,0.7902536392211914,0.27064353227615356,0.4598925709724426,-0.025824222713708878,0.8258960247039795,0.2686334252357483,0.26365095376968384,0.039425622671842575,0.8267112970352173,0.26013508439064026,0.4281553030014038,-0.1958072930574417,0.9119594693183899,0.33875614404678345,0.5447344779968262,-0.013983488082885742,0.9997881054878235,0.3384682834148407,0.552263617515564,0.013744637370109558,0.9998289942741394,0.3052282929420471,0.5551210045814514,-0.22765111923217773,0.8507353067398071,0.32366520166397095,0.6918947696685791,-0.03395857289433479,0.7134878039360046,0.3048758804798126,0.6875166296958923,-0.38136354088783264,0.6805184483528137,0.31430548429489136,0.8312563300132751,-0.060819439589977264,0.7581314444541931,0.27940481901168823,0.6898546814918518,-0.5257224440574646,0.7489796876907349,0.3038855493068695,0.8657602071762085,-0.1687408983707428,0.7661232948303223
133,4.433333333333334,0.2898154854774475,0.3472335934638977,-0.0037539887707680464,0.9996970891952515,0.310646116733551,0.3752209544181824,0.05538928508758545,0.9998499751091003,0.28406745195388794,0.41849738359451294,0.07814289629459381,0.9997327923774719,0.30731305480003357,0.31371229887008667,0.0813470333814621,0.7236883044242859,0.27298393845558167,0.46592068672180176,-0.01630389131605625,0.757737398147583,0.27387139201164246,0.26540637016296387,0.11129412800073624,0.7575192451477051,0.2610906660556793,0.4240911602973938,-0.1807897537946701,0.8451634645462036,0.3401739001274109,0.5416745543479919,-0.01542116142809391,0.9997897744178772,0.3381824493408203,0.5540496110916138,0.01520153135061264,0.9998302459716797,0.2986066937446594,0.5450564622879028,-0.17312590777873993,0.8378109335899353,0.3224036991596222,0.6977092027664185,-0.030532917007803917,0.6856743693351746,0.3010810315608978,0.675739049911499,-0.2294079065322876,0.6854366660118103,0.31200331449508667,0.840106725692749,-0.053523652255535126,0.7584478259086609,0.27552565932273865,0.6803735494613647,-0.32721757888793945,0.7558642029762268,0.3023297190666199,0.868327260017395,-0.14188890159130096,0.7632593512535095
134,4.466666666666667,0.28072550892829895,0.3674129545688629,0.02669370174407959,0.9997143149375916,0.28819945454597473,0.42760756611824036,0.04684841260313988,0.9998349547386169,0.293708473443985,0.41008538007736206,0.0780240073800087,0.999740481376648,0.2909882962703705,0.4562668204307556,0.1014564037322998,0.6521878242492676,0.2867261469364166,0.42708897590637207,0.04153938218951225,0.685165286064148,0.2781299948692322,0.44943127036094666,0.16745500266551971,0.6825810074806213,0.2669777572154999,0.38687416911125183,-0.005190674215555191,0.774701714515686,0.34064704179763794,0.5618305802345276,-0.021036334335803986,0.9997684955596924,0.33852702379226685,0.5683194994926453,0.020664077252149582,0.9998251795768738,0.29876708984375,0.565636157989502,-0.2709696292877197,0.842957079410553,0.31326180696487427,0.6910808682441711,-0.019965486600995064,0.6552931070327759,0.2762543559074402,0.6447679996490479,-0.4519306719303131,0.7020359039306641,0.31170010566711426,0.824700653553009,-0.0070151896215975285,0.7563908696174622,0.24309487640857697,0.6475995182991028,-0.5508962273597717,0.7753722667694092,0.30058616399765015,0.8634139895439148,-0.05975742265582085,0.7543718814849854
135,4.5,0.2790834307670593,0.37284186482429504,-0.01184767484664917,0.9997291564941406,0.29236167669296265,0.4145173728466034,0.017515182495117188,0.9998380541801453,0.28820231556892395,0.4240192770957947,0.0527225062251091,0.9997360706329346,0.2939065098762512,0.41857728362083435,0.03672994673252106,0.5896850228309631,0.2878265976905823,0.4626561403274536,0.01062823086977005,0.6193346977233887,0.2832077443599701,0.38776928186416626,0.07522618770599365,0.6185694932937622,0.2686474621295929,0.44822922348976135,-0.09949050843715668,0.7017397880554199,0.3377951979637146,0.5572149753570557,-0.021469512954354286,0.9997615218162537,0.33895400166511536,0.5718064308166504,0.021065019071102142,0.9998159408569336,0.30128341913223267,0.5701391696929932,-0.25301438570022583,0.8475670218467712,0.3122434914112091,0.7022749781608582,-0.024460062384605408,0.6126304864883423,0.27411308884620667,0.6498560905456543,-0.413074254989624,0.7219621539115906,0.30802303552627563,0.829585611820221,-0.01640135981142521,0.7358636856079102,0.23873794078826904,0.6433751583099365,-0.5251227617263794,0.7924438118934631,0.2982630133628845,0.8601811528205872,-0.07578400522470474,0.7361365556716919
136,4.533333333333333,0.27634307742118835,0.37171974778175354,0.042616747319698334,0.9997283220291138,0.2892567217350006,0.42737656831741333,0.05576534941792488,0.9998226761817932,0.2923002541065216,0.4135914742946625,0.06893050670623779,0.9997469186782837,0.29324010014533997,0.44776779413223267,0.13223746418952942,0.5309351682662964,0.2882794141769409,0.3993609547615051,0.012881618924438953,0.562505304813385,0.2860933542251587,0.4283013641834259,0.22104373574256897,0.5569974780082703,0.2699506878852844,0.27049148082733154,-0.057592712342739105,0.6510246396064758,0.3397773206233978,0.5655564665794373,-0.0225182194262743,0.9996989369392395,0.34118586778640747,0.5719924569129944,0.022092029452323914,0.9997916221618652,0.30340927839279175,0.5714423656463623,-0.26797354221343994,0.7984028458595276,0.3119816482067108,0.7027474641799927,0.002821002621203661,0.5532357692718506,0.27493518590927124,0.6472764015197754,-0.4545319974422455,0.6785129904747009,0.30667489767074585,0.8314847350120544,0.00853307917714119,0.6707054376602173,0.23857668042182922,0.6407824158668518,-0.5618761777877808,0.7713549137115479,0.29333242774009705,0.8634472489356995,-0.04602346569299698,0.6731347441673279
137,4.566666666666666,0.2760574519634247,0.3696938455104828,0.12314309179782867,0.9997459053993225,0.26775598526000977,0.44990089535713196,0.061812520027160645,0.9998302459716797,0.305935800075531,0.4044869840145111,0.05643008276820183,0.9997687339782715,0.26695263385772705,0.48872512578964233,0.16785362362861633,0.4785982072353363,0.3025473952293396,0.31961962580680847,0.05143535137176514,0.5906026363372803,0.27735528349876404,0.4476590156555176,0.3186454772949219,0.5019012689590454,0.27074190974235535,0.2559615969657898,0.10084692388772964,0.6693962216377258,0.33507004380226135,0.5667679905891418,-0.024352969601750374,0.9997186064720154,0.3517196774482727,0.5669294595718384,0.024037417024374008,0.9998075366020203,0.29683321714401245,0.5626494884490967,-0.2091556042432785,0.8180312514305115,0.3120819926261902,0.708287239074707,0.028132867068052292,0.5814826488494873,0.2723293602466583,0.6417704224586487,-0.29663389921188354,0.708078145980835,0.30635398626327515,0.8329566717147827,0.04134287312626839,0.696018397808075,0.2334240972995758,0.6404155492782593,-0.36553236842155457,0.7917612791061401,0.2903948426246643,0.8581263422966003,0.007380062248557806,0.6927692890167236
138,4.6,0.28262653946876526,0.37745845317840576,0.20114047825336456,0.9991124868392944,0.26121628284454346,0.4628782570362091,0.01997370645403862,0.9998468160629272,0.3150462508201599,0.4195072054862976,0.14930330216884613,0.9997527003288269,0.26382574439048767,0.56758713722229,-0.0021552247926592827,0.5173718929290771,0.3193778395652771,0.5097256302833557,0.18191571533679962,0.5326685905456543,0.2543491721153259,0.652633011341095,0.06172952800989151,0.49533143639564514,0.3135029971599579,0.5821104049682617,0.22497141361236572,0.6036008596420288,0.3134448528289795,0.6105381846427917,-0.04968282952904701,0.9997397065162659,0.3461382985115051,0.5908971428871155,0.049440670758485794,0.9998094439506531,0.27374234795570374,0.7104083299636841,-0.01018544752150774,0.8196231722831726,0.29020124673843384,0.6895599365234375,0.12613506615161896,0.55274897813797,0.28605490922927856,0.8272648453712463,0.044891420751810074,0.7011879682540894,0.27669715881347656,0.7755621075630188,0.18334320187568665,0.6793568730354309,0.2827770709991455,0.8615385293960571,0.03194253146648407,0.7519286870956421,0.2622838616371155,0.7870960831642151,0.18848910927772522,0.6645338535308838
139,4.633333333333334,0.28432077169418335,0.38144001364707947,0.1997828185558319,0.9981036186218262,0.2596833109855652,0.46657073497772217,0.006569568067789078,0.9998612403869629,0.3168284296989441,0.41978392004966736,0.14635328948497772,0.9997215270996094,0.2635634243488312,0.5704516172409058,-0.004454615525901318,0.5541869401931763,0.3298567235469818,0.5189969539642334,0.18027514219284058,0.4816940426826477,0.25201794505119324,0.6527150273323059,0.07303889840841293,0.4787566065788269,0.31413084268569946,0.5899391174316406,0.23164448142051697,0.5438401699066162,0.3091260492801666,0.6148625016212463,-0.051286764442920685,0.9997525215148926,0.3409808874130249,0.5952181816101074,0.05106009170413017,0.9997903108596802,0.2738838195800781,0.7220034003257751,0.017899183556437492,0.8257163763046265,0.2934219241142273,0.6519126892089844,0.151003897190094,0.5179339647293091,0.2942018210887909,0.8363872766494751,0.049887366592884064,0.7150315046310425,0.2825864255428314,0.7481273412704468,0.204898402094841,0.662583589553833,0.28999680280685425,0.8674753904342651,0.027384009212255478,0.7368086576461792,0.25407785177230835,0.7568845748901367,0.20693902671337128,0.6351801156997681
140,4.666666666666667,0.28513282537460327,0.3866288363933563,0.1351708471775055,0.9969462752342224,0.26138225197792053,0.4678669273853302,-0.03867160156369209,0.9998738765716553,0.3163805305957794,0.42684096097946167,0.1240774542093277,0.9996971487998962,0.26475706696510315,0.5736901760101318,-0.04696499928832054,0.5790544152259827,0.32146909832954407,0.5360470414161682,0.14701655507087708,0.4341810345649719,0.25534936785697937,0.6605901122093201,0.015809249132871628,0.4803239703178406,0.31048429012298584,0.5956934690475464,0.1668200045824051,0.49110904335975647,0.30930447578430176,0.6136617660522461,-0.056279707700014114,0.9997586607933044,0.3345862329006195,0.5997533798217773,0.05607450008392334,0.9997737407684326,0.2728486657142639,0.7215917706489563,-0.01721087470650673,0.8229957818984985,0.29132577776908875,0.6533903479576111,0.13518068194389343,0.4800434112548828,0.2955242991447449,0.8295376300811768,0.009862497448921204,0.7141730189323425,0.281850665807724,0.7603610754013062,0.1634041965007782,0.639594554901123,0.2924244999885559,0.8674324750900269,-0.008507938124239445,0.7126339077949524,0.2546439468860626,0.7761939764022827,0.1626286804676056,0.6099717020988464
141,4.7,0.2856273353099823,0.38252878189086914,0.12049014866352081,0.9965681433677673,0.26064425706863403,0.46879568696022034,-0.039905011653900146,0.9998850226402283,0.3158709704875946,0.4247128367424011,0.10969340801239014,0.9996673464775085,0.2630231976509094,0.5739867091178894,-0.046893518418073654,0.5935491323471069,0.3200927972793579,0.5330418348312378,0.13087674975395203,0.39112550020217896,0.2542107403278351,0.6584758758544922,0.012126065790653229,0.46855491399765015,0.30736443400382996,0.6079908609390259,0.15361276268959045,0.4426250755786896,0.3062686324119568,0.6130726933479309,-0.051305580884218216,0.9997677803039551,0.3328564763069153,0.5992884635925293,0.05108143016695976,0.9997639060020447,0.27222999930381775,0.7199128270149231,-0.008289072662591934,0.816746175289154,0.292076975107193,0.6459196209907532,0.1340535432100296,0.4414181113243103,0.2971577048301697,0.8332959413528442,0.010630042292177677,0.7057238221168518,0.27518370747566223,0.750720202922821,0.16101966798305511,0.6030257940292358,0.2931137681007385,0.8665092587471008,-0.00814022682607174,0.6795327663421631,0.24901409447193146,0.7602009177207947,0.1622314453125,0.57115238904953
142,4.733333333333333,0.30263468623161316,0.3789101541042328,0.10680381208658218,0.9826827645301819,0.27797695994377136,0.4641109108924866,0.03994285687804222,0.9998891949653625,0.2924105226993561,0.43805748224258423,0.11785207688808441,0.999679446220398,0.2793360948562622,0.5329522490501404,-0.014887487515807152,0.53922039270401,0.29206550121307373,0.5107553005218506,0.11432727426290512,0.35239773988723755,0.28372037410736084,0.6475821137428284,-0.020018067210912704,0.4243848919868469,0.3003547489643097,0.5379886627197266,0.11270231008529663,0.4004990756511688,0.30594319105148315,0.5648331642150879,-0.027899522334337234,0.999777615070343,0.30734384059906006,0.564102828502655,0.027675578370690346,0.999777615070343,0.2727656364440918,0.6886701583862305,-0.04018176719546318,0.7471692562103271,0.2868899405002594,0.6701058745384216,-0.07738710939884186,0.39988428354263306,0.2825627624988556,0.8058164715766907,-0.058941155672073364,0.6558056473731995,0.2790902853012085,0.8034940958023071,-0.10524507611989975,0.5485566854476929,0.2929709851741791,0.8384770750999451,-0.08830992877483368,0.6260476112365723,0.28846096992492676,0.8438431024551392,-0.18055257201194763,0.5206437706947327
143,4.766666666666667,0.3085940182209015,0.3824736177921295,0.006398878991603851,0.9697691798210144,0.28309208154678345,0.45602142810821533,0.034963011741638184,0.999845564365387,0.28941524028778076,0.4369852840900421,0.016390038654208183,0.9996010065078735,0.27940553426742554,0.5144457817077637,0.02350211702287197,0.48610904812812805,0.27763012051582336,0.4962364137172699,0.02192573808133602,0.3193027079105377,0.2795428931713104,0.5454339981079102,-0.00031778367701917887,0.38271671533584595,0.28627949953079224,0.5112946629524231,0.02237015962600708,0.36270734667778015,0.303109347820282,0.569193959236145,0.009243744425475597,0.9997693300247192,0.3030429482460022,0.5701645612716675,-0.009523973800241947,0.99977707862854,0.2788361608982086,0.6785169243812561,0.012032600119709969,0.6735336184501648,0.28189367055892944,0.6787499189376831,-0.1309090554714203,0.3695477843284607,0.2777235507965088,0.7938517928123474,-0.019659720361232758,0.5969201922416687,0.28040000796318054,0.8172680139541626,-0.1989096999168396,0.5161271691322327,0.2909408211708069,0.8281263709068298,-0.0784975066781044,0.5697228908538818,0.2972759008407593,0.8566924333572388,-0.28240203857421875,0.48350512981414795
145,4.833333333333333,0.32310670614242554,0.43145591020584106,0.18657425045967102,0.9722889065742493,0.2743690609931946,0.459804505109787,0.06580596417188644,0.9998595118522644,0.330162912607193,0.4982069134712219,0.06547752022743225,0.9996335506439209,0.2622770667076111,0.5307549238204956,0.045206982642412186,0.515761137008667,0.3174533247947693,0.5816559195518494,0.044775206595659256,0.3490074574947357,0.2633777856826782,0.5850976705551147,0.04245036467909813,0.36379361152648926,0.29321688413619995,0.5774427652359009,0.0595509335398674,0.3323153853416443,0.25417667627334595,0.6260213851928711,0.003168085590004921,0.9997915625572205,0.28877517580986023,0.6348865032196045,-0.003301875200122595,0.9997984170913696,0.25904613733291626,0.7583283185958862,0.054605890065431595,0.7040775418281555,0.2782604396343231,0.7437064051628113,0.030498769134283066,0.4298861026763916,0.2775557339191437,0.8682600855827332,0.07518534362316132,0.6362446546554565,0.27057355642318726,0.8660741448402405,0.05070788785815239,0.5626922249794006,0.27472755312919617,0.8993651270866394,0.056625206023454666,0.6083349585533142,0.2702730894088745,0.8952146172523499,0.03393829986453056,0.5255476236343384
146,4.866666666666666,0.31937986612319946,0.4638412892818451,-0.22146837413311005,0.9749739766120911,0.3099537491798401,0.5139778852462769,-0.13268554210662842,0.9998652935028076,0.29807355999946594,0.49752840399742126,-0.1466955989599228,0.999658465385437,0.2890346050262451,0.5726332068443298,-0.12011079490184784,0.49186670780181885,0.29224374890327454,0.5431766510009766,-0.1314135491847992,0.33197706937789917,0.2727184295654297,0.5883262157440186,-0.17487934231758118,0.3740057945251465,0.29278188943862915,0.5776242017745972,-0.13751575350761414,0.30922234058380127,0.2761797308921814,0.6257885694503784,0.00253087654709816,0.9998050332069397,0.26810091733932495,0.6313441395759583,-0.0026737262960523367,0.9998159408569336,0.2644052505493164,0.6293295621871948,-0.06908362358808517,0.7057424187660217,0.26695922017097473,0.7465019226074219,-0.011486428789794445,0.4802483320236206,0.2653583884239197,0.5488158464431763,0.0065017202869057655,0.6208310723304749,0.27505242824554443,0.8682354688644409,0.057096779346466064,0.597891092300415,0.25181183218955994,0.49632376432418823,-0.009931812062859535,0.6215621829032898,0.269930362701416,0.8966687321662903,0.03339683264493942,0.5624673962593079
147,4.9,0.31955718994140625,0.4652402102947235,-0.20654451847076416,0.977403461933136,0.32578498125076294,0.537797749042511,-0.11667106300592422,0.9998776316642761,0.28385084867477417,0.47964197397232056,-0.11816052347421646,0.9996760487556458,0.31508415937423706,0.6044250726699829,-0.13982531428337097,0.5368334650993347,0.2724785804748535,0.5022300481796265,-0.12309634685516357,0.33719518780708313,0.2820884585380554,0.6099178194999695,-0.23570165038108826,0.4298364222049713,0.28422367572784424,0.573028028011322,-0.15752306580543518,0.29004141688346863,0.28203433752059937,0.628933310508728,0.0019418839365243912,0.9998208284378052,0.25686711072921753,0.6181154251098633,-0.002073615789413452,0.999825119972229,0.2707779109477997,0.6541167497634888,-0.07337146997451782,0.7141951322555542,0.25579017400741577,0.7413941025733948,-0.0553978867828846,0.4780431389808655,0.26668286323547363,0.8382658958435059,-0.04281734675168991,0.6419106721878052,0.2699335217475891,0.850177526473999,0.0387302003800869,0.5861430764198303,0.25943583250045776,0.8733890056610107,-0.126011461019516,0.6434562802314758,0.26747941970825195,0.8825980424880981,-0.012413945980370045,0.5602221488952637
148,4.933333333333334,0.3078988492488861,0.5104881525039673,-0.37749558687210083,0.9796490669250488,0.3216862082481384,0.55562824010849,-0.20326170325279236,0.999883234500885,0.27324777841567993,0.4686889350414276,-0.23672404885292053,0.9996765851974487,0.30317869782447815,0.6292437314987183,-0.27794167399406433,0.5571710467338562,0.2632080912590027,0.399931937456131,-0.29817283153533936,0.39539092779159546,0.2958734631538391,0.6183212399482727,-0.45604291558265686,0.463992714881897,0.27060550451278687,0.3189203143119812,-0.3811611235141754,0.3530803918838501,0.27504992485046387,0.6329253315925598,0.006424774881452322,0.9997735023498535,0.2351919412612915,0.6214507818222046,-0.006565451622009277,0.9996815323829651,0.2741449475288391,0.6690950393676758,-0.2010067254304886,0.7315872311592102,0.23749080300331116,0.7573716640472412,-0.035590898245573044,0.46138203144073486,0.26829689741134644,0.8755944967269897,-0.11039866507053375,0.6483892798423767,0.2584301233291626,0.7917175889015198,0.2549070119857788,0.5284545421600342,0.2601611018180847,0.9120696187019348,-0.2027483433485031,0.6586291193962097,0.2590235769748688,0.8220459222793579,0.24188926815986633,0.5062206387519836
149,4.966666666666667,0.30712589621543884,0.5192432999610901,-0.36133718490600586,0.9816746711730957,0.319890558719635,0.5590788722038269,-0.18403257429599762,0.9998898506164551,0.2736722528934479,0.46783319115638733,-0.22297294437885284,0.9996863603591919,0.2979428172111511,0.6413866281509399,-0.25786009430885315,0.5864722728729248,0.26236727833747864,0.39632001519203186,-0.27121251821517944,0.44873684644699097,0.30010244250297546,0.6197240352630615,-0.4457639753818512,0.5106407999992371,0.2684035897254944,0.312380313873291,-0.34866780042648315,0.4125613570213318,0.27333205938339233,0.6362442970275879,0.01212154421955347,0.9997389912605286,0.23283319175243378,0.6233177781105042,-0.012257257476449013,0.9995977878570557,0.27399247884750366,0.7055010199546814,-0.14732849597930908,0.7516727447509766,0.2370278537273407,0.7619660496711731,-0.040917765349149704,0.473798930644989,0.2694193720817566,0.8752269148826599,-0.04460615664720535,0.6629791855812073,0.2588646709918976,0.8070411682128906,0.23989756405353546,0.47970619797706604,0.2620095908641815,0.9124852418899536,-0.12427373975515366,0.6787808537483215,0.2604230046272278,0.8414924740791321,0.22716090083122253,0.46286407113075256
150,5.0,0.30545130372047424,0.5221669673919678,-0.3717837333679199,0.9835031032562256,0.32046934962272644,0.5557594895362854,-0.1923547089099884,0.9998973608016968,0.2732921242713928,0.4656026065349579,-0.2333754599094391,0.9997002482414246,0.30332034826278687,0.6335874199867249,-0.2624383568763733,0.6090100407600403,0.26186588406562805,0.3946765959262848,-0.2727285325527191,0.4979429841041565,0.29952356219291687,0.6205590963363647,-0.4478638172149658,0.55048006772995,0.2685973644256592,0.30873557925224304,-0.3462327718734741,0.4677916467189789,0.2728439271450043,0.6360297799110413,0.01695452444255352,0.9997272491455078,0.2331535369157791,0.6239706873893738,-0.017064005136489868,0.9995644688606262,0.27522170543670654,0.7234698534011841,-0.09408403933048248,0.7692073583602905,0.23543748259544373,0.7613128423690796,-0.04427601769566536,0.5043494701385498,0.27009671926498413,0.8782039880752563,-0.021570798009634018,0.6866030693054199,0.2575058341026306,0.8053321242332458,0.2341206818819046,0.4433141052722931,0.26310378313064575,0.9138052463531494,-0.07370997965335846,0.7036484479904175,0.2599247097969055,0.8451039791107178,0.22355110943317413,0.4347131550312042
151,5.033333333333333,0.30553895235061646,0.5259479880332947,-0.33620989322662354,0.9851475954055786,0.32052743434906006,0.55777508020401,-0.17342352867126465,0.9999039173126221,0.273824542760849,0.4644224941730499,-0.2122107744216919,0.9997075796127319,0.30543771386146545,0.6294085383415222,-0.24827031791210175,0.6250467896461487,0.2615378201007843,0.39420807361602783,-0.24866028130054474,0.5382540822029114,0.3024676740169525,0.6198028922080994,-0.43321719765663147,0.5841464996337891,0.2681327164173126,0.3079553544521332,-0.31235653162002563,0.5155190229415894,0.2723677158355713,0.6358875632286072,0.017136497423052788,0.9997192025184631,0.23257219791412354,0.6246188282966614,-0.017270822077989578,0.9995321035385132,0.2747185528278351,0.7332063317298889,-0.09986934810876846,0.7843976616859436,0.23531925678253174,0.7623793482780457,-0.053547125309705734,0.5231744647026062,0.27039408683776855,0.8788134455680847,-0.0105526652187109,0.7040338516235352,0.25674447417259216,0.7974000573158264,0.21918149292469025,0.4070884883403778,0.2628241181373596,0.9136087894439697,-0.08063064515590668,0.723736047744751,0.2598663866519928,0.8372439742088318,0.21837851405143738,0.4049927294254303
152,5.066666666666666,0.30566927790641785,0.5292282700538635,-0.39036840200424194,0.9866159558296204,0.32070884108543396,0.5536813735961914,-0.1774328500032425,0.999903678894043,0.26549091935157776,0.4925132691860199,-0.27007853984832764,0.9997336864471436,0.31155821681022644,0.6160900592803955,-0.06323929131031036,0.5963842272758484,0.24554577469825745,0.5889198184013367,-0.25715404748916626,0.5767052173614502,0.2998247444629669,0.6100682616233826,-0.005329369567334652,0.5346501469612122,0.2411457747220993,0.6994263529777527,-0.2708655595779419,0.5153825879096985,0.27164098620414734,0.6228259205818176,0.028703099116683006,0.9997463226318359,0.22893409430980682,0.6152793169021606,-0.028786396607756615,0.9995779991149902,0.2753218114376068,0.7358830571174622,-0.08405701816082001,0.8009178042411804,0.23412540555000305,0.7415851950645447,-0.12252743542194366,0.5650250315666199,0.2678403854370117,0.8779834508895874,-0.00029708974761888385,0.7254011034965515,0.24300651252269745,0.811988890171051,0.007592787500470877,0.455893337726593,0.26308467984199524,0.9142045974731445,-0.0670754462480545,0.7437344193458557,0.24483588337898254,0.8695139288902283,-0.05524275451898575,0.45432230830192566
153,5.1,0.30581408739089966,0.530194878578186,-0.3590138554573059,0.9878585934638977,0.31864020228385925,0.5515362024307251,-0.17041580379009247,0.9998853802680969,0.2662300169467926,0.49481692910194397,-0.2389410436153412,0.9997283816337585,0.3097856342792511,0.6097074151039124,-0.07561437785625458,0.5605865120887756,0.2460121214389801,0.5520057678222656,-0.20208556950092316,0.5697746276855469,0.3008556067943573,0.6055454015731812,-0.05765558406710625,0.48786184191703796,0.25025519728660583,0.5755338668823242,-0.18088433146476746,0.48222118616104126,0.27105289697647095,0.6217671036720276,0.02876625396311283,0.9997687339782715,0.22829413414001465,0.6143174767494202,-0.02881750464439392,0.9996163249015808,0.27568644285202026,0.7387285232543945,-0.0476902574300766,0.8093566298484802,0.23478834331035614,0.7384895086288452,-0.09257908910512924,0.5971813201904297,0.2668868899345398,0.8760114312171936,0.01746244914829731,0.742211103439331,0.2402127981185913,0.8156067728996277,0.020571012049913406,0.4945167899131775,0.2640620470046997,0.913830041885376,-0.06095363572239876,0.7599113583564758,0.24184644222259521,0.872917115688324,-0.04175470024347305,0.49156808853149414
154,5.133333333333334,0.30971693992614746,0.5383995771408081,-0.3995107114315033,0.989068865776062,0.31723257899284363,0.5470921993255615,-0.1764143407344818,0.9998914003372192,0.2628878951072693,0.5150147676467896,-0.27183768153190613,0.9997541904449463,0.2958596646785736,0.5983684659004211,-0.09395073354244232,0.5239224433898926,0.23105552792549133,0.6056738495826721,-0.26138943433761597,0.6106135845184326,0.27133387327194214,0.6487987637519836,-0.1174628883600235,0.44996216893196106,0.23006971180438995,0.6904547214508057,-0.2899112105369568,0.5286937952041626,0.26408496499061584,0.6081408858299255,0.02910936437547207,0.9997903108596802,0.22461673617362976,0.6025298833847046,-0.029199590906500816,0.9996537566184998,0.2755773365497589,0.7351531386375427,-0.0460803285241127,0.8225487470626831,0.226492241024971,0.7228419184684753,-0.06883540749549866,0.6269009113311768,0.2648843228816986,0.8711875081062317,0.027314748615026474,0.7627115845680237,0.22569052875041962,0.8166825175285339,0.06039869785308838,0.5353089570999146,0.26710712909698486,0.9099556803703308,-0.058481860905885696,0.7789243459701538,0.22052936255931854,0.872035026550293,-0.01047101803123951,0.5307798981666565
155,5.166666666666667,0.3111426830291748,0.5422864556312561,-0.3881760239601135,0.9901573657989502,0.3166774809360504,0.5464504361152649,-0.1756962537765503,0.9998971819877625,0.2630997598171234,0.5204814672470093,-0.27259594202041626,0.9997768402099609,0.29262199997901917,0.6021394729614258,-0.09875346720218658,0.49196484684944153,0.23410780727863312,0.613335907459259,-0.267203688621521,0.6466856002807617,0.26612430810928345,0.6529166102409363,-0.12010504305362701,0.4128795564174652,0.22882211208343506,0.6986964344978333,-0.2912120223045349,0.5634604096412659,0.262759804725647,0.6071374416351318,0.03133232891559601,0.999809980392456,0.22357097268104553,0.6025853753089905,-0.031429048627614975,0.9996874928474426,0.2752395570278168,0.7347579002380371,-0.035555481910705566,0.8339376449584961,0.2271590530872345,0.7229166626930237,-0.05745738744735718,0.6552513241767883,0.2621838450431824,0.8688858151435852,0.04256927967071533,0.779532253742218,0.22366316616535187,0.817719578742981,0.0603097602725029,0.57373046875,0.2690856158733368,0.9081942439079285,-0.03896768018603325,0.7951303124427795,0.22031502425670624,0.8718940019607544,-0.011601557955145836,0.5681036114692688
156,5.2,0.3199343681335449,0.5513843297958374,-0.3397107720375061,0.9910821318626404,0.3129063844680786,0.5260495543479919,-0.15720334649085999,0.9999001026153564,0.25893333554267883,0.5417614579200745,-0.28442251682281494,0.999787449836731,0.3076125383377075,0.5603686571121216,-0.011578293517231941,0.4744328260421753,0.20468096435070038,0.5885002017021179,-0.282778799533844,0.6808596253395081,0.3249848484992981,0.5908983945846558,0.06386689841747284,0.43901515007019043,0.21708455681800842,0.6760573983192444,-0.270245224237442,0.5939784049987793,0.2556670904159546,0.610647976398468,0.04414641112089157,0.9998247623443604,0.21657314896583557,0.6042818427085876,-0.04422102868556976,0.9997130036354065,0.27585384249687195,0.7346739768981934,-0.04379750415682793,0.8404276371002197,0.22671513259410858,0.7191667556762695,-0.09406699240207672,0.6801326870918274,0.26162824034690857,0.8613035678863525,0.042351044714450836,0.795899510383606,0.2133665829896927,0.8184019923210144,0.028738602995872498,0.6123027801513672,0.2689722180366516,0.9103885889053345,-0.025856131687760353,0.8112207651138306,0.216579869389534,0.8759092688560486,-0.035305675119161606,0.605217456817627
157,5.233333333333333,0.32113051414489746,0.5547036528587341,-0.3129822313785553,0.9919531941413879,0.31051701307296753,0.521552324295044,-0.13234779238700867,0.9999033808708191,0.2585058808326721,0.5460622906684875,-0.2585204243659973,0.9998021125793457,0.3117935061454773,0.5588498711585999,-0.0026951474137604237,0.4593820571899414,0.20391635596752167,0.5848414301872253,-0.26476800441741943,0.7119677066802979,0.32913142442703247,0.582221269607544,0.06048993021249771,0.45199668407440186,0.21709194779396057,0.6774625182151794,-0.2618078589439392,0.6262979507446289,0.2521529197692871,0.6125021576881409,0.04234718158841133,0.9998381733894348,0.21412257850170135,0.6065388321876526,-0.04243236780166626,0.9997367858886719,0.27563461661338806,0.7348301410675049,-0.05472724512219429,0.8452346920967102,0.2249428927898407,0.7182573676109314,-0.07454993575811386,0.6989250183105469,0.25972992181777954,0.859646201133728,0.021199608221650124,0.8082191944122314,0.21119435131549835,0.8188171982765198,0.03569531440734863,0.6449536681175232,0.2689147889614105,0.911198079586029,-0.042094532400369644,0.8242330551147461,0.21624724566936493,0.8766698241233826,-0.024446647614240646,0.6364943385124207
158,5.266666666666667,0.32006388902664185,0.5580867528915405,-0.3330344259738922,0.99274080991745,0.309938907623291,0.5164458751678467,-0.14169637858867645,0.9999118447303772,0.25775793194770813,0.5556950569152832,-0.28185826539993286,0.9998079538345337,0.33032163977622986,0.5376059412956238,-0.025003477931022644,0.4977051913738251,0.2140701562166214,0.6084251999855042,-0.2923661470413208,0.7357147932052612,0.34775516390800476,0.588037371635437,0.03415140137076378,0.5015860199928284,0.217117041349411,0.6955299973487854,-0.28501221537590027,0.6257481575012207,0.24962148070335388,0.613355278968811,0.04883871227502823,0.9998506903648376,0.2115221917629242,0.6067973375320435,-0.04892265051603317,0.9997535347938538,0.2715042233467102,0.7349648475646973,-0.03256611526012421,0.8382226228713989,0.22100917994976044,0.7211693525314331,-0.16921256482601166,0.7208570837974548,0.2523205578327179,0.8590242266654968,0.053019631654024124,0.8094056844711304,0.20354990661144257,0.8422980308532715,-0.06768132001161575,0.6724678874015808,0.26714515686035156,0.908937394618988,-0.001155245234258473,0.8272144198417664,0.20788970589637756,0.8935677409172058,-0.12030239403247833,0.6622979640960693
159,5.3,0.31978338956832886,0.5587491989135742,-0.36656707525253296,0.9934587478637695,0.3108765482902527,0.5175179839134216,-0.1570986956357956,0.9999195337295532,0.25712329149246216,0.5590998530387878,-0.29697465896606445,0.9998174905776978,0.34041017293930054,0.5534691214561462,-0.03648665174841881,0.5311533808708191,0.21346071362495422,0.6070556640625,-0.3049909770488739,0.7586248517036438,0.34812772274017334,0.5882574319839478,0.02396940067410469,0.5427796840667725,0.21615202724933624,0.6957616209983826,-0.29921358823776245,0.635280430316925,0.2489156424999237,0.6135037541389465,0.05002110078930855,0.9998617172241211,0.21154756844043732,0.6084594130516052,-0.05010593682527542,0.9997693300247192,0.269336074590683,0.7364889979362488,-0.03930352255702019,0.8394696712493896,0.2203502655029297,0.7212747931480408,-0.1765863597393036,0.7427529692649841,0.2490486204624176,0.8582460880279541,0.05388175696134567,0.8159626126289368,0.2019108086824417,0.8433249592781067,-0.06711221486330032,0.6999748945236206,0.2658878266811371,0.9084575176239014,-0.00286935199983418,0.8341103196144104,0.2066270411014557,0.895555853843689,-0.12345977872610092,0.6887909173965454
160,5.333333333333333,0.3199765980243683,0.5613201856613159,-0.3562532067298889,0.9941108226776123,0.3108743131160736,0.5185152292251587,-0.15548381209373474,0.9999269247055054,0.2565208971500397,0.5600852966308594,-0.28574320673942566,0.9998260140419006,0.3395051062107086,0.5585715770721436,-0.04346515238285065,0.5668023228645325,0.21795304119586945,0.6143456101417542,-0.29089266061782837,0.7773848176002502,0.34918057918548584,0.5899543166160583,0.009630760177969933,0.5821179747581482,0.21661797165870667,0.7020799517631531,-0.281197190284729,0.629956841468811,0.24561551213264465,0.6140303611755371,0.04886983335018158,0.999872624874115,0.21084344387054443,0.609647810459137,-0.04894896596670151,0.9997845888137817,0.2687072157859802,0.7391573786735535,-0.04477562755346298,0.8476778864860535,0.22075912356376648,0.7204188704490662,-0.1635105013847351,0.7635877728462219,0.24720296263694763,0.8583145141601562,0.04947139322757721,0.8251044154167175,0.20256607234477997,0.8449788689613342,-0.06250181049108505,0.7255361676216125,0.2645074129104614,0.907676637172699,-0.016712067648768425,0.8434145450592041,0.20819547772407532,0.8946302533149719,-0.11812875419855118,0.7140725255012512
161,5.366666666666666,0.3200305700302124,0.5637331008911133,-0.3561357855796814,0.9946951270103455,0.31169450283050537,0.5183059573173523,-0.1600925326347351,0.9999337792396545,0.2562399208545685,0.5605741143226624,-0.29468995332717896,0.9998317956924438,0.33941414952278137,0.5586773157119751,-0.03746241703629494,0.5990390181541443,0.2196865975856781,0.6241342425346375,-0.3007279336452484,0.7920446991920471,0.3495408296585083,0.5901621580123901,0.03570287674665451,0.6181823015213013,0.21692433953285217,0.7110331058502197,-0.290949285030365,0.620283842086792,0.24517154693603516,0.6146160364151001,0.048860885202884674,0.9998835325241089,0.21016618609428406,0.609866738319397,-0.04893968254327774,0.9998002648353577,0.2682587206363678,0.7394835352897644,-0.043671395629644394,0.8568825721740723,0.2188607007265091,0.7205870747566223,-0.17444707453250885,0.7835676074028015,0.24899664521217346,0.8620601296424866,0.04281910881400108,0.837120771408081,0.2027490884065628,0.8469836115837097,-0.06541372090578079,0.7485817074775696,0.2650233805179596,0.9106881022453308,-0.01904178038239479,0.8546248078346252,0.2084449827671051,0.8959928154945374,-0.11760250478982925,0.7369064688682556
162,5.4,0.3165765404701233,0.5577015280723572,-0.2265559881925583,0.9952238202095032,0.3023620843887329,0.5186867117881775,-0.06644294410943985,0.9999386668205261,0.2684400975704193,0.5549127459526062,-0.19771024584770203,0.9998231530189514,0.3218853175640106,0.5535682439804077,0.04260396957397461,0.5805671215057373,0.2564612329006195,0.6083816289901733,-0.1793399453163147,0.8019503951072693,0.34092244505882263,0.5757847428321838,0.09538573026657104,0.6293014287948608,0.2985023558139801,0.6165704131126404,-0.11984381824731827,0.6320486664772034,0.23125512897968292,0.6240347623825073,0.052564047276973724,0.9998897910118103,0.206931471824646,0.629109799861908,-0.05259512737393379,0.9998120069503784,0.2283387929201126,0.7573224306106567,0.11365703493356705,0.7940479516983032,0.21215109527111053,0.7692211866378784,-0.07909627258777618,0.8036301732063293,0.19746670126914978,0.8693355917930603,0.18930891156196594,0.7943246960639954,0.18754704296588898,0.9044234156608582,-0.060323573648929596,0.7723373770713806,0.21902403235435486,0.9108520746231079,0.1617662012577057,0.8265857696533203,0.20738708972930908,0.9407637715339661,-0.10836700350046158,0.760998010635376
163,5.433333333333334,0.31602105498313904,0.5556438565254211,-0.26486706733703613,0.9956953525543213,0.30271461606025696,0.5189477205276489,-0.10254691541194916,0.9999427199363708,0.2676512598991394,0.5594927072525024,-0.22431731224060059,0.9997850656509399,0.32342788577079773,0.5547773838043213,0.00435347855091095,0.5649461150169373,0.2624531090259552,0.6093772649765015,-0.2045145332813263,0.8040293455123901,0.33944171667099,0.5778267979621887,0.04821944981813431,0.6179423332214355,0.29984918236732483,0.5966674089431763,-0.1506718099117279,0.620582640171051,0.23408448696136475,0.6255261898040771,0.05096687003970146,0.9998966455459595,0.2048574984073639,0.6331375241279602,-0.05100081488490105,0.9998233318328857,0.224967360496521,0.7611445784568787,0.11578817665576935,0.7313514947891235,0.21102984249591827,0.7736790180206299,-0.054686300456523895,0.8192554712295532,0.19322136044502258,0.8740959167480469,0.2051084041595459,0.7405306100845337,0.18559065461158752,0.90826416015625,-0.0379415899515152,0.7927266955375671,0.21178624033927917,0.910306453704834,0.17493781447410583,0.7856159210205078,0.2052292376756668,0.947498083114624,-0.092289999127388,0.7808536291122437
164,5.466666666666667,0.3160257637500763,0.5545242428779602,-0.23503610491752625,0.9961203932762146,0.3021089434623718,0.5196190476417542,-0.07883332669734955,0.9999467134475708,0.26842036843299866,0.5578426718711853,-0.2191879004240036,0.9997775554656982,0.3231206238269806,0.5588396787643433,0.04083225503563881,0.55231112241745,0.2741745114326477,0.609821081161499,-0.1942465603351593,0.8081233501434326,0.3400122821331024,0.5787590146064758,0.1020141988992691,0.625234067440033,0.3057716488838196,0.5958342552185059,-0.1271516978740692,0.6247439384460449,0.23302283883094788,0.6265010833740234,0.05505255609750748,0.9999027252197266,0.20408621430397034,0.6345762610435486,-0.055057816207408905,0.9998336434364319,0.2325596809387207,0.7600474953651428,0.11648042500019073,0.6821208000183105,0.21052303910255432,0.7750810384750366,-0.06583085656166077,0.8355893492698669,0.19628652930259705,0.8746237754821777,0.2078697681427002,0.7038723826408386,0.18537075817584991,0.9083703756332397,-0.04610273987054825,0.8124688863754272,0.21544377505779266,0.9081663489341736,0.18488870561122894,0.7626171112060547,0.2052706927061081,0.9472461342811584,-0.09585445374250412,0.8008648157119751
165,5.5,0.31515949964523315,0.5543262362480164,-0.26078811287879944,0.9965047836303711,0.3028443455696106,0.5197238326072693,-0.09916675835847855,0.9999504685401917,0.2685021758079529,0.5620342493057251,-0.22691889107227325,0.999765932559967,0.32142865657806396,0.5535398125648499,0.022079948335886,0.5342584252357483,0.2649710178375244,0.6111268997192383,-0.19565388560295105,0.8057861924171448,0.33937111496925354,0.5785154700279236,0.09212980419397354,0.6247338652610779,0.3005748689174652,0.6012133359909058,-0.1218293309211731,0.6107707619667053,0.2342517375946045,0.626067578792572,0.05396103858947754,0.9999075531959534,0.20407554507255554,0.635114848613739,-0.053962867707014084,0.9998425245285034,0.23526200652122498,0.7581465244293213,0.12615922093391418,0.6263990998268127,0.21042659878730774,0.7742709517478943,-0.07078001648187637,0.8497280478477478,0.20240184664726257,0.8740601539611816,0.23778124153614044,0.6546998023986816,0.18678635358810425,0.906732439994812,-0.05008543282747269,0.8295921683311462,0.21701450645923615,0.9000065326690674,0.2241717129945755,0.7229983806610107,0.20534375309944153,0.9459387063980103,-0.095797099173069,0.8176166415214539
166,5.533333333333333,0.31254544854164124,0.5493441820144653,-0.3385697901248932,0.9968453645706177,0.31169095635414124,0.5478386878967285,-0.16447992622852325,0.9999548196792603,0.2650420665740967,0.5591145753860474,-0.2536007761955261,0.999765932559967,0.3288244605064392,0.6175640225410461,-0.11584605276584625,0.5543486475944519,0.2615174353122711,0.6358678340911865,-0.22036664187908173,0.8002991080284119,0.31911700963974,0.6549433469772339,-0.1675836145877838,0.6246652603149414,0.28408750891685486,0.6587863564491272,-0.2120591104030609,0.5967363715171814,0.23643739521503448,0.6374610066413879,0.04757675901055336,0.9999139308929443,0.20518481731414795,0.6355940103530884,-0.04758771136403084,0.9998536705970764,0.23715929687023163,0.769468367099762,0.06965555995702744,0.590337872505188,0.20939119160175323,0.775714099407196,-0.048924319446086884,0.8587474226951599,0.1945095807313919,0.8621368408203125,0.16691145300865173,0.6007135510444641,0.1851678341627121,0.905424177646637,-0.030395150184631348,0.8378199934959412,0.19774951040744781,0.8869400024414062,0.13668778538703918,0.6706370711326599,0.2029983550310135,0.948773980140686,-0.0913543850183487,0.8231326341629028
167,5.566666666666666,0.31075015664100647,0.5492957830429077,-0.35973745584487915,0.9971432685852051,0.3177713453769684,0.5586405396461487,-0.18333235383033752,0.9999586343765259,0.2616419196128845,0.5584609508514404,-0.2578789293766022,0.9997542500495911,0.33064278960227966,0.6303093433380127,-0.08354277908802032,0.5782972574234009,0.25821036100387573,0.6395801305770874,-0.2198481559753418,0.7869535684585571,0.30982881784439087,0.663914680480957,-0.06461621820926666,0.6205129027366638,0.27797451615333557,0.6831045746803284,-0.20855721831321716,0.5722060799598694,0.2372887134552002,0.6414055228233337,0.038902007043361664,0.9999197125434875,0.20608565211296082,0.6349103450775146,-0.03895643725991249,0.999862790107727,0.236223503947258,0.7734559774398804,0.01774449273943901,0.576425313949585,0.20992331206798553,0.7736572027206421,-0.045100271701812744,0.8650208711624146,0.1927521526813507,0.870235800743103,0.08647595345973969,0.5684071779251099,0.18518638610839844,0.9023915529251099,-0.023702552542090416,0.8451600670814514,0.19810301065444946,0.8979979753494263,0.03447995334863663,0.645376443862915,0.2016894817352295,0.9475077986717224,-0.08450575172901154,0.8299604058265686
168,5.6,0.3158286213874817,0.5282825231552124,-0.2517874836921692,0.997427225112915,0.305755078792572,0.5518048405647278,-0.05449558049440384,0.9999576807022095,0.26835715770721436,0.5586853623390198,-0.22310519218444824,0.9997671842575073,0.30080369114875793,0.6127638220787048,0.01563812606036663,0.558498203754425,0.26724880933761597,0.6434001326560974,-0.2388732135295868,0.8071314692497253,0.30516326427459717,0.671884298324585,-0.036323241889476776,0.6237379312515259,0.32700997591018677,0.7088108658790588,-0.25909531116485596,0.6135513782501221,0.2340756356716156,0.6387072205543518,0.051247019320726395,0.999921977519989,0.2041739672422409,0.6338198184967041,-0.0512412004172802,0.9998713731765747,0.2321021854877472,0.7695366144180298,0.04407105967402458,0.5549588799476624,0.20566534996032715,0.7723540663719177,-0.05934028699994087,0.8756527304649353,0.19027504324913025,0.8783342838287354,0.10027086734771729,0.5679612755775452,0.18401478230953217,0.904758632183075,-0.0336153469979763,0.8587855100631714,0.20218434929847717,0.9155927896499634,0.04609713330864906,0.649117112159729,0.20186805725097656,0.9489898085594177,-0.09687654674053192,0.8440396785736084
169,5.633333333333334,0.3168713450431824,0.5242146849632263,-0.2737029790878296,0.9976838827133179,0.30434826016426086,0.5469286441802979,-0.07255140691995621,0.9999592304229736,0.27019497752189636,0.5578650832176208,-0.22761376202106476,0.9997876882553101,0.29811277985572815,0.6163145899772644,-0.00858486257493496,0.5463881492614746,0.23408278822898865,0.6071310043334961,-0.24832412600517273,0.8254466652870178,0.3045059144496918,0.679477334022522,-0.0812772810459137,0.6376307010650635,0.23994550108909607,0.6827699542045593,-0.27204594016075134,0.6511418223381042,0.23384864628314972,0.6370214223861694,0.0559108629822731,0.9999231696128845,0.20461423695087433,0.6332913637161255,-0.05592646449804306,0.9998793601989746,0.2318023443222046,0.7672862410545349,0.040927447378635406,0.5536647439002991,0.2046300619840622,0.772741973400116,-0.0596882589161396,0.8859866261482239,0.1905752569437027,0.8775585889816284,0.08132017403841019,0.5770397186279297,0.18396131694316864,0.9069496393203735,-0.03807540237903595,0.87179034948349,0.203370600938797,0.9177244305610657,0.022678855806589127,0.6623831987380981,0.20209744572639465,0.9487454891204834,-0.10742241144180298,0.8576778769493103
170,5.666666666666667,0.32490697503089905,0.5091051459312439,-0.20828168094158173,0.9979152679443359,0.2991013526916504,0.5355938076972961,-0.003669578116387129,0.9999517798423767,0.27613604068756104,0.5549027919769287,-0.1849489063024521,0.9998020529747009,0.2759816646575928,0.6111085414886475,0.053700514137744904,0.507710337638855,0.2712777256965637,0.6667064428329468,-0.21887452900409698,0.8407002687454224,0.2642686665058136,0.6672921180725098,0.012368218041956425,0.598038911819458,0.29099756479263306,0.7500103712081909,-0.2501522898674011,0.6849088668823242,0.23074941337108612,0.6314558386802673,0.056143440306186676,0.9999229311943054,0.20307938754558563,0.6229046583175659,-0.05613892525434494,0.9998868703842163,0.2277410924434662,0.7667399048805237,0.0574699267745018,0.5445109009742737,0.19170914590358734,0.76288241147995,-0.08453815430402756,0.8949400782585144,0.18332278728485107,0.8666649460792542,0.11109443008899689,0.5703145265579224,0.18202464282512665,0.9032261967658997,-0.048660170286893845,0.8824713826179504,0.1845085769891739,0.8990074396133423,0.07505962252616882,0.6516057848930359,0.1984095722436905,0.9457845091819763,-0.10108132660388947,0.8681448101997375
171,5.7,0.327312707901001,0.5061244368553162,-0.20791368186473846,0.998123288154602,0.2982065975666046,0.5298296809196472,-0.009661358781158924,0.99994295835495,0.276896595954895,0.5538783073425293,-0.1855747401714325,0.9998152256011963,0.27237504720687866,0.609194815158844,0.047598697245121,0.46691054105758667,0.2758268713951111,0.673789918422699,-0.21401329338550568,0.8539667129516602,0.25738030672073364,0.6622222661972046,0.01199814211577177,0.5519991517066956,0.2959918677806854,0.7543767094612122,-0.23946404457092285,0.7152907848358154,0.23072287440299988,0.6300414800643921,0.055726565420627594,0.9999233484268188,0.20211097598075867,0.6200933456420898,-0.05570327490568161,0.9998946189880371,0.23040327429771423,0.7571744322776794,0.06764768809080124,0.5248342752456665,0.1891089230775833,0.7591909766197205,-0.0897160992026329,0.9023483395576477,0.18535293638706207,0.8399902582168579,0.13513045012950897,0.5474551320075989,0.18045669794082642,0.9003722071647644,-0.051653604954481125,0.8912539482116699,0.1841965764760971,0.8668222427368164,0.10744240134954453,0.6263792514801025,0.19789668917655945,0.9440791010856628,-0.09858178347349167,0.8762266039848328
172,5.733333333333333,0.33312299847602844,0.5022320747375488,-0.22235333919525146,0.9983099102973938,0.3049003481864929,0.517731249332428,-0.017799971625208855,0.999941885471344,0.2813120484352112,0.5444687008857727,-0.20163755118846893,0.9998306632041931,0.2584152817726135,0.5665667057037354,0.03563366085290909,0.42877474427223206,0.26941055059432983,0.6560139656066895,-0.2322222888469696,0.8673549294471741,0.21872802078723907,0.6159935593605042,0.0021005873568356037,0.5097188353538513,0.2694842517375946,0.7429961562156677,-0.24687635898590088,0.7423787117004395,0.23211145401000977,0.6293112635612488,0.06083514168858528,0.9999288320541382,0.20266275107860565,0.6136373281478882,-0.06082756444811821,0.9999040961265564,0.2467159777879715,0.7527478337287903,0.03591848164796829,0.5584895610809326,0.1773367077112198,0.7305223345756531,-0.1896531879901886,0.9115205407142639,0.19007696211338043,0.8164106011390686,0.13530418276786804,0.5768720507621765,0.15134297311306,0.8442424535751343,-0.06639999896287918,0.9002156257629395,0.19250552356243134,0.8688740134239197,0.11647617816925049,0.6486252546310425,0.15911175310611725,0.8964751362800598,-0.09723882377147675,0.8860241770744324
173,5.766666666666667,0.3336252272129059,0.5024296045303345,-0.22054490447044373,0.9984782934188843,0.3074377179145813,0.5138957500457764,-0.017011288553476334,0.9999428987503052,0.2822774350643158,0.5403844714164734,-0.20557625591754913,0.9998452067375183,0.25576895475387573,0.5564233064651489,0.0381523035466671,0.39646396040916443,0.2674413025379181,0.6498910784721375,-0.2375260889530182,0.8798049688339233,0.2152395248413086,0.6064048409461975,0.004342704080045223,0.47752946615219116,0.2654270529747009,0.7403425574302673,-0.2456308901309967,0.7672225832939148,0.2327069342136383,0.6281095743179321,0.06273634731769562,0.9999338388442993,0.20303764939308167,0.6115622520446777,-0.06274576485157013,0.9999126195907593,0.25074025988578796,0.7506721615791321,0.03679778426885605,0.5899282693862915,0.17649678885936737,0.7284198999404907,-0.1655878722667694,0.9198974967002869,0.19105711579322815,0.8127597570419312,0.14644186198711395,0.6042185425758362,0.1485290229320526,0.8424364924430847,-0.05399978905916214,0.9088872075080872,0.19392339885234833,0.8681548237800598,0.13212956488132477,0.6700002551078796,0.15577749907970428,0.894954264163971,-0.06957430392503738,0.8955156803131104
174,5.8,0.3341246247291565,0.5015464425086975,-0.2223772555589676,0.9986292123794556,0.3088914453983307,0.512914776802063,-0.018855232745409012,0.9999410510063171,0.2823027968406677,0.5393927097320557,-0.20623688399791718,0.9998580813407898,0.25638774037361145,0.5572880506515503,0.0368027426302433,0.36448514461517334,0.2665405869483948,0.6479243636131287,-0.23763950169086456,0.8909487128257751,0.21604450047016144,0.6050862073898315,0.004959357902407646,0.44160890579223633,0.26430797576904297,0.7413410544395447,-0.24499988555908203,0.7895325422286987,0.2330581396818161,0.6273279786109924,0.06241195648908615,0.9999383687973022,0.20322974026203156,0.610388994216919,-0.06241920590400696,0.9999204277992249,0.2507440447807312,0.7506783604621887,0.035729702562093735,0.6167633533477783,0.1758379340171814,0.7263533473014832,-0.17294754087924957,0.9274017810821533,0.1915208399295807,0.8158358931541443,0.13927161693572998,0.6293152570724487,0.1482371985912323,0.8440019488334656,-0.06211679056286812,0.9167712926864624,0.19474507868289948,0.8685598373413086,0.11909367144107819,0.6896353363990784,0.15588612854480743,0.897310733795166,-0.07877449691295624,0.9042111039161682
175,5.833333333333333,0.33344024419784546,0.5013233423233032,-0.2256280481815338,0.9987652897834778,0.3094663619995117,0.5127797722816467,-0.020992618054151535,0.9999405145645142,0.28233495354652405,0.5386768579483032,-0.20798619091510773,0.9998697638511658,0.25527021288871765,0.5579456090927124,0.03428936004638672,0.3369802236557007,0.2660939693450928,0.647171676158905,-0.23871533572673798,0.9009883403778076,0.2133016586303711,0.6040017604827881,0.0024471974465996027,0.4114019274711609,0.2641903758049011,0.7414723038673401,-0.24387696385383606,0.8096059560775757,0.23312218487262726,0.6263406276702881,0.06261386722326279,0.9999423623085022,0.20332613587379456,0.609494686126709,-0.0626220554113388,0.9999274015426636,0.25062111020088196,0.7504953742027283,0.03686419874429703,0.6390623450279236,0.17649544775485992,0.7269409894943237,-0.16686448454856873,0.9341312050819397,0.19125281274318695,0.8155549168586731,0.14184732735157013,0.6505433320999146,0.14861419796943665,0.8457956910133362,-0.05930863693356514,0.9238805174827576,0.19326168298721313,0.869781494140625,0.12244099378585815,0.7062801122665405,0.1565805822610855,0.8987597823143005,-0.08009979128837585,0.9120457768440247
176,5.866666666666666,0.336164265871048,0.49652913212776184,-0.21978525817394257,0.9988877177238464,0.30952271819114685,0.5134841799736023,-0.002124140737578273,0.9999257326126099,0.2859654128551483,0.5375521183013916,-0.20232625305652618,0.9998807311058044,0.2599790096282959,0.5623646378517151,0.0775221660733223,0.30431312322616577,0.25985777378082275,0.645632803440094,-0.23813048005104065,0.9093936681747437,0.25130513310432434,0.5911049842834473,0.07657340914011002,0.3723715543746948,0.2413928210735321,0.7346433997154236,-0.2506442070007324,0.8239038586616516,0.2300252467393875,0.6287577748298645,0.06138844043016434,0.9999454021453857,0.20303618907928467,0.6108627319335938,-0.061404310166835785,0.999933660030365,0.25690585374832153,0.7463575005531311,-0.01626279018819332,0.6589901447296143,0.1624813675880432,0.7308839559555054,-0.09628688544034958,0.9381663203239441,0.19261124730110168,0.8290373086929321,0.06651557981967926,0.6693810820579529,0.11052396148443222,0.813439667224884,0.030090490356087685,0.9282822608947754,0.20120517909526825,0.8856891989707947,0.02653423510491848,0.7216755747795105,0.11168024688959122,0.854674220085144,-0.0045526232570409775,0.9161550402641296
177,5.9,0.3368425667285919,0.49558591842651367,-0.22789180278778076,0.9989984035491943,0.30952563881874084,0.5143426060676575,-0.018925126641988754,0.9999299049377441,0.28660839796066284,0.5367085933685303,-0.2203449010848999,0.9998910427093506,0.26240989565849304,0.5987523794174194,0.06343933194875717,0.28406161069869995,0.256924569606781,0.6450849771499634,-0.2604450285434723,0.9177626967430115,0.23445788025856018,0.6757686734199524,0.001076631946489215,0.34991130232810974,0.23854701220989227,0.733500063419342,-0.27216124534606934,0.8394913673400879,0.22861430048942566,0.6310780644416809,0.062348730862140656,0.9999478459358215,0.20260152220726013,0.6117002367973328,-0.06237119436264038,0.9999385476112366,0.2581028342247009,0.7450818419456482,-0.031420424580574036,0.6872331500053406,0.16041305661201477,0.7323530316352844,-0.10862889140844345,0.9436811804771423,0.19332662224769592,0.836407482624054,0.03787108510732651,0.6948294043540955,0.10462401062250137,0.8129397034645081,0.01184398215264082,0.9337469339370728,0.20527856051921844,0.8980045914649963,-0.005298133939504623,0.7430400252342224,0.10441918671131134,0.8545138835906982,-0.019017156213521957,0.9218053817749023
178,5.933333333333334,0.3356001079082489,0.4965905547142029,-0.33015817403793335,0.9990967512130737,0.3211100995540619,0.5151001214981079,-0.09507054835557938,0.9999251365661621,0.28527510166168213,0.5370058417320251,-0.2687508761882782,0.9998980760574341,0.30830851197242737,0.5432066917419434,0.0766262412071228,0.25777435302734375,0.25034821033477783,0.6379001140594482,-0.30642932653427124,0.9236308932304382,0.31598562002182007,0.5504595041275024,0.20791175961494446,0.3253467381000519,0.22230038046836853,0.7289215326309204,-0.34470751881599426,0.840282678604126,0.2451130896806717,0.6325851678848267,0.05459653213620186,0.9999443888664246,0.2155817747116089,0.6112678050994873,-0.054651908576488495,0.9999403953552246,0.2558310329914093,0.753876268863678,-0.02621656283736229,0.653965175151825,0.16168934106826782,0.6914171576499939,-0.1006188839673996,0.9393033981323242,0.2044406235218048,0.8715378046035767,0.042752329260110855,0.7058273553848267,0.09675641357898712,0.7471868991851807,-0.0006339578540064394,0.9349117875099182,0.2203640192747116,0.9214750528335571,-0.028300553560256958,0.753039538860321,0.08423993736505508,0.788256824016571,-0.048221372067928314,0.9217013716697693
