frame,timestamp,nose_x,nose_y,nose_z,nose_visibility,left_shoulder_x,left_shoulder_y,left_shoulder_z,left_shoulder_visibility,right_shoulder_x,right_shoulder_y,right_shoulder_z,right_shoulder_visibility,left_elbow_x,left_elbow_y,left_elbow_z,left_elbow_visibility,right_elbow_x,right_elbow_y,right_elbow_z,right_elbow_visibility,left_wrist_x,left_wrist_y,left_wrist_z,left_wrist_visibility,right_wrist_x,right_wrist_y,right_wrist_z,right_wrist_visibility,left_hip_x,left_hip_y,left_hip_z,left_hip_visibility,right_hip_x,right_hip_y,right_hip_z,right_hip_visibility,left_knee_x,left_knee_y,left_knee_z,left_knee_visibility,right_knee_x,right_knee_y,right_knee_z,right_knee_visibility,left_ankle_x,left_ankle_y,left_ankle_z,left_ankle_visibility,right_ankle_x,right_ankle_y,right_ankle_z,right_ankle_visibility,left_foot_x,left_foot_y,left_foot_z,left_foot_visibility,right_foot_x,right_foot_y,right_foot_z,right_foot_visibility
0,0.0,0.5163089036941528,0.2020067423582077,-0.03011060692369938,0.9989288449287415,0.5484883189201355,0.2720375955104828,0.06459669023752213,0.9998255372047424,0.48871150612831116,0.2821597158908844,0.11521691083908081,0.99988853931427,0.5714331865310669,0.32856687903404236,0.0139871034771204,0.8815382122993469,0.49630627036094666,0.3650970458984375,0.1004459485411644,0.6794127821922302,0.5605781078338623,0.3518490195274353,-0.11735911667346954,0.8654579520225525,0.49480658769607544,0.41426917910575867,0.02257344499230385,0.7796683311462402,0.565985381603241,0.4271855354309082,-0.02343553677201271,0.9999103546142578,0.5274971127510071,0.44420313835144043,0.023173866793513298,0.9999358057975769,0.5764891505241394,0.4435403645038605,-0.3114844262599945,0.9372910261154175,0.5178669095039368,0.564899206161499,-0.026438847184181213,0.8843600153923035,0.5794699192047119,0.6011163592338562,-0.31388944387435913,0.7842576503753662,0.5192364454269409,0.6985957026481628,0.0290118008852005,0.9005413055419922,0.5800603032112122,0.6668419241905212,-0.41250449419021606,0.8136655688285828,0.5184991955757141,0.7488431334495544,-0.04682429879903793,0.8972072005271912
1,0.03333333333333333,0.5173647403717041,0.1972908079624176,-0.0964708998799324,0.9990233778953552,0.5494295358657837,0.2633695602416992,0.026381731033325195,0.9998400211334229,0.4915809631347656,0.2719864249229431,0.08197508007287979,0.9998975396156311,0.5732239484786987,0.3357101082801819,-0.03715810924768448,0.8636587858200073,0.49726539850234985,0.34557637572288513,0.09265650063753128,0.6962339282035828,0.5724736452102661,0.3529032766819,-0.1636790633201599,0.8708961009979248,0.49665117263793945,0.39887741208076477,0.029248956590890884,0.7994949221611023,0.5571297407150269,0.39223620295524597,-0.020354801788926125,0.9999144077301025,0.5267947912216187,0.4122912883758545,0.02005799673497677,0.9999380707740784,0.5826570391654968,0.4715360105037689,-0.25437429547309875,0.9420471787452698,0.5220950841903687,0.5425565242767334,-0.029936209321022034,0.887938380241394,0.5822746753692627,0.6047853827476501,-0.12641698122024536,0.7976685762405396,0.5214170813560486,0.6927469372749329,0.06885991990566254,0.905624508857727,0.5878879427909851,0.677844762802124,-0.20272445678710938,0.8233115673065186,0.5202269554138184,0.7394496202468872,-0.009152593091130257,0.8990452289581299
2,0.06666666666666667,0.517112135887146,0.1927402913570404,-0.044111184775829315,0.9991031289100647,0.5496301054954529,0.2614918649196625,0.06332220137119293,0.9998520016670227,0.49333858489990234,0.271433562040329,0.12172216176986694,0.999899685382843,0.574873685836792,0.33653172850608826,-0.019154788926243782,0.833998441696167,0.49939054250717163,0.3493623733520508,0.13461549580097198,0.6672412753105164,0.5696372985839844,0.3504628837108612,-0.18447813391685486,0.8668814301490784,0.49982500076293945,0.3874753713607788,0.07727967202663422,0.7870316505432129,0.5578098893165588,0.40899595618247986,-0.020371463149785995,0.9999184608459473,0.5271581411361694,0.4276636838912964,0.02007681503891945,0.9999382495880127,0.5803852081298828,0.4597814679145813,-0.30954790115356445,0.9466795325279236,0.5195305347442627,0.548478901386261,-0.030169766396284103,0.8841122984886169,0.5829660296440125,0.6004049181938171,-0.15957337617874146,0.8071709275245667,0.520270049571991,0.6886822581291199,0.07646165043115616,0.9060501456260681,0.5852965116500854,0.6744471788406372,-0.22935819625854492,0.8308207392692566,0.5181738138198853,0.7409188747406006,-0.005595220252871513,0.8951952457427979
3,0.1,0.517927348613739,0.1929868906736374,-0.0895795077085495,0.9991751313209534,0.5494331121444702,0.2614861726760864,0.049967337399721146,0.9998643398284912,0.49319857358932495,0.2723102569580078,0.09396006911993027,0.9999016523361206,0.5749970078468323,0.3394996225833893,-0.025684792548418045,0.8316141963005066,0.49897894263267517,0.34937599301338196,0.12516526877880096,0.6532846093177795,0.5685287714004517,0.3545421361923218,-0.23438410460948944,0.8728549480438232,0.4998009204864502,0.39192119240760803,0.08787338435649872,0.7783887982368469,0.5573593378067017,0.41570937633514404,-0.021899010986089706,0.9999228715896606,0.5266934633255005,0.42842191457748413,0.0216322410851717,0.9999395608901978,0.5765143036842346,0.4774155616760254,-0.2834332585334778,0.9509463310241699,0.5186938047409058,0.5564417243003845,-0.013910087756812572,0.8837090134620667,0.5775424838066101,0.5945190787315369,-0.12940004467964172,0.8118975162506104,0.520642101764679,0.6897403597831726,0.10978788137435913,0.9068037867546082,0.5808461904525757,0.6642889976501465,-0.1934458315372467,0.8341884613037109,0.5188634991645813,0.7399529218673706,0.036275289952754974,0.8916177749633789
4,0.13333333333333333,0.5181909799575806,0.19324693083763123,-0.08264035731554031,0.9992417097091675,0.5491941571235657,0.26183533668518066,0.03428975120186806,0.9998756647109985,0.4936312139034271,0.27378782629966736,0.09256803244352341,0.999904215335846,0.5767627954483032,0.34102925658226013,-0.04292672500014305,0.8241614699363708,0.4988170564174652,0.35079437494277954,0.11774376779794693,0.6322470307350159,0.5681689977645874,0.3562237322330475,-0.22493962943553925,0.8765433430671692,0.49967965483665466,0.39431673288345337,0.06569927930831909,0.7645405530929565,0.556718647480011,0.4172147512435913,-0.021859070286154747,0.999926745891571,0.5265448689460754,0.42985251545906067,0.021589163690805435,0.9999402761459351,0.5791563391685486,0.4709186553955078,-0.2867664098739624,0.9540107250213623,0.5186675786972046,0.5578791499137878,-0.018659085035324097,0.8746834397315979,0.5791656374931335,0.5960053205490112,-0.15824195742607117,0.8115476369857788,0.5203536152839661,0.6938247680664062,0.08665760606527328,0.9035512208938599,0.5822440385818481,0.6622218489646912,-0.23037953674793243,0.8335601091384888,0.5188018083572388,0.7409849166870117,0.009268191643059254,0.8833955526351929
5,0.16666666666666666,0.5185023546218872,0.19292399287223816,-0.07987235486507416,0.9993123412132263,0.5492240190505981,0.2613868713378906,0.028512943536043167,0.999886691570282,0.4943462014198303,0.2729732394218445,0.08882354944944382,0.9999092221260071,0.5758028626441956,0.3378067910671234,-0.04988634213805199,0.8270111680030823,0.49902257323265076,0.3489145338535309,0.10218162834644318,0.6308225989341736,0.5704031586647034,0.3546938896179199,-0.22505562007427216,0.883527398109436,0.4994215965270996,0.3949298858642578,0.011228376999497414,0.7693624496459961,0.5556350350379944,0.4201955199241638,-0.02195487730205059,0.9999300241470337,0.5253456234931946,0.432280957698822,0.021694105118513107,0.999940812587738,0.5761122703552246,0.4872436821460724,-0.27447977662086487,0.956630289554596,0.5181788206100464,0.5611762404441833,-0.014610406942665577,0.8646568655967712,0.5770301818847656,0.6154794096946716,-0.16153594851493835,0.808566153049469,0.5213088989257812,0.694030225276947,0.07809193432331085,0.8969384431838989,0.5804910063743591,0.6614913940429688,-0.23606553673744202,0.8319101333618164,0.5193281769752502,0.7402394413948059,-0.002240987727418542,0.8729537725448608
6,0.2,0.5180474519729614,0.19418269395828247,-0.14499200880527496,0.9993740320205688,0.5489564538002014,0.26168423891067505,-0.030131664127111435,0.999896764755249,0.49408459663391113,0.2717965245246887,0.04813896119594574,0.9999138712882996,0.5759992003440857,0.3355587422847748,-0.0877433568239212,0.8412559628486633,0.4984349310398102,0.34733322262763977,0.07037331908941269,0.6446728706359863,0.5675601363182068,0.35661256313323975,-0.24981693923473358,0.8938196301460266,0.4993278384208679,0.3970794677734375,-0.023875024169683456,0.7835721969604492,0.5528805255889893,0.42340317368507385,-0.02220284752547741,0.9999336004257202,0.5233238935470581,0.4316226840019226,0.02196677401661873,0.9999428987503052,0.5713511109352112,0.5174741744995117,-0.17740938067436218,0.9581131339073181,0.5177508592605591,0.5594836473464966,-0.011856514029204845,0.8689602613449097,0.5723989009857178,0.6196480989456177,-0.01099930889904499,0.7996370792388916,0.5213616490364075,0.6921964287757874,0.07421372830867767,0.8999903202056885,0.5774627327919006,0.6561020612716675,-0.06851501017808914,0.8246034383773804,0.5198342800140381,0.7387635111808777,-0.010135775431990623,0.8746542930603027
7,0.23333333333333334,0.5179623365402222,0.19308596849441528,-0.14740607142448425,0.9994301795959473,0.5492811799049377,0.2623289227485657,-0.03126787394285202,0.9999054670333862,0.4940829873085022,0.2729976177215576,0.0458524227142334,0.9999186992645264,0.5767479538917542,0.3391459882259369,-0.10062126070261002,0.8496429920196533,0.49823707342147827,0.3476852774620056,0.05270625278353691,0.6540970206260681,0.5659326314926147,0.3594822883605957,-0.27134037017822266,0.8995459675788879,0.499110609292984,0.3969123959541321,-0.05088913440704346,0.793407142162323,0.5525628328323364,0.4268608093261719,-0.023108627647161484,0.9999369978904724,0.5226627588272095,0.43448641896247864,0.022882936522364616,0.999945342540741,0.5700210332870483,0.5168026685714722,-0.22585782408714294,0.9609281420707703,0.5180171132087708,0.5613229870796204,-0.008307259529829025,0.8730468153953552,0.570339560508728,0.6087691783905029,-0.09153477847576141,0.7977160215377808,0.5209143757820129,0.6902925968170166,0.08293671160936356,0.9044784903526306,0.5727643966674805,0.6539044380187988,-0.16031749546527863,0.8251900672912598,0.5210064053535461,0.7386612892150879,-0.00820444617420435,0.8782892823219299
8,0.26666666666666666,0.517779529094696,0.19335231184959412,-0.1645207703113556,0.9994766116142273,0.5493610501289368,0.26208361983299255,-0.049086395651102066,0.9999135136604309,0.4942750930786133,0.2738083004951477,0.03280482441186905,0.9999220967292786,0.5759421586990356,0.33845630288124084,-0.12634024024009705,0.8596532344818115,0.49819833040237427,0.34790417551994324,0.04452599212527275,0.6559308767318726,0.5656941533088684,0.35621178150177,-0.31113630533218384,0.9068325161933899,0.49904027581214905,0.3960871398448944,-0.056743085384368896,0.7992739677429199,0.5522511005401611,0.42603203654289246,-0.023629723116755486,0.9999400973320007,0.5222034454345703,0.43357154726982117,0.023418862372636795,0.9999475479125977,0.5685060024261475,0.5222158432006836,-0.20960161089897156,0.9603192806243896,0.5184005498886108,0.5604772567749023,-0.015191784128546715,0.8725550770759583,0.5724796652793884,0.6104593276977539,-0.035661011934280396,0.7732539772987366,0.5205541849136353,0.6917298436164856,0.07040317356586456,0.9054375886917114,0.5714846849441528,0.655164361000061,-0.10151231288909912,0.8070231080055237,0.520858645439148,0.739013671875,-0.024778764694929123,0.877404510974884
9,0.3,0.5176042318344116,0.19312366843223572,-0.17666611075401306,0.999518096446991,0.5492054224014282,0.2610965073108673,-0.05348125845193863,0.999920666217804,0.4945068955421448,0.27407869696617126,0.023105347529053688,0.9999258518218994,0.5748087167739868,0.3369845747947693,-0.1229315847158432,0.8676711916923523,0.4980757236480713,0.3479342758655548,0.03953684866428375,0.6590592861175537,0.5649808645248413,0.35617882013320923,-0.30318671464920044,0.9124364852905273,0.49893873929977417,0.39635971188545227,-0.060372669249773026,0.8053032159805298,0.5515800714492798,0.42473140358924866,-0.023557297885417938,0.9999433159828186,0.5214822888374329,0.43207985162734985,0.023343723267316818,0.9999502301216125,0.5677390098571777,0.5295668840408325,-0.1926410049200058,0.9594148397445679,0.5184029340744019,0.558756411075592,-0.017273500561714172,0.8740518689155579,0.5734686851501465,0.6124765276908875,-0.00760022085160017,0.74794602394104,0.5204507112503052,0.6903586387634277,0.06548623740673065,0.9076640605926514,0.5772401690483093,0.6577138900756836,-0.06958679854869843,0.7873721718788147,0.5207139253616333,0.7377070188522339,-0.031120512634515762,0.878152072429657
10,0.3333333333333333,0.5175674557685852,0.19321000576019287,-0.1709463894367218,0.99955815076828,0.5490757822990417,0.2605366110801697,-0.04968443885445595,0.999927282333374,0.4947584569454193,0.27321067452430725,0.021033409982919693,0.9999301433563232,0.5741919875144958,0.3364636301994324,-0.10937795788049698,0.8743983507156372,0.497948557138443,0.34629151225090027,0.031924642622470856,0.667701005935669,0.5642977952957153,0.3572050631046295,-0.2759822607040405,0.916294515132904,0.4988650679588318,0.39506852626800537,-0.07279279083013535,0.8115630745887756,0.5514203310012817,0.42307141423225403,-0.022290494292974472,0.9999462962150574,0.5212220549583435,0.4304128885269165,0.022099407389760017,0.9999528527259827,0.5670556426048279,0.5286944508552551,-0.19239825010299683,0.9599034786224365,0.5182890892028809,0.5564688444137573,-0.01793578825891018,0.8786116242408752,0.5725501179695129,0.6107398271560669,-0.019388815388083458,0.7326138615608215,0.5201880931854248,0.6866030097007751,0.05887724086642265,0.911190927028656,0.5741931200027466,0.6548520922660828,-0.08092702925205231,0.7760416269302368,0.5214058756828308,0.7362338304519653,-0.03605205938220024,0.8806688189506531
11,0.36666666666666664,0.51752108335495,0.193337082862854,-0.16173312067985535,0.9995961785316467,0.548990786075592,0.2602744996547699,-0.04107904061675072,0.999933123588562,0.4950134754180908,0.27260538935661316,0.028449436649680138,0.9999343156814575,0.5738191604614258,0.33603936433792114,-0.10257033258676529,0.8798977136611938,0.4978647828102112,0.34532636404037476,0.03453473374247551,0.6778945922851562,0.5650078058242798,0.36107543110847473,-0.27056023478507996,0.9192717671394348,0.49881404638290405,0.39456987380981445,-0.07572409510612488,0.8200165033340454,0.5515149831771851,0.42257457971572876,-0.02203264832496643,0.9999487400054932,0.5211880207061768,0.43059733510017395,0.021847892552614212,0.9999551177024841,0.5667620897293091,0.5268349051475525,-0.19514425098896027,0.9601604342460632,0.5183217525482178,0.5577777624130249,-0.01929699443280697,0.8821024894714355,0.5728978514671326,0.611155092716217,-0.02482493221759796,0.7147387862205505,0.5202286243438721,0.6907498836517334,0.057644009590148926,0.9139029383659363,0.5725306868553162,0.654742419719696,-0.08606594055891037,0.7617269158363342,0.5217784643173218,0.7371446490287781,-0.03715844079852104,0.8820102214813232
12,0.4,0.5166035294532776,0.1934790462255478,-0.1636923849582672,0.9996259212493896,0.5489513874053955,0.2603386640548706,-0.03991813585162163,0.9999379515647888,0.4952211380004883,0.27212095260620117,0.024167168885469437,0.9999369978904724,0.573373019695282,0.33636513352394104,-0.09973154962062836,0.8852401971817017,0.49781718850135803,0.3442143201828003,0.03567356988787651,0.6836429834365845,0.5705995559692383,0.3602469861507416,-0.26597335934638977,0.923043429851532,0.4987960755825043,0.39274686574935913,-0.06816625595092773,0.8253729343414307,0.5510759949684143,0.42350324988365173,-0.019768478348851204,0.9999514222145081,0.520857572555542,0.43143343925476074,0.01960677094757557,0.9999576210975647,0.566595196723938,0.5290670394897461,-0.14534930884838104,0.9589024782180786,0.5181998014450073,0.5575491786003113,-0.01677442155778408,0.8878523111343384,0.5727037191390991,0.6110609173774719,0.04300428554415703,0.6977381706237793,0.520248532295227,0.6914052963256836,0.0576336570084095,0.9181939363479614,0.5712907314300537,0.6540266871452332,-0.010634167119860649,0.7459760904312134,0.5222050547599792,0.7365016341209412,-0.03650784492492676,0.8858327269554138
13,0.43333333333333335,0.5161733031272888,0.1935187727212906,-0.15564003586769104,0.9996484518051147,0.548900306224823,0.2603986859321594,-0.03740189969539642,0.9999421834945679,0.4953950345516205,0.2721112370491028,0.02904493547976017,0.9999387264251709,0.5731274485588074,0.33642399311065674,-0.09982427954673767,0.8889710307121277,0.4978068768978119,0.3439241051673889,0.04166147857904434,0.6823445558547974,0.56903475522995,0.3575490415096283,-0.2705531418323517,0.9251355528831482,0.49877986311912537,0.3919190764427185,-0.06504993140697479,0.8227776885032654,0.5502546429634094,0.42415234446525574,-0.019670534878969193,0.9999541640281677,0.5202127695083618,0.4319861829280853,0.01950165629386902,0.9999600648880005,0.5628150105476379,0.5297478437423706,-0.1798752099275589,0.9590367674827576,0.5180769562721252,0.5583416819572449,-0.014993039891123772,0.8921462893486023,0.5695062875747681,0.6013234257698059,0.005148052703589201,0.6762892603874207,0.5203424096107483,0.6929135918617249,0.058832425624132156,0.9215057492256165,0.5677390098571777,0.6445856094360352,-0.04441012069582939,0.7271173000335693,0.5222039222717285,0.7365646362304688,-0.03348414599895477,0.8877566456794739
14,0.4666666666666667,0.5156170129776001,0.19391784071922302,-0.1602414846420288,0.9996697902679443,0.5488771796226501,0.2604597806930542,-0.042729295790195465,0.9999462366104126,0.4955309331417084,0.27214863896369934,0.026208195835351944,0.999940812587738,0.5731239914894104,0.3361852169036865,-0.1023351177573204,0.8933897614479065,0.4977738857269287,0.3437685966491699,0.04020672291517258,0.6845815777778625,0.568686842918396,0.35955747961997986,-0.2699422836303711,0.9274848699569702,0.49879223108291626,0.3914650082588196,-0.05646132305264473,0.8210175037384033,0.5501823425292969,0.42460981011390686,-0.01975739188492298,0.9999571442604065,0.5200154781341553,0.4321262240409851,0.0195830836892128,0.9999627470970154,0.5625700354576111,0.5289096236228943,-0.18764449656009674,0.9605035781860352,0.5179803967475891,0.5580593347549438,-0.01232992298901081,0.8982692956924438,0.5679975748062134,0.5956117510795593,0.012726028449833393,0.6617260575294495,0.5203931927680969,0.692512571811676,0.06145358085632324,0.9262740015983582,0.566112756729126,0.6402333378791809,-0.030216554179787636,0.7141665816307068,0.5222242474555969,0.735166609287262,-0.02862432599067688,0.8925567865371704
15,0.5,0.5155125856399536,0.19414213299751282,-0.15858177840709686,0.9996930956840515,0.5488601922988892,0.2604747712612152,-0.04231980815529823,0.9999500513076782,0.495685338973999,0.27232709527015686,0.02715100720524788,0.9999427199363708,0.5730709433555603,0.3359473645687103,-0.1042146235704422,0.8982974886894226,0.4977481961250305,0.34376752376556396,0.03910649195313454,0.6872568130493164,0.5682713389396667,0.3573407828807831,-0.27136504650115967,0.9299957156181335,0.4988662302494049,0.3911195993423462,-0.05477265268564224,0.8187770247459412,0.5501876473426819,0.4249303936958313,-0.019803572446107864,0.9999599456787109,0.5198959708213806,0.43219324946403503,0.01962588168680668,0.999965250492096,0.5622586011886597,0.5282989740371704,-0.19176273047924042,0.9626433253288269,0.5179211497306824,0.5579338669776917,-0.010088072158396244,0.9044787883758545,0.5655534863471985,0.5807855725288391,0.0019468305399641395,0.6577356457710266,0.5204059481620789,0.6919683218002319,0.06421604007482529,0.9311405420303345,0.5640770196914673,0.6383177638053894,-0.04215056449174881,0.7105159163475037,0.5220688581466675,0.7343031764030457,-0.024328159168362617,0.8979590535163879
16,0.5333333333333333,0.5154959559440613,0.19443170726299286,-0.15629048645496368,0.9997146129608154,0.5488599538803101,0.26051414012908936,-0.03971032798290253,0.9999533891677856,0.4957961440086365,0.27252867817878723,0.02834828570485115,0.9999447464942932,0.5729742050170898,0.3356470763683319,-0.10263842344284058,0.9009587168693542,0.4977289140224457,0.3439275920391083,0.036338649690151215,0.6893947720527649,0.5681630373001099,0.35635846853256226,-0.2701112926006317,0.9308472275733948,0.4989317059516907,0.3914312720298767,-0.06110929697751999,0.8171536326408386,0.5501481890678406,0.4250924289226532,-0.01979057490825653,0.9999625086784363,0.5197467803955078,0.43204981088638306,0.019610077142715454,0.9999675154685974,0.5621126890182495,0.5279349088668823,-0.19375911355018616,0.9640125036239624,0.5178765058517456,0.5568891167640686,-0.012014755047857761,0.9091185927391052,0.5641547441482544,0.5788292288780212,-0.00530656985938549,0.6521075367927551,0.5203608870506287,0.6922227144241333,0.06384889781475067,0.9352274537086487,0.5639640092849731,0.6406309604644775,-0.054116327315568924,0.7061534523963928,0.521971583366394,0.7343705892562866,-0.026938259601593018,0.902401864528656
17,0.5666666666666667,0.5154432058334351,0.1945532262325287,-0.1551613211631775,0.9997343420982361,0.5488593578338623,0.2605331838130951,-0.03840766102075577,0.9999563097953796,0.49588268995285034,0.27267223596572876,0.02815178409218788,0.9999467134475708,0.5729026794433594,0.335335373878479,-0.10249896347522736,0.9026673436164856,0.49771279096603394,0.34401580691337585,0.03537971153855324,0.6926156878471375,0.5686969757080078,0.3566983640193939,-0.2696782946586609,0.9311801791191101,0.4989398121833801,0.39182692766189575,-0.06251516938209534,0.8177054524421692,0.5501437783241272,0.42496317625045776,-0.019688721746206284,0.9999645352363586,0.5196833610534668,0.4318481981754303,0.019507436081767082,0.9999693632125854,0.5621348023414612,0.5257579684257507,-0.1900511384010315,0.9645001292228699,0.5178278684616089,0.5556696057319641,-0.0135714802891016,0.9123058319091797,0.5633647441864014,0.5779427289962769,-0.006692449562251568,0.6447461247444153,0.5203211307525635,0.6919202208518982,0.05874050408601761,0.9381048679351807,0.5639330744743347,0.6431872248649597,-0.05766686797142029,0.7000247240066528,0.5218786001205444,0.734442412853241,-0.031944409012794495,0.9051140546798706
18,0.6,0.5154051184654236,0.19462023675441742,-0.16427427530288696,0.9997503161430359,0.5488704442977905,0.2605602741241455,-0.04237545281648636,0.9999586343765259,0.49593812227249146,0.27277758717536926,0.019670583307743073,0.9999482035636902,0.5728524327278137,0.3352498710155487,-0.10179202258586884,0.902799665927887,0.49769988656044006,0.3441562354564667,0.03064682148396969,0.6955278515815735,0.5695031881332397,0.3568357825279236,-0.26776358485221863,0.9301668405532837,0.49893373250961304,0.3922731578350067,-0.06583233177661896,0.8186010122299194,0.5502189993858337,0.4250347912311554,-0.019040720537304878,0.9999659061431885,0.5196885466575623,0.4318638741970062,0.01886572688817978,0.9999707341194153,0.562689483165741,0.5266719460487366,-0.1673525869846344,0.9637525677680969,0.517805278301239,0.554912805557251,-0.014141364023089409,0.9145535826683044,0.5658547878265381,0.5999723076820374,0.01708303578197956,0.6360718011856079,0.5203052759170532,0.6918662786483765,0.05864235758781433,0.9401205778121948,0.5649663209915161,0.6465231776237488,-0.03578897565603256,0.6917232275009155,0.5218085050582886,0.734498918056488,-0.032476212829351425,0.9065819978713989
19,0.6333333333333333,0.5153880715370178,0.19464795291423798,-0.1677711009979248,0.9997655153274536,0.5488837957382202,0.26058244705200195,-0.04461332783102989,0.9999607801437378,0.49594512581825256,0.27284684777259827,0.01796107552945614,0.9999496936798096,0.5728650093078613,0.33526411652565,-0.10228316485881805,0.9035010933876038,0.497689425945282,0.3442898690700531,0.02982170321047306,0.6979403495788574,0.5696607828140259,0.3569592833518982,-0.26732057332992554,0.9293110966682434,0.4989289343357086,0.3925890326499939,-0.066609688103199,0.8186435699462891,0.5502753853797913,0.42510607838630676,-0.018910294398665428,0.9999672174453735,0.519699215888977,0.4319261312484741,0.01873696781694889,0.9999720454216003,0.5634013414382935,0.5280651450157166,-0.16560591757297516,0.9632493853569031,0.5178126692771912,0.5548042058944702,-0.014595771208405495,0.9167118072509766,0.5685179233551025,0.6085817813873291,0.01961173303425312,0.6286839246749878,0.5202905535697937,0.6920178532600403,0.059577684849500656,0.9419726729393005,0.5710218548774719,0.6472527980804443,-0.0340561717748642,0.6846863031387329,0.521756112575531,0.7346980571746826,-0.03213629871606827,0.9080184698104858
20,0.6666666666666666,0.5153724551200867,0.19470621645450592,-0.17154815793037415,0.9997796416282654,0.54888516664505,0.26060056686401367,-0.04721849411725998,0.9999627470970154,0.49594593048095703,0.27289697527885437,0.016759708523750305,0.9999508857727051,0.5728672742843628,0.33524221181869507,-0.1030535101890564,0.9037986993789673,0.4976808428764343,0.34436875581741333,0.0296416487544775,0.6979596614837646,0.5700306296348572,0.35734930634498596,-0.2670164704322815,0.9279625415802002,0.4989245533943176,0.3928162455558777,-0.0670529156923294,0.815811038017273,0.550320029258728,0.4251578748226166,-0.018931608647108078,0.999968409538269,0.5197079181671143,0.43198564648628235,0.018758155405521393,0.9999732375144958,0.5639353394508362,0.5297731161117554,-0.16277875006198883,0.9625691175460815,0.5178115963935852,0.5548580288887024,-0.014763519167900085,0.918694019317627,0.5698266625404358,0.6116534471511841,0.02395046316087246,0.6207147240638733,0.5202770829200745,0.6921838521957397,0.060764312744140625,0.9436011910438538,0.5726105570793152,0.6476961970329285,-0.029998406767845154,0.677003026008606,0.5217153429985046,0.7350136041641235,-0.03145129978656769,0.9092299342155457
21,0.7,0.5153723955154419,0.19476640224456787,-0.17275848984718323,0.9997928738594055,0.5488821268081665,0.2606119215488434,-0.04976990073919296,0.9999646544456482,0.4959407448768616,0.27293193340301514,0.017273353412747383,0.9999521374702454,0.5728474259376526,0.335223913192749,-0.10674037784337997,0.9043691158294678,0.4976719319820404,0.3444189429283142,0.03071887418627739,0.6972278952598572,0.5703738927841187,0.3573951721191406,-0.2705816626548767,0.9273842573165894,0.49891433119773865,0.39297184348106384,-0.06574809551239014,0.8134570717811584,0.550351083278656,0.4251927137374878,-0.019189637154340744,0.9999696612358093,0.5197135210037231,0.43203315138816833,0.019019830971956253,0.9999744892120361,0.5638871192932129,0.5325523614883423,-0.16190680861473083,0.961537778377533,0.5178111791610718,0.5549811720848083,-0.012927430681884289,0.920332133769989,0.5697427988052368,0.610623300075531,0.031462159007787704,0.6076965928077698,0.5202573537826538,0.6923499703407288,0.062095899134874344,0.945024847984314,0.5729943513870239,0.6476321220397949,-0.01807435229420662,0.6650890707969666,0.5216814875602722,0.7352758646011353,-0.029405970126390457,0.9102091789245605
22,0.7333333333333333,0.5153790712356567,0.1947876363992691,-0.17317363619804382,0.9998043775558472,0.5488805770874023,0.260621041059494,-0.050154007971286774,0.9999662637710571,0.4959314465522766,0.2729600965976715,0.01699897088110447,0.9999530911445618,0.5728324055671692,0.33529189229011536,-0.10772737115621567,0.9047344923019409,0.49766311049461365,0.3444853127002716,0.029945531859993935,0.6967712640762329,0.5707542896270752,0.3576139211654663,-0.2715059220790863,0.926487147808075,0.4989054799079895,0.3931024372577667,-0.06746867299079895,0.8113858699798584,0.550376832485199,0.4252576529979706,-0.019279535859823227,0.9999708533287048,0.5197207927703857,0.4320679008960724,0.01911315694451332,0.9999756217002869,0.5641379356384277,0.5336618423461914,-0.15758182108402252,0.9610282778739929,0.5178181529045105,0.5551155805587769,-0.012951796874403954,0.9225484728813171,0.5706294775009155,0.6120107173919678,0.03579283878207207,0.6005017161369324,0.5202406048774719,0.6924773454666138,0.06152172014117241,0.9468347430229187,0.5734988451004028,0.6478615403175354,-0.014627245254814625,0.6578632593154907,0.5216555595397949,0.7354541420936584,-0.030056005343794823,0.9120124578475952
23,0.7666666666666667,0.515389084815979,0.19486664235591888,-0.17326897382736206,0.9998147487640381,0.54887855052948,0.2606317102909088,-0.0497378446161747,0.999967634677887,0.495922714471817,0.2729797661304474,0.016703162342309952,0.9999539256095886,0.5728251934051514,0.33528730273246765,-0.10772179067134857,0.904765784740448,0.49764227867126465,0.34452325105667114,0.0293690524995327,0.697070300579071,0.5714539289474487,0.35758116841316223,-0.27201777696609497,0.9256266951560974,0.498887300491333,0.3931981325149536,-0.06827165186405182,0.8097971677780151,0.5503835678100586,0.4252881705760956,-0.019286317750811577,0.999971866607666,0.519734263420105,0.4321061372756958,0.019121740013360977,0.999976634979248,0.564551055431366,0.533815324306488,-0.1582411527633667,0.9605193734169006,0.5178250074386597,0.5551749467849731,-0.013131444342434406,0.92458575963974,0.5712236166000366,0.612361490726471,0.034495800733566284,0.5941939353942871,0.5202135443687439,0.6925696134567261,0.06126275658607483,0.9483984708786011,0.5736995339393616,0.6480028033256531,-0.016383275389671326,0.6514747142791748,0.5216376185417175,0.7355706095695496,-0.030296441167593002,0.9134753942489624
24,0.8,0.5154134631156921,0.19491304457187653,-0.17120100557804108,0.999823272228241,0.5488547086715698,0.260642409324646,-0.04849677532911301,0.9999685287475586,0.4959149956703186,0.2729920744895935,0.015837231650948524,0.9999545216560364,0.5728031396865845,0.3352561295032501,-0.10849614441394806,0.900114893913269,0.49758920073509216,0.34454816579818726,0.029374729841947556,0.6941620707511902,0.571320116519928,0.35709449648857117,-0.27528929710388184,0.9194717407226562,0.4988272190093994,0.39325666427612305,-0.06526656448841095,0.8053371906280518,0.5505014061927795,0.4250645041465759,-0.019294504076242447,0.9999721646308899,0.5199618935585022,0.43213874101638794,0.019129084423184395,0.9999771118164062,0.564536452293396,0.5333288908004761,-0.1632581204175949,0.9584096670150757,0.5179430842399597,0.5553258061408997,-0.013280737213790417,0.9224892258644104,0.5720354318618774,0.6124488115310669,0.013241204433143139,0.583792507648468,0.520186722278595,0.6926102042198181,0.061029452830553055,0.9472929835319519,0.5741726756095886,0.6480276584625244,-0.04335054010152817,0.6420857310295105,0.5216317772865295,0.7356547117233276,-0.030403967946767807,0.9107315540313721
25,0.8333333333333334,0.5154172778129578,0.19495095312595367,-0.17671221494674683,0.9998300671577454,0.5488508939743042,0.2606520652770996,-0.05215783044695854,0.9999696016311646,0.49590855836868286,0.27298858761787415,0.010209552943706512,0.9999552965164185,0.5727962255477905,0.3352697193622589,-0.11043103039264679,0.8992722630500793,0.49755915999412537,0.3445632755756378,0.028983408585190773,0.6942892670631409,0.5712347626686096,0.35732948780059814,-0.2757682204246521,0.917651891708374,0.4987836480140686,0.39330732822418213,-0.0610741451382637,0.8045988082885742,0.5505350232124329,0.425007700920105,-0.019061453640460968,0.9999724626541138,0.5200135707855225,0.4321659803390503,0.018895244225859642,0.9999775886535645,0.5646702647209167,0.5336158871650696,-0.1528201699256897,0.9560437798500061,0.517985999584198,0.5556296110153198,-0.013011634349822998,0.9219732284545898,0.5725777745246887,0.6132307648658752,0.03059830144047737,0.5721349716186523,0.5201742053031921,0.6926851272583008,0.06175445392727852,0.94694584608078,0.575264573097229,0.6522493362426758,-0.022403696551918983,0.6312752366065979,0.521623432636261,0.7357265949249268,-0.0295744426548481,0.909205973148346
26,0.8666666666666667,0.515420138835907,0.19500499963760376,-0.17807957530021667,0.9998388886451721,0.5488475561141968,0.26066064834594727,-0.05256427451968193,0.9999710321426392,0.4959031045436859,0.27299070358276367,0.010601570829749107,0.9999561309814453,0.5728034377098083,0.3353157341480255,-0.11067408323287964,0.9012083411216736,0.4974921643733978,0.3445717692375183,0.026998665183782578,0.6952269077301025,0.5711551904678345,0.3574843108654022,-0.2760079801082611,0.9186042547225952,0.4986104965209961,0.39333465695381165,-0.06570244580507278,0.8019439578056335,0.5505481362342834,0.4249701201915741,-0.018984094262123108,0.9999730587005615,0.5200099349021912,0.43217912316322327,0.018818024545907974,0.9999781847000122,0.5646747946739197,0.533488392829895,-0.15149307250976562,0.9552086591720581,0.5179967284202576,0.5555716753005981,-0.013153335079550743,0.9228364825248718,0.5727174282073975,0.6142247319221497,0.031963832676410675,0.568818211555481,0.5201574563980103,0.6927379369735718,0.06228743866086006,0.9477456212043762,0.5757818222045898,0.6543582677841187,-0.023028966039419174,0.6282669901847839,0.5216132402420044,0.7357901930809021,-0.029733970761299133,0.909858226776123
27,0.9,0.5154319405555725,0.19504043459892273,-0.1785079538822174,0.999846875667572,0.5488430261611938,0.26066792011260986,-0.05242379382252693,0.9999722242355347,0.49589842557907104,0.27299487590789795,0.010571170598268509,0.9999568462371826,0.5727989077568054,0.3353240191936493,-0.11090061813592911,0.9020359516143799,0.4974491000175476,0.34457817673683167,0.025677481666207314,0.6961013674736023,0.5711413025856018,0.3575593829154968,-0.27706804871559143,0.9188061952590942,0.4984804689884186,0.39337947964668274,-0.06840648502111435,0.8000238537788391,0.5505610108375549,0.4249238669872284,-0.01895776018500328,0.9999735355377197,0.5200092196464539,0.4321824908256531,0.018791522830724716,0.9999786615371704,0.5646673440933228,0.5334666967391968,-0.15170060098171234,0.9541171789169312,0.517997145652771,0.5555483102798462,-0.013050094246864319,0.9231131076812744,0.5727091431617737,0.6148467063903809,0.031205669045448303,0.564765214920044,0.5201427936553955,0.6927914023399353,0.0634617954492569,0.9481852650642395,0.5759690403938293,0.6553533673286438,-0.0242618340998888,0.6246393918991089,0.5215942859649658,0.7358370423316956,-0.029012659564614296,0.9099858403205872
28,0.9333333333333333,0.5154446363449097,0.19506359100341797,-0.17856886982917786,0.9998546242713928,0.5488384366035461,0.26067399978637695,-0.05202621966600418,0.9999734163284302,0.49589458107948303,0.2729931175708771,0.011069034226238728,0.9999573826789856,0.572791576385498,0.33532121777534485,-0.11061330884695053,0.9032070636749268,0.4973984658718109,0.3445820212364197,0.0218244306743145,0.6955631971359253,0.5710715055465698,0.35755887627601624,-0.2765738368034363,0.9193317294120789,0.49838247895240784,0.39340147376060486,-0.07947047054767609,0.7960994243621826,0.5505560636520386,0.42484045028686523,-0.018888497725129128,0.9999740123748779,0.5199323892593384,0.4321308135986328,0.0187227725982666,0.9999790787696838,0.5646625757217407,0.5334183573722839,-0.1522739827632904,0.9531015753746033,0.5179949402809143,0.5554919242858887,-0.014176538214087486,0.923065185546875,0.5726696848869324,0.6169784069061279,0.028027761727571487,0.5645385384559631,0.5201318264007568,0.6927989721298218,0.06384162604808807,0.9484638571739197,0.5761653780937195,0.6564781665802002,-0.027250587940216064,0.6244755387306213,0.5215777158737183,0.7358197569847107,-0.029187435284256935,0.9100631475448608
29,0.9666666666666667,0.5154504776000977,0.19508963823318481,-0.1807708442211151,0.9998619556427002,0.5488320589065552,0.26067838072776794,-0.05330581218004227,0.9999745488166809,0.4958913326263428,0.2729887068271637,0.010347314178943634,0.9999579787254333,0.572786271572113,0.3353256583213806,-0.11204475164413452,0.904679536819458,0.497361421585083,0.3445912301540375,0.02080652490258217,0.695460855960846,0.5710254311561584,0.3576005697250366,-0.2784157991409302,0.9202401041984558,0.4983215928077698,0.39346083998680115,-0.08062310516834259,0.7936792373657227,0.5505551099777222,0.4247305691242218,-0.018895644694566727,0.9999744296073914,0.519909679889679,0.4320599138736725,0.01872957870364189,0.9999793767929077,0.5646811127662659,0.5334228277206421,-0.15109089016914368,0.9520049691200256,0.5179946422576904,0.5555025339126587,-0.01433432288467884,0.9226450324058533,0.5726950764656067,0.6186407804489136,0.02670544944703579,0.5647488832473755,0.5201206803321838,0.6928311586380005,0.06440943479537964,0.9485498666763306,0.576270341873169,0.657036542892456,-0.030750971287488937,0.6247022747993469,0.5215418338775635,0.7358195185661316,-0.029278695583343506,0.9099900722503662
30,1.0,0.5154516696929932,0.1951085776090622,-0.17914512753486633,0.9998685121536255,0.5488236546516418,0.26068228483200073,-0.052730463445186615,0.9999755024909973,0.4958885610103607,0.27298271656036377,0.011062361299991608,0.9999585151672363,0.5727815628051758,0.33532312512397766,-0.11179248988628387,0.9060079455375671,0.49731484055519104,0.3446076810359955,0.022108372300863266,0.6956198811531067,0.5710059404373169,0.3575878441333771,-0.2768796980381012,0.9210767149925232,0.4982328414916992,0.3936770260334015,-0.07831421494483948,0.7931957840919495,0.5505380630493164,0.42465493083000183,-0.01889396272599697,0.9999746084213257,0.5198643207550049,0.4320288896560669,0.018728002905845642,0.9999794960021973,0.5645259022712708,0.5333652496337891,-0.14980022609233856,0.9506399035453796,0.5179915428161621,0.5554616451263428,-0.014755775220692158,0.9216158390045166,0.5726609230041504,0.620165228843689,0.026471341028809547,0.5653238892555237,0.5201057195663452,0.6927934288978577,0.06452485918998718,0.9480544924736023,0.5764516592025757,0.65760338306427,-0.03720260038971901,0.625516951084137,0.5215181112289429,0.7357766628265381,-0.02932305634021759,0.9091441631317139
31,1.0333333333333334,0.5154527425765991,0.1951318085193634,-0.17833608388900757,0.999874472618103,0.5488151907920837,0.26068568229675293,-0.05233750864863396,0.999976396560669,0.4958861768245697,0.2729727327823639,0.011523760855197906,0.9999589920043945,0.5727782845497131,0.3353196978569031,-0.11137471348047256,0.9076924324035645,0.4972732663154602,0.3446139395236969,0.022059012204408646,0.6949033141136169,0.5709645748138428,0.35757026076316833,-0.27650681138038635,0.9223707318305969,0.4981761872768402,0.3937993049621582,-0.08088480681180954,0.7920753955841064,0.5505141615867615,0.42457228899002075,-0.01885642670094967,0.9999747276306152,0.5198029279708862,0.4319635033607483,0.018691135570406914,0.999979555606842,0.5645085573196411,0.5333297252655029,-0.14681413769721985,0.9490616917610168,0.5179852843284607,0.5554090738296509,-0.015608936548233032,0.9206922054290771,0.5726650357246399,0.6208134293556213,0.0266961008310318,0.5646346211433411,0.5200971961021423,0.692624568939209,0.06438253819942474,0.9474635720252991,0.5765892267227173,0.6578377485275269,-0.0369829423725605,0.6251026391983032,0.5214996337890625,0.7356928586959839,-0.029450425878167152,0.9081293940544128
32,1.0666666666666667,0.5164786577224731,0.19753716886043549,-0.16807952523231506,0.9998773336410522,0.5495434403419495,0.2630349099636078,-0.05509914830327034,0.9999765157699585,0.49622780084609985,0.2729950547218323,0.01250913180410862,0.999951958656311,0.5726620554924011,0.33957475423812866,-0.12886688113212585,0.9104855060577393,0.4987942576408386,0.34248363971710205,0.031234171241521835,0.6749586462974548,0.5734464526176453,0.35537832975387573,-0.2973417639732361,0.9271887540817261,0.49955224990844727,0.390463262796402,-0.056329287588596344,0.7877260446548462,0.5505759119987488,0.4310436546802521,-0.01963547244668007,0.9999722242355347,0.5199574828147888,0.4334755837917328,0.019509823992848396,0.9999753832817078,0.5625501871109009,0.5487170815467834,-0.030348721891641617,0.9180905818939209,0.5205655694007874,0.5553622245788574,-0.006655523087829351,0.8908335566520691,0.5709496736526489,0.6448532938957214,0.09728647768497467,0.5779759883880615,0.5262876749038696,0.6689226031303406,0.11589185893535614,0.9221068620681763,0.5646354556083679,0.7050149440765381,0.018001306802034378,0.6387354135513306,0.5248736143112183,0.7237781286239624,0.043542057275772095,0.8896535634994507
33,1.1,0.5167864561080933,0.19812868535518646,-0.1636177897453308,0.9998819828033447,0.5499588251113892,0.26369231939315796,-0.05529026314616203,0.9999767541885376,0.4965640604496002,0.2730841040611267,0.012623866088688374,0.9999461770057678,0.5726454257965088,0.3411024808883667,-0.12744036316871643,0.9137035012245178,0.49937230348587036,0.3410629332065582,0.033482231199741364,0.6597357392311096,0.5761386752128601,0.354324609041214,-0.2935003340244293,0.9319046139717102,0.4999745488166809,0.389151930809021,-0.0484803132712841,0.7836624979972839,0.5509594082832336,0.432510107755661,-0.019632717594504356,0.9999702572822571,0.5203512907028198,0.4342324435710907,0.019508251920342445,0.999971866607666,0.5622721314430237,0.5502040386199951,-0.025288721546530724,0.8910976052284241,0.5218479633331299,0.555311381816864,-0.007346264086663723,0.8669707179069519,0.5687505006790161,0.6634100675582886,0.09152042120695114,0.5927023887634277,0.5281792879104614,0.6657155752182007,0.1051938384771347,0.9024544358253479,0.56461101770401,0.7069616317749023,0.010979214683175087,0.6532397866249084,0.5260010957717896,0.7211554646492004,0.030755510553717613,0.8758019208908081
34,1.1333333333333333,0.5168541073799133,0.19908881187438965,-0.164166659116745,0.9998875260353088,0.5503233671188354,0.26447629928588867,-0.05630870535969734,0.999977171421051,0.49679604172706604,0.2730884253978729,0.012177467346191406,0.9999427795410156,0.5727227926254272,0.34288835525512695,-0.1266285926103592,0.9161837100982666,0.499765545129776,0.3407732844352722,0.031889524310827255,0.650556206703186,0.5775701999664307,0.354328453540802,-0.29040372371673584,0.9359380006790161,0.5005625486373901,0.3882286846637726,-0.05339055508375168,0.7850450873374939,0.5514846444129944,0.43339264392852783,-0.019720353186130524,0.9999685883522034,0.5211149454116821,0.4347764849662781,0.01960255764424801,0.999968945980072,0.5622731447219849,0.551272451877594,-0.030343979597091675,0.8679510951042175,0.5230216979980469,0.5554929971694946,-0.005657223053276539,0.8433935642242432,0.5706958174705505,0.6526039838790894,0.08590014278888702,0.6053526401519775,0.5296039581298828,0.6654118299484253,0.11029662191867828,0.8822383880615234,0.5659545063972473,0.7081450819969177,0.006545415613800287,0.6661128997802734,0.5266138315200806,0.7202519178390503,0.03867090865969658,0.8615064024925232
35,1.1666666666666667,0.5169206857681274,0.19969524443149567,-0.1625409871339798,0.9998909831047058,0.5504719614982605,0.2646973729133606,-0.05575273185968399,0.999977171421051,0.496971070766449,0.27308622002601624,0.012224752455949783,0.9999385476112366,0.572719931602478,0.34249019622802734,-0.12455245107412338,0.9166086912155151,0.499938428401947,0.34001779556274414,0.029792195186018944,0.6383721828460693,0.5783055424690247,0.35436421632766724,-0.28826314210891724,0.9382191896438599,0.5009400844573975,0.38764458894729614,-0.05543255805969238,0.7824955582618713,0.5517097115516663,0.43352779746055603,-0.019707489758729935,0.9999672174453735,0.5214029550552368,0.43479591608047485,0.019592300057411194,0.9999665021896362,0.5621609091758728,0.5510863065719604,-0.03180571645498276,0.8448176980018616,0.5234957337379456,0.5554986596107483,-0.0052208369597792625,0.8191282749176025,0.571656346321106,0.6499971151351929,0.08152156323194504,0.6152875423431396,0.5303072333335876,0.6644986867904663,0.1095418930053711,0.8616844415664673,0.566486120223999,0.7075845003128052,0.001582559198141098,0.6762298345565796,0.5268656611442566,0.7195928692817688,0.037359051406383514,0.8460941314697266
36,1.2,0.5175830125808716,0.2007986307144165,-0.1489618569612503,0.9998974204063416,0.5505992770195007,0.26479610800743103,-0.04978353902697563,0.9999779462814331,0.49712538719177246,0.27318045496940613,0.017178049311041832,0.9999375343322754,0.5727265477180481,0.3421729505062103,-0.11580947786569595,0.9184629917144775,0.5001550912857056,0.33999010920524597,0.02802172861993313,0.6378403902053833,0.5798183679580688,0.35526522994041443,-0.27001437544822693,0.9411459565162659,0.501163125038147,0.3870536684989929,-0.06542941182851791,0.786902666091919,0.5521358251571655,0.43466565012931824,-0.019621752202510834,0.9999669194221497,0.5218784809112549,0.4358777701854706,0.01950562372803688,0.999965250492096,0.5601654648780823,0.5528256297111511,-0.06515079736709595,0.842964768409729,0.523797333240509,0.5573922395706177,-0.0052942801266908646,0.8097423315048218,0.5642672777175903,0.6630224585533142,0.05408840626478195,0.628984272480011,0.5300966501235962,0.6661762595176697,0.10436874628067017,0.8511221408843994,0.5601759552955627,0.7102301120758057,-0.023406945168972015,0.6895159482955933,0.5287666320800781,0.7196476459503174,0.03349679708480835,0.8384215831756592
37,1.2333333333333334,0.5177808403968811,0.20141446590423584,-0.15431693196296692,0.999902606010437,0.5507254004478455,0.2649857699871063,-0.05120643228292465,0.9999784827232361,0.4972008764743805,0.2732279896736145,0.017146317288279533,0.9999356269836426,0.5727246999740601,0.3419898450374603,-0.11772920936346054,0.9205004572868347,0.5003132820129395,0.33968380093574524,0.027217328548431396,0.6343498826026917,0.5801669359207153,0.3559414744377136,-0.27280914783477783,0.9439458847045898,0.5012523531913757,0.386755108833313,-0.06544636934995651,0.7885103225708008,0.552219033241272,0.4356065094470978,-0.019656501710414886,0.9999666810035706,0.5219699144363403,0.43658196926116943,0.0195400919765234,0.9999641180038452,0.5589936375617981,0.5535427331924438,-0.06251222640275955,0.8401774168014526,0.5236660242080688,0.558007001876831,-0.005801504012197256,0.8020807504653931,0.5621249079704285,0.6660670638084412,0.057462386786937714,0.6435092091560364,0.5295528173446655,0.6669580936431885,0.10742421448230743,0.8437777161598206,0.5579759478569031,0.7111861109733582,-0.022901717573404312,0.7030670642852783,0.5282201766967773,0.7202278971672058,0.03698517382144928,0.8338732719421387
38,1.2666666666666666,0.5170103907585144,0.20055586099624634,-0.17423060536384583,0.9999060034751892,0.5501646399497986,0.26400598883628845,-0.05120564252138138,0.9999791979789734,0.49681490659713745,0.2728978991508484,0.015697162598371506,0.9999389052391052,0.5728118419647217,0.3387165665626526,-0.10022547096014023,0.9216797351837158,0.49930185079574585,0.339984267950058,0.02304938994348049,0.6439213156700134,0.5770878195762634,0.3583536744117737,-0.25192776322364807,0.9437251091003418,0.5005123615264893,0.38703006505966187,-0.0838560163974762,0.7924410700798035,0.5513347387313843,0.43258145451545715,-0.01943817548453808,0.9999685287475586,0.5203720331192017,0.43553492426872253,0.019306495785713196,0.999966561794281,0.5620483160018921,0.5467554926872253,-0.13743709027767181,0.8517639636993408,0.5201176404953003,0.5580893158912659,-0.009583675302565098,0.8168303966522217,0.5626517534255981,0.6227564811706543,0.05916965752840042,0.631986141204834,0.5232405066490173,0.6804752349853516,0.0695648267865181,0.8560606241226196,0.5684354305267334,0.6589953303337097,0.009596814401447773,0.6915172934532166,0.5238025784492493,0.7290270328521729,-0.02010216936469078,0.8440487384796143
39,1.3,0.5166119933128357,0.19931767880916595,-0.17202378809452057,0.9999073147773743,0.5497336387634277,0.2634633481502533,-0.0497744157910347,0.9999797940254211,0.4965670108795166,0.2726832628250122,0.02121429517865181,0.9999414682388306,0.5728550553321838,0.33710718154907227,-0.09831760078668594,0.9217177033424377,0.49877771735191345,0.3401085436344147,0.026392152532935143,0.6487041711807251,0.5714004635810852,0.3606349527835846,-0.24859771132469177,0.9405317306518555,0.5000250935554504,0.38756781816482544,-0.0795145034790039,0.7902388572692871,0.5511149764060974,0.42983299493789673,-0.0201979149132967,0.9999702572822571,0.520250678062439,0.43406546115875244,0.02004137635231018,0.9999687075614929,0.5630158185958862,0.543857991695404,-0.17183861136436462,0.8639764189720154,0.5191668272018433,0.5580710768699646,-0.013870960101485252,0.829978883266449,0.5662465691566467,0.6211221218109131,0.022143686190247536,0.632856547832489,0.5209988355636597,0.6855829954147339,0.0671306699514389,0.8672354221343994,0.5735021829605103,0.658105731010437,-0.030133629217743874,0.6905704140663147,0.5220465660095215,0.7331862449645996,-0.024795647710561752,0.8532653450965881
40,1.3333333333333333,0.5161769986152649,0.19934459030628204,-0.17060153186321259,0.9999142289161682,0.5482521653175354,0.26295700669288635,-0.04149327427148819,0.9999811053276062,0.49466484785079956,0.27634352445602417,0.01603388600051403,0.9999434947967529,0.5726495981216431,0.3327823877334595,-0.09102155268192291,0.9278386235237122,0.4956260621547699,0.35309654474258423,0.007014216389507055,0.6653700470924377,0.5632957220077515,0.36615508794784546,-0.24228604137897491,0.9447566270828247,0.49981945753097534,0.406710147857666,-0.10258138179779053,0.7977849841117859,0.5516844391822815,0.42665109038352966,-0.012561780400574207,0.9999711513519287,0.5202638506889343,0.4344557821750641,0.01238502748310566,0.9999692440032959,0.5724318623542786,0.529467761516571,-0.15576085448265076,0.876448392868042,0.5191131830215454,0.559394896030426,-0.04509756714105606,0.8447511196136475,0.581749439239502,0.6213951706886292,-0.01887296698987484,0.6612716317176819,0.521340012550354,0.7059862017631531,0.021401893347501755,0.8790126442909241,0.5890121459960938,0.6659088730812073,-0.10254558175802231,0.7137379050254822,0.5221881866455078,0.7440453171730042,-0.08350884169340134,0.8650524020195007
41,1.3666666666666667,0.5159314870834351,0.19934818148612976,-0.17056050896644592,0.9999210834503174,0.5478268265724182,0.26293185353279114,-0.04097061604261398,0.9999823570251465,0.49402227997779846,0.27764594554901123,0.011822475120425224,0.999946117401123,0.5725733637809753,0.3317846655845642,-0.09237869828939438,0.9336310029029846,0.49442869424819946,0.35593485832214355,0.0009780365508049726,0.6856817007064819,0.5612659454345703,0.3685832917690277,-0.24643392860889435,0.94898921251297,0.49958211183547974,0.41094550490379333,-0.1101183295249939,0.8096926212310791,0.5519260764122009,0.42526766657829285,-0.011385724879801273,0.9999721646308899,0.520257830619812,0.43475204706192017,0.011200492270290852,0.9999699592590332,0.5741412043571472,0.5217702388763428,-0.17656689882278442,0.8880178332328796,0.5190744996070862,0.5594067573547363,-0.05119193345308304,0.8582988381385803,0.5848005414009094,0.6248719692230225,-0.04766266420483589,0.6884931921958923,0.5215781331062317,0.7099586129188538,0.014506225474178791,0.8898341059684753,0.591402530670166,0.6691311001777649,-0.13355155289173126,0.7362326383590698,0.522159218788147,0.7449271082878113,-0.09066905081272125,0.876103401184082
42,1.4,0.5135253071784973,0.2146940678358078,-0.08669043332338333,0.9999256730079651,0.5478246808052063,0.28079941868782043,0.041897036135196686,0.9999822974205017,0.4923110604286194,0.3009607493877411,0.038803454488515854,0.9999458193778992,0.5728435516357422,0.3393981158733368,-0.0024840671103447676,0.9087444543838501,0.4922678470611572,0.38483330607414246,0.008494088426232338,0.6800881624221802,0.5631872415542603,0.39103949069976807,-0.14924253523349762,0.9159590601921082,0.49907293915748596,0.4289552867412567,-0.08051636815071106,0.7705370187759399,0.555858314037323,0.4378693103790283,-0.005983042065054178,0.9999740123748779,0.5208781957626343,0.45801612734794617,0.005735301878303289,0.9999715685844421,0.582677960395813,0.46530795097351074,-0.30631741881370544,0.8988307118415833,0.524624764919281,0.5967864990234375,-0.035913825035095215,0.8665202260017395,0.598115086555481,0.6254298686981201,-0.2886882722377777,0.7182885408401489,0.5327014327049255,0.7260205745697021,0.05138806626200676,0.8972387909889221,0.6065590977668762,0.6705930829048157,-0.40508216619491577,0.7614123225212097,0.5337077379226685,0.7714896202087402,-0.0703921839594841,0.882530152797699
43,1.4333333333333333,0.5133751630783081,0.21822361648082733,-0.07231679558753967,0.9999306201934814,0.5478434562683105,0.2854255139827728,0.051680415868759155,0.9999807476997375,0.4916566014289856,0.3079242706298828,0.05674310773611069,0.9999468922615051,0.5734503865242004,0.3443339169025421,-0.018553990870714188,0.8714923858642578,0.4911917746067047,0.39307713508605957,0.022673366591334343,0.6768556237220764,0.5667768716812134,0.38758325576782227,-0.18628214299678802,0.8735976815223694,0.4988268315792084,0.4311656653881073,-0.06319604814052582,0.7542943358421326,0.5562640428543091,0.4460393190383911,-0.007556011434644461,0.999975323677063,0.5208059549331665,0.46615421772003174,0.007323140744119883,0.9999728798866272,0.5796944499015808,0.4589370787143707,-0.30890586972236633,0.9083780646324158,0.5272620916366577,0.6081497669219971,-0.020272955298423767,0.873631477355957,0.5957099199295044,0.6247854232788086,-0.30921846628189087,0.7452377676963806,0.5356729626655579,0.7312300205230713,0.08279919624328613,0.9025651812553406,0.6051907539367676,0.6673683524131775,-0.4306880831718445,0.7842901945114136,0.5357828140258789,0.7752727270126343,-0.012408868409693241,0.8870853185653687
44,1.4666666666666666,0.5132704973220825,0.22015336155891418,-0.07929954677820206,0.9999323487281799,0.5488463640213013,0.2874235510826111,0.05149237439036369,0.9999788403511047,0.4915422797203064,0.30885735154151917,0.04178005829453468,0.9999476671218872,0.5765982866287231,0.3436925709247589,-0.010665599256753922,0.830349862575531,0.4897565245628357,0.39209985733032227,-0.0054792920127511024,0.6782888174057007,0.5944305658340454,0.3805689513683319,-0.18378528952598572,0.8382374048233032,0.4968412518501282,0.42602717876434326,-0.11005276441574097,0.7442599534988403,0.5559691786766052,0.44876235723495483,-0.0009698569774627686,0.9999767541885376,0.5207876563072205,0.46676307916641235,0.0007323853205889463,0.9999744296073914,0.5874130129814148,0.4792463481426239,-0.272940456867218,0.9162660241127014,0.5278187394142151,0.6000757217407227,-0.05192563682794571,0.8762895464897156,0.6074134111404419,0.624115526676178,-0.22216065227985382,0.764774739742279,0.5393556356430054,0.7293409705162048,0.031838033348321915,0.9060982465744019,0.6144863367080688,0.6719057559967041,-0.3207012116909027,0.7997614741325378,0.5397593975067139,0.7746490240097046,-0.0570572130382061,0.886469304561615
45,1.5,0.5133529901504517,0.22074057161808014,-0.07017935812473297,0.9999306201934814,0.5494396686553955,0.2884833812713623,0.06371402740478516,0.999976634979248,0.49130114912986755,0.30913811922073364,0.04039253294467926,0.9999451041221619,0.5784469842910767,0.3433048725128174,0.007622621022164822,0.7870737910270691,0.48890089988708496,0.3932332694530487,-0.002094258088618517,0.6700393557548523,0.5976601839065552,0.37741902470588684,-0.16036126017570496,0.7961059808731079,0.4963669180870056,0.4249076843261719,-0.09730590879917145,0.7131184339523315,0.5557221174240112,0.44839173555374146,0.0025580308865755796,0.9999780654907227,0.5207911133766174,0.4668935537338257,-0.002797065768390894,0.9999757409095764,0.5869234800338745,0.4668700397014618,-0.29152733087539673,0.9239251017570496,0.5274697542190552,0.5988245010375977,-0.044530294835567474,0.8819586634635925,0.6088207960128784,0.615925133228302,-0.2581371068954468,0.7860246896743774,0.5400408506393433,0.7280371189117432,0.046813078224658966,0.911155104637146,0.6129002571105957,0.6723513007164001,-0.36614203453063965,0.8174028396606445,0.5412200093269348,0.776051938533783,-0.04282631725072861,0.8890599608421326
46,1.5333333333333334,0.5134458541870117,0.22261562943458557,-0.22386007010936737,0.999796450138092,0.5546243786811829,0.2855752408504486,-0.061188988387584686,0.9999027252197266,0.49147167801856995,0.3074621856212616,-0.05691159516572952,0.9999450445175171,0.5681884288787842,0.351260781288147,-0.17427322268486023,0.7233182191848755,0.48924320936203003,0.3946736752986908,-0.14724139869213104,0.6928980946540833,0.5684283375740051,0.3612302243709564,-0.389716774225235,0.7260649800300598,0.49627214670181274,0.40652307868003845,-0.3412126302719116,0.7398430109024048,0.5559036731719971,0.4463805854320526,-0.0010310807265341282,0.9999657273292542,0.5230950117111206,0.4636528789997101,0.0008101302082650363,0.9999725818634033,0.5850855112075806,0.49642443656921387,-0.24464264512062073,0.9111245274543762,0.5318713188171387,0.5909314155578613,-0.13493871688842773,0.8632795214653015,0.6157962083816528,0.6302024126052856,-0.20859961211681366,0.7651543021202087,0.543537974357605,0.723673939704895,-0.04562705010175705,0.9009099006652832,0.6217437982559204,0.6749670505523682,-0.27799370884895325,0.8005327582359314,0.5454319715499878,0.7735896706581116,-0.15489408373832703,0.873871922492981
47,1.5666666666666667,0.513505220413208,0.22388020157814026,-0.23126864433288574,0.9996979832649231,0.5566614866256714,0.2841971218585968,-0.06773631274700165,0.9998262524604797,0.4915854036808014,0.3065603971481323,-0.058010656386613846,0.9999441504478455,0.5654171705245972,0.35414716601371765,-0.17242863774299622,0.6642864942550659,0.4894724488258362,0.39275985956192017,-0.14318786561489105,0.7093937397003174,0.5614911913871765,0.35489872097969055,-0.380035936832428,0.6622379422187805,0.496293842792511,0.4009142220020294,-0.33687254786491394,0.7631101012229919,0.5558528900146484,0.44548314809799194,-0.0025091569405049086,0.9999470114707947,0.5243337750434875,0.4620280861854553,0.0022813512478023767,0.9999670386314392,0.5848664045333862,0.5126795768737793,-0.2318359613418579,0.8986412286758423,0.5330392122268677,0.5882439017295837,-0.12187467515468597,0.8419596552848816,0.6092489957809448,0.6502451300621033,-0.1275223195552826,0.7441085577011108,0.544189453125,0.7216629981994629,-0.024933118373155594,0.888724148273468,0.6212729215621948,0.6759527325630188,-0.2266560047864914,0.7849195003509521,0.5462682843208313,0.7729336023330688,-0.13229608535766602,0.8583984375
48,1.6,0.5135616064071655,0.21773186326026917,-0.18737247586250305,0.9996834397315979,0.5558074712753296,0.2728358209133148,-0.06168026849627495,0.9998085498809814,0.4920717179775238,0.30133986473083496,-0.0272231362760067,0.9999380707740784,0.5643621683120728,0.3200419247150421,-0.16621290147304535,0.6279352903366089,0.4897206425666809,0.3866882622241974,-0.08249080181121826,0.7044217586517334,0.5597103834152222,0.30880483984947205,-0.35433200001716614,0.618412435054779,0.49682337045669556,0.38457462191581726,-0.24094048142433167,0.7794510126113892,0.5546759366989136,0.427704393863678,-0.008782656863331795,0.9999310374259949,0.5246851444244385,0.43898504972457886,0.008617251180112362,0.9999579787254333,0.5792836546897888,0.5115907788276672,-0.14776471257209778,0.8718430995941162,0.5314637422561646,0.5441650152206421,-0.1099943146109581,0.8226673603057861,0.5995301604270935,0.6503545641899109,-0.0707598552107811,0.7315065860748291,0.5422637462615967,0.6800991892814636,-0.06694485247135162,0.881406843662262,0.6170976161956787,0.6751165390014648,-0.1601819097995758,0.7731605172157288,0.5426951050758362,0.739155650138855,-0.16383890807628632,0.8503969311714172
49,1.6333333333333333,0.5136069059371948,0.21226857602596283,-0.20195794105529785,0.9996388554573059,0.555362343788147,0.26984310150146484,-0.07913295924663544,0.9997894167900085,0.4920971393585205,0.29732343554496765,-0.04828527569770813,0.9999272227287292,0.5620191097259521,0.3065122961997986,-0.18055981397628784,0.5870581269264221,0.4899187982082367,0.38115280866622925,-0.11167629063129425,0.6840493083000183,0.5586501955986023,0.3202797770500183,-0.3647388815879822,0.567410409450531,0.4968562126159668,0.38133031129837036,-0.2770133912563324,0.7850611209869385,0.5522698163986206,0.42852434515953064,-0.009457893669605255,0.9999195337295532,0.5245161652565002,0.4350208640098572,0.009310918860137463,0.9999498724937439,0.5351657867431641,0.5309840440750122,-0.11522606760263443,0.8350412845611572,0.5313276648521423,0.5460173487663269,-0.10492183268070221,0.7810897827148438,0.5397368669509888,0.668662965297699,-0.037849970161914825,0.715691864490509,0.5409024953842163,0.6788653135299683,-0.020488882437348366,0.8622022867202759,0.5677075982093811,0.7186774611473083,-0.12736067175865173,0.7597860097885132,0.5416237711906433,0.7319483160972595,-0.11493083089590073,0.8311254382133484
50,1.6666666666666667,0.5135193467140198,0.21120819449424744,-0.13604417443275452,0.9996618628501892,0.5533859729766846,0.270332396030426,-0.05587195232510567,0.9997982978820801,0.49209627509117126,0.2909727990627289,0.02800620160996914,0.9999158978462219,0.5614154934883118,0.30911514163017273,-0.15953347086906433,0.5921477675437927,0.4879637360572815,0.36311689019203186,0.00564155075699091,0.662986695766449,0.5595155954360962,0.30914318561553955,-0.3383466303348541,0.5869152545928955,0.49430879950523376,0.37887081503868103,-0.1278248280286789,0.7929612398147583,0.5437021851539612,0.4297106862068176,-0.03152792155742645,0.9999192953109741,0.5162240266799927,0.4364025890827179,0.031406983733177185,0.9999451041221619,0.5270268321037292,0.5550738573074341,-0.061394523829221725,0.8180518746376038,0.4992719292640686,0.5048235058784485,-0.06461841613054276,0.7459272146224976,0.522302508354187,0.6986961364746094,-0.012552665546536446,0.737317681312561,0.5369948148727417,0.5653072595596313,0.06368817389011383,0.8150518536567688,0.5136405825614929,0.750548779964447,-0.11005713045597076,0.7765277028083801,0.5276327133178711,0.638615071773529,0.015806270763278008,0.7997246384620667
51,1.7,0.5133758187294006,0.2104421854019165,-0.14267900586128235,0.9996857047080994,0.5517531633377075,0.2691163420677185,-0.06440365314483643,0.9998114109039307,0.492089182138443,0.28818947076797485,0.02632315829396248,0.9999001026153564,0.562028706073761,0.31080204248428345,-0.17909303307533264,0.607175886631012,0.48661008477211,0.3614844083786011,-0.017970947548747063,0.6357495188713074,0.5575663447380066,0.297225683927536,-0.3662409782409668,0.6109538078308105,0.49289044737815857,0.37038862705230713,-0.1509886085987091,0.7911831736564636,0.5414679050445557,0.4304094612598419,-0.03773142024874687,0.9999169111251831,0.5143924355506897,0.43659108877182007,0.037601374089717865,0.9999368190765381,0.5254666805267334,0.5630420446395874,-0.06330688297748566,0.7931207418441772,0.5027523040771484,0.523003876209259,0.017848942428827286,0.6908937692642212,0.5224728584289551,0.6995280981063843,0.006485526449978352,0.7469149231910706,0.5318499803543091,0.6232036352157593,0.14813163876533508,0.769340455532074,0.5099903345108032,0.7540534138679504,-0.0907566025853157,0.7833235263824463,0.5210997462272644,0.6731885075569153,0.09179290384054184,0.7654794454574585
52,1.7333333333333334,0.512597918510437,0.21008792519569397,-0.08331097662448883,0.9997146129608154,0.5500510931015015,0.27430373430252075,-0.024164171889424324,0.9998293519020081,0.49094444513320923,0.28854334354400635,0.06033642217516899,0.9999063014984131,0.5622212886810303,0.33793020248413086,-0.06935873627662659,0.6403262615203857,0.4835261404514313,0.36358192563056946,0.020270928740501404,0.6300172805786133,0.5546963810920715,0.3796515166759491,-0.17063814401626587,0.6432397961616516,0.4899550974369049,0.3934449553489685,-0.13496002554893494,0.804167628288269,0.5381613969802856,0.44020313024520874,-0.03096318617463112,0.9999220371246338,0.5080011487007141,0.43977317214012146,0.030875474214553833,0.9999381303787231,0.5266354084014893,0.574103057384491,-0.045815639197826385,0.791714072227478,0.4866843819618225,0.5065338611602783,-0.1430913805961609,0.6886953115463257,0.518211305141449,0.7221313714981079,-0.010560066439211369,0.7640157341957092,0.511427640914917,0.5935401916503906,-0.08978217840194702,0.7382359504699707,0.5080216526985168,0.777786910533905,-0.1115051656961441,0.7961403131484985,0.5029927492141724,0.6195905208587646,-0.15760764479637146,0.7554782032966614
53,1.7666666666666666,0.5123723745346069,0.2098924070596695,-0.11830023676156998,0.9997377395629883,0.5494649410247803,0.276126503944397,-0.03302150219678879,0.9998452067375183,0.4904041886329651,0.28901907801628113,0.03782269358634949,0.9999093413352966,0.5636770725250244,0.34582391381263733,-0.08350665867328644,0.6678138375282288,0.48208481073379517,0.3647071421146393,0.0016394645208492875,0.6263380646705627,0.5535024404525757,0.3903764486312866,-0.19479885697364807,0.6692481637001038,0.4891408085823059,0.39807307720184326,-0.15379728376865387,0.8125407099723816,0.5368680357933044,0.44208985567092896,-0.02926434576511383,0.9999250769615173,0.5055117607116699,0.44017261266708374,0.02917422354221344,0.9999366998672485,0.5264374613761902,0.5744701623916626,-0.051270585507154465,0.7969407439231873,0.477250337600708,0.5067629218101501,-0.10653464496135712,0.6890218257904053,0.5184290409088135,0.7236916422843933,-0.006343686021864414,0.7818238139152527,0.4715706408023834,0.6003566980361938,-0.026316072791814804,0.7265180945396423,0.5071364641189575,0.7773160934448242,-0.11380451917648315,0.8093352317810059,0.4562442898750305,0.6281121373176575,-0.09933959692716599,0.7536848187446594
54,1.8,0.5118001699447632,0.217491015791893,-0.14359024167060852,0.9997597932815552,0.5475683808326721,0.2936379611492157,-0.05038772150874138,0.999853789806366,0.4884582459926605,0.29678982496261597,0.008046838454902172,0.9999133944511414,0.5642300844192505,0.372744619846344,-0.09868650138378143,0.656880795955658,0.4806172847747803,0.3787269592285156,-0.005673007108271122,0.6478137969970703,0.5542361736297607,0.3941020965576172,-0.22490434348583221,0.6498020887374878,0.4876226782798767,0.43072617053985596,-0.13117004930973053,0.826957106590271,0.5350760817527771,0.4724211096763611,-0.027391066774725914,0.9999274611473083,0.5028712749481201,0.4682771563529968,0.02728671208024025,0.9999369382858276,0.5280879139900208,0.6037778258323669,-0.06074144318699837,0.8040860295295715,0.4854832589626312,0.5756167769432068,0.012403162196278572,0.6514651775360107,0.5169433355331421,0.7408527135848999,-0.007850268855690956,0.7979512810707092,0.4955058693885803,0.6031486392021179,0.2365887463092804,0.6670770645141602,0.511734664440155,0.7873824834823608,-0.10750867426395416,0.8218715190887451,0.4748098850250244,0.6195379495620728,0.21725180745124817,0.7005124092102051
55,1.8333333333333333,0.5118528008460999,0.2206329107284546,-0.15865638852119446,0.9997797608375549,0.5468026995658875,0.29804688692092896,-0.06407006084918976,0.9998628497123718,0.4877370297908783,0.30207476019859314,-0.0040733409114181995,0.99991774559021,0.5642648339271545,0.3792840242385864,-0.14284196496009827,0.6768181920051575,0.4799543023109436,0.3838963806629181,-0.010333461686968803,0.668986439704895,0.5502685308456421,0.3625349998474121,-0.2910517454147339,0.6739901900291443,0.48778581619262695,0.43504783511161804,-0.11996109783649445,0.8412399888038635,0.5346853137016296,0.4766988158226013,-0.028415367007255554,0.9999282956123352,0.5030089020729065,0.4757247865200043,0.028279036283493042,0.9999353289604187,0.5262666940689087,0.6114420890808105,-0.05524243786931038,0.8069157004356384,0.48817867040634155,0.5797103047370911,0.07971210032701492,0.6012810468673706,0.5169234871864319,0.7411360144615173,0.0018596819136291742,0.8108342289924622,0.5041460990905762,0.6076521277427673,0.3092740774154663,0.611389696598053,0.5119582414627075,0.7881698608398438,-0.09708333015441895,0.8326044082641602,0.4836212992668152,0.6310268044471741,0.2899000346660614,0.6502487063407898
56,1.8666666666666667,0.5100911855697632,0.23290584981441498,-0.1732589304447174,0.9997931122779846,0.5448197722434998,0.3086794912815094,-0.07905248552560806,0.9998729825019836,0.48635944724082947,0.3091616630554199,-0.0011062463745474815,0.9998916983604431,0.5640511512756348,0.3958739936351776,-0.1431475579738617,0.6931741833686829,0.4800799787044525,0.390159010887146,0.0036382856778800488,0.6251426339149475,0.5404142141342163,0.38024720549583435,-0.2859240770339966,0.6873679757118225,0.48550114035606384,0.4332512617111206,-0.09978010505437851,0.779967725276947,0.5323758721351624,0.4829292595386505,-0.029498368501663208,0.9999319911003113,0.4992034435272217,0.4810788333415985,0.02938833460211754,0.9999327659606934,0.5256558060646057,0.6166168451309204,-0.03779946267604828,0.8157814741134644,0.49212199449539185,0.6029865145683289,0.04148785024881363,0.5766295194625854,0.5207111239433289,0.7487726807594299,0.037900231778621674,0.8250535130500793,0.5011957883834839,0.6078842282295227,0.2865290641784668,0.5646306872367859,0.5164239406585693,0.793452262878418,-0.055250756442546844,0.8426900506019592,0.4928484559059143,0.6281338334083557,0.2758496105670929,0.6066139340400696
57,1.9,0.5088784098625183,0.23397791385650635,-0.1678440421819687,0.9998087882995605,0.5444216132164001,0.3118710219860077,-0.07244637608528137,0.999882698059082,0.48567548394203186,0.31084510684013367,-3.3331147278659046e-05,0.9998948574066162,0.5641565918922424,0.398874968290329,-0.1363109052181244,0.7185056209564209,0.48020491003990173,0.38916435837745667,0.005225514993071556,0.6485096216201782,0.5434058904647827,0.38896799087524414,-0.2787562310695648,0.7153047919273376,0.48436862230300903,0.4370819628238678,-0.1056794673204422,0.7983540892601013,0.5323857069015503,0.48392587900161743,-0.029419491067528725,0.9999322891235352,0.4989989697933197,0.4815784990787506,0.02931007742881775,0.9999286532402039,0.5257229804992676,0.6156554222106934,-0.029027685523033142,0.8291553258895874,0.49393731355667114,0.5954486131668091,0.0586666576564312,0.572303056716919,0.5211820602416992,0.7487308979034424,0.04735337197780609,0.8403470516204834,0.5021652579307556,0.6035933494567871,0.2906854748725891,0.5412865877151489,0.5165577530860901,0.7947200536727905,-0.048948984593153,0.855553150177002,0.496133416891098,0.6237125992774963,0.27120956778526306,0.5910828709602356
58,1.9333333333333333,0.502884030342102,0.2283402383327484,-0.1996697634458542,0.9998237490653992,0.5361558198928833,0.2992381155490875,-0.11363963782787323,0.9998921751976013,0.4824063181877136,0.3046596646308899,0.0010864796349778771,0.9998888969421387,0.5588535070419312,0.38456955552101135,-0.15620101988315582,0.7231501936912537,0.48170194029808044,0.3786560893058777,0.0042624706402421,0.6018431782722473,0.5287691950798035,0.38975080847740173,-0.2589940130710602,0.6961442828178406,0.4823009967803955,0.43143928050994873,-0.11292427778244019,0.7530292272567749,0.5281276106834412,0.47431284189224243,-0.04421067237854004,0.9999362230300903,0.4960685670375824,0.4738214313983917,0.0440443679690361,0.9999305605888367,0.5270419120788574,0.6010233759880066,-0.04806617647409439,0.8397209048271179,0.49087825417518616,0.5847032070159912,0.11336155980825424,0.5446388125419617,0.5288982391357422,0.7353065609931946,-0.01867964118719101,0.8533563017845154,0.4966253340244293,0.6428912878036499,0.30404090881347656,0.5440173149108887,0.5216100215911865,0.786401629447937,-0.125994473695755,0.8665761947631836,0.49140700697898865,0.6912119388580322,0.26524683833122253,0.5943304896354675
59,1.9666666666666666,0.5027406215667725,0.22472772002220154,-0.19180285930633545,0.9998335242271423,0.5342356562614441,0.29467806220054626,-0.10057149827480316,0.9999004602432251,0.4813360571861267,0.30145901441574097,0.011944490484893322,0.9998809695243835,0.5564989447593689,0.3788696825504303,-0.14984211325645447,0.731471836566925,0.48185262084007263,0.3758297264575958,0.025874057784676552,0.5556779503822327,0.5286536812782288,0.3880714774131775,-0.25975731015205383,0.6870801448822021,0.4822233319282532,0.4278009533882141,-0.08419151604175568,0.7037656307220459,0.5263382792472839,0.47002744674682617,-0.042807720601558685,0.9999396204948425,0.49453815817832947,0.47037091851234436,0.042672157287597656,0.9999321103096008,0.527519702911377,0.5971269011497498,-0.06324663758277893,0.848197340965271,0.4828405976295471,0.5835840702056885,0.04754337668418884,0.5472691059112549,0.532798171043396,0.7318850755691528,0.00041953608160838485,0.8639947772026062,0.4893801212310791,0.6662529110908508,0.22460396587848663,0.554648220539093,0.5240267515182495,0.7849916219711304,-0.10174773633480072,0.8748489022254944,0.486786425113678,0.7050508856773376,0.17957988381385803,0.6039057970046997
60,2.0,0.5019932985305786,0.21740573644638062,-0.14341793954372406,0.9998331665992737,0.5335492491722107,0.28459805250167847,-0.062158793210983276,0.9999076724052429,0.48058438301086426,0.2940109074115753,0.050321996212005615,0.9998725652694702,0.5565362572669983,0.3725697100162506,-0.1131851077079773,0.7522667050361633,0.4819677770137787,0.3689086139202118,0.05110896751284599,0.5251783132553101,0.5304510593414307,0.3804962635040283,-0.2256697416305542,0.7060560584068298,0.4826587736606598,0.42082303762435913,-0.06639185547828674,0.6692909598350525,0.5268786549568176,0.455208957195282,-0.03934246301651001,0.9999423027038574,0.4961210787296295,0.46050524711608887,0.03921201825141907,0.9999338388442993,0.5285196900367737,0.5939971208572388,-0.06377555429935455,0.8545312285423279,0.4850732684135437,0.580739438533783,0.0180452112108469,0.5613962411880493,0.5385478734970093,0.7093613743782043,0.0007428144454024732,0.8700688481330872,0.49361395835876465,0.6877197027206421,0.12071460485458374,0.5806984901428223,0.5283281803131104,0.7660223841667175,-0.093546062707901,0.878717303276062,0.49018096923828125,0.7353023886680603,0.04911075532436371,0.6247007846832275
61,2.033333333333333,0.5014119148254395,0.21436303853988647,-0.13639532029628754,0.9998379945755005,0.532804012298584,0.28017663955688477,-0.05549038201570511,0.9999144077301025,0.48048821091651917,0.2913486957550049,0.05672222375869751,0.9998672604560852,0.5558525323867798,0.3682299256324768,-0.1095900759100914,0.7723691463470459,0.48208555579185486,0.36573538184165955,0.05608299374580383,0.500424325466156,0.5300969481468201,0.37999457120895386,-0.22173604369163513,0.7256410121917725,0.48310932517051697,0.41635948419570923,-0.05964448302984238,0.6411170363426208,0.5256860256195068,0.4488518536090851,-0.03961990773677826,0.9999452233314514,0.49576687812805176,0.4559003710746765,0.03948550671339035,0.9999359846115112,0.5275870561599731,0.5927817225456238,-0.09340226650238037,0.8639847040176392,0.487770140171051,0.5791165828704834,0.017426325008273125,0.5780161023139954,0.5384755730628967,0.7033772468566895,-0.02910984680056572,0.8785943388938904,0.4969716966152191,0.6873130202293396,0.11832524836063385,0.6089326739311218,0.5289539098739624,0.7608639001846313,-0.12330547720193863,0.8855655193328857,0.4934321939945221,0.7337823510169983,0.0478086993098259,0.6480501890182495
62,2.066666666666667,0.5009604692459106,0.20966769754886627,-0.14278578758239746,0.9998533129692078,0.5321112871170044,0.2771317958831787,-0.08484535664319992,0.9999222755432129,0.48002275824546814,0.29073935747146606,0.04259797930717468,0.9998741745948792,0.556705892086029,0.36396270990371704,-0.1355229914188385,0.7916034460067749,0.4815499186515808,0.3667761981487274,0.04902562126517296,0.4885903596878052,0.5282493829727173,0.3789043724536896,-0.2344430685043335,0.7453128099441528,0.47785624861717224,0.4168296456336975,-0.06199880689382553,0.6462971568107605,0.5262040495872498,0.44955748319625854,-0.045813340693712234,0.9999455213546753,0.49523767828941345,0.4551664888858795,0.045680172741413116,0.9999321699142456,0.5165183544158936,0.5932464003562927,-0.09130222350358963,0.8676123023033142,0.4921228885650635,0.5626699924468994,0.027282053604722023,0.5417947769165039,0.5067108273506165,0.7052193284034729,-0.05313386395573616,0.8848137259483337,0.5135093331336975,0.6520336270332336,0.17249685525894165,0.5692548155784607,0.500078022480011,0.7596477270126343,-0.14914552867412567,0.8917521238327026,0.5055099725723267,0.6913525462150574,0.1351674199104309,0.6185966730117798
63,2.1,0.5013368129730225,0.20797011256217957,-0.15444794297218323,0.9998670220375061,0.5319297313690186,0.2762089967727661,-0.09079421311616898,0.9999294877052307,0.47979098558425903,0.29058605432510376,0.038719747215509415,0.9998782277107239,0.5572071671485901,0.3622441291809082,-0.14099815487861633,0.8106915950775146,0.48113909363746643,0.3675864636898041,0.046268776059150696,0.4734598398208618,0.527067244052887,0.378343790769577,-0.23816075921058655,0.7675354480743408,0.47488847374916077,0.4198419451713562,-0.06686676293611526,0.6423744559288025,0.5263479351997375,0.4513651430606842,-0.044940751045942307,0.9999467730522156,0.49402570724487305,0.4553306996822357,0.044827546924352646,0.999929666519165,0.5118692517280579,0.5905681848526001,-0.08181820064783096,0.8725378513336182,0.4872942566871643,0.5566198825836182,0.000906807545106858,0.5289452075958252,0.5029017925262451,0.7056980729103088,-0.0265079103410244,0.8912618160247803,0.5099095106124878,0.6451825499534607,0.15610139071941376,0.548599123954773,0.49664878845214844,0.7591100335121155,-0.11542268097400665,0.8979138731956482,0.5007795691490173,0.683637261390686,0.11669749021530151,0.6082251667976379
64,2.1333333333333333,0.5010157227516174,0.20766609907150269,-0.1684992015361786,0.999863862991333,0.531799852848053,0.2769332528114319,-0.08437061309814453,0.9999340772628784,0.4787302613258362,0.29245057702064514,0.037911128252744675,0.9998590350151062,0.557287335395813,0.3590134382247925,-0.1319752037525177,0.8166924118995667,0.47919154167175293,0.3726077973842621,0.05275777727365494,0.4427200257778168,0.5271672606468201,0.38109689950942993,-0.24076172709465027,0.7697193622589111,0.470619261264801,0.4205632507801056,-0.04070696979761124,0.6090062856674194,0.526816725730896,0.4534991383552551,-0.041011177003383636,0.9999499917030334,0.49365392327308655,0.457209050655365,0.0409206859767437,0.9999327659606934,0.5152527093887329,0.6050412058830261,-0.04987596720457077,0.8761475682258606,0.48071902990341187,0.5643866062164307,-0.022753428667783737,0.551541268825531,0.5004789233207703,0.7163296937942505,0.053417403250932693,0.8986548781394958,0.48289555311203003,0.6634684205055237,0.11802874505519867,0.5762067437171936,0.49894094467163086,0.7690626382827759,-0.0372113361954689,0.9038165807723999,0.4689787030220032,0.7016639113426208,0.0557887963950634,0.6313117742538452
65,2.1666666666666665,0.500994086265564,0.20713485777378082,-0.1686582714319229,0.9998574256896973,0.5317953824996948,0.27738338708877563,-0.08361245691776276,0.9999380707740784,0.4783021807670593,0.2937079668045044,0.03547552600502968,0.9998446702957153,0.5573217272758484,0.3579692840576172,-0.12607227265834808,0.8217021226882935,0.4784739911556244,0.37403619289398193,0.04971502721309662,0.4136067032814026,0.5296497941017151,0.38854390382766724,-0.23854875564575195,0.7703131437301636,0.4705732762813568,0.42040514945983887,-0.048745326697826385,0.5828559994697571,0.527063250541687,0.45617324113845825,-0.03806222230195999,0.9999528527259827,0.4931188225746155,0.4585910439491272,0.03798997774720192,0.9999358654022217,0.51728755235672,0.6030797958374023,-0.04187446087598801,0.8775262832641602,0.48020386695861816,0.569719672203064,-0.056075554341077805,0.5755550861358643,0.4997943043708801,0.7174351215362549,0.07452812045812607,0.9042066335678101,0.4809633195400238,0.6684578657150269,0.0832909643650055,0.6013274788856506,0.4980751872062683,0.7686688899993896,-0.009705335833132267,0.9077312350273132,0.4655468463897705,0.7070640325546265,0.021909154951572418,0.6526180505752563
66,2.2,0.5012535452842712,0.22145932912826538,-0.1248721107840538,0.9998552203178406,0.5322858691215515,0.29474690556526184,-0.03089452162384987,0.9999412298202515,0.4783020615577698,0.3147253394126892,0.04271934553980827,0.9998502731323242,0.5568553805351257,0.3582113981246948,-0.08920121192932129,0.811294436454773,0.47783079743385315,0.40123650431632996,0.043820325285196304,0.3831591308116913,0.5436992645263672,0.38603493571281433,-0.23069055378437042,0.7371732592582703,0.47266125679016113,0.45222997665405273,-0.056860875338315964,0.5299148559570312,0.5273022055625916,0.4793257415294647,-0.021669697016477585,0.999957263469696,0.4935426712036133,0.4800609052181244,0.02151368372142315,0.9999421238899231,0.520969808101654,0.6299169659614563,-0.06370239704847336,0.869132399559021,0.49533605575561523,0.6212965250015259,-0.02663552761077881,0.6048974394798279,0.5024768114089966,0.6397990584373474,0.18216168880462646,0.8280811905860901,0.5115164518356323,0.7414418458938599,0.09266868233680725,0.6308233141899109,0.4934283196926117,0.6764271259307861,0.17977364361286163,0.8351582288742065,0.518033504486084,0.79176265001297,0.03682113438844681,0.6684975028038025
67,2.2333333333333334,0.5007860064506531,0.2249775379896164,-0.10778796672821045,0.9998666048049927,0.5325874090194702,0.30107060074806213,-0.015143170952796936,0.9999464154243469,0.4784912168979645,0.31851673126220703,0.05438845232129097,0.999860405921936,0.5569790601730347,0.3583703339099884,-0.03448189049959183,0.8140470385551453,0.4780207574367523,0.4021739959716797,0.04905831068754196,0.35737401247024536,0.544329047203064,0.40266740322113037,-0.13885429501533508,0.7250669002532959,0.47366079688072205,0.447467178106308,-0.053988344967365265,0.48355579376220703,0.5279496312141418,0.48203548789024353,-0.0173096414655447,0.9999613165855408,0.4955357015132904,0.4836665689945221,0.017139259725809097,0.999947726726532,0.5240623354911804,0.6293739676475525,-0.0637921616435051,0.8650574684143066,0.5050123929977417,0.6320520639419556,0.011474060826003551,0.6285406351089478,0.5070662498474121,0.616899311542511,0.19682934880256653,0.7573007941246033,0.5178691148757935,0.750994861125946,0.11200787127017975,0.6543362736701965,0.4991353154182434,0.6497917771339417,0.1980660855770111,0.7685138583183289,0.5225716233253479,0.8019776344299316,0.05604655295610428,0.6789213418960571
68,2.2666666666666666,0.5009554624557495,0.2380221039056778,-0.12480244785547256,0.999860942363739,0.5352909564971924,0.3079524040222168,-0.035922035574913025,0.999945878982544,0.4786475598812103,0.3254634737968445,0.03512337803840637,0.9998616576194763,0.5564411878585815,0.3592839539051056,-0.10544270277023315,0.8113734126091003,0.4780908226966858,0.4082619547843933,0.017259785905480385,0.3492613434791565,0.5455774068832397,0.35567954182624817,-0.2650933861732483,0.7236617803573608,0.4763926863670349,0.4440801441669464,-0.07143847644329071,0.4546527862548828,0.5284256935119629,0.49469488859176636,-0.017663247883319855,0.9999645948410034,0.49531880021095276,0.4975524842739105,0.01748724654316902,0.9999525547027588,0.5247775316238403,0.6237830519676208,-0.11598511785268784,0.8546488881111145,0.5020058751106262,0.6449190974235535,0.0073149376548826694,0.6438997983932495,0.5048496127128601,0.6348405480384827,0.133793443441391,0.6906543374061584,0.5263968110084534,0.7555047869682312,0.1216646060347557,0.6668865084648132,0.49209919571876526,0.6822801232337952,0.13201551139354706,0.7033769488334656,0.5266174077987671,0.8113139867782593,0.07096041738986969,0.6759769320487976
69,2.3,0.5009118318557739,0.23661759495735168,-0.12415070831775665,0.9998619556427002,0.5374470949172974,0.31048232316970825,-0.04038139805197716,0.9999469518661499,0.4786001741886139,0.3264418840408325,0.03539697825908661,0.9998672008514404,0.5557523369789124,0.3598443269729614,-0.11972280591726303,0.8068389296531677,0.47788962721824646,0.40698060393333435,0.023055803030729294,0.3446306884288788,0.5466744303703308,0.3549601137638092,-0.27704229950904846,0.7206352949142456,0.47703608870506287,0.44176894426345825,-0.06524739414453506,0.4354219138622284,0.528505802154541,0.4935588538646698,-0.019574854522943497,0.999967634677887,0.4945347309112549,0.4971928894519806,0.019401660189032555,0.9999569654464722,0.5250312685966492,0.6213699579238892,-0.12505672872066498,0.8507129549980164,0.5037791728973389,0.6457006335258484,0.0064287930727005005,0.6610795855522156,0.5046594142913818,0.6409986019134521,0.12221523374319077,0.6352714896202087,0.5280629992485046,0.756030261516571,0.1252066195011139,0.6818754076957703,0.4927617907524109,0.6897255182266235,0.1184658631682396,0.6496661305427551,0.5259618759155273,0.8089246153831482,0.0815732330083847,0.678799033164978
70,2.3333333333333335,0.5013973712921143,0.23459646105766296,-0.11086895316839218,0.999810516834259,0.5379375219345093,0.3076050579547882,-0.008586278185248375,0.9999359846115112,0.47868824005126953,0.3224983811378479,0.034357428550720215,0.9998673796653748,0.5557206869125366,0.3435407280921936,-0.07839994132518768,0.7757818698883057,0.4773437976837158,0.4053427278995514,-0.012571297585964203,0.36771753430366516,0.546760082244873,0.3599603772163391,-0.22355246543884277,0.6853229403495789,0.48124194145202637,0.4112224578857422,-0.16451247036457062,0.485795795917511,0.5287115573883057,0.47459614276885986,-0.011952580884099007,0.999960720539093,0.4952273368835449,0.4748683571815491,0.01182444579899311,0.9999508261680603,0.5284557938575745,0.6055002212524414,-0.11604245752096176,0.8449825048446655,0.5024071931838989,0.5854617357254028,-0.1327817142009735,0.6621744632720947,0.52513587474823,0.7082756161689758,-0.023015106096863747,0.6486612558364868,0.5118528008460999,0.7056611180305481,0.00798711646348238,0.6605437994003296,0.5293567180633545,0.7592462301254272,-0.10851814597845078,0.6598724722862244,0.505752682685852,0.7529226541519165,-0.04969264566898346,0.6577445864677429
71,2.3666666666666667,0.5016882419586182,0.23285508155822754,-0.11541172116994858,0.9997172355651855,0.5384772419929504,0.3074151575565338,-0.016408447176218033,0.9999033212661743,0.4787529408931732,0.32069090008735657,0.019713424146175385,0.9998577833175659,0.5551751255989075,0.33988428115844727,-0.09078936278820038,0.741977334022522,0.4770600199699402,0.4038384258747101,-0.030994659289717674,0.39210808277130127,0.5481122732162476,0.34653303027153015,-0.25710371136665344,0.6538348197937012,0.48232293128967285,0.40362218022346497,-0.19026540219783783,0.532257080078125,0.5287547707557678,0.4699710011482239,-0.010089220479130745,0.9999521374702454,0.4954875111579895,0.46892306208610535,0.00998156238347292,0.9999443292617798,0.5299488306045532,0.6053962707519531,-0.06290183961391449,0.8322045207023621,0.49740344285964966,0.5770191550254822,-0.10688753426074982,0.6620984077453613,0.5302248001098633,0.716509222984314,0.03279198333621025,0.6612180471420288,0.5020299553871155,0.678886353969574,0.07529161870479584,0.6343353390693665,0.5340830087661743,0.7711710333824158,-0.03436286747455597,0.6664495468139648,0.4927304685115814,0.7132443189620972,0.025117119774222374,0.6300935745239258
72,2.4,0.5025901198387146,0.22640307247638702,-0.11983543634414673,0.9996967315673828,0.5388604402542114,0.2914269268512726,-0.02619684301316738,0.9998933672904968,0.47959190607070923,0.31111249327659607,0.02190363220870495,0.9998559355735779,0.5552748441696167,0.32625633478164673,-0.1120680421590805,0.7139813899993896,0.47534307837486267,0.3914729952812195,-0.025970906019210815,0.409880131483078,0.5476976037025452,0.3511205017566681,-0.2725865840911865,0.6206411719322205,0.4828832149505615,0.3904719352722168,-0.17791901528835297,0.56828373670578,0.5305722951889038,0.4544484317302704,-0.020985521376132965,0.9999504685401917,0.49879345297813416,0.4585280418395996,0.02084101364016533,0.9999439716339111,0.522482693195343,0.5648253560066223,-0.13987727463245392,0.8300046324729919,0.5002232789993286,0.5794628858566284,-0.030924970284104347,0.6448090672492981,0.5279256105422974,0.7064247727394104,-0.07581871002912521,0.6733973622322083,0.5160743594169617,0.6822783350944519,0.06789282709360123,0.6405167579650879,0.5259360074996948,0.7695032954216003,-0.15568700432777405,0.678420901298523,0.5038033723831177,0.7246078252792358,0.00614393875002861,0.6342526078224182
73,2.433333333333333,0.5029329061508179,0.22237364947795868,-0.12370650470256805,0.9997164607048035,0.5388096570968628,0.28406184911727905,-0.029314566403627396,0.9998973608016968,0.4801463186740875,0.30663228034973145,0.02394242212176323,0.999863862991333,0.5555359125137329,0.3204568028450012,-0.11667430400848389,0.71534264087677,0.47499632835388184,0.3842751681804657,-0.022081758826971054,0.4439893662929535,0.5481576919555664,0.34786316752433777,-0.2748543322086334,0.6220227479934692,0.4829276502132416,0.3889794945716858,-0.18192344903945923,0.6086005568504333,0.5313316583633423,0.4496392607688904,-0.026755521073937416,0.9999513626098633,0.5003514289855957,0.45325443148612976,0.02659536339342594,0.9999455809593201,0.5219549536705017,0.5618187189102173,-0.12661823630332947,0.8349905610084534,0.5012904405593872,0.5754851698875427,-0.004636573139578104,0.6390005946159363,0.5261989831924438,0.7046985626220703,-0.06007350608706474,0.6933603286743164,0.5162652730941772,0.6868569850921631,0.0805879533290863,0.6542179584503174,0.5236583948135376,0.7661551833152771,-0.1426195204257965,0.6986612677574158,0.5062238574028015,0.7269518375396729,0.018678048625588417,0.6490200757980347
74,2.466666666666667,0.5034561157226562,0.21670641005039215,-0.11891952902078629,0.99973064661026,0.538302481174469,0.2783920168876648,-0.00879608653485775,0.9999027848243713,0.48014774918556213,0.29985907673835754,0.025460219010710716,0.9998726844787598,0.5573574900627136,0.3222460150718689,-0.058045338839292526,0.725188136100769,0.47327739000320435,0.3771570920944214,-0.013344970531761646,0.48585739731788635,0.5481111407279968,0.35076820850372314,-0.19851341843605042,0.6328746676445007,0.482185035943985,0.38792428374290466,-0.15719474852085114,0.644905149936676,0.531768798828125,0.4480976164340973,-0.014492422342300415,0.9999530911445618,0.5026957392692566,0.450160950422287,0.014327104203402996,0.9999487400054932,0.5249159932136536,0.5663748979568481,-0.06427140533924103,0.8375291228294373,0.5088211297988892,0.5742840766906738,-0.014827932231128216,0.6622214317321777,0.5326017141342163,0.657600462436676,0.04452110826969147,0.6959055066108704,0.5154436826705933,0.6876196265220642,0.04520261287689209,0.6809154152870178,0.5331563949584961,0.7168667912483215,-0.021142100915312767,0.7002804279327393,0.5071903467178345,0.7449305057525635,-0.03153519704937935,0.6719059348106384
75,2.5,0.5041008591651917,0.21248367428779602,-0.12003157287836075,0.9997509121894836,0.5380685329437256,0.2760007083415985,0.0055137318558990955,0.9999078512191772,0.48016905784606934,0.2971421480178833,0.017024671658873558,0.9998800754547119,0.5579580068588257,0.32178574800491333,-0.01566532626748085,0.7301454544067383,0.4725078046321869,0.375793993473053,-0.02495395950973034,0.5252837538719177,0.5484641790390015,0.35221531987190247,-0.13172248005867004,0.645090639591217,0.481534868478775,0.3885674476623535,-0.17089292407035828,0.6788382530212402,0.5320459604263306,0.4469255805015564,-0.0074937171302735806,0.9999498128890991,0.503738522529602,0.4483813941478729,0.007347750011831522,0.999945342540741,0.5206832885742188,0.5684559345245361,-0.05011368542909622,0.8402803540229797,0.5145886540412903,0.5607812404632568,-0.04685250669717789,0.6690372228622437,0.5219473242759705,0.6817439794540405,0.012304529547691345,0.7166930437088013,0.5211260318756104,0.6728341579437256,0.05609573796391487,0.6843686699867249,0.5134395360946655,0.7447929382324219,-0.07951444387435913,0.7198714017868042,0.513853907585144,0.7170215249061584,-0.005608614068478346,0.6768381595611572
76,2.533333333333333,0.5031279921531677,0.21290645003318787,-0.14059939980506897,0.999774694442749,0.5380141735076904,0.28614890575408936,-0.027949729934334755,0.999915361404419,0.4786098599433899,0.2986472547054291,0.016212964430451393,0.9998879432678223,0.559489369392395,0.3672238290309906,-0.05546483397483826,0.7456022500991821,0.46975642442703247,0.37658241391181946,-0.016778646036982536,0.5528311133384705,0.5432384014129639,0.38926494121551514,-0.19368772208690643,0.6657726168632507,0.4788404405117035,0.4131425619125366,-0.16242238879203796,0.7072039842605591,0.5314506888389587,0.46914923191070557,-0.01635849103331566,0.9999489188194275,0.5014105439186096,0.47018954157829285,0.01626439020037651,0.9999399185180664,0.5162824392318726,0.6097782254219055,-0.06956556439399719,0.85211580991745,0.5212658643722534,0.5678480267524719,-0.020122595131397247,0.6433262825012207,0.5120322108268738,0.7503818869590759,-0.0317438468337059,0.7422017455101013,0.5356153845787048,0.6239110827445984,0.20930643379688263,0.6297497153282166,0.5034447908401489,0.8054705262184143,-0.1324269026517868,0.7450498342514038,0.5361667275428772,0.6524801254272461,0.19631651043891907,0.6358909606933594
77,2.566666666666667,0.5022066235542297,0.2133622020483017,-0.14669471979141235,0.999796986579895,0.537922203540802,0.29100993275642395,-0.0378478579223156,0.9999231100082397,0.47761011123657227,0.29967179894447327,0.01700728014111519,0.999896228313446,0.5602394342422485,0.37453147768974304,-0.06964288651943207,0.7630409598350525,0.4685702323913574,0.37734439969062805,-0.013133713975548744,0.5711104273796082,0.5412865877151489,0.39789119362831116,-0.20209702849388123,0.6870307922363281,0.4782353341579437,0.4190358817577362,-0.1612423062324524,0.729380190372467,0.5308367013931274,0.47390174865722656,-0.02713415026664734,0.9999498128890991,0.5005097389221191,0.4752550423145294,0.027015477418899536,0.9999367594718933,0.515378475189209,0.6152938604354858,-0.1103268414735794,0.8635084629058838,0.5266782641410828,0.5684826970100403,0.0349063016474247,0.6076627969741821,0.5096144676208496,0.7545667290687561,-0.08676601946353912,0.7655559778213501,0.5422786474227905,0.6353839635848999,0.2645905613899231,0.5776075720787048,0.499736487865448,0.8083600997924805,-0.1949329525232315,0.7686833739280701,0.5387581586837769,0.666833758354187,0.24786463379859924,0.5979291200637817
78,2.6,0.49936890602111816,0.21694128215312958,-0.13381288945674896,0.9998169541358948,0.5370040535926819,0.30491864681243896,-0.05554291605949402,0.9999305009841919,0.47642865777015686,0.30909740924835205,0.040373899042606354,0.9999022483825684,0.5602215528488159,0.3870442807674408,-0.08826260268688202,0.7795446515083313,0.46916788816452026,0.39308395981788635,0.043179888278245926,0.5484376549720764,0.5389227867126465,0.4153811037540436,-0.19459936022758484,0.7064772248268127,0.4756987690925598,0.4492832124233246,-0.06454499065876007,0.708854079246521,0.5308222770690918,0.48629030585289,-0.03725086897611618,0.9999527335166931,0.49851784110069275,0.48944205045700073,0.03712393715977669,0.9999358057975769,0.5159024596214294,0.6393885016441345,-0.14641688764095306,0.8725979924201965,0.5212278962135315,0.5982306599617004,0.02118707075715065,0.5600603222846985,0.5076714158058167,0.767549991607666,-0.15516877174377441,0.7851096987724304,0.5349183082580566,0.6278785467147827,0.21521000564098358,0.5230457186698914,0.49904441833496094,0.8172116875648499,-0.26558640599250793,0.7890114188194275,0.5304441452026367,0.6465756893157959,0.19887085258960724,0.5489421486854553
79,2.6333333333333333,0.49929508566856384,0.21865978837013245,-0.09056989848613739,0.9998345375061035,0.5360491275787354,0.3075117766857147,-0.028411542996764183,0.9999371767044067,0.4757751524448395,0.3122650980949402,0.0748654156923294,0.9999096393585205,0.5600800514221191,0.3870012164115906,-0.0636879950761795,0.796652615070343,0.469144344329834,0.39536938071250916,0.07618850469589233,0.5364930033683777,0.538605809211731,0.41706445813179016,-0.15605604648590088,0.7305325269699097,0.4740247130393982,0.45070526003837585,-0.04015498608350754,0.7229043245315552,0.5307120084762573,0.48625943064689636,-0.03335414454340935,0.9999552369117737,0.49740442633628845,0.49016791582107544,0.033223964273929596,0.999937117099762,0.5167714357376099,0.6446836590766907,-0.14023713767528534,0.8678140044212341,0.5188207030296326,0.596946656703949,-0.10650819540023804,0.5345966815948486,0.5069440603256226,0.771912157535553,-0.11316776275634766,0.7921283841133118,0.5297707915306091,0.6289826035499573,-0.04071645811200142,0.4841267764568329,0.5004176497459412,0.8256197571754456,-0.22189244627952576,0.8006569147109985,0.5267084836959839,0.6411404609680176,-0.09796811640262604,0.5298604369163513
80,2.6666666666666665,0.4979897141456604,0.22162102162837982,-0.10756774991750717,0.9998487234115601,0.5326687097549438,0.3094938397407532,-0.032347556203603745,0.9999425411224365,0.4754544794559479,0.31462782621383667,0.05826406553387642,0.9999135136604309,0.5568215847015381,0.3878290057182312,-0.059664927423000336,0.7960219383239746,0.4694044589996338,0.3959414064884186,0.04766448587179184,0.5101386904716492,0.5393577814102173,0.4403189718723297,-0.1466425359249115,0.7147103548049927,0.47321176528930664,0.4515276253223419,-0.05415581911802292,0.6736764311790466,0.5305887460708618,0.4846247732639313,-0.03306771442294121,0.999957263469696,0.49743151664733887,0.4925083518028259,0.032862432301044464,0.9999403357505798,0.5356086492538452,0.6144576072692871,-0.25068289041519165,0.8713716268539429,0.512742817401886,0.6265019178390503,0.0009537377627566457,0.5127787590026855,0.5496532320976257,0.6633616089820862,-0.21004649996757507,0.7622571587562561,0.5222494006156921,0.7686433792114258,0.06278308480978012,0.4925840497016907,0.5366756319999695,0.7297921180725098,-0.2964591383934021,0.7830637693405151,0.5129175186157227,0.8148722052574158,-0.00946938619017601,0.5302951335906982
81,2.7,0.49800118803977966,0.22538051009178162,-0.1040697693824768,0.9998632669448853,0.5319527387619019,0.31074947118759155,-0.016485370695590973,0.9999474287033081,0.4752321243286133,0.31704944372177124,0.05917694419622421,0.9999191761016846,0.5553882718086243,0.38791948556900024,-0.04155273735523224,0.8109272122383118,0.469618022441864,0.39667850732803345,0.03920124098658562,0.5113718509674072,0.5405107736587524,0.4413086473941803,-0.13174974918365479,0.7197796702384949,0.4727627635002136,0.4513610303401947,-0.06368465721607208,0.6642782688140869,0.5305848717689514,0.48456084728240967,-0.031782716512680054,0.9999582767486572,0.4974464774131775,0.49492019414901733,0.03159371390938759,0.9999428987503052,0.5383955836296082,0.5752028226852417,-0.3144816756248474,0.8818679451942444,0.5113949179649353,0.6338279247283936,0.005332741420716047,0.5391067862510681,0.552118182182312,0.6440591812133789,-0.4341199994087219,0.7753463983535767,0.519184947013855,0.7826949954032898,0.056102603673934937,0.5362937450408936,0.5407220125198364,0.6864235997200012,-0.5568658709526062,0.8031169176101685,0.5113704204559326,0.8282061219215393,-0.03357365354895592,0.5688748955726624
82,2.7333333333333334,0.4976356625556946,0.22502845525741577,-0.1098346933722496,0.9998677372932434,0.5292428135871887,0.30558454990386963,-0.01847425475716591,0.999950647354126,0.4732677936553955,0.31669825315475464,0.05417359992861748,0.9999185800552368,0.5521665215492249,0.38341113924980164,-0.0802520364522934,0.8205452561378479,0.4729498326778412,0.394058495759964,0.03366886451840401,0.48970937728881836,0.5280393958091736,0.4286879301071167,-0.20387902855873108,0.7393170595169067,0.47292575240135193,0.44618934392929077,-0.09472007304430008,0.6783204674720764,0.5258281230926514,0.4841102659702301,-0.023260684683918953,0.9999545216560364,0.4933253824710846,0.48749464750289917,0.02317476086318493,0.9999358654022217,0.5353871583938599,0.6045401692390442,-0.04720256105065346,0.8367682099342346,0.49293190240859985,0.5676078200340271,-0.1934840977191925,0.5273106694221497,0.5465179681777954,0.74884033203125,0.03503333777189255,0.7653886079788208,0.5085262656211853,0.6667362451553345,-0.04222951456904411,0.49811315536499023,0.5324779152870178,0.8012667894363403,-0.055900417268276215,0.7927388548851013,0.5049666166305542,0.7312005758285522,-0.09207304567098618,0.5405648350715637
83,2.7666666666666666,0.4975338578224182,0.22477319836616516,-0.11236079782247543,0.9998707175254822,0.5281875133514404,0.30211350321769714,-0.021842623129487038,0.9999535083770752,0.47250932455062866,0.3163585960865021,0.052007757127285004,0.9999179244041443,0.5511505603790283,0.3812863528728485,-0.08396829664707184,0.8249544501304626,0.4750131070613861,0.39305567741394043,0.03595693036913872,0.466140478849411,0.5259886980056763,0.42080357670783997,-0.20669981837272644,0.7519727945327759,0.47318196296691895,0.44375261664390564,-0.0947282463312149,0.6884328722953796,0.5251901149749756,0.4837653636932373,-0.02129560522735119,0.9999525547027588,0.49267715215682983,0.48521262407302856,0.021219799295067787,0.9999318718910217,0.5331970453262329,0.6129950284957886,-0.045124903321266174,0.8016585111618042,0.4961854815483093,0.5692569017410278,-0.18830132484436035,0.5163341760635376,0.5408303141593933,0.7626298069953918,0.028938714414834976,0.7604616284370422,0.5057602524757385,0.651021420955658,-0.04924582317471504,0.46610504388809204,0.5287880897521973,0.8123542666435242,-0.06438472121953964,0.7881295084953308,0.5031882524490356,0.7136087417602539,-0.10271221399307251,0.5193411111831665
84,2.8,0.4962162971496582,0.20536740124225616,-0.13818776607513428,0.9998694658279419,0.5249785780906677,0.2795121967792511,-0.07977060973644257,0.9999544620513916,0.47313061356544495,0.2986489236354828,0.07706330716609955,0.9999193549156189,0.5441837906837463,0.3715204894542694,-0.15038400888442993,0.8180088996887207,0.47771233320236206,0.3775569498538971,0.06365837156772614,0.4302966594696045,0.5113972425460815,0.3968375623226166,-0.25194621086120605,0.7080742120742798,0.47499603033065796,0.43497535586357117,-0.06778237223625183,0.6376364827156067,0.5232234597206116,0.46922069787979126,-0.054373763501644135,0.9999551177024841,0.49316835403442383,0.473122239112854,0.05418487638235092,0.9999368190765381,0.5000300407409668,0.5842626094818115,-0.22461143136024475,0.8149130344390869,0.4844484329223633,0.5699889063835144,0.005748980212956667,0.5192173719406128,0.5367661714553833,0.6946872472763062,-0.09307223558425903,0.7512547373771667,0.4890837073326111,0.7304673194885254,0.07969313859939575,0.5024435520172119,0.5268245339393616,0.740169882774353,-0.08670148253440857,0.7805057168006897,0.4800332486629486,0.7724443078041077,-0.01125799398869276,0.5458037257194519
85,2.8333333333333335,0.49508970975875854,0.199977308511734,-0.14132341742515564,0.9998694658279419,0.5232678651809692,0.27423712611198425,-0.08149594813585281,0.9999557137489319,0.47448986768722534,0.29350385069847107,0.0854496955871582,0.9999213814735413,0.5426836609840393,0.36652815341949463,-0.14979884028434753,0.8124386072158813,0.4803047776222229,0.3737683892250061,0.07994113862514496,0.3968151807785034,0.5088945031166077,0.38470709323883057,-0.24970901012420654,0.6717231273651123,0.4755961000919342,0.430062860250473,-0.047378189861774445,0.5936734080314636,0.5219177603721619,0.4650242328643799,-0.0578748993575573,0.9999569058418274,0.4932880997657776,0.46806156635284424,0.05767359584569931,0.9999407529830933,0.49688881635665894,0.5838974714279175,-0.21608416736125946,0.8210485577583313,0.48354706168174744,0.5756353139877319,0.013919578865170479,0.5121071338653564,0.5307852029800415,0.6926854252815247,-0.09324324131011963,0.7290624976158142,0.48710909485816956,0.737777054309845,0.09137807786464691,0.5271186232566833,0.5228036046028137,0.7370408773422241,-0.15060774981975555,0.7620785236358643,0.4783295691013336,0.7781509160995483,0.004149378277361393,0.5617377758026123
86,2.8666666666666667,0.4953773617744446,0.19568748772144318,-0.15491750836372375,0.9998729228973389,0.5237835645675659,0.2712526023387909,-0.08346369862556458,0.999959409236908,0.4743349552154541,0.2920374274253845,0.0722184032201767,0.9999257326126099,0.5430313348770142,0.3662261664867401,-0.12810413539409637,0.824754536151886,0.47981590032577515,0.37606170773506165,0.06278268247842789,0.3718443214893341,0.5089048147201538,0.38716045022010803,-0.22870436310768127,0.6900002956390381,0.47565189003944397,0.43230465054512024,-0.06648538261651993,0.5586732625961304,0.5226916074752808,0.46594005823135376,-0.04817744717001915,0.9999603033065796,0.4901210367679596,0.46819084882736206,0.047993253916502,0.9999459385871887,0.5235089659690857,0.5965759754180908,-0.18145929276943207,0.8304256200790405,0.47695884108543396,0.6033058762550354,0.011141899973154068,0.5417875647544861,0.5309646725654602,0.6306021213531494,0.04121574014425278,0.67872554063797,0.48587632179260254,0.7473423480987549,0.0995892658829689,0.5641520619392395,0.5234342813491821,0.6571734547615051,0.013456990011036396,0.7150135636329651,0.48256295919418335,0.7965832352638245,0.022248301655054092,0.5875899791717529
87,2.9,0.49575409293174744,0.19437538087368011,-0.1741172969341278,0.9998794198036194,0.5241391062736511,0.2702656090259552,-0.08890583366155624,0.9999629855155945,0.4737871587276459,0.29219579696655273,0.05635879561305046,0.9999302625656128,0.5432532429695129,0.3659251034259796,-0.12174002081155777,0.8358961939811707,0.47935253381729126,0.37729525566101074,0.055903296917676926,0.34658822417259216,0.5092639923095703,0.38788285851478577,-0.22295281291007996,0.7064884305000305,0.4759736657142639,0.43643346428871155,-0.07582249492406845,0.5171233415603638,0.5223818421363831,0.46648675203323364,-0.044945117086172104,0.9999638199806213,0.48688608407974243,0.4680425524711609,0.044772423803806305,0.9999510049819946,0.5345075130462646,0.6040703654289246,-0.1460382491350174,0.8374358415603638,0.4738570749759674,0.6082214117050171,0.005088609643280506,0.5759032964706421,0.5305955410003662,0.6041719913482666,0.11285790055990219,0.6283536553382874,0.48522672057151794,0.7442906498908997,0.09316641092300415,0.6013718843460083,0.5240985751152039,0.6299225091934204,0.10063133388757706,0.6678920984268188,0.4837430417537689,0.7979990839958191,0.01811952516436577,0.6167152523994446
88,2.933333333333333,0.49663108587265015,0.19390597939491272,-0.19435440003871918,0.9998860359191895,0.524471640586853,0.2740751802921295,-0.11433222144842148,0.9999662637710571,0.4738643765449524,0.29336103796958923,0.040361903607845306,0.9999345541000366,0.5394538640975952,0.3773130178451538,-0.1398545354604721,0.8510364890098572,0.47553569078445435,0.38281142711639404,0.029732445254921913,0.33994820713996887,0.4954822063446045,0.39256951212882996,-0.22321267426013947,0.7329139113426208,0.4745813310146332,0.43635591864585876,-0.12300419807434082,0.4954749345779419,0.5208463072776794,0.4710376262664795,-0.043548889458179474,0.9999668598175049,0.48575058579444885,0.4715442359447479,0.043379202485084534,0.999955415725708,0.5311390161514282,0.6134764552116394,-0.17233088612556458,0.8505359888076782,0.4803699553012848,0.6175097227096558,0.039275381714105606,0.6030595898628235,0.533176600933075,0.6224283576011658,0.08142675459384918,0.593920886516571,0.49068230390548706,0.7595716714859009,0.1303701102733612,0.6351647973060608,0.5320926904678345,0.6569144129753113,0.06729457527399063,0.6380269527435303,0.4853111207485199,0.8174211978912354,0.05043730139732361,0.6435733437538147
89,2.966666666666667,0.49734583497047424,0.1938350945711136,-0.18822403252124786,0.9998950362205505,0.5246158242225647,0.2757672667503357,-0.11682067066431046,0.9999694228172302,0.4738832414150238,0.29435405135154724,0.045402489602565765,0.999939501285553,0.5391857624053955,0.3802957832813263,-0.14466145634651184,0.8646575808525085,0.47363701462745667,0.38742247223854065,0.04045027121901512,0.3195177912712097,0.49361053109169006,0.3964241147041321,-0.2245066910982132,0.7559003829956055,0.47332367300987244,0.4330892860889435,-0.11437006294727325,0.4620606303215027,0.5197035074234009,0.47593891620635986,-0.0451972633600235,0.999970018863678,0.4838216304779053,0.4746377170085907,0.04503876715898514,0.9999597668647766,0.5295105576515198,0.6314762234687805,-0.09744112193584442,0.8568665981292725,0.4818054735660553,0.6218641996383667,0.04199858754873276,0.6322335600852966,0.5325719118118286,0.6157156825065613,0.21847006678581238,0.545875608921051,0.49285539984703064,0.7615176439285278,0.13497717678546906,0.6660186052322388,0.5363304018974304,0.6566516160964966,0.2339382916688919,0.592190682888031,0.48604288697242737,0.820789098739624,0.06445012986660004,0.6687673926353455
90,3.0,0.49751347303390503,0.19474108517169952,-0.189638152718544,0.9999006390571594,0.5260876417160034,0.28232210874557495,-0.13145320117473602,0.9999719858169556,0.47437137365341187,0.29585710167884827,0.03975965455174446,0.999943196773529,0.5358227491378784,0.3910544812679291,-0.15857437252998352,0.8760875463485718,0.4721146523952484,0.39412620663642883,0.0023929295130074024,0.3066996932029724,0.49185195565223694,0.3968924283981323,-0.22750458121299744,0.7759605050086975,0.47253990173339844,0.4166003465652466,-0.18476435542106628,0.44432517886161804,0.51969975233078,0.47635769844055176,-0.048277292400598526,0.9999726414680481,0.48472538590431213,0.4761114716529846,0.048130035400390625,0.9999635815620422,0.5240248441696167,0.6252292394638062,-0.11264684051275253,0.8661220073699951,0.482731431722641,0.628328800201416,0.02792644128203392,0.6612420082092285,0.5322949290275574,0.6016554832458496,0.13363032042980194,0.5109638571739197,0.5088211894035339,0.7682129144668579,0.1198837161064148,0.694834291934967,0.5338743925094604,0.6377909183502197,0.13923798501491547,0.5611667037010193,0.5078309774398804,0.8225051164627075,0.055915236473083496,0.6934731006622314
91,3.033333333333333,0.4977141320705414,0.19556289911270142,-0.18755464255809784,0.9999030828475952,0.526909589767456,0.2852649986743927,-0.12636850774288177,0.9999740719795227,0.4747198522090912,0.29691463708877563,0.039304327219724655,0.9999460577964783,0.5348401069641113,0.39283591508865356,-0.15560680627822876,0.8856133222579956,0.4714413285255432,0.39576953649520874,-0.0014871223829686642,0.29902660846710205,0.4915305972099304,0.39703598618507385,-0.22891882061958313,0.7932929992675781,0.47206297516822815,0.41199013590812683,-0.19006673991680145,0.4352755546569824,0.5198196172714233,0.47623151540756226,-0.048504699021577835,0.99997478723526,0.48522987961769104,0.47623705863952637,0.0483550988137722,0.9999668598175049,0.5239835977554321,0.6237347722053528,-0.16903816163539886,0.8746764659881592,0.4839995503425598,0.626447856426239,0.01810862310230732,0.6869728565216064,0.5322520136833191,0.607288122177124,0.0894271582365036,0.4822089672088623,0.5125975012779236,0.7672649621963501,0.11072511970996857,0.7205735445022583,0.53061842918396,0.6393613815307617,0.08095818758010864,0.5363410115242004,0.512100100517273,0.8215996623039246,0.043976422399282455,0.715349018573761
92,3.066666666666667,0.5098710060119629,0.19419197738170624,-0.10826967656612396,0.999897837638855,0.532253623008728,0.2798541188240051,-0.045863330364227295,0.999970555305481,0.4781472682952881,0.2804874777793884,0.06686418503522873,0.9999272227287292,0.5312777757644653,0.3687044382095337,-0.12315360456705093,0.876777708530426,0.4696851670742035,0.3410457670688629,-0.02433588169515133,0.3156450092792511,0.49559831619262695,0.3516070544719696,-0.2239525318145752,0.7900176048278809,0.4639206528663635,0.27434679865837097,-0.21921610832214355,0.46517741680145264,0.5193857550621033,0.45068979263305664,-0.047264259308576584,0.999971330165863,0.48569732904434204,0.44498199224472046,0.04714895039796829,0.999962329864502,0.4980734884738922,0.5756851434707642,-0.17974427342414856,0.8779574632644653,0.4689597189426422,0.5736221075057983,-0.01863269880414009,0.6756802797317505,0.5137595534324646,0.7023679614067078,-0.09588639438152313,0.515315055847168,0.47158417105674744,0.7122291326522827,0.07276471704244614,0.7243818640708923,0.501700222492218,0.7598497271537781,-0.18061122298240662,0.5646386742591858,0.4414980411529541,0.7441492080688477,0.0034515541046857834,0.7202054262161255
93,3.1,0.5091136693954468,0.19435814023017883,-0.09570850431919098,0.999883234500885,0.5338784456253052,0.27960824966430664,-0.02646874450147152,0.9999603033065796,0.4795927107334137,0.2746178209781647,0.07337769120931625,0.999900221824646,0.531584620475769,0.3633841574192047,-0.13378724455833435,0.8412161469459534,0.4675207734107971,0.333950012922287,-0.029193347319960594,0.3292754888534546,0.5158740878105164,0.3552674949169159,-0.2942229211330414,0.7665421962738037,0.4617291986942291,0.2689337134361267,-0.22989504039287567,0.5011752247810364,0.5177872180938721,0.4451099932193756,-0.043767623603343964,0.9999640583992004,0.4844452440738678,0.43886324763298035,0.043635930866003036,0.9999545216560364,0.4949301779270172,0.5736570358276367,-0.1707509160041809,0.8743400573730469,0.4528470039367676,0.5539532899856567,-0.03288820758461952,0.6648526787757874,0.5128177404403687,0.7117562890052795,-0.09925343841314316,0.5465524792671204,0.4495309889316559,0.6881386041641235,0.062360990792512894,0.7275519967079163,0.49548691511154175,0.7670137882232666,-0.1996205896139145,0.5905175805091858,0.42628416419029236,0.7311925292015076,-0.010812071152031422,0.7239975333213806
94,3.1333333333333333,0.5111733078956604,0.1920718252658844,-0.06579858064651489,0.999886155128479,0.5371956825256348,0.27302101254463196,-0.013512763194739819,0.9999428987503052,0.48110121488571167,0.26405075192451477,0.07241944968700409,0.9998617172241211,0.5296744108200073,0.32745417952537537,-0.1371145397424698,0.8245136737823486,0.4655013084411621,0.275971382856369,-0.05171896144747734,0.36145925521850586,0.5056458115577698,0.3127094805240631,-0.27455970644950867,0.7612082958221436,0.46194276213645935,0.18534786999225616,-0.22933347523212433,0.5470176339149475,0.5178395509719849,0.44450441002845764,-0.038648683577775955,0.9999560117721558,0.4848869740962982,0.4414405822753906,0.038490019738674164,0.9999467730522156,0.48881611227989197,0.5727013945579529,-0.10821332037448883,0.8310995697975159,0.4791503846645355,0.570960521697998,-0.015956487506628036,0.6104826331138611,0.4884372353553772,0.716815710067749,-0.07859443873167038,0.5673449039459229,0.5078096985816956,0.7043642401695251,0.07483705133199692,0.6861399412155151,0.4690493047237396,0.7682617902755737,-0.17217731475830078,0.6146383285522461,0.4938977360725403,0.7510127425193787,0.0050079780630767345,0.6947215795516968
95,3.1666666666666665,0.5120832920074463,0.19020773470401764,-0.04316176474094391,0.9998919367790222,0.5379522442817688,0.2703080177307129,-0.006758834235370159,0.9999327659606934,0.4836111068725586,0.2649668753147125,0.1011919155716896,0.9998511672019958,0.5292621850967407,0.3285839557647705,-0.1316661685705185,0.7915523648262024,0.466449499130249,0.27166831493377686,-0.02191859669983387,0.38569629192352295,0.5073181390762329,0.31844407320022583,-0.26108333468437195,0.7361471652984619,0.46178263425827026,0.19175726175308228,-0.19334259629249573,0.5896525382995605,0.5180844068527222,0.44289571046829224,-0.043118059635162354,0.9999479651451111,0.48881426453590393,0.4415397346019745,0.04292761906981468,0.9999399781227112,0.4874967932701111,0.5723451375961304,-0.12679539620876312,0.7995408773422241,0.49180516600608826,0.5763559341430664,0.016324136406183243,0.5556124448776245,0.4912237524986267,0.7244367599487305,-0.12881223857402802,0.5915643572807312,0.5202210545539856,0.7101625800132751,0.10649887472391129,0.6378759145736694,0.47111162543296814,0.7772578001022339,-0.2248380184173584,0.6398930549621582,0.5082200169563293,0.7584889531135559,0.05734942480921745,0.6564608216285706
96,3.2,0.5190083384513855,0.1877897083759308,-0.05834649130702019,0.9999021291732788,0.5386878252029419,0.2682840824127197,-0.034243252128362656,0.9999337792396545,0.48763012886047363,0.2587728202342987,0.08342397212982178,0.9998165369033813,0.528525710105896,0.29892051219940186,-0.15783384442329407,0.805790364742279,0.4669207036495209,0.2194066345691681,-0.02990199252963066,0.42285874485969543,0.4962586760520935,0.26255398988723755,-0.2522929310798645,0.7568236589431763,0.46832743287086487,0.12909077107906342,-0.16130974888801575,0.6241902112960815,0.5182977914810181,0.44694167375564575,-0.046007074415683746,0.9999440908432007,0.48929446935653687,0.44566264748573303,0.04583083093166351,0.999931275844574,0.4887709617614746,0.5963587760925293,-0.11236528307199478,0.8075250387191772,0.5000006556510925,0.5765557885169983,0.04551197215914726,0.5134972929954529,0.47902631759643555,0.7376878261566162,-0.13861025869846344,0.6287685036659241,0.5254347920417786,0.6932650804519653,0.14072754979133606,0.6023540496826172,0.4534202516078949,0.7882096171379089,-0.23962552845478058,0.6736108064651489,0.5143373012542725,0.7246695756912231,0.1034335121512413,0.6416375637054443
97,3.2333333333333334,0.5205987691879272,0.18842189013957977,-0.030101850628852844,0.9999110102653503,0.5399705171585083,0.26800310611724854,-0.024499934166669846,0.9999329447746277,0.4884352684020996,0.25745195150375366,0.09147828072309494,0.9997936487197876,0.527971625328064,0.29730308055877686,-0.14883007109165192,0.8156775832176208,0.4656563699245453,0.20892523229122162,-0.018558522686362267,0.4505958557128906,0.4932878911495209,0.25676000118255615,-0.22142517566680908,0.7726212739944458,0.4713785648345947,0.11969278007745743,-0.1297312080860138,0.6558972597122192,0.5185505747795105,0.4476108253002167,-0.046407341957092285,0.9999371767044067,0.49072375893592834,0.4473553001880646,0.046228013932704926,0.9999200701713562,0.4910838007926941,0.6023582816123962,-0.11912660300731659,0.8124160170555115,0.5034153461456299,0.5725328922271729,0.027152691036462784,0.4738411009311676,0.47892704606056213,0.7403950095176697,-0.1743091195821762,0.6622607707977295,0.5241854190826416,0.6917553544044495,0.11030914634466171,0.5701207518577576,0.4542415142059326,0.7917659282684326,-0.2799082100391388,0.7040014266967773,0.5135671496391296,0.7197608351707458,0.06681498140096664,0.6272836923599243
98,3.2666666666666666,0.5241976976394653,0.1885310560464859,-0.06635159999132156,0.9999127984046936,0.5396606922149658,0.26873400807380676,0.020450124517083168,0.999837338924408,0.48886021971702576,0.2548951804637909,0.02600053884088993,0.9997228980064392,0.527727484703064,0.2809073030948639,-0.0594770610332489,0.7736082673072815,0.4741785526275635,0.18099689483642578,-0.027418669313192368,0.49062031507492065,0.5181164741516113,0.24551531672477722,-0.14556410908699036,0.7228490114212036,0.485966295003891,0.12464801222085953,-0.0442742183804512,0.6606360673904419,0.5221189260482788,0.4490836560726166,-0.0012429698836058378,0.9999322891235352,0.49200016260147095,0.4488321542739868,0.0011052486952394247,0.9999217987060547,0.519062876701355,0.5950334072113037,-0.01744997128844261,0.7721111178398132,0.49926847219467163,0.5813016891479492,-0.05466275289654732,0.4863455891609192,0.5350114107131958,0.722687304019928,0.07931280136108398,0.6253536343574524,0.49508580565452576,0.7326590418815613,-0.0009299929952248931,0.569776713848114,0.5402778387069702,0.7718600034713745,0.016413630917668343,0.6659426689147949,0.4813980162143707,0.775765061378479,-0.07476232200860977,0.6167319416999817
99,3.3,0.5251656770706177,0.18902286887168884,-0.07132550328969955,0.999913215637207,0.5395105481147766,0.26930999755859375,0.022637441754341125,0.9997597932815552,0.48861393332481384,0.2540380656719208,0.02194846421480179,0.9996476173400879,0.5279557108879089,0.2792346477508545,-0.0508226677775383,0.732576310634613,0.47528353333473206,0.1738540381193161,-0.020852845162153244,0.5185952186584473,0.5223449468612671,0.24760791659355164,-0.1286148726940155,0.6726628541946411,0.4891142249107361,0.12569846212863922,-0.010867617093026638,0.6423453688621521,0.523284375667572,0.4504203796386719,0.0024698576889932156,0.9999269247055054,0.4919703006744385,0.44914087653160095,-0.0026065127458423376,0.9999221563339233,0.5221954584121704,0.5949938297271729,-0.02230118401348591,0.7238426208496094,0.49750298261642456,0.5886163711547852,-0.06659185886383057,0.48125049471855164,0.5410491824150085,0.7227081060409546,0.07779698073863983,0.5798987150192261,0.48765239119529724,0.7434262037277222,-0.011682873591780663,0.5504302978515625,0.5440263748168945,0.7655540704727173,0.017460618168115616,0.6193180680274963,0.47517165541648865,0.786944568157196,-0.08396779000759125,0.5899239778518677
100,3.3333333333333335,0.5084681510925293,0.16054044663906097,-0.16630956530570984,0.999904990196228,0.5312143564224243,0.26807552576065063,-0.11006908118724823,0.9997817277908325,0.4841012954711914,0.24770712852478027,0.028080198913812637,0.9996660947799683,0.5233800411224365,0.3854402005672455,-0.1318265050649643,0.754369854927063,0.47274765372276306,0.33157771825790405,0.025375429540872574,0.4938852787017822,0.5279085636138916,0.4595537483692169,-0.13792884349822998,0.69630366563797,0.4847961366176605,0.4349982738494873,-0.07864543050527573,0.6136862635612488,0.516279935836792,0.45789217948913574,-0.03482545167207718,0.9999329447746277,0.4862552583217621,0.44945523142814636,0.03479064255952835,0.9999279975891113,0.5114364624023438,0.6011772751808167,-0.13635636866092682,0.7508631348609924,0.47758302092552185,0.5716175436973572,-0.10133490711450577,0.528853714466095,0.49709248542785645,0.75006502866745,-0.025932062417268753,0.621338427066803,0.48861321806907654,0.6825117468833923,0.011313768103718758,0.5899389982223511,0.4956226348876953,0.8019304871559143,-0.11069411039352417,0.6565830707550049,0.48046526312828064,0.7373226881027222,-0.04936280474066734,0.6261048913002014
101,3.3666666666666667,0.5087619423866272,0.16019539535045624,-0.11896045506000519,0.9999134540557861,0.5290988683700562,0.26033976674079895,-0.08918061852455139,0.9997949004173279,0.48442214727401733,0.2375183254480362,0.03448280319571495,0.9996752142906189,0.5133824348449707,0.3695570230484009,-0.07780806720256805,0.7458785176277161,0.48091697692871094,0.23314285278320312,0.07423525303602219,0.5185117721557617,0.5205199122428894,0.4263807535171509,-0.09882549941539764,0.6864752173423767,0.4949363172054291,0.1595599353313446,0.07985581457614899,0.6382707357406616,0.5167720913887024,0.4501565396785736,-0.034321822226047516,0.9999374151229858,0.486542284488678,0.4467392861843109,0.034318260848522186,0.9999335408210754,0.5273692011833191,0.6017772555351257,-0.09206860512495041,0.7731724381446838,0.48048290610313416,0.5792989730834961,-0.04200807213783264,0.5701013207435608,0.5240828394889832,0.7272285223007202,0.039975207298994064,0.6551343202590942,0.48941904306411743,0.6914660930633545,0.055219195783138275,0.6269721984863281,0.5171700716018677,0.781798243522644,-0.008038663305342197,0.6866679787635803,0.4756293296813965,0.7432530522346497,0.007705852389335632,0.6590543389320374
102,3.4,0.5083562731742859,0.1397157907485962,-0.16451013088226318,0.999817967414856,0.5267239809036255,0.25876572728157043,-0.09961375594139099,0.9997855424880981,0.481304407119751,0.21826252341270447,-0.007658266928046942,0.9994346499443054,0.5092004537582397,0.36933544278144836,-0.09184864908456802,0.7266340255737305,0.4864770472049713,0.2147240936756134,-0.05222056061029434,0.4805227816104889,0.5031508207321167,0.4039568305015564,-0.1248132586479187,0.6480380296707153,0.5041905045509338,0.1610272079706192,-0.15367238223552704,0.5855265855789185,0.5133150219917297,0.43070223927497864,-0.03267316147685051,0.9999409914016724,0.47975611686706543,0.418978214263916,0.032676443457603455,0.9999367594718933,0.5234585404396057,0.5736690163612366,-0.12736466526985168,0.7902328968048096,0.4713827967643738,0.5163845419883728,-0.11884278059005737,0.5986733436584473,0.5387852787971497,0.6981585025787354,0.013964389450848103,0.6814053654670715,0.4720454216003418,0.6159300208091736,-0.029603421688079834,0.6552749276161194,0.5346187353134155,0.7726888656616211,-0.04632681980729103,0.7061313986778259,0.4620961546897888,0.6849299669265747,-0.09387098997831345,0.6820324659347534
103,3.433333333333333,0.5074766874313354,0.14254549145698547,-0.13807973265647888,0.9997641444206238,0.5271849036216736,0.26033028960227966,-0.09095820039510727,0.9997899532318115,0.4883018434047699,0.21794827282428741,0.04054125025868416,0.9992964267730713,0.49176159501075745,0.38673073053359985,-0.09650114178657532,0.7427319288253784,0.498471200466156,0.18920031189918518,0.09368206560611725,0.45202672481536865,0.4529816210269928,0.43981292843818665,-0.07117781043052673,0.6724545359611511,0.5035346746444702,0.11560219526290894,0.11659278720617294,0.5896642804145813,0.5139967799186707,0.4337069094181061,-0.03725508600473404,0.9999448657035828,0.4807552397251129,0.41744551062583923,0.03730851039290428,0.9999406337738037,0.5207592248916626,0.5779070258140564,-0.09250731766223907,0.8095942139625549,0.4727303981781006,0.48040953278541565,-0.17637556791305542,0.6373370885848999,0.5332486629486084,0.6996346116065979,0.030624384060502052,0.7126438021659851,0.47892099618911743,0.6266058683395386,-0.0918552428483963,0.6886763572692871,0.5257527232170105,0.7704449892044067,-0.03552260249853134,0.7345868349075317,0.45893773436546326,0.6748983860015869,-0.1519542932510376,0.7128467559814453
104,3.466666666666667,0.5023293495178223,0.15079620480537415,-0.07672072947025299,0.9982318878173828,0.5196199417114258,0.23961108922958374,-0.078493133187294,0.9994898438453674,0.4784640669822693,0.22833950817584991,0.06164078786969185,0.9976242184638977,0.5026749968528748,0.2274959534406662,-0.11454818397760391,0.7472224235534668,0.4909045100212097,0.20620691776275635,0.05869724228978157,0.41624966263771057,0.49603453278541565,0.13878385722637177,-0.10574473440647125,0.6774827837944031,0.501534104347229,0.14434345066547394,0.02670893445611,0.5507044792175293,0.5059065222740173,0.45000967383384705,-0.036733679473400116,0.9999339580535889,0.4745151400566101,0.43153971433639526,0.03675047308206558,0.9999249577522278,0.49809589982032776,0.580847442150116,-0.03916468098759651,0.8010745644569397,0.47283920645713806,0.48118120431900024,-0.1807238608598709,0.6544248461723328,0.4932122230529785,0.7043976783752441,0.07184743881225586,0.7307857871055603,0.4651802182197571,0.6139037609100342,-0.1483149379491806,0.708794355392456,0.48101606965065,0.7545597553253174,-0.007315952330827713,0.7486910820007324,0.44939905405044556,0.649606466293335,-0.23302295804023743,0.7325301766395569
105,3.5,0.47975578904151917,0.1726897805929184,-0.0743560791015625,0.9983049631118774,0.5174769163131714,0.2366964966058731,-0.03905465453863144,0.9992444515228271,0.46896713972091675,0.23817910254001617,0.06371785700321198,0.9968346357345581,0.5074468851089478,0.19887377321720123,-0.09488997608423233,0.7558034062385559,0.48881569504737854,0.21686287224292755,0.042275696992874146,0.38048532605171204,0.5065506100654602,0.14459596574306488,-0.07070399820804596,0.646844208240509,0.49793219566345215,0.16333416104316711,-0.01632842794060707,0.5020119547843933,0.504395604133606,0.45767271518707275,-0.02311837114393711,0.9998982548713684,0.46693235635757446,0.43463006615638733,0.023117605596780777,0.9998887777328491,0.5005342364311218,0.5976460576057434,-0.03334910050034523,0.7880279421806335,0.4686221480369568,0.4186409115791321,-0.2872438132762909,0.6789780855178833,0.5007137060165405,0.7180454730987549,0.08229408413171768,0.7327538132667542,0.45904412865638733,0.610588014125824,-0.2401270866394043,0.7233579754829407,0.49055781960487366,0.7589775919914246,0.007937552407383919,0.7458462119102478,0.4493701457977295,0.6539919376373291,-0.3149009943008423,0.7484914660453796
106,3.533333333333333,0.4468922019004822,0.20059797167778015,-0.28073880076408386,0.9980401992797852,0.48965686559677124,0.23785468935966492,-0.15641753375530243,0.9992417693138123,0.4264518618583679,0.27024275064468384,-0.12672220170497894,0.997111976146698,0.5094166994094849,0.1783326268196106,-0.26790907979011536,0.7606064677238464,0.4133512079715729,0.37123459577560425,-0.13526466488838196,0.38438183069229126,0.517188310623169,0.07943636178970337,-0.4002326428890228,0.6654455661773682,0.4240545630455017,0.45752784609794617,-0.2060539722442627,0.5234014391899109,0.4821661412715912,0.43590638041496277,-0.011177531443536282,0.999893844127655,0.4472637176513672,0.43432047963142395,0.01102698314934969,0.9998909831047058,0.4976763129234314,0.5593701004981995,0.002638372825458646,0.7747732996940613,0.45619750022888184,0.47545239329338074,-0.17194178700447083,0.6928904056549072,0.5290623903274536,0.653995156288147,0.1073446124792099,0.7465699911117554,0.4603051543235779,0.6312909722328186,-0.11166880279779434,0.7380142211914062,0.5319825410842896,0.7009404301643372,0.03713414818048477,0.7578161358833313,0.4552680552005768,0.6760194301605225,-0.18463853001594543,0.7602711915969849
107,3.566666666666667,0.4434282183647156,0.20028559863567352,-0.2753918170928955,0.998149037361145,0.49238333106040955,0.23748242855072021,-0.17116625607013702,0.9992691874504089,0.42517369985580444,0.27886712551116943,-0.10077444463968277,0.9973885416984558,0.5113451480865479,0.17375685274600983,-0.2892276644706726,0.7751780152320862,0.41268888115882874,0.3827471435070038,-0.09039865434169769,0.40091198682785034,0.5187494158744812,0.07721744477748871,-0.40880781412124634,0.6920930743217468,0.4200648367404938,0.46741679310798645,-0.15739578008651733,0.5596320033073425,0.48606523871421814,0.43058204650878906,-0.01651063561439514,0.9998937249183655,0.4517085552215576,0.4294092059135437,0.016387347131967545,0.999896228313446,0.4976934790611267,0.5644835233688354,-0.035412371158599854,0.7780658006668091,0.44932588934898376,0.4848456382751465,-0.19591709971427917,0.7169010639190674,0.5327885746955872,0.6480763554573059,0.0840928927063942,0.7644182443618774,0.457240492105484,0.6342326402664185,-0.1054190993309021,0.755711555480957,0.5272387266159058,0.7091031670570374,0.01170792244374752,0.77419513463974,0.45689478516578674,0.6826086044311523,-0.17267252504825592,0.7768892645835876
108,3.6,0.44661277532577515,0.19726762175559998,-0.19875790178775787,0.9977989196777344,0.4982290267944336,0.22024618089199066,-0.12460215389728546,0.9992754459381104,0.4425031542778015,0.26388928294181824,-0.05254850909113884,0.9975395202636719,0.5138410329818726,0.16508518159389496,-0.21412336826324463,0.7853564023971558,0.4262002110481262,0.32989785075187683,-0.07349583506584167,0.3841922879219055,0.5187510251998901,0.07318782061338425,-0.30236586928367615,0.7179239988327026,0.44375258684158325,0.3621884286403656,-0.1673208773136139,0.5550038814544678,0.48960742354393005,0.4257690906524658,-0.01716492883861065,0.9998655319213867,0.4534263610839844,0.4182858467102051,0.017069580033421516,0.9998762011528015,0.4994482100009918,0.5593879818916321,-0.02064933255314827,0.7684240937232971,0.45151934027671814,0.48257678747177124,-0.16848528385162354,0.7348671555519104,0.5305399298667908,0.6590725183486938,0.10733900219202042,0.7769953608512878,0.4578591287136078,0.6384785771369934,-0.0878349095582962,0.7703825831413269,0.5259509682655334,0.7042367458343506,0.026817545294761658,0.7857359051704407,0.4566715657711029,0.6840894222259521,-0.1608888953924179,0.7914125323295593
109,3.6333333333333333,0.4446161687374115,0.1949550062417984,-0.22644288837909698,0.9973264336585999,0.5039135217666626,0.21892739832401276,-0.14902138710021973,0.9992713928222656,0.4493183195590973,0.26203539967536926,-0.08342517167329788,0.9976871013641357,0.5150195360183716,0.1756242960691452,-0.23277337849140167,0.7883771061897278,0.4364229142665863,0.32759588956832886,-0.09974160045385361,0.37222060561180115,0.5181490778923035,0.07409540563821793,-0.3165411949157715,0.7365666627883911,0.44604095816612244,0.3640052378177643,-0.18946482241153717,0.5550252795219421,0.4937216341495514,0.41931724548339844,-0.017844805493950844,0.9998279213905334,0.4565545618534088,0.41156286001205444,0.01774667389690876,0.999851405620575,0.5004860162734985,0.5544385313987732,-0.017989808693528175,0.748685359954834,0.4516233503818512,0.4807634651660919,-0.1438416689634323,0.7377631664276123,0.5344060659408569,0.6662702560424805,0.08026786148548126,0.7873106598854065,0.4575762152671814,0.6393463015556335,-0.06478362530469894,0.773878276348114,0.5238319635391235,0.7094340324401855,0.0016488948604092002,0.7942594885826111,0.45676150918006897,0.6835207343101501,-0.1412554234266281,0.796447217464447
110,3.6666666666666665,0.45643773674964905,0.2190982848405838,-0.2813172936439514,0.9974809288978577,0.502705454826355,0.2620388865470886,-0.20440168678760529,0.9993113875389099,0.44434380531311035,0.2931678891181946,-0.11539150774478912,0.9978938102722168,0.5156041383743286,0.19035135209560394,-0.31951895356178284,0.793486475944519,0.4343779981136322,0.38137003779411316,-0.13422280550003052,0.3684898018836975,0.5227182507514954,0.09482359141111374,-0.44341397285461426,0.7363874912261963,0.44160327315330505,0.45405787229537964,-0.21600134670734406,0.5319787263870239,0.48975902795791626,0.4227485656738281,-0.03332151472568512,0.9998394846916199,0.46064987778663635,0.435086190700531,0.03303934261202812,0.9998614192008972,0.4676803946495056,0.5182660222053528,-0.20616094768047333,0.7702363133430481,0.459648996591568,0.5319035053253174,0.03220332786440849,0.7350778579711914,0.526390790939331,0.6138265132904053,-0.06028149649500847,0.7976787090301514,0.4607152044773102,0.6715915203094482,0.13438494503498077,0.7890123724937439,0.5244726538658142,0.6885428428649902,-0.1068653091788292,0.8052308559417725,0.45476865768432617,0.7247242331504822,0.07821065187454224,0.8065189123153687
111,3.7,0.4608420431613922,0.21763953566551208,-0.23748140037059784,0.9975079298019409,0.5017393827438354,0.2680891752243042,-0.1767028570175171,0.9993401169776917,0.4452337622642517,0.294160395860672,-0.08986091613769531,0.9980562329292297,0.5156406164169312,0.18335562944412231,-0.2668355107307434,0.7927432060241699,0.43586182594299316,0.3834526538848877,-0.11185641586780548,0.353723406791687,0.5222707986831665,0.10040746629238129,-0.3631080985069275,0.7328842878341675,0.44411295652389526,0.4500056803226471,-0.19439807534217834,0.4969232380390167,0.48941493034362793,0.43713289499282837,-0.03795454651117325,0.999846339225769,0.46285924315452576,0.44429922103881836,0.037660662084817886,0.9998652338981628,0.4608705937862396,0.5123854875564575,-0.20841452479362488,0.7887417674064636,0.4661538004875183,0.541629433631897,0.06082196906208992,0.718907356262207,0.5168784856796265,0.6133901476860046,-0.0786362737417221,0.8052934408187866,0.4624832570552826,0.6799816489219666,0.14710699021816254,0.7988265752792358,0.5223667025566101,0.6848616600036621,-0.12147121131420135,0.8144596815109253,0.454036146402359,0.7310762405395508,0.09622669219970703,0.812112033367157
112,3.7333333333333334,0.46282848715782166,0.21934117376804352,-0.24098940193653107,0.9976094365119934,0.5023764371871948,0.2751741111278534,-0.1784537434577942,0.9993718862533569,0.4434654116630554,0.29654595255851746,-0.09166572988033295,0.9982321262359619,0.5157604217529297,0.19025954604148865,-0.27972471714019775,0.7929080724716187,0.43639397621154785,0.38695433735847473,-0.1059289202094078,0.3457323908805847,0.5235733389854431,0.10601673275232315,-0.39070332050323486,0.7308391332626343,0.44296854734420776,0.45654264092445374,-0.18249203264713287,0.4828489422798157,0.4893340468406677,0.4429880380630493,-0.03946966677904129,0.9998561143875122,0.4633583128452301,0.4483327269554138,0.03918128088116646,0.9998741149902344,0.45979493856430054,0.5127688050270081,-0.19780060648918152,0.8057751655578613,0.4679346978664398,0.5385034680366516,0.03820781037211418,0.713178277015686,0.5149432420730591,0.6095572710037231,-0.07924092561006546,0.8153175711631775,0.4654272496700287,0.6847692131996155,0.10511225461959839,0.8114197254180908,0.5213490724563599,0.684264063835144,-0.12169070541858673,0.8255129456520081,0.45465365052223206,0.7347767949104309,0.050851888954639435,0.8217552900314331
113,3.7666666666666666,0.4624583125114441,0.2205202281475067,-0.22712251543998718,0.9977200031280518,0.49971452355384827,0.2723540961742401,-0.16053174436092377,0.9994107484817505,0.4435104727745056,0.295889288187027,-0.0757637470960617,0.998395562171936,0.5157862901687622,0.19244244694709778,-0.25325116515159607,0.8003050684928894,0.437582403421402,0.3826991617679596,-0.09349844604730606,0.3403902053833008,0.5246390700340271,0.1009562611579895,-0.35949093103408813,0.7404302358627319,0.4433688223361969,0.45791926980018616,-0.17752769589424133,0.47551581263542175,0.4888935089111328,0.44419342279434204,-0.039826564490795135,0.9998677372932434,0.4640457034111023,0.44857296347618103,0.039538681507110596,0.9998844265937805,0.4598556458950043,0.5147814750671387,-0.18837882578372955,0.8233656883239746,0.4687682092189789,0.5392758846282959,0.03412680700421333,0.7247391939163208,0.5138715505599976,0.6090970635414124,-0.08208274096250534,0.8299064040184021,0.4674904942512512,0.6874399185180664,0.08000411093235016,0.8274650573730469,0.5207931995391846,0.6847018003463745,-0.1265592873096466,0.8396307826042175,0.4551545977592468,0.735788106918335,0.020624881610274315,0.8358069658279419
126,4.2,0.5733356475830078,0.28114986419677734,-0.2975906431674957,0.9979467988014221,0.6004931926727295,0.36206623911857605,-0.1222812682390213,0.9994691610336304,0.5365556478500366,0.3169596195220947,-0.15970663726329803,0.9985509514808655,0.6113137006759644,0.45759278535842896,-0.081519715487957,0.8193426132202148,0.519493818283081,0.39756566286087036,-0.21580210328102112,0.3937372863292694,0.5882967710494995,0.5414215326309204,-0.13046570122241974,0.7659046649932861,0.5243843197822571,0.43336790800094604,-0.3344790041446686,0.5200656652450562,0.5585891604423523,0.4959384500980377,0.020444946363568306,0.9998708367347717,0.5243141055107117,0.48529350757598877,-0.020535649731755257,0.9998812675476074,0.5832148194313049,0.5862728357315063,0.005065078381448984,0.8194107413291931,0.49701815843582153,0.5915232300758362,-0.07900379598140717,0.7420048713684082,0.5709656476974487,0.6619052290916443,0.15134306252002716,0.8203687071800232,0.4864562153816223,0.6870639324188232,0.0605328306555748,0.8278568983078003,0.5778934955596924,0.6870813369750977,0.09344317018985748,0.8287566304206848,0.47704657912254333,0.7188811302185059,0.0007665178854949772,0.8277161121368408
127,4.233333333333333,0.562849223613739,0.29459333419799805,-0.15496276319026947,0.9981496334075928,0.5736446380615234,0.37246620655059814,-0.03482448309659958,0.9995211362838745,0.5218271017074585,0.33053022623062134,-0.042722176760435104,0.9986416101455688,0.6023050546646118,0.455459862947464,-0.00929541327059269,0.8359348177909851,0.5114311575889587,0.3757227063179016,-0.10226627439260483,0.4081232249736786,0.5873674154281616,0.5410080552101135,-0.05812685936689377,0.7881988286972046,0.5101193785667419,0.34613874554634094,-0.20985612273216248,0.5491035580635071,0.5255395174026489,0.5170300602912903,0.01239395048469305,0.9998753070831299,0.49325862526893616,0.4994441568851471,-0.012502755038440228,0.9998668432235718,0.5271677374839783,0.6474943161010742,0.014091852121055126,0.8009896874427795,0.47734683752059937,0.6336134076118469,-0.018476979807019234,0.7212327718734741,0.4969937205314636,0.7439073324203491,0.13964024186134338,0.7842550277709961,0.4657338559627533,0.7448329329490662,0.08310393989086151,0.7977002859115601,0.4867856502532959,0.7774119973182678,0.08688478171825409,0.7844181060791016,0.4557154178619385,0.7724490761756897,0.03124098852276802,0.7857842445373535
128,4.266666666666667,0.5403033494949341,0.3694303333759308,-0.3705788850784302,0.9983341693878174,0.5719929933547974,0.38966110348701477,-0.22209298610687256,0.9995689988136292,0.5144318342208862,0.38146811723709106,-0.22095021605491638,0.9987749457359314,0.6131153702735901,0.461217999458313,-0.19205619394779205,0.8521406054496765,0.5080756545066833,0.4580364525318146,-0.21701864898204803,0.43976613879203796,0.593774139881134,0.5487896203994751,-0.2452656328678131,0.8091883063316345,0.5026412010192871,0.5446112155914307,-0.27673062682151794,0.5656728148460388,0.5311188101768494,0.4934811592102051,0.007590857334434986,0.9998863339424133,0.5002373456954956,0.48199570178985596,-0.007746865041553974,0.9998757243156433,0.5294678807258606,0.6243807077407837,-0.010945642367005348,0.8000712990760803,0.48045939207077026,0.6226431131362915,-0.024230031296610832,0.719858705997467,0.4999471604824066,0.7100836634635925,0.1251731961965561,0.7729986310005188,0.4720648229122162,0.7144843935966492,0.10851265490055084,0.7859739661216736,0.5002730488777161,0.7474877238273621,0.0729677826166153,0.7703363299369812,0.4615356922149658,0.7429405450820923,0.06141268089413643,0.7703873515129089
129,4.3,0.5507156848907471,0.35756027698516846,-0.3492332100868225,0.9985005855560303,0.5789324641227722,0.397293359041214,-0.17450599372386932,0.999612033367157,0.5184659361839294,0.3744452893733978,-0.1822827011346817,0.9988957047462463,0.618876576423645,0.46792665123939514,-0.15544910728931427,0.8661379814147949,0.5099121332168579,0.4504326283931732,-0.1984839290380478,0.4638519883155823,0.598077118396759,0.551119327545166,-0.20791923999786377,0.8275666832923889,0.5035576224327087,0.5468569397926331,-0.273757666349411,0.5797948241233826,0.5356764793395996,0.49598193168640137,-0.0006682303501293063,0.9998944997787476,0.5052936673164368,0.4735845923423767,0.00044911500299349427,0.9998782277107239,0.5425275564193726,0.5814875364303589,-0.019093390554189682,0.7802572846412659,0.48291197419166565,0.4488218128681183,-0.020622361451387405,0.6669109463691711,0.5158600211143494,0.6260406970977783,0.10826126486063004,0.7180927395820618,0.4768141806125641,0.4521978497505188,0.0721864253282547,0.7142534852027893,0.5169781446456909,0.6536889672279358,0.07697781920433044,0.7163388133049011,0.4654563367366791,0.43947911262512207,0.042210765182971954,0.7037029266357422
130,4.333333333333333,0.5432792901992798,0.40103262662887573,-0.3295702636241913,0.9985988736152649,0.5694185495376587,0.4346851706504822,-0.1604604870080948,0.9996497631072998,0.5089829564094543,0.404084175825119,-0.14684920012950897,0.9989795684814453,0.5905889868736267,0.491163432598114,-0.14949364960193634,0.8769127726554871,0.4885307848453522,0.45725148916244507,-0.14937226474285126,0.4650208055973053,0.6027315855026245,0.5707017183303833,-0.23443536460399628,0.8408716320991516,0.4857316017150879,0.49772313237190247,-0.24079065024852753,0.5803952813148499,0.5195859670639038,0.5634391903877258,-0.004522194154560566,0.9998917579650879,0.48837995529174805,0.5417328476905823,0.004363360349088907,0.9998621344566345,0.5091825723648071,0.7029513120651245,-0.017208557575941086,0.776447057723999,0.4687758982181549,0.6693062782287598,-0.02007625624537468,0.6676357984542847,0.48313313722610474,0.8201680779457092,0.06478790938854218,0.7235661149024963,0.4541786313056946,0.7958106398582458,0.06217262148857117,0.718460738658905,0.4775434136390686,0.8604117631912231,-0.017754243686795235,0.7162939310073853,0.4414117932319641,0.8281213641166687,-0.010078533552587032,0.7015756964683533
131,4.366666666666666,0.5410918593406677,0.39772915840148926,-0.12064067274332047,0.9985633492469788,0.5649241805076599,0.4557059407234192,-0.02237549237906933,0.9996756315231323,0.5130587816238403,0.41489511728286743,-0.008153693750500679,0.9990479946136475,0.5788459777832031,0.5119649767875671,-0.035805586725473404,0.868687629699707,0.490405797958374,0.4440669119358063,-0.04712884873151779,0.4595135748386383,0.5982699394226074,0.5707480311393738,-0.12653876841068268,0.8387499451637268,0.49272188544273376,0.48318201303482056,-0.1619766801595688,0.5718262195587158,0.5180201530456543,0.5862905979156494,-0.0001867018872871995,0.9998743534088135,0.48697763681411743,0.5631197690963745,4.724980317405425e-05,0.9998343586921692,0.5128618478775024,0.7299348711967468,-0.04364972189068794,0.7330857515335083,0.464627742767334,0.7012972831726074,-0.030082520097494125,0.6207544803619385,0.4953964352607727,0.8448764085769653,0.04217037931084633,0.6837038397789001,0.45244842767715454,0.7993013262748718,0.06399738788604736,0.6606545448303223,0.488800048828125,0.882717490196228,-0.03962497040629387,0.6745776534080505,0.44542765617370605,0.8366138935089111,-0.0019438660237938166,0.6441567540168762
132,4.4,0.5375795364379883,0.46491530537605286,-0.5729924440383911,0.998706579208374,0.5552655458450317,0.4325452446937561,-0.35887381434440613,0.9997079968452454,0.48516687750816345,0.44275420904159546,-0.4209972023963928,0.9991415739059448,0.5718573331832886,0.5178224444389343,-0.31427621841430664,0.8794442415237427,0.49158674478530884,0.5677242279052734,-0.43065494298934937,0.5119621753692627,0.5904686450958252,0.5976967215538025,-0.3670983910560608,0.853143036365509,0.49560290575027466,0.6853414177894592,-0.48644524812698364,0.6118560433387756,0.5182267427444458,0.49663665890693665,0.016056643798947334,0.9998859167098999,0.4800289571285248,0.5154208540916443,-0.016205068677663803,0.9998490810394287,0.528361439704895,0.6712669730186462,-0.026930078864097595,0.7488093376159668,0.4972824454307556,0.6538217067718506,0.021632837131619453,0.6327341794967651,0.5437938570976257,0.7336819767951965,0.15917757153511047,0.7062252163887024,0.47503408789634705,0.7633923888206482,0.23494473099708557,0.6861531138420105,0.5582346320152283,0.77452152967453,0.0941832885146141,0.7024993896484375,0.4775283932685852,0.7856900691986084,0.18001456558704376,0.6702994108200073
133,4.433333333333334,0.5315561294555664,0.4541611671447754,-0.575971782207489,0.9988357424736023,0.5484439134597778,0.4215554893016815,-0.35903456807136536,0.9997371435165405,0.4805295467376709,0.4460369646549225,-0.40932536125183105,0.9992265701293945,0.5738040208816528,0.505090057849884,-0.30440187454223633,0.8901953101158142,0.4912177622318268,0.5633516907691956,-0.41878119111061096,0.5597735643386841,0.5905112624168396,0.5900000929832458,-0.3379764258861542,0.8661410808563232,0.490898996591568,0.6746392250061035,-0.481607586145401,0.6497693061828613,0.5157133340835571,0.4890327453613281,0.01617586985230446,0.9998958110809326,0.4774259626865387,0.5067751407623291,-0.016323227435350418,0.9998613595962524,0.5412305593490601,0.6642641425132751,-0.06902147829532623,0.7669034004211426,0.49423742294311523,0.6431002020835876,-0.011346714571118355,0.6515074372291565,0.5462159514427185,0.744134783744812,0.05117211490869522,0.7288511395454407,0.46331652998924255,0.7377147078514099,0.20216521620750427,0.7093258500099182,0.5600714683532715,0.7807713747024536,-0.024441499263048172,0.7297075390815735,0.4592718482017517,0.7713223695755005,0.1534038782119751,0.6937512159347534
134,4.466666666666667,0.5328047871589661,0.4408937096595764,-0.5864102840423584,0.9989517331123352,0.5450507402420044,0.41745704412460327,-0.33268290758132935,0.999763011932373,0.4818238317966461,0.46403610706329346,-0.4176620841026306,0.9993003010749817,0.5716791152954102,0.4618850350379944,-0.261964350938797,0.8751363754272461,0.49173569679260254,0.5605378150939941,-0.4134693741798401,0.593143105506897,0.5765528082847595,0.49080517888069153,-0.29831284284591675,0.8455966711044312,0.5078302621841431,0.6282946467399597,-0.45735517144203186,0.6692174077033997,0.5120781064033508,0.49689561128616333,0.03029421903192997,0.9999026656150818,0.47394442558288574,0.5172839164733887,-0.030372286215424538,0.9998695254325867,0.5471125841140747,0.6419652104377747,-0.0007664734730497003,0.7223433256149292,0.5078089237213135,0.6437309980392456,-0.0377475880086422,0.6183637976646423,0.5485014319419861,0.7468056678771973,0.146914541721344,0.7053788304328918,0.5075904130935669,0.7494807839393616,0.14894649386405945,0.6894333958625793,0.5691287517547607,0.787708044052124,0.08015373349189758,0.7112547755241394,0.5212523341178894,0.7917211651802063,0.09431377798318863,0.66973477602005
135,4.5,0.53378826379776,0.43782737851142883,-0.5656208992004395,0.9990562796592712,0.547197163105011,0.4152311682701111,-0.32741212844848633,0.9997866153717041,0.48194828629493713,0.45894867181777954,-0.41042906045913696,0.9993658065795898,0.5737187266349792,0.47039905190467834,-0.2621954083442688,0.8846333026885986,0.4907962679862976,0.5534420013427734,-0.41602596640586853,0.6298524737358093,0.5794583559036255,0.5536645650863647,-0.3032936453819275,0.8582454919815063,0.5101966857910156,0.6216513514518738,-0.4551008343696594,0.6938145160675049,0.5100269913673401,0.5003827810287476,0.03182656317949295,0.9999099969863892,0.4735857844352722,0.5226698517799377,-0.03195583075284958,0.9998757839202881,0.541519284248352,0.6359632611274719,0.004602969624102116,0.7243508696556091,0.5091753602027893,0.6380305886268616,-0.03017633780837059,0.6252079606056213,0.5374568700790405,0.750500500202179,0.1516624540090561,0.7164595723152161,0.5000008940696716,0.7393455505371094,0.1665409803390503,0.6992883682250977,0.5587184429168701,0.7932451963424683,0.09188592433929443,0.7260532379150391,0.5107370615005493,0.781863808631897,0.12599895894527435,0.6797679662704468
136,4.533333333333333,0.5343175530433655,0.4422527849674225,-0.48689836263656616,0.9991135597229004,0.5349369645118713,0.4435558617115021,-0.23974259197711945,0.9998053312301636,0.48686227202415466,0.46333932876586914,-0.31738200783729553,0.9993264675140381,0.5474351644515991,0.5145094990730286,-0.22501900792121887,0.8542901873588562,0.4992945194244385,0.5404663681983948,-0.3988894820213318,0.6042755842208862,0.5487189888954163,0.5777892470359802,-0.26901015639305115,0.8514279723167419,0.5265624523162842,0.5911800265312195,-0.33378568291664124,0.6650212407112122,0.49706682562828064,0.5632017850875854,0.02752874791622162,0.9998391270637512,0.46779441833496094,0.5687127709388733,-0.02762928605079651,0.9997550845146179,0.5354754328727722,0.6057564616203308,-0.07031116634607315,0.7000490427017212,0.48682302236557007,0.5548228621482849,-0.23471300303936005,0.6378237009048462,0.5202171802520752,0.7398889064788818,0.09023773670196533,0.7037913203239441,0.46281200647354126,0.6951768398284912,-0.05423988774418831,0.6932283043861389,0.52731853723526,0.7657550573348999,0.026383602991700172,0.7098708748817444,0.4579898715019226,0.727777361869812,-0.10897161811590195,0.6703430414199829
137,4.566666666666666,0.5341572165489197,0.4451045095920563,-0.451648473739624,0.9992015361785889,0.5267336368560791,0.4585987627506256,-0.26320287585258484,0.9998239874839783,0.4904845356941223,0.4711271822452545,-0.3192392885684967,0.999332070350647,0.5452684164047241,0.5556180477142334,-0.21984586119651794,0.8442815542221069,0.5082372426986694,0.5258470773696899,-0.3297823667526245,0.5687115788459778,0.5418967604637146,0.612129807472229,-0.2710973620414734,0.8479665517807007,0.5295217633247375,0.5455319881439209,-0.2811511158943176,0.6262909173965454,0.48995456099510193,0.564921498298645,0.027020534500479698,0.9998344779014587,0.47256970405578613,0.5732055902481079,-0.027108022943139076,0.999748945236206,0.4946597218513489,0.6106608510017395,0.1943425089120865,0.6424826383590698,0.4899013638496399,0.5790833234786987,0.108884796500206,0.5918468236923218,0.46800923347473145,0.7036760449409485,0.3815562129020691,0.6731640100479126,0.4643549919128418,0.7012384533882141,0.29606783390045166,0.6738764643669128,0.4622608721256256,0.719771683216095,0.3386426866054535,0.6889240145683289,0.4682280421257019,0.735630452632904,0.25383344292640686,0.6536481976509094
138,4.6,0.5228205919265747,0.4731365144252777,-0.5248512029647827,0.9992742538452148,0.5391680002212524,0.4660226106643677,-0.279117226600647,0.9998403191566467,0.47425252199172974,0.47544753551483154,-0.3483009338378906,0.9993882179260254,0.5543187856674194,0.5739412903785706,-0.2713388204574585,0.8276358246803284,0.4531984329223633,0.5917912125587463,-0.36597540974617004,0.587439775466919,0.55516517162323,0.6564406752586365,-0.36203688383102417,0.8283205032348633,0.4545466899871826,0.7072367072105408,-0.42788320779800415,0.6167860627174377,0.4999108910560608,0.5717803835868835,0.029983457177877426,0.9998235106468201,0.46613892912864685,0.5877929925918579,-0.030053799971938133,0.9997401237487793,0.5430113077163696,0.6150977611541748,-0.041960980743169785,0.6490084528923035,0.4901627004146576,0.6481144428253174,-0.1898171752691269,0.6108585000038147,0.5307149887084961,0.7180135250091553,0.09773065149784088,0.6927277445793152,0.4919520914554596,0.7487865090370178,0.009441552683711052,0.687299907207489,0.5514642596244812,0.7279898524284363,0.006217912305146456,0.7103906273841858,0.5021962523460388,0.7699470520019531,-0.07144400477409363,0.6688160300254822
139,4.633333333333334,0.5202620029449463,0.47520920634269714,-0.5560581684112549,0.9993457198143005,0.5434085130691528,0.4787670075893402,-0.30545946955680847,0.9998559355735779,0.47086000442504883,0.45898720622062683,-0.3687267303466797,0.9994472861289978,0.560273289680481,0.5864146947860718,-0.2862919270992279,0.838322103023529,0.45146551728248596,0.578691840171814,-0.3811297118663788,0.6230772733688354,0.577178955078125,0.6504076719284058,-0.38080233335494995,0.8374292850494385,0.453754723072052,0.7006187438964844,-0.45601344108581543,0.623271644115448,0.5031034350395203,0.6021020412445068,0.029732799157500267,0.9998323917388916,0.4621250033378601,0.5950258374214172,-0.02985513210296631,0.999758243560791,0.5274720191955566,0.7449674010276794,-0.003521351143717766,0.6743612885475159,0.4411744177341461,0.7220157384872437,-0.10083918273448944,0.6454269289970398,0.5314683318138123,0.832602858543396,0.20614758133888245,0.709827721118927,0.41816359758377075,0.8290297389030457,0.11611606180667877,0.710738480091095,0.5456275343894958,0.8617482781410217,0.12558183073997498,0.7283948659896851,0.41192787885665894,0.8756585717201233,-0.014414304867386818,0.6913232207298279
140,4.666666666666667,0.5101581811904907,0.4704984128475189,-0.5109538435935974,0.9993869662284851,0.5412870049476624,0.480500191450119,-0.29020750522613525,0.9998670220375061,0.47789913415908813,0.4544464647769928,-0.30799150466918945,0.9994549751281738,0.5576292872428894,0.568891167640686,-0.25692811608314514,0.8155264854431152,0.5085123777389526,0.38011330366134644,-0.37907811999320984,0.6337819695472717,0.5817046165466309,0.6406179666519165,-0.35166066884994507,0.8229557871818542,0.5198608636856079,0.31106966733932495,-0.4345395565032959,0.6376714110374451,0.5028027296066284,0.6217358112335205,0.029292482882738113,0.9998222589492798,0.46241506934165955,0.6156084537506104,-0.029266882687807083,0.9997658133506775,0.5281492471694946,0.7809138894081116,0.008779999800026417,0.6588300466537476,0.46237319707870483,0.6708154678344727,-0.24990534782409668,0.6777093410491943,0.5476353764533997,0.7882792949676514,0.28307443857192993,0.6541617512702942,0.44983863830566406,0.779683530330658,-0.044104598462581635,0.7065553069114685,0.5549753904342651,0.8114140033721924,0.2668399214744568,0.6752901077270508,0.44775089621543884,0.8199292421340942,-0.0811370238661766,0.6880260705947876
141,4.7,0.5105032920837402,0.47365623712539673,-0.5166974663734436,0.9994457364082336,0.5409737825393677,0.47842609882354736,-0.32157689332962036,0.9998798966407776,0.4718104898929596,0.46085304021835327,-0.3487197458744049,0.9994730353355408,0.5510457754135132,0.5833112597465515,-0.28224489092826843,0.8312212228775024,0.5041363835334778,0.5473068356513977,-0.37790486216545105,0.655644416809082,0.5902334451675415,0.6553777456283569,-0.35051703453063965,0.8374955654144287,0.5495857000350952,0.5183313488960266,-0.4553772807121277,0.6446799635887146,0.5030009150505066,0.6250115036964417,0.020004617050290108,0.9998366832733154,0.46259886026382446,0.6211705803871155,-0.02002040296792984,0.9997838139533997,0.5306404829025269,0.791834831237793,0.07163091003894806,0.6860182881355286,0.4562769830226898,0.7384428381919861,0.09906642884016037,0.7026852965354919,0.5407865643501282,0.7949581742286682,0.3690722584724426,0.6199145317077637,0.4469919204711914,0.787885308265686,0.3682909309864044,0.6996144652366638,0.5513932704925537,0.8258347511291504,0.37909045815467834,0.6476889252662659,0.4444834291934967,0.8304160237312317,0.3703201115131378,0.6751095652580261
142,4.733333333333333,0.5056886672973633,0.47334593534469604,-0.47719040513038635,0.9987636804580688,0.5257385969161987,0.4732883870601654,-0.30484798550605774,0.9996651411056519,0.4701969623565674,0.53055739402771,-0.33073294162750244,0.997913122177124,0.5288729071617126,0.4284174144268036,-0.1990135759115219,0.7519431114196777,0.5098295211791992,0.6347516179084778,-0.3597528338432312,0.5962077975273132,0.5417865514755249,0.3835197389125824,-0.19479253888130188,0.7567182183265686,0.5502576231956482,0.5469411015510559,-0.4462603032588959,0.5863673686981201,0.49307695031166077,0.6289114952087402,0.022367559373378754,0.9998129606246948,0.4622054696083069,0.64061039686203,-0.022418342530727386,0.9997566938400269,0.5269100666046143,0.7576785683631897,0.15462429821491241,0.6196746230125427,0.46221622824668884,0.7468326091766357,0.13130006194114685,0.6353415250778198,0.542891800403595,0.8209741115570068,0.39136189222335815,0.5632285475730896,0.45425868034362793,0.8010826706886292,0.36637216806411743,0.6355617046356201,0.5558415055274963,0.8355719447135925,0.35794156789779663,0.5888604521751404,0.44473695755004883,0.8304303288459778,0.3343018889427185,0.61161869764328
143,4.766666666666667,0.5087548494338989,0.46916693449020386,-0.45861363410949707,0.9970473051071167,0.5235767364501953,0.4672725200653076,-0.30407625436782837,0.9994802474975586,0.4716154932975769,0.539007842540741,-0.32500454783439636,0.9966583251953125,0.5316410064697266,0.3730272650718689,-0.17407351732254028,0.6840500831604004,0.517012357711792,0.6391279101371765,-0.35595235228538513,0.5477100610733032,0.5434413552284241,0.28833112120628357,-0.1542295515537262,0.6919749975204468,0.5535560846328735,0.5556389689445496,-0.4468291699886322,0.5444667339324951,0.4916013181209564,0.6187273859977722,0.024495596066117287,0.9997631907463074,0.46312302350997925,0.6276978254318237,-0.024580545723438263,0.9996837377548218,0.5243886113166809,0.7480357885360718,0.1574414074420929,0.559885561466217,0.46140503883361816,0.7258825302124023,0.1119181290268898,0.5750821232795715,0.5403163433074951,0.8304765224456787,0.36461275815963745,0.5130288004875183,0.4516851305961609,0.8028602600097656,0.32535791397094727,0.5787778496742249,0.5500068664550781,0.8522541522979736,0.33334872126579285,0.5360336303710938,0.45262956619262695,0.840178906917572,0.2967429757118225,0.5545108914375305
144,4.8,0.49678903818130493,0.46729207038879395,-0.3356291651725769,0.9967676997184753,0.5218849182128906,0.4800451993942261,-0.19500626623630524,0.9994535446166992,0.46855059266090393,0.5377089381217957,-0.22557631134986877,0.9967090487480164,0.5279071927070618,0.4050884544849396,-0.1910364329814911,0.659937858581543,0.5024577379226685,0.6473532915115356,-0.25200608372688293,0.5118072032928467,0.5513246655464172,0.3422867953777313,-0.224535271525383,0.6753701567649841,0.5417207479476929,0.6931450963020325,-0.3237048387527466,0.5034186244010925,0.4925169348716736,0.6531649231910706,0.024083083495497704,0.9996336698532104,0.460277259349823,0.6617692112922668,-0.024168970063328743,0.9995678067207336,0.5287603735923767,0.7433752417564392,-0.05903107672929764,0.5112019181251526,0.4645978808403015,0.6896982192993164,-0.22395284473896027,0.5456847548484802,0.5134025812149048,0.7827205061912537,0.07907205820083618,0.46503886580467224,0.45182275772094727,0.7878377437591553,-0.07780682295560837,0.5263373851776123,0.5170632004737854,0.7848402261734009,0.058162473142147064,0.4873776137828827,0.4624306261539459,0.8273028135299683,-0.09380269050598145,0.5053550004959106
145,4.833333333333333,0.4966062009334564,0.4696956276893616,-0.3794775605201721,0.9969314932823181,0.5192420482635498,0.4728457033634186,-0.18795239925384521,0.9994392395019531,0.46994686126708984,0.543743371963501,-0.24930250644683838,0.9968405365943909,0.5280071496963501,0.38662371039390564,-0.13880187273025513,0.6260637044906616,0.5020803809165955,0.6660988926887512,-0.2578279376029968,0.48203617334365845,0.5527865886688232,0.3189125061035156,-0.14574474096298218,0.6746633648872375,0.536504328250885,0.758534848690033,-0.30882516503334045,0.47339558601379395,0.49203115701675415,0.6449323892593384,0.0284755639731884,0.9994993805885315,0.4619296193122864,0.6625112295150757,-0.02859504520893097,0.9994524121284485,0.5365124940872192,0.7278931736946106,-0.03403562307357788,0.4699246883392334,0.4707973599433899,0.7337019443511963,-0.16943670809268951,0.5190797448158264,0.5173115730285645,0.7250049114227295,0.1207125186920166,0.42180293798446655,0.4520716071128845,0.8044462203979492,0.02322031743824482,0.47762957215309143,0.5235393643379211,0.7169764041900635,0.11913157999515533,0.44284701347351074,0.4627043604850769,0.8411586284637451,0.03319362550973892,0.4581892490386963
146,4.866666666666666,0.4818207621574402,0.46173718571662903,-0.3006342351436615,0.9965596795082092,0.5244101285934448,0.48541259765625,-0.19001902639865875,0.9994128942489624,0.4626692831516266,0.5330334305763245,-0.2073621302843094,0.9969894886016846,0.5434898138046265,0.39668887853622437,-0.30551689863204956,0.6062456369400024,0.4851430058479309,0.6420283913612366,-0.24325379729270935,0.47433561086654663,0.5504511594772339,0.39835625886917114,-0.45208626985549927,0.6277278065681458,0.5188262462615967,0.7296836972236633,-0.28700584173202515,0.44430434703826904,0.4961788058280945,0.700084924697876,0.016658755019307137,0.9994124174118042,0.46089687943458557,0.7072592973709106,-0.01685497723519802,0.9993000030517578,0.5438693165779114,0.7533619999885559,-0.19574323296546936,0.46161532402038574,0.468303918838501,0.7568244934082031,-0.16678622364997864,0.47732460498809814,0.5362120866775513,0.8581647276878357,-0.10743384063243866,0.39345887303352356,0.4553278982639313,0.7975106835365295,0.0903983861207962,0.43039336800575256,0.5436203479766846,0.877292275428772,-0.16522160172462463,0.41283974051475525,0.4628330171108246,0.8311432003974915,0.0979711264371872,0.41309478878974915
147,4.9,0.4808806777000427,0.45616844296455383,-0.27317747473716736,0.9868137836456299,0.52657151222229,0.48595887422561646,-0.16370642185211182,0.9991065859794617,0.46090126037597656,0.529962956905365,-0.1862882673740387,0.9967406392097473,0.5427524447441101,0.4109354615211487,-0.2546541690826416,0.5820876955986023,0.48476821184158325,0.6464728116989136,-0.22703766822814941,0.46231332421302795,0.548202395439148,0.3854820132255554,-0.3569731116294861,0.5866149067878723,0.5187903642654419,0.7366507649421692,-0.2784738838672638,0.4180636703968048,0.4993205964565277,0.7152144312858582,0.014225518330931664,0.999163031578064,0.4607941210269928,0.7135055661201477,-0.014452556148171425,0.9989717602729797,0.5471938848495483,0.7681258320808411,-0.18242469429969788,0.44089844822883606,0.45454534888267517,0.7286888957023621,-0.16660736501216888,0.4379367530345917,0.5383121371269226,0.8632451295852661,-0.05373373627662659,0.3638934791088104,0.43328601121902466,0.7948217391967773,0.041259169578552246,0.38874658942222595,0.5449286103248596,0.8895350098609924,-0.10631724447011948,0.3801991641521454,0.42808714509010315,0.8335533142089844,0.02926749549806118,0.3731829822063446
148,4.933333333333334,0.4793926775455475,0.43024978041648865,-0.4324459433555603,0.9881047010421753,0.541071891784668,0.4471154510974884,-0.27833524346351624,0.9991905689239502,0.46060794591903687,0.5132879018783569,-0.26241186261177063,0.99705570936203,0.5811877846717834,0.5246537327766418,-0.29711994528770447,0.6117427945137024,0.4729096293449402,0.6349737644195557,-0.289558470249176,0.503404438495636,0.5835179090499878,0.6380264163017273,-0.37321990728378296,0.5886675715446472,0.5027786493301392,0.7457656264305115,-0.3825945258140564,0.4589317739009857,0.5240160226821899,0.6539933681488037,0.006917591206729412,0.9991477131843567,0.4773043990135193,0.6974904537200928,-0.007128707133233547,0.9989931583404541,0.5616489052772522,0.6384475827217102,-0.1391926109790802,0.47139573097229004,0.5023292303085327,0.6990484595298767,-0.12770405411720276,0.4519660770893097,0.5629015564918518,0.7939381003379822,-0.03211504966020584,0.3840456008911133,0.5161412358283997,0.7919845581054688,0.07496071606874466,0.3812794089317322,0.5705085396766663,0.8425967693328857,-0.1201656237244606,0.40572571754455566,0.5277404189109802,0.8279004693031311,0.030250441282987595,0.37193065881729126
149,4.966666666666667,0.47843533754348755,0.42440688610076904,-0.5339321494102478,0.9892640113830566,0.5456432104110718,0.4366396963596344,-0.3659997582435608,0.9992673397064209,0.46163344383239746,0.5021618604660034,-0.34883609414100647,0.9973455667495728,0.5887418985366821,0.5338538885116577,-0.3705187439918518,0.6282747983932495,0.46992358565330505,0.6273390650749207,-0.3631349205970764,0.5422061085700989,0.5945917367935181,0.6399559378623962,-0.4377972185611725,0.5705620050430298,0.4968027174472809,0.7471440434455872,-0.4480660557746887,0.4986765682697296,0.5374054312705994,0.5862262845039368,-0.00469857407733798,0.9992074966430664,0.4876425862312317,0.5996083617210388,0.004485268145799637,0.9990736246109009,0.5594820976257324,0.6535106897354126,-0.16804960370063782,0.4722670912742615,0.5000167489051819,0.694112241268158,-0.03566094487905502,0.4204149544239044,0.5678368210792542,0.808502733707428,-0.0971173346042633,0.3876945972442627,0.522685170173645,0.789835512638092,0.14440135657787323,0.3536328077316284,0.5755854845046997,0.8591883182525635,-0.21549828350543976,0.415071576833725,0.5273365378379822,0.8262457251548767,0.055133771151304245,0.3487798273563385
150,5.0,0.48388785123825073,0.407482773065567,-0.5834077000617981,0.9903224110603333,0.5554781556129456,0.4334401488304138,-0.39602038264274597,0.9993396401405334,0.4633079469203949,0.482268363237381,-0.3597428798675537,0.9976065158843994,0.5921381711959839,0.5770130157470703,-0.3982177972793579,0.663804292678833,0.46282529830932617,0.6262626647949219,-0.3895091712474823,0.5827987194061279,0.607391893863678,0.7074912786483765,-0.4693116545677185,0.6069923639297485,0.4768036901950836,0.7614787817001343,-0.4805641174316406,0.5356745719909668,0.5446873903274536,0.602889895439148,-0.01279092114418745,0.9992678165435791,0.4919070303440094,0.610101044178009,0.012543722987174988,0.9991413950920105,0.5569308400154114,0.6737608909606934,-0.32346946001052856,0.4991917014122009,0.49800705909729004,0.7141910791397095,-0.06083180755376816,0.3979237973690033,0.5594582557678223,0.8653930425643921,-0.15705440938472748,0.38319042325019836,0.5140920877456665,0.8466112017631531,0.19062291085720062,0.3274930715560913,0.5653088092803955,0.936733067035675,-0.27972540259361267,0.41806814074516296,0.5114885568618774,0.9110721349716187,0.10905734449625015,0.32531240582466125
151,5.033333333333333,0.48366135358810425,0.4044995903968811,-0.4916144013404846,0.9912844300270081,0.5559641718864441,0.4273332357406616,-0.32016944885253906,0.9994048476219177,0.46412354707717896,0.47305741906166077,-0.29744425415992737,0.9978432059288025,0.5907910466194153,0.5715795159339905,-0.32665950059890747,0.6948282122612,0.46314582228660583,0.6237648725509644,-0.3802463710308075,0.6156362891197205,0.6088284254074097,0.7053380608558655,-0.39294248819351196,0.6404697299003601,0.4744274616241455,0.7640253901481628,-0.4232127070426941,0.567348301410675,0.5515568852424622,0.6121610403060913,-0.014944992959499359,0.9993188381195068,0.4979606568813324,0.6353100538253784,0.01467837579548359,0.999199628829956,0.5560020208358765,0.5971032381057739,-0.35437458753585815,0.5259945392608643,0.503736674785614,0.6859915256500244,-0.16527673602104187,0.3948820233345032,0.5646931529045105,0.8413295149803162,-0.31395065784454346,0.40280064940452576,0.5262070894241333,0.8259801864624023,0.05047859996557236,0.30877944827079773,0.5625585913658142,0.9007477760314941,-0.4511629045009613,0.45580989122390747,0.5244170427322388,0.8859686851501465,-0.023054832592606544,0.31940338015556335
152,5.066666666666666,0.48620691895484924,0.3725479245185852,-0.5353468656539917,0.992154061794281,0.5641387701034546,0.42473432421684265,-0.3682275712490082,0.9994637966156006,0.4645588994026184,0.4648064970970154,-0.3314111530780792,0.9980576634407043,0.5888913869857788,0.5633828639984131,-0.3607240617275238,0.7249550223350525,0.46173304319381714,0.6230633854866028,-0.37319234013557434,0.6518848538398743,0.5995655655860901,0.7116845846176147,-0.402365118265152,0.6722218990325928,0.4714074730873108,0.7508367896080017,-0.46454840898513794,0.6067517399787903,0.5547044277191162,0.6143954992294312,-0.010355033911764622,0.9993769526481628,0.502055823802948,0.6414299607276917,0.010128394700586796,0.999271035194397,0.5629740953445435,0.6714000701904297,-0.28275811672210693,0.5589983463287354,0.5101662278175354,0.7227755784988403,-0.09718678891658783,0.4241761565208435,0.5697932839393616,0.8743525147438049,-0.2662012279033661,0.4020536243915558,0.5246831178665161,0.8774222731590271,0.10499229282140732,0.34581705927848816,0.5810512900352478,0.904229998588562,-0.38383105397224426,0.4956851005554199,0.522135317325592,0.9390209913253784,0.027144301682710648,0.352003276348114
153,5.1,0.4865216612815857,0.3681982159614563,-0.4939098358154297,0.9929376840591431,0.5663400292396545,0.425850510597229,-0.3316933810710907,0.9995169639587402,0.46535784006118774,0.4585079550743103,-0.284014493227005,0.9982510209083557,0.589086651802063,0.5677199959754944,-0.32676100730895996,0.7521979808807373,0.4592619836330414,0.6185561418533325,-0.31210845708847046,0.6844998002052307,0.5984719395637512,0.7204048037528992,-0.34720754623413086,0.7029908895492554,0.46655669808387756,0.7484956383705139,-0.416096031665802,0.6437786221504211,0.5587277412414551,0.6290323734283447,-0.014405320398509502,0.9994268417358398,0.5038899183273315,0.6525620222091675,0.014148496091365814,0.9993333220481873,0.567070484161377,0.7090422511100769,-0.3144611418247223,0.5905853509902954,0.5056332349777222,0.7432773113250732,-0.06119381636381149,0.4432179629802704,0.5699877738952637,0.866797149181366,-0.35355624556541443,0.39918139576911926,0.5192190408706665,0.8809294700622559,0.12279744446277618,0.3647105097770691,0.5788426399230957,0.8896760940551758,-0.47220665216445923,0.5340151786804199,0.5149041414260864,0.937991738319397,0.041333168745040894,0.3708060681819916
154,5.133333333333334,0.510966420173645,0.34249863028526306,-0.35354378819465637,0.9936276078224182,0.5802055597305298,0.4271877706050873,-0.2337099313735962,0.999561607837677,0.4768560826778412,0.42602407932281494,-0.17322805523872375,0.9984233379364014,0.5935498476028442,0.5760722160339355,-0.25194352865219116,0.7747494578361511,0.45928364992141724,0.5718427300453186,-0.16365231573581696,0.7135063409805298,0.5813435316085815,0.703036367893219,-0.3366500735282898,0.7267970442771912,0.46252185106277466,0.700882613658905,-0.24573683738708496,0.6781555414199829,0.5597401857376099,0.6665294170379639,-0.012427026405930519,0.999448835849762,0.5071884393692017,0.6703938245773315,0.012244303710758686,0.9993776082992554,0.5644421577453613,0.8315796852111816,-0.031736552715301514,0.5503064393997192,0.5111852884292603,0.8343076109886169,-0.01756070926785469,0.4159436821937561,0.564863383769989,0.9825792908668518,0.09816734492778778,0.36797723174095154,0.5257468819618225,0.9848633408546448,0.12022724002599716,0.336229532957077,0.5666883587837219,1.0321035385131836,0.00768169155344367,0.49189117550849915,0.5245026350021362,1.0357027053833008,0.02737322822213173,0.3429514467716217
155,5.166666666666667,0.5158544778823853,0.3396187126636505,-0.3449230492115021,0.9942343235015869,0.5822359919548035,0.4290997385978699,-0.21566545963287354,0.9995972514152527,0.4804535508155823,0.423337459564209,-0.15787793695926666,0.9985768795013428,0.595626175403595,0.5750848054885864,-0.24521255493164062,0.7930660247802734,0.45953330397605896,0.5655515789985657,-0.14120037853717804,0.7396054863929749,0.5811606049537659,0.6827242970466614,-0.34168481826782227,0.742894172668457,0.4613913595676422,0.693526566028595,-0.22708530724048615,0.7091048955917358,0.5609557032585144,0.6779974699020386,-0.012080789543688297,0.999422013759613,0.5073898434638977,0.6809635162353516,0.01191425509750843,0.9993940591812134,0.5649009943008423,0.8396567702293396,-0.01500396616756916,0.5091045498847961,0.5127887725830078,0.843474805355072,-0.002874742727726698,0.3883401155471802,0.5649710893630981,1.002115249633789,0.10337519645690918,0.3375815451145172,0.5271548628807068,1.0038673877716064,0.11955753713846207,0.30844929814338684,0.5647773742675781,1.0520658493041992,0.007590743713080883,0.45055514574050903,0.5298580527305603,1.055082082748413,0.02857571840286255,0.3147600293159485
156,5.2,0.5251498818397522,0.33594027161598206,-0.3204549252986908,0.9947759509086609,0.5891985893249512,0.4332631528377533,-0.16977041959762573,0.9996273517608643,0.48422104120254517,0.4244530498981476,-0.12792524695396423,0.9987159967422485,0.5979068279266357,0.5953190326690674,-0.21246111392974854,0.8087816834449768,0.46008411049842834,0.5631231069564819,-0.12250417470932007,0.7637260556221008,0.5746563673019409,0.6935431361198425,-0.3445741832256317,0.7601550817489624,0.4595865309238434,0.6863311529159546,-0.2258823812007904,0.7376466989517212,0.5670113563537598,0.6933999061584473,-0.010019090957939625,0.9993720650672913,0.5112355947494507,0.6942670941352844,0.009849055670201778,0.9994028210639954,0.5702692270278931,0.8426629900932312,-0.04615643620491028,0.4710898697376251,0.519873321056366,0.8427011966705322,-0.059706397354602814,0.3690909743309021,0.5717145800590515,1.013814091682434,0.08659307658672333,0.3089051842689514,0.5322691798210144,1.0108749866485596,0.04006819427013397,0.2835412621498108,0.5635191202163696,1.0712783336639404,-0.009403472766280174,0.41191723942756653,0.5366436839103699,1.0655508041381836,-0.05739375203847885,0.2895714044570923
157,5.233333333333333,0.5298498868942261,0.33491218090057373,-0.2956784665584564,0.9952596426010132,0.5907023549079895,0.438384085893631,-0.15645167231559753,0.9996536374092102,0.485532283782959,0.4255187511444092,-0.10976854711771011,0.9988410472869873,0.5967800617218018,0.603437602519989,-0.19404064118862152,0.8182516694068909,0.4606269299983978,0.5641892552375793,-0.10353118181228638,0.7847000360488892,0.5706930756568909,0.7042273283004761,-0.3158596158027649,0.7611516714096069,0.45883607864379883,0.6843264102935791,-0.2011667937040329,0.7629778385162354,0.5682252645492554,0.6984754800796509,-0.010624748654663563,0.9993271231651306,0.5123435258865356,0.7017301917076111,0.010456493124365807,0.999409019947052,0.5676799416542053,0.8573221564292908,-0.085743248462677,0.43787091970443726,0.5209641456604004,0.8461873531341553,-0.09130293875932693,0.345237672328949,0.5703003406524658,1.0301306247711182,0.02662733569741249,0.28315484523773193,0.5332117080688477,1.0167784690856934,0.016176212579011917,0.2591401934623718,0.562524139881134,1.088404655456543,-0.06922030448913574,0.3772095739841461,0.5384514331817627,1.0699154138565063,-0.07779499143362045,0.2650560438632965
